# center_u,center_v: -0.003029,-0.002027
# center_x,center_y,center_z: 51.988387,-11.273935,45.236370
# circle_radius: 22.901544
# ring_width: 2.290154
# n_rings: 10
idx1,res1,x1,y1,z1,idx2,res2,x2,y2,z2,ring_id,plane_u1,plane_v1,PC3_1,plane_u2,plane_v2,PC3_2,rep_x,rep_y,rep_z,scalar_prod,physical_distance,zernike_distance
6916,TYR_44_A_HH,53.599,-11.418,44.911,2794,LEU_30_C_HD22,53.048,-11.51,39.569,1,-0.2706196399806994,1.6174441871837208,-0.16248832020824586,-0.35899958316025504,1.597476783951005,-5.532853232246506,53.61567131859774,-11.415216404154277,45.07263009791136,0.19034399999999996,5.3711292108829385,3.113383891432139
6673,TYR_44_A_OH,51.574,-13.143,47.076,7216,ASN_45_C_HD22,51.538,-13.209,47.077,1,-1.8222506905208287,-0.7386741823150802,1.7880557864220155,-1.8853352234051695,-0.7794954309192456,1.785416208205446,27.187524953672252,-57.851537584931805,47.753402084618614,-0.851857,0.07518643494673725,2.4669141308305575
2631,LEU_30_A_HD12,51.127,-11.889,45.96,2810,LEU_30_C_HD23,50.819,-11.746,42.913,1,-0.5461021151885764,-0.9755499140939599,0.6334494892922611,-0.4020746847140368,-0.9658806950206037,-2.4290143236324635,51.06329232715221,-11.85942143760638,45.3297490936129,0.33125,3.0658639891554267,1.7718468663264382
2628,LEU_30_A_HD12,50.556,-12.357,46.999,7201,ASN_45_C_HD22,50.345,-12.532,47.04,1,-0.9622011556285156,-1.681329977728489,1.6098316328820603,-1.1204718365652975,-1.9080320755235667,1.6294160759713523,67.9000966888577,2.027914315403473,43.62882007467717,-0.8638159999999999,0.2771768388592369,1.8539377111732454
6670,TYR_44_A_OH,52.214,-12.825,48.055,2803,LEU_30_C_HD23,51.584,-12.755,42.038,1,-1.5464806687119752,-0.17741106255900446,2.8263715406476853,-1.4721952576766975,-0.1960363822220949,-3.2234403386734236,51.91967447283867,-12.792297163648742,45.243957623921105,-0.18186899999999995,6.050296604299663,1.8444633680375415
2685,LEU_30_A_HD21,53.203,-9.183,50.099,2526,LEU_30_C_HB2,52.663,-9.273,44.885,1,2.0249890004191684,0.8758064381582963,4.960746929059733,1.938689210375229,0.8541168194165212,-0.2811590131217189,52.691963867104896,-9.26817268881585,45.16466222793509,0.496362,5.242661156321281,2.4220358377834272
6932,TYR_44_A_HH,52.12,-12.899,45.254,6964,TYR_44_C_HH,52.093,-12.729,45.257,1,-1.6332250707700122,0.003535126055625449,0.03000838727553351,-1.4616545941796186,-0.010658013224487934,0.030363858680934788,54.399301356249964,-27.250156687503033,45.00074429374993,-0.926446,0.172156905176643,2.7579987931236807
2372,LEU_30_A_CD2,51.194,-9.669,51.074,2511,LEU_30_C_HB2,50.61,-9.778,44.496,1,1.6990607559305926,-1.2515891862952122,5.729421526337843,1.5873717407183678,-1.1821105280776572,-0.8740411471337928,50.68729884382882,-9.763572647299073,45.36667088134587,0.970669,6.604772592603015,3.242384296076753
6679,TYR_44_A_OH,51.732,-13.495,47.172,7215,ASN_45_C_HD22,51.798,-13.457,47.181,1,-2.1844793546958954,-0.6182089918974482,1.8992427134754655,-2.1515077435135037,-0.5507472526263506,1.9148243241289207,43.6872591912834,-18.12682046562434,46.07498988972046,-0.9332739999999999,0.07668767828015281,2.512249284410067
7175,ASN_45_A_HD22,52.624,-13.052,42.832,6697,TYR_44_C_OH,52.834,-13.003,43.583,1,-1.8411807019207382,0.7339056059846626,-2.3294030684737432,-1.8028008950068648,0.8709395976116318,-1.5611253351246437,53.26071589471566,-12.903432957899682,45.109017318721214,-0.904565,0.7813462740680325,1.971774319566329
6936,TYR_44_A_HH,52.322,-10.715,45.761,2427,LEU_30_C_CD2,51.657,-10.757,39.368,1,0.532862231782056,0.31893268082702453,0.5556500714739342,0.49542079015941987,0.29465123957010325,-5.8718258366924845,52.26451129015347,-10.718630865885045,45.20833034278362,0.852031,6.427630823250509,2.7172539193448673
7158,ASN_45_A_HD22,53.679,-12.427,43.345,2667,LEU_30_C_HD12,53.587,-12.03,43.235,1,-1.2939663532715204,1.7767280458229164,-1.7130453674573605,-0.8919509196245928,1.7265531666774419,-1.831531960000186,55.00910976536533,-18.166712791848287,44.93534863250204,-0.924208,0.42210543706519565,1.8083992485796019
2644,LEU_30_A_HD12,50.22,-11.482,45.883,6972,TYR_44_C_HH,50.283,-11.492,45.434,1,-0.07234206511620614,-1.8368268430361043,0.466175861282883,-0.09028494800815196,-1.7302282800210853,0.025738806396871095,50.286681672068724,-11.492584392391862,45.407760781605475,-0.77003,0.45350854457221085,1.892939570450409
2349,LEU_30_A_CD2,51.233,-12.129,50.193,2822,LEU_30_C_HD23,50.537,-12.18,42.128,1,-0.7631062758562677,-1.3114605479264752,4.85567618149285,-0.819152591466561,-1.200149145211789,-3.2385013914377176,50.81547140097083,-12.15959476803231,45.35482736900826,-0.53494,8.09513693522228,2.780226348160479
2493,LEU_30_A_HB2,53.517,-9.733,45.943,2430,LEU_30_C_CD2,52.891,-9.688,39.368,1,1.4231075526150339,1.56079198947213,0.8568505466835303,1.468167684775882,1.59998247539193,-5.747765997091209,53.435785831294105,-9.727161920779928,45.0899917584005,0.927255,6.604886524384802,3.679594996316044
6917,TYR_44_A_HH,52.974,-12.127,44.722,6691,TYR_44_C_OH,52.769,-12.099,42.361,1,-0.9317396579049531,0.962487972168947,-0.4134458431346525,-0.9052463343870313,0.9970913180358032,-2.7830936465568854,53.00976750845429,-12.131885318227905,45.133937012002875,-0.36666000000000004,2.370048522710035,2.0945153205910367
2712,LEU_30_A_HD21,52.276,-9.086,50.962,2542,LEU_30_C_HB2,51.756,-9.16,45.118,1,2.1978824423098535,-0.12272869599453473,5.726607519254574,2.121515670523722,-0.06042658863095455,-0.1401205776990469,51.76841964843084,-9.158232588492533,45.25757774121123,0.516223,5.867555879580527,2.6748255163159858
2369,LEU_30_A_CD2,51.747,-10.785,51.214,2808,LEU_30_C_HD23,50.819,-10.846,42.913,1,0.5455229578257698,-0.8015830710635907,5.923612269159479,0.4953330131655597,-0.8976218689785788,-2.428618781209644,51.08883906639687,-10.828262733782102,45.326722079914234,-0.180393,8.352933975556136,3.1061520885922107
6671,TYR_44_A_OH,51.558,-12.959,46.146,6874,TYR_44_C_HE2,51.158,-13.034,41.928,1,-1.6442313553322832,-0.6476869023803364,0.8612103671696436,-1.7190138152710661,-0.6288435765378233,-3.3756754600337198,51.47669402176097,-12.974244870919819,45.288628459469415,-0.13794899999999993,4.237587639211728,1.9378752053212047
2396,LEU_30_A_CD2,53.436,-10.419,49.362,2520,LEU_30_C_HB2,52.781,-10.349,44.479,1,0.7696793690887113,1.086849620888213,4.250245342494148,0.853971830956875,0.9301366080385451,-0.6737723069945103,52.87062617368507,-10.358578369706802,45.14715970397585,-0.228,4.92723188007222,1.926979997262007
2773,LEU_30_A_HD23,52.706,-12.164,49.238,6962,TYR_44_C_HH,52.304,-11.966,44.925,1,-0.9160631249865397,0.24265569807087495,4.052989507733245,-0.7191611025397373,0.2897103716151385,-0.2784989721376209,52.32984713945786,-11.978730680628498,45.202310230054074,0.38629,4.3362168995565735,2.8564921323652044
6834,TYR_44_A_HE1,52.595,-13.361,43.654,6713,TYR_44_C_OH,52.669,-13.337,44.355,1,-2.141215515911278,0.5995823644412055,-1.5145764751577635,-2.117852924816457,0.604789224550908,-0.8096792642502973,52.75400000372733,-13.309432431223566,45.16020273801163,-0.832797,0.7053034807797212,2.409479299175189
5685,ILE_41_A_CG2,54.051,-11.857,43.743,2683,LEU_30_C_HD12,53.997,-11.903,43.228,1,-0.7508465938858583,2.149261215288006,-1.2795387762581514,-0.7963241766476375,2.1436467055741564,-1.7973778118153596,54.18442967442305,-11.743337684750738,45.01552374681235,-0.6202740000000001,0.5198624818161057,1.6166395250265926
2640,LEU_30_A_HD12,50.201,-12.217,47.536,5701,ILE_41_C_CG2,50.19,-12.364,46.641,1,-0.7919549761420777,-2.076554050557548,2.108638379655476,-0.9441091792837476,-2.0092067900986774,1.216972273439133,50.17498687466698,-12.564629947632156,45.419477529722585,-0.5564969999999999,0.9070584325168946,2.279969426703446
7156,ASN_45_A_HD22,53.834,-12.259,43.743,2668,LEU_30_C_HD12,53.645,-12.019,43.676,1,-1.135303963316894,1.9034859541502698,-1.3014488676054263,-0.8822043858332762,1.7408740814417896,-1.38693560769917,56.7113332063861,-15.912756452553776,44.76300700967126,-0.885031,0.3127459032505464,1.5733418320523243
2782,LEU_30_A_HD23,53.308,-11.166,49.283,2429,LEU_30_C_CD2,52.468,-11.127,39.368,1,0.03393007089054391,0.9110976272716289,4.158494555354744,0.06525139644133235,1.071184690556527,-5.790763563054617,52.95690493492831,-11.149699157693101,45.138824321207366,0.027091999999999977,9.950595258576241,1.797805602649234
5794,ILE_41_A_HG22,54.237,-10.681,45.712,2328,LEU_30_C_CD1,54.067,-10.739,44.663,1,0.42182005751010193,2.2262833449023183,0.6987062834484229,0.36931227413603146,2.1580206906595945,-0.3620708574821756,54.12502542626246,-10.719203089863397,45.021051012643056,0.881543,1.0642673536287837,1.849133870938988
2333,LEU_30_A_CD1,50.09,-10.686,45.651,6931,TYR_44_C_HH,49.94,-10.636,44.485,1,0.7295198143578774,-1.8822525766915217,0.22267220839825988,0.7823531240992122,-1.9107939672765881,-0.9524660942730717,50.06157710612971,-10.676525702043236,45.43005937164829,0.8328419999999999,1.176671576949155,1.8868310949386462
2705,LEU_30_A_HD21,52.576,-9.849,51.171,2530,LEU_30_C_HB2,51.803,-9.694,44.819,1,1.415924864398628,0.09615501610787791,5.964267501000498,1.583364170469455,-0.024428281112125715,-0.43314461228515755,51.855336910514346,-9.70449446459214,45.24906992960819,0.7736899999999999,6.400738863600043,3.190216230602803
2392,LEU_30_A_CD2,51.883,-12.239,49.785,2399,LEU_30_C_CD2,51.006,-12.28,41.238,1,-0.9247894087614066,-0.6341777714726391,4.514779415223396,-0.960649103697365,-0.653527381793102,-4.0770980673097155,51.422162243037064,-12.260544296505678,45.29380238453567,0.11798100000000006,8.591974103778476,1.7619390864830442
2377,LEU_30_A_CD2,51.989,-11.513,50.847,2394,LEU_30_C_CD2,50.909,-11.562,40.853,1,-0.2012802455661182,-0.5800451652486452,5.582374915268174,-0.2401497216924593,-0.656844985690318,-4.469561612158061,51.38921856564256,-11.54021230581807,45.29680031947386,-0.13309600000000005,10.052305059039941,2.0142096031170516
6887,TYR_44_A_HH,51.796,-12.666,45.694,6967,TYR_44_C_HH,51.638,-12.741,45.725,1,-1.3732819563239467,-0.3441901727778293,0.43544851084899855,-1.435914072339533,-0.5097275184577038,0.45043534602764995,56.386753410843426,-10.486844899916132,44.793282558632036,-0.819239,0.17762319668331672,2.4461583140676786
6684,TYR_44_A_OH,51.667,-13.269,46.008,7241,ASN_45_C_HD22,51.875,-13.113,47.8,1,-1.9625566480908192,-0.5492730448250368,0.7346847941368464,-1.8098804946423852,-0.5101025860289354,2.538574942490086,51.582286173429154,-13.332535369928141,45.27815780185113,-0.552612,1.81076337493334,2.475355234206522
2535,LEU_30_A_HB3,53.413,-10.022,47.254,2319,LEU_30_C_CD1,53.088,-10.009,44.669,1,1.1521792853770536,1.3047274342304684,2.1507156159857033,1.17117266344965,1.241518098809532,-0.45383095328600737,53.14462984166153,-10.011265193666462,45.11942504829252,-0.273366,2.605382697417023,2.370373840130045
2364,LEU_30_A_CD2,51.536,-10.419,51.262,2391,LEU_30_C_CD2,50.503,-10.448,41.599,1,0.9267441350864897,-0.9879533209692826,5.950399280154365,0.9066382354229531,-1.0496739131350132,-3.767485537093756,50.90347938754227,-10.436757113031243,45.34520747514129,0.109,9.718101615027498,2.265349720399468
6921,TYR_44_A_HH,53.507,-12.424,44.125,2670,LEU_30_C_HD12,53.273,-12.273,43.507,1,-1.2724032365720124,1.5283929014229547,-0.9541924910352854,-1.108594697661891,1.3694305427206854,-1.5924547655713437,53.8568264769989,-12.649742726610404,45.048900695663775,-0.877384,0.677850278453878,1.702516645404554
6937,TYR_44_A_HH,51.921,-11.832,45.452,6976,TYR_44_C_HH,51.784,-11.824,45.318,1,-0.5528550813261327,-0.1327486529388605,0.2075511074642516,-0.5354932801940185,-0.254673573175876,0.06050729873145741,51.72762564464531,-11.820708066840602,45.26286011958008,-0.6461210000000002,0.19180458805774234,1.619353143870991
2625,LEU_30_A_HD12,50.935,-12.501,46.73,7231,ASN_45_C_HD22,51.17,-12.551,49.0,1,-1.136329077879975,-1.2893716596929476,1.38007928008639,-1.1876757623066574,-1.2867896877006801,3.662179595896156,50.7928859007321,-12.470762957602572,45.357238275156845,-0.8828419999999999,2.282679346732697,1.9186319427138203
7155,ASN_45_A_HD22,53.498,-12.568,43.743,2670,LEU_30_C_HD12,53.273,-12.273,43.507,1,-1.418044026367956,1.5467038656735657,-1.3352364109917978,-1.108594697661891,1.3694305427206854,-1.5924547655713437,54.66598893673134,-14.099363272603345,44.9680906180827,-0.969259,0.4397112689026737,1.6812331470298423
2628,LEU_30_A_HD12,50.556,-12.357,46.999,7203,ASN_45_C_HD22,50.525,-12.673,46.641,1,-0.9622011556285156,-1.681329977728489,1.6098316328820603,-1.277513563082563,-1.7002878650226276,1.250388057038954,50.41716101671233,-13.772261894158259,45.39563367687133,-0.920333,0.4785195920753959,1.9653157394095442
6884,TYR_44_A_HH,52.038,-11.136,45.789,2424,LEU_30_C_CD2,51.513,-11.149,39.595,1,0.13471894945621588,0.0024483454547984257,0.554880524328218,0.11704801539193649,0.09938091389602244,-5.660561681602485,51.991130885040754,-11.137160568560894,45.236033717985585,0.7101409999999999,6.216223129843396,2.541430076999357
6833,TYR_44_A_HE1,52.779,-13.166,43.417,6716,TYR_44_C_OH,52.784,-13.331,43.574,1,-1.9623671424994387,0.820594692563329,-1.7318707690220545,-2.1261452999451076,0.7973569933556705,-1.5752319345038077,52.83428229236214,-14.990315647952235,45.1528639801727,-0.792748,0.22781352023090853,2.204969482865312
2508,LEU_30_A_HB2,51.016,-9.446,45.56,2741,LEU_30_C_HD21,50.449,-9.523,40.459,1,1.89537836788669,-0.860429060887422,0.2254173337952199,1.8248888640788878,-0.9192080485175353,-4.9067552334969315,50.991095999484415,-9.449382024761375,45.33595184015878,0.439986,5.1329931813708845,2.3971245959618868
7190,ASN_45_A_HD22,52.985,-12.242,42.151,2671,LEU_30_C_HD12,53.253,-12.198,43.891,1,-1.0656472704741864,1.221518691272552,-2.970467320920216,-1.0295511796297865,1.3169156217117601,-1.2123556925278343,53.43780699424903,-12.167658553182996,45.09086630594517,-0.767992,1.761067857863513,1.8014824841017705
2734,LEU_30_A_HD22,50.413,-10.991,51.09,5824,ILE_41_C_HG23,49.8,-11.132,45.646,1,0.43995306636701703,-2.1282845238317254,5.666539802255076,0.30666529550617444,-2.203288950689402,0.18845667892710544,49.77891161167482,-11.136850673334177,45.458715846586884,-0.13362200000000002,5.480217696405867,3.5978546313689512
2365,LEU_30_A_CD2,51.959,-10.419,51.214,6946,TYR_44_C_HH,51.212,-10.513,44.502,1,0.8944615478121698,-0.5634986772264935,5.945005768862106,0.8090773194290909,-0.6412087114122276,-0.8081016406294865,51.30138876415646,-10.501751614684462,45.305182576998796,0.884181,6.754094239792628,3.566256484061305
2692,LEU_30_A_HD21,52.592,-10.542,50.966,2381,LEU_30_C_CD2,51.353,-10.613,39.462,1,0.7222450516236163,0.07994859847768032,5.7615961676155845,0.6626327902168113,-0.005417092684115721,-5.808682008688666,51.975021087056014,-10.57735553092738,45.2374080593159,-0.7697229999999999,11.570746648336915,1.0745855438574194
2709,LEU_30_A_HD21,52.906,-10.066,50.962,2521,LEU_30_C_HB2,52.34,-10.205,44.479,1,1.1731365839961587,0.42796982338895684,5.7892738309200364,1.0308550737200826,0.5035406625647941,-0.7178769295971874,52.40244182086842,-10.189665347878602,45.19421258779144,0.836781,6.509144797897805,2.898183821373534
2362,LEU_30_A_CD2,50.566,-12.024,48.95,6919,TYR_44_C_HH,50.006,-11.961,44.167,1,-0.6169462585827838,-1.841055540551045,3.5521696056990884,-0.5460906780847673,-1.9140395541161144,-1.2628393060762826,50.15287200467547,-11.97752310052599,45.421444282790695,-0.291914,4.816083263399836,3.5927135902368845
2373,LEU_30_A_CD2,50.842,-9.973,51.074,2583,LEU_30_C_HB3,50.024,-9.911,42.477,1,1.4225143823068411,-1.6238657047003608,5.694033716576621,1.4845451782321601,-1.5718744685125747,-2.9416380055140565,50.30264188982024,-9.932119556441142,45.40546494716937,-0.06629399999999999,8.636051007260207,2.789539367385556
2760,LEU_30_A_HD23,53.262,-11.61,47.869,2675,LEU_30_C_HD12,52.885,-11.518,44.544,1,-0.41544199883178684,0.9730432988352062,2.7468021395898887,-0.31904825061641495,0.9381612586343931,-0.5991968873938972,52.95251263964088,-11.534475233015813,45.13943641062581,0.06439599999999998,3.3475689686696555,2.359000637891251
6897,TYR_44_A_HH,53.38,-10.447,46.473,2432,LEU_30_C_CD2,52.774,-10.311,39.228,1,0.7253031776587747,1.3177755876098236,1.3701507344078308,0.8547939040125411,1.4506419830006245,-5.899053876329455,53.2657768642494,-10.421365764914054,45.10741152060543,-0.20526299999999995,7.271571838330415,3.462047019411321
2370,LEU_30_A_CD2,51.653,-11.235,51.074,2407,LEU_30_C_CD2,50.728,-11.203,40.657,1,0.1029142480236458,-0.9149843346355953,5.774703963724316,0.13007941387684055,-0.7896077700634875,-4.682546189677405,51.142196386422164,-11.217328956070821,45.321522980929366,-0.05224100000000004,10.458037005098042,1.9988737159224392
7195,ASN_45_A_HD22,52.601,-12.498,41.735,6696,TYR_44_C_OH,52.913,-12.442,44.119,1,-1.294894266436665,0.8626932100985791,-3.4229472529641125,-1.2455439680615439,0.9383180231167069,-1.0196617027836392,53.04537480300441,-12.418240419973568,45.130479263982444,-0.849294,2.4049814968103185,2.2942058854967784
2640,LEU_30_A_HD12,50.201,-12.217,47.536,7227,ASN_45_C_HD22,50.367,-12.424,47.766,1,-0.7919549761420777,-2.076554050557548,2.108638379655476,-1.0092458982695474,-1.95054120735699,2.3540164930020064,48.77449147302117,-10.438161053707102,45.5595122818968,-0.9519190000000001,0.3511481168965556,2.0389103451566886
5793,ILE_41_A_HG22,54.019,-10.236,45.877,2325,LEU_30_C_CD1,53.739,-10.289,44.803,1,0.8831799448580833,2.0272718356009944,0.8412386429737846,0.8437843868525416,1.8527545507751726,-0.2554275356359448,53.80421557003675,-10.276655624243043,45.05314829364098,0.8328419999999999,1.111163804306103,2.0037534012866103
6654,TYR_44_A_OH,51.278,-12.281,47.686,7239,ASN_45_C_HD22,51.391,-12.472,48.192,1,-0.9360162713836324,-1.0278980446230843,2.3657218766577124,-1.1313753247658072,-0.9808252025755658,2.8804110914302683,50.75860584059361,-11.403085978348514,45.36021730389709,-0.9656349999999999,0.5525269224209801,2.2181850077356597
6658,TYR_44_A_OH,52.65,-12.969,48.088,6952,TYR_44_C_HH,52.319,-13.094,44.856,1,-1.7227501039218784,0.24092771166952054,2.9028094644012588,-1.8455387073759382,0.22593386248155142,-0.3461454665493576,52.35426492421805,-13.080682430431251,45.200339078769616,0.42460299999999995,3.251308967169991,3.0426196902707505
6889,TYR_44_A_HH,52.72,-10.837,45.769,2434,LEU_30_C_CD2,52.14,-10.677,39.228,1,0.3812196462580472,0.7037375631822992,0.6034175161526454,0.5377187169405249,0.7938901857071075,-5.962712359621012,52.6666988673709,-10.82229623927473,45.167891881850046,0.7022359999999999,6.568613323982464,2.967688453600448
2776,LEU_30_A_HD23,52.308,-12.544,48.439,6965,TYR_44_C_HH,51.864,-12.511,45.471,1,-1.2706381489604055,-0.10120257161396484,3.217978703765247,-1.2254594693569163,-0.24269408281725668,0.22044838045461884,51.83134675870976,-12.508573069904104,45.252723378041864,0.18732200000000004,3.0012079234868123,3.043183047473331
6675,TYR_44_A_OH,51.284,-12.801,46.875,7204,ASN_45_C_HD22,50.943,-12.856,46.641,1,-1.460778268447852,-0.9803660174316566,1.559172093427784,-1.4915478417893582,-1.2994681676019204,1.2921719977103896,49.29269852712851,-13.122177656914754,45.50853505967176,-0.791714,0.4172073824850197,2.3193386067119404
2683,LEU_30_A_HD21,53.292,-9.58,49.697,2321,LEU_30_C_CD1,52.886,-9.62,44.741,1,1.6195341780857613,0.974153141383826,4.569507471679408,1.5748198810754404,1.0634235980737607,-0.4022531236434673,52.91884847793212,-9.616763696755456,45.14197797199898,-0.14099899999999999,4.972763014662978,2.215479585321151
2348,LEU_30_A_CD2,50.971,-12.204,49.811,6923,TYR_44_C_HH,50.575,-12.299,45.923,1,-0.8208428682049682,-1.5389184285161377,4.449323627099971,-0.9135069533788492,-1.5505901239300657,0.5411703370094919,50.52016503382835,-12.312154852995727,45.384620332132826,-0.5631790000000001,3.909269113274242,3.460224577495626
2511,LEU_30_A_HB2,51.128,-10.065,45.828,2385,LEU_30_C_CD2,50.476,-10.113,40.695,1,1.2716235304889407,-0.8230332958519267,0.5030149915308679,1.2362393618349399,-0.9607448165333319,-4.669497018864112,51.06459448758765,-10.069667890484343,45.328827461330384,-0.19667,5.174465866154692,2.210356317994123
5819,ILE_41_A_HG22,53.995,-11.16,44.672,2797,LEU_30_C_HD22,53.363,-11.102,39.36,1,-0.04497425481300037,2.0537602351018935,-0.36051222402187666,0.022544512043088175,1.9618120109843808,-5.709074529932115,54.03759905981277,-11.163909407387882,45.0300477938694,0.20938899999999996,5.3497786870112645,3.3377923737959456
2707,LEU_30_A_HD21,51.961,-9.494,51.171,2536,LEU_30_C_HB2,51.237,-9.392,44.782,1,1.8163383471065113,-0.48706392302791707,5.902828816940175,1.9269656129859136,-0.5593576151600748,-0.5265130024159862,51.29628995913727,-9.40035300529282,45.30520932172379,0.746725,6.4306998841494725,3.0988228346251097
2769,LEU_30_A_HD23,53.561,-11.947,48.077,2367,LEU_30_C_CD2,52.949,-11.958,41.963,1,-0.7725582540247655,1.223343984442274,2.9835542189082638,-0.7810931555964854,1.2261233953333561,-3.1610027570119885,53.26383696788435,-11.952341165609921,45.10828304190341,-0.24484499999999992,6.144563532098921,2.526428630155905
6920,TYR_44_A_HH,53.707,-11.838,44.461,2368,LEU_30_C_CD2,53.474,-11.776,41.607,1,-0.7007865014471661,1.737691589806812,-0.599593608964277,-0.6418068162045247,1.7963447799859753,-3.4625519041565918,53.755797536144094,-11.85098475210701,45.05871745989373,-0.6705769999999999,2.8641663708660494,3.390097394740443
2340,LEU_30_A_CD2,53.075,-11.547,49.611,6961,TYR_44_C_HH,52.449,-11.57,44.706,1,-0.3260312236010654,0.6182746539766217,4.461341996781268,-0.3368180750314838,0.4854769831287672,-0.481701440459958,52.510003935238785,-11.567758641357042,45.18399409320481,0.47427600000000003,4.944838723355894,2.569795261032407
2353,LEU_30_A_CD2,50.969,-10.78,51.166,6942,TYR_44_C_HH,50.281,-10.726,44.667,1,0.6089083074990117,-1.5682647366233264,5.797936013878901,0.6681680275610263,-1.597494340192309,-0.7372682611115395,50.35861663481368,-10.732092003313864,45.40018388031121,0.776828,6.535538309886948,3.4146665081646494
6890,TYR_44_A_HH,53.188,-10.837,45.769,2435,LEU_30_C_CD2,52.562,-10.677,39.228,1,0.3458829814146068,1.168041697821179,0.6502895832607496,0.505855314026141,1.2125575891635272,-5.92044737603208,53.126046328495086,-10.821165195781491,45.12165341004209,0.7022359999999999,6.572834776563303,3.457735892490396
6677,TYR_44_A_OH,52.307,-13.48,47.768,6851,TYR_44_C_HE1,52.066,-13.544,45.573,1,-2.2086709904104334,-0.10615182816200855,2.5498410733171424,-2.2700059156351546,-0.1308249374718733,0.3417126203903965,52.028704732414944,-13.553904137449974,45.23331903589541,-0.391688,2.209117923516081,2.8139159185612215
6675,TYR_44_A_OH,51.284,-12.801,46.875,6848,TYR_44_C_HE1,51.225,-12.941,46.562,1,-1.460778268447852,-0.9803660174316566,1.559172093427784,-1.5981612567989336,-1.0182498332726764,1.241775289711912,50.994169880618635,-13.488732486667681,45.337426654807246,-0.959646,0.347922405142298,2.336624524214752
2772,LEU_30_A_HD23,52.908,-12.369,48.931,2815,LEU_30_C_HD23,52.038,-12.346,41.602,1,-1.137922917847273,0.45818153026532943,3.767674159445283,-1.1017746479807884,0.32895398846813945,-3.611598402604905,52.46379950582464,-12.35725676854479,45.18899376803305,0.560007,7.380492530990057,1.5188382213542209
2711,LEU_30_A_HD21,52.671,-9.266,50.962,2543,LEU_30_C_HB2,52.166,-9.16,45.118,1,1.988576153560519,0.25550016525508235,5.766089236641165,2.0905583359386575,0.34633558060395514,-0.09905744198468269,52.17452902935651,-9.161790251706515,45.216700292196975,0.6481750000000001,5.86673648632696,2.9674208879629003
6656,TYR_44_A_OH,52.945,-12.773,48.349,6699,TYR_44_C_OH,52.622,-12.682,44.425,1,-1.5477200767339856,0.5223897485969691,3.1921286849021717,-1.4606895790154781,0.600844738488499,-0.744450605170364,52.68308286604983,-12.699209104676576,45.16707172253723,0.08569200000000005,3.9383227394412454,2.6062201649770347
2371,LEU_30_A_CD2,52.076,-11.042,51.074,6958,TYR_44_C_HH,51.539,-11.074,44.791,1,0.26341943462710915,-0.48068710229836636,5.81715392317791,0.2270720577440273,-0.3882098037462711,-0.48805097574855094,51.58056619462464,-11.07152305730356,45.27733221755414,0.662483,6.305987789395093,3.495168305678767
2500,LEU_30_A_HB2,52.064,-10.026,45.758,2758,LEU_30_C_HD21,51.435,-10.212,39.262,1,1.2393366696558468,0.11552576464639755,0.5271282363155748,1.0548543142474325,0.12632817963230858,-5.999287515716583,52.01319666885468,-10.041022924631205,45.23332839567572,0.967322,6.529031551463052,2.6287975536068138
6653,TYR_44_A_OH,51.652,-12.563,47.686,6877,TYR_44_C_HE2,51.007,-12.681,41.47,1,-1.2454431463163473,-0.6782393435458658,2.40305553212256,-1.3589084812285586,-0.7061248757004668,-3.8463406799022253,51.40398070891446,-12.60837407185751,45.29578618079423,-0.23631500000000005,6.2504883809187275,1.770959419426681
2267,LEU_30_A_CD1,50.725,-10.245,45.776,2573,LEU_30_C_HB3,50.361,-10.19,42.61,1,1.1221984670846727,-1.2313077781119102,0.4108352889821403,1.1818556492776704,-1.27198257017317,-2.7756774729417146,50.678069685778,-10.23790888109283,45.367809409816346,-0.12961199999999995,3.1873307013863537,2.281895395000395
2710,LEU_30_A_HD21,52.906,-9.632,50.962,2759,LEU_30_C_HD21,51.845,-9.502,39.262,1,1.6058865183069873,0.4608857461692224,5.789464570266151,1.731851941322937,0.5869389783003711,-5.957912340979772,52.38310693583246,-9.567932046803223,45.195884212290096,-0.560957,11.748728484393537,1.5729226265166056
6669,TYR_44_A_OH,52.047,-13.144,47.717,6859,TYR_44_C_HE1,51.963,-13.281,45.712,1,-1.854372461315912,-0.33352044104813394,2.4732051407808893,-1.9989911212916749,-0.22695070419516666,0.4698134331076528,51.94330124202377,-13.313127736223139,45.24180940782926,-0.49367599999999995,2.011429839691154,3.0094586133388015
2636,LEU_30_A_HD12,49.839,-11.529,46.006,5820,ILE_41_C_HG23,49.94,-11.445,45.825,1,-0.08955834330175153,-2.2306701968273206,0.5503780728923432,-0.014722321573809281,-2.106015320956162,0.3804406380126799,50.16610971188596,-11.256948358431476,45.41979348662021,-0.768626,0.22364704335179308,1.8123476709243018
2626,LEU_30_A_HD12,51.004,-12.498,47.124,6922,TYR_44_C_HH,50.935,-12.737,46.259,1,-1.1357265827319727,-1.260049119941243,1.7790101333205188,-1.3750216655657084,-1.2602183546672316,0.9113438180292045,50.86252660517552,-12.988031034247138,45.350456717055344,-0.694167,0.9000594424814414,2.092695861786832
2337,LEU_30_A_CD2,53.206,-12.134,49.093,6954,TYR_44_C_HH,52.74,-12.179,44.39,1,-0.9249405780818601,0.7554677291687799,3.958808768790611,-0.9682986587993496,0.7595584288228749,-0.7672353849401672,52.81565136459842,-12.171694610714745,45.15349435130123,0.9614879999999999,4.72624480957134,2.4759734477802433
7157,ASN_45_A_HD22,53.297,-12.676,43.345,6695,TYR_44_C_OH,53.005,-12.581,43.753,1,-1.5134059745348882,1.3788598145665607,-1.7514136248680496,-1.39371067508576,1.0556122119537399,-1.3746683227143992,51.939550350228686,-12.234363983807267,45.24171046954352,-0.769168,0.5106397947673075,1.940670990488385
2747,LEU_30_A_HD22,51.054,-12.004,50.562,6947,TYR_44_C_HH,50.479,-11.857,43.667,1,-0.6223087688282243,-1.5164291849197569,5.20494816700529,-0.48168441241279997,-1.3869378703766304,-1.7129066876328582,50.62137380894578,-11.893398173765268,45.3742476742281,-0.760965,6.920495574740291,3.9108919301196114
5685,ILE_41_A_CG2,54.051,-11.857,43.743,2682,LEU_30_C_HD12,53.997,-11.903,43.644,1,-0.7508465938858583,2.149261215288006,-1.2795387762581514,-0.7933456282104802,2.102088847807867,-1.38346952160232,54.71581861252061,-11.290673033778749,44.96183412295445,-0.66969,0.12179080425057169,1.4798884619778812
2477,LEU_30_A_HB2,51.66,-9.972,45.789,2531,LEU_30_C_HB2,51.505,-9.985,44.621,1,1.3239073910873744,-0.28428511750840346,0.5175338844795447,1.314285370503276,-0.3223653427822558,-0.6601228198120619,51.59188358559672,-9.977712989595112,45.27570985791593,-0.553601,1.1783115038053378,1.7391502857391272
2330,LEU_30_A_CD1,50.302,-10.32,45.651,2565,LEU_30_C_HB3,50.035,-10.294,44.224,1,1.0784584043442778,-1.6441681828544317,0.24406570810088568,1.1143262556075875,-1.7645322826598506,-1.2024888123800415,50.2569512008429,-10.315613225550246,45.41023357154615,0.525787,1.451996556469753,2.7468961367181297
7200,ASN_45_A_HD22,52.501,-12.883,41.343,6698,TYR_44_C_OH,52.81,-12.912,44.051,1,-1.6740414768895224,0.7734436050503563,-3.823160821955157,-1.706900001904155,0.8072782649257846,-1.0978422106502381,52.9344747097399,-12.923682092499863,45.141865741021505,-0.941068,2.725726692095155,2.189508023347452
2693,LEU_30_A_HD21,52.237,-10.373,51.154,2532,LEU_30_C_HB2,51.669,-10.38,44.616,1,0.9189088710756228,-0.2782113781928256,5.913170483480543,0.908004369405514,-0.18911902192397237,-0.6488460239581472,51.725163306079835,-10.379307846580003,45.262471294278136,0.960615,6.562630341562753,3.361965629810792
2636,LEU_30_A_HD12,49.839,-11.529,46.006,5717,ILE_41_C_CG2,49.936,-11.603,46.099,1,-0.08955834330175153,-2.2306701968273206,0.5503780728923432,-0.1700033733743646,-2.149339191346388,0.6525928696884842,49.316701127978234,-11.130545190416393,45.505239225793595,-0.6657109999999999,0.15340795285773018,1.7236660897780582
2363,LEU_30_A_CD2,50.221,-11.913,48.784,5727,ILE_41_C_CG2,49.95,-11.817,46.5,1,-0.4814050667623616,-2.1583292522463755,3.3524999355261427,-0.38157291240029895,-2.191739560709269,1.052884686784772,49.825921961173805,-11.773046155987764,45.45426479454221,-0.553676,2.3020236749434164,2.875133666586751
2554,LEU_30_A_HB3,53.583,-9.43,48.555,2322,LEU_30_C_CD1,53.082,-9.29,44.76,1,1.7389532824886023,1.3883158537266251,3.462460351991866,1.8892062937243053,1.2810059180059743,-0.3635734442925119,53.129608125094826,-9.30330366769117,45.12062442062849,0.655026,3.830486392091742,2.5061173677690665
2368,LEU_30_A_CD2,51.325,-10.785,51.214,2403,LEU_30_C_CD2,50.506,-10.766,41.08,1,0.5773863607401536,-1.2202504745200105,5.8813472855705475,0.5856116395155911,-1.0189682996031764,-4.283715224362672,50.85113932062146,-10.774006895105993,45.35062500021719,0.153908,10.167058473324525,2.007428192981693
6885,TYR_44_A_HH,52.134,-11.478,45.528,6963,TYR_44_C_HH,52.023,-11.572,44.919,1,-0.21541327511801145,0.09782542513139446,0.3046573479694529,-0.3051218145896785,0.04141105961917445,-0.312438914626356,52.07919985345178,-11.524407331311105,45.227339736505705,-0.30828600000000006,0.6261293796013739,1.6025878425551714
2695,LEU_30_A_HD21,51.659,-9.742,51.159,2745,LEU_30_C_HD21,50.601,-9.857,39.79,1,1.5917694703122036,-0.8042892986421801,5.860533655967162,1.4755840092894716,-0.726907795826329,-5.557314785909658,51.11595157545864,-9.80102700266754,45.323539188458646,-0.34477,11.418701765086956,1.375395130055711
6907,TYR_44_A_HH,53.488,-11.496,46.742,2777,LEU_30_C_HD22,52.727,-11.409,39.544,1,-0.32690393264391615,1.3184904923215124,1.648153766656969,-0.23423216856071377,1.2891693930841728,-5.589832570528343,53.314713541861465,-11.47618932738758,45.10295147742289,-0.6540309999999999,7.238638960467638,2.9308641521747547
6894,TYR_44_A_HH,53.662,-10.903,45.508,2309,LEU_30_C_CD1,53.806,-10.838,44.638,1,0.2424146318165749,1.6593663621282089,0.43804591462717546,0.2901254142268478,1.8940708428909738,-0.4131288547073534,53.73610770852105,-10.869548603792582,45.060265927685336,-0.814872,0.8842290427259261,1.9353334337389982
2611,LEU_30_A_HD11,48.218,-9.695,46.538,4990,PHE_38_C_CE1,48.472,-9.765,48.581,2,1.8653629564090777,-3.752918707303778,0.9181595083796569,1.7910139568176264,-3.7103266398107264,2.976295349874684,48.10468750117144,-9.663772145992128,45.62659277517023,-0.701031,2.0599186877156157,2.591055998704317
6874,TYR_44_A_HE2,55.567,-14.123,49.14,7119,ASN_45_C_OD1,53.73,-14.495,49.282,2,-3.086144015495654,2.9422753179599077,4.2411618663764505,-3.317351854486238,1.0773831162091572,4.198301499619344,-126.20966077115057,-50.93351595365698,63.191325982309536,0.343384,1.879658745623793,1.8852699039490726
6853,TYR_44_A_HE2,55.785,-14.286,48.911,7072,ASN_45_C_OD1,53.889,-15.01,49.129,2,-3.2667743957291306,3.1690681093338213,4.03507524498259,-3.8439693627170266,1.2113527530928163,4.061768952517717,342.388224914321,95.15531584281078,15.957675616391782,0.35472799999999993,2.041204546340218,1.793904652970737
7064,ASN_45_A_OD1,50.734,-14.924,41.092,6907,TYR_44_C_HE2,48.992,-14.496,41.171,2,-3.5775413032787466,-1.1093234100672897,-4.2507678585216455,-3.018677530010141,-2.812997710977526,-4.346445229649872,128.1278238710675,-33.939244900583645,37.582176759004376,0.463917,1.7955469918662712,1.7408678782799312
7087,ASN_45_A_ND2,55.058,-12.519,40.688,2358,LEU_30_C_CD1,54.739,-11.599,42.528,2,-1.5088477607135766,3.403291146303298,-4.218613658462685,-0.5542370042700464,2.9727724237658686,-2.419410242162283,54.310036904300254,-10.361865053154355,45.002269893691285,-0.924027,2.0817687191424477,2.1698086128254874
6864,TYR_44_A_HE2,55.032,-13.551,49.349,7119,ASN_45_C_OD1,53.73,-14.495,49.282,2,-2.473899586970368,2.4340037407779436,4.395779988110953,-3.317351854486238,1.0773831162091572,4.198301499619344,26.050081066770765,-34.56400420350874,47.8576109304713,0.154877,1.6096052311048188,1.5202860651499828
7064,ASN_45_A_OD1,50.734,-14.924,41.092,6910,TYR_44_C_HE2,50.052,-14.981,41.171,2,-3.5775413032787466,-1.1093234100672897,-4.2507678585216455,-3.5823166029573215,-1.7981526110001513,-4.240495154146549,-231.47247393881304,-38.51017157553139,73.78160621871898,-0.464719,0.6889223468577595,1.992479353753987
7046,ASN_45_A_OD1,50.588,-15.671,41.27,6649,TYR_44_C_CE2,49.773,-15.416,41.406,2,-4.3100913861263255,-1.3286072200304098,-4.088613651644165,-3.9933149748076877,-2.1314172662606508,-4.034810910971612,-11.346022030031797,3.7071295922185197,51.60500244918293,-0.162013,0.8647230770599306,2.384787536376456
6597,TYR_44_A_CE2,55.511,-14.585,48.984,7068,ASN_45_C_OD1,54.106,-15.42,49.182,2,-3.5437019372009604,2.8672622242203176,4.080134589021535,-4.2687936821794015,1.390248753595296,4.1360556848294,158.02310236064324,46.33856261290886,34.53745461394492,0.29117899999999997,1.6463456502205125,1.9167375207651556
7081,ASN_45_A_OD1,51.707,-15.152,39.55,6593,TYR_44_C_CE1,52.194,-15.297,44.936,2,-3.8893923042501806,-0.0072557811182418774,-5.687664825745023,-4.032182318312213,-0.07315332723966143,-0.28003516707761644,52.21921939093004,-15.304508853562332,45.21491507094288,-0.041635000000000005,5.409915895834245,2.456900637540092
6596,TYR_44_A_CE2,55.111,-14.805,49.01,7068,ASN_45_C_OD1,54.106,-15.42,49.182,2,-3.7326798264280163,2.4511382265826582,4.065845573193153,-4.2687936821794015,1.390248753595296,4.1360556848294,113.31023520744739,20.809457365751573,39.04953387494403,-0.009950000000000042,1.190728348532944,2.0235826208163705
7063,ASN_45_A_OD1,50.882,-14.492,41.092,6917,TYR_44_C_HE2,49.527,-13.924,40.962,2,-3.157960451024809,-0.929727951501836,-4.235755207705703,-2.490217062564029,-2.217961581582143,-4.500560573015814,72.55621456781964,-23.577574815145102,43.17144494008594,0.154877,1.47497423706314,1.630687093404526
7046,ASN_45_A_OD1,50.588,-15.671,41.27,6870,TYR_44_C_HE2,48.95,-14.946,41.376,2,-4.3100913861263255,-1.3286072200304098,-4.088613651644165,-3.4627423454953576,-2.9092746765673008,-4.146880238870166,165.52778762505272,-66.54483762403129,33.831894085314424,0.332246,1.7944093735822917,2.307698906233616
2864,GLN_31_A_O,55.151,-7.746,49.754,2592,LEU_30_C_HG,54.39,-7.69,42.538,2,3.308294675496852,2.951874436008115,4.8132131613410944,3.36992685048674,2.9220003759672926,-2.442696293409752,54.6461900600989,-7.708852356590721,44.96726080640432,-0.807535,7.256232700237777,2.261644331527223
2668,LEU_30_A_HD13,48.634,-11.863,48.311,5786,ILE_41_C_HG21,48.611,-12.485,48.294,2,-0.315108213847219,-3.681752237568845,2.722955842946693,-0.9337017336114025,-3.7500467584277075,2.703464415948725,45.42089588020872,-98.75651141347369,45.9360969549368,-0.5882120000000001,0.6226572090645062,1.988186459386469
2726,LEU_30_A_HD22,49.837,-11.88,48.637,5714,ILE_41_C_CG2,49.688,-11.829,47.133,2,-0.42055844721599517,-2.522108815319761,3.1677944445955504,-0.36922359410965094,-2.515816500477874,1.6564562496072561,49.524693082984385,-11.773103001558415,45.48458655576186,-0.43613000000000013,1.5122228671726907,2.558690877395259
2408,LEU_30_A_H,50.151,-8.372,45.751,2259,LEU_30_C_O,50.206,-8.212,44.917,2,3.0329648674525163,-1.6562231463194876,0.32929577042622843,3.1823797837474523,-1.5062070741377456,-0.49493196562475705,50.17297362037368,-8.30807674073111,45.41780001106091,-0.683296,0.850988249037549,2.9606095093451854
7063,ASN_45_A_OD1,50.882,-14.492,41.092,6902,TYR_44_C_HE2,50.503,-14.279,41.171,2,-3.157960451024809,-0.929727951501836,-4.235755207705703,-2.9163916666548078,-1.2974723405289672,-4.1950171817709485,11.475298597934064,7.6547741388921615,49.306061769823884,-0.668825,0.44187215345617653,1.6566173078724984
6875,TYR_44_A_HE2,55.567,-13.689,49.14,7119,ASN_45_C_OD1,53.73,-14.495,49.282,2,-2.6533940811848273,2.975191240740173,4.2413526057225654,-3.317351854486238,1.0773831162091572,4.198301499619344,-125.41243216677066,-93.09532679717843,63.129700254589366,0.513886,2.0110616599199562,1.587663730153426
7046,ASN_45_A_OD1,50.588,-15.671,41.27,6885,TYR_44_C_HE2,49.183,-15.054,41.309,2,-4.3100913861263255,-1.3286072200304098,-4.088613651644165,-3.5885038141062346,-2.679612558555611,-4.190254938445135,107.1054090309257,-40.49038887692603,39.701189357860656,0.20592600000000003,1.5350032573255348,2.2987780025026145
6865,TYR_44_A_HE2,54.622,-13.551,49.349,7116,ASN_45_C_OD1,53.605,-14.304,49.68,2,-2.4429422523853033,2.027241571543034,4.354716852396589,-3.1146141179016906,0.9280966182556918,4.581864990704414,74.11917515573747,0.884961545988465,43.00331172414047,0.17989699999999997,1.3079980886836222,1.2453960835870184
6868,TYR_44_A_HE2,55.032,-14.261,49.349,7119,ASN_45_C_OD1,53.73,-14.495,49.282,2,-3.1818545486309375,2.3801551113447905,4.3954679490885065,-3.317351854486238,1.0773831162091572,4.198301499619344,26.0062743498137,-19.477605070770807,47.85535666777075,-0.12395499999999995,1.3245561520751015,2.0580464412180857
7043,ASN_45_A_OD1,50.745,-15.235,41.337,6887,TYR_44_C_HE2,50.07,-15.187,41.333,2,-3.8867218883244186,-1.1464726759077264,-4.0060347429072385,-3.7879224408021335,-1.812102035359185,-4.077597477661634,88.5310552806258,-17.92200837551118,41.56091736462621,-0.546608,0.6767163364364689,1.986575847841243
5911,ARG_42_A_CD,55.814,-10.036,39.505,2709,LEU_30_C_HD13,55.996,-10.227,42.149,2,0.9014478139045362,4.4598195770172335,-5.318857685062918,0.7161868882024355,4.361764102606881,-2.67000802656092,56.17945377181916,-10.419525661634394,44.81411963016407,-0.986068,2.657130218863952,2.23810323315335
7064,ASN_45_A_OD1,50.734,-14.924,41.092,6908,TYR_44_C_HE2,49.227,-14.862,41.171,2,-3.5775413032787466,-1.1093234100672897,-4.2507678585216455,-3.4013671652636726,-2.607612130063386,-4.323069896024887,139.33326198490622,-18.569092397520972,36.44744678380383,0.222906,1.5103423452979179,2.024786848405988
6849,TYR_44_A_HE2,53.537,-13.441,48.443,6714,TYR_44_C_OH,52.728,-13.553,43.972,2,-2.2578223460193363,1.049660941830882,3.3446536203766093,-2.3404278776144483,0.6852023753366032,-1.1849393281628946,52.93963400936344,-13.523700854080712,45.141611441117355,-0.5482969999999999,4.544982508217162,2.6711081569911332
7064,ASN_45_A_OD1,50.734,-14.924,41.092,6896,TYR_44_C_HE2,48.871,-14.813,41.376,2,-3.5775413032787466,-1.1093234100672897,-4.2507678585216455,-3.324160480307357,-2.9775636642326964,-4.154733951664136,-31.728338350724066,-10.010784993596204,53.662748304672874,0.36515500000000006,1.887788653424953,2.176445739801514
2497,LEU_30_A_HB2,52.783,-8.913,45.777,2376,LEU_30_C_CD2,52.145,-8.935,39.751,2,2.294978301440474,0.9113630547226382,0.6185325741075851,2.2780683091622094,0.8787224316298918,-5.4410757170186095,52.71787635449002,-8.915245642948621,45.16189798143708,0.351569,6.059719795502102,3.1139763520431125
6820,TYR_44_A_HE1,52.36,-14.899,43.643,6677,TYR_44_C_CZ,52.255,-14.805,43.649,2,-3.657120481199497,0.25089033054024934,-1.5497332911190163,-3.5554201750395267,0.15324939408711072,-1.5542383167040272,88.48010464688414,-47.23509368387799,41.57899402017791,-0.8652740000000001,0.14105672617780138,2.2737527255067125
6873,TYR_44_A_HE2,55.332,-14.489,49.14,7072,ASN_45_C_OD1,53.889,-15.01,49.129,2,-3.433345974517528,2.6813725585315873,4.217464824914238,-3.8439693627170266,1.2113527530928163,4.061768952517717,16.244247391811896,-28.601764455208592,48.842033763901476,0.08144200000000004,1.5342134792785496,2.0031798416850894
2591,LEU_30_A_HG,49.113,-8.366,49.195,5341,PHE_38_C_HZ,49.259,-8.272,50.44,2,3.1419814401974775,-3.029621958570327,3.6520216227009774,3.2336010226974903,-3.0020195642534437,4.9054253724681836,48.68760223251017,-8.63988623386331,45.56746424298063,-0.9661350000000001,1.2570509138455743,3.1016313800710136
7063,ASN_45_A_OD1,50.882,-14.492,41.092,6915,TYR_44_C_HE2,50.142,-14.279,40.962,2,-3.157960451024809,-0.929727951501836,-4.235755207705703,-2.890630545271912,-1.6347426424463483,-4.43912188895549,66.29484361056303,-18.92839957979725,43.799661715369105,-0.431362,0.7809410989312777,1.5817736615574443
6587,TYR_44_A_CE2,55.898,-13.914,48.825,7119,ASN_45_C_OD1,53.73,-14.495,49.282,2,-2.9049937816495905,3.3179806675873555,3.9609885574427937,-3.317351854486238,1.0773831162091572,4.198301499619344,92.08407191742339,-4.216533309952534,41.197216390100465,0.542979,2.290553208288343,1.5835798182728065
2289,LEU_30_A_CD1,48.468,-11.629,47.473,6092,ARG_42_C_HE,48.839,-11.74,52.451,2,-0.07524832388382162,-3.744978908483565,1.872646710176858,-0.1782988775020597,-3.882623050457469,6.862724933369282,48.32877333893353,-11.58734458388577,45.6048859331835,-0.9098459999999999,4.993039755499651,1.4846507585343272
2667,LEU_30_A_HD13,48.25,-11.607,48.311,6028,ARG_42_C_HD2,47.842,-11.808,48.419,2,-0.03085139324548184,-4.0433038888052,2.6846092208052696,-0.19969284557697198,-4.474115382713702,2.751115015221389,64.71955083695804,-3.4933242200280272,43.95141301374654,-0.799182,0.4674708547064732,1.5308906326494478
6595,TYR_44_A_CE2,54.658,-14.858,48.981,7069,ASN_45_C_OD1,53.995,-15.316,48.794,2,-3.751530728398628,2.000593010498252,3.9915983391817376,-4.159490174260317,1.3267737178739738,3.738935220742287,44.18385674069518,-22.093531844285952,46.026754465324224,-0.689935,0.8272254831664745,2.143393910821888
6603,TYR_44_A_CE2,54.614,-12.282,47.156,2304,LEU_30_C_CD1,53.986,-11.847,42.94,2,-1.1926951718671122,2.3346275349899477,2.1725000650146518,-0.7417169848059855,2.165751614654483,-2.0850067873962663,54.2935471885015,-12.06003029776776,45.00467985146868,-0.961499,4.28465459518034,2.3427329311525464
6683,TYR_44_A_OH,51.825,-13.886,46.391,6711,TYR_44_C_OH,51.501,-13.947,42.413,2,-2.5869671112854613,-0.4775772124306563,1.1313121772942947,-2.6518099353471176,-0.4062479530641277,-2.859162549467667,51.73314497759248,-13.903293692490305,45.2632244471077,-0.32321600000000006,3.9916388864725745,2.0997407078819004
2618,LEU_30_A_HD11,49.195,-10.05,45.618,5806,ILE_41_C_HG23,49.208,-10.217,45.258,2,1.4310292380050766,-2.7186517349898205,0.10047983330031524,1.2609510900480732,-2.682456671545029,-0.25648142646010014,49.1986593265997,-10.097008272473085,45.51666480185443,-0.664067,0.39706170805052393,2.3326654329972545
2418,LEU_30_A_H,51.361,-7.161,45.246,2270,LEU_30_C_O,51.305,-7.377,44.963,2,4.145499105096356,-0.31348381129449987,-0.05144646291133434,3.9323233043414754,-0.35715235812029816,-0.3387270504745028,51.37102852976413,-7.12231852805263,45.2966798914866,-0.6098210000000001,0.3603900664557786,1.9906668077112244
5701,ILE_41_A_CG2,55.037,-11.456,42.596,2688,LEU_30_C_HD13,55.033,-11.434,42.453,2,-0.43366271100845577,3.2724715312610613,-2.3218434200809313,-0.41244793164245436,3.284457182542082,-2.464515341985067,55.102096015784795,-11.814028086816572,44.92318256430759,-0.49931000000000003,0.1447376937773922,3.1742870119259
2523,LEU_30_A_HB3,53.901,-8.192,49.298,2441,LEU_30_C_H,53.374,-8.081,44.716,2,2.9546964755263447,1.7234736364351326,4.234117496889985,3.0723612664187936,1.666789849694188,-0.37757589548823756,53.417147382098555,-8.090087968525498,45.09114479084546,0.405417,4.613542456724551,2.4408475354300037
6863,TYR_44_A_HE2,55.237,-13.906,49.349,7119,ASN_45_C_OD1,53.73,-14.495,49.282,2,-2.843355735093186,2.610460510678829,4.4161555364569125,-3.317351854486238,1.0773831162091572,4.198301499619344,24.688351510173554,-25.845717292971255,47.990831818965916,0.16440200000000005,1.619400815116509,1.6169483632136474
3519,ILE_32_A_HD11,55.079,-9.149,46.105,2589,LEU_30_C_HG,54.607,-9.152,41.177,2,1.8886454578699376,3.138565448917557,1.1747331813782882,1.8860084434720967,3.1623661500674127,-3.775762104224943,54.966996244896336,-9.149711888273963,44.935604861968514,-0.6054700000000001,4.950553201410926,2.650594273602752
6618,TYR_44_A_CE2,54.055,-15.411,48.375,8007,LEU_48_C_HD13,54.046,-15.425,48.604,2,-4.261746912370196,1.420952344533038,3.328009502647474,-4.273387402788679,1.388084813395482,3.5549505178468834,54.18698180812538,-15.205694965138282,45.016796215476475,-0.8574900000000001,0.22960400693367627,2.025844322296411
6870,TYR_44_A_HE2,54.178,-14.323,49.14,7119,ASN_45_C_OD1,53.73,-14.495,49.282,2,-3.180690539239116,1.549075828810824,4.101960076579164,-3.317351854486238,1.0773831162091572,4.198301499619344,73.2526415852821,-6.999700105650679,43.094019854665234,-0.743891,0.5004517958804812,2.0938735144926017
7064,ASN_45_A_OD1,50.734,-14.924,41.092,6895,TYR_44_C_HE2,48.699,-14.479,41.453,2,-3.5775413032787466,-1.1093234100672897,-4.2507678585216455,-2.977584215180926,-3.1305659456000354,-4.095200815114759,-4.871045918798117,-2.7646656344643104,50.95608922687289,0.5479310000000002,2.1141359937336146,1.9707854319438691
6862,TYR_44_A_HE2,54.827,-13.906,49.421,7119,ASN_45_C_OD1,53.73,-14.495,49.282,2,-2.811882882509382,2.1965056352920542,4.446730374048655,-3.317351854486238,1.0773831162091572,4.198301499619344,35.19134681138716,-24.448752714761095,46.93298195695785,-0.142,1.2528571347124946,1.6567543254745498
6871,TYR_44_A_HE2,54.507,-14.608,49.14,7072,ASN_45_C_OD1,53.889,-15.01,49.129,2,-3.4897110169298164,1.8538623721372394,4.134785484039644,-3.8439693627170266,1.2113527530928163,4.061768952517717,19.51085082836871,-37.37248538348846,48.51709119597404,-0.584218,0.7373255725932699,1.9140696454536552
5335,PHE_38_A_HE1,54.103,-7.383,42.219,2594,LEU_30_C_HG,54.211,-7.458,42.155,2,3.6954286905063576,2.692418385697781,-2.788701585114561,3.6120318624980863,2.800270774767292,-2.8415961146063426,48.40903175628669,-3.4288553863100772,45.59320340368206,-0.851417,0.14623611045155496,3.0505714908613855
2668,LEU_30_A_HD13,48.634,-11.863,48.311,5790,ILE_41_C_HG21,48.324,-12.383,48.472,2,-0.315108213847219,-3.681752237568845,2.722955842946693,-0.8090509185897315,-4.044826244593921,2.851870038652239,55.1818926249638,-0.8794381774801634,44.91032028187364,-0.795046,0.6264351522703697,1.9098733412153706
7064,ASN_45_A_OD1,50.734,-14.924,41.092,6888,TYR_44_C_HE2,50.476,-14.996,41.423,2,-3.5775413032787466,-1.1093234100672897,-4.2507678585216455,-3.6274834992289997,-1.4038131204723472,-3.947303548380872,47.12007219745264,-15.93253799140857,45.72847326605881,-0.6833009999999999,0.4258039454960505,1.8637403401290051
6866,TYR_44_A_HE2,54.417,-13.906,49.349,7119,ASN_45_C_OD1,53.73,-14.495,49.282,2,-2.7814410659230564,1.7969361722090023,4.3340292650281835,-3.317351854486238,1.0773831162091572,4.198301499619344,32.47986653209377,-32.71381894118872,47.20957068071367,-0.431362,0.9074023363425977,1.68319652399666
2548,LEU_30_A_HB3,53.895,-9.041,48.275,2649,LEU_30_C_HD11,53.69,-9.031,44.769,2,2.1012702631258375,1.7553265599990473,3.2152872405429505,2.1016172645117797,1.902948736898905,-0.2936112436650769,53.70715361821444,-9.03183676186412,45.062368709560175,0.23889300000000002,3.512002420272515,2.904238349598557
2384,LEU_30_A_CD2,51.077,-9.006,50.547,2554,LEU_30_C_HB3,50.178,-9.129,41.5,2,2.3652119542275423,-1.2647346050202404,5.193644726752341,2.245669585986174,-1.262180267287175,-3.8979581075972742,50.56343966367407,-9.076264651132469,45.37883496914274,-0.42785499999999993,9.092389069985948,2.2781948148012385
5693,ILE_41_A_CG2,55.942,-11.012,42.289,2712,LEU_30_C_HD13,55.65,-11.063,42.149,2,-0.06147234469084019,4.234667866155929,-2.536465283681172,-0.09128018099924762,3.955091650807646,-2.705028721905903,60.33588203417793,-10.244575398140158,44.395655769811334,-0.5799419999999998,0.32781854737034194,1.5187549022421887
2675,LEU_30_A_HD21,51.495,-8.474,50.111,2724,LEU_30_C_HD21,50.615,-8.322,41.168,2,2.8609964876216187,-0.766131230768786,4.801935176661612,3.0149720559868842,-0.7342595397803894,-4.184166799148596,51.02475127960517,-8.39277522102271,45.33209737898752,-0.47084999999999994,8.987477566035976,2.2045663849851014
2328,LEU_30_A_CD1,49.537,-11.07,45.791,5704,ILE_41_C_CG2,49.327,-11.081,44.707,2,0.3893829082140246,-2.4739950370281942,0.30641434661787714,0.38650937779978956,-2.574880723381046,-0.7931723125918753,49.478480726188515,-11.073065295294887,45.48892908184927,0.901,1.1042087664929996,2.185092919647958
7058,ASN_45_A_OD1,51.066,-14.932,41.81,6641,TYR_44_C_CE2,51.069,-15.059,41.933,2,-3.605445290994746,-0.8522792725180333,-3.5031304605665206,-3.7314253288633505,-0.8712225824246761,-3.3805042762973962,51.151702669819976,-18.56007968904538,45.32380946261871,-0.995875,0.17682477202020966,1.8442124510227789
6540,TYR_44_A_CE1,52.228,-14.575,44.453,6680,TYR_44_C_CZ,52.181,-14.585,43.248,2,-3.318287380854523,0.06358798727037392,-0.7568840227733682,-3.333337576381135,0.13657865118272144,-1.9605367362236639,52.25755466196589,-14.56871177404981,45.210731226997794,-0.772407,1.2059577107013386,2.417370035743267
7063,ASN_45_A_OD1,50.882,-14.492,41.092,6916,TYR_44_C_HE2,49.937,-13.924,40.962,2,-3.157960451024809,-0.929727951501836,-4.235755207705703,-2.521174397149094,-1.8111994123472335,-4.459497437301449,68.77217959870181,-25.245039166203863,43.55308290775783,-0.14300500000000002,1.1102022338294952,1.5589978061956875
7065,ASN_45_A_OD1,50.715,-15.152,40.694,6647,TYR_44_C_CE2,50.75,-15.053,41.633,2,-3.8062996474909623,-1.1057059189536667,-4.648769785290003,-3.703504286117836,-1.1572787243401228,-3.710942317455573,50.8884934708842,-14.661261325213227,45.34858197600796,-0.459196,0.9448528986037983,2.0951743816912836
5699,ILE_41_A_CG2,55.916,-11.251,46.199,2715,LEU_30_C_HD13,55.462,-11.04,41.757,2,-0.2698253050938309,3.800142778013663,1.351165613364771,-0.05695806733168191,3.809480995940744,-3.113876529412099,55.77861514027142,-11.18714932730676,44.854807165386866,-0.938825,4.470123152665931,3.6987339899261453
5814,ILE_41_A_HG22,55.443,-10.007,45.712,2337,LEU_30_C_CD1,55.435,-9.923,44.136,2,1.002818844158931,3.4738776605555057,0.8197882121679163,1.0758968253192893,3.6297520072735354,-0.749051740378154,55.43881964642939,-9.963106287508584,44.888470346589614,0.419161,1.57825726673442,2.619272854546304
2324,LEU_30_A_CD1,48.785,-10.773,46.018,5823,ILE_41_C_HG23,48.953,-10.744,46.815,2,0.7439330441754163,-3.2202079730999293,0.45708768576241476,0.7658710556771096,-3.130954504090637,1.2669188668867009,48.690176865255445,-10.789368279211857,45.568154533384494,-0.8842589999999999,0.8150300607953043,1.8311231375813175
5835,ILE_41_A_HG23,55.533,-11.645,42.23,2711,LEU_30_C_HD13,55.266,-11.319,42.149,2,-0.6621897016686111,3.786783115219914,-2.636409802813656,-0.3175486285245701,3.5547083118673832,-2.7436003637367525,62.10000936434395,-19.663146265078996,44.22223879592444,-0.5882120000000001,0.42909905616302646,3.251011240751922
6616,TYR_44_A_CE2,53.515,-14.668,48.375,7125,ASN_45_C_OD1,53.367,-14.533,48.564,2,-3.4801139269680195,0.9415682576197986,3.274252890536586,-3.332974694811123,0.7860950058121868,3.4475391113755407,56.311468325371266,-17.21883259408859,44.803834368275965,-0.970097,0.2754087870784099,2.1125151251630467
7072,ASN_45_A_OD1,50.849,-15.386,40.311,6636,TYR_44_C_CE2,51.119,-15.489,42.294,2,-4.052485681304788,-0.9522502308043872,-5.016526210835023,-4.161377319256533,-0.8902934195109761,-3.0165007198178384,51.52622240691872,-15.644347807083813,45.28482234414749,-0.430114,2.0039456080442877,2.7132585887195995
2291,LEU_30_A_CD1,49.083,-11.998,48.008,6629,TYR_44_C_CE2,48.217,-12.773,42.74,2,-0.4857908967625355,-3.216267575964597,2.4663891818934607,-1.230889439078502,-3.6079407457088033,-2.8621964925928904,48.682163237302056,-12.35671650241444,45.56965350358804,-0.869011,5.394664493738235,2.4568450042411394
7064,ASN_45_A_OD1,50.734,-14.924,41.092,6911,TYR_44_C_HE2,50.381,-14.696,41.171,2,-3.5775413032787466,-1.1093234100672897,-4.2507678585216455,-3.3229788719909443,-1.4501354778471198,-4.2074192364849505,16.11880386324742,7.433690422604942,48.83874361134126,-0.693512,0.4275909260028808,1.7422048580131642
2639,LEU_30_A_HD12,49.878,-12.217,47.178,6891,TYR_44_C_HE2,49.317,-13.134,41.919,2,-0.7701299069938597,-2.3612395383203344,1.7200887182041458,-1.6797842385956214,-2.461990152423451,-3.569057650611526,49.69555661431457,-12.515218511004527,45.46771521333391,-0.782128,5.367745429880221,1.7252552725110584
2478,LEU_30_A_HB2,52.0,-7.73,45.538,2492,LEU_30_C_HA,51.554,-7.757,40.569,2,3.531980589451126,0.24814474492067784,0.3028336463301115,3.503155996202579,0.3000157314147173,-4.68586202925325,51.97292602815516,-7.731639007264149,45.23636195942372,0.937,4.98904860669847,2.2780815649260573
2578,LEU_30_A_HG,49.327,-7.994,49.215,3544,ILE_32_C_HD12,49.083,-8.076,46.403,2,3.4968949362256168,-2.7910962741204415,3.6935175043616595,3.4134206712753286,-2.758473372732965,0.8711830462585629,49.00768339013585,-8.101311319708444,45.535006938778764,-0.701914,2.8237570717042972,2.1672907687428613
6867,TYR_44_A_HE2,54.622,-14.261,49.349,7119,ASN_45_C_OD1,53.73,-14.495,49.282,2,-3.1508972140458726,1.9733929421098808,4.354404813374142,-3.317351854486238,1.0773831162091572,4.198301499619344,29.740214981452603,-20.788284410695148,47.480076685826596,-0.42183699999999996,0.9246128919715566,2.015858717946719
2256,LEU_30_A_O,52.17,-7.13,45.391,2470,LEU_30_C_H,52.142,-6.947,45.38,2,4.116363904124747,0.47699322214679235,0.1738626573350607,4.300872202434424,0.4641925225872385,0.16019408222083906,51.8138433147054,-4.802261663967313,45.25108130220573,-0.471165,0.18545619428856985,2.100148529720927
7161,ASN_45_A_HD22,54.183,-12.627,41.07,2305,LEU_30_C_CD1,54.286,-11.785,43.306,2,-1.547734092730756,2.488848789776376,-3.9262166171443145,-0.6999267240247776,2.4315218219365127,-1.690773644414721,54.363903881914766,-11.148154674056002,44.997194951081674,-0.827474,2.391499320510041,2.2978165655706557
5015,PHE_38_A_CE1,54.329,-8.092,40.619,2618,LEU_30_C_HG,54.306,-8.056,40.85,2,2.9599506061137277,3.022698758395501,-4.358333345365611,2.999237498572729,2.9795341469420746,-4.130782567737867,53.88847561248325,-7.402483567365149,45.043397109406826,-0.805472,0.23491700662148965,2.600583248960548
5787,ILE_41_A_HG22,54.362,-9.789,45.516,2643,LEU_30_C_HD11,54.35,-9.755,44.826,2,1.3004092317593505,2.437528426822531,0.5166030757431564,1.3302769878539842,2.4971319599845785,-0.17111440693448285,54.35298577967688,-9.763459709084493,44.997682331420584,-0.7807930000000001,0.6909413868049856,2.070811350302689
5042,PHE_38_A_CE1,55.0,-9.007,40.986,2365,LEU_30_C_CD1,55.152,-9.05,41.766,2,1.9995495023208472,3.582340477170359,-3.9263774836851217,1.950781269570451,3.651957872309015,-3.135094931262465,55.75423042716271,-9.220367818210509,44.85639298149285,-0.5700770000000001,0.7958347818485959,2.4307028011315266
5721,ILE_41_A_CG2,55.089,-11.062,42.759,2699,LEU_30_C_HD13,54.869,-11.135,41.537,2,-0.043556783894403206,3.3376595891944327,-2.1542818411513864,-0.10848475271905095,3.2359366197651567,-3.3922034042379976,55.47185301685156,-10.93496240804471,44.885574484511835,-0.05648700000000001,1.243789773233404,3.1557874057392907
2575,LEU_30_A_HG,48.996,-9.094,49.111,3416,ILE_32_C_CD1,48.69,-9.262,46.12,2,2.4243110531249803,-3.1925203076735356,3.5564060205292582,2.258484215054148,-3.2100484264581226,0.549724257384494,48.63405273453891,-9.29271614574334,45.57314290524804,-0.6884300000000001,3.0113022100081555,1.8964406688290707
2667,LEU_30_A_HD13,48.25,-11.607,48.311,5695,ILE_41_C_CG2,47.959,-11.568,48.084,2,-0.03085139324548184,-4.0433038888052,2.6846092208052696,0.02838311695815047,-4.306370932097322,2.4296229397341635,45.18622229410659,-11.196390616735933,45.92104282048865,-0.5799419999999998,0.37112127397927036,1.3723095795294111
3417,ILE_32_A_CD1,54.391,-8.415,44.96,2646,LEU_30_C_HD11,54.346,-8.413,44.627,2,2.664281040847198,2.6260515592324576,-0.03309294654715564,2.6672887656665973,2.61482488313423,-0.36892462363434664,54.395434312473256,-8.415197080554364,44.99281391230209,-0.731188,0.33603273650047716,2.5598645640497346
7046,ASN_45_A_OD1,50.588,-15.671,41.27,6886,TYR_44_C_HE2,49.614,-15.208,41.293,2,-4.3100913861263255,-1.3286072200304098,-4.088613651644165,-3.7747177561267247,-2.2620976938553925,-4.1630758002773165,104.0689936296746,-41.093689990286656,40.00710179313932,-0.100178,1.0786908732347773,2.2409807315663155
6995,ASN_45_A_CG,51.952,-13.875,40.228,7114,ASN_45_C_OD1,52.86,-13.93,50.063,2,-2.629714926827604,0.2649297911472117,-4.987974952257983,-2.6826973519832142,0.1790841272677457,4.888488857457403,52.41057316382763,-13.90277700882216,45.1950342139259,0.39479099999999995,9.876978991574298,2.3165743725273398
2674,LEU_30_A_HD21,52.518,-8.583,50.006,2735,LEU_30_C_HD21,51.505,-8.444,40.282,2,2.67431632205582,0.2510124474879509,4.799872758981379,2.819779653809788,0.22796938037568576,-4.976628426830096,52.02065734004056,-8.51475653530665,45.23190323253146,-0.014890999999999988,9.777610444275231,2.0454016391793775
2307,LEU_30_A_CD1,49.65,-12.206,47.503,5792,ILE_41_C_HG21,49.505,-12.233,47.748,2,-0.7396193014628515,-2.6190717903684195,2.0206242947237096,-0.7538390135631502,-2.7894496493152117,2.2498582035777215,50.928129069995144,-11.968003552483648,45.34340260587023,-0.742281,0.28597027817589304,1.871939487778967
7064,ASN_45_A_OD1,50.734,-14.924,41.092,6913,TYR_44_C_HE2,49.527,-14.634,40.962,2,-3.5775413032787466,-1.1093234100672897,-4.2507678585216455,-3.1981720242246,-2.2718102110152962,-4.50087261203826,71.24811151965488,-19.852825468682596,43.30147348596109,-0.01483199999999997,1.248138213500412,1.8123293110435637
2285,LEU_30_A_CD1,48.033,-10.139,48.019,4997,PHE_38_C_CE1,48.058,-10.028,49.76,2,1.4472142977006477,-4.118082058661972,2.3729891980839874,1.5684724496947748,-4.258784529521762,4.107787824803791,47.99880310300091,-10.290834222675956,45.63752809298338,-0.9077819999999999,1.7447140166800974,2.4533260883716537
7064,ASN_45_A_OD1,50.734,-14.924,41.092,6914,TYR_44_C_HE2,49.937,-14.634,40.962,2,-3.5775413032787466,-1.1093234100672897,-4.2507678585216455,-3.229129358809665,-1.8650480417803865,-4.459809476323896,66.94063874906779,-20.82102037293553,43.73549189131584,-0.348624,0.8580262233754892,1.824510211575528
6538,TYR_44_A_CE1,53.047,-15.607,46.077,7109,ASN_45_C_OD1,53.478,-15.585,50.398,2,-4.397526243038705,0.6356146191572006,0.9405228261475332,-4.377194324688713,0.6332172295527659,5.282972234674862,52.95365053292882,-15.611764937994351,45.14112286029102,0.049027000000000015,4.342497668393162,2.235214431791433
6622,TYR_44_A_CE2,53.6,-15.289,48.014,7078,ASN_45_C_OD1,53.594,-15.356,48.21,2,-4.108327972470183,1.0148618395090043,2.923308216994367,-4.173278601262216,0.9842475874906194,3.1176923300099975,53.69023293637457,-14.28139887715066,45.06639074509749,-0.865085,0.20722210306817956,2.1070589136652984
6050,ARG_42_A_HE,55.363,-13.099,38.618,2355,LEU_30_C_CD1,55.029,-11.487,42.951,2,-2.1250275451810254,3.8686837967388303,-6.247913329318186,-0.46142758491653746,3.226719533828757,-1.9694432689631636,54.87525484283999,-10.744972475024124,44.945544209504014,-0.04484699999999997,4.635190287356063,1.5164987319102177
2358,LEU_30_A_CD2,50.252,-9.423,50.415,2560,LEU_30_C_HB3,49.672,-9.638,43.932,2,2.0107601355196545,-2.1016594192034237,4.9794981329921155,1.7937546104735078,-2.0457420985962402,-1.5290881847389122,49.80826171703869,-9.587489191097726,45.45507708889973,-0.24115199999999998,6.51244301318637,2.8849672769727692
4987,PHE_38_A_CE1,55.684,-9.796,42.289,2708,LEU_30_C_HD13,55.906,-9.775,42.565,2,1.1705056361912847,4.070930588690249,-2.5617705912219706,1.1766590373779051,4.265198087480372,-2.2649149452125594,57.59978997703568,-9.61477662379393,44.670792944422686,-0.7863040000000001,0.35482530913112503,2.1445286073088003
2666,LEU_30_A_HD13,47.994,-11.223,48.311,6141,ARG_42_C_HH21,48.531,-11.492,55.444,2,0.3713720155419492,-4.2681584530861425,2.659138564248248,0.11367234984152129,-4.468378428862836,9.809937249961468,47.794307983518785,-11.122968058783153,45.65848016096737,-0.819667,7.158241334294341,2.559554636538618
2258,LEU_30_A_O,52.895,-7.206,45.111,2489,LEU_30_C_HA,52.383,-7.229,40.586,2,3.98383638919013,1.2184753460877888,-0.032151220015972204,3.9671626780689695,1.1608158956539203,-4.585687798888827,52.898615085629174,-7.205837603575251,45.1429497313906,0.7283679999999999,4.553932147057089,1.9867247850362404
3514,ILE_32_A_HD11,55.395,-8.475,47.283,2311,LEU_30_C_CD1,54.825,-8.47,42.015,2,2.5452787595337334,3.385507561935334,2.378754900436723,2.5555838699235487,3.34665448555812,-2.9198423897105372,55.139103916753555,-8.472755297515382,44.917981462206505,-0.7541760000000001,5.298749758197683,3.305094864101777
2434,LEU_30_A_H,50.373,-7.511,45.088,2255,LEU_30_C_CA,50.125,-7.502,41.333,2,3.8699755727598757,-1.3044425338263377,-0.30775797917015646,3.8707893662492614,-1.1746818472517535,-4.068711515437238,50.39329378403593,-7.511736467969046,45.3952708026409,0.912959,3.7631914647012072,2.0597470266514875
2584,LEU_30_A_HG,49.795,-8.818,50.115,2581,LEU_30_C_HB3,49.178,-8.789,41.957,2,2.6463756429744256,-2.4791957137782594,4.635502096733386,2.663468073259265,-2.2741501557887562,-3.5432605338835317,49.445301039062095,-8.801563582062887,45.49126560238019,-0.20033600000000001,8.181350377535486,2.3437930114445598
7661,LEU_48_A_CD1,50.111,-16.45,41.163,6615,TYR_44_C_CE2,50.419,-16.389,43.306,3,-5.051597505559807,-1.8502329259005632,-4.243191456707413,-4.998685139388025,-1.7541217227199566,-2.080092541232375,50.715180862611575,-16.330340803184068,45.36676489797603,-0.7508819999999999,2.1658794980330747,3.1846002454552202
5746,ILE_41_A_CD1,56.746,-12.348,47.933,7739,LEU_48_C_CD1,56.062,-15.878,47.999,3,-1.413919911150899,4.367163880546286,3.159092492880043,-4.881633873230843,3.4142459315828644,3.1547039009463864,-435.6258809576292,-2553.3900172228346,95.44256746082552,0.08473500000000002,3.5962636165887507,1.370136103572465
7705,LEU_48_A_CD1,48.658,-16.566,42.397,5849,ILE_41_C_HD11,47.117,-13.15,42.637,3,-5.048718207377529,-3.423831165347554,-3.1609709198244245,-1.5244847661398002,-4.717557180733106,-3.0750136701226367,-8.01035786799384,109.05315021224298,51.22270142006398,0.14647999999999997,3.7551746963357115,2.832949626422536
7961,LEU_48_A_HD12,48.262,-16.828,42.887,6804,TYR_44_C_HD2,46.78,-15.867,43.029,3,-5.276554918179092,-3.885525158660862,-2.713210839257231,-4.205406766052585,-5.297121942343038,-2.719930697447709,646.6345176636953,-404.84148817463597,-14.446938939437644,0.348522,1.77200705416203,3.8048454868631554
5844,ILE_41_A_HD11,58.199,-12.882,47.421,7984,LEU_48_C_HD12,56.823,-16.194,47.525,3,-2.0597574912033068,5.819337220051241,2.7949559632334475,-5.257577347195688,4.19262175170858,2.7591655500537424,-49.25601556796782,-271.5237235182485,55.542600013858,-0.06538499999999997,3.5879710143756722,2.3259884638653743
2249,LEU_30_A_O,53.091,-6.051,45.127,1837,THR_29_C_O,52.58,-5.969,40.719,3,5.120825044978678,1.4989279526481853,0.0039061243348204183,5.209611109663976,1.4385359872742411,-4.433072447310076,53.09055013766624,-6.050927810740961,45.12311938714829,0.861565,4.438277706498323,2.0482003203673695
7961,LEU_48_A_HD12,48.262,-16.828,42.887,6805,TYR_44_C_HD2,46.705,-15.417,43.029,3,-5.276554918179092,-3.885525158660862,-2.713210839257231,-3.7510399900545424,-5.337400243206464,-2.727244475452342,349.2865682580359,-289.62547322549,15.433250036838821,0.03605399999999999,2.1060232667280783,4.051902876576672
6783,TYR_44_A_HD2,58.109,-14.032,47.37,7984,LEU_48_C_HD12,56.823,-16.194,47.525,3,-3.200014751273117,5.647923185860456,2.7346931244309913,-5.257577347195688,4.19262175170858,2.7591655500537424,201.81422204177485,227.5626267918481,30.049386145820165,-0.09439999999999998,2.5203303354917583,2.9018744577657585
5725,ILE_41_A_CD1,57.373,-11.894,48.244,7739,LEU_48_C_CD1,56.062,-15.878,47.999,3,-1.0063429024051105,4.9925766595731975,3.5315248193121973,-4.881633873230843,3.4142459315828644,3.1547039009463864,45.086450043599406,-49.23161634347823,45.94788654514256,-0.413655,4.201309557745061,1.4994306086989813
7961,LEU_48_A_HD12,48.262,-16.828,42.887,5841,ILE_41_C_HD11,45.873,-13.505,43.165,3,-5.276554918179092,-3.885525158660862,-2.713210839257231,-1.7807526981732675,-6.031403954859807,-2.6744161150525234,-118.81898402202094,215.5747249498429,62.32965950528319,0.239482,4.102064602124155,3.9098225535320092
5745,ILE_41_A_CD1,56.956,-12.611,47.998,7739,LEU_48_C_CD1,56.062,-15.878,47.999,3,-1.6915531804343795,4.549065318314443,3.2446824147449678,-4.881633873230843,3.4142459315828644,3.1547039009463864,24.717791606433977,-130.42109711608452,48.034060635787164,-0.047205,3.3871117489684344,1.6161507388479692
7961,LEU_48_A_HD12,48.262,-16.828,42.887,5746,ILE_41_C_CD1,45.885,-14.539,43.015,3,-5.276554918179092,-3.885525158660862,-2.713210839257231,-2.813754495230516,-6.0829357229635415,-2.8229144791936656,107.05040637057593,-73.43997399337323,39.721280178614336,-0.7173309999999999,3.3024285003615157,3.8209916320867348
5842,ILE_41_A_HD11,57.664,-12.31,47.63,7739,LEU_48_C_CD1,56.062,-15.878,47.999,3,-1.447513062678021,5.311065642869283,2.949574084967959,-4.881633873230843,3.4142459315828644,3.1547039009463864,80.69925531664109,38.99448874517802,42.3241265843692,0.337465,3.9285097683472814,1.6587054896248083
7704,LEU_48_A_CD1,49.063,-16.353,42.397,5734,ILE_41_C_CD1,47.171,-13.056,42.199,3,-4.866911524993877,-3.0058749215416567,-3.120314942351062,-1.4379688930021934,-4.613098742481454,-3.5053617134239454,64.39525653205322,-43.07099671573965,44.00153847428464,-0.165565,3.806452022553289,2.5998938029596803
7134,ASN_45_A_HB3,52.355,-16.303,39.467,7994,LEU_48_C_HD13,53.027,-16.411,47.212,3,-5.08659900534797,0.556623004463477,-5.705853559000359,-5.1895737708099405,0.44140965693549855,2.0674594465481464,52.8482689046371,-16.38227535967382,45.15207093216421,0.6641090000000001,7.774848744509444,2.418755316762277
1765,THR_29_A_C,49.015,-6.704,48.769,3550,ILE_32_C_HD12,48.665,-6.695,45.8,3,4.803543732145365,-2.9582398945565562,3.2190789580050407,4.817686844586861,-3.008194074355923,0.22995759006243938,48.638073975053324,-6.694307616501372,45.571590376952365,-0.29202900000000004,2.989572210199982,2.504057170952357
7961,LEU_48_A_HD12,48.262,-16.828,42.887,5742,ILE_41_C_CD1,46.215,-14.776,43.14,3,-5.276554918179092,-3.885525158660862,-2.713210839257231,-3.0740937382028273,-5.786003943132286,-2.6655963407135475,-68.38193741045218,100.1008517666088,57.30366642151659,-0.5265960000000001,2.9094539006487086,3.712495876418488
5736,ILE_41_A_CD1,58.265,-13.642,47.495,7984,LEU_48_C_HD12,56.823,-16.194,47.525,3,-2.8220219739475163,5.819782718289094,2.874860029951122,-5.257577347195688,4.19262175170858,2.7591655500537424,22.433142102660362,-77.0559399126288,48.24046167608893,-0.33994100000000005,2.9313764684871164,2.7877847657127184
6511,TYR_44_A_CD2,56.381,-14.024,48.483,7739,LEU_48_C_CD1,56.062,-15.878,47.999,3,-3.0535949054728606,3.822988953819305,3.6690342171162076,-4.881633873230843,3.4142459315828644,3.1547039009463864,54.105376964639916,-27.24972134030583,45.03033056703994,0.459835,1.9425068854446823,2.3576889186173164
5724,ILE_41_A_CD1,58.586,-13.736,46.789,7984,LEU_48_C_HD12,56.823,-16.194,47.525,3,-2.9450434905785245,6.201646958316914,2.204518021246777,-5.257577347195688,4.19262175170858,2.7591655500537424,65.5932705089266,-3.966362500883961,43.8636732305332,-0.526274,3.113138127356379,2.6604656864265444
7994,LEU_48_A_HD13,50.74,-15.855,42.298,6635,TYR_44_C_CE2,50.824,-15.851,42.294,3,-4.497677818437759,-1.2944585843836254,-3.0506400483689524,-4.500060457974568,-1.2104189774866598,-3.046205242686561,108.52241086874761,-13.103456625297905,39.54645662529424,-0.959447,0.08419026071939305,2.489257280354211
2565,LEU_30_A_HG,49.089,-7.933,47.889,6026,ARG_42_C_HD2,47.673,-10.903,48.419,3,3.566195467803287,-2.890124649674153,2.35037498878178,0.7154609129287521,-4.573142722924367,2.7345867308686316,57.751231315571474,10.235663140711395,44.6467806516576,-0.6413150000000001,3.3326950055473104,2.8693379585350405
7961,LEU_48_A_HD12,48.262,-16.828,42.887,5842,ILE_41_C_HD11,45.976,-13.956,43.165,3,-5.276554918179092,-3.885525158660862,-2.713210839257231,-2.238230753270696,-5.963422617286241,-2.6642984648321493,-78.54435629419469,142.4842726495743,58.3078954723473,-0.13510000000000003,3.681231315742058,4.101388194083517
7704,LEU_48_A_CD1,49.063,-16.353,42.397,5843,ILE_41_C_HD11,47.232,-12.803,42.846,3,-4.866911524993877,-3.0058749215416567,-3.120314942351062,-1.1856709632558582,-4.598026610760465,-2.8553943407881377,27.496928408214927,25.459973321046924,47.68545775243661,0.45219,4.019535047738732,2.3233530429593676
6797,TYR_44_A_HD2,56.658,-16.315,48.005,7733,LEU_48_C_CD1,56.556,-16.404,48.823,3,-5.362333600390886,3.9717963868714543,3.2201734520045204,-5.437518812451873,3.782134722743634,4.023805604825453,57.066716464307106,-15.958374849771278,44.727254237223605,-0.23216900000000004,0.8291254428613303,2.9846982794443466
5845,ILE_41_A_HD11,58.199,-12.448,47.421,7984,LEU_48_C_HD12,56.823,-16.194,47.525,3,-1.62700755689248,5.852253142831507,2.7951467025795624,-5.257577347195688,4.19262175170858,2.7591655500537424,-48.693681105461195,-303.45089492809456,55.500097990529014,0.264035,3.9920806605077486,2.0777605170030125
7961,LEU_48_A_HD12,48.262,-16.828,42.887,6803,TYR_44_C_HD2,46.477,-15.197,43.411,3,-5.276554918179092,-3.885525158660862,-2.713210839257231,-3.5117232562669374,-5.585075504688343,-2.369903649658374,34.15486360785761,-3.937949884826775,47.02825460475216,-0.216679,2.4740578004565728,3.746693769057618
6788,TYR_44_A_HD2,57.326,-13.949,48.013,7969,LEU_48_C_HD12,56.43,-16.057,47.744,3,-3.0535289985196425,4.813166771646874,3.2960759289142896,-5.089730181487099,3.791238026595301,2.937764077980998,49.0837829909482,-33.34028733826023,45.5384951167021,0.331971,2.3062612601351122,2.6165533252742583
7049,ASN_45_A_OD1,50.411,-15.915,41.616,6645,TYR_44_C_CE2,50.109,-15.694,41.633,3,-4.537546725977845,-1.5572800999766085,-3.7621878831298843,-4.294258841016515,-1.841832105109026,-3.7754227388587114,136.25861058108728,-78.73725807423897,36.783518609673024,-0.6053449999999999,0.37461179906671266,2.569151845793096
7705,LEU_48_A_CD1,48.658,-16.566,42.397,5850,ILE_41_C_HD11,46.707,-13.15,42.637,3,-5.048718207377529,-3.423831165347554,-3.1609709198244245,-1.4935274315547353,-5.124319349968016,-3.1160768058370008,-88.71088239525079,223.95276076995202,59.2952735903949,0.34073599999999993,3.9411999441794365,3.279361484338215
5967,ARG_42_A_CZ,55.626,-9.836,36.038,2630,LEU_30_C_HD11,54.443,-7.429,43.294,3,1.0902431936256178,4.634821649840849,-8.787166145840803,3.6315862200707545,2.918853472069971,-1.685074704947044,54.16231600817272,-6.857904168784243,45.0155917537605,-0.725228,7.735804676955074,3.7576429493973493
7961,LEU_48_A_HD12,48.262,-16.828,42.887,5845,ILE_41_C_HD11,46.172,-13.722,42.846,3,-5.276554918179092,-3.885525158660862,-2.713210839257231,-2.0219878990008455,-5.719355479363399,-2.9619614624710593,71.05836762627574,-50.706238204407825,43.334201470180574,-0.06538499999999997,3.743930688460994,4.137468677894723
5891,ILE_41_A_HD13,57.033,-11.619,48.068,7739,LEU_48_C_CD1,56.062,-15.878,47.999,3,-0.7077232138303355,4.693700724070033,3.3224782771915238,-4.881633873230843,3.4142459315828644,3.1547039009463864,37.804042161770646,-95.96105090939088,46.70157560160892,-0.33016499999999993,4.3688308504678925,1.294988204654454
2067,THR_29_A_HG1,51.496,-5.589,44.844,3100,GLN_31_C_H,51.149,-5.581,40.561,3,5.699899639861585,-0.020165234134568312,-0.43721347784967873,5.703410912079458,0.06404793875280118,-4.733427836151609,51.53131319998516,-5.58981413717545,45.27986869030676,0.7553529999999999,4.297041074972406,1.794184437230386
7705,LEU_48_A_CD1,48.658,-16.566,42.397,6798,TYR_44_C_HD2,47.554,-14.736,42.136,3,-5.048718207377529,-3.423831165347554,-3.1609709198244245,-3.1424996881371015,-4.354246207640506,-3.530424307926122,58.103608046570606,-32.22312203371757,44.630064945792476,0.50993,2.153099393897084,3.9877120222241573
7683,LEU_48_A_CD1,48.471,-16.715,42.709,7145,ASN_45_C_HB2,48.818,-15.834,51.338,3,-5.1809355612333965,-3.651823419824426,-2.8693339824555264,-4.266890212677439,-4.102771776432144,5.7514187503663585,48.58649558637974,-16.42176768991194,45.58107900539146,0.35225,8.680795528060775,2.52562820958497
6510,TYR_44_A_CD2,55.866,-14.931,48.744,7740,LEU_48_C_CD1,55.617,-15.769,47.999,3,-3.917228255790597,3.2171926973233447,3.876743946870126,-4.739347795942069,2.9810270648003043,3.110183280180188,54.606726879532,-19.16903564237822,44.97629528213394,-0.165246,1.1485947936500491,3.0826956134700487
5849,ILE_41_A_HD11,58.395,-13.116,47.102,7984,LEU_48_C_HD12,56.823,-16.194,47.525,3,-2.3101666398308467,6.027909768432236,2.497087283534672,-5.257577347195688,4.19262175170858,2.7591655500537424,73.37304935088304,16.211249301538075,43.071647025812,-0.13510000000000003,3.481981763306638,2.4907526257478816
5019,PHE_38_A_CE1,54.935,-6.548,43.029,1810,THR_29_C_C,54.699,-6.273,42.557,3,4.471002450192123,3.500259036119707,-1.8990792906475373,4.759650194806874,3.334131811382811,-2.3922214858915027,55.84383059068005,-7.607018696766982,44.84666118136006,-0.9722170000000001,0.595067223093327,2.0502270744671582
5056,PHE_38_A_CE2,56.533,-7.227,37.794,2063,THR_29_C_HA,55.356,-5.896,44.466,3,3.635817644445906,5.557111577650362,-6.94800927259912,5.099625454160563,3.8238296370872864,-0.426853361969752,55.27895746123483,-5.808877129059943,44.90272711864166,0.181308,6.9045256173034835,2.02286751272473
5743,ILE_41_A_CD1,57.356,-12.543,48.077,7739,LEU_48_C_CD1,56.062,-15.878,47.999,3,-1.6533856831010472,4.943171795526872,3.363376672257781,-4.881633873230843,3.4142459315828644,3.1547039009463864,36.499376557706555,-66.29635330761084,46.819800132535704,-0.332845,3.5780923688468436,1.651279833838307
2565,LEU_30_A_HG,49.089,-7.933,47.889,6019,ARG_42_C_HD2,47.558,-10.909,49.2,3,3.566195467803287,-2.890124649674153,2.35037498878178,0.7237532880574034,-4.7657104917291315,3.5001394011221487,52.21870558942613,-1.8493920090580165,45.20902349592576,-0.9470900000000001,3.59433693467933,2.996942321843125
5732,ILE_41_A_CD1,58.649,-13.519,47.212,7984,LEU_48_C_HD12,56.823,-16.194,47.525,3,-2.7303967139094447,6.238350250727811,2.6317961854346708,-5.257577347195688,4.19262175170858,2.7591655500537424,96.37910762027562,41.75374801984513,40.74457191393971,-0.6025699999999999,3.253900736039745,2.6343524141113375
7961,LEU_48_A_HD12,48.262,-16.828,42.887,6822,TYR_44_C_HD2,46.685,-15.339,42.947,3,-5.276554918179092,-3.885525158660862,-2.713210839257231,-3.6723416600768983,-5.343134842201274,-2.810800966720816,92.10591746086445,-58.22533233939583,41.21887378081676,-0.009917999999999972,2.169711962450314,3.778269092660384
2592,LEU_30_A_HD11,48.912,-7.651,46.4,5287,PHE_38_C_HE1,49.15,-7.627,48.523,3,3.850086522383542,-2.8955899297799705,0.8512585824134523,3.8712476601194283,-2.869734148475494,2.9874310204022207,48.8171576834288,-7.660563931082809,45.55399059629976,-0.937322,2.1364337106496003,2.340552667428574
6409,TYR_44_A_O,53.943,-17.262,44.02,7878,LEU_48_C_HG,54.253,-17.347,46.397,3,-6.130140452220415,1.60450999639669,-1.0171236562658696,-6.22128313493031,1.6681560118405292,1.3789348146622808,54.07459459056117,-17.29808238773452,45.029033360528736,-0.1433250000000001,2.398635862318409,2.169395850967314
5843,ILE_41_A_HD11,57.254,-12.31,47.63,7739,LEU_48_C_CD1,56.062,-15.878,47.999,3,-1.4165557280929557,4.904303473634367,2.9085109492535937,-4.881633873230843,3.4142459315828644,3.1547039009463864,71.33622708112476,29.842169652225802,43.27065285827598,0.216055,3.779900660070314,1.531333521565006
5744,ILE_41_A_CD1,57.124,-12.239,48.056,7739,LEU_48_C_CD1,56.062,-15.878,47.999,3,-1.332894343533406,4.73815812111284,3.319380143242473,-4.881633873230843,3.4142459315828644,3.1547039009463864,35.717258730149624,-85.59034791053219,46.9070506098104,-0.206895,3.7912285607702425,1.5149298514836218
5733,ILE_41_A_CD1,58.52,-13.357,47.565,7984,LEU_48_C_HD12,56.823,-16.194,47.525,3,-2.5565956235626763,6.087391331650735,2.970172581989382,-5.257577347195688,4.19262175170858,2.7591655500537424,34.63272560256009,-53.29111754009247,47.001952872187644,-0.578153,3.3060517237333125,2.536937057411528
5840,ILE_41_A_HD11,57.459,-12.665,47.702,7739,LEU_48_C_CD1,56.062,-15.878,47.999,3,-1.7854963582170338,5.073567537383394,3.000524470905652,-4.881633873230843,3.4142459315828644,3.1547039009463864,84.6463665945436,49.86399704242534,41.92200867675051,0.0,3.516132392274219,1.7460679653853348
7705,LEU_48_A_CD1,48.658,-16.566,42.397,5766,ILE_41_C_CD1,46.638,-13.406,42.057,3,-5.048718207377529,-3.423831165347554,-3.1609709198244245,-1.74773295660341,-5.154249046592577,-3.7001836148151943,60.4996374787961,-35.090541798512675,44.39014690237159,-0.431256,3.7658465183806946,3.8162622976108396
6576,TYR_44_A_CE2,56.661,-12.835,48.014,7739,LEU_48_C_CD1,56.062,-15.878,47.999,3,-1.8925192459222677,4.237807734520345,3.2309580913379943,-4.881633873230843,3.4142459315828644,3.1547039009463864,31.28083549005771,-141.76962538189295,47.378436614943006,0.176365,3.1014311212728876,1.6105190948301247
6776,TYR_44_A_HD2,58.042,-14.302,47.171,7984,LEU_48_C_HD12,56.823,-16.194,47.525,3,-3.4656030136003673,5.580854487591917,2.5298647459612247,-5.257577347195688,4.19262175170858,2.7591655500537424,71.49116838617996,6.57234502596592,43.265335021568745,0.03605399999999999,2.2783636671962624,2.8433375929428886
6975,ASN_45_A_CB,54.247,-14.955,38.847,7706,LEU_48_C_CD1,55.041,-15.763,47.93,3,-3.889777653880072,2.5978553447009984,-6.132652324039597,-4.690367836231019,2.416923891070318,2.9838441613987836,54.781122505621006,-15.498540282798205,44.95711929289118,0.606896,9.15337036287727,3.0581389013992495
5751,ILE_41_A_CD1,57.927,-12.182,48.332,7739,LEU_48_C_CD1,56.062,-15.878,47.999,3,-1.3347134427094605,5.511567729836065,3.6744410788757444,-4.881633873230843,3.4142459315828644,3.1547039009463864,44.74181159495829,-38.31200340216305,45.97775456360383,-0.21986,4.153255349722674,1.6871444474405801
1750,THR_29_A_CA,47.989,-6.359,47.355,3453,ILE_32_C_HG12,47.757,-6.273,45.439,3,5.214894657791863,-3.808714780252763,1.7095823913412391,5.304445763211865,-3.8409542292279397,-0.21998160538129044,47.78344935982177,-6.282804504071864,45.65743523025226,-0.7361890000000001,1.93190993578893,2.7693563862496537
1759,THR_29_A_C,49.069,-7.735,47.88,5277,PHE_38_C_HE1,48.994,-7.782,47.67,3,3.765070835469153,-2.8940506767117706,2.3395041816605926,3.722365544141808,-2.9510442919021513,2.123027887530778,48.258459454071534,-8.242938742115149,45.61048647140038,-0.890344,0.22789032449843227,2.734238825298029
8005,LEU_48_A_HD13,50.628,-16.274,43.193,6630,TYR_44_C_CE2,50.735,-16.164,43.118,3,-4.900606144920405,-1.526761712879403,-2.171541635101722,-4.799539089031346,-1.4047715600909547,-2.235399703006788,46.98938451133051,-20.014632745361162,45.74343141729157,-0.5849879999999998,0.17080398121823476,2.912999527605982
2429,LEU_30_A_H,49.725,-6.753,45.033,2289,LEU_30_C_O,49.797,-6.987,45.583,3,4.674326169619324,-1.8843416533220136,-0.42704808160948227,4.439501742907303,-1.8856018258683556,0.12729468291849524,49.7804665161041,-6.933266177338327,45.45670255357299,-0.989726,0.60202989958971,2.868918276197447
7705,LEU_48_A_CD1,48.658,-16.566,42.397,5731,ILE_41_C_CD1,47.269,-13.979,42.325,3,-5.048718207377529,-3.423831165347554,-3.1609709198244245,-2.3648077446859137,-4.598463117034643,-3.3705858198918115,69.60397572130917,-55.57769128223663,43.4827525211909,0.0,2.9371881111021825,3.448995137352796
6567,TYR_44_A_CE2,56.262,-13.635,48.415,7740,LEU_48_C_CD1,55.617,-15.769,47.999,3,-2.6572170565668536,3.7412248072998073,3.5896287686848547,-4.739347795942069,2.9810270648003043,3.110183280180188,51.43285756083988,-29.61234878320566,45.3003903028053,0.388341,2.2678264924812925,2.1092200956387814
2225,LEU_30_A_O,52.852,-4.945,45.815,1927,THR_29_C_OG1,53.087,-5.004,46.465,3,6.246611315475377,1.2769675807325616,0.6649960323353926,6.174691399098277,1.4407028528812162,1.3352379933336036,52.61883932565774,-4.88646178814386,45.17008749650014,-0.5184519999999999,0.6936901325519993,2.8743048657390955
6496,TYR_44_A_CD2,56.834,-13.204,47.989,7739,LEU_48_C_CD1,56.062,-15.878,47.999,3,-2.273697886439035,4.3839528766170535,3.223248262849462,-4.881633873230843,3.4142459315828644,3.1547039009463864,20.531267144474782,-138.94688556434417,48.45924265356922,0.10010999999999999,2.783228341333137,1.8993682043988858
7961,LEU_48_A_HD12,48.262,-16.828,42.887,5732,ILE_41_C_CD1,46.161,-14.851,43.411,3,-5.276554918179092,-3.885525158660862,-2.713210839257231,-3.142860053076717,-5.872338279398604,-2.4014002462683033,29.980209382700927,0.3748082105665167,47.44657081554723,-0.526274,2.9321163005583513,3.725784177804031
2235,LEU_30_A_O,53.915,-5.351,45.697,2029,THR_29_C_HA,53.958,-5.488,45.689,3,5.760673302206254,2.312568643522325,0.6538746111683624,5.620763883571328,2.3456377455354316,0.6501612475605165,61.48673583024091,-29.474902528907588,44.28830496181515,-0.9804630000000001,0.14381237777048297,2.1122353874901014
7910,LEU_48_A_HD11,50.933,-17.62,40.781,7165,ASN_45_C_HB3,52.006,-17.6,51.083,3,-6.28302830274383,-1.0852995534983148,-4.5414583297121895,-6.270341485584679,-1.0484127026190437,5.8162157047852565,51.40347095434275,-17.611230737104517,45.29804731746417,-0.2441,10.357747486784952,2.730994907806348
7684,LEU_48_A_CD1,48.337,-16.814,42.296,6550,TYR_44_C_CD2,48.323,-16.972,42.27,3,-5.272489713509968,-3.7510155111526036,-3.29372150137999,-5.429163700030838,-3.7742908010946863,-3.3210623650417475,50.02356343814878,2.2200730876752033,45.42818924227519,-0.601621,0.16073580808270535,3.663904398012154
5739,ILE_41_A_CD1,57.603,-12.84,48.024,7739,LEU_48_C_CD1,56.062,-15.878,47.999,3,-1.9685596083733128,5.1709904182430835,3.335250670548316,-4.881633873230843,3.4142459315828644,3.1547039009463864,29.13601997788807,-68.96114555949113,47.56217358822015,-0.37378999999999996,3.406574525825028,2.005896518925112
7961,LEU_48_A_HD12,48.262,-16.828,42.887,6825,TYR_44_C_HD2,46.504,-14.956,42.867,3,-5.276554918179092,-3.885525158660862,-2.713210839257231,-3.277351095788396,-5.4856656400135435,-2.9083582616712746,72.70416068247167,-42.855147211369115,43.16506781208732,-0.247268,2.5681409618632713,3.971815665042319
7961,LEU_48_A_HD12,48.262,-16.828,42.887,6800,TYR_44_C_HD2,46.361,-15.437,43.746,3,-5.276554918179092,-3.885525158660862,-2.713210839257231,-3.7398747244961705,-5.7518278524529265,-2.0483114201815944,40.504715728946564,-11.151838810607414,46.392264170875805,-0.13321000000000005,2.5073019363451254,3.4750011938561123
5848,ILE_41_A_HD11,58.498,-12.665,47.102,7984,LEU_48_C_HD12,56.823,-16.194,47.525,3,-1.8682427577200582,6.164301618327915,2.507601355161027,-5.257577347195688,4.19262175170858,2.7591655500537424,75.1944629910309,22.512204713640703,42.885520092414254,0.239482,3.9291723046972615,2.2552184721275457
5841,ILE_41_A_HD11,57.869,-12.665,47.63,7984,LEU_48_C_HD12,56.823,-16.194,47.525,3,-1.8169692108008373,5.487522412770162,2.9699496333139175,-5.257577347195688,4.19262175170858,2.7591655500537424,43.13085057051077,-62.388641813257635,46.150549053445104,-0.03462599999999996,3.6822522998838627,2.0959614209151196
7961,LEU_48_A_HD12,48.262,-16.828,42.887,5760,ILE_41_C_CD1,45.26,-13.621,42.284,3,-5.276554918179092,-3.885525158660862,-2.713210839257231,-1.8564415242562717,-6.5603500555903045,-3.6124316928166564,57.31990708390411,-26.504451704890226,44.70642637294943,-0.37112100000000003,4.434011953073651,3.755317874269389
1811,THR_29_A_O,49.603,-5.388,50.022,3200,GLN_31_C_HB3,48.64,-5.482,40.253,3,6.080327307414063,-2.400246912182769,4.525247604675788,5.989364273928939,-2.3868608469913832,-5.291122016512988,49.15906669150922,-5.431333053995984,45.51858931397041,-0.605765,9.816800191508431,2.3283113906717277
6508,TYR_44_A_CD2,55.318,-15.616,48.488,7738,LEU_48_C_CD1,55.272,-15.806,48.422,3,-4.560711058355573,2.6471418499267996,3.5668457148880623,-4.7471630908110525,2.593688236108012,3.4964869857712526,52.986023499792736,-25.24807684868228,45.142120673615494,-0.36378699999999997,0.206329833034392,2.735509057588092
6775,TYR_44_A_HD2,57.967,-14.752,47.171,7984,LEU_48_C_HD12,56.823,-16.194,47.525,3,-3.9086439354819227,5.472317360686466,2.5221554255337724,-5.257577347195688,4.19262175170858,2.7591655500537424,70.1409348167277,0.5931171378683029,43.40389079971888,0.348522,1.8744108407710385,2.825317239604242
8002,LEU_48_A_HD13,49.784,-16.311,43.024,6612,TYR_44_C_CE2,49.84,-16.252,42.091,3,-4.874982801973726,-2.3500198362564224,-2.424238106367124,-4.827061314716542,-2.196781847408794,-3.3469122903741297,49.636865359939954,-16.466016852920397,45.47536819957168,-0.9070250000000001,0.9365393745059523,3.276464894217798
6777,TYR_44_A_HD2,58.27,-14.082,46.789,7984,LEU_48_C_HD12,56.823,-16.194,47.525,3,-3.266187095091281,5.861900730694342,2.1727172964628574,-5.257577347195688,4.19262175170858,2.7591655500537424,63.63095368812371,-6.257304637652222,44.062212222212146,-0.216679,2.663841023785015,2.804941031436856
6521,TYR_44_A_CD2,55.921,-16.659,47.622,7747,LEU_48_C_CD1,55.841,-16.561,46.514,3,-5.652437337709146,3.2527877457043597,2.7651345574899633,-5.556612404280723,3.2915399010669066,1.6547364970683016,55.721782464880036,-16.41495851947804,44.862837138588446,-0.871791,1.1151986370149458,3.905326688836227
7117,ASN_45_A_HB3,52.11,-17.477,40.643,7837,LEU_48_C_HB2,52.671,-17.506,47.047,3,-6.230298468879024,0.10703709221249441,-4.560820352222393,-6.2557211715407615,0.02165608827758836,1.867153027495075,52.50804461942393,-17.4975762815745,45.18681059321001,0.47084999999999994,6.428590669812471,2.4540838688463253
5847,ILE_41_A_HD11,57.139,-11.963,47.421,7739,LEU_48_C_CD1,56.062,-15.878,47.999,3,-1.0633684839452981,4.83740804285414,2.68919662707624,-4.881633873230843,3.4142459315828644,3.1547039009463864,63.360739014477886,10.653627893854033,44.08194229306572,0.45219,4.101370258828142,1.452271886686497
7961,LEU_48_A_HD12,48.262,-16.828,42.887,5847,ILE_41_C_HD11,46.502,-13.505,42.637,3,-5.276554918179092,-3.885525158660862,-2.713210839257231,-1.832026245092489,-5.354624749302047,-3.1367643932054063,59.53625571708699,-38.114563493113685,44.48845677799532,-0.03462599999999996,3.7686110173378182,4.126924652800816
5738,ILE_41_A_CD1,57.608,-13.252,47.909,7969,LEU_48_C_HD12,56.43,-16.057,47.744,3,-2.380573835343397,5.156191908906465,3.221148607045243,-5.089730181487099,3.791238026595301,2.937764077980998,44.21802041420881,-45.135610134248175,46.03349352151482,-0.20787499999999998,3.0467907706306288,2.3734503760266525
7148,ASN_45_A_HB3,54.131,-16.574,38.351,7749,LEU_48_C_CD1,54.935,-16.561,46.514,3,-5.49890707609582,2.40953112364805,-6.638487762027508,-5.4882042454171405,2.3926947173429287,1.5639969825385107,54.781698456245955,-16.56347875630448,44.95753171434794,0.653342,8.202509006395546,4.382086055046641
7971,LEU_48_A_HD13,50.567,-15.859,41.97,6639,TYR_44_C_CE2,50.529,-15.802,41.933,3,-4.49095228289713,-1.4336289778343367,-3.3943192138103107,-4.4315121646268185,-1.4633095754473033,-3.434913972897517,53.744359172096395,-20.625038758145035,45.06374445704141,-0.8574900000000001,0.07785884663928513,2.540020715884643
3089,GLN_31_A_H,52.047,-6.206,49.884,2439,LEU_30_C_H,51.534,-6.366,45.184,3,5.07915942943906,-0.023801210835777242,4.63235833551267,4.9247028348656245,-0.07536100241095614,-0.09545868170421097,51.544357910117064,-6.36276946273152,45.278897032261604,0.975803,4.730620361009751,2.3667299461130753
2424,LEU_30_A_H,50.009,-6.039,44.8,2278,LEU_30_C_O,49.946,-6.127,45.249,3,5.3631577192862245,-1.5251560451226287,-0.6301189929826656,5.2833828750757235,-1.6391872358622237,-0.1897250082715829,49.91885913083269,-6.164911055344801,45.442432543747906,-0.8693059999999999,0.4618592859302549,2.70253934672381
5131,PHE_38_A_CZ,54.186,-5.692,40.243,1809,THR_29_C_C,54.17,-5.625,41.358,3,5.361142965168066,3.1004134966053893,-4.745710002230773,5.437141442790886,2.9782342947025984,-3.637889405734481,54.11745879371097,-5.4049836986646715,45.01946531326699,-0.8387660000000001,1.117125776266929,3.9494758230482176
7991,LEU_48_A_HD13,51.541,-16.211,43.229,6575,TYR_44_C_CE1,51.717,-16.326,46.451,3,-4.9064665457918135,-0.6197900444458674,-2.04425436802245,-5.0113548789073254,-0.7757755039313966,1.1791214980541933,51.65261862088701,-16.283932621602307,45.27238179828382,-0.807535,3.228851963159663,2.3296165992663393
6478,TYR_44_A_CG,55.52,-17.181,45.908,7704,LEU_48_C_CD1,55.294,-17.339,45.979,3,-6.154928211500104,2.9865907489240446,1.0193616396504361,-6.294900473565811,2.7432994808362587,1.0673003997976056,60.32562554921664,-13.821314881521253,44.39826807967097,-0.923915,0.28474725635201786,2.540006223855115
1796,THR_29_A_O,51.185,-4.77,49.609,2132,THR_29_C_HG1,50.777,-4.962,45.398,3,6.574140183355624,-0.7426109784215942,4.27303944727789,6.383348888050808,-0.7412774136547624,0.0422657706035032,50.772924047059924,-4.96391809550121,45.35593177002291,0.17104799999999998,4.235073671141978,2.3052185853307336
6512,TYR_44_A_CD2,55.696,-15.701,48.51,7737,LEU_48_C_CD1,55.735,-15.835,48.422,3,-4.673849862807024,3.013512289676206,3.626555946884957,-4.811038697448954,3.050832405426572,3.542845537675774,57.3855829713971,-21.506233799159073,44.697607654283566,-0.21042699999999998,0.16498787834262363,3.004376512329356
7703,LEU_48_A_CD1,49.508,-16.244,42.397,6648,TYR_44_C_CE2,49.314,-15.35,41.406,3,-4.791825515462925,-2.556122250228917,-3.0756985124202254,-3.8928479633667323,-2.5817868279903164,-4.080752585729451,50.10168498397792,-18.97984729730028,45.429689789289235,-0.370455,1.3486856564818952,2.97369796068857
7961,LEU_48_A_HD12,48.262,-16.828,42.887,6802,TYR_44_C_HD2,46.646,-15.633,43.411,3,-5.276554918179092,-3.885525158660862,-2.713210839257231,-3.9592278922109623,-5.450477731795771,-2.3531692437541687,36.084105081738,-7.822687854379277,46.83577285715922,0.11285799999999999,2.0770308134450004,3.8072301284378978
8003,LEU_48_A_HD13,49.797,-16.213,42.562,6644,TYR_44_C_CE2,49.656,-15.785,41.633,3,-4.781554556053284,-2.283536673650792,-2.8825700297089147,-4.350792651036993,-2.2981564227152673,-3.82083248985747,50.23018622608497,-17.527919891945885,45.41611350377971,-0.637605,1.03252409172861,2.931108004007894
7682,LEU_48_A_CD1,48.574,-16.787,43.136,7010,ASN_45_C_CB,49.451,-16.769,51.552,3,-5.2574479554256754,-3.5977542756015404,-2.4341967843467347,-5.245459969127677,-3.5670623282536322,6.027329277336967,48.826293801887466,-16.781821791979503,45.557099927804956,0.39495100000000005,8.461590216974582,2.822304880057549
6492,TYR_44_A_CD1,53.693,-16.273,45.118,8017,LEU_48_C_HD13,53.956,-16.256,47.013,3,-5.117251031208923,1.3218043801389223,0.05075159643892137,-5.1065898471386335,1.3947087335721067,1.9625712255893015,53.68601834249428,-16.273451285846377,45.06769490124208,-0.504285,1.9132388768786786,2.482750980963934
5987,ARG_42_A_HA,55.754,-14.046,39.039,7739,LEU_48_C_CD1,56.062,-15.878,47.999,3,-3.0958082453820173,4.1427152069164075,-5.790286168461931,-4.881633873230843,3.4142459315828644,3.1547039009463864,55.95337508326426,-15.231893352403011,44.83900242223306,-0.281465,9.150556704375969,2.7078626635313348
6619,TYR_44_A_CE2,54.469,-15.622,48.375,7717,LEU_48_C_CD1,54.603,-15.75,48.487,3,-4.503398518901251,1.8156800226252703,3.3693805215964554,-4.640345682056818,1.9277252288254836,3.4941817486384794,50.85127122765473,-12.166259083132877,45.35122669774122,-0.8164399999999999,0.21652713455823622,2.333694694745887
5022,PHE_38_A_CE1,54.152,-7.193,41.907,2591,LEU_30_C_HG,54.304,-7.23,42.538,3,3.87894773638613,2.7866100153692015,-3.09414175388616,3.835095385763097,2.871567375134621,-2.451107370383595,54.883390977927114,-7.371035961732258,44.9432349149474,-0.902455,0.6501030687514101,3.243161477815886
6466,TYR_44_A_CB,58.845,-15.763,46.311,7982,LEU_48_C_HD12,57.463,-16.834,47.525,4,-4.989183491624553,6.352619129009126,1.7539705101005927,-5.944057576584858,4.779027967225877,2.8229828287521874,61.1125016954122,-14.005768223019922,44.3191425048984,0.659872,2.1285584323668427,2.2383146240068985
7962,LEU_48_A_HD12,47.878,-17.084,42.887,5868,ILE_41_C_HD12,44.631,-14.296,43.17,4,-5.5028233657044145,-4.285908497601124,-2.751782481088081,-2.4756604806974623,-7.324087114045756,-2.7941801486533127,258.62161466573144,-198.03663248785324,24.51913952867192,-0.5364419999999999,4.289060736338436,3.00531970826516
1601,PHE_28_A_HB3,46.139,-6.398,48.999,5317,PHE_38_C_HE2,46.586,-6.498,52.995,4,5.3274635192916255,-5.811296395664735,3.1600140943299104,5.22261175652343,-5.774605926346282,7.180646496988173,45.787680565964806,-6.319405048314272,45.85834573063839,0.07656,4.022166704650611,2.6692945881484933
7963,LEU_48_A_HD12,47.622,-17.468,42.887,5496,LYS_40_C_HD2,43.565,-14.81,43.356,4,-5.866387859107571,-4.569010593437928,-2.7775906671792416,-2.9063591634018997,-8.439233285599501,-2.716105435809148,-135.65266752003276,102.60694855022105,64.0740394544973,-0.9148310000000001,4.872799400755177,2.209466203547152
5871,ILE_41_A_HD12,60.094,-12.601,47.172,7983,LEU_48_C_HD12,57.207,-16.45,47.525,4,-1.9244329889492724,7.7455588219929385,2.7371232795427423,-5.5418341677974245,4.554173402944935,2.797512172195166,190.94711819710483,161.85471594757743,31.172294172643486,0.18496199999999996,4.824331974481026,1.994012311599898
7962,LEU_48_A_HD12,47.878,-17.084,42.887,5858,ILE_41_C_HD12,43.95,-14.273,43.256,4,-5.5028233657044145,-4.285908497601124,-2.751782481088081,-2.400691593119861,-8.006556051798961,-2.7768073280018823,479.80877755663516,-326.1872117392318,2.311018096130752,0.029405999999999988,4.844281783711594,2.484543816334309
7962,LEU_48_A_HD12,47.878,-17.084,42.887,6806,TYR_44_C_HD2,46.849,-16.608,42.997,4,-5.5028233657044145,-4.285908497601124,-2.751782481088081,-4.949711449310921,-5.281669854054248,-2.745184834677566,-381.30295285113357,181.44868567263217,88.7664021512384,0.433782,1.1390860371367941,3.747513368296501
2809,GLN_31_A_C,55.78,-5.018,50.247,1988,THR_29_C_H,54.854,-4.85,41.492,4,5.984473904438124,3.7335571584320437,5.367930076575543,6.1592227241358986,3.7022246535266548,-3.435717242811499,55.21538137426715,-4.915563791443715,44.90873210767705,-0.243178,8.805437240705315,1.969011048974701
7900,LEU_48_A_HG,49.706,-18.298,44.813,6475,TYR_44_C_O,49.59,-18.276,44.974,4,-6.837560940544218,-2.7568229461033678,-0.6529187450366967,-6.805712891887677,-2.886322017975393,-0.5043364709221417,49.196258344236526,-18.20132485838969,45.52048626360274,-0.821291,0.19965219758369304,1.8102925517948985
7962,LEU_48_A_HD12,47.878,-17.084,42.887,5869,ILE_41_C_HD12,44.284,-14.414,43.355,4,-5.5028233657044145,-4.285908497601124,-2.751782481088081,-2.56579553037211,-7.695777553005668,-2.6449156505101272,-44.66620837171154,51.66754044309119,54.937831808002414,-0.8064899999999999,4.501639701264419,2.6217127938891345
5873,ILE_41_A_HD12,59.316,-13.058,47.36,7983,LEU_48_C_HD12,57.207,-16.45,47.525,4,-2.3200271707472457,6.920261533344986,2.8460573360995713,-5.5418341677974245,4.554173402944935,2.797512172195166,-64.32834351594235,-211.9207848298132,57.0334550403653,-0.298062,3.997595527313888,2.2143765718406874
5876,ILE_41_A_HD12,59.659,-12.791,47.404,7983,LEU_48_C_HD12,57.207,-16.45,47.525,4,-2.079379634678993,7.276407387253909,2.9243062602312193,-5.5418341677974245,4.554173402944935,2.797512172195166,3.1074757045763306,-97.18008132012858,50.194674730728394,-0.178524,4.406271212714894,2.0786850354677915
3136,GLN_31_A_HA,54.872,-3.696,46.096,1191,PHE_28_C_O,54.708,-3.786,46.116,4,7.341504226286889,3.347671889540121,1.1474431064694537,7.264289589777049,3.1761431653108803,1.1508777349709018,109.66123539522127,26.371263326645497,39.41438592741105,-0.9412820000000001,0.1881382470419042,1.721961065915408
7962,LEU_48_A_HD12,47.878,-17.084,42.887,5867,ILE_41_C_HD12,44.45,-14.031,43.006,4,-5.5028233657044145,-4.285908497601124,-2.751782481088081,-2.1989314744628152,-7.4671759118730305,-2.9753669391341013,90.06836702107577,-54.659026404709564,41.422398577739784,-0.173652,4.591966245520537,3.005159846149924
1785,THR_29_A_O,51.247,-3.998,48.979,2107,THR_29_C_HG1,50.918,-3.854,45.286,4,7.334724428679676,-0.5596135186656596,3.652756015701873,7.476709256350596,-0.5061680583662872,-0.05456240756374032,50.922842052944745,-3.856119318006209,45.34035167636758,0.22232600000000002,3.7104212698829744,1.466066483254801
6422,TYR_44_A_O,55.71,-17.743,45.377,7952,LEU_48_C_HD11,56.159,-17.661,49.983,4,-6.733457489964276,3.1855126539283205,0.5098138502634256,-6.652616902171282,3.177052575541177,5.137659377767441,55.66053715224334,-17.752033304044645,44.86959270207755,0.44813299999999995,4.628559279084578,2.163946653564589
7962,LEU_48_A_HD12,47.878,-17.084,42.887,5871,ILE_41_C_HD12,44.933,-14.355,43.131,4,-5.5028233657044145,-4.285908497601124,-2.751782481088081,-2.55757249942897,-7.025050748901596,-2.802763476020797,206.83918578109197,-164.38623293602714,29.71670141576013,-0.5400959999999999,4.02243732082925,3.345500678525431
5872,ILE_41_A_HD12,59.215,-13.323,47.002,7983,LEU_48_C_HD12,57.207,-16.45,47.525,4,-2.579201076733755,6.835724446567755,2.4796253950587923,-5.5418341677974245,4.554173402944935,2.797512172195166,74.8780855744655,11.068667625176051,42.92242143653118,-0.42786599999999997,3.7528285332532847,2.2177634726705757
7962,LEU_48_A_HD12,47.878,-17.084,42.887,5852,ILE_41_C_HD12,43.938,-14.528,43.356,4,-5.5028233657044145,-4.285908497601124,-2.751782481088081,-2.6533350419692914,-8.047791156387737,-2.6786240610822136,-100.3212499922434,79.05744238075488,60.527976712274715,-0.920634,4.7198195940099215,2.3182854956808217
5761,ILE_41_A_CD1,59.011,-13.018,47.665,7983,LEU_48_C_HD12,57.207,-16.45,47.525,4,-2.2549293559488612,6.590234786701308,3.1189943636503683,-5.5418341677974245,4.554173402944935,2.797512172195166,41.508737101529846,-46.314987953187085,46.30673126065087,-0.22880999999999996,3.879773189247021,2.3030331843164267
7962,LEU_48_A_HD12,47.878,-17.084,42.887,5872,ILE_41_C_HD12,44.424,-13.559,42.812,4,-5.5028233657044145,-4.285908497601124,-2.751782481088081,-1.7277168794690363,-7.437792276786203,-3.170788042022033,70.56184378596936,-40.234130094250716,43.37955595945216,0.17017200000000002,4.935723452544724,3.116763287151129
7960,LEU_48_A_HD12,47.532,-17.92,42.887,6783,TYR_44_C_HB2,47.088,-17.96,43.104,4,-6.3102904349061,-4.69258094940036,-2.786803176433064,-6.315096979325302,-5.157786358350207,-2.6153802356854876,40.31394269133281,-18.570275433213254,46.414744225181956,0.004875000000000018,0.49580742229215913,3.355594037639353
4948,PHE_38_A_CD2,59.365,-7.547,38.985,1231,PHE_28_C_CB,58.946,-5.748,42.694,4,3.1114347530430204,8.223497701516385,-5.479502336402122,4.963446251877208,7.573724150042108,-1.8303256155525442,58.73584124596246,-4.845671602593027,44.5543313096067,0.6826399999999999,4.143506124045194,2.2224211282778836
5870,ILE_41_A_HD12,59.913,-12.925,47.133,7983,LEU_48_C_HD12,57.207,-16.45,47.525,4,-2.2341124684680156,7.545311077608957,2.6800491099550108,-5.5418341677974245,4.554173402944935,2.797512172195166,121.65336972330054,67.50175656860111,38.189088347548555,-0.2561279999999999,4.461134945280176,2.008036887736562
7638,LEU_48_A_CA,52.926,-19.789,44.229,7675,LEU_48_C_CA,53.227,-19.798,45.787,4,-8.571576118832892,0.38300695364605686,-0.9121417419023727,-8.592122173043839,0.5253051545446872,0.6681667981230777,53.099734848201344,-19.794194729680438,45.12826542690265,-0.547868,1.5868352151373488,1.4812132168286212
1831,THR_29_A_CB,48.772,-3.444,43.983,3201,GLN_31_C_HB3,48.508,-3.373,39.602,4,8.038234094495113,-2.47395708928447,-1.5657610000541078,8.097595255677373,-2.2928311896131275,-5.951142130698439,48.86625883217442,-3.4693499131984247,45.54719675665206,0.706202,4.389521386210574,2.9902246798689918
7962,LEU_48_A_HD12,47.878,-17.084,42.887,5754,ILE_41_C_CD1,45.308,-14.445,43.205,4,-5.5028233657044145,-4.285908497601124,-2.751782481088081,-2.6750980665649995,-6.6672305656285875,-2.6916173671738184,-69.66654560618586,103.61641083841415,57.431422374617455,-0.57333,3.697342964887082,3.404300567261602
6737,TYR_44_A_HB2,57.561,-16.48,47.469,7983,LEU_48_C_HD12,57.207,-16.45,47.525,4,-5.598877731885119,4.908696845285068,2.777235076064936,-5.5418341677974245,4.554173402944935,2.797512172195166,106.04630630878981,-20.588924263456928,39.799008041547715,-0.258738,0.359655390617184,2.7696093233214034
7962,LEU_48_A_HD12,47.878,-17.084,42.887,5870,ILE_41_C_HD12,44.731,-14.464,43.483,4,-5.5028233657044145,-4.285908497601124,-2.751782481088081,-2.6484860824125733,-7.268886768415623,-2.4728123947729315,16.835748902865376,8.759882387827368,48.76599003936833,-0.65772,4.138021870411028,3.0143351194697043
5763,ILE_41_A_CD1,58.926,-13.336,47.304,7983,LEU_48_C_HD12,57.207,-16.45,47.525,4,-2.568180175166207,6.517851355219941,2.7511566778341354,-5.5418341677974245,4.554173402944935,2.797512172195166,160.94709575974267,171.47708446529276,34.187849817973955,-0.343476,3.563817896582259,2.374965150056693
7962,LEU_48_A_HD12,47.878,-17.084,42.887,6810,TYR_44_C_HD2,46.761,-16.592,43.151,4,-5.5028233657044145,-4.285908497601124,-2.751782481088081,-4.92601039788075,-5.383145814040485,-2.60076568876548,27.524362605760576,-8.118924263235597,47.69752844411753,0.36296399999999995,1.2487790036671806,3.6703679711267374
5858,ILE_41_A_HD12,60.57,-12.831,46.9,7983,LEU_48_C_HD12,57.207,-16.45,47.525,4,-2.1916587345767224,8.227528302697989,2.5140631519027803,-5.5418341677974245,4.554173402944935,2.797512172195166,90.39827166284678,19.267874560761964,41.356535893761745,0.029405999999999988,4.979714349237313,1.8542088527304565
7963,LEU_48_A_HD12,47.622,-17.468,42.887,6766,TYR_44_C_HB2,47.07,-17.523,43.017,4,-5.866387859107571,-4.569010593437928,-2.7775906671792416,-5.878619501109372,-5.133809570881905,-2.7035535007546843,26.913076059140074,-19.531389160774076,47.76410165273885,0.06609000000000001,0.5697622311104872,3.89066678399509
3109,GLN_31_A_HA,52.965,-2.753,47.276,1918,THR_29_C_OG1,53.065,-2.773,46.8,4,8.434226195601003,1.40937137030269,2.13093067370261,8.403325086134359,1.5546165722405028,1.6673306815242457,53.42464855687113,-2.8449297113742276,45.088072869293306,-0.4554389999999999,0.4868018077205597,2.5096290583606424
7963,LEU_48_A_HD12,47.622,-17.468,42.887,5854,ILE_41_C_HD12,44.161,-14.959,44.308,4,-5.866387859107571,-4.569010593437928,-2.7775906671792416,-3.093115093534817,-7.954344172917149,-1.709265939681631,38.6235737241008,-10.944725938679253,46.581528673231084,-0.704508,4.504757818129626,2.248515904244123
1979,THR_29_A_H,46.918,-5.051,49.31,4089,ARG_33_C_HH21,46.06,-5.078,40.248,4,6.613991522762127,-4.967356059103671,3.548062293154998,6.586969509253004,-4.915346082554324,-5.554316614203526,46.58355584221329,-5.061524466503777,45.777677205287745,-0.5406920000000001,9.102567604802509,2.1075680662891996
5764,ILE_41_A_CD1,58.927,-13.492,46.903,7983,LEU_48_C_HD12,57.207,-16.45,47.525,4,-2.7266774973468677,6.547071305542433,2.352204558696119,-5.5418341677974245,4.554173402944935,2.797512172195166,68.01238663681748,2.1327521347128644,43.617470646453214,-0.363834,3.477793553389848,2.550109665191103
7962,LEU_48_A_HD12,47.878,-17.084,42.887,5752,ILE_41_C_CD1,44.977,-13.853,42.627,4,-5.5028233657044145,-4.285908497601124,-2.751782481088081,-2.063949304477025,-6.892976024056286,-3.299601888849825,62.45017627658136,-33.313817838550264,44.193020624581564,-0.20636399999999996,4.350030114838289,3.530403963009024
6738,TYR_44_A_HB2,57.862,-16.237,47.387,7983,LEU_48_C_HD12,57.207,-16.45,47.525,4,-5.3798919851054965,5.233941379823344,2.7259005315519724,-5.5418341677974245,4.554173402944935,2.797512172195166,82.79460637698094,-8.129144796493195,42.13402338927738,0.174522,0.7024514218079435,2.708887279186182
4971,PHE_38_A_CD2,57.542,-4.831,40.776,1616,PHE_28_C_HB3,57.606,-4.887,40.756,4,5.970082151891781,6.441965605538068,-3.8788948142236404,5.9092678868232555,6.503210946141244,-3.892409007450625,39.17247812468598,11.242331640899511,46.51647558603653,-0.607622,0.08736131867136644,2.6688188266473576
7830,LEU_48_A_HB2,52.117,-18.496,44.032,6984,ASN_45_C_O,52.801,-18.535,49.907,4,-7.22262680086861,-0.30185903015262505,-1.1886075115722794,-7.271095525845264,-0.21312340424067605,4.725340304514126,52.25447289681927,-18.503838366923908,45.21277963276791,0.923769,5.914812084927129,3.524437542338639
6728,TYR_44_A_HB2,58.476,-17.755,45.943,8065,LEU_48_C_HD22,57.692,-18.221,46.69,4,-6.950219131576165,5.872216362056407,1.3499885793861814,-7.350331931725846,4.984440496663826,2.0145070215552727,60.068718845821664,-16.80830742072334,44.42544773236124,-0.07639600000000002,1.1789066969018367,2.252475219863858
1198,PHE_28_A_CB,44.499,-7.029,47.969,6120,ARG_42_C_HH11,44.019,-10.3,53.434,4,4.81473557808101,-7.383306436523665,1.9706632252670264,1.6285291373923083,-8.653545093142107,7.358672901626748,44.674559882952416,-5.832632547630546,45.970177582635564,-0.35538600000000004,6.387179815849869,3.8316955596639075
3124,GLN_31_A_HA,55.566,-3.704,46.167,1189,PHE_28_C_O,55.508,-3.769,46.161,4,7.281634675286656,4.02849171610842,1.2875894607372196,7.22115826753161,3.966619338780743,1.2757821312818787,49.24109909796081,-10.792251010906003,45.512699906685576,-0.906998,0.08732124598286477,1.5890634633868943
3473,ILE_32_A_HG12,57.401,-4.351,45.652,1173,PHE_28_C_O,57.309,-4.325,45.396,4,6.494257918100541,5.851377766262488,0.958677176994603,6.5252966003463255,5.787650291856505,0.6947616427601035,57.066808606002176,-4.256554606044098,44.72207612104958,-0.7639900000000002,0.27326909814320605,2.2830281398995167
7962,LEU_48_A_HD12,47.878,-17.084,42.887,5759,ILE_41_C_CD1,45.004,-13.236,42.284,4,-5.5028233657044145,-4.285908497601124,-2.751782481088081,-1.4532209958045288,-6.7851287767312,-3.6379019098820966,56.80300784167499,-29.03369734682161,44.7595747141719,0.09848399999999993,4.840515365123842,3.3715928747131816
7950,LEU_48_A_HD12,47.861,-18.645,43.698,6777,TYR_44_C_HB2,47.941,-18.418,43.632,4,-7.052236827435474,-4.502183230599443,-1.9472489737230472,-6.832403677331257,-4.399005295692904,-2.004805032167665,45.154422758479036,-26.324912922815216,45.930926224254726,-0.950615,0.24956962956257586,3.195850340971372
8054,LEU_48_A_HD22,47.389,-19.277,43.84,6770,TYR_44_C_HB2,46.701,-18.684,44.266,4,-7.645761051606866,-5.032574256065604,-1.853513412559212,-6.999471024963817,-5.712722880782961,-1.4983007301324527,43.79898958953647,-16.18270323633014,46.06288435299047,-0.18217800000000003,1.003229285856428,3.016278032746531
2114,THR_29_A_HG21,50.755,-2.666,48.494,3185,GLN_31_C_HB2,49.845,-2.703,40.421,4,8.696564036524274,-0.8982541913768693,3.1215043076656843,8.670578334976216,-0.9973918054126949,-5.00205984095765,50.40532972375098,-2.680217362880453,45.3919251207051,-0.293771,8.124210607806768,1.4815365249698513
7962,LEU_48_A_HD12,47.878,-17.084,42.887,5855,ILE_41_C_HD12,44.573,-14.608,43.973,4,-5.5028233657044145,-4.285908497601124,-2.751782481088081,-2.7766330280236367,-7.485510792476814,-2.0011638046869495,35.76180653729441,-8.006936455776394,46.86829685340341,-0.76125,4.270011358298709,2.7083349727403863
5862,ILE_41_A_HD12,60.174,-13.36,46.203,7983,LEU_48_C_HD12,57.207,-16.45,47.525,4,-2.6942252827562165,7.864163943801313,1.780674300518638,-5.5418341677974245,4.554173402944935,2.797512172195166,65.3697748592978,-7.948829014078111,43.887929435796536,-0.76125,4.48317666392927,1.7676117459121947
6744,TYR_44_A_HB2,57.042,-16.746,47.32,7988,LEU_48_C_HD12,57.02,-16.869,46.814,4,-5.825990943207209,4.38850609573884,2.5768874448598247,-5.950598482582585,4.4078998672297764,2.0711742427796613,56.929897876595426,-17.37275278085289,44.74165116169465,-0.780513,0.5211995778969899,3.160750308031621
7962,LEU_48_A_HD12,47.878,-17.084,42.887,5851,ILE_41_C_HD12,44.388,-14.4,43.356,4,-5.5028233657044145,-4.285908497601124,-2.751782481088081,-2.559681287286988,-7.591636951155152,-2.6334985108636038,-33.31407396210711,45.3571250757293,53.79791194505109,-0.76125,4.427631082192826,2.7677629482373147
6437,TYR_44_A_O,53.996,-18.294,44.351,7935,LEU_48_C_HD11,54.66,-18.279,49.95,4,-7.160799796777087,1.5457548584542722,-0.6829333672935882,-7.155890098327262,1.6463159971416712,4.9544228705405144,54.07643979070182,-18.292182836053428,45.02928672912569,0.899149,5.638255226574976,2.4223362401235584
5864,ILE_41_A_HD12,60.167,-13.576,45.867,7983,LEU_48_C_HD12,57.207,-16.45,47.525,4,-2.9114803410493324,7.874403067630686,1.4455677503151754,-5.5418341677974245,4.554173402944935,2.797512172195166,63.33198257745152,-10.502972997433911,44.09418205627885,-0.692346,4.446396293629258,1.8482122057408867
5875,ILE_41_A_HD12,59.622,-12.261,47.622,7983,LEU_48_C_HD12,57.207,-16.45,47.525,4,-1.546551627971648,7.258118530113657,3.1377373567771087,-5.5418341677974245,4.554173402944935,2.797512172195166,37.349587315654304,-50.89418291292924,46.727414480173266,0.191052,4.8362542323579305,2.136037145075434
2094,THR_29_A_HG1,51.971,-3.922,44.671,1905,THR_29_C_OG1,52.419,-4.011,47.226,4,7.324994240373837,0.5947966094284587,-0.5610378306543118,7.220717768271968,0.7772674778729326,2.0259451224273484,52.0681575587051,-3.9413013900106106,45.225101701990035,-0.436928,2.5955057310666834,2.944679572217242
7866,LEU_48_A_HG,51.235,-19.955,44.949,6459,TYR_44_C_O,51.455,-19.745,46.096,4,-8.604262674381207,-1.3791559915013427,-0.3651953607681368,-8.403266309461355,-1.2595501096441508,0.798163523804532,51.304061216134095,-19.889077930053823,45.30906006775365,-0.84738,1.186637686912056,1.7418390454400188
3193,GLN_31_A_HB3,54.263,-4.271,50.864,1926,THR_29_C_OG1,53.705,-4.209,46.8,4,6.848282134493232,2.2235544621041847,5.83022240700258,6.923137603953902,2.0806516482806314,1.7307981249242856,53.469409515275125,-4.182823279475012,45.08415819010413,0.23527599999999999,4.102597226148333,1.230138475745926
7949,LEU_48_A_HD12,47.61,-18.427,42.923,6781,TYR_44_C_HB2,47.183,-18.368,43.313,4,-6.821461789852808,-4.657245752040147,-2.743395000826849,-6.727598409113708,-5.1153594161486735,-2.398095802285514,44.21749381897903,-17.958246218547444,46.021541945194805,0.10496399999999997,0.5813002666436686,3.618816988311609
8079,LEU_48_A_HD23,48.745,-19.687,41.005,7574,ALA_47_C_HB1,49.084,-19.585,45.179,4,-8.17726435638762,-3.4351656717247625,-4.538629993209169,-8.071268856948755,-3.5080839640969907,-0.3516204545603467,49.11246884703645,-19.576434152219125,45.529527927817554,0.7357319999999999,4.188985676748012,2.390080723021669
6793,TYR_44_A_HD2,58.012,-15.326,47.375,7983,LEU_48_C_HD12,57.207,-16.45,47.525,4,-4.482927744701429,5.453048692533395,2.7293843445965824,-5.5418341677974245,4.554173402944935,2.797512172195166,90.26246907918625,29.704468627335793,41.36559582375417,0.6641579999999999,1.3906476908261114,2.6708098182828426
4931,PHE_38_A_CD1,57.291,-5.763,42.516,1606,PHE_28_C_HB3,57.359,-5.624,41.676,4,5.072176905612021,5.948438251211405,-2.1731920501892406,5.199627775099776,6.110358346704795,-3.0020968448081526,57.11272010540629,-6.127425078654759,44.71828105086328,-0.891054,0.854134064418458,2.0208887285556463
5866,ILE_41_A_HD12,60.332,-13.139,46.797,7983,LEU_48_C_HD12,57.207,-16.45,47.525,4,-2.4815387131233315,7.978337702582018,2.3876090382818305,-5.5418341677974245,4.554173402944935,2.797512172195166,78.53454013039146,6.146955318952378,42.556536251223996,-0.76125,4.610675655476104,1.6978328014719017
1178,PHE_28_A_O,46.291,-4.484,44.135,3427,ILE_32_C_H,46.331,-4.302,44.123,4,7.189647586473838,-5.029425732106298,-1.6634643979409367,7.368017217947526,-4.974739382187451,-1.6713179131090055,37.8185421905106,-43.0336830331708,46.67673734284652,-0.853724,0.18672975124494934,2.324217137481094
3350,ILE_32_A_O,58.32,-5.205,49.892,1564,PHE_28_C_HB2,57.633,-5.228,44.347,4,5.603686274040175,6.274779772072708,5.269024017826732,5.59292288773945,6.145398993059811,-0.31691079772002484,57.67197605776346,-5.2266951247036975,44.66158841382587,0.742851,5.587443333045984,3.00722753756945
5877,ILE_41_A_HD12,59.894,-12.425,47.404,7983,LEU_48_C_HD12,57.207,-16.45,47.525,4,-1.7321776756571208,7.53731014668223,2.9480033016934315,-5.5418341677974245,4.554173402944935,2.797512172195166,7.257775539065648,-91.27159600121357,49.774295184135774,0.17017200000000002,4.840995248913179,2.065801061792289
7963,LEU_48_A_HD12,47.622,-17.468,42.887,6816,TYR_44_C_HD2,47.811,-17.367,42.842,4,-5.866387859107571,-4.569010593437928,-2.7775906671792416,-5.78027154794818,-4.369347555959523,-2.803390907821459,27.27472326809779,-28.34141243345028,47.73158969807214,-0.5504070000000001,0.2189680341967749,4.110393360122344
5867,ILE_41_A_HD12,59.866,-13.183,46.797,7983,LEU_48_C_HD12,57.207,-16.45,47.525,4,-2.490226324897781,7.5126806754846704,2.340917941523261,-5.5418341677974245,4.554173402944935,2.797512172195166,73.49845610298367,3.5666179347302243,43.06460885935609,-0.507906,4.274757770915212,1.9825009123553272
6413,TYR_44_A_O,54.829,-19.612,44.665,7887,LEU_48_C_HG,54.759,-19.49,45.26,4,-8.53565152625982,2.2408470846980317,-0.287663182541656,-8.404457345164424,2.121213023708875,0.2973879077897358,54.794581770360416,-19.552013942628154,44.95755495193648,-0.49150299999999997,0.6113992149160797,1.8716427026451943
1595,PHE_28_A_HB3,45.808,-4.979,49.71,3422,ILE_32_C_H,45.372,-5.074,44.342,4,6.772459447936383,-6.103088997131382,3.83491174874086,6.672218831663934,-6.006594735717717,-1.54980604111253,45.497487622619396,-5.046657513420086,45.88699439958924,0.8339430000000001,5.3865151071912925,1.6206680721428148
7964,LEU_48_A_HD12,47.878,-17.084,42.471,6813,TYR_44_C_HD2,47.738,-17.062,42.46,4,-5.505801914141572,-4.244350639834835,-3.1656907713011275,-5.473373244045603,-4.380477604342666,-3.1906473513891656,65.63671158703289,-19.87465467796211,43.866327338980604,-0.4090739999999999,0.1421442928857856,4.04988391127987
7962,LEU_48_A_HD12,47.878,-17.084,42.887,5757,ILE_41_C_CD1,45.525,-14.396,42.945,4,-5.5028233657044145,-4.285908497601124,-2.751782481088081,-2.644485531408853,-6.4222542718234035,-2.9285550977377546,84.50666059641031,-58.92753577694469,41.98412608814629,-0.45622799999999997,3.572858379505127,3.7554221367952105
5065,PHE_38_A_CE2,55.666,-5.072,38.565,1148,PHE_28_C_C,56.334,-5.049,44.689,4,5.8555942963985075,4.783378476904102,-6.2667723796935135,5.871937914793846,4.836067956428427,-0.10665178794490371,56.34556525968706,-5.048601794950894,44.79502642264008,-0.883524,6.160367602667883,3.975564019261071
1833,THR_29_A_CB,48.596,-4.276,44.182,3164,GLN_31_C_HA,48.465,-4.217,44.36,4,7.223344370420724,-2.73154852433296,-1.3857543607664746,7.293340151595889,-2.8748212206415484,-1.2217436138315785,47.48915898712138,-3.7774990858027313,45.685951910629015,-0.837821,0.228748770488493,2.4170643932196394
7962,LEU_48_A_HD12,47.878,-17.084,42.887,5859,ILE_41_C_HD12,45.0,-15.172,44.593,4,-5.5028233657044145,-4.285908497601124,-2.751782481088081,-3.3668102673128666,-7.166595597610985,-1.3417633764882417,42.26131725099634,-13.352555449584786,46.21641652877007,-0.387846,3.8534483258504983,2.626090884501619
4115,ARG_33_A_HH21,55.419,-3.088,51.548,1991,THR_29_C_H,54.273,-3.112,41.566,4,7.945487535969704,3.39181708500887,6.627081083867384,7.936615346928838,3.250235770491422,-3.419514957361761,54.66305889408261,-3.103831227349054,44.963528691738766,0.25667900000000005,10.047597523786468,2.395989080352522
1876,THR_29_A_OG1,49.814,-3.298,43.454,3135,GLN_31_C_HA,49.911,-3.298,43.422,4,8.10134900692565,-1.3762664087930527,-1.9876764866046432,8.093795835486436,-1.276835673879467,-2.0098006488657223,41.099336957601565,-3.297999999999999,46.32894038512142,-0.47084999999999994,0.10214205793893368,3.225574755033908
3392,ILE_32_A_CG1,56.364,-5.839,43.117,1224,PHE_28_C_CB,56.246,-5.22,43.242,4,5.070692732859329,4.962955712327536,-1.6680901171240035,5.697714473498186,4.880347142435735,-1.555264761167785,54.61940427368999,3.3127352083554356,44.96508869312508,-0.9594269999999999,0.6424250929096712,2.0518294098382697
7952,LEU_48_A_HD12,47.617,-18.941,42.891,6768,TYR_44_C_HB2,47.636,-18.781,44.114,4,-7.334738956277807,-4.686087647771888,-2.774758920819767,-7.167877772169835,-4.777278897065384,-1.5559351020131378,47.66025516016516,-18.57674601966193,45.67526636220913,-0.24678099999999997,1.2335679956937915,3.035205602164131
1879,THR_29_A_OG1,49.436,-4.463,43.454,2919,GLN_31_C_CB,48.965,-4.444,39.737,4,6.968245750377276,-1.8396385449250057,-2.026046702345257,6.996140589240057,-1.9341545133687106,-5.77152125300956,49.690778929584596,-4.4732777062889735,45.46464390926956,0.45581400000000005,3.7467707429198267,2.999643965911644
6819,TYR_44_A_HD2,57.977,-15.188,47.74,7983,LEU_48_C_HD12,57.207,-16.45,47.525,4,-4.340069141877993,5.392328421805042,3.0891043305884827,-5.5418341677974245,4.554173402944935,2.797512172195166,49.8196807234483,-28.55752847663414,45.46230695524851,0.655284,1.4939106398978461,2.6778192600772965
1804,THR_29_A_O,48.935,-4.841,49.662,3160,GLN_31_C_HA,48.355,-4.98,44.641,4,6.6736119774637235,-2.9855218888153083,4.100395275022478,6.542855426268465,-3.0698923839259105,-0.953508794493912,48.46442730475282,-4.953775180412687,45.58830085717912,0.864,5.05629923956247,2.477165417730157
6464,TYR_44_A_CB,56.559,-17.424,46.311,7957,LEU_48_C_HD12,56.566,-17.655,46.44,4,-6.472793237309297,3.958696554193977,1.5242884944797308,-6.7027327832094254,3.935234576950331,1.6532394186914716,56.47625519203069,-14.693421337014648,44.786131395995234,-0.9262569999999999,0.26467149449836913,3.028794362280268
5865,ILE_41_A_HD12,60.782,-13.268,46.797,7983,LEU_48_C_HD12,57.207,-16.45,47.525,4,-2.6441447121688695,8.415000220822602,2.432621639164146,-5.5418341677974245,4.554173402944935,2.797512172195166,84.61551052649125,7.945491047635032,41.943630583696304,-0.920634,4.8410466843441995,1.7106212504089204
7967,LEU_48_A_HD12,47.675,-17.92,42.079,6763,TYR_44_C_HB2,47.908,-17.833,43.188,4,-6.3268730067052195,-4.4699920947787435,-3.5764184119185276,-6.24977601346278,-4.343021431604951,-2.449620513302192,48.41453411787535,-17.643864943110916,45.598928483792925,0.09497200000000006,1.136546963393949,3.8406381468039097
6765,TYR_44_A_HB3,58.613,-14.283,46.209,7983,LEU_48_C_HD12,57.207,-16.45,47.525,4,-3.496659384576153,6.244888781710845,1.6298981032150728,-5.5418341677974245,4.554173402944935,2.797512172195166,60.57566625591633,-11.258037143264088,44.371966719213454,0.15259799999999996,2.899065539100485,2.545675939298806
6752,TYR_44_A_HB2,58.729,-16.81,46.608,7981,LEU_48_C_HD12,57.553,-17.286,47.525,4,-6.022282607896268,6.128457517695897,2.037399139515575,-6.401551177323171,4.83403612458609,2.831798037616866,61.74509354418417,-15.589200232115926,44.256165153046865,0.76601,1.5653884501937563,2.393320864324569
5760,ILE_41_A_CD1,59.232,-12.269,47.965,7983,LEU_48_C_HD12,57.207,-16.45,47.525,4,-1.5226254941170534,6.8363264198763405,3.4399491299765104,-5.5418341677974245,4.554173402944935,2.797512172195166,48.38907307335003,-34.65629752114743,45.60900600112295,0.09848399999999993,4.666367538032125,2.1674478019207752
7544,ALA_47_A_HB1,56.769,-18.796,45.215,8041,LEU_48_C_HD22,56.627,-18.765,45.691,4,-7.864544942042966,4.172470336349056,0.4542287006205117,-7.819504277116289,3.986391089176472,0.913627059645275,56.909402058956054,-18.826651153715762,44.74435647842898,-0.9299189999999999,0.4976956901561414,2.5026243627414417
3198,GLN_31_A_HG3,55.566,-2.954,46.167,1184,PHE_28_C_O,55.573,-2.846,46.199,4,8.029474423519652,4.08537407114344,1.2879190794229025,8.136863926516984,4.097313091941315,1.3205067216876247,55.289348087513616,-7.222343792648375,44.90230554291914,-0.932659,0.11285831825789257,1.6030598612776943
1547,PHE_28_A_HB2,44.777,-7.04,46.942,5960,ARG_42_C_NH1,45.137,-9.174,52.656,4,4.775423387356804,-7.005740156905346,0.9766651084903161,2.66130005501597,-7.381253543226861,6.69705182901415,44.71553572210511,-6.675653419367515,45.96642532252389,-0.7581600000000001,6.110102454132826,2.5771135194120975
3150,GLN_31_A_HB2,52.486,-2.509,49.264,1898,THR_29_C_OG1,52.083,-2.575,46.272,4,8.72792464591441,0.7540612217169661,4.061068189384864,8.671120905959722,0.6481350252898326,1.0437213455437944,51.94359948556703,-2.597829860924508,45.237046304755694,0.620655,3.0197398894606846,2.0502905393098696
4929,PHE_38_A_CD1,56.662,-5.849,42.527,1222,PHE_28_C_CB,56.998,-5.382,43.001,4,5.0339964557706915,5.3167841617278375,-2.225282015524194,5.47767525260787,5.6381974841655165,-1.7198083748695274,58.14119633603,-3.793093187720199,44.61372340261374,-0.815396,0.7454267234275924,2.4799884790508737
4958,PHE_38_A_CD2,58.122,-5.947,38.062,1230,PHE_28_C_CB,58.501,-5.857,42.694,4,4.794071139373761,7.203869377732007,-6.521649577790064,4.888360242346259,7.123971478729369,-1.8749420454833814,58.653926137549576,-5.82068508607002,44.56300757026295,-0.193767,4.64835078280459,2.938005831477214
1598,PHE_28_A_HB3,45.951,-6.375,49.391,5022,PHE_38_C_CE2,45.974,-6.266,49.296,4,5.36739905116768,-6.035227628629651,3.5312242183790628,5.473668266253567,-5.9946519846007496,3.4390533388309708,46.832169382574115,-2.199023360843712,45.75138733284548,-0.793944,0.14640696704733558,2.0708724576074182
7939,LEU_48_A_HD11,49.929,-18.675,40.196,6480,TYR_44_C_O,50.654,-18.776,45.353,4,-7.263370415444977,-2.1029445919633707,-5.224535131947562,-7.381897153110375,-1.9065077596853583,-0.0208980401258215,50.6569116325416,-18.77640562053338,45.37371074347177,0.8830509999999999,5.2086922542995415,1.7560239648977405
5859,ILE_41_A_HD12,59.716,-13.285,46.585,7983,LEU_48_C_HD12,57.207,-16.45,47.525,4,-2.582124590648379,7.377307771100398,2.114915982437511,-5.5418341677974245,4.554173402944935,2.797512172195166,67.48973838230718,-3.4787497090465442,43.672559155293456,-0.52374,4.146794665762942,1.9841472993721394
4114,ARG_33_A_HH21,56.51,-4.035,51.187,1199,PHE_28_C_O,56.106,-4.044,46.265,4,6.916253751627689,4.43844127214608,6.376748049554294,6.902542591877739,4.528650516198227,1.439030429399632,55.98825971223943,-4.046622927202585,44.83055025654077,0.689029,4.938560620261734,1.467640000636753
1749,THR_29_A_CA,47.256,-6.005,47.588,2830,GLN_31_C_C,46.49,-6.085,40.509,4,5.624888966264101,-4.532354095337095,1.8681535384161285,5.552271311570332,-4.591189458111067,-5.252005313485565,47.05502054993555,-6.025990020894459,45.73064552610148,-0.07505999999999999,7.120772219359359,2.787558174230682
7763,LEU_48_A_CD2,47.255,-20.425,42.653,6735,TYR_44_C_HA,47.496,-20.318,45.329,5,-8.788835550231763,-5.134004210170299,-3.048470171192666,-8.68118053281122,-5.154121118880699,-0.36174135956910886,47.52844825725581,-20.303593512338708,45.68929683160392,0.683819,2.6889600220159484,2.017534765380943
5476,LYS_40_A_CD,61.244,-14.168,46.203,8081,LEU_48_C_HD22,58.021,-18.515,46.53,5,-3.5806890642168403,8.864432738061529,1.8874839601367992,-7.669472081948096,5.304528243178394,1.8881329773557418,9434.432608820693,12627.858336501264,-904.7844883910499,-0.8914019999999999,5.421352875436168,2.1225968966490028
1926,THR_29_A_CG2,49.132,-0.764,46.058,3263,GLN_31_C_HE21,48.567,-0.756,39.597,5,10.698189687292883,-2.1208302426627195,0.5360388654275838,10.702566781364867,-2.0353161303724074,-5.949057755105272,49.085298774607665,-0.7633387437112565,45.523952889805514,0.68642,6.485661878328223,2.183126183252248
5473,LYS_40_A_CD,61.326,-14.726,46.166,8081,LEU_48_C_HD22,58.021,-18.515,46.53,5,-4.143538222790778,8.90716095153494,1.8586373924729926,-7.669472081948096,5.304528243178394,1.8881329773557418,269.58756207927604,224.0343808527615,23.228871831510595,-0.7055699999999999,5.041035806260456,1.9402852199015752
5206,PHE_38_A_HB2,59.501,-4.343,45.421,1673,PHE_28_C_HD2,58.8,-4.234,39.264,5,6.342018964204919,7.958477099050922,0.9391655732860167,6.45955055032146,7.8863561768898816,-5.257036158327597,59.39474860674492,-4.326478741990292,44.48777627921321,0.6161749999999999,6.19773595758967,2.209978884817032
6709,TYR_44_A_HA,58.056,-19.098,45.088,8080,LEU_48_C_HD22,58.277,-18.899,46.53,5,-8.263760225454245,5.439089212774168,0.4566327335732051,-8.071695490735529,5.529382807459337,1.913603633912763,57.986735861576804,-19.160369065819975,44.63605933209847,-0.008704999999999935,1.4723471058143869,1.8428173339197138
1232,PHE_28_A_CD1,42.091,-6.807,47.382,5421,GLU_39_C_HB2,41.387,-9.848,49.956,5,5.213710951290491,-9.69681239167262,1.1455415087532148,2.2530558292300578,-10.883031033145432,3.6347541519076225,42.41498245460472,-5.407524652765698,46.19743915035149,-0.6036840000000001,4.04583403020935,1.9717492557336342
7759,LEU_48_A_CD2,48.413,-20.871,44.788,7493,ALA_47_C_CB,48.332,-21.028,44.795,5,-9.305699973636552,-4.232258865397344,-0.8084229616457966,-9.45608167990499,-4.325225860255736,-0.8096396320170043,102.23387165343725,83.44846727888975,40.1368135608105,-0.568993,0.17680214930820107,2.318475645384771
8055,LEU_48_A_HD22,47.133,-19.661,43.84,5475,LYS_40_C_CD,43.417,-15.876,43.973,5,-8.009325545010022,-5.315676351902407,-1.8793215986503728,-3.953696179978494,-8.728550790728118,-2.117499091928143,76.45381853947613,-49.52625785035446,42.790573502220084,-0.90031,5.30589954673098,1.3488748191358
5504,LYS_40_A_HD3,61.499,-15.46,46.128,8081,LEU_48_C_HD22,58.021,-18.515,46.53,5,-4.888758620419599,9.0269220305698,1.8378325154882793,-7.669472081948096,5.304528243178394,1.8881329773557418,188.57499993237812,96.16081075141315,31.440089714543944,-0.8914019999999999,4.646623828114345,1.3287933120646536
5860,ILE_41_A_HD12,60.997,-13.77,46.203,8081,LEU_48_C_HD22,58.021,-18.515,46.53,5,-3.1651855313760477,8.649568903407374,1.8629208423678356,-7.669472081948096,5.304528243178394,1.8881329773557418,280.8931900507864,336.8373325910557,22.041019439984257,-0.96657,5.6105730545105645,1.8952745512224327
8055,LEU_48_A_HD22,47.133,-19.661,43.84,5449,LYS_40_C_C,43.655,-15.656,44.308,5,-8.009325545010022,-5.315676351902407,-1.8793215986503728,-3.7499016183397327,-8.509210884536687,-1.7602501840244245,-7.760784042451441,43.55050232605462,51.226512631359135,-0.8456490000000001,5.324991361495342,1.3006315423193289
7457,ALA_47_A_CB,54.701,-21.042,45.206,7809,LEU_48_C_HA,54.81,-21.152,45.468,5,-9.947994372415254,1.9513570345663345,0.23716840548285043,-10.064031743429776,2.0249800415095414,0.5087194713556982,54.60580112418437,-20.945927740002578,44.97717334436978,-0.9179660000000001,0.3043435558706648,1.8417891125132377
3274,GLN_31_A_HE21,52.56,-1.493,50.62,2182,THR_29_C_HG22,52.158,-1.496,45.633,5,9.745119725799489,0.7690708305104011,5.418107938655843,9.736774874453875,0.8682127543823913,0.41592009308397454,52.12457465041666,-1.4962494429073365,45.218342740367916,0.467644,5.003177190546018,1.6966391416406614
5475,LYS_40_A_CD,61.087,-14.506,45.831,8081,LEU_48_C_HD22,58.021,-18.515,46.53,5,-3.9085246264387394,8.720199924112263,1.5014817068753348,-7.669472081948096,5.304528243178394,1.8881329773557418,72.99318850821302,1.062137550367235,43.11657541838197,-0.737586,5.095197542784776,2.01055518011905
5482,LYS_40_A_CD,61.686,-15.644,46.387,8081,LEU_48_C_HD22,58.021,-18.515,46.53,5,-5.084493770650296,9.172616363679019,2.114178154614402,-7.669472081948096,5.304528243178394,1.8881329773557418,27.40761799410865,-42.49617864636129,47.72446483679195,-0.95961,4.6578229893374,1.3434999541821653
1111,PHE_28_A_CA,46.761,-2.245,47.5,4047,ARG_33_C_HE,46.063,-2.12,40.293,5,9.410804145102587,-4.729483715102081,1.7326722790047904,9.536545157950826,-4.692521207085735,-5.507942402822234,46.59396925690844,-2.2150876176411924,45.775371682720646,0.2990339999999999,7.2418007429091835,3.5042396192746286
8055,LEU_48_A_HD22,47.133,-19.661,43.84,5529,LYS_40_C_HD3,43.156,-17.659,44.082,5,-8.009325545010022,-5.315676351902407,-1.8793215986503728,-5.711073118311403,-9.133606911673551,-2.035970964878103,94.84504747146607,-43.678983162654035,40.93672731000889,-0.999801,4.459046646986331,1.25740586406169
2902,GLN_31_A_CG,56.964,-1.574,47.552,1487,PHE_28_C_H,56.839,-1.526,45.62,5,9.309859161406225,5.43863769648704,2.8065768694826048,9.353326050757385,5.51126959247674,0.8717930993379706,56.78267632233699,-1.5043717077774041,44.74946123804054,-0.5919220000000001,1.9366344518261593,1.5972360294649146
7794,LEU_48_A_HA,51.548,-22.184,44.933,7433,ALA_47_C_C,51.439,-22.358,44.949,5,-10.850590247941355,-1.2360837789095216,-0.35074633839728,-11.015744389318154,-1.3590180752678849,-0.3458200451694299,43.787326991505715,-34.572597279614506,46.07218135904489,-0.7850220000000001,0.20594416719101358,1.7545653947429565
8055,LEU_48_A_HD22,47.133,-19.661,43.84,5530,LYS_40_C_HD3,43.023,-17.827,44.553,5,-8.009325545010022,-5.315676351902407,-1.8793215986503728,-5.865174617690563,-9.325350524566526,-1.5807335380293868,21.264545131479533,-8.117752742368241,48.32764192731264,-0.8664540000000002,4.556755973277479,1.2987114287474077
5523,LYS_40_A_HD3,61.87,-16.132,46.013,8081,LEU_48_C_HD22,58.021,-18.515,46.53,5,-5.587659044154684,9.355513948577086,1.7602725443484566,-7.669472081948096,5.304528243178394,1.8881329773557418,114.85972374676038,16.675095788134595,38.89538836656915,-0.9839700000000001,4.556399784917909,1.355887072398746
8102,GLU_49_A_HA,49.36,-21.892,40.413,7527,ALA_47_C_CB,49.671,-21.723,44.081,5,-10.426587921615413,-2.933116513315632,-5.067027704645943,-10.255294191168234,-2.9781834546988155,-1.3862487886141879,49.78812829895358,-21.659351503140982,45.462436014667986,0.690925,3.6850381273468593,2.596351919673869
5451,LYS_40_A_O,60.742,-15.51,45.408,8081,LEU_48_C_HD22,58.021,-18.515,46.53,5,-4.886611973181314,8.34403507627914,1.0456142377609454,-7.669472081948096,5.304528243178394,1.8881329773557418,64.11891757730619,-11.78062208018922,44.01553343559811,-0.7680359999999999,4.206275074219468,1.5882386180317114
8055,LEU_48_A_HD22,47.133,-19.661,43.84,5531,LYS_40_C_HD3,43.003,-18.125,44.157,5,-8.009325545010022,-5.315676351902407,-1.8793215986503728,-6.163641512766003,-9.328233953501075,-1.9768764394950133,126.69438450153041,-49.25089990177983,37.73323029370834,-0.919097,4.417769233448033,1.2739003447632955
8055,LEU_48_A_HD22,47.133,-19.661,43.84,5474,LYS_40_C_O,43.687,-17.237,45.498,5,-8.009325545010022,-5.315676351902407,-1.8793215986503728,-5.3202436229028045,-8.716251046591914,-0.5737235892946795,42.17271193082231,-16.171813035494274,46.22658085278485,-0.489876,4.527654580464374,1.49541265800668
1216,PHE_28_A_CG,43.062,-6.904,48.369,5224,PHE_38_C_HB3,42.626,-8.849,50.365,5,5.050741207437674,-8.839437320665045,2.2247856193247317,3.15855524750595,-9.61890686975833,4.166227484298696,43.561632024798534,-4.675136953593697,46.0816937580324,0.314619,2.8208397685795643,2.6216239851107863
8055,LEU_48_A_HD22,47.133,-19.661,43.84,5478,LYS_40_C_CD,43.679,-16.216,44.353,5,-8.009325545010022,-5.315676351902407,-1.8793215986503728,-4.3097785682631296,-8.532368015864726,-1.7133188702442843,8.030167991967076,19.33994275265587,49.64768755649126,-0.727271,4.905232920055887,1.4060640274242748
5419,GLU_39_A_HB2,61.743,-8.73,39.965,1305,PHE_28_C_CD2,60.676,-5.169,40.967,5,1.7593064223307397,10.395095125781133,-4.2667836533548344,5.397788414705404,9.506500310678158,-3.375121135505503,56.637191393050244,8.310097890673013,44.759770594342676,-0.539875,3.850092726156085,2.4087048534465034
7731,LEU_48_A_CD2,49.519,-20.199,44.955,7586,ALA_47_C_HB1,49.25,-20.171,44.979,5,-8.717949141547168,-3.100709603527939,-0.5311970116680846,-8.66954691989799,-3.3678592314560905,-0.5342468046566552,96.37201483550362,-25.075893737524964,40.77480536783592,-0.925752,0.2715161137022981,2.051804883046526
6329,GLU_43_A_HB3,60.333,-18.716,42.927,8061,LEU_48_C_HD22,58.578,-19.775,46.545,5,-8.070259679110217,7.942960569055749,-1.4652829174784245,-8.967792131015681,5.7600686947196635,1.9582895679137073,59.58186313021058,-19.16925011117208,44.4754975469505,-0.38876900000000003,4.158296526223207,1.4195550320877552
8053,LEU_48_A_HD22,47.043,-20.113,43.84,6750,TYR_44_C_HA,46.228,-19.724,46.343,5,-8.453228120808546,-5.4392467078648385,-1.8885341079041953,-7.985890020263743,-6.468353988071147,0.5204258970783582,46.40407063016471,-19.80803861979641,45.80225792969047,0.5005879999999999,2.6609312279726427,1.9304511221963456
7797,LEU_48_A_HA,51.13,-21.936,44.899,7587,ALA_47_C_HB2,51.13,-21.876,44.898,5,-10.571986630109324,-1.6285771165443719,-0.42633075506605983,-10.512166610222891,-1.623926629445017,-0.42729935742267655,51.13,-48.34502650011359,45.33915044166754,-0.9530339999999999,0.060008332754708675,1.370895999208044
4907,PHE_38_A_CB,60.841,-5.64,41.022,1305,PHE_28_C_CD2,60.676,-5.169,40.967,5,4.916080411758204,9.628980733951474,-3.304079275933768,5.397788414705404,9.506500310678158,-3.375121135505503,68.51496973862398,-27.545695435708545,43.57998991287466,-0.5709300000000002,0.5020866459088509,2.9045120613862214
8055,LEU_48_A_HD22,47.133,-19.661,43.84,5477,LYS_40_C_CD,43.323,-16.104,43.591,5,-8.009325545010022,-5.315676351902407,-1.8793215986503728,-4.17667703757719,-8.800939392643787,-2.507093018288966,58.538768193429455,-30.30937728714661,44.585416346499734,-0.851417,5.218270786381255,1.311838787362612
2960,GLN_31_A_OE1,55.228,-0.866,46.524,2080,THR_29_C_HB,54.966,-0.936,44.487,5,10.139537317286548,3.8727399489854544,1.6101896403529758,10.074936569260613,3.810993626892201,-0.44283913077090764,55.02251350526299,-0.9209009718762998,44.926381718399654,-0.929762,2.0549727492110437,1.9252018532492172
1671,PHE_28_A_HD2,44.316,-5.827,51.084,3367,ILE_32_C_O,43.105,-5.914,39.087,5,6.049394270022199,-7.784882243829964,5.052200631400591,5.968184068254426,-7.794432487981411,-7.005801387838147,43.80860126554428,-5.863452262508377,46.0573586975515,0.30302799999999996,12.058279271935943,3.464474556552172
7393,ALA_47_A_C,53.109,-21.251,44.797,7814,LEU_48_C_HA,53.04,-21.291,45.34,5,-10.039115745864923,0.3969366451333782,-0.32931208686948393,-10.069902774636608,0.2712028305292328,0.20402942353872439,53.066395901967944,-21.275698027844673,45.13227572799138,-0.880977,0.5488260197913426,1.1236240800668544
2209,THR_29_A_HG23,48.949,-2.13,48.525,3271,GLN_31_C_HE21,48.217,-2.03,39.215,5,9.367605419295641,-2.652436878242209,2.971705897426436,9.45592821258936,-2.4410149868357953,-6.36475081098382,48.71601132079832,-2.098170945464251,45.56171502272183,-0.845534,9.339267851389632,2.526539502249083
5520,LYS_40_A_HD3,62.1,-16.559,45.922,8080,LEU_48_C_HD22,58.277,-18.899,46.53,5,-6.031447007931245,9.560403365075794,1.692577860555167,-8.071695490735529,5.529382807459337,1.913603633912763,91.37588517214895,1.3603228623668726,41.266039187897796,-0.946257,4.523338700561788,1.2276176547232895
7565,ALA_47_A_HB2,54.738,-21.831,45.587,7799,LEU_48_C_HA,54.851,-21.925,45.553,5,-10.73478754882844,1.890163199198899,0.6196116196502243,-10.837292379763023,1.9985381219698812,0.5970586653103452,57.84252067455614,-24.413521623082143,44.65289643420418,-0.821589,0.15086749152816364,1.564303856209445
4217,GLY_34_A_H,61.222,-4.542,45.112,1263,PHE_28_C_CD1,61.039,-4.683,44.479,5,6.011434420032679,9.681662019351531,0.8039968283668413,5.880125826981412,9.552649189645342,0.1557894979839598,60.99501796401435,-4.716887798218453,44.32686541650864,-0.803453,0.6738390015426559,3.4671827202673664
1942,THR_29_A_CG2,50.422,-0.89,47.521,3308,GLN_31_C_HE22,49.926,-0.78,41.71,5,10.485625303523433,-0.9967255925542049,2.1208259547102823,10.591152692394582,-0.8999545359652736,-3.7105835089446835,50.24160970497911,-0.8499940877977874,45.4075967653904,0.05587399999999998,5.833166978580332,2.793428135209747
8055,LEU_48_A_HD22,47.133,-19.661,43.84,5520,LYS_40_C_HD3,43.905,-16.976,44.783,5,-8.009325545010022,-5.315676351902407,-1.8793215986503728,-5.08157501196005,-8.408749997313155,-1.2631801860744287,37.28712696400167,-11.471356536042286,46.7162881886451,-0.72845,4.303307797497179,1.5747310429569745
3703,ARG_33_A_CZ,59.239,-4.033,51.899,1654,PHE_28_C_HD2,58.088,-3.867,40.1,5,6.717290851940103,7.074913769021675,7.358489124261098,6.885239258092865,7.12429806849199,-4.496388037643051,58.52455809846417,-3.9299614633753692,44.57519461666264,0.07446200000000003,11.856169617545119,4.146096280852852
4974,PHE_38_A_CD2,57.999,-4.595,40.375,1658,PHE_28_C_HD2,58.17,-4.62,40.419,5,6.168025141606781,6.953314967176234,-4.232004433428402,6.130500715083224,7.116672933683222,-4.171110327040511,69.88311820195709,-6.3324441815727015,43.4329017595677,-0.698365,0.17833115263464075,2.8895333799724137
1204,PHE_28_A_CG,43.676,-6.88,48.13,5153,PHE_38_C_HB2,43.555,-6.768,46.887,5,5.026600349840717,-8.204590145827037,2.0484924442024717,5.138514095780362,-8.191966079392598,0.7996730231425567,43.4775184729125,-6.696281561704131,46.09105340355569,-0.871233,1.253887554767175,1.786042376005694
7442,ALA_47_A_CB,55.765,-20.161,45.56,7774,LEU_48_C_CD2,55.617,-20.342,45.552,5,-9.147335376530044,3.038408136674694,0.696339477865561,-9.316696472819642,2.8786484958333824,0.6734773646246338,51.257182125158366,-25.673939428015583,45.31633416892741,-0.81604,0.23394230057858295,2.120164167563515
8055,LEU_48_A_HD22,47.133,-19.661,43.84,5480,LYS_40_C_CD,43.461,-16.498,43.937,5,-8.009325545010022,-5.315676351902407,-1.8793215986503728,-4.577484620719933,-8.728476345282367,-2.1491846668044445,72.7047425783668,-41.68807564688838,43.16449372818589,-0.90031,4.847428390394233,1.3224516935176138
8055,LEU_48_A_HD22,47.133,-19.661,43.84,5452,LYS_40_C_C,43.957,-15.996,44.614,5,-8.009325545010022,-5.315676351902407,-1.8793215986503728,-4.109534072331913,-8.265951492056631,-1.425691719767733,33.97530101417597,-4.477446227000928,47.046567699945754,-0.638644,4.911036245030167,1.223059021391286
5199,PHE_38_A_HB2,60.569,-5.213,41.886,1246,PHE_28_C_CG,60.446,-5.243,41.878,5,5.368574273201618,9.305201305241567,-2.471477818512319,5.34789060387018,9.181696549842117,-2.4917697187858483,75.54994153722932,-1.559111820188078,42.86037018128349,-0.533165,0.1268581885413835,2.599709495841805
6169,GLU_43_A_O,58.398,-20.269,42.236,8060,LEU_48_C_HD22,58.774,-20.179,46.339,5,-9.47763054047544,5.974487153663332,-2.3472889670457713,-9.3869025457169,5.9444593565821595,1.7727779938626993,58.61221512319659,-20.217725103490178,44.57356555977556,-0.278091,4.121175196470057,2.1540980281912057
5465,LYS_40_A_O,60.96,-16.18,43.743,8081,LEU_48_C_HD22,58.021,-18.515,46.53,5,-5.583063743306252,8.675829923900325,-0.5894747845806119,-7.669472081948096,5.304528243178394,1.8881329773557418,60.26075033728163,-16.735545410836135,44.40608567880099,-0.45153,4.6751807451691105,1.4629966921347755
8055,LEU_48_A_HD22,47.133,-19.661,43.84,5510,LYS_40_C_HD3,43.465,-16.749,44.005,5,-8.009325545010022,-5.315676351902407,-1.8793215986503728,-4.827576801128427,-8.750337673392556,-2.0812362773328497,81.27292320335351,-46.764450482051686,42.30426190606508,-0.967923,4.686277093813383,1.3672747481025365
8055,LEU_48_A_HD22,47.133,-19.661,43.84,5462,LYS_40_C_O,43.329,-17.71,46.376,5,-8.009325545010022,-5.315676351902407,-1.8793215986503728,-5.758563730034671,-9.195008728349746,0.2637986885235155,43.79723793192997,-17.950150421975646,46.063841378713356,-0.704508,4.970725600956061,1.3864934956622126
3713,ARG_33_A_CZ,60.559,-3.057,52.75,1626,PHE_28_C_HD1,59.829,-2.96,45.636,5,7.596905264428427,8.373498647306215,8.337842379850496,7.697808986302524,8.367299677364414,1.1865428467807484,59.70787847877935,-2.9439057704679397,44.455645887720934,0.660798,7.152014051999616,2.425135689283961
3218,GLN_31_A_HG3,55.16,-1.875,46.457,2088,THR_29_C_HB,54.969,-1.972,45.765,5,9.138098245058849,3.735444439425537,1.5362726080098894,9.050844524430051,3.607725908163728,0.8285800441032474,54.745373532102576,-2.0855694627541927,44.95479311107318,-0.45365999999999995,0.7243990612914946,1.9907088171995135
7572,ALA_47_A_HB2,56.086,-21.657,46.295,8024,LEU_48_C_HD21,55.975,-21.638,45.717,5,-10.658001142577618,3.1699862726233397,1.4591357399383194,-10.634813200843837,3.1190453223432346,0.8729332672868357,55.80970627097398,-21.609706478815372,44.85628130290954,-0.9496819999999999,0.5888684063523894,2.7339052484878787
1151,PHE_28_A_O,45.404,-3.982,44.468,3238,GLN_31_C_HG3,45.391,-4.047,43.584,5,7.759559479377451,-5.904613971295116,-1.420754735354978,7.689398859791729,-5.834130664718093,-2.301640420874568,45.42496731944138,-3.8771634027931765,45.8937777220128,-0.4436399999999999,0.886481810304081,1.3830596795119356
1238,PHE_28_A_CD1,42.203,-6.629,46.558,4210,GLY_34_C_O,42.077,-6.705,45.562,5,5.3768417967008,-9.489880267383398,0.3369801794696129,5.303443087355153,-9.521150203585435,-0.6666645886412558,42.16069469043007,-6.654517488312021,46.22358660054246,-0.866212,1.0068108064577008,2.4725307867587736
5291,PHE_38_A_HD2,58.577,-5.208,38.552,1299,PHE_28_C_CD2,58.893,-5.198,41.146,5,5.500095866859635,7.662373894480832,-5.988218521045685,5.504780232063014,7.717499608187735,-3.3756084827102746,59.30128606829365,-5.185079554800834,44.49756348466357,-0.45703000000000005,2.613195744677388,3.0153015276403345
7778,LEU_48_A_HA,51.786,-22.509,44.673,7432,ALA_47_C_C,51.801,-22.601,45.143,5,-11.1944860868137,-0.9986386595941591,-0.5857452050319847,-11.283988494405717,-1.0376870730817498,-0.11664655822160078,51.804729915626964,-22.623876815845357,45.25987068964476,-0.6794309999999999,0.4791544636127255,1.8113261794048958
2951,GLN_31_A_CD,53.383,-0.354,47.647,2208,THR_29_C_HG23,53.107,-0.365,43.139,5,10.797411239832286,1.9689556389025842,2.54298393853268,10.77500534040039,2.144644301330885,-1.9699965034330027,53.22747892561012,-0.3601983036894491,45.106822451631956,0.7356750000000001,4.516454472260288,3.2930298978781214
7744,LEU_48_A_CD2,47.58,-21.217,42.203,7494,ALA_47_C_CB,48.018,-21.235,44.994,5,-9.606315662443643,-4.826684136805623,-3.464005535085041,-9.637351827998048,-4.672325526322401,-0.6431795610488267,48.11786885058928,-21.239104199339288,45.63037890866366,0.8269179999999999,2.825216628862287,2.237181235442218
7839,LEU_48_A_HB3,50.791,-20.735,40.564,7670,LEU_48_C_N,51.444,-20.684,45.904,5,-9.379887962476356,-1.4407515225461744,-4.772958104272217,-9.34010582627716,-1.3224993997794232,0.605614551842102,51.37047374542699,-20.689742479300495,45.30272863794813,0.593423,5.3800195166932285,3.068778807749635
3212,GLN_31_A_HG3,56.474,-2.853,46.408,1194,PHE_28_C_O,56.462,-2.949,46.43,5,8.063349892664561,4.969788031846302,1.618691506786611,7.968689992608561,4.948404084856138,1.6393368484526967,57.414856218104504,4.673849744840193,44.68309693347424,-0.7245079999999999,0.09921693403849821,1.4976545720781804
5478,LYS_40_A_CD,62.028,-15.971,46.77,8081,LEU_48_C_HD22,58.021,-18.515,46.53,5,-5.43363257891107,9.448853631416755,2.5293613244070117,-7.669472081948096,5.304528243178394,1.8881329773557418,46.22216285398791,-26.00595126015842,45.82330648489071,-0.965004,4.752429378749356,1.242516177393821
1505,PHE_28_A_HA,44.845,-3.304,49.679,3921,ARG_33_C_HG3,44.268,-3.242,42.092,5,8.515124909946245,-6.9283499242361595,3.7083554778092203,8.566190405517826,-6.738159584285503,-3.89825756281218,44.563702515920134,-3.2737739271872597,45.98020621886661,0.947476,7.609161714670024,2.113657152395913
7756,LEU_48_A_CD2,48.684,-20.425,44.928,7474,ALA_47_C_CB,48.83,-20.527,44.889,5,-8.880444250349125,-3.943558769618259,-0.641789158027098,-8.993453526364846,-3.802551704375731,-0.6660154059019223,44.81624393822328,-17.72286905273135,45.96116771513198,-0.7827339999999999,0.18232114523554271,2.247855791964163
3807,ARG_33_A_HA,58.684,-2.414,47.848,1509,PHE_28_C_HA,57.929,-2.545,40.727,5,8.344528201288806,7.051776349751006,3.2729842266120794,8.219926162247388,7.004181863459626,-3.887884163237117,58.33891572298759,-2.473875550051159,44.593238229661765,0.736078,7.162110512970323,1.953706124773031
3749,ARG_33_A_NH2,56.708,-1.554,50.905,1467,PHE_28_C_H,56.146,-1.631,45.083,5,9.373138399186953,4.851215899684948,6.1170868559813165,9.297109026949009,4.869424386528931,0.2680403537243897,56.12024560075989,-1.6345286276538924,44.816199088299044,0.998846,5.849568958478909,1.8775503460988816
8043,LEU_48_A_HD22,46.71,-21.057,43.986,6190,GLU_43_C_O,46.715,-20.834,47.376,5,-9.368320331837321,-5.85579809141263,-1.7770343761606546,-9.122067869392644,-6.17258113823989,1.596518976905334,46.71263377245027,-20.939533748718194,45.77169772127945,-0.1937480000000001,3.3973304225523906,1.8760716023140003
7394,ALA_47_A_C,53.799,-22.208,45.097,7813,LEU_48_C_HA,53.58,-22.387,45.639,5,-11.043310201884653,0.9789361188794201,0.037865127917275865,-11.20137816985124,0.6939445787364686,0.5551274787121747,53.81503144516731,-22.19489667267147,45.057324003284556,-0.881248,0.611364048664953,1.6228068891800727
5213,PHE_38_A_HB2,60.111,-5.12,42.924,1313,PHE_28_C_CD2,59.885,-5.1,40.143,5,5.503320061033335,8.754176764122336,-1.48452669117827,5.520414858487104,8.80929665753368,-4.274169421932574,60.231267383528206,-5.13064313128568,44.40392740527402,-0.987529,2.790239595446956,2.488508507189005
2162,THR_29_A_HG22,51.118,-1.317,45.197,1931,THR_29_C_CG2,50.781,-1.262,43.002,5,9.990663468358543,-0.10644245771605804,-0.1219691142946781,10.055234329821344,-0.21733210713244686,-2.33966005071983,51.13653440930032,-1.3200249035950045,45.31772115256438,-0.008802000000000018,2.2214002340866004,2.98247338137617
8055,LEU_48_A_HD22,47.133,-19.661,43.84,5585,LYS_40_C_HZ1,43.042,-18.436,43.773,5,-8.009325545010022,-5.315676351902407,-1.8793215986503728,-6.479439879763513,-9.274768059359115,-2.3551763067502134,63.289832178416894,-24.498966125289833,44.104607126852585,-0.825822,4.270994614840905,1.264757678356633
8055,LEU_48_A_HD22,47.133,-19.661,43.84,6503,TYR_44_C_CB,43.627,-17.078,44.43,5,-8.009325545010022,-5.315676351902407,-1.8793215986503728,-5.164818104945441,-8.65702635051281,-1.6422928868800153,19.335095367873457,0.8187454833950101,48.51791321533217,-0.9165970000000001,4.394544913867647,1.4537549095744098
3782,ARG_33_A_H,60.078,-3.559,45.615,1629,PHE_28_C_HD1,60.193,-3.377,45.544,5,7.081583030130769,8.571001119200396,1.190323525840096,7.253867296186137,8.705989206100329,1.1312782206511178,62.39634190768409,0.1100280625958634,44.18367586569053,-0.9631209999999999,0.22669362584775002,2.4466185582450843
8055,LEU_48_A_HD22,47.133,-19.661,43.84,6507,TYR_44_C_CB,43.378,-16.669,43.737,5,-8.009325545010022,-5.315676351902407,-1.8793215986503728,-4.7431571051468735,-8.80381031961841,-2.356566971291928,61.91963389415899,-31.443052892496322,44.24559874596496,-0.9644410000000001,4.802363792966962,1.2958521346571115
5485,LYS_40_A_CD,61.424,-14.926,46.416,8081,LEU_48_C_HD22,58.021,-18.515,46.53,5,-4.348571720624506,8.964243728862867,2.117107548000854,-7.669472081948096,5.304528243178394,1.8881329773557418,29.95973317967615,-48.11002986134069,47.47004831546196,-0.8016179999999999,4.947153322871649,1.5625124020852375
2141,THR_29_A_HG22,49.908,-1.852,44.859,2956,GLN_31_C_CD,49.629,-1.875,43.461,5,9.546146267220147,-1.31369722887482,-0.5796910554407126,9.534268962455489,-1.4525799389640912,-1.9986147751909318,50.021983438444764,-1.8426035158271334,45.43014282059418,-0.7659769999999999,1.4257538356953527,2.6821513181703445
2046,THR_29_A_HB,47.222,-2.862,44.733,3241,GLN_31_C_HG3,47.146,-2.977,44.195,5,8.740961544147817,-4.042499824470806,-0.9745150111469797,8.62817915045831,-4.072876103566579,-1.5174721119771999,47.358406984518524,-2.655594694478549,45.69861786409165,-0.49265200000000003,0.5553782494840759,2.172111875700451
7860,LEU_48_A_HG,50.171,-20.5,44.779,7584,ALA_47_C_HB1,50.06,-20.674,44.775,5,-9.068572028172369,-2.4591051587198725,-0.6411439433085033,-9.233718357605042,-2.5820256868507436,-0.6563173950892236,54.86122993157486,-13.147747674828429,44.948017294831736,-0.8294790000000001,0.20642916460616512,2.024478045396363
4976,PHE_38_A_CD2,58.789,-4.667,39.952,1663,PHE_28_C_HD2,58.853,-4.743,39.975,5,6.033554359186988,7.773872662651089,-4.573787518253276,5.953105579637051,7.829305496501524,-4.544526711698506,68.79290746647008,-16.546640116433288,43.54715424576319,-0.984685,0.10198529305738271,2.679491369367446
3303,GLN_31_A_HE22,52.607,-0.508,48.487,1950,THR_29_C_CG2,52.068,-0.519,43.306,5,10.708461606809689,1.1034890772394248,3.300973116178447,10.701095043634936,1.085486512426868,-1.90796388107994,52.265428483478175,-0.5149708472759538,45.203730933024914,0.8268500000000001,5.208973315347281,3.6171329417148876
1272,PHE_28_A_CD2,44.095,-3.658,50.529,3793,ARG_33_C_HA,43.358,-3.599,43.287,5,8.224859795736705,-7.784189426727585,4.478810479381767,8.287485033783565,-7.7874281227948545,-2.8005632292835214,43.64154295061468,-3.6216988250831292,46.073184597491974,0.9706870000000001,7.279643809967633,2.7328291069787753
8055,LEU_48_A_HD22,47.133,-19.661,43.84,5487,LYS_40_C_CD,43.302,-16.211,43.369,5,-8.009325545010022,-5.315676351902407,-1.8793215986503728,-4.283372735911567,-8.807711257881534,-2.7301270286957697,55.59519451613682,-27.28161369894859,44.88037943542168,-0.872778,5.1769587597352995,1.3030754764991854
5479,LYS_40_A_CD,62.138,-16.364,46.583,8080,LEU_48_C_HD22,58.277,-18.899,46.53,5,-5.835145148139532,9.546859647331095,2.3541458068403296,-8.071695490735529,5.529382807459337,1.913603633912763,41.50579378054013,-29.9103980228777,46.29978142200691,-0.988621,4.619129246946872,1.2284100674612037
5468,LYS_40_A_O,61.078,-15.762,44.819,8081,LEU_48_C_HD22,58.021,-18.515,46.53,5,-5.1674732654371045,8.717109495459706,0.4931168058524413,-7.669472081948096,5.304528243178394,1.8881329773557418,62.15860258101986,-14.788856753173803,44.21418776050868,-0.7849139999999998,4.455533525852994,1.4501453401440387
7481,ALA_47_A_CB,57.538,-20.64,45.501,7752,LEU_48_C_CD2,57.922,-20.673,48.219,5,-9.759249729751806,4.766971651917036,0.8149986456285938,-9.801688060759874,4.873911666151173,3.5577767666979727,57.423896902298694,-20.630194265041297,44.69336401158295,0.715136,2.7451901573479423,2.3838083036531
8055,LEU_48_A_HD22,47.133,-19.661,43.84,5453,LYS_40_C_C,44.102,-16.44,44.614,5,-8.009325545010022,-5.315676351902407,-1.8793215986503728,-4.563203528931784,-8.15577093272746,-1.4113645255453093,34.96046518240915,-6.725422749105892,46.948393912509154,-0.424118,4.490086636135212,1.4116575243863254
1584,PHE_28_A_HB3,45.502,-5.155,49.944,3766,ARG_33_C_H,44.816,-5.131,44.53,5,6.62174656291124,-6.443397157421633,4.037010690666005,6.658710251497823,-6.581307935249063,-1.4184620022438517,44.994364916903336,-5.137240172019942,45.93767880483186,0.818459,5.4573407443552595,1.6885599941870948
2936,GLN_31_A_CD,53.769,-1.542,47.043,2251,THR_29_C_HG23,53.3,-1.414,42.017,5,9.579363257493148,2.322144502037363,1.9801582642096984,9.706420724761612,2.368647035350964,-3.0674862274722097,53.58501433550941,-1.4917864284545934,45.07133272978744,0.6830269999999999,5.049457495612767,2.3354407112041273
2032,THR_29_A_HB,47.82,-1.202,46.304,3078,GLN_31_C_NE2,47.061,-1.128,40.244,5,10.362276098159379,-3.4802635589070725,0.6492074092917013,10.449982343587276,-3.622271129939405,-5.456306366328043,47.73929451938672,-1.1941314814685315,45.65963213107183,0.654315,6.107794773893441,1.8765862335895391
6740,TYR_44_A_HB2,56.74,-20.067,45.515,8107,LEU_48_C_HD23,57.073,-20.24,49.404,5,-9.12754637859122,4.017333113681655,0.7492571965664003,-9.297346344751464,3.946076469203594,4.6519779734231985,56.6760695625636,-20.033786889860366,44.768376963392825,0.863834,3.9070627074568463,2.383123158921999
8110,GLU_49_A_HA,50.591,-21.32,40.228,7482,ALA_47_C_CB,51.013,-21.374,45.06,5,-9.950507577936893,-1.6499743677899779,-5.127556546851643,-10.001618457030913,-1.7181129956429795,-0.2776113094873538,51.037155318641766,-21.37709096494468,45.33658412245741,0.20602099999999995,4.8506931463451695,3.2391827564700204
3419,ILE_32_A_H,57.469,-3.606,46.46,1582,PHE_28_C_HB3,56.738,-3.584,41.302,5,7.237762938353912,5.894625752703868,1.7697523255023102,7.277963096731224,5.6863445939479655,-3.4355153819430773,57.220465434123255,-3.5985201635440633,44.706318343649436,0.6058669999999999,5.209588179501333,2.3341882606581184
1516,PHE_28_A_HA,45.952,-2.224,49.077,4044,ARG_33_C_HE,45.175,-2.205,40.611,5,9.504119040754851,-5.688042460726209,3.22072754055824,9.521115914015121,-5.611722991885462,-5.280515453555931,45.65763065886408,-2.2168017793029833,45.869624398897415,0.7588499999999999,8.501602554812829,1.9820743944968728
8055,LEU_48_A_HD22,47.133,-19.661,43.84,5527,LYS_40_C_HD3,43.503,-17.282,45.07,5,-8.009325545010022,-5.315676351902407,-1.8793215986503728,-5.354285428184176,-8.859454270498896,-1.0180196529232346,39.21250540812774,-14.470130403839088,46.523803952617875,-0.7817599999999999,4.511035468714474,1.4308747982825232
7441,ALA_47_A_CB,55.345,-20.236,45.36,8096,LEU_48_C_HD23,55.634,-20.234,49.371,5,-9.19183895426812,2.636016442729069,0.45524747009242084,-9.18294721202419,2.522192181300777,4.475024948315587,55.312270198519826,-20.23622650381647,44.90574659606585,0.715376,4.0213985129554155,2.8538661278481596
7621,ALA_47_A_HB3,58.252,-22.468,44.564,8942,LYS_51_C_HE3,58.239,-22.305,44.337,6,-11.642604435661985,5.430296906762214,-0.046583421275404935,-11.480717670046387,5.452439005634179,-0.27367239629634865,58.254666727772786,-22.501436663612537,44.61056516957083,-0.9589139999999999,0.27976239918902385,2.988423906679701
5235,PHE_38_A_HB3,62.805,-7.142,40.543,1373,PHE_28_C_CE2,61.907,-4.621,40.635,6,3.2666838660456623,11.511405814170914,-3.5846284736734177,5.848885370526379,10.80250732923606,-3.5819213876757794,-1126.2951512946736,3331.0779124875967,162.36617808363917,-0.10010999999999999,2.677743266259857,4.257546319953464
221,GLU_26_A_OE2,49.586,0.701,46.837,3336,GLN_31_C_HE22,49.134,0.822,41.335,6,12.130268028729569,-1.6371264323957693,1.3572357041460454,12.245653914778549,-1.5267372730225153,-4.162315847456094,49.47485500342941,0.7307534172235427,45.4840801523642,0.220583,5.521861008754207,2.3758705838195633
5251,PHE_38_A_HB3,62.453,-5.807,40.596,1373,PHE_28_C_CE2,61.907,-4.621,40.635,6,4.624796100753935,11.258141571384966,-3.5665624486054255,5.848885370526379,10.80250732923606,-3.5819213876757794,189.2419069693183,-281.21294077950495,31.53964950219132,-0.10010999999999999,1.3062285404935874,3.9809198952187734
3951,ARG_33_A_HG3,59.375,-0.248,48.641,608,TYR_27_C_CD2,59.284,-0.31,48.652,6,10.457792817514084,7.822375995313758,4.13215525037208,10.402921176185075,7.726293475455658,4.133958679211479,267.88121858153477,141.8111818907143,23.436951600028163,-0.491641,0.11066164647248052,2.6119047285582826
507,TYR_27_A_CB,42.16,-2.801,43.213,3831,ARG_33_C_HA,42.181,-2.697,43.21,6,9.173112509504001,-8.908052009940008,-2.993824911488586,9.275205855099388,-8.879030467397849,-2.9946608861381003,-33.04601632809994,-375.24984276771903,53.956716618300014,-0.875543,0.10614141510268296,2.504104648825565
8842,LYS_51_A_HG3,48.066,-23.438,46.254,7658,ALA_47_C_HB3,47.96,-23.462,45.672,6,-11.828609156813782,-4.917659384616739,0.6143241633535046,-11.848703529004728,-4.966501480873679,0.024623675105885034,47.95557383856171,-23.463002149759614,45.647697868329374,-0.962333,0.5920608076878601,2.9920136851508525
5236,PHE_38_A_HB3,62.532,-6.767,40.543,1373,PHE_28_C_CE2,61.907,-4.621,40.635,6,3.6612167946541674,11.269002913149077,-3.6118057034769704,5.848885370526379,10.80250732923606,-3.5819213876757794,-13.005234303459439,252.59764770435837,51.66208088946907,0.21969500000000003,2.2370527485957945,4.289609977448178
3809,ARG_33_A_HA,59.419,-1.86,47.848,1295,PHE_28_C_CD2,58.675,-1.844,40.636,6,8.841435810146127,7.8229890454043405,3.3468408872651185,8.861928241652539,7.806547413455911,-3.903403641920762,59.0755564637025,-1.8526141174989754,44.51881346266449,0.967173,7.250292132045436,2.3140431980482843
1650,PHE_28_A_HD2,43.324,-4.484,51.539,3976,ARG_33_C_HD2,41.808,-4.412,37.589,6,7.466685415101596,-8.712644842657268,5.4061503033834155,7.553063050946951,-8.817625242968845,-8.625508829433926,42.73991198999689,-4.456259672348137,46.16431151745158,-0.742143,14.032317698798018,3.4734299107706006
607,TYR_27_A_CD2,42.665,-2.266,42.435,3938,ARG_33_C_HG3,42.609,-2.359,42.438,6,9.662870696009438,-8.28874280394114,-3.7171001192179536,9.574388366015317,-8.35165367175552,-3.719764699795202,120.78521466101185,127.46935649061497,38.24998850030257,-0.703635,0.10860018416190509,2.4438111470327963
5406,GLU_39_A_HB2,63.023,-7.587,40.378,1373,PHE_28_C_CE2,61.907,-4.621,40.635,6,2.80532397869768,11.710417323472239,-3.727160833198779,5.848885370526379,10.80250732923606,-3.5819213876757794,34.38400681965781,68.52702667822079,46.97318032916473,-0.452465,3.179412052565696,4.321039910480817
5566,LYS_40_A_HZ1,64.059,-17.005,45.209,9130,LYS_51_C_HZ3,61.875,-19.956,44.624,6,-6.629183093157076,11.54133458191912,1.1791685827323914,-9.41096737034154,9.209209584810415,0.3770767967938806,60.848264982094,-21.34331457776585,44.34898169163232,-0.33866399999999997,3.7175908865823297,2.92183855447312
4522,ARG_35_A_HA,62.352,-4.149,42.036,1392,PHE_28_C_CE2,62.106,-4.046,39.45,6,6.295956939260891,11.139832986514183,-2.143189858386471,6.3987189773145605,11.16192555768561,-4.740779680093139,62.554966881359526,-4.23398206821151,44.16962746014535,-0.765643,2.599715561364356,4.340030936708127
9140,LYS_51_A_HZ3,43.935,-21.46,46.013,5586,LYS_40_C_HZ1,42.909,-18.604,44.244,6,-9.546117991740571,-8.841942948489661,-0.0383308693242157,-6.6335413791426685,-9.466511672252096,-1.8999388799014976,43.95612553862209,-21.518805592889567,46.049424052458555,-0.23675999999999997,3.5126589643744253,2.5998869196881484
5233,PHE_38_A_HB3,62.135,-5.728,40.659,1373,PHE_28_C_CE2,61.907,-4.621,40.635,6,4.7280304432103275,10.942350854695766,-3.5356934708037104,5.848885370526379,10.80250732923606,-3.5819213876757794,79.57333955516853,-90.39572757706766,42.4946146900178,-0.8733500000000001,1.1304906014646912,3.966881055745483
354,GLU_26_A_HB3,46.353,-1.02,46.904,2977,GLN_31_C_CD,45.837,-0.9,42.435,6,10.658814713645988,-4.981814208930276,1.0993446049778375,10.785432095741154,-5.0381908287516355,-3.398811318874614,46.226890139476815,-0.990672125459724,45.811781072329254,-0.581299,4.500290768383751,2.1776019261538466
2996,GLN_31_A_OE1,56.506,0.494,48.333,390,GLU_26_C_HB3,56.177,0.508,44.821,6,11.41207617339489,5.063077321974308,3.538688226860224,11.425731399674476,5.088581509991412,0.011402574805822019,56.17593644930375,0.5080452574764374,44.809646838768295,-0.026282000000000028,3.5274042864406687,2.437118308845757
5243,PHE_38_A_HB3,62.644,-6.423,40.378,1373,PHE_28_C_CE2,61.907,-4.621,40.635,6,3.9945879260229487,11.422691757657239,-3.764607627037,5.848885370526379,10.80250732923606,-3.5819213876757794,47.456672093817076,30.710737974140514,45.67398815724419,0.42130500000000004,1.9637774823029213,4.278189986035426
1433,PHE_28_A_CZ,39.991,-6.23,49.053,4313,GLY_34_C_HA3,38.753,-7.235,42.311,6,5.959575268782626,-11.903397610570897,2.598069681158702,5.00267352285436,-12.534326284672666,-4.234462869575,39.52025064880531,-6.612151129200857,46.48935531037594,0.26838,6.928003536373228,3.1220379915234036
7396,ALA_47_A_O,52.924,-24.348,44.472,7450,ALA_47_C_O,53.331,-24.212,45.83,6,-13.115553783791237,0.010978489207069855,-0.6725675320907374,-13.000953084693734,0.2894165870131974,0.7194266868112176,53.120649513226326,-24.282289106145505,45.12814260187064,-0.944109,1.4241871365800194,2.543561938136796
920,TYR_27_A_HB3,41.524,-4.583,45.396,3979,ARG_33_C_HD2,40.787,-4.548,38.963,6,7.45989710847918,-9.89226075381969,-0.8862824710708064,7.50438389209619,-9.978137730759927,-7.360734499691841,41.624887330432244,-4.5877911215266325,46.27660813659512,0.810911,6.475174360586748,2.7182578794348347
492,TYR_27_A_O,43.537,-1.463,49.799,3954,ARG_33_C_HG3,42.684,-1.342,41.652,6,10.450442856502507,-8.098381077141175,3.6975597856587354,10.577168399408118,-8.121593108952487,-4.493854062899672,43.15196042618797,-1.4083812562353382,46.12148838470502,0.886547,8.192426929793147,1.5012082599490546
3635,ARG_33_A_CG,60.905,-0.81,48.061,536,TYR_27_C_CG,60.978,-0.779,48.059,6,9.777735070304589,9.355610757851073,3.70806018625615,9.803119544283787,9.43058520076648,3.7133951080291565,10.166037909434728,-22.356682531609813,49.45110855042814,-0.9114359999999999,0.07933473388119526,2.911365246758606
6340,GLU_43_A_HB3,61.532,-18.943,42.768,9131,LYS_51_C_HZ3,61.423,-19.866,44.624,6,-8.388275605727074,9.13115938831634,-1.5034985729844728,-9.2870980268159,8.767604978404421,0.3318467477608146,61.442708168864506,-19.69911339576203,44.28841870263741,-0.9183399999999999,2.0757037360856683,2.9864605172656487
3004,GLN_31_A_OE1,55.309,1.205,47.95,394,GLU_26_C_HB3,55.006,1.441,45.249,6,12.208666301214937,3.9677158817319387,3.0380421607718087,12.447525682382647,3.9548340780810634,0.32038025112173574,54.97027987758699,1.468821613496607,44.93058399129521,-0.3814000000000001,2.7281689830360585,1.9878527498727396
4060,ARG_33_A_HE,58.541,-0.787,50.488,921,TYR_27_C_HB2,58.285,-0.772,46.538,6,9.996541536000395,6.769569871899202,5.886102946799431,10.002545898448606,6.911329040327673,1.930331304528092,58.16007751744854,-0.7646803232880006,44.6104851325068,0.17511500000000005,3.958315424520894,2.300281920799705
3329,GLN_31_A_HE22,53.853,1.113,48.778,218,GLU_26_C_OE2,53.665,1.124,44.53,6,12.232796039707885,2.4335204398914456,3.7160142117857844,12.22754386458238,2.6722090412545816,-0.5294503289018123,53.68844541118637,1.1226281940263305,45.05976652510461,-0.8891739999999999,4.25217226838236,2.4804100916573577
7563,ALA_47_A_HB2,55.768,-23.196,45.48,8618,LYS_51_C_CB,55.917,-23.199,44.576,6,-12.174392872571612,2.819192410912641,0.6157083347682408,-12.195107194859974,3.0570966280940164,-0.2688245929961498,55.87171636713665,-23.19808824900276,44.85074096717093,-0.880719,0.916201942805184,2.721776743170782
8971,LYS_51_A_HE3,46.547,-23.431,47.666,7317,GLU_46_C_OE1,46.796,-23.752,50.69,6,-11.696826289057604,-6.565189674042835,1.8670935839531346,-12.014050863187665,-6.644595370279523,4.900685729409274,46.393747261954545,-23.23343321721852,45.804810121086554,-0.599922,3.051166662114675,2.054518657079871
8793,LYS_51_A_HB2,50.809,-24.645,46.234,7592,ALA_47_C_HB2,50.72,-24.506,45.488,6,-13.239387910024345,-2.285865958255285,0.8686166533139293,-13.09940960917409,-2.2890964879693523,0.1175150363746196,50.70607533521235,-24.48425248982603,45.371283146836106,-0.31040899999999993,0.7640405748387993,1.903206075053225
9141,LYS_51_A_HZ3,43.551,-21.716,46.013,5541,LYS_40_C_HE2,40.817,-18.135,46.329,6,-9.772386439265892,-9.242326287429925,-0.07690251115506541,-5.993005802456217,-11.714709187834261,-0.03473859416027403,38.56447406779304,-15.184635931516791,46.58935047351039,0.8914019999999999,4.516433659426429,2.470952238601471
5571,LYS_40_A_HZ1,63.649,-16.901,44.492,9130,LYS_51_C_HZ3,61.875,-19.956,44.624,6,-6.499659013554476,11.214087464677982,0.4247563366358217,-9.41096737034154,9.209209584810415,0.3770767967938806,47.84520357726015,-44.11666971334285,45.66793073720504,-0.3851819999999999,3.5351838707484515,3.000154025427014
3008,GLN_31_A_OE1,56.642,0.484,47.552,1011,TYR_27_C_HD2,57.814,1.016,47.1,6,11.386244264060961,5.275265760425967,2.775231758521911,11.824982944540887,6.523513064073799,2.443118766926217,66.4355693673413,4.92954513944163,43.77495788904585,-0.750568,1.3641524841453727,2.5884858198190326
466,TYR_27_A_O,44.861,-1.742,48.799,3707,ARG_33_C_CZ,43.47,-1.685,36.647,6,10.065116958953599,-6.706098440887394,2.835069198194534,10.139973218094617,-6.86782148822895,-9.395117889353475,44.53855348086999,-1.7287868787991285,45.982055283632036,0.3545500000000001,12.231485355425972,3.889527768487356
3633,ARG_33_A_CG,62.424,-2.395,50.39,1747,PHE_28_C_HE2,61.297,-2.326,38.471,6,8.09928282828399,10.509739548476535,6.176786944304806,8.167839293675414,10.587565375391765,-5.795125774710403,61.84253578040417,-2.3594001498206607,44.24051283641291,-0.533711,11.972361964123875,3.933248810573712
4613,ARG_35_A_HG2,62.734,-4.014,40.697,1424,PHE_28_C_CZ,62.735,-4.09,40.721,6,6.392137716010743,11.662819454490458,-3.437139012139235,6.316452955161935,11.655649909981417,-3.413192935074475,62.87753662200434,-14.922783272355366,44.14187892811135,-0.75776,0.07970570870395445,3.786402067327939
2191,THR_29_A_HG23,48.235,0.102,46.875,3319,GLN_31_C_HE22,47.559,0.205,40.914,6,11.635273621493756,-3.0266835765244022,1.2594733391667674,11.746338201823805,-3.094037130755413,-4.739212696768815,48.093068254918435,0.12362569488668992,45.623439153208295,-0.25531200000000004,6.000092165958785,2.651152385091553
5257,PHE_38_A_HB3,62.671,-6.251,40.43,1373,PHE_28_C_CE2,61.907,-4.621,40.635,6,4.16442617309806,11.457328822522882,-3.7100893404906783,5.848885370526379,10.80250732923606,-3.5819213876757794,40.55542279148739,40.932757656905,46.3641535703469,-0.452465,1.8118004857047598,4.3656660643978995
1240,PHE_28_A_CD1,41.447,-6.123,46.197,3868,ARG_33_C_HB3,40.901,-6.002,39.722,6,5.935881901623192,-10.165469965019037,-0.09769869227014139,6.051398669963328,-10.051137041967642,-6.5947723303735915,41.4552103865449,-6.124819517897313,46.294366763513224,0.9657429999999999,6.49910624624648,3.070075174652576
8593,LYS_51_A_CB,50.052,-23.362,45.291,8153,GLU_49_C_HB3,50.606,-23.282,51.559,6,-11.909677424061595,-2.8453765975322476,-0.14489450501468243,-11.826859299674542,-2.9158491964333226,6.14710952955786,50.06475770888529,-23.360157731568915,45.43534173157578,-0.735596,6.292943667315003,2.182441224708974
5528,LYS_40_A_HE2,64.641,-15.954,44.276,9130,LYS_51_C_HZ3,61.875,-19.956,44.624,6,-5.631834894005532,12.291655065735908,0.30961137287549256,-9.41096737034154,9.209209584810415,0.3770767967938806,77.33468822775902,2.4119220128313112,42.67896330323207,0.600463,4.877280389725407,2.972996033829075
7536,ALA_47_A_HA,57.233,-23.544,42.623,8862,LYS_51_C_HG3,57.232,-23.409,43.419,6,-12.652462398211588,4.5316402521059365,-2.080353593275471,-12.512076399960593,4.4613676107038005,-1.2883968221285618,57.23037314753903,-23.189374917767964,44.7139745589385,-0.7645520000000001,0.8073673265620794,2.3512950087179902
8874,LYS_51_A_HG3,48.743,-23.938,46.971,7565,ALA_47_C_HA,48.879,-24.075,46.903,6,-12.373152643810753,-4.3555546894055,1.3953034859931377,-12.52051369033018,-4.224226100382483,1.341206132324769,52.25077369366991,-27.471566147299956,45.217113153165045,-0.9316800000000001,0.2046680238825759,2.855952577556373
9141,LYS_51_A_HZ3,43.551,-21.716,46.013,6267,GLU_43_C_OE1,41.695,-18.608,46.178,6,-9.772386439265892,-9.242326287429925,-0.07690251115506541,-6.532018558906576,-10.864431986022966,-0.09725202042810233,50.564980474355735,-33.46139402710001,45.38945108929489,-0.9322919999999999,3.623758408061996,2.577212955275355
5414,GLU_39_A_HB2,63.178,-8.159,39.781,1373,PHE_28_C_CE2,61.907,-4.621,40.635,6,2.2189936447187346,11.880450511235843,-4.305886549333017,5.848885370526379,10.80250732923606,-3.5819213876757794,55.61854535486975,12.883762025547446,44.86028738547696,-0.8733500000000001,3.8551525261654698,2.382217310840151
902,TYR_27_A_HB2,42.784,-3.738,44.114,3809,ARG_33_C_HA,42.874,-3.797,44.02,6,8.198146965876765,-8.450053578240032,-2.0352709874446626,8.1318483558253,-8.355848589365426,-2.1198104124272037,40.617266681103445,-2.3175859353900896,46.377032577513944,-0.712691,0.14288806808127655,1.941862749680025
4496,ARG_35_A_HA,61.693,-5.593,41.182,1275,PHE_28_C_CD1,61.659,-4.834,43.294,6,4.8997597801519115,10.461833199812276,-3.0595319244994355,5.674262660259779,10.274680599025613,-0.9612230357217648,61.643424798756115,-4.48630653693803,44.261494853737645,-0.724649,2.2445001670750613,3.478166053908608
972,TYR_27_A_HD2,44.102,-0.507,43.241,3678,ARG_33_C_CD,43.211,-1.275,38.972,6,11.31407344069294,-6.810201271995412,-2.770458458259994,10.584995190612396,-7.325944908911129,-7.10756802642177,44.67115289953255,-0.01641702935914635,45.96795143446069,0.7234189999999999,4.428099592375942,2.1077146050926507
9141,LYS_51_A_HZ3,43.551,-21.716,46.013,5540,LYS_40_C_HE2,40.571,-18.533,46.329,6,-9.772386439265892,-9.242326287429925,-0.07690251115506541,-6.3712850281008215,-11.988952059113796,-0.05955139323809555,30.34323527044567,-7.6085116999424915,47.4135549176306,0.96657,4.371698182628808,2.3498631712281792
4001,ARG_33_A_HD3,59.938,-0.072,52.714,508,TYR_27_C_O,58.885,-0.045,40.913,6,10.619938739438641,7.987390902458405,8.241139648057631,10.64187363428504,8.123658882330993,-3.6059734559035874,59.2055076220465,-0.05321814415503434,44.504937747170636,-0.15157299999999996,11.847917074321549,2.1539248359544105
3836,ARG_33_A_HA,59.762,-1.634,47.112,524,TYR_27_C_CB,59.771,-1.793,47.053,6,9.03561666165797,8.25394631388315,2.648993748092493,8.87597264542551,8.25671020337852,2.591121915600103,60.17396109931319,-8.911979421199256,44.411366126724594,-0.562716,0.1698322701962161,1.9052900683352587
815,TYR_27_A_H,44.511,0.293,44.123,3057,GLN_31_C_OE1,45.971,-0.247,43.144,6,12.087202438735062,-6.431867343935188,-1.8515787102706809,11.431509893818424,-4.926551652017448,-2.6796686535781293,41.24649360326972,1.5004201741331262,46.31200805643764,-0.5906330000000001,1.8389238700935882,1.7834741401665848
7260,GLU_46_A_OE1,59.73,-20.86,39.415,9205,ASP_52_C_OD2,60.678,-20.719,50.032,6,-10.187700128226924,7.53295907946095,-5.020959185500372,-10.042668228677961,7.423542004397434,5.637664911999161,60.17657446067274,-20.793579115026525,44.416351317471,-0.303571,10.660172325061165,1.7403823307580149
4890,ARG_37_A_HG3,65.046,-7.018,47.076,1448,PHE_28_C_CZ,62.793,-4.253,41.633,6,3.267894542333206,13.0914746698191,3.1400222195353846,6.156073014271614,11.6097218323009,-2.5000413122644405,63.79167546611383,-5.478627014560465,44.04568999647473,0.09227499999999994,6.507494371876168,3.117447656628144
5556,LYS_40_A_HZ1,62.902,-17.008,44.67,9130,LYS_51_C_HZ3,61.875,-19.956,44.624,6,-6.548673589083173,10.447089450417472,0.5269992704071986,-9.41096737034154,9.209209584810415,0.3770767967938806,59.29194583224303,-27.370648185538013,44.508303318678855,-0.7205820000000001,3.1221065004256348,3.3922445524085076
382,GLU_26_A_HB3,46.795,0.41,47.47,3062,GLN_31_C_OE1,46.432,0.253,42.746,6,12.055374861081516,-4.491391720420557,1.7073952092525024,11.892411932051612,-4.3915109860894415,-3.029276715492913,46.664151912818625,0.3534073011364316,45.767172551391695,-0.8363520000000001,4.740526763978869,3.4007098791829558
3840,ARG_33_A_HA,59.662,-2.019,46.72,523,TYR_27_C_CB,59.785,-2.081,46.803,6,8.656469451205114,8.164696708834928,2.2487801791014417,8.585955109335323,8.273731493108556,2.3436545350100464,56.74656558802962,-0.5494314346165283,44.75267433988991,-0.65814,0.16081666580301657,1.694493779834254
7399,ALA_47_A_O,51.898,-23.604,44.508,7466,ALA_47_C_O,52.015,-23.392,45.315,6,-12.295970152387962,-0.9540880936131901,-0.739179556976945,-12.087636852195766,-0.9025515623823133,0.07557391615447279,52.004147455664,-23.41166443930969,45.24014527111832,-0.986241,0.8425449542902689,1.8808525825382552
3711,ARG_33_A_CZ,58.803,-0.327,52.732,856,TYR_27_C_H,57.952,0.086,46.538,6,10.451501067353862,6.840215988424076,8.145262292894918,10.883217966565756,6.646032204840846,1.8973571097852857,57.69356923751143,0.21141939472124388,44.6570127581032,-0.5273039999999999,6.265812477245072,2.478397403507184
9268,ASP_52_A_HB2,47.05,-22.324,40.77,7630,ALA_47_C_HB3,47.678,-22.293,46.863,6,-10.68036935312664,-5.293302172126042,-4.943368329886896,-10.653250508790762,-5.276593201959888,1.1819054908167823,47.55682392363845,-22.298981621603833,45.6873219215432,0.24489,6.125356642678037,2.140913851012785
9213,ASP_52_A_OD2,45.346,-21.896,39.625,7370,GLU_46_C_HB3,46.405,-21.935,50.098,6,-10.133138602212767,-6.8370005600865795,-6.253085395616092,-10.1770004102834,-6.835560571505815,4.273300739626414,45.97508745213011,-21.9191675265657,45.84637194160402,-0.17904000000000003,10.52647761599292,1.4688032404148283
617,TYR_27_A_CD2,42.417,-1.369,41.547,3961,ARG_33_C_HG3,42.453,-1.173,40.844,6,10.569654391717584,-8.378042972024206,-4.625079088786205,10.75733818047461,-8.257233230233357,-5.320852616398625,42.177693903133004,-2.671888749609152,46.22011628048587,-0.16630600000000004,0.7306989804290096,2.4033403638961937
1294,PHE_28_A_CE1,40.465,-5.122,45.955,3592,ARG_33_C_O,39.894,-5.011,41.16,6,7.006412563940563,-11.039620497726533,-0.43639316698966024,7.1258745312942455,-11.118678387580438,-5.264422339271852,40.516611224675614,-5.132033005147099,46.38840774486793,0.53459,4.830153931294532,2.8551408332109522
5411,GLU_39_A_HB2,63.118,-7.929,40.117,1373,PHE_28_C_CE2,61.907,-4.621,40.635,6,2.4552672598175627,11.804802300297037,-3.9774841635470923,5.848885370526379,10.80250732923606,-3.5819213876757794,50.94108746962943,25.33378005818802,45.32562154478277,-0.7051000000000001,3.560577059972163,2.5924080138129963
3834,ARG_33_A_HA,61.05,-1.378,47.112,539,TYR_27_C_CG,61.066,-1.478,47.156,6,9.193627961707932,9.551190630843802,2.778104596474039,9.093022942948114,9.555084419819462,2.823441872613542,60.06957776627719,4.749638960765515,44.41583885726337,-0.756807,0.11041738993473772,2.6416774459573578
5516,LYS_40_A_HD3,62.626,-16.61,44.481,9130,LYS_51_C_HZ3,61.875,-19.956,44.624,6,-6.132333625859882,10.222335486709959,0.31148200701284345,-9.41096737034154,9.209209584810415,0.3770767967938806,66.19218243685978,-0.7212564131386459,43.80195327766851,-0.781685,3.4322246429975993,3.6083805347386635
8846,LYS_51_A_HG3,49.157,-24.295,46.8,7564,ALA_47_C_HA,49.133,-24.225,46.675,6,-12.76160807657817,-3.9548174326494308,1.26647015256931,-12.690892559943373,-3.960831544219978,1.1397257397966334,48.91718442946143,-23.595537919262323,45.550960570111286,-0.958077,0.14526183256451,2.7345069696572035
6245,GLU_43_A_OE1,64.354,-16.892,43.357,9129,LYS_51_C_HZ3,62.259,-20.212,44.624,6,-6.552043019375511,12.027587584040408,-0.6339241967317555,-9.695224190943277,9.570761236046769,0.4154234189353041,63.08838394262821,-18.897654086145266,44.12241076118857,-0.45153,4.125131997888068,2.528602281730436
8121,GLU_49_A_HB3,54.319,-23.963,39.782,8788,LYS_51_C_HB2,55.014,-24.028,44.859,6,-12.870573425955033,1.8926864632118394,-5.199101495825172,-12.951511482658326,2.070082458702044,-0.07805095011082669,55.024592633258116,-24.02899067793062,44.93637956698051,-0.7042120000000001,5.124761360297673,1.366742114962962
5407,GLU_39_A_HB2,63.167,-7.142,40.378,1373,PHE_28_C_CE2,61.907,-4.621,40.635,6,3.238169409364097,11.887030331451133,-3.7125430849504726,5.848885370526379,10.80250732923606,-3.5819213876757794,27.355152622145596,64.51011685680207,47.68247998103847,-0.192055,2.8300335687055043,4.241557339495432
1337,PHE_28_A_CE2,41.82,-3.514,51.603,3993,ARG_33_C_HD2,40.482,-3.505,37.76,6,8.547910291645351,-10.137593202487276,5.319623208432178,8.558795492113473,-10.08144657353397,-8.587774214107672,41.30821079626684,-3.510557471723766,46.308009008013364,-0.543902,13.907515018866603,3.6416734368773773
3028,GLN_31_A_OE1,54.715,0.61,46.834,352,GLU_26_C_HB3,54.605,0.562,44.269,6,11.652239954270929,3.4447670647932296,1.8679006072455078,11.594318508031039,3.5882354370337444,-0.6952402262305156,54.63483699681521,0.5750197804284575,44.96474451664556,-0.5084489999999999,2.5678062621623203,2.103707657772483
4184,GLY_34_A_C,62.169,-3.217,44.218,1332,PHE_28_C_CE1,62.335,-3.32,44.671,6,7.254713067771211,10.810985015279767,0.009920147595323892,7.1427192645336985,10.92260813571374,0.477222690944895,62.165476063474806,-3.214813461071717,44.20838347442223,-0.954161,0.4933295044896438,2.482422595946041
6371,GLU_43_A_HG2,61.116,-20.221,39.437,9143,LYS_51_C_HZ3,61.743,-20.346,43.913,6,-9.655034035380249,8.954279627210974,-4.85997554013529,-9.794968028037735,9.119701157005196,-0.3437399179406869,61.79072225069251,-20.355514005321474,44.253677502551305,-0.72488,4.5214300835023415,2.650962951534324
7341,GLU_46_A_HB3,58.802,-20.972,40.826,9207,ASP_52_C_OD2,59.793,-20.971,50.032,6,-10.219205525714878,6.462836140475207,-3.710046028427928,-10.227119844796972,6.526418509269332,5.548917879371472,59.19909147273757,-20.97159930224749,44.51482350960855,-0.755167,9.259185601336648,1.9073202624696108
3321,GLN_31_A_HE22,52.786,0.936,49.586,266,GLU_26_C_OE2,52.009,1.819,45.282,6,12.142655692281583,1.2808043144253212,4.413009370919785,13.050963759822249,1.0068738812104117,0.05321894336489477,51.99951534249601,1.829778574743915,45.22946207735242,0.23020200000000002,4.461819583981407,2.2649117394328764
4233,GLY_34_A_H,61.222,-2.046,45.645,961,TYR_27_C_HB3,61.406,-2.003,46.147,6,8.504061367337203,9.817720491645023,1.3354137961882564,8.536638771233095,9.953379525726945,1.8533368978426985,60.74757409060588,-2.1568712723040604,44.350642355892106,-0.9546640000000002,0.5363851228361898,2.0987441998937575
3968,ARG_33_A_HD2,61.506,-3.155,51.973,1365,PHE_28_C_CE2,60.23,-3.191,39.015,6,7.422120346600837,9.383208707451242,7.659552009181759,7.389790384541329,9.409042425463658,-5.361105554573111,60.75537828094625,-3.176177415271107,44.35030702547137,-0.31246,13.020723328601987,4.139641145391432
135,GLU_26_A_CD,48.828,1.952,48.167,3338,GLN_31_C_HE22,48.23,0.822,41.335,6,13.444420807949781,-2.427125892272305,2.605181346496931,12.313911062253913,-2.4235982510429124,-4.252855054006791,48.60083607810966,1.5227437596386497,45.57170917331968,-0.43149899999999997,6.950591917239856,3.3612230589417433
9208,ASP_52_A_OD2,44.293,-22.257,40.023,7301,GLU_46_C_OE1,45.548,-22.169,50.86,6,-10.410741636193706,-7.9488239178092295,-5.962707406183514,-10.340162133059914,-7.779662817036717,4.945534480377435,44.97901318824619,-22.208897083214616,45.94676487730993,0.052762,10.909781757670496,1.4035063670107928
3829,ARG_33_A_HA,59.867,-2.455,46.326,530,TYR_27_C_CB,60.026,-2.403,46.341,6,8.203425581224478,8.374370270834133,1.877101219148726,8.243377797988227,8.534559987103266,1.9079731348210491,50.19934292900619,-5.616749482337478,45.41395688009493,-0.606028,0.16795832816505984,1.6344150262051425
7415,ALA_47_A_O,53.962,-23.086,45.0,7452,ALA_47_C_O,54.002,-23.031,45.87,6,-11.931783212593189,1.0837487803262962,-0.04270791498751106,-11.873732683002403,1.0406924010989478,0.8269479274134102,53.96396435936633,-23.083299005871304,45.042724816217586,-0.998,0.8726539978708603,1.6478939683674416
8645,LYS_51_A_CD,48.175,-22.438,44.784,7487,ALA_47_C_CB,48.064,-22.654,44.735,6,-10.850244772302018,-4.586825949790907,-0.8369281818712169,-11.057592326384952,-4.708436448458829,-0.8968938256146447,49.72420421742132,-19.423332333666533,45.46788294282563,-0.9911970000000001,0.24774583750287263,3.2467404286141024
5534,LYS_40_A_HE2,64.566,-16.517,44.474,9129,LYS_51_C_HZ3,62.259,-20.212,44.624,6,-6.186132663457659,12.154767722087575,0.4988568164911753,-9.695224190943277,9.570761236046769,0.4154234189353041,50.77221106944055,-38.60978287751068,45.37086534008842,-0.604476,4.3586435963496735,3.0554983193810425
3314,GLN_31_A_HE22,52.974,0.913,49.978,250,GLU_26_C_OE2,52.335,0.964,44.843,6,12.108333578614017,1.4264149692922234,4.821857178425981,12.170668362758933,1.3093090539418548,-0.3512992641413165,52.37839328073266,0.9605366865142962,45.19170813233524,0.411984,5.174857196097297,2.503954267419918
7366,GLU_46_A_HG2,56.25,-22.64,38.993,8620,LYS_51_C_CB,56.719,-22.515,45.05,6,-11.702834823467786,3.9875976158856488,-5.790155485460637,-11.570239084322601,3.85728784085712,0.28341617646058365,56.69711465902454,-22.520832980004123,44.76735712092038,-0.733846,6.076416295811202,1.8714163246004343
1305,PHE_28_A_CE1,40.342,-6.388,47.726,4513,ARG_35_C_HA,40.284,-6.61,49.44,6,5.766026580073318,-11.434587155392517,1.3128266449144503,5.561317537213591,-11.680192663779684,3.012301899815601,40.38680438605118,-6.216507349941991,46.40195314324583,-0.473515,1.729290027728141,3.7543127519135604
879,TYR_27_A_HB2,43.349,-2.664,43.455,3918,ARG_33_C_HG3,43.19,-2.62,42.092,6,9.221674346491413,-7.7422266935383295,-2.6338984195137205,9.267793974969544,-7.760472025408747,-4.005950199780768,43.65422889494824,-2.7484658577215275,46.07152191078274,-0.346951,1.3729479232658457,2.182880030847437
7616,ALA_47_A_HB3,58.156,-21.415,45.275,9157,ASP_52_C_OD2,58.566,-21.374,49.543,6,-10.58029814227076,5.343889886209706,0.6516895667605306,-10.539814809249405,5.3273939872958564,4.939310583719297,58.09368275663474,-21.421231724336526,44.62629269589531,0.07932899999999998,4.287843863761833,1.922438523948509
9141,LYS_51_A_HZ3,43.551,-21.716,46.013,6255,GLU_43_C_OE1,41.655,-18.874,46.326,6,-9.772386439265892,-9.242326287429925,-0.07690251115506541,-6.793172485962517,-10.939075382437016,0.045880749247591446,42.36348339006602,-19.935977739750857,46.209040453011255,-0.19609799999999994,3.4307067784933203,2.5530721669909844
3933,ARG_33_A_HG3,60.506,-0.943,47.913,535,TYR_27_C_CG,60.543,-0.976,47.891,6,9.674185251014832,8.964459589449596,3.5207844580284386,9.638329072022009,9.000862342668555,3.5025862716870977,67.66435207441035,-7.327476174474267,43.65668255035079,-0.980354,0.054240206489281205,2.84745893703067
4630,ARG_35_A_HG2,63.101,-4.197,38.829,1449,PHE_28_C_CZ,63.198,-4.04,41.633,6,6.168579399625163,12.199652671631837,-5.259070343487508,6.3378796966552695,12.027678076106799,-2.4593853347910777,63.28320972064133,-3.902083235663004,44.09617584204415,-0.201493,2.810066547254711,3.48793122146928
7278,GLU_46_A_OE1,59.223,-22.065,39.911,8969,LYS_51_C_HE3,59.492,-22.192,42.824,6,-11.347396590594013,6.8890221963553255,-4.578760807224878,-11.473484820644725,6.85526088164099,-1.6535221961246793,59.64405510725508,-22.263788098964294,44.47060419120463,-0.897954,2.9281494155865713,2.555907822226132
3009,GLN_31_A_OE1,56.362,0.844,47.552,865,TYR_27_C_H,56.79,1.328,45.891,6,11.766348937563574,5.024780492340883,2.747346858417814,12.204745704178874,5.652040327666155,1.137777234571438,57.09254587883739,1.6701313209282698,44.7168675122689,-0.735438,1.7822348330116327,2.7773369304769298
4087,ARG_33_A_HH11,61.03,-0.791,54.028,616,TYR_27_C_CD2,60.505,-0.784,48.291,6,9.829965686308231,8.884969111650806,9.657584823032922,9.835509252827716,8.937764838567977,3.8968535430573,60.14986312402448,-0.779264841653658,44.41019950957782,-0.410988,5.760975872193878,3.862050506572125
1703,PHE_28_A_HE2,41.123,-4.159,52.211,3896,ARG_33_C_HG2,40.031,-4.055,40.954,6,7.961748840060046,-10.938746123021327,5.854475291344053,8.06730169600801,-10.889675123510195,-5.455245290156101,40.557726351364934,-4.105164414415707,46.38381551036177,-0.416782,11.310319579923458,4.292629638957684
8864,LYS_51_A_HG3,48.3,-24.396,47.499,7571,ALA_47_C_HA,48.797,-24.073,47.628,6,-12.792603962250261,-4.882538922671247,1.8760791190577553,-12.507137004236137,-4.377853402950718,2.054348976483463,43.069663612031114,-27.795192461396283,46.14142777857551,-0.10364200000000007,0.6066127265397583,3.013314896096783
520,TYR_27_A_CG,42.16,-2.839,43.258,3831,ARG_33_C_HA,42.181,-2.697,43.21,6,9.135544161009408,-8.915429490606693,-2.949067878852344,9.275205855099388,-8.879030467397849,-2.9946608861381003,40.801668335941294,-12.023909347444162,46.36275808927702,-0.8546900000000001,0.151357193420069,2.5192552070873617
3975,ARG_33_A_HD2,62.163,-1.292,52.221,546,TYR_27_C_CG,61.628,-1.243,47.245,6,9.231922713288155,10.151541174240597,7.97292497229499,9.285549101497566,10.12157837644453,2.9683841900417542,61.31067107597487,-1.2139362293883484,44.293544437478346,0.29209399999999996,5.004917781542469,3.1271699748625386
9142,LYS_51_A_HZ3,43.295,-22.1,46.013,6416,GLU_43_C_HG2,43.304,-21.592,50.22,7,-10.135950932669049,-9.525428383266728,-0.10271069724622606,-9.599971691381024,-9.898244958857786,4.084260529532491,43.29522077922802,-22.08753823912919,46.11620202358957,-0.34106899999999996,4.237569350464958,2.2755353147191766
4826,GLU_36_A_CA,66.653,-6.915,41.33,1450,PHE_28_C_CZ,63.541,-3.736,41.633,7,3.208119017034333,15.26761370647128,-2.416093310197037,6.615105621526009,12.391025668845808,-2.424898910935781,920.5280057392946,-879.1735614541162,-41.807572859578805,0.752011,4.458967817780261,5.490058560629113
4827,GLU_36_A_CA,66.474,-7.317,41.33,1450,PHE_28_C_CZ,63.541,-3.736,41.633,7,2.8207924312271215,15.059538353701655,-2.4341975499415174,6.615105621526009,12.391025668845808,-2.424898910935781,-701.3266866998671,930.1171149240428,120.64933449371377,0.657602,4.638734633496514,5.497102873816214
265,GLU_26_A_OE2,50.1,2.738,46.039,151,GLU_26_C_CD,51.769,3.363,44.573,7,14.116877200338536,-0.892973930449563,0.6156225616476544,14.603561467811154,0.9566991808688007,-0.6755744818203361,50.89575310413527,3.0359902277319026,45.340034121832055,-0.674493,2.3076702537407705,1.963920545582667
4821,GLU_36_A_CA,65.996,-7.784,40.918,1453,PHE_28_C_CZ,63.3,-3.903,41.21,7,2.388279361230244,14.591052707123113,-2.8922048023205273,6.463754841624028,12.181520225818188,-2.8699825106840358,-284.88519059026856,497.32352992612505,78.92145239330824,0.722891,4.734537041781381,4.790161032767012
7298,GLU_46_A_OE1,59.477,-23.416,38.854,9220,ASP_52_C_HA,60.652,-23.335,49.23,7,-12.72125179400201,7.144145160764662,-5.605600694013353,-12.654912420175972,7.279460430524652,4.835943773413395,60.10780522579903,-23.372514703583217,44.424412785438875,-0.476143,10.442631947933432,1.3966070019705834
1347,PHE_28_A_CE2,39.828,-5.06,50.71,3579,ARG_33_C_C,39.007,-5.094,42.241,7,7.150376778109215,-12.141906041747717,4.230927143904028,7.117827079785242,-12.112959088718657,-4.277730834358431,39.41975804292294,-5.076906487869208,46.49879277163749,0.21382499999999988,8.508769476252136,4.603276802187777
3889,ARG_33_A_HG2,61.623,-0.294,48.683,588,TYR_27_C_CD2,61.651,-0.183,48.156,7,10.242489231429298,10.04493867644583,4.399070020023427,10.347282049380826,10.133782757924946,3.8775729495696116,61.859193005750726,0.6423365585115878,44.23751021319273,-0.731562,0.5392902743421222,3.1255424611759475
4677,ARG_35_A_HD2,66.98,-6.62,41.33,1450,PHE_28_C_CZ,63.541,-3.736,41.633,7,3.477578956032037,15.614405065321192,-2.383213305598724,6.615105621526009,12.391025668845808,-2.424898910935781,263.59152792875886,-171.50154886494315,24.007146565160024,0.716724,4.498442619396189,5.396467951805403
1432,PHE_28_A_CZ,39.586,-6.017,49.053,4834,GLU_36_C_H,36.794,-9.018,49.217,7,6.202541563395313,-12.289044676716903,2.5576009270988074,3.4221715841954685,-15.302984488436401,2.4398274576903085,-21.045836901160072,-71.18753815916234,52.61446892972433,0.9797039999999999,4.102214158232114,4.661826316334529
265,GLU_26_A_OE2,50.1,2.738,46.039,103,GLU_26_C_CG,53.405,4.419,45.667,7,14.116877200338536,-0.892973930449563,0.6156225616476544,15.54082552735134,2.550580628260978,0.5772407537005607,103.11033679940454,29.700292332768235,40.0723297157705,-0.40184999999999993,3.726549342219957,1.5229617278858838
9231,ASP_52_A_HA,46.234,-26.153,42.656,7343,GLU_46_C_OE1,46.714,-24.547,51.685,7,-14.423224193800397,-6.581670424127538,-3.1502598867414235,-12.793445357053947,-6.885642303534443,5.882120698675873,46.40141154021756,-25.592868888355422,45.8050808263007,0.05990399999999997,9.18327158478938,3.249174852285576
8630,LYS_51_A_CG,47.941,-26.31,46.842,8491,LEU_50_C_HD13,48.994,-26.911,46.708,7,-14.6786885572939,-5.318234172878409,1.1855861435062387,-15.35842440771778,-4.305745171770823,1.1574579319618743,92.32427716438785,-51.641765978914805,41.1939856220057,-0.098803,1.219822118179531,3.1954234774407015
3887,ARG_33_A_HG2,61.727,0.053,49.56,773,TYR_27_C_CZ,61.967,0.995,49.565,7,10.586916458381195,10.08682378575096,5.282228852257319,11.508117615436483,10.395873214622373,5.311654670075235,18.64459758772601,-169.04542946817395,48.66244994974513,-0.502047,0.9721054469552163,2.7213462560434833
8629,LYS_51_A_CG,47.488,-26.219,46.842,8491,LEU_50_C_HD13,48.994,-26.911,46.708,7,-14.55374658840984,-5.760755038996153,1.140256379975206,-15.35842440771778,-4.305745171770823,1.1574579319618743,-52.34171940982751,19.652292052855664,55.724591235668605,0.136406,1.6627856145637059,3.214130079682409
46,GLU_26_A_C,41.163,0.399,46.032,4021,ARG_33_C_HD3,41.126,-0.965,38.888,7,12.459358573970771,-9.93609493061222,-0.2874464167040166,11.050930221102679,-9.362576490973456,-7.399830487761454,41.16449535195397,0.4541259477085584,46.32072417186944,0.9752699999999999,7.273142443263433,4.70111374429245
8487,LEU_50_A_HD21,52.607,-26.634,44.723,8298,LEU_50_C_HA,53.296,-26.537,50.711,7,-15.36923687834919,-0.5019701057928354,-0.45558308981128476,-15.281665780591007,-0.4092478512861326,5.571357086294383,52.659082273874965,-26.62666766245882,45.175639558727575,0.6168079999999999,6.028289475464827,2.58812690707261
4320,GLY_34_A_HA3,65.743,-4.274,46.432,1451,PHE_28_C_CZ,63.801,-3.359,41.633,7,5.946752410307224,14.055418694387074,2.570273642798786,6.971388254502552,12.67756527410946,-2.398693185327497,64.73847097274597,-3.8007023378283,43.94964428332024,0.88827,5.2572797148335155,3.2907477361489876
243,GLU_26_A_OE2,48.74,2.292,44.826,275,GLU_26_C_OE2,51.498,2.669,44.564,7,13.766164527761157,-2.1548827304286555,-0.7276837332192163,13.9319580241335,0.6361032571096168,-0.7119759668080509,176.50811697378037,19.757039919911282,32.68849215114916,-0.329125,2.7959501068509747,2.342099915351629
1432,PHE_28_A_CZ,39.586,-6.017,49.053,4815,GLU_36_C_CA,37.721,-10.152,49.417,7,6.202541563395313,-12.289044676716903,2.5576009270988074,2.2228761008682296,-14.489291004948448,2.731166192842573,67.0680293599591,54.91500611444006,43.689215181219716,0.7524309999999998,4.550708296518247,4.594497306196819
4032,ARG_33_A_HD3,60.022,0.727,51.799,1007,TYR_27_C_HD2,58.639,1.318,48.585,7,11.403743498350323,8.222733518252804,7.339504492854347,12.074453444246013,7.216552980714625,4.003411734198503,56.979358368624226,2.027217790414384,44.72810325145208,0.679941,3.548487846956782,2.971918250891918
1432,PHE_28_A_CZ,39.586,-6.017,49.053,4817,GLU_36_C_CA,37.389,-9.991,49.082,7,6.202541563395313,-12.289044676716903,2.5576009270988074,2.40608166657816,-14.772992342850575,2.364670256213743,10.461293124422205,-58.69865003347581,49.43744082812557,0.7124599999999999,4.5409609115252225,4.5402106338846115
4822,GLU_36_A_CA,65.757,-8.004,40.583,1453,PHE_28_C_CZ,63.3,-3.903,41.21,7,2.1845603052855913,14.3707206980799,-3.2495538642137918,6.463754841624028,12.181520225818188,-2.8699825106840358,44.72234137751412,27.105131058532493,45.95081886703242,0.657655,4.821636547895334,4.491414799658731
4527,ARG_35_A_HB2,64.869,-2.543,41.173,1776,PHE_28_C_HZ,64.157,-2.469,41.17,7,7.701104232056498,13.844972522516565,-2.7490571510389175,7.8286296615051345,13.14450738049344,-2.82331918477398,91.22605747734701,-5.282357097364713,41.28405501746074,-0.72845,0.7158414628952453,3.855710392986514
4569,ARG_35_A_HB3,67.121,-6.97,41.389,1450,PHE_28_C_CZ,63.541,-3.736,41.633,7,3.118363209013886,15.721852445310915,-2.310542075888934,6.615105621526009,12.391025668845808,-2.424898910935781,139.45371739545575,-72.31190169187265,36.45906060209743,0.44942,4.830599548710283,5.32782483988397
1051,TYR_27_A_HE2,42.505,1.116,41.087,4024,ARG_33_C_HD3,41.962,-0.619,38.472,7,13.037558669233741,-8.056314317635787,-5.072860452805363,11.329832316241122,-8.4653789226525,-7.729857978626013,43.54172028261394,4.428540866178967,46.07967686746859,0.45736,3.184854627765608,2.3385579442923614
123,GLU_26_A_CD,48.348,3.45,44.919,275,GLU_26_C_OE2,51.498,2.669,44.564,7,14.951093208539028,-2.465251270936717,-0.6739027836839897,13.9319580241335,0.6361032571096168,-0.7119759668080509,-7.407615748950022,17.27385266664443,51.20256939392923,-0.431802,3.2647336797968665,2.4108899168916853
1432,PHE_28_A_CZ,39.586,-6.017,49.053,4836,GLU_36_C_H,36.797,-9.18,48.834,7,6.202541563395313,-12.289044676716903,2.5576009270988074,3.2576694121404106,-15.274033567788567,2.058982502908435,25.280172859213987,-22.24121342642743,47.92966685412978,0.8861949999999998,4.22268291492506,4.605189088274826
8598,LYS_51_A_CB,49.864,-26.436,45.672,8472,LEU_50_C_HD13,50.097,-26.556,47.667,7,-14.957900252249914,-3.303095149559687,0.2140098232421836,-15.080863294146418,-3.2803342615220337,2.2222618075069365,49.83917030272788,-26.42321217307874,45.45940237743399,0.21647399999999994,2.0121416451134895,2.724406424096537
8270,LEU_50_A_HB2,56.29,-25.392,42.732,8627,LYS_51_C_CB,56.539,-25.381,44.259,7,-14.42315723134173,3.445040182135007,-2.0671590540494007,-14.420056555311096,3.540362757134531,-0.5228938590444698,56.62331231327574,-25.377275359654487,44.77604780069096,0.24515700000000007,1.5472074844700063,2.21518611957533
260,GLU_26_A_OE2,50.192,2.528,46.437,418,GLU_26_C_HG2,53.802,2.603,46.222,7,13.903385215912657,-0.8573872087227872,1.0207432323405212,13.704054240975154,2.7512705415105536,1.1684131484077587,25.23848768763793,2.0095752289675453,47.923151010293005,-0.6132610000000001,3.617174311531032,1.3281557133238102
697,TYR_27_A_CE2,39.987,-0.5,41.007,3634,ARG_33_C_CG,40.581,-1.612,40.699,7,11.6157638317001,-10.6689999170404,-5.40535616499794,10.459911111246306,-10.133259596269092,-5.652804740098745,27.011449178174548,23.790930158030086,47.735063389094655,-0.27572300000000005,1.2977842655850014,3.3584184729158615
7270,GLU_46_A_OE1,60.901,-21.526,38.219,9056,LYS_51_C_HZ2,62.487,-21.186,46.08,7,-10.948762319217364,8.763678828716923,-6.093957899495948,-10.673209122708872,9.577636965667962,1.8865094794979114,62.11208410943961,-21.26637288952745,44.22173151595505,0.8018649999999999,8.026600588044726,1.8001162103030781
4031,ARG_33_A_HD3,60.474,0.817,51.799,1077,TYR_27_C_HE2,60.216,2.324,50.244,7,11.459355694400601,8.677989889867202,7.384813650371977,12.97036174081881,8.691665439295935,5.812455005839682,59.262265051092925,7.894847162802307,44.495713776935915,0.174,2.180742534092458,2.6254759489499757
8602,LYS_51_A_CB,49.608,-25.93,46.218,8464,LEU_50_C_HD13,49.859,-25.972,46.19,7,-14.430118899592811,-3.573241539073188,0.7318474155626583,-14.491150333937181,-3.3246119716517333,0.7291083964513472,116.67350551167864,-37.15211646012173,38.73658902658424,-0.853618,0.25602538936598235,2.6946140933129454
1432,PHE_28_A_CZ,39.586,-6.017,49.053,4833,GLU_36_C_H,37.075,-9.378,49.217,7,6.202541563395313,-12.289044676716903,2.5576009270988074,3.041991404998744,-15.05150711749952,2.4678125117839533,-31.93921742838498,-101.75425837387589,53.72449966477709,0.882361,4.198611437130135,4.667089946982149
4828,GLU_36_A_CA,66.376,-7.536,41.235,1453,PHE_28_C_CZ,63.3,-3.903,41.21,7,2.6091425854064116,14.955193002728357,-2.5386312154633623,6.463754841624028,12.181520225818188,-2.8699825106840358,89.94261866544022,-35.370046037563085,41.42653623752795,0.6340409999999999,4.760366582522826,4.978214104883572
1419,PHE_28_A_CZ,40.548,-2.745,49.877,3901,ARG_33_C_HG2,39.767,-2.821,41.319,7,9.39838044438274,-11.16879950501991,3.4752438871102846,9.320294254867102,-11.094462865807838,-5.117978884997838,40.23215045812117,-2.775735678851205,46.41600079462346,0.269826,8.593899056889137,3.4799210026691374
409,GLU_26_A_HG2,45.744,2.237,44.055,4023,ARG_33_C_HD3,42.414,-0.709,38.472,7,13.932017667207546,-5.054372352058658,-1.7948925554258626,11.205962972715481,-8.023774316246506,-7.684627929592947,46.75881506890509,3.1347913492475703,45.75641517408322,0.10153599999999997,7.137065573469251,3.106427870573091
1057,TYR_27_A_HE2,41.889,1.367,40.768,4019,ARG_33_C_HD3,41.962,-0.619,38.888,7,13.332063181414124,-8.616545361987637,-5.451841018599749,11.33281086467828,-8.506936780418789,-7.3159496884129736,41.67550150562432,7.1753289017823,46.26631738940117,0.44294100000000003,2.7356763331944096,2.378621378176075
5544,LYS_40_A_HE2,64.761,-16.517,44.487,9128,LYS_51_C_HZ3,62.515,-20.596,44.624,7,-6.200763194170431,12.346929095131904,0.5313214785220474,-10.09744759973071,9.795615800327711,0.4408940754923254,51.564247679596825,-40.48385339043841,45.291966637531274,-0.39843100000000004,4.658489669410031,2.6576645983413436
9065,LYS_51_A_HZ2,44.309,-24.921,44.239,7340,GLU_46_C_OE1,45.399,-24.438,51.685,7,-13.038090070208026,-8.55616930193484,-1.7674744221093581,-12.585469325889548,-8.181990651376449,5.750466107003584,44.56525995744961,-24.807446275735632,45.98956114052277,0.8579289999999999,7.540842459566443,2.582087153519558
4796,ARG_35_A_HE,64.467,-3.52,36.771,1455,PHE_28_C_CZ,63.841,-3.158,41.21,7,6.725753411412054,13.811802490499232,-7.169614528298507,7.165760411022008,12.774751007972707,-2.815471781111205,63.436216455382834,-2.9239238927293654,44.0803420999291,-0.673096,4.497514980519798,2.934343663324494
1735,PHE_28_A_HZ,38.555,-4.645,49.52,4409,ARG_35_C_CG,38.266,-4.741,49.567,7,7.651779820476462,-13.254498620061398,2.9195970009628276,7.578213996994025,-13.553192524411925,2.9373739838111694,86.0188210812563,11.121528802078155,41.80097027398306,-0.57456,0.30813308812914036,4.397063106118104
1432,PHE_28_A_CZ,39.586,-6.017,49.053,4678,ARG_35_C_HD2,37.474,-9.755,49.417,7,6.202541563395313,-12.289044676716903,2.5576009270988074,2.63738251404471,-14.704230682742653,2.7066026355820285,75.83829007787482,58.145433859420415,42.804972732790446,0.8861949999999998,4.308791477897255,4.579257887469164
8471,LEU_50_A_HD13,57.434,-25.982,43.483,8654,LYS_51_C_CG,58.457,-25.018,43.328,7,-15.09245920822103,4.460234470846304,-1.20561832958339,-14.209587972591724,5.5637527732008225,-1.2569577653709865,33.41060487998995,-48.6198816184649,47.12290835151652,-0.098658,1.4141605283701006,2.7955702131269184
4035,ARG_33_A_HD3,60.926,0.727,51.383,49,GLU_26_C_C,60.454,2.335,45.069,7,11.332507802437803,9.16115235403949,7.016135409192004,12.926306845768716,9.445595947227835,0.6873171583831236,60.402740240926434,2.5096307046404482,44.38329212120661,0.971921,6.532613871950492,3.851636737624695
1431,PHE_28_A_CZ,39.243,-5.713,49.053,4464,ARG_35_C_H,37.187,-7.996,46.209,7,6.531564394425455,-12.606279640307523,2.523381714124705,4.390016946944016,-14.535081099321067,-0.5132381932547053,37.53449746676143,-7.6101358382216215,46.6896822935163,0.40520900000000004,4.186593006252218,4.136529615918421
4034,ARG_33_A_HD3,61.31,0.471,51.383,774,TYR_27_C_CZ,61.913,1.375,49.786,7,11.048250981836064,9.522704005275846,7.0544820313334275,11.89268274921371,10.34904244190498,5.526302140616114,64.09360727734567,4.64410278394777,44.010826165968375,-0.21976199999999996,1.9316402356546618,2.554328006393855
3643,ARG_33_A_CG,60.532,0.347,50.408,493,TYR_27_C_O,59.738,0.438,41.626,7,10.97637060057947,8.83884466635525,6.006410175322828,11.064181135253289,8.935327080909822,-2.810914898285499,59.99112284741764,0.4089896988476007,44.425653458465625,0.7367579999999999,8.818290140384363,2.391269157284641
599,TYR_27_A_CD2,41.874,-1.304,41.387,3946,ARG_33_C_HG3,41.842,-1.321,41.322,7,10.674321166246706,-8.895841224995909,-4.838629634393374,10.659320915971637,-8.922384434358085,-4.906515203761547,44.15484038687018,-0.09230354447536271,46.01995703582936,-0.828121,0.07441773982055576,2.7273741300466496
118,GLU_26_A_CD,48.437,3.001,44.83,275,GLU_26_C_OE2,51.498,2.669,44.564,7,14.496029234961538,-2.4021167030148867,-0.7537389051152696,13.9319580241335,0.6361032571096168,-0.7119759668080509,103.6820302128059,-2.9909470861324836,40.029223117737246,-0.5109319999999999,3.0904208451277313,2.387621248314533
4032,ARG_33_A_HD3,60.022,0.727,51.799,288,GLU_26_C_HA,56.496,3.539,46.499,7,11.403743498350323,8.222733518252804,7.339504492854347,14.435929219138526,5.467312864377837,1.7142465632259354,55.421483336488734,4.395931610264808,44.883872854052825,0.677033,6.959168053725958,2.1946120866062673
1432,PHE_28_A_CZ,39.586,-6.017,49.053,4676,ARG_35_C_HD2,37.752,-9.953,49.8,7,6.202541563395313,-12.289044676716903,2.5576009270988074,2.4217045069030454,-14.481704232453605,3.115432644457547,47.99470096542515,12.029154307477352,45.62808199499858,0.882361,4.406093621338518,4.428886302399968
723,TYR_27_A_CE2,40.263,-0.728,41.006,3647,ARG_33_C_CG,40.762,-1.484,40.472,7,11.36757381669073,-10.412371867179775,-5.378808839814823,10.572250583953707,-9.921304054051019,-5.860479223352858,34.690671489053315,7.714245198949247,46.96917319608318,-0.11245499999999997,1.0515193769018245,3.16468533087905
1432,PHE_28_A_CZ,39.586,-6.017,49.053,4818,GLU_36_C_CA,37.302,-10.14,48.928,7,6.202541563395313,-12.289044676716903,2.5576009270988074,2.2629771962639094,-14.85522151955423,2.202665709750631,23.12789657161197,-35.72661490159539,48.152271922702056,0.589183,4.715019618198847,4.502668652809564
4292,GLY_34_A_HA2,64.106,-1.837,45.365,1783,PHE_28_C_HZ,63.714,-1.6,40.459,7,8.492696163147818,12.722767967519262,1.345757637370253,8.723484932044247,12.84194147909955,-3.5747304703573626,63.998787670186495,-1.7721803005974444,44.023204872282975,0.24600699999999992,4.927338936992257,3.297836209059612
1432,PHE_28_A_CZ,39.586,-6.017,49.053,4667,ARG_35_C_HD2,36.949,-9.186,49.615,7,6.202541563395313,-12.289044676716903,2.5576009270988074,3.2458017669417147,-15.201709875164736,2.8512762883710563,62.5514732202993,21.581628985638407,44.15857605240488,0.9439919999999999,4.160790069205608,4.383303203217533
1736,PHE_28_A_HZ,38.811,-5.029,49.52,4277,GLY_34_C_HA2,38.267,-4.932,46.29,7,7.24955641168903,-13.029644055780455,2.945067657519849,7.364225406501758,-13.239318432702962,-0.3231325623704231,38.3207862132374,-4.941590556404462,46.60935564109702,-0.49990200000000007,3.276926151136156,4.217176797287079
579,TYR_27_A_CD1,38.621,-2.547,44.192,4296,GLY_34_C_HA2,38.278,-3.813,44.434,7,9.700605168482305,-12.497640668787652,-2.3740808070419703,8.465882839818246,-12.958124846817554,-2.1682068337414804,34.66562038711979,-17.146156238793896,46.982675995093274,-0.618193,1.3337799668611015,3.0181937350312076
1431,PHE_28_A_CZ,39.243,-5.713,49.053,4575,ARG_35_C_HB3,36.594,-8.849,49.174,7,6.531564394425455,-12.606279640307523,2.523381714124705,3.6054780674811515,-15.484291924175196,2.37708714424467,-6.448635487207504,-59.80472098447818,51.1400848976792,0.984494,4.106864740894203,4.383110838673967
4350,ARG_35_A_CB,64.485,-2.715,41.201,1776,PHE_28_C_HZ,64.157,-2.469,41.17,7,7.558794315555005,13.448162843836727,-2.759732663735709,7.8286296615051345,13.14450738049344,-2.82331918477398,78.720600547489,-13.391700410616657,42.54643785662237,-0.786484,0.41117028102721853,3.856607357786452
3908,ARG_33_A_HG2,62.19,-0.085,49.324,784,TYR_27_C_CZ,62.566,0.76,49.198,7,10.412665054893122,10.559277145191075,5.093726142631732,11.225938873752511,11.008982506570257,5.006388959801682,84.11927419420466,49.197544399209335,41.97536024343164,-0.6942079999999999,0.933422198150442,2.9948112752724407
4453,ARG_35_A_H,65.939,-5.061,44.117,1454,PHE_28_C_CZ,63.618,-3.565,41.21,7,5.130644782795296,14.421447784643187,0.28619810871433793,6.77677047743408,12.522643914023982,-2.8379849938536683,65.72637936013417,-4.923955416958526,43.8506974579535,0.574256,4.009452082267593,3.796900792818507
3887,ARG_33_A_HG2,61.727,0.053,49.56,772,TYR_27_C_CZ,61.991,0.675,49.261,7,10.586916458381195,10.08682378575096,5.282228852257319,11.185050554648205,10.425783082002738,5.011446285670489,66.87691948918095,12.18652243284288,43.7273260330868,-0.6552799999999999,0.738905271330501,2.9158551266895496
4680,ARG_35_A_HD2,66.568,-6.679,40.995,1450,PHE_28_C_CZ,63.541,-3.736,41.633,7,3.447458651122416,15.234650008465382,-2.7578182495391346,6.615105621526009,12.391025668845808,-2.424898910935781,41.493109858815274,17.700055726959576,46.28002805090055,0.9097470000000001,4.269780088013903,5.241984883732724
3880,ARG_33_A_HG2,62.834,-1.645,49.208,1711,PHE_28_C_HE2,61.995,-1.57,39.411,7,8.807702154785959,11.091464332072805,5.042122970262985,8.875689159277975,11.243485805057846,-4.789612493986022,62.40372589555187,-1.6065368798169106,44.18369082088401,0.33143599999999995,9.833145732673747,3.3973024345122833
7318,GLU_46_A_OE1,60.814,-22.808,38.073,8909,LYS_51_C_HE2,61.833,-23.129,43.659,7,-12.221546089417958,8.594720184767935,-6.248500615108439,-12.578566199224198,9.023293223841174,-0.5886720142254184,61.938984973184894,-23.162386826685335,44.23999318960828,0.7508710000000001,5.687248719723798,1.619286442131035
1432,PHE_28_A_CZ,39.586,-6.017,49.053,4816,GLU_36_C_CA,37.568,-10.393,49.082,7,6.202541563395313,-12.289044676716903,2.5576009270988074,1.9917240422795988,-14.6258948746785,2.3824211447271706,10.123475266774548,-69.90600308850075,49.47639604423372,0.548963,4.818977173633426,4.005615324344892
8849,LYS_51_A_HG3,48.499,-25.634,47.127,8480,LEU_50_C_HD13,49.645,-25.71,46.957,7,-14.044727249454885,-4.741841947424415,1.5253361436522859,-14.208255064667258,-3.593673379499683,1.470933999562739,80.63073395791582,-27.76490033228762,42.36051241461978,-0.215741,1.1610305766860762,3.4304078688499087
3657,ARG_33_A_CG,61.125,0.075,48.99,716,TYR_27_C_CE2,61.004,0.052,49.014,7,10.650226334693516,9.548188675088463,4.654811864024679,10.636600610734584,9.42400226908321,4.666562447418472,109.05727848112863,9.186094256743296,39.482771210354464,-0.8550239999999999,0.12548306658669361,3.0097785029085053
7308,GLU_46_A_OE1,59.481,-23.529,38.471,8879,LYS_51_C_HD3,60.036,-25.087,46.663,7,-12.836970608199955,7.177804498126582,-5.986323959718221,-14.37373421312602,6.791887846511724,2.219386183869659,59.88588997777236,-24.6656100637285,44.44732197821813,0.37282,8.357287418774108,3.2189509631167446
1422,PHE_28_A_CZ,39.678,-5.852,49.877,4618,ARG_35_C_HG2,39.914,-5.714,51.036,7,6.366019601245139,-12.267573622204445,3.386744415862304,6.494101178895322,-12.138753585160572,4.563613783091587,38.99884927656393,-6.249130507771932,46.54167928617632,-0.4653360000000001,1.1908068693117282,4.144639409573104
1349,PHE_28_A_CE2,39.979,-3.843,50.777,4128,GLY_34_C_CA,39.343,-3.935,44.847,7,8.352949767902409,-11.906490622359321,4.313248371628363,8.266777745065829,-11.952046334420892,-1.650673078187925,39.51902982979594,-3.9095365655012175,46.48828441932379,0.5951919999999999,5.964717931302367,4.713667061000357
8765,LYS_51_A_HB2,51.407,-25.484,44.984,8402,LEU_50_C_HD11,51.367,-25.558,45.227,7,-14.130073678714602,-1.6313474766905898,-0.31557480871528637,-14.19910043286345,-1.7009193663882625,-0.07783533076606843,51.353904096629215,-25.582227421235945,45.306557612977485,-0.605379,0.2571478174124704,2.2843350633608708
727,TYR_27_A_CE2,41.939,-0.728,41.006,4016,ARG_33_C_HD3,41.731,-0.788,39.28,7,11.241026273362513,-8.749607487575592,-5.210950753333664,11.184546165853414,-8.788090318899744,-6.94913056829788,42.56257055775366,-0.5481238775710569,46.180436455205914,-0.848317,1.7395229231027673,2.8674662755075575
8627,LYS_51_A_CG,48.058,-25.941,47.069,8491,LEU_50_C_HD13,48.994,-26.911,46.708,7,-14.317960253683655,-5.196849024659126,1.4233249429611452,-15.35842440771778,-4.305745171770823,1.1574579319618743,53.06889676979625,-31.13391652425467,45.13637848942685,-0.06137899999999999,1.3954630056006527,3.364652766617227
8391,LEU_50_A_HD11,55.071,-25.545,45.458,8771,LYS_51_C_HB2,55.138,-25.698,45.294,7,-14.46415701463125,1.95173895856778,0.5229792575978429,-14.622949440217715,2.022989235445519,0.36644694904394626,55.29484906082817,-26.056177706070304,44.91007095558477,-0.181592,0.23408118249872223,2.0413140106088816
7522,ALA_47_A_HA,56.875,-24.077,42.783,8870,LYS_51_C_HG3,57.758,-23.86,42.891,7,-13.15575054524507,4.120059246070774,-1.957247474310215,-13.005273828990601,5.001754966365874,-1.7612591719078,65.69312587093785,-21.909918104197594,43.86154767164356,-0.10055000000000003,0.9156647858250339,2.530321831441202
3649,ARG_33_A_CG,60.478,-0.036,48.734,607,TYR_27_C_CD2,60.61,-0.202,48.952,7,10.586565283159745,8.92345360775127,4.335250655244883,10.412637541202292,9.020043307091443,4.565301889883941,57.99049721658673,3.092223197322803,44.62585146375687,-0.8732329999999999,0.3041447024033098,2.860987001402824
8673,LYS_51_A_CE,44.209,-23.65,46.824,7330,GLU_46_C_OE1,44.79,-23.506,52.083,7,-11.744691879309018,-8.817221086705738,0.79507100879467,-11.607321162101599,-8.755255162822872,6.085880730409242,44.12169082041969,-23.671639452426103,46.03370916452176,0.804437,5.292955507086754,2.4047998150727063
8598,LYS_51_A_CB,49.864,-26.436,45.672,8230,LEU_50_C_CD1,49.721,-26.351,45.689,7,-14.957900252249914,-3.303095149559687,0.2140098232421836,-14.862226046998309,-3.4402174683034534,0.2166396809963622,61.500904952371144,-33.35304140525562,44.288591718948645,-0.799795,0.1672214101124627,2.2182575008479
4571,ARG_35_A_HB3,66.968,-7.21,41.053,1450,PHE_28_C_CZ,63.541,-3.736,41.633,7,2.888201110117362,15.585424317417473,-2.660281656364233,6.615105621526009,12.391025668845808,-2.424898910935781,28.236251758362524,32.05293941973981,47.60812517658299,0.4170249999999999,4.9142044117028805,5.179711798919443
8869,LYS_51_A_HG3,48.6,-25.334,47.29,7557,ALA_47_C_HA,49.566,-25.019,47.329,7,-13.752050349797418,-4.635170104917601,1.6977639558610327,-13.510616917133753,-3.656804210136955,1.8334550518191184,36.51342961907864,-29.275272950300455,46.80203287281993,0.22813900000000004,1.016809716712032,3.1719527735830857
3914,ARG_33_A_HG2,62.058,-0.475,48.613,1434,PHE_28_C_CZ,61.417,-0.501,42.06,7,10.028664397196929,10.469768717385856,4.372909427897172,10.004219137991873,10.486495026261284,-2.2113512488906,61.632282507804725,-0.49226779219512773,44.260852220973995,0.8710279999999999,6.5843273004916725,3.148728129682388
1432,PHE_28_A_CZ,39.586,-6.017,49.053,4819,GLU_36_C_CA,37.211,-9.773,49.07,7,6.202541563395313,-12.289044676716903,2.5576009270988074,2.6368078472829937,-14.931854061580818,2.3349989930212898,12.29826673284704,-49.17183206375853,49.24832272233334,0.794542,4.443922816611467,4.589843890397373
260,GLU_26_A_OE2,50.192,2.528,46.437,415,GLU_26_C_HG2,53.579,3.409,46.233,7,13.903385215912657,-0.8573872087227872,1.0207432323405212,14.52464921989031,2.5900622907763804,1.1573777293191463,24.889039149064995,-4.053608653579488,47.96100472795712,-0.6582199999999999,3.5056448764813593,1.4898894154355975
698,TYR_27_A_CE2,39.991,-0.885,41.229,3904,ARG_33_C_HG2,40.354,-1.729,40.927,7,11.2331602519935,-10.716408625186105,-5.184241002271248,10.36202037674758,-10.390117493825667,-5.448737534104937,32.87605043609511,15.657747746379437,47.148324430576515,-0.578928,0.9671137471879921,3.322246389170429
9227,ASP_52_A_HA,45.626,-24.073,41.616,7362,GLU_46_C_OE1,46.391,-23.998,50.706,7,-12.310754201108287,-6.923220582304518,-4.245010095430452,-12.2286479349383,-7.06665281685182,4.875934798337324,45.982041261166174,-24.03809399400332,45.84660792679813,-0.32152499999999995,9.122442107242998,2.1923102386008018
683,TYR_27_A_CE2,41.897,1.23,44.303,4020,ARG_33_C_HD3,41.51,-0.709,38.888,7,13.220164243594319,-8.972140941676603,-1.9338745020705703,11.277198668628003,-8.962193152033192,-7.361258845930604,42.03489504941693,1.9209005189133064,46.232461737965714,0.9656349999999999,5.764695568718264,3.9131917416485233
4690,ARG_35_A_HD2,66.789,-6.978,40.671,1450,PHE_28_C_CZ,63.541,-3.736,41.633,7,3.130313282100913,15.46359481752092,-3.0581865057093527,6.615105621526009,12.391025668845808,-2.424898910935781,51.10419920409071,8.677826410202542,45.31655984164555,0.622955,4.688871079481716,5.093208638928767
577,TYR_27_A_CD1,38.892,-2.843,44.615,4144,GLY_34_C_CA,38.729,-3.9,44.306,7,9.388024372985154,-12.293487514047877,-1.92619607220926,8.344163884537444,-12.504497780684353,-2.2504320172118475,39.86033791752365,3.4363446553525816,46.45068353690064,-0.8593639999999999,1.113238069776633,2.9232158965834247
7290,GLU_46_A_OE1,60.653,-22.148,39.189,9208,ASP_52_C_OD2,61.595,-22.207,49.697,7,-11.54330016524077,8.373561152706367,-5.153946756737538,-11.598019601359596,8.2539117904471,5.395536586697905,61.11321380259042,-22.176824431372438,44.32268008239934,0.1296589999999999,10.550303739703423,1.4577885116932854
1736,PHE_28_A_HZ,38.811,-5.029,49.52,4408,ARG_35_C_CG,38.706,-4.897,49.567,7,7.24955641168903,-13.029644055780455,2.945067657519849,7.389440823953199,-13.128498799470517,2.9813731785253292,47.32849528654046,-15.736708360222584,45.70740687173916,-0.921156,0.17509426032854128,4.5368281542090285
4041,ARG_33_A_HD3,59.826,0.448,50.991,81,GLU_26_C_CB,55.459,2.178,46.024,7,11.134560970511789,8.087839270043748,6.515814436761298,13.15374777400646,4.382731574328444,1.137177098573848,54.53570808102011,2.5437648316545056,44.97385322611103,-0.897519,6.836276618159915,1.6172995909104533
744,TYR_27_A_CZ,39.495,-1.612,42.326,3905,ARG_33_C_HG2,39.97,-1.985,40.927,7,10.55355956982673,-11.373218472608396,-4.14275277039939,10.13575192922226,-10.79050083276593,-5.487309175935787,38.03146335859396,-0.46273859527483874,46.6365005501622,-0.6860819999999999,1.5237962462219166,3.343316128404763
853,TYR_27_A_HA,41.418,-1.618,48.207,3633,ARG_33_C_CG,40.678,-1.686,41.177,7,10.444487198603372,-10.05336398188336,1.9012701730670465,10.382222670472505,-10.090389588961294,-5.1675257804852395,41.21896469931876,-1.6362897303328694,46.31616464352822,0.760248,7.0691671362332364,2.6515040790723297
6382,GLU_43_A_HG2,62.434,-19.894,40.265,9121,LYS_51_C_HZ3,62.515,-20.596,45.04,7,-9.422563953002031,10.203955771922354,-3.9039921751448894,-10.094469051293553,9.754057942561422,0.8548023657053649,62.500450308680534,-20.46990267523129,44.18228671542649,0.030275999999999997,4.827006318620268,2.594182840294887
260,GLU_26_A_OE2,50.192,2.528,46.437,233,GLU_26_C_OE2,53.388,2.635,45.959,7,13.903385215912657,-0.8573872087227872,1.0207432323405212,13.765338354904761,2.369240298543555,0.8652858635282235,71.17714464437682,3.230568985277949,43.29842079473967,-0.378482,3.233318573849472,1.4577626343896548
8132,LEU_50_A_CA,53.456,-25.49,39.737,8343,LEU_50_C_HB3,54.08,-25.698,45.777,7,-14.328335938089769,0.9251846686085458,-5.330979225764792,-14.539606149274551,0.9250933478137049,0.7410554323647583,54.003844540449634,-25.672614846816543,45.03985420563427,0.655,6.075709012123604,3.431614939181792
8575,LYS_51_A_O,46.455,-26.989,43.109,8488,LEU_50_C_HD13,48.904,-27.363,46.708,8,-15.270259524153671,-6.471074668499216,-2.677771021295556,-15.802326983516306,-4.429315527733247,1.1482454227080523,48.16901804648037,-27.250756941357153,45.627885646910094,0.9943169999999999,4.369242268403069,3.1848740194242118
681,TYR_27_A_CE2,41.301,1.224,44.062,4298,GLY_34_C_HA2,37.442,-4.159,44.434,8,13.257457365996629,-9.53981371431578,-2.2333571329953568,8.184002196242647,-13.813764557372215,-2.2520876330899604,501.4342122847199,643.0734640395558,-0.29393546771596135,0.464406,6.633773737474019,3.2634889257018735
4589,ARG_35_A_HB3,67.569,-4.959,40.916,991,TYR_27_C_HD1,63.805,-0.284,45.156,8,5.08635763612856,16.366087161017695,-2.73541095674961,10.062453781558576,12.562808233201949,1.108344699983693,64.89034720291875,-1.6320335211597126,43.933398474926804,0.926626,7.348531894194924,2.972631553157283
684,TYR_27_A_CE2,41.44,1.318,43.968,4298,GLY_34_C_HA2,37.442,-4.159,44.434,8,13.340018285573311,-9.385391685276206,-2.312921770278205,8.184002196242647,-13.813764557372215,-2.2520876330899604,-110.56447750180521,-206.9182489438188,61.68538031911967,0.464406,6.7969617477222855,3.264254769839861
551,TYR_27_A_CD1,38.472,-2.356,45.158,4579,ARG_35_C_HB3,35.842,-7.844,48.119,8,9.909221905937766,-12.72748009482657,-1.4277770000689969,4.656809841408059,-16.04873778811218,1.252517729839256,37.07101470227119,-5.279424834196077,46.73530702151141,0.731885,6.767759230350915,3.258075517202129
738,TYR_27_A_CZ,40.863,1.27,44.062,4298,GLY_34_C_HA2,37.442,-4.159,44.434,8,13.336396364575062,-9.970865978958736,-2.277204363804322,8.184002196242647,-13.813764557372215,-2.2520876330899604,-269.3014165862718,-490.94941468777273,77.7893203654175,0.22358999999999996,6.427726347628686,3.470184844147255
4293,GLY_34_A_HA2,65.206,-2.116,44.973,6,GLU_26_C_N,58.813,3.848,45.666,8,8.12863680417999,13.832081157466964,1.0657754419434555,14.563128245311328,7.872666316484553,1.1176276076278056,196.6084652667681,-124.70074939011492,30.7289974300219,0.41908900000000004,8.770404437652806,2.5117274007210297
739,TYR_27_A_CZ,40.703,1.286,44.117,4298,GLY_34_C_HA2,37.442,-4.159,44.434,8,13.36482498873288,-10.133883373315228,-2.2384985184355326,8.184002196242647,-13.813764557372215,-2.2520876330899604,577.8788097750833,898.2262895508516,-8.101562311776021,0.14267999999999997,6.354733275283867,3.499543283718085
746,TYR_27_A_CZ,39.585,1.421,44.356,4298,GLY_34_C_HA2,37.442,-4.159,44.434,8,13.585562742786628,-11.256691326189216,-2.112613074883705,8.184002196242647,-13.813764557372215,-2.2520876330899604,72.04489718627224,85.94093761054552,43.17453850651931,0.43082399999999993,5.977870272931657,4.08674071420887
8323,LEU_50_A_HG,56.231,-28.48,42.62,8722,LYS_51_C_HA,56.426,-28.338,46.439,8,-17.4986098356675,3.163491151429063,-2.185862136799591,-17.344398519837046,2.9862078112771027,1.63352779974452,56.342599790479,-28.398732460266583,44.80563897353486,0.503805,3.8266107719495093,2.935186465596187
12,GLU_26_A_N,41.827,1.48,43.847,4298,GLY_34_C_HA2,37.442,-4.159,44.434,8,13.471464610934335,-8.977073550661972,-2.394482572715634,8.184002196242647,-13.813764557372215,-2.2520876330899604,-31.910213618403965,-93.344206977008,53.71786531220135,0.663288,7.167364578420717,3.0330494884621584
4293,GLY_34_A_HA2,65.206,-2.116,44.973,10,GLU_26_C_N,58.302,4.335,45.861,8,8.12863680417999,13.832081157466964,1.0657754419434555,15.088705126100702,7.383157122593389,1.260682462406438,102.95791695865623,-37.39085751742339,40.117307320497304,-0.06414499999999995,9.490477385253076,2.613099275358345
155,GLU_26_A_CD,48.779,4.466,46.259,21,GLU_26_C_N,57.272,5.395,45.448,8,15.941218196071592,-2.0944625649085147,0.7029723902317806,16.220465766682675,6.482943075373268,0.7470663395899371,-86.62153901146225,-10.344679470345987,59.18845215333757,0.34963599999999995,8.58206332999238,2.309732433212231
442,GLU_26_A_HG3,45.759,4.421,45.04,200,GLU_26_C_OE1,52.328,4.796,42.712,8,16.11564700127202,-4.972249607525066,-0.8123831222683903,15.976901555487935,1.805879368993922,-2.470601225820468,42.54075945688349,4.237282508194756,46.180518189126985,0.733061,6.979396105681351,3.878944048798091
661,TYR_27_A_CE1,38.624,1.337,44.271,4298,GLY_34_C_HA2,37.442,-4.159,44.434,8,13.57375706538676,-12.207981601318647,-2.293470583506652,8.184002196242647,-13.813764557372215,-2.2520876330899604,-26.88322465190477,-303.25496843220634,53.304568204957924,0.815886,5.624029605185235,4.4777993867870896
711,TYR_27_A_CE2,41.449,1.786,43.315,4298,GLY_34_C_HA2,37.442,-4.159,44.434,8,13.80131527537404,-9.27573432121873,-2.9615313213247196,8.184002196242647,-13.813764557372215,-2.2520876330899604,24.722012077850312,-23.031055951380065,47.98620027074757,0.410988,7.256117074579212,3.1568321606275282
757,TYR_27_A_CZ,39.756,1.753,43.973,4298,GLY_34_C_HA2,37.442,-4.159,44.434,8,13.900952728290571,-11.02360061525718,-2.476415050580681,8.184002196242647,-13.813764557372215,-2.2520876330899604,14.211086715912764,-63.51127283298346,49.062111937754615,0.43587,6.36544271830326,3.7372291421130073
4293,GLY_34_A_HA2,65.206,-2.116,44.973,637,TYR_27_C_CE1,62.376,2.299,45.214,8,8.12863680417999,13.832081157466964,1.0657754419434555,12.746326789743959,11.33520196433101,1.0240682230596645,-7.111085181437787,110.70376363111211,51.13145142357824,0.790717,5.249686276340714,3.8696033264895764
551,TYR_27_A_CD1,38.472,-2.356,45.158,4281,GLY_34_C_HA2,37.23,-4.78,45.265,8,9.909221905937766,-12.72748009482657,-1.4277770000689969,7.5867480287591365,-14.154204768757245,-1.4467715945711042,131.8300884755912,179.85012436781983,37.11507289300469,0.5288999999999999,2.725763929616799,2.864837151194411
4293,GLY_34_A_HA2,65.206,-2.116,44.973,581,TYR_27_C_CD1,62.168,2.102,45.0,8,8.12863680417999,13.832081157466964,1.0657754419434555,12.564067166197812,11.135281793631444,0.7902256371770394,53.45558052367728,14.198440207744971,45.077430982837626,0.840914,5.198239798239403,3.8708605782642356
8931,LYS_51_A_HE2,44.94,-25.604,47.009,8488,LEU_50_C_HD13,48.904,-27.363,46.708,8,-13.746933770908532,-8.2586726565591,1.0514946011272248,-15.802326983516306,-4.429315527733247,1.1482454227080523,1.858974632311451,-6.487066694812295,50.28028875773823,0.39627900000000005,4.34718046554316,4.20876245372048
4293,GLY_34_A_HA2,65.206,-2.116,44.973,41,GLU_26_C_C,59.131,3.198,45.674,8,8.12863680417999,13.832081157466964,1.0657754419434555,13.891046932560082,8.138057792751777,1.1571506815880248,136.06311441076696,-64.09702156029886,36.79673050173701,0.7623560000000001,8.10158145055643,2.8322078812643205
685,TYR_27_A_CE2,42.056,1.498,43.877,4298,GLY_34_C_HA2,37.442,-4.159,44.434,8,13.472336760106895,-8.751513781977263,-2.341690242716651,8.184002196242647,-13.813764557372215,-2.2520876330899604,-78.52708150744036,-146.34302559332266,58.43373524049497,0.71862,7.321263142381919,2.8938976056422705
747,TYR_27_A_CZ,39.142,1.5,44.174,4298,GLY_34_C_HA2,37.442,-4.159,44.434,8,13.696481103816605,-11.672019718696836,-2.3380314493864445,8.184002196242647,-13.813764557372215,-2.2520876330899604,-7.105113931331836,-152.44848102200382,51.24708801302717,0.6472800000000001,5.914548249866595,4.375274521861118
155,GLU_26_A_CD,48.779,4.466,46.259,13,GLU_26_C_N,56.847,5.241,45.374,8,15.941218196071592,-2.0944625649085147,0.7029723902317806,16.0984694204324,6.057012023339245,0.6308052953198552,127.36857397844184,12.015196806307943,37.63830429215159,0.32294500000000004,8.153310615940002,2.3066251807933336
98,GLU_26_A_CG,47.465,4.351,45.091,200,GLU_26_C_OE1,52.328,4.796,42.712,8,15.9174010692012,-3.2901259956946096,-0.5908076160863197,15.976901555487935,1.805879368993922,-2.470601225820468,45.93658889031754,4.211139226031527,45.83870512645169,0.223913,5.431982603064924,2.276327669180366
4293,GLY_34_A_HA2,65.206,-2.116,44.973,3,GLU_26_C_N,58.914,3.599,45.674,8,8.12863680417999,13.832081157466964,1.0657754419434555,14.30727665357051,7.953184573071536,1.135593501980221,161.25362832391775,-89.35570055168301,34.272207333905534,0.6517570000000001,8.528885624746062,2.209441898527089
4293,GLY_34_A_HA2,65.206,-2.116,44.973,692,TYR_27_C_CE2,59.45,3.074,46.664,8,8.12863680417999,13.832081157466964,1.0657754419434555,13.750406150247155,8.346234343519743,2.1740674402564846,70.74118698426429,-7.106900008396735,43.34687053676321,0.5522420000000001,7.932661407119304,2.94509729568029
4293,GLY_34_A_HA2,65.206,-2.116,44.973,43,GLU_26_C_C,59.457,3.033,45.291,8,8.12863680417999,13.832081157466964,1.0657754419434555,13.699165062314586,8.48723040510844,0.8086541469551571,41.37622341143789,19.226758680554234,46.29111949124416,0.579922,7.724268638518473,2.902754147396842
1012,TYR_27_A_HE1,37.317,-1.132,44.3,4294,GLY_34_C_HA2,37.442,-4.159,44.85,8,11.210762195599331,-13.694813803586749,-2.396602768865418,8.186980744679804,-13.855322415138504,-1.8381793428769138,37.85346629451097,-14.123067787877787,46.66045169584831,0.030275999999999997,3.079099543697801,3.780765968236614
4293,GLY_34_A_HA2,65.206,-2.116,44.973,547,TYR_27_C_CD1,61.134,2.169,45.319,8,8.12863680417999,13.832081157466964,1.0657754419434555,12.711231102549581,10.082661251060568,1.0040918785412243,-5.150467107682935,71.92070470442565,50.95122633085917,0.866222,5.921327976054023,3.139310176028671
155,GLU_26_A_CD,48.779,4.466,46.259,19,GLU_26_C_N,57.821,5.151,45.728,8,15.941218196071592,-2.0944625649085147,0.7029723902317806,15.937720734741847,6.981130179800937,1.0805357623182505,31.94400798965203,3.1906218173978824,47.24765082476164,0.31628199999999995,9.083443730215974,2.8246652972472672
707,TYR_27_A_CE2,40.627,2.124,41.947,4298,GLY_34_C_HA2,37.442,-4.159,44.434,8,14.190612560493358,-9.928946467171057,-4.404830845394157,8.184002196242647,-13.813764557372215,-2.2520876330899604,34.11001917182031,-10.731946795432629,47.03576964511235,0.26622000000000007,7.470306754076433,3.345691568678822
8470,LEU_50_A_HD13,57.69,-26.366,43.483,8806,LYS_51_C_HG2,58.693,-26.397,45.287,8,-15.494682617008461,4.6850890351272465,-1.1801476730263687,-15.588408947937046,5.497599809550988,0.715222374308981,58.31451557557827,-26.38530207661309,44.60625632935513,-0.27239399999999997,2.064312476346546,2.3513909959004615
4293,GLY_34_A_HA2,65.206,-2.116,44.973,584,TYR_27_C_CD1,62.168,1.802,44.7,8,8.12863680417999,13.832081157466964,1.0657754419434555,12.262783275243201,11.14249846058351,0.49160223426067107,59.566890147258434,5.15655839468119,44.46625971369374,0.812771,4.965349635222078,4.193283167521328
8223,LEU_50_A_CD2,51.733,-29.302,44.162,9497,GLN_54_C_OE1,52.266,-29.263,49.389,8,-17.96757691048481,-1.515374327137479,-1.1024694488901574,-17.931508603823286,-1.505796111555835,4.151647635362999,51.84483919330986,-29.29381664439196,45.25877948110819,1.000038,5.2542496134081835,3.4076211620781414
4293,GLY_34_A_HA2,65.206,-2.116,44.973,687,TYR_27_C_CE1,62.34,2.66,45.491,8,8.12863680417999,13.832081157466964,1.0657754419434555,13.110988505848768,11.299193696278003,1.2962285387548786,78.4603778273,-24.203546581711358,42.57740763623817,0.651892,5.593966034934427,3.8287974792354484
644,TYR_27_A_CE1,37.589,-1.359,44.343,4298,GLY_34_C_HA2,37.442,-4.159,44.434,8,10.964186361807716,-13.446473864641604,-2.3266768586840647,8.184002196242647,-13.813764557372215,-2.2520876330899604,33.00359915286228,-88.69996851690986,47.181581476799394,-0.03375600000000002,2.8053324223699403,3.546248525836891
155,GLU_26_A_CD,48.779,4.466,46.259,449,GLU_26_C_HG3,55.615,5.238,45.643,8,15.941218196071592,-2.0944625649085147,0.7029723902317806,16.19042710910595,4.807641031137868,0.7750616897693374,-17.88164576089956,-3.0620893106223654,52.26586919085929,0.43254899999999996,6.906977341789966,1.841853601315675
551,TYR_27_A_CD1,38.472,-2.356,45.158,4661,ARG_35_C_HG3,37.162,-4.497,50.095,8,9.909221905937766,-12.72748009482657,-1.4277770000689969,7.908649946707256,-14.68271485839971,3.3522563528748606,38.08070819678727,-2.995508206624771,46.63266231485591,-0.311267,5.53840681062704,2.9790494360781934
745,TYR_27_A_CZ,40.02,1.235,44.464,4298,GLY_34_C_HA2,37.442,-4.159,44.434,8,13.36802678528514,-10.85002246893596,-1.9616708749055567,8.184002196242647,-13.813764557372215,-2.2520876330899604,57.433552672106515,37.66971804241365,44.666640256075716,0.18374400000000002,5.9784797398669856,3.754890726054326
628,TYR_27_A_CE1,38.619,1.392,44.069,4298,GLY_34_C_HA2,37.442,-4.159,44.434,8,13.627529861009046,-12.18859120617122,-2.494931495415116,8.184002196242647,-13.813764557372215,-2.2520876330899604,26.526726627359764,-55.63791460622425,47.81894034070827,0.807186,5.686137089448336,4.5810756231499585
4293,GLY_34_A_HA2,65.206,-2.116,44.973,991,TYR_27_C_HD1,63.805,-0.284,45.156,8,8.12863680417999,13.832081157466964,1.0657754419434555,10.062453781558576,12.562808233201949,1.108344699983693,100.28181439994611,-47.982446809922266,40.39136257302632,0.323171,2.31355008590694,2.4256164423371684
4653,ARG_35_A_HG3,64.848,-2.01,39.634,630,TYR_27_C_CE1,64.091,0.284,46.277,8,8.22313543548735,14.01830685026977,-4.282187815224749,10.615249451213074,12.777642113524548,2.252601817714133,64.35194483094212,-0.5067628034098226,43.9870970780072,-0.7632410000000001,7.068587836336195,3.4777838887420782
771,TYR_27_A_OH,39.936,1.101,40.888,4298,GLY_34_C_HA2,37.442,-4.159,44.434,8,13.215151167968719,-10.586284350377184,-5.528162042769177,8.184002196242647,-13.813764557372215,-2.2520876330899604,35.7275375505722,-7.774907170806026,46.871643883589,0.12371399999999999,6.816285792130491,3.991397582685164
4293,GLY_34_A_HA2,65.206,-2.116,44.973,812,TYR_27_C_OH,62.078,2.733,50.018,8,8.12863680417999,13.832081157466964,1.0657754419434555,13.235973927370946,10.592557899033725,5.774257848000172,65.91402974183589,-3.2135819111771697,43.83105305384845,-0.703185,7.664803324286933,2.775397552820667
155,GLU_26_A_CD,48.779,4.466,46.259,442,GLU_26_C_HG3,55.94,5.284,45.398,8,15.941218196071592,-2.0944625649085147,0.7029723902317806,16.210001069888364,5.1580384230681915,0.5638638493738646,84.96646379915981,8.59968878476648,41.90801461652332,0.568314,7.258812988361107,1.8890282756916454
155,GLU_26_A_CD,48.779,4.466,46.259,193,GLU_26_C_OE1,53.308,5.326,43.11,8,15.941218196071592,-2.0944625649085147,0.7029723902317806,16.43422906628234,2.778577346746964,-1.9762185886397867,49.96732960414815,4.691648809796296,45.43275802087381,0.803956,5.582798760478473,2.3007805412801012
3,GLU_26_A_N,44.822,3.454,44.92,200,GLU_26_C_OE1,52.328,4.796,42.712,8,15.221321924600035,-5.963202452493333,-1.0260490210097224,15.976901555487935,1.805879368993922,-2.470601225820468,39.49057346792256,2.5007926450775493,46.488317317189846,0.562361,7.938278402777267,5.144052633306258
759,TYR_27_A_CZ,40.104,1.944,43.612,4298,GLY_34_C_HA2,37.442,-4.159,44.434,8,14.062541852657757,-10.627799353628639,-2.800662357708279,8.184002196242647,-13.813764557372215,-2.2520876330899604,26.51357583051854,-29.213910858882542,47.80859228674444,0.410988,6.708840212734239,3.3915064371915653
1002,TYR_27_A_HE1,37.382,-0.296,45.011,4294,GLY_34_C_HA2,37.442,-4.159,44.85,8,12.044537105083446,-13.6379502263908,-1.682300358185429,8.186980744679804,-13.855322415138504,-1.8381793428769138,36.73445907784871,41.39484303783857,46.74856814110589,0.580812,3.8668191061905133,3.4662656036441954
4293,GLY_34_A_HA2,65.206,-2.116,44.973,701,TYR_27_C_CE2,60.721,3.727,47.867,8,8.12863680417999,13.832081157466964,1.0657754419434555,14.314171000390578,9.536544506644502,3.498601286296158,67.17079450767599,-4.675708875886469,43.70519279705366,0.6273150000000001,7.913981930734998,2.8971300655362318
4653,ARG_35_A_HG3,64.848,-2.01,39.634,681,TYR_27_C_CE1,62.334,2.979,45.791,8,8.22313543548735,14.01830685026977,-4.282187815224749,13.43167070458994,11.28746543187607,1.5942593680740007,63.01603932177404,1.6255019187228832,44.12062764353112,0.659872,8.313781690662795,4.141133377191523
756,TYR_27_A_CZ,40.215,1.681,43.973,4298,GLY_34_C_HA2,37.442,-4.159,44.434,8,13.794502998863752,-10.573686112367794,-2.4304760127723273,8.184002196242647,-13.813764557372215,-2.2520876330899604,2.4338956734839527,-77.88685043882204,50.25395531717412,0.24098999999999998,6.481330881848265,3.425089285388134
9471,GLN_54_A_OE1,53.596,-28.756,40.238,8275,LEU_50_C_CD2,54.148,-28.567,44.972,8,-17.591912412829224,0.7663261254936378,-4.819912149143133,-17.411240631006105,0.8553808236672641,-0.05434733812795842,54.154295104953206,-28.56484461080407,45.025987367479104,0.900737,4.769819807917279,4.02902689288736
652,TYR_27_A_CE1,39.196,1.06,45.033,4298,GLY_34_C_HA2,37.442,-4.159,44.434,8,13.259821560161821,-11.737630126660118,-1.478135689830619,8.184002196242647,-13.813764557372215,-2.2520876330899604,42.545884992916335,11.027531230347998,46.17700291377246,0.43587,5.53834614302862,4.377554114330822
656,TYR_27_A_CE1,39.079,1.283,44.672,4298,GLY_34_C_HA2,37.442,-4.159,44.434,8,13.488428661548058,-11.800729710633581,-1.8489405383670974,8.184002196242647,-13.813764557372215,-2.2520876330899604,46.58672038525444,26.241469356478103,45.76353173591359,0.5926439999999998,5.687862252199855,4.350054838249939
1008,TYR_27_A_HE1,37.217,-0.747,44.692,4294,GLY_34_C_HA2,37.442,-4.159,44.85,8,11.605010544874172,-13.803984768897024,-2.016419997783813,8.186980744679804,-13.855322415138504,-1.8381793428769138,39.76240413206145,-39.34663954930491,46.47943934606982,0.36818400000000007,3.4230590120534004,3.6037839780416725
8728,LYS_51_A_HA,49.831,-28.179,44.633,8247,LEU_50_C_CD1,49.977,-28.072,44.627,8,-16.70082735035846,-3.3642343910510517,-0.8238370459195292,-16.605202337450496,-3.210672766525039,-0.8151373689553189,63.65682470579867,-18.046375044380056,44.064815423049325,-0.442276,0.18111046352985244,1.8224320386224369
8715,LYS_51_A_HA,49.961,-29.21,44.005,8452,LEU_50_C_HD12,50.111,-29.039,45.021,8,-17.743169927041595,-3.2507189162705283,-1.4361124658237674,-17.57671378680098,-3.1904313872521115,-0.41012281323410993,50.17096008032813,-28.97064550842592,45.42712961075594,-0.84248,1.0411517660744738,1.8699636257084769
8479,LEU_50_A_HD13,57.247,-27.235,42.772,8739,LYS_51_C_HA,57.489,-27.362,45.669,8,-16.33282132304128,4.2507077563322015,-1.9323227949773738,-16.456985458906306,4.191758043764325,0.9742921087814727,57.40788203352284,-27.319429827509918,44.697930789734194,0.968367,2.909862883367529,1.9246760734931676
737,TYR_27_A_CZ,40.473,1.008,44.469,4298,GLY_34_C_HA2,37.442,-4.159,44.434,8,13.107512341915854,-10.41831576334734,-1.9114260229721574,8.184002196242647,-13.813764557372215,-2.2520876330899604,57.47970725305728,29.999638527399206,44.66538230084363,0.22358999999999996,5.990498727151186,3.5035566292185556
4293,GLY_34_A_HA2,65.206,-2.116,44.973,25,GLU_26_C_CA,58.558,3.654,46.018,8,8.12863680417999,13.832081157466964,1.0657754419434555,14.391461292649145,7.569802178921551,1.4422331706452973,84.02690497244569,-18.451231902980062,42.01453945604606,0.384944,8.864582844104964,2.2934415715198946
8939,LYS_51_A_HE2,44.424,-25.738,46.298,8488,LEU_50_C_HD13,48.904,-27.363,46.708,8,-13.84667760800299,-8.709732735600674,0.292331264251241,-15.802326983516306,-4.429315527733247,1.1482454227080523,42.893888538580995,-25.182993052498695,46.15796747786121,0.7158359999999999,4.783212832396237,3.919218208496055
1069,TYR_27_A_HH,40.649,1.988,43.027,4298,GLY_34_C_HA2,37.442,-4.159,44.434,8,14.061075930857768,-10.025325463755841,-3.3281176288875702,8.184002196242647,-13.813764557372215,-2.2520876330899604,30.729877598648304,-17.024424509232563,47.37879458020012,0.363486,7.074610024587927,3.2461590623344483
155,GLU_26_A_CD,48.779,4.466,46.259,447,GLU_26_C_HG3,54.359,5.314,45.442,8,15.941218196071592,-2.0944625649085147,0.7029723902317806,16.359604200982467,3.587403565937343,0.4493123381119588,64.2429483226173,6.816076734333242,43.9948340896813,0.38504800000000006,5.702893388447656,1.924731800325119
4293,GLY_34_A_HA2,65.206,-2.116,44.973,50,GLU_26_C_C,60.151,2.56,44.933,8,8.12863680417999,13.832081157466964,1.0657754419434555,13.172563239334078,9.175639712376512,0.5217532133555973,55.30292145666783,7.044592535830115,44.8946373606858,0.8231670000000001,6.88618914930457,3.4429457614143475
784,TYR_27_A_OH,37.678,0.329,42.601,4298,GLY_34_C_HA2,37.442,-4.159,44.434,8,12.628131676807735,-13.056129961036916,-4.050262257092905,8.184002196242647,-13.813764557372215,-2.2520876330899604,37.14642654772534,-9.779905312748529,46.729703974658655,0.5731559999999999,4.853630496854905,4.379869931269048
8718,LYS_51_A_HA,50.912,-28.111,44.28,8385,LEU_50_C_HG,51.333,-28.121,49.196,8,-16.717172338706416,-2.2513496348568056,-1.066765761361675,-16.723733009211468,-2.3255347579100434,3.8666762951664113,51.00303347731408,-28.113162315375636,45.342994238660346,0.642718,4.934004154842188,2.290712297661085
4293,GLY_34_A_HA2,65.206,-2.116,44.973,651,TYR_27_C_CE1,61.661,2.618,45.832,8,8.12863680417999,13.832081157466964,1.0657754419434555,13.122819396770158,10.58830499250418,1.5674909225584297,72.73651099212343,-12.172259248719968,43.14825840839661,0.53375,5.976258193886875,3.3117552296857466
155,GLU_26_A_CD,48.779,4.466,46.259,15,GLU_26_C_N,56.413,4.873,45.59,8,15.941218196071592,-2.0944625649085147,0.7029723902317806,15.765845409205996,5.576950991668551,0.8020906508728933,-5.363306294703811,1.57945052895671,51.003721366407746,0.429909,7.674057987792371,2.2196011999640564
635,TYR_27_A_CE1,37.961,-0.153,45.298,4298,GLY_34_C_HA2,37.442,-4.159,44.434,8,12.145462332212979,-13.08134803208716,-1.3386914295685728,8.184002196242647,-13.813764557372215,-2.2520876330899604,38.721656601448004,5.718272341812544,46.56429538275738,0.24568799999999996,4.130846523413816,3.56495743302329
17,GLU_26_A_N,42.997,3.333,45.05,4298,GLY_34_C_HA2,37.442,-4.159,44.434,8,15.23939913335565,-7.79595400751221,-1.0795368897231374,8.184002196242647,-13.813764557372215,-2.2520876330899604,48.11134362763094,10.230689011379116,45.61713513494521,0.61335,9.347060767963372,1.6852060339387025
701,TYR_27_A_CE2,40.843,1.54,43.796,4298,GLY_34_C_HA2,37.442,-4.159,44.434,8,13.60522423521469,-9.943657334898722,-2.5437512933604123,8.184002196242647,-13.813764557372215,-2.2520876330899604,11.181100602945719,-48.16395903081805,49.360331612855205,0.24690599999999993,6.667266756325265,3.3524038884040412
8826,LYS_51_A_HG2,46.683,-26.544,46.109,8488,LEU_50_C_HD13,48.904,-27.363,46.708,8,-14.82227665517837,-6.510821110630492,0.33017521649569914,-15.802326983516306,-4.429315527733247,1.1482454227080523,45.78659874951051,-26.2134495163661,45.8672420760724,0.708951,2.4418032271253987,3.2139506916160627
570,TYR_27_A_CD1,39.277,-0.833,46.327,4298,GLY_34_C_HA2,37.442,-4.159,44.434,8,11.375423078431725,-11.930109773113651,-0.18336159843304345,8.184002196242647,-13.813764557372215,-2.2520876330899604,39.43964528385482,-0.538199883323629,46.49478611571508,0.260826,4.244166584855029,3.415570107921606
8470,LEU_50_A_HD13,57.69,-26.366,43.483,8918,LYS_51_C_HE2,60.497,-24.898,44.483,8,-15.494682617008461,4.6850890351272465,-1.1801476730263687,-14.235695460962235,7.48136077314368,0.09660160074714519,60.28461633245672,-25.009072042733717,44.40733784554924,0.10913600000000001,3.3217876211461825,2.9257277869675455
155,GLU_26_A_CD,48.779,4.466,46.259,444,GLU_26_C_HG3,55.546,5.064,45.8,8,15.941218196071592,-2.0944625649085147,0.7029723902317806,16.023262296045615,4.710305132637148,0.924285173636861,27.284470440939486,2.566527755827074,47.71695612052739,0.51461,6.8088599633125035,1.7923863000922526
4293,GLY_34_A_HA2,65.206,-2.116,44.973,619,TYR_27_C_CE1,60.75,2.327,45.569,8,8.12863680417999,13.832081157466964,1.0657754419434555,12.899560189100049,9.68870229796124,1.2144451490932868,97.14993437873557,-33.96674067430925,40.70042708937915,0.782802,6.320712064316806,3.195691469293151
8937,LYS_51_A_HE2,45.491,-25.915,46.69,8488,LEU_50_C_HD13,48.904,-27.363,46.708,8,-14.100925655097011,-7.7037435175753775,0.7891467468659856,-15.802326983516306,-4.429315527733247,1.1482454227080523,37.99067201706373,-22.732909487462145,46.65044362622535,-0.103105,3.7075054956129234,3.625901355418409
4293,GLY_34_A_HA2,65.206,-2.116,44.973,990,TYR_27_C_HD1,63.895,0.168,45.156,8,8.12863680417999,13.832081157466964,1.0657754419434555,10.506356357357102,12.686378589164379,1.117557209237516,92.1890806749646,-49.12542506607106,41.206483017911125,0.6189,2.6398609811882143,2.42067358726973
4266,GLY_34_A_HA2,65.535,-2.511,44.938,991,TYR_27_C_HD1,63.805,-0.284,45.156,8,7.709682564387952,14.132021409767612,1.0637284905284594,10.062453781558576,12.562808233201949,1.108344699983693,106.78122667599482,-55.60657618927203,39.740498603834254,0.5421510000000002,2.828418816229306,2.2285942624866326
660,TYR_27_A_CE1,37.846,-1.693,44.271,4298,GLY_34_C_HA2,37.442,-4.159,44.434,8,10.611227912542969,-13.209642334354678,-2.372722046864557,8.184002196242647,-13.813764557372215,-2.2520876330899604,29.89984535855282,-50.196013232200244,47.47699803602939,-0.008178000000000012,2.504184697661096,3.479684389650809
8252,LEU_50_A_HA,54.439,-27.296,40.668,8515,LEU_50_C_HD21,54.854,-27.48,45.231,8,-16.196690215022286,1.6704433745048288,-4.307002782113013,-16.378824143141003,1.612373167856124,0.2745368153725142,54.82913220698952,-27.468974279725472,44.9575741216703,0.975271,4.585526142112814,2.8913793241366488
7,GLU_26_A_N,43.903,3.38,44.826,200,GLU_26_C_OE1,52.328,4.796,42.712,8,15.216251764940816,-6.871166888178037,-1.2116504138191404,15.976901555487935,1.805879368993922,-2.470601225820468,35.794538065574955,2.0172009377868427,46.86057430615721,0.361391,8.800833880945603,4.289423726645197
4293,GLY_34_A_HA2,65.206,-2.116,44.973,778,TYR_27_C_CZ,61.171,2.976,46.537,8,8.12863680417999,13.832081157466964,1.0657754419434555,13.521833807111552,10.05889785819231,2.220027960955181,68.93170459012198,-6.817682223767312,43.528885507075394,0.585808,6.682498410026001,3.1021401625978724
686,TYR_27_A_CE2,41.691,1.622,43.514,4298,GLY_34_C_HA2,37.442,-4.159,44.434,8,13.620940106921227,-9.067963546666771,-2.7393667340302947,8.184002196242647,-13.813764557372215,-2.2520876330899604,17.80413674148332,-30.87740138797009,48.6860202866169,0.431172,7.233281551273945,3.1143820221810947
551,TYR_27_A_CD1,38.472,-2.356,45.158,4571,ARG_35_C_HB3,35.782,-7.24,49.748,8,9.909221905937766,-12.72748009482657,-1.4277770000689969,5.275264055019759,-16.22518967931731,2.867583089431882,37.57784443442275,-3.9794408112562385,46.6837152587359,0.789285,7.222025754592682,3.005001442994685
8744,LYS_51_A_HA,49.06,-27.86,44.754,8487,LEU_50_C_HD13,49.15,-27.814,47.1,8,-16.323664930647844,-4.117039470391134,-0.7805239800178254,-16.267795643767208,-4.258623771402368,1.5627140592113578,49.08997866927114,-27.844677569039202,45.53544397900103,0.925752,2.3481763136527922,2.0321527493147973
4293,GLY_34_A_HA2,65.206,-2.116,44.973,17,GLU_26_C_N,58.484,4.576,45.728,8,8.12863680417999,13.832081157466964,1.0657754419434555,15.314316652568342,7.595284565012499,1.1466851497290413,153.75090662269105,-90.26573447174182,35.027834201110984,-0.03733599999999998,9.51515491203375,2.8973705398256278
8506,LEU_50_A_HD21,52.666,-28.206,45.367,8269,LEU_50_C_CD2,52.569,-28.133,44.782,8,-16.936552804498202,-0.6269962142709914,0.1903969871558458,-16.86062760041462,-0.659252904187602,-0.4013444000569207,52.63478956220874,-28.1825117323839,45.17877210198055,-0.92245,0.597463806435168,2.6409705065029128
4293,GLY_34_A_HA2,65.206,-2.116,44.973,2,GLU_26_C_N,58.627,3.669,45.946,8,8.12863680417999,13.832081157466964,1.0657754419434555,14.400692676721482,7.646587628947792,1.377512414991664,87.69847679537094,-21.893926472293778,41.64647926403771,0.3262140000000001,8.814544514607661,2.271358415171801
547,TYR_27_A_CD1,40.268,-0.024,46.038,4298,GLY_34_C_HA2,37.442,-4.159,44.434,8,12.105197512028964,-10.856708023385552,-0.3713003111786706,8.184002196242647,-13.813764557372215,-2.2520876330899604,40.825901825031764,0.7923213186505199,46.354657652990426,0.42786599999999997,5.259022437677938,4.26060698248421
750,TYR_27_A_CZ,40.156,2.076,43.326,4298,GLY_34_C_HA2,37.442,-4.159,44.434,8,14.188187600202504,-10.537627683634943,-3.0799582868846116,8.184002196242647,-13.813764557372215,-2.2520876330899604,30.05900386625585,-21.120304677190408,47.44813401480785,0.2349,6.889752172611144,3.404763731575928
155,GLU_26_A_CD,48.779,4.466,46.259,450,GLU_26_C_HG3,55.22,5.418,45.643,8,15.941218196071592,-2.0944625649085147,0.7029723902317806,16.399733397855286,4.429412169888243,0.735579972382745,-90.07966006624449,-16.057745440624885,59.53907057922786,0.42789900000000003,6.540049005932596,1.8215075021255198
1075,TYR_27_A_HH,40.328,1.903,41.355,4298,GLY_34_C_HA2,37.442,-4.159,44.434,8,13.988586613674379,-10.183206525447606,-5.023897351980573,8.184002196242647,-13.813764557372215,-2.2520876330899604,35.09713308334203,-9.0843580210605,46.93567887608797,0.314766,7.386276531514374,3.6689605851418823
155,GLU_26_A_CD,48.779,4.466,46.259,116,GLU_26_C_CG,53.888,4.99,45.582,8,15.941218196071592,-2.0944625649085147,0.7029723902317806,16.07310300778024,3.0815641278504553,0.5412934729693109,70.99269367450512,6.7443275563595035,43.31543558081034,0.3365699999999999,5.18023030376063,1.6530623570674896
4293,GLY_34_A_HA2,65.206,-2.116,44.973,653,TYR_27_C_CE1,61.024,2.316,45.572,8,8.12863680417999,13.832081157466964,1.0657754419434555,12.86792479252313,9.959404508722205,1.244867423376259,90.09306006013931,-28.490808748574196,41.408354142509914,0.832505,6.122952637412773,3.198570252798981
704,TYR_27_A_CE2,41.02,2.037,42.509,4298,GLY_34_C_HA2,37.442,-4.159,44.434,8,14.078213316292176,-9.60179146706379,-3.80633438274144,8.184002196242647,-13.813764557372215,-2.2520876330899604,32.2575146195398,-13.136940586174228,47.22330529831914,0.518346,7.409326892505149,3.2044761149025045
754,TYR_27_A_CZ,38.472,-0.296,41.486,4298,GLY_34_C_HA2,37.442,-4.159,44.434,8,11.936996996482051,-12.204415212585632,-5.080408286023606,8.184002196242647,-13.813764557372215,-2.2520876330899604,36.621848911516935,-7.234964713407839,46.7813838920855,0.217326,4.967330570839835,3.9239696402724595
8433,LEU_50_A_HD12,56.71,-29.031,44.36,9419,GLN_54_C_O,60.235,-29.688,46.889,9,-18.071731646545132,3.4230951152686977,-0.4068795141033784,-18.97488926802899,6.617784921242472,2.4621583654588415,57.20990636144311,-29.12417403672855,44.71865622357153,0.8914019999999999,4.38783716653205,2.628301011444551
795,TYR_27_A_OH,37.697,1.301,41.425,1127,TYR_27_C_HH,61.559,4.769,48.84,9,13.587477255016877,-12.846079607580457,-5.218019042807889,15.296862571893357,10.349753816628613,4.551095891247924,50.44251187492156,3.1533776373408773,45.38560558848979,0.666246,25.22705478251474,4.183055564882734
9561,GLN_54_A_HG2,50.596,-29.586,43.84,8436,LEU_50_C_HD12,50.85,-29.626,46.534,9,-18.167214431995973,-2.6327673411085275,-1.5368502867888516,-18.20698869975285,-2.652934030870448,1.1690254147629457,50.74026382284319,-29.608718712258774,45.370105270628194,-0.11721600000000001,2.7062431524162753,3.3584808420201044
9492,GLN_54_A_NE2,55.29,-30.33,43.714,9462,GLN_54_C_CG,55.672,-30.343,45.781,9,-19.264397346892842,1.9803233847763442,-1.1924208948760344,-19.291403415131747,2.1518301075642077,0.9024390327365119,55.50743925492992,-30.33739976522013,44.89056267000045,-0.7379370000000001,2.102042340201548,2.7034177722159694
1099,TYR_27_A_HH,39.823,2.798,41.62,1039,TYR_27_C_HE1,64.431,2.653,47.447,9,14.921036481392177,-10.642812009847713,-4.810414231096489,12.960131167447166,13.177748006936921,3.4518123959395535,54.15021211149926,2.7135784396876086,45.01258228924359,0.600076,25.28890306043344,4.270834121283776
1006,TYR_27_A_HE1,37.217,0.155,44.692,1127,TYR_27_C_HH,61.559,4.769,48.84,9,12.504412482082389,-13.735574256574907,-2.016023576377832,15.296862571893357,10.349753816628613,4.551095891247924,44.689689683522865,1.571440317138055,45.96538414293209,0.8915759999999999,25.12026799220104,4.082300737748784
9453,GLN_54_A_CG,50.871,-30.999,44.322,9693,GLN_54_C_HE22,51.198,-31.028,47.262,9,-19.593457476944504,-2.5152565854903974,-1.0303525088568857,-19.62601399090162,-2.4867405718831415,1.9276023438017713,50.984904804900374,-31.009101649364254,45.34609824589328,-0.616043,2.9582714547519107,3.212752241288394
8531,LEU_50_A_HD23,53.449,-30.052,44.8,8546,LEU_50_C_HD23,53.632,-30.104,45.435,9,-18.840416367543817,0.06645644310219717,-0.2961427802725991,-18.901537549760096,0.18063174938626708,0.3539696719381161,53.532361160989296,-30.07568732443412,45.08925867337817,-0.532191,0.6628861138989158,2.807080938046
9421,GLN_54_A_O,46.939,-31.048,42.685,9706,GLN_54_C_HE22,50.759,-31.44,48.36,9,-19.357148825754642,-6.256387146342472,-3.0529484517064436,-19.995818643402597,-3.0632098663351055,2.97593276477728,48.873399213842944,-31.24650379367184,45.55874752318291,0.744577,6.8521302527024375,2.5804174194597227
9703,GLN_54_A_HE22,56.564,-31.222,41.755,9350,GLN_54_C_C,59.292,-30.563,45.925,9,-20.264048727303003,3.372311883586765,-3.0143665957199315,-19.783069317960507,5.712171527938969,1.4081757333618923,58.42338120231202,-30.772831300467878,44.59723592875408,0.7034279999999999,5.026446557957218,2.531396422891591
998,TYR_27_A_HE1,37.413,0.43,43.441,1127,TYR_27_C_HH,61.559,4.769,48.84,9,12.754864148494192,-13.395291964722214,-3.2409823204353714,15.296862571893357,10.349753816628613,4.551095891247924,47.45611776438483,2.2347332054860356,45.6866221655725,0.8402459999999999,25.11982161560866,4.457958812891982
1099,TYR_27_A_HH,39.823,2.798,41.62,1130,TYR_27_C_HH,63.331,4.384,48.032,9,14.921036481392177,-10.642812009847713,-4.810414231096489,14.773390153629581,12.159278607902193,3.9244623004762422,52.76917243138701,3.6714315754713236,45.15117481836197,0.925752,24.41833745364332,4.067228288126537
9608,GLN_54_A_HG3,53.165,-31.515,44.6,9626,GLN_54_C_HE21,53.12,-31.609,45.92,9,-20.279190813744037,-0.3062795413844618,-0.5242238597816126,-20.360071142644085,-0.4899197043302402,0.7845907424253883,53.146976000534835,-31.552650132216115,45.128703984311365,-0.599841,1.3241076240245735,2.4762143333053186
9714,GLN_54_A_HE22,56.031,-30.805,41.044,9445,GLN_54_C_CG,56.554,-30.935,45.997,9,-19.81309603256242,2.946175626230445,-3.7749903905571447,-19.946747724612386,2.960387565481956,1.2054285924195824,56.42741644227317,-30.903535635746678,44.79820772194838,0.758185,4.98223223063719,2.761024251817309
1099,TYR_27_A_HH,39.823,2.798,41.62,1061,TYR_27_C_HE1,64.464,2.652,46.172,9,14.921036481392177,-10.642812009847713,-4.810414231096489,12.947513395316227,13.337782396011844,2.186527927474109,56.76374559745449,2.6976246557676906,44.74951073250326,0.9999290000000001,25.05834992572336,4.11718105341482
782,TYR_27_A_OH,37.639,0.664,42.386,1127,TYR_27_C_HH,61.559,4.769,48.84,9,12.96357209239808,-13.047936300582156,-4.267939981072475,15.296862571893357,10.349753816628613,4.551095891247924,49.21499604143493,2.650599655104115,45.50938956736711,0.5804639999999999,25.11317464997207,4.420139003720263
9446,GLN_54_A_CG,52.122,-30.415,44.489,8536,LEU_50_C_HD23,52.307,-30.284,45.995,9,-19.104401500960392,-1.2465266064351963,-0.7386429056539527,-18.976964460205743,-1.203499564517162,0.7783707641287171,52.212077591433676,-30.351215327146967,45.22228028486006,-0.6850820000000001,1.522964871558107,3.053008340129877
9586,GLN_54_A_HG3,51.565,-31.543,44.541,9683,GLN_54_C_HE22,52.05,-31.418,49.383,9,-20.18672349212895,-1.8898736890770622,-0.7431858880583977,-20.064035210318245,-1.8829329021643142,4.123097438155092,51.63906990747264,-31.523909817661693,45.28047730305683,0.952884,4.867834631537934,2.968093721680785
9692,GLN_54_A_HE22,54.906,-30.934,40.602,9452,GLN_54_C_CG,55.525,-30.926,45.609,9,-19.859945271099324,1.8644313767745733,-4.327497881563074,-19.862856357609914,1.9789570135107093,0.7163250142279316,55.43708946210678,-30.92713616204063,44.897904582825014,0.896253,5.045123784408075,3.305893550553068
8317,LEU_50_A_HG,55.318,-29.348,41.477,9578,GLN_54_C_HG2,55.523,-29.393,46.106,9,-18.303356853796775,2.3060536123427453,-3.414937034182838,-18.330562394647707,2.0435906893115816,1.2112994570247828,55.469324320176455,-29.381217533697274,44.8939769663258,0.942409,4.633755604258822,3.2990620323084396
9327,GLN_54_A_C,48.192,-29.788,44.263,8448,LEU_50_C_HD12,50.595,-29.68,45.829,9,-18.18408824730391,-5.0753600597492206,-1.3568361617863844,-18.24662699003191,-2.839587206569778,0.4420072595941036,50.00454091268849,-29.70653748707018,45.444206437482386,-0.20466800000000004,2.8702663639460364,2.1888901824013725
1099,TYR_27_A_HH,39.823,2.798,41.62,1125,TYR_27_C_HH,63.231,4.769,48.84,9,14.921036481392177,-10.642812009847713,-4.810414231096489,15.17061705134158,12.008549784825629,4.718553361770894,51.63982855189806,3.7930003877217664,45.26480101438415,0.760032,24.575347505172743,4.200970638798341
9477,GLN_54_A_OE1,54.887,-29.808,40.881,9454,GLN_54_C_CG,55.243,-30.028,45.821,9,-18.733756288652312,1.903109061944647,-4.051308793283211,-18.94463237921254,1.746112625397809,0.8994102851276828,55.178324534389006,-29.988032015633657,44.92353707831935,0.67148,4.9576946255290855,3.5743194740951765
9617,GLN_54_A_HE21,54.014,-31.677,44.248,9593,GLN_54_C_HG3,54.147,-31.709,45.696,9,-20.50734884387774,0.5588935322866457,-0.7894944120108532,-20.538931290699892,0.543762918483961,0.6645312458021995,54.08621520214119,-31.694375086229464,45.034222651883006,-0.90454,1.4544473177121267,2.279570161842775
9302,GLN_54_A_C,50.171,-31.12,44.447,9710,GLN_54_C_HE22,50.849,-30.988,48.36,9,-19.66035997392357,-3.2313929387599774,-0.97614199858703,-19.551916067604065,-2.9396395103726807,2.985145274031102,50.338073031945136,-31.087472507054933,45.41124302950049,-0.252007,3.973496822699116,2.860812076245357
1014,TYR_27_A_HE1,37.061,0.156,44.3,1127,TYR_27_C_HH,61.559,4.769,48.84,9,12.514381780923603,-13.85110616926548,-2.4216761250332968,15.296862571893357,10.349753816628613,4.551095891247924,45.56926924679893,1.7581163374758575,45.876763098231166,0.9260279999999999,25.33857480206809,4.086982333010092
9704,GLN_54_A_HE22,56.474,-30.77,41.755,9412,GLN_54_C_O,60.267,-29.888,47.272,9,-19.806555126564692,3.317303726226544,-3.023181804584611,-19.17398711374824,6.596102383710475,2.846349613922579,58.42763611967952,-30.31571393156939,44.59660571375479,0.639751,6.752929882650937,2.3932234374579764
1099,TYR_27_A_HH,39.823,2.798,41.62,1056,TYR_27_C_HE1,64.268,2.931,46.564,9,14.921036481392177,-10.642812009847713,-4.810414231096489,13.24331560680869,13.125330184084545,2.557049329451604,55.78379504333588,2.884839261229851,44.84806998135621,0.9066500000000001,24.94030573188709,4.2532360172300345
1073,TYR_27_A_HH,38.878,2.155,43.395,1127,TYR_27_C_HH,61.559,4.769,48.84,9,14.363950368837642,-11.806436530224229,-3.139267307939395,15.296862571893357,10.349753816628613,4.551095891247924,48.13656425336292,3.2220555512671716,45.617692225191185,0.6124799999999999,23.471446099463062,4.916234841314766
9447,GLN_54_A_CG,51.784,-30.212,44.33,9492,GLN_54_C_OE1,52.256,-30.308,49.572,9,-18.877603720076728,-1.550577320159555,-0.9306062617143029,-18.97143332117336,-1.613254682891858,4.332266675585155,51.867461288304355,-30.228975177282244,45.25691540951576,0.7510589999999999,5.264082446162869,3.487412544468023
9712,GLN_54_A_HE22,56.03,-30.409,41.363,9444,GLN_54_C_CG,56.449,-30.562,45.955,9,-19.41587710866798,2.9433497226365533,-3.45752048526055,-19.567194710775567,2.888702002536409,1.1532875361149073,56.34419679080284,-30.523730570388626,44.80641685767697,0.579273,4.61361398471957,2.857878404458239
8520,LEU_50_A_HD23,54.473,-30.504,44.348,9583,GLN_54_C_HG3,54.736,-30.642,45.653,9,-19.37166859401732,1.0932428748787997,-0.6435110220368991,-19.519785341515956,1.213331772571352,0.6812070935489831,54.60075804663987,-30.571036541582895,44.9819325127948,-0.916481,1.3383713983793877,2.5325779882593396
9319,GLN_54_A_C,47.506,-31.168,41.479,9706,GLN_54_C_HE22,50.759,-31.44,48.36,9,-19.528249840511116,-5.582488178138125,-4.196149931500111,-19.995818643402597,-3.0632098663351055,2.97593276477728,49.40922341573875,-31.327138262859194,45.504847010051755,0.894831,7.616045824441973,2.9024065158815144
1099,TYR_27_A_HH,39.823,2.798,41.62,1102,TYR_27_C_HH,63.096,3.822,47.428,9,14.921036481392177,-10.642812009847713,-4.810414231096489,14.22642811719118,11.943849405743078,3.29971612037408,53.62706547719775,3.40537176335885,45.06493672030097,0.992367,24.00862280515065,4.35952403377379
9673,GLN_54_A_HE22,55.931,-29.79,42.921,9570,GLN_54_C_HG2,56.408,-29.812,46.149,9,-18.780029736047872,2.73643627476752,-1.9169975403411799,-18.814870194476352,2.8855277935165478,1.3425353804150468,56.2115333920452,-29.802938647012567,44.81945238893481,-0.42777299999999996,3.2631268746403372,3.0258493809492895
8537,LEU_50_A_HD23,54.457,-29.819,44.942,8260,LEU_50_C_CD2,54.51,-29.696,45.625,9,-18.683180509369162,1.0699819544292812,-0.05379915436137547,-18.559646331430965,1.0636613020539272,0.6311288391055894,54.46116299991875,-29.80933869830178,44.99564771593409,-0.459774,0.6960079022539895,2.5334509601440187
1092,TYR_27_A_HH,39.823,2.798,42.82,1127,TYR_27_C_HH,61.559,4.769,48.84,9,14.929628448037823,-10.762690445712009,-3.616448009328094,15.296862571893357,10.349753816628613,4.551095891247924,49.44732707894128,3.670724911326524,45.48555249425959,0.182352,22.64020620489133,4.327882140660624
1099,TYR_27_A_HH,39.823,2.798,41.62,838,TYR_27_C_OH,63.544,4.079,49.404,9,14.921036481392177,-10.642812009847713,-4.810414231096489,14.463009425034272,12.210403345948228,5.310762435539493,51.09716699996862,3.40683638661776,45.319595966770194,0.579922,24.998349105490945,3.428725356186057
9579,GLN_54_A_HG3,53.165,-30.815,44.565,8539,LEU_50_C_HD23,53.462,-30.924,45.916,9,-19.581457647753744,-0.24969288897240047,-0.558740230476557,-19.70289575986569,-0.09826838329900878,0.815164571177566,53.28578409526755,-30.85932816964365,45.11442529530795,-0.9357399999999999,1.3875485577088824,2.441901001317975
9601,GLN_54_A_HG3,52.015,-31.732,44.809,9472,GLN_54_C_CD,52.499,-31.524,49.531,9,-20.407237798482267,-1.4845346099156325,-0.4315472004759941,-20.20257227550423,-1.4603031016443688,4.315275827372321,52.059001818438354,-31.713090127613278,45.23829046831799,0.9451259999999999,4.75129498137087,3.147738412725328
1017,TYR_27_A_HE1,36.971,-0.296,43.884,1127,TYR_27_C_HH,61.559,4.769,48.84,9,12.067500656687919,-13.933118667461622,-2.8447969245001588,15.296862571893357,10.349753816628613,4.551095891247924,46.42866366849852,1.6522294810861018,45.79030312107852,0.655284,25.58878475035499,4.173263504071059
9454,GLN_54_A_CG,50.916,-30.47,44.188,9686,GLN_54_C_HE22,51.344,-30.534,48.729,9,-19.070338367034537,-2.41710451073686,-1.1589393163784298,-19.133957028847895,-2.450978432182475,3.4020656412284955,51.0247536698645,-30.486262231007778,45.341856109473675,0.7941069999999999,4.561574399261726,3.3922367192345293
9571,GLN_54_A_HG2,51.573,-29.737,44.144,9484,GLN_54_C_OE1,52.219,-29.789,49.315,9,-18.389371932902044,-1.7053043728066186,-1.1365947593819365,-18.45297461757067,-1.5849259337096737,4.0730813082736645,51.71393778673097,-29.748344837322,45.272156803693335,0.7226049999999999,5.211454787293083,3.5546533070043953
9300,GLN_54_A_C,50.495,-31.239,44.333,9702,GLN_54_C_HE22,50.902,-31.44,48.752,9,-19.804297295699484,-2.907588497037667,-1.0571711965398574,-20.00380924855607,-2.960499447577785,3.3802837510602117,50.59196293980955,-31.2868858744514,45.38577452338671,0.344744,4.4422529194092535,3.140820651096827
9710,GLN_54_A_HE22,56.421,-31.222,41.363,9312,GLN_54_C_C,57.011,-31.292,46.191,9,-20.25605812214953,3.2696014648294445,-3.4187175820028632,-20.33583651237181,3.3673222206230515,1.4440666063341745,56.835791875448514,-31.271212595392196,44.75726300790748,0.422686,4.864420212111618,2.7972119180547783
8156,LEU_50_A_CD1,56.029,-29.35,42.94,9574,GLN_54_C_HG2,56.426,-29.089,46.439,9,-18.348560602302065,2.865135260629216,-1.888084607891952,-18.093235387734353,2.9292496131020354,1.633197741567256,56.24186835730405,-29.21005380036183,44.816136982888786,0.024109999999999993,3.5311090325845242,3.227819287979218
9704,GLN_54_A_HE22,56.474,-30.77,41.755,9283,GLN_54_C_C,59.643,-30.288,48.939,9,-19.806555126564692,3.317303726226544,-3.023181804584611,-19.513783752682674,5.780161821018474,4.442295804219336,57.75730210614128,-30.57481173393497,44.66419606516848,0.6865530000000001,7.866685515514141,2.934888146598869
1099,TYR_27_A_HH,39.823,2.798,41.62,1051,TYR_27_C_HE1,64.652,2.675,46.98,9,14.921036481392177,-10.642812009847713,-4.810414231096489,12.96203733464411,13.445323977554612,3.0093042418060665,55.09692263005107,2.7223347503525623,44.91728242366079,0.760032,25.40125922075518,4.216952429661209
1106,TYR_27_A_HH,39.065,2.748,41.301,1127,TYR_27_C_HH,61.559,4.769,48.84,9,14.926129783178656,-11.36675044430815,-5.203748950372429,15.296862571893357,10.349753816628613,4.551095891247924,51.06448649006231,3.8261080375396075,45.32270039337511,0.37270800000000004,23.809682862230652,4.100128910508378
9325,GLN_54_A_C,47.651,-30.539,44.237,9710,GLN_54_C_HE22,50.849,-30.988,48.36,9,-18.892262693965076,-5.666448534633618,-1.4372187964470111,-19.551916067604065,-2.9396395103726807,2.985145274031102,48.69031418530646,-30.684919971608064,45.57692882614714,0.627572,5.237168509796104,2.452625915009364
9509,GLN_54_A_NE2,55.614,-31.123,43.421,9453,GLN_54_C_CG,55.876,-31.228,45.738,9,-20.081674957438793,2.2708914167902723,-1.4518462715681757,-20.189565358449904,2.2913935543403525,0.8796977069416745,55.77714670735654,-31.18838322241388,44.863789774599674,-0.15329100000000007,2.334128959590708,2.715037979093818
9284,ALA_53_A_O,47.265,-29.827,41.001,8448,LEU_50_C_HD12,50.595,-29.68,45.829,9,-18.176337965103883,-5.6721277376648835,-4.695294229775403,-18.24662699003191,-2.839587206569778,0.4420072595941036,50.30849079327073,-29.692647703720482,45.413604669642964,-0.07553499999999998,5.866863983424195,2.6235243947031375
639,TYR_27_A_CE1,37.8,0.881,44.062,1127,TYR_27_C_HH,61.559,4.769,48.84,9,13.179790756216885,-13.039179995477241,-2.584146996012464,15.296862571893357,10.349753816628613,4.551095891247924,46.40471737940146,2.289103925717114,45.79243224204639,0.9716159999999999,24.544569847524322,4.8167227121976115
9702,GLN_54_A_HE22,56.474,-30.77,42.171,9309,GLN_54_C_C,56.84,-30.655,45.954,9,-19.803576578127537,3.2757458684602554,-2.6092735143715715,-19.689456725925638,3.269660704259482,1.191411901459379,56.725268916464955,-30.691049384170853,44.768131997232025,-0.33104599999999995,3.802403187459217,2.8206229243305274
8218,LEU_50_A_CD2,52.745,-29.579,44.788,8560,LEU_50_C_HD23,52.912,-29.631,45.063,9,-18.31570867733795,-0.5949113749589737,-0.3783829716137632,-18.378199358442167,-0.4606461835442926,-0.0880628497663206,52.96265613715436,-29.64677316845526,45.146415794715274,-0.544152,0.3259110308044262,3.1402369233685934
1083,TYR_27_A_HH,38.048,1.917,42.747,1127,TYR_27_C_HH,61.559,4.769,48.84,9,14.184665952854283,-12.58319820917637,-3.867241478014788,15.296862571893357,10.349753816628613,4.551095891247924,48.84855483658632,3.2271604522965536,45.54602091018334,0.8599079999999999,24.454563459608103,4.609040335409051
8525,LEU_50_A_HD23,54.712,-29.571,44.935,8259,LEU_50_C_CD2,54.815,-29.459,45.728,9,-18.45519890442358,1.3424765712438185,-0.03511569607507903,-18.345620730555773,1.3739379302966785,0.764262066123959,54.716524665141776,-29.566079975768172,44.9698355287129,-0.418754,0.8074664079700147,2.5971456067035916
8513,LEU_50_A_HD23,54.014,-30.927,44.248,9592,GLN_54_C_HG3,53.941,-30.873,45.764,9,-19.759509095644745,0.6157758873216665,-0.7891647933251703,-19.68929820023962,0.39600148472810875,0.7119250248173256,53.97562186351779,-30.898610693561103,45.04500349187725,-0.77196,1.5187168926432657,2.4819381768484217
9669,GLN_54_A_HE22,55.789,-31.022,43.162,9447,GLN_54_C_CG,56.174,-30.851,45.885,9,-19.996033800613667,2.478043335406053,-1.6919726442794163,-19.835099425935447,2.6009479595787384,1.0559701463193791,56.02605350427096,-30.91671130070043,44.838614784752814,-0.3656710000000001,2.7553938012560004,2.696075834768184
792,TYR_27_A_OH,37.855,1.918,41.808,1127,TYR_27_C_HH,61.559,4.769,48.84,9,14.193512457581589,-12.680793340368462,-4.82084932703959,15.296862571893357,10.349753816628613,4.551095891247924,50.0481370474898,3.3845302785349927,45.42520130433464,0.9420359999999999,24.88888991096228,4.489769230163415
1099,TYR_27_A_HH,39.823,2.798,41.62,796,TYR_27_C_OH,64.129,3.011,48.385,9,14.921036481392177,-10.642812009847713,-4.810414231096489,13.346618780819593,12.81157981246506,4.355006825764546,52.57985291222994,2.909791725101006,45.17056817046142,0.661136,25.23077941721183,3.690092477305627
1099,TYR_27_A_HH,39.823,2.798,41.62,1054,TYR_27_C_HE1,64.908,2.291,46.564,9,14.921036481392177,-10.642812009847713,-4.810414231096489,12.556835377419521,13.711736399601843,2.6208666081500485,56.06101382256604,2.469808929318682,44.82034842889242,0.8336290000000001,25.572590991137368,3.8413572374697775
9681,GLN_54_A_HE22,55.691,-29.462,41.757,9576,GLN_54_C_HG2,56.038,-29.57,46.202,9,-18.443187327213877,2.6394902230610153,-3.0990375797093184,-18.545250650365652,2.5315091473272893,1.3583182693732527,55.93225649299023,-29.537088476204456,44.847447006748,0.680856,4.459831611170987,3.14713826736029
9621,GLN_54_A_HE21,54.61,-31.183,44.157,9612,GLN_54_C_HG3,54.8,-31.156,45.431,9,-20.06042468086841,1.1967441245243977,-0.8201279638838385,-20.038726727224113,1.2600204917369646,0.466507299180264,54.73110993504626,-31.16578964080922,44.96907398552076,-0.9167259999999999,1.2883730049950601,2.5861095868204242
997,TYR_27_A_HE1,37.551,0.372,43.022,1127,TYR_27_C_HH,61.559,4.769,48.84,9,12.683611393823233,-13.220923119441606,-3.644079766157013,15.296862571893357,10.349753816628613,4.551095891247924,48.22643524181164,2.327176972602709,45.60904107950934,0.7154879999999999,25.0911697017098,4.498780433056609
9572,GLN_54_A_HG2,51.096,-29.997,44.06,9689,GLN_54_C_HE22,51.337,-29.803,48.431,9,-18.613208267197578,-2.189865159013271,-1.2680601157307865,-18.40666768609504,-2.37271200519792,3.1051842199081583,51.16588003972261,-29.94074801781666,45.32740935115153,0.665908,4.381935417141603,3.374857265877986
9689,GLN_54_A_HE22,55.488,-30.484,40.98,9446,GLN_54_C_CG,56.063,-30.453,45.895,9,-19.452479266638115,2.4382029422415514,-3.892911128578132,-19.42979306777156,2.520011125802825,1.054977689643581,55.940399797402264,-30.4596097500531,44.847034789968916,0.9405960000000001,4.948617079548595,2.9545309654340635
9558,GLN_54_A_HG2,50.743,-30.259,44.115,9687,GLN_54_C_HE22,51.315,-30.187,48.469,9,-18.84740631075492,-2.565442796698689,-1.2488061690041057,-18.78762843297614,-2.427458184184327,3.140620997727052,50.90573584263669,-30.23851576805972,45.35372702594427,0.479966,4.39200227686644,3.4116949450672807
9456,GLN_54_A_CG,51.364,-31.223,44.46,9671,GLN_54_C_HE22,51.622,-31.119,46.887,9,-19.853048512782028,-2.0569247630515672,-0.8437689226208621,-19.751451284233255,-2.0355286772597907,1.5969131973333117,51.45319325472842,-31.187046129876915,45.299038872968545,-0.262051,2.442889477647321,3.0402235355965903
1099,TYR_27_A_HH,39.823,2.798,41.62,806,TYR_27_C_OH,63.607,4.209,48.537,9,14.921036481392177,-10.642812009847713,-4.810414231096489,14.581670426764253,12.369377603729182,4.454488675558819,52.17184954813865,3.5306028722007934,45.21136361942798,0.891818,24.80956400261802,3.5632837126222827
9301,GLN_54_A_C,50.546,-30.695,44.298,9685,GLN_54_C_HE22,51.113,-30.557,48.364,9,-19.265965587741253,-2.812236129031472,-1.0866482744545078,-19.14206235564237,-2.6454355589255543,3.015755235548836,50.69618746208493,-30.658446437799437,45.3750056804891,0.16305199999999997,4.107662230515061,3.157665248405878
9581,GLN_54_A_HG3,52.663,-30.992,44.639,9624,GLN_54_C_HE21,52.807,-31.143,45.969,9,-19.719514131950408,-0.7685452599054535,-0.5354674062300322,-19.871429258180882,-0.7700000298106446,0.8022009674960188,52.72064306610789,-31.052445159599255,45.171397763357604,-0.9119579999999999,1.3462678039676939,2.669095272828543
8413,LEU_50_A_HD12,55.565,-29.83,43.875,9577,GLN_54_C_HG2,55.679,-29.881,46.0,9,-18.78544882509278,2.2749895488974925,-1.0044683338728302,-18.829694636166156,2.1719365436830986,1.1212419912464566,55.61886876504684,-29.85409918436307,44.87913268179425,-0.49945999999999996,2.128666718864182,2.792193444474323
8514,LEU_50_A_HD23,53.001,-30.227,44.59,8541,LEU_50_C_HD23,53.23,-30.247,45.49,9,-18.98258935199993,-0.37029945773275086,-0.5500327674258803,-19.01337857425308,-0.23453359437143156,0.36836837267511024,53.13814867963543,-30.23897805062318,45.129012278043184,-0.5213249999999999,0.928892351136555,2.9290894363606688
8533,LEU_50_A_HD23,53.747,-29.591,45.151,8559,LEU_50_C_HD23,53.766,-29.693,45.272,9,-18.400731748897506,0.36200233800757375,0.08314083409853655,-18.503006206208514,0.3610285496238832,0.2053905257869889,53.734078283584566,-29.521630785559264,45.06870906914383,-0.709543,0.1593925970677397,2.8189554583300027
9679,GLN_54_A_HE22,55.812,-30.198,41.433,9443,GLN_54_C_CG,56.347,-30.19,46.015,9,-19.188523420128142,2.7360812947368927,-3.409613292655118,-19.18813501652051,2.8097272379577363,1.2029336311376106,56.2074741581405,-30.192086367728745,44.82003288336407,0.763072,4.613134834361555,3.023090410613602
9452,GLN_54_A_CG,51.248,-30.648,44.319,9672,GLN_54_C_HE22,51.531,-30.689,46.887,9,-19.271955601367516,-2.11431317211859,-0.9954251088071017,-19.315818810415667,-2.0931974865528282,1.5879881656643051,51.35704384078852,-30.663797870926963,45.308486159522694,-0.48746200000000006,2.583871900849574,3.370516275742845
8536,LEU_50_A_HD23,54.062,-29.999,44.942,8544,LEU_50_C_HD23,54.02,-29.798,45.49,9,-18.83283729977166,0.6644495627628471,-0.0934390887170958,-18.625321343324423,0.5832812284255924,0.44768735613725186,54.05474764380222,-29.964292295339234,45.03662598086618,-0.40219099999999997,0.5852085098492688,2.6174296963378034
1099,TYR_27_A_HH,39.823,2.798,41.62,793,TYR_27_C_OH,63.761,3.392,47.754,9,14.921036481392177,-10.642812009847713,-4.810414231096489,13.749789525893231,12.53841827688853,3.690490365623611,53.36881674853952,3.134127293367556,45.09105188134102,0.9853810000000001,24.718548420164158,3.76638278616172
9445,GLN_54_A_CG,52.133,-30.002,44.425,8552,LEU_50_C_HD23,52.352,-29.868,45.426,9,-18.693879880456404,-1.1978967416467627,-0.8010379002403313,-18.569634460271935,-1.0704618315880947,0.21692153866749248,52.30533230858476,-29.89655466050065,45.21269242417053,-0.48463999999999996,1.0334011805683245,3.179766247264516
786,TYR_27_A_OH,37.73,1.727,42.206,1127,TYR_27_C_HH,61.559,4.769,48.84,9,14.015350482399468,-12.859051917819768,-4.437453721738428,15.296862571893357,10.349753816628613,4.551095891247924,49.4938650603358,3.228770007702445,45.48106319233991,0.9587399999999999,24.921576214196406,4.573124241857385
9587,GLN_54_A_HG3,51.854,-31.22,44.643,9613,GLN_54_C_HE21,51.988,-31.166,46.515,9,-19.885744668989496,-1.58884829772242,-0.6126123004482966,-19.828614502160246,-1.6388213459680099,1.2634193726550937,51.8977572826925,-31.202366468168698,45.25429577015197,-0.610874,1.8775665101401866,2.6695251085038443
9393,GLN_54_A_O,47.185,-30.619,41.531,9710,GLN_54_C_HE22,50.849,-30.988,48.36,9,-18.95622149844064,-5.864510041898658,-4.176319544990221,-19.551916067604065,-2.9396395103726807,2.985145274031102,49.321718562409316,-30.834188086661857,45.5134375171106,0.6806330000000002,7.758627327046967,2.9619674792151254
8430,LEU_50_A_HD12,56.71,-29.031,44.776,9575,GLN_54_C_HG2,56.917,-29.158,46.274,9,-18.068753098107972,3.381537257502408,0.007028776109668178,-18.200291335793537,3.4276222216002563,1.51817267002271,56.70903718192518,-29.03040928552898,44.769032360019,-0.6718139999999999,1.51755790663816,2.90858466932466
8523,LEU_50_A_HD23,54.635,-30.15,44.469,8542,LEU_50_C_HD23,54.632,-30.242,45.712,9,-19.030053798660376,1.268724266162726,-0.5067389016822904,-19.112662445244183,1.1345963089069517,0.7296702145053862,54.63377045818803,-30.187705948900245,44.978440157423975,-0.556,1.2464036264388858,2.4820059292361325
9577,GLN_54_A_HG3,53.379,-31.302,44.413,9620,GLN_54_C_HE21,53.34,-31.299,45.973,9,-20.084301458587667,-0.05913388601540859,-0.6887570305373506,-20.067195820885114,-0.2534403344387547,0.8594943706439633,53.361650411832045,-31.300665416294777,45.10698352671824,-0.841,1.5604903075636216,2.4330394882387005
1099,TYR_27_A_HH,39.823,2.798,41.62,1123,TYR_27_C_HH,61.747,4.746,49.232,9,14.921036481392177,-10.642812009847713,-4.810414231096489,15.262540458225795,10.495364471495524,4.959943698754113,50.617233165229806,3.7570935142249464,45.367751452915954,-0.08327099999999998,23.289461651141703,3.9884256558055697
769,TYR_27_A_OH,38.104,1.157,43.659,1127,TYR_27_C_HH,61.559,4.769,48.84,9,13.429156583758717,-12.676388847168347,-2.954552539657658,15.296862571893357,10.349753816628613,4.551095891247924,47.33691710977584,2.5788416798341682,45.69846892115748,0.9977159999999998,24.29045759140819,4.792839812630094
1099,TYR_27_A_HH,39.823,2.798,41.62,626,TYR_27_C_CE1,63.448,3.37,46.998,9,14.921036481392177,-10.642812009847713,-4.810414231096489,13.746073236548044,12.301744949790963,2.9069337783664606,54.54904786907403,3.154541772745412,44.9722406535399,0.919672,24.236144350948233,4.147043391498362
9354,GLN_54_A_C,49.864,-31.753,44.405,9706,GLN_54_C_HE22,50.759,-31.44,48.36,9,-20.268657192173066,-3.5797814766545746,-1.0489562893106417,-19.995818643402597,-3.0632098663351055,2.97593276477728,50.097252610523384,-31.671426740677298,45.43574198281565,-0.29831700000000005,4.067065158071602,2.8256800909354762
9570,GLN_54_A_HG2,51.613,-29.944,44.199,8538,LEU_50_C_HD23,51.948,-29.845,45.66,9,-18.598402132707488,-1.6868142170350335,-1.077956122726245,-18.51452097407648,-1.4929032864847125,0.40929284844160385,51.85580756491613,-29.872244928577025,45.25793090251484,-0.486463,1.5021807481125553,3.507069356760605
9597,GLN_54_A_HG3,52.425,-31.732,44.881,9474,GLN_54_C_CD,52.952,-31.74,49.725,9,-20.437679615068593,-1.0849651468325807,-0.3188460914555237,-20.450765167819412,-1.0466429751638646,4.553575193641632,52.4594863221723,-31.73252351153203,45.1979862326426,0.782,4.872589557925028,3.16835491032971
1099,TYR_27_A_HH,39.823,2.798,41.62,840,TYR_27_C_OH,64.088,3.513,49.021,9,14.921036481392177,-10.642812009847713,-4.810414231096489,13.854822328084243,12.745441280836925,4.983923234503976,51.740569894596256,3.149166802993463,45.25494476776868,0.6517570000000001,25.37865739159579,3.4541043893367616
9588,GLN_54_A_HG3,52.246,-31.008,44.66,9614,GLN_54_C_HE21,52.356,-31.07,46.256,9,-19.70383181271924,-1.1855635119712802,-0.5563442428555807,-19.762531542619882,-1.2405727926565182,1.0426205224685638,52.28427343043529,-31.029572297154438,45.21531268158839,-0.7629489999999999,1.6009871954516102,2.6262502744619463
8530,LEU_50_A_HD23,53.755,-30.229,44.728,8545,LEU_50_C_HD23,53.894,-30.384,45.607,9,-19.040526808523175,0.36380838611429,-0.3372114227870665,-19.19928203240467,0.4021440415356046,0.5512221180103023,53.80775846263676,-30.287831379199268,45.06163085365261,-0.531842,0.9033199876012904,2.58866901165598
9459,GLN_54_A_CD,54.752,-31.588,40.665,9610,GLN_54_C_HG3,55.415,-31.511,45.431,9,-20.49998257641667,1.6557525061251226,-4.28052579680442,-20.439140209932,1.8432394308727593,0.5279459832405877,55.34220593924641,-31.51945421218405,44.907717204296226,0.92598,4.812510155833438,3.4091944648197883
1099,TYR_27_A_HH,39.823,2.798,41.62,1132,TYR_27_C_HH,63.044,4.35,47.713,9,14.921036481392177,-10.642812009847713,-4.810414231096489,14.758874188119263,11.90383410687675,3.578307142142342,53.138811062295886,3.6879762615168725,45.11395964009168,0.9107360000000001,24.057185911905822,4.357556033839813
8433,LEU_50_A_HD12,56.71,-29.031,44.36,9415,GLN_54_C_O,60.267,-28.568,47.272,9,-18.071731646545132,3.4230951152686977,-0.4068795141033784,-17.857789156858164,6.696215328572111,2.846929742809381,57.15479264683109,-28.973103178104356,44.72413724699806,0.30310800000000004,4.6202123327829865,2.826311436483329
9622,GLN_54_A_HE21,54.875,-31.077,43.97,9611,GLN_54_C_HG3,55.21,-31.156,45.431,9,-19.976077920192893,1.4863718093498717,-0.9796003067718178,-20.069684061809177,1.6667826609718814,0.5075704348946288,55.09566471157228,-31.129037349893167,44.93236162270776,-0.461217,1.5009953364351256,2.6873371391151184
9595,GLN_54_A_HG3,51.169,-31.679,44.307,9696,GLN_54_C_HE22,51.736,-31.795,49.28,9,-20.29410694510358,-2.269684790439695,-1.0157300520189363,-20.416978012949937,-2.212756495679735,3.9890012964094703,51.28407489601326,-31.702542659501834,45.31629004916046,0.9773930000000001,5.006563092581576,3.0933715573820546
9366,GLN_54_A_C,47.403,-31.807,43.343,9707,GLN_54_C_HE22,50.849,-31.892,48.36,10,-20.144286031322743,-5.919349708738464,-2.3521190963967706,-20.453312244140907,-3.0082017089748927,2.9847479736419587,48.9217566600051,-31.84446207663971,45.554143982369595,0.993132,6.087070724083953,2.617892064705419
9507,GLN_54_A_NE2,54.127,-32.731,41.517,9580,GLN_54_C_HG3,54.629,-32.717,46.727,10,-21.586398997586652,0.8638858252178057,-3.495908361692857,-21.573039725542962,0.8425110517341227,1.7381784401197495,54.46229172595343,-32.721649234734365,44.99682050242503,0.953174,5.234147495055898,3.180667765638416
9707,GLN_54_A_HE22,56.474,-31.674,41.755,9517,GLN_54_C_HA,58.778,-31.935,48.313,10,-20.707951303101527,3.248741527624333,-3.023579104973754,-21.095209556997403,4.85961578660362,3.7320863816047125,57.505182830425746,-31.790813680009165,44.690111545977466,0.9088639999999999,6.95585372186621,3.0301236951859596
9604,GLN_54_A_HG3,51.776,-32.149,44.6,9654,GLN_54_C_HE21,51.905,-32.27,46.352,10,-20.80648727179833,-1.7323949533138039,-0.6636163889250128,-20.92433471441746,-1.7886132217400998,1.092440981027138,51.82474926960595,-32.19472605908777,45.26208310348557,0.08550600000000003,1.7609048810199783,2.6579897135726687
9644,GLN_54_A_HE21,55.295,-32.422,44.108,9588,GLN_54_C_HG3,55.652,-32.531,46.3,10,-21.34792818405264,1.787259963615514,-0.8008206318349423,-21.46787510118703,1.9141958365948875,1.4158647362813634,55.423973182065986,-32.461378366513145,44.899902563273514,-0.010417999999999983,2.223554361827028,2.2873094811997206
9448,GLN_54_A_CG,52.897,-32.964,43.17,9664,GLN_54_C_HE21,53.264,-32.972,46.033,10,-21.71402044156146,-0.5392046795208848,-1.9745116998883443,-21.729208988192216,-0.46171964626631773,0.910845709111932,53.14814593831552,-32.96947457086247,45.12921204740421,0.44199599999999994,2.886437596761794,2.9723632321246916
9551,GLN_54_A_HB2,50.15,-33.819,42.166,9709,GLN_54_C_HE22,51.489,-32.532,48.36,10,-22.36633222492067,-3.2290588067949306,-3.248962213355825,-21.139792473530072,-2.4217954934575943,3.0485652523404037,50.8408045145306,-33.15502284525698,45.361551279314845,0.8654759999999999,6.466446164625515,2.7148049590361256
9541,GLN_54_A_HB2,51.491,-33.566,43.293,9645,GLN_54_C_HE21,52.108,-33.106,47.16,10,-22.207244796976763,-1.9920463991252981,-1.9932112453922004,-21.76746915214408,-1.7313393547205616,1.9163420819343016,51.80556568959195,-33.331477767889304,45.26451624254796,0.178524,3.942838825009206,3.19602389258588
9706,GLN_54_A_HE22,56.218,-32.058,41.755,9522,GLN_54_C_HB2,56.969,-32.326,46.736,10,-21.071515796504684,2.9656394317875368,-3.0493872910649142,-21.359784821264853,3.1927873044177826,1.9816653635316686,56.67319099337938,-32.22043833052686,44.77404971773989,0.44109,5.044421275032444,2.843788493781767
9660,GLN_54_A_HE21,55.391,-33.041,42.981,9555,GLN_54_C_HB2,56.377,-33.505,47.301,10,-21.980463091570197,1.9481407647145685,-1.912811170737803,-22.486644150278398,2.4596005904888147,2.4840151372284374,55.819952995238936,-33.24286023305362,44.8603883767061,0.5400959999999999,4.4553217616688485,2.5316375441672805
9290,GLN_54_A_CA,48.9,-32.848,42.264,9707,GLN_54_C_HE22,50.849,-31.892,48.36,10,-21.303045235961555,-4.405333754812431,-3.276220712520374,-20.453312244140907,-3.0082017089748927,2.9847479736419587,49.91986681115572,-32.34774721833511,45.45389639856608,0.72866,6.470993200429124,3.0481862065075056
9707,GLN_54_A_HE22,56.474,-31.674,41.755,9337,GLN_54_C_C,59.071,-31.312,46.225,10,-20.707951303101527,3.248741527624333,-3.023579104973754,-20.51107719646949,5.406140676831781,1.6842040779199543,58.14192620444987,-31.441505088174484,44.62586258524872,0.765643,5.182311549878104,2.612989172831786
9426,GLN_54_A_CB,50.771,-32.271,43.815,9704,GLN_54_C_HE22,51.293,-32.253,48.752,10,-20.857873226444458,-2.6602907056563754,-1.545377669799678,-20.84399026203761,-2.634247705384893,3.4190866543178986,50.93349228334999,-32.26539681781553,45.351828358043875,0.858658,4.964552044243272,2.9059454169691015
9685,GLN_54_A_HE22,55.925,-32.278,42.34,9520,GLN_54_C_HB2,56.388,-32.198,46.513,10,-21.264570370539076,2.5998270679182194,-2.4967705650379615,-21.18988136975688,2.6483608787837793,1.7016534276484587,56.2003425508301,-32.2304246132475,44.821651111477344,0.43304099999999995,4.199368762087936,2.4660279440573425
9629,GLN_54_A_HE21,53.671,-32.109,44.354,9628,GLN_54_C_HE21,53.857,-32.051,45.828,10,-20.91144712872655,0.17524875578697285,-0.7185700745322974,-20.85710444827124,0.21692810962310316,0.7666725671073595,53.76098801281079,-32.08093922181169,45.06713081119952,-0.947332,1.4868207692926578,2.306698530173519
9442,GLN_54_A_CB,51.961,-33.536,41.081,9651,GLN_54_C_HE21,52.492,-33.362,46.744,10,-22.22865674179591,-1.3025068478049175,-4.147003421017308,-22.05470452118297,-1.3282298457179174,1.5407804138626855,52.34815585551198,-33.40913536938026,45.20993335172196,0.6470610000000001,5.690501383885252,3.495991069612602
9615,GLN_54_A_HE21,53.494,-32.861,42.079,9635,GLN_54_C_HE21,53.875,-32.946,46.51,10,-21.664205545196413,0.1698820443639874,-3.000188790453578,-21.74600254927965,0.09877543956403564,1.4466527966593261,53.75105254094849,-32.91834767973916,45.068500810873445,0.852828,4.448162204776258,3.4174647177292026
9661,GLN_54_A_HE21,54.324,-33.218,42.589,9430,GLN_54_C_CB,54.918,-32.962,48.44,10,-22.079195405642153,0.9153030751127403,-2.409782233372197,-21.826890156510185,0.9395207393944247,3.4714020492359574,54.56738816432875,-33.11310543759569,44.986414393076615,0.795733,5.886643610751375,3.201678311374182
9603,GLN_54_A_HG3,52.63,-32.087,44.809,9475,GLN_54_C_CD,53.337,-31.996,49.725,10,-20.807651281190154,-0.9013156707798375,-0.37010851641567033,-20.73509749411526,-0.6840992210757121,4.592021969772603,52.68273273684242,-32.08021261803019,45.17566779960014,0.8647069999999999,4.967412404864331,3.230571015634398
9591,GLN_54_A_HG3,51.671,-32.628,44.073,9655,GLN_54_C_HE21,52.008,-32.721,46.352,10,-21.279952798473477,-1.820248003750647,-1.1986932400213486,-21.38181276951488,-1.7206318841665325,1.1025586312475122,51.846539073723584,-32.67644253369821,45.26010251933543,0.31048800000000004,2.305658040560218,2.748240249334586
9505,GLN_54_A_NE2,54.588,-32.268,41.055,9604,GLN_54_C_HG3,54.895,-32.274,45.64,10,-21.16284862515406,1.4025138115435074,-3.9092108832904566,-21.15918311867309,1.2485988045053522,0.6834796935577916,54.84931256201322,-32.27310708590254,44.95766481052311,0.911462,4.595270394655794,2.968722355731843
9718,GLN_54_A_HE22,55.587,-31.577,40.835,9586,GLN_54_C_HG3,56.029,-31.574,45.889,10,-20.550844319416235,2.468009883498241,-4.027747166374568,-20.545039977697304,2.4018588610288583,1.0451099528279322,55.93793916617495,-31.574618059958087,44.84777499060673,0.845382,5.073291732199127,3.1034013551840816
9498,GLN_54_A_NE2,54.79,-33.077,42.333,9429,GLN_54_C_CB,55.308,-33.003,47.495,10,-21.97562013931397,1.4138909531123338,-2.6177612999075364,-21.903985457183232,1.417735551094708,2.570195686361951,55.05137463300889,-33.03966076671302,44.93766381388398,0.856982,5.1884529486158,2.9828718075714877
9530,GLN_54_A_HB2,49.621,-33.188,42.391,9708,GLN_54_C_HE22,51.105,-32.276,48.36,10,-21.69559621081044,-3.7285014007482356,-3.07779768805718,-20.85553565292834,-2.78334714469395,3.01021863019898,50.37123645310878,-32.72693824445068,45.40862896806354,0.9954539999999998,6.217954728043619,3.0882967578099385
9706,GLN_54_A_HE22,56.218,-32.058,41.755,9526,GLN_54_C_HB2,57.841,-32.632,47.771,10,-21.071515796504684,2.9656394317875368,-3.0493872910649142,-21.72333383257589,3.931297839393573,3.0986610242683374,57.022996206854,-32.34269982916463,44.7388922861575,0.9587399999999999,6.257464422591627,2.8936139374610486
9365,GLN_54_A_C,48.909,-32.623,43.744,9707,GLN_54_C_HE22,50.849,-31.892,48.36,10,-21.06877610387568,-4.52719019353509,-1.80266210082773,-20.453312244140907,-3.0082017089748927,2.9847479736419587,49.63949194057043,-32.34774762445516,45.48211896787274,0.46994900000000006,5.060179542269226,2.662343302355347
9709,GLN_54_A_HE22,56.318,-31.673,41.363,9427,GLN_54_C_CB,56.895,-31.688,46.474,10,-20.697982004260318,3.1332096149337594,-3.429231653629219,-20.71991096678815,3.1939330752319703,1.7138517388476953,56.70272381510251,-31.683001485661244,44.77083954764109,0.744024,5.143488602106549,2.7934363480678277
9373,GLN_54_A_C,47.947,-32.479,42.92,9707,GLN_54_C_HE22,50.849,-31.892,48.36,10,-20.85845421157789,-5.388355198832569,-2.7188037575988084,-20.453312244140907,-3.0082017089748927,2.9847479736419587,49.330343024897104,-32.19918526684542,45.513172314073145,0.827151,6.193526701322917,2.803921462775721
9590,GLN_54_A_HG3,51.971,-32.848,43.953,9512,GLN_54_C_NE2,52.483,-32.973,48.339,10,-21.52283002951936,-1.5273147954367519,-1.2881403534818168,-21.65472526485263,-1.4669942109088459,3.127030093282222,52.12037766705384,-32.884469156995564,45.23262978066047,0.995929,4.4175519238600875,3.168516080765063
9543,GLN_54_A_HB2,50.755,-33.996,42.974,9645,GLN_54_C_HE21,52.108,-33.106,47.16,10,-22.58271809289875,-2.72297896406404,-2.3845095836988537,-21.76746915214408,-1.7313393547205616,1.9163420819343016,51.50514013910884,-33.502559701547035,45.29483268463386,0.8087519999999999,4.488352147503579,2.534827789676059
9684,GLN_54_A_HE22,55.749,-32.412,41.944,9544,GLN_54_C_HB2,57.256,-33.305,48.501,10,-21.38773075238642,2.4546138690717103,-2.908465412253686,-22.344997755893232,3.226949189359438,3.7661046141250236,56.40568010957169,-32.80112762962676,44.8012338941351,0.755521,6.7869541769485915,2.8031234729659484
9584,GLN_54_A_HG3,53.235,-32.244,44.456,9632,GLN_54_C_HE21,53.394,-31.986,45.84,10,-21.012407483611685,-0.27773657854931333,-0.6608094164879957,-20.757246614051702,-0.23868449101242012,0.7322694991174352,53.31042192767732,-32.12161724942925,45.11250281701516,-0.834197,1.4167925042150669,2.226313863191508
9707,GLN_54_A_HE22,56.474,-31.674,41.755,9320,GLN_54_C_C,59.277,-31.674,47.41,10,-20.707951303101527,3.248741527624333,-3.023579104973754,-20.87910412087401,5.464678692188137,2.883718347810677,57.90868181498913,-31.674,44.64944369024742,0.827151,6.311563514692691,2.874612445417674
9574,GLN_54_A_HG3,52.709,-32.912,43.524,9663,GLN_54_C_HE21,52.834,-33.033,46.033,10,-21.645440518364175,-0.7571403109554039,-1.6410977609393407,-21.757565839247903,-0.8929503040799284,0.8677526846201874,52.790765423873914,-32.99114893030994,45.16519558799708,0.47967499999999996,2.5150242543562085,2.821035298871886
9683,GLN_54_A_HE22,55.515,-32.392,41.557,9587,GLN_54_C_HG3,55.913,-32.26,46.186,10,-21.35289093592171,2.2626394601194395,-3.316946762496427,-21.218178895152864,2.2050766232724803,1.3286972387036224,55.79916831146178,-32.29775322333428,44.86206309989094,0.9496910000000001,4.647953205444304,2.8402425745059663
9500,GLN_54_A_NE2,55.55,-32.723,42.65,9541,GLN_54_C_HB2,55.936,-32.664,46.591,10,-21.677754394482644,2.1630697052436543,-2.2260826109148484,-21.619852081755997,2.1567953881806448,1.7337868257113547,55.76699399476797,-32.68983252411578,44.86547495694453,0.654549,3.9602977160814588,2.635634256325929
9593,GLN_54_A_HG3,51.301,-32.693,43.794,9503,GLN_54_C_NE2,51.699,-32.657,48.044,10,-21.31882610207811,-2.1643841266784443,-1.5133759296677376,-21.282551178548673,-2.19136629897608,2.755131548632029,51.44210871846187,-32.680236397325054,45.3008142046807,0.592515,4.268746888725074,2.883471150691643
9441,GLN_54_A_CB,52.354,-33.443,41.482,9647,GLN_54_C_HE21,52.944,-33.452,47.16,10,-22.162727201946126,-0.9456163923441184,-3.7086183179672876,-22.175595316271455,-0.9281830970782065,1.9999187531087919,52.737300446394094,-33.44884695596194,45.170779550213,0.700933,5.7085781942616824,3.4368099887194945
9573,GLN_54_A_HG3,53.163,-32.875,43.524,9467,GLN_54_C_CD,53.624,-32.845,48.305,10,-21.642826675910584,-0.303919420059901,-1.5956115884964048,-21.613489383855235,-0.32190037940483296,3.2075330073278656,53.316144867413804,-32.86503395656743,45.1122551217037,0.9520500000000001,4.803267845956541,3.157479770001338
9707,GLN_54_A_HE22,56.474,-31.674,41.755,9314,GLN_54_C_C,59.661,-30.999,48.234,10,-20.707951303101527,3.248741527624333,-3.023579104973754,-20.229142716905848,5.814523780847814,3.7423309422282296,57.89822032517804,-31.3723530845638,44.65036350386837,0.80162,7.251898716887876,2.845348106654078
9516,GLN_54_A_NE2,54.904,-32.295,41.177,9605,GLN_54_C_HG3,55.325,-32.213,45.64,10,-21.21275713882021,1.7017829069491335,-3.7561875229864294,-21.130826267617408,1.6798294623189625,0.7265727180495363,55.256763668398165,-32.22629068691533,44.916630052401445,0.9921009999999999,4.483562645932363,3.1067031733249117
9606,GLN_54_A_HG3,52.535,-32.495,44.6,9470,GLN_54_C_CD,52.836,-32.375,49.094,10,-21.20879949747924,-1.0056306152594814,-0.5877515749456605,-21.079695436601103,-1.1468512223761325,3.913851015420395,52.574300053815776,-32.47933220445882,45.186758943017004,0.932623,4.505667209193329,3.1797363775464356
9583,GLN_54_A_HG3,53.103,-32.604,44.228,9479,GLN_54_C_CD,53.673,-32.61,49.064,10,-21.363036284803687,-0.41322078258851097,-0.9010415422133539,-21.377431622850246,-0.33128731244019666,3.9677274686057022,53.208487378415434,-32.60511039345701,45.12297712634569,0.9161750000000001,4.869479643658035,3.0824573692447497
9640,GLN_54_A_HE21,54.76,-32.56,44.317,9597,GLN_54_C_HG3,55.005,-32.693,46.351,10,-21.44363871718793,1.2251397570003955,-0.6465145491228786,-21.580191144133803,1.2549238692733629,1.4017374718333564,54.83733231209563,-32.60198039799478,44.95901601143887,0.128,2.0530148562540886,2.2094560267412957
9624,GLN_54_A_HE21,53.882,-32.777,44.048,9459,GLN_54_C_CG,54.255,-32.874,47.194,10,-21.5956457174379,0.36448824110938655,-1.0021925496648176,-21.698004676223036,0.4129045208858897,2.165303702489088,54.00001681557501,-32.8076907000289,45.043391157638005,0.521818,3.169519521946506,2.471399122190798
9602,GLN_54_A_HG3,52.22,-32.087,44.809,9471,GLN_54_C_CD,52.625,-31.932,49.382,10,-20.776693946605086,-1.3080778400147544,-0.41117165213003526,-20.619977651859333,-1.3513572376710876,4.179465111620684,52.25627481930777,-32.073117044462464,45.21859197208502,0.925773,4.593514885139702,3.1213269026406563
9462,GLN_54_A_CD,53.351,-32.611,41.011,9466,GLN_54_C_CD,54.156,-32.5,49.247,10,-21.411775165175655,0.1536639294885606,-4.077030875437471,-21.302907435117703,0.1379596489113949,4.198230038450594,53.74760499999693,-32.5563128509321,45.068687925434425,0.525071,8.275991904297632,4.355624602209043
9659,GLN_54_A_HE21,55.007,-33.297,42.981,9438,GLN_54_C_CB,55.673,-33.337,48.788,10,-22.206731539095514,1.5477574257743059,-1.9513828125686528,-22.25532515935243,1.6253524685795862,3.893103706314108,55.22936700332387,-33.31035537557501,44.91986664910168,0.6912910000000001,5.8452035892687215,2.7552050139309716
9638,GLN_54_A_HE21,54.76,-31.85,44.317,9608,GLN_54_C_HG3,54.8,-31.866,45.431,10,-20.735683755527358,1.2789883864335485,-0.6462025101004321,-20.746681688884685,1.2061718623038116,0.4661952601578174,54.783236382789596,-31.85929455311585,44.96413326069034,-1.000457,1.1148327228781876,2.2871100858016655
9502,GLN_54_A_NE2,55.792,-32.072,43.217,9584,GLN_54_C_HG3,56.18,-31.93,46.231,10,-21.042842166750933,2.3958899186019544,-1.63741019663968,-20.908967227508484,2.4905008795715706,1.4003571194507503,56.00113884777516,-31.99545949385549,44.84159919379984,0.4444879999999999,3.042187370955316,2.493679033412308
9594,GLN_54_A_HG3,51.45,-31.97,44.382,9642,GLN_54_C_HE21,51.723,-32.138,46.749,10,-20.604948869547513,-2.0204666450811106,-0.9130917841456885,-20.776130373435173,-1.9988244288119397,1.4692747928532708,51.554632955934835,-32.034389511344514,45.28920222233616,0.25871600000000006,2.3886067068481616,2.723209678594449
9707,GLN_54_A_HE22,56.474,-31.674,41.755,9333,GLN_54_C_C,59.846,-30.572,46.586,10,-20.707951303101527,3.248741527624333,-3.023579104973754,-19.82914080784888,6.195080881149655,2.12133348197092,58.45566802053018,-31.026373025319014,44.59409792621036,0.957007,5.993609012940364,2.4709390345092586
9314,GLN_54_A_C,47.926,-32.172,41.939,9707,GLN_54_C_HE22,50.849,-31.892,48.36,10,-20.55777678779102,-5.2879048934068145,-3.6968394537596234,-20.453312244140907,-3.0082017089748927,2.9847479736419587,49.54325964686534,-32.017079472760074,45.49165966216981,0.863228,7.060564425030053,2.930422280328924
9707,GLN_54_A_HE22,56.474,-31.674,41.755,9334,GLN_54_C_C,57.739,-31.523,46.225,10,-20.707951303101527,3.248741527624333,-3.023579104973754,-20.62089586108463,4.068656775694357,1.5507062311194708,57.310158500566665,-31.57418977582169,44.70964703362293,0.16867000000000001,4.648002366608691,2.7145410194536224
9707,GLN_54_A_HE22,56.474,-31.674,41.755,9278,GLN_54_C_CA,58.209,-32.336,48.245,10,-20.707951303101527,3.248741527624333,-3.023579104973754,-21.45257868054735,4.271489276140629,3.60726443952818,57.26513761498402,-31.975863458858456,44.71435626584802,0.854782,6.750449540586165,2.8863287990176154
9649,GLN_54_A_HE21,54.786,-33.218,43.789,9440,GLN_54_C_CB,55.166,-33.139,48.365,10,-22.105487069675288,1.2537761567765684,-1.1695448684329808,-22.02264274714778,1.1796304130922084,3.4215395597733287,54.88280219498341,-33.19787533314819,44.95470222169498,0.5849879999999998,4.592430402303338,2.7415626004052904
9605,GLN_54_A_HG3,52.105,-32.434,44.6,9661,GLN_54_C_HE21,52.204,-32.487,46.033,10,-21.115507749489026,-1.4276084099873951,-0.6307909814645342,-21.165569915245037,-1.4765647462436924,0.804895633608609,52.14849717167336,-32.45728636463322,45.2296105758377,-0.3161320000000001,1.4373931264619295,2.490961970940864
9545,GLN_54_A_HB2,51.634,-33.796,42.974,9646,GLN_54_C_HE21,52.492,-33.362,47.16,10,-22.449663665159232,-1.835751929329121,-2.296386328570656,-22.051725972745814,-1.3697877034842063,1.954688704075725,52.09748263786985,-33.56155773329194,45.235233475668075,0.4994900000000001,4.295010593700555,3.0423585373956006
9427,GLN_54_A_CB,52.741,-33.087,42.744,9640,GLN_54_C_HE21,53.273,-33.119,47.801,10,-21.827937420149734,-0.6607445858944274,-2.4140477884499454,-21.863806299234952,-0.6405605576937794,2.6707927231608957,52.99356906692016,-33.102192124326024,45.14483039739707,0.997415,5.085007079641092,3.262152068220693
9655,GLN_54_A_HE21,55.391,-33.041,43.397,9521,GLN_54_C_HB2,55.739,-33.173,47.387,10,-21.97748454313304,1.9065829069482794,-1.4989028805247633,-22.106812031275528,1.8432276056371084,2.5058303823288997,55.52125042323316,-33.09040533295052,44.890388473276786,0.051677999999999946,4.007321798907597,2.531321847105335
9687,GLN_54_A_HE22,56.018,-31.636,42.951,9585,GLN_54_C_HG3,56.338,-31.515,46.11,10,-20.62706683258678,2.6797458254506625,-1.8792462891647206,-20.507958823125694,2.6908157755571436,1.2959722447769755,56.20739131467786,-31.564386409137438,44.82064738458545,0.03762300000000007,3.1774710069487644,2.692023300923007
9626,GLN_54_A_HE21,54.121,-31.985,44.322,9594,GLN_54_C_HG3,54.311,-32.127,45.748,10,-20.822010971812038,0.6342963467490924,-0.7052853815271641,-20.96773792566113,0.6695706214176234,0.7325113288837548,54.21420109130857,-32.05465555245166,45.02149871687375,-0.870837,1.4455933038029698,2.3419266634985108
9706,GLN_54_A_HE22,56.218,-32.058,41.755,9548,GLN_54_C_HB2,57.444,-33.328,48.109,10,-21.071515796504684,2.9656394317875368,-3.0493872910649142,-22.38493328776929,3.450880422324354,3.3948944900758713,56.79813428739049,-32.658954767525216,44.76166660854742,0.938556,6.594641157788647,2.8635006317794427
9515,GLN_54_A_NE2,55.001,-32.604,41.457,9589,GLN_54_C_HG3,55.368,-32.691,46.522,10,-21.526186375203544,1.7466097182635663,-3.4680162704862245,-21.60438111652008,1.5981262136434606,1.6082344356241582,55.25172874547673,-32.66343705955443,44.917329961415966,0.866182,5.079023823531445,2.7524206437304835
9694,GLN_54_A_HE22,55.134,-31.784,40.891,9606,GLN_54_C_HG3,55.654,-31.928,45.64,10,-20.722643052053282,1.9972934346395834,-4.01748947471419,-20.871488536651032,2.0278465954719938,0.7596486357111347,55.571310891701515,-31.90510147770196,44.88482581671247,0.899116,4.779554058696275,3.2883234187452675
9372,GLN_54_A_C,47.604,-32.175,42.92,9707,GLN_54_C_HE22,50.849,-31.892,48.36,10,-20.529431380547745,-5.705590162423196,-2.753022970572912,-20.453312244140907,-3.0082017089748927,2.9847479736419587,49.160973888704355,-32.03921460385105,45.530150371202375,0.9315410000000001,6.340639873072745,2.648927995129965
9607,GLN_54_A_HG3,52.93,-32.315,44.6,9477,GLN_54_C_CD,53.331,-32.315,49.425,10,-21.059142707076738,-0.6000982235930472,-0.5481116405899402,-21.05487362452711,-0.6842761908952879,4.292789292578907,52.97540327738802,-32.315,45.14631125535455,0.73692,4.841634641316914,3.2724549370852247
9461,GLN_54_A_CD,53.366,-32.372,40.679,9629,GLN_54_C_HE21,54.019,-32.418,45.968,10,-21.176973261589023,0.2198383499923966,-4.405754181795682,-21.2342768914104,0.33582852169884436,0.9220322792101296,53.90599113924124,-32.41003919204456,45.0526801461668,0.964512,5.329356996861818,3.5308047620733993
9612,GLN_54_A_HG3,52.425,-32.914,43.889,9511,GLN_54_C_NE2,52.818,-32.784,48.698,10,-21.623377750710866,-1.0755122313866223,-1.3063776471660284,-21.488993625803246,-1.1561690341522777,3.517859638368382,52.53142229744289,-32.87879669550236,45.19125147176307,0.85863,4.826782572273168,3.2626399349300343
9522,GLN_54_A_HB2,50.171,-32.445,43.724,9708,GLN_54_C_HE22,51.105,-32.276,48.36,10,-20.986720189039193,-3.2596583417136085,-1.6960889735471991,-20.85553565292834,-2.78334714469395,3.01021863019898,50.507600841821755,-32.38409470849264,45.39475107353923,0.387846,4.732167896429713,2.878827432422216
9508,GLN_54_A_NE2,53.921,-32.843,41.846,9432,GLN_54_C_CB,54.576,-32.794,48.598,10,-21.68016659614746,0.6181515348971967,-3.189243567461821,-21.632419829912052,0.59717921755378,3.594428771929237,54.22893859611371,-32.819963372199126,45.02035328390805,0.8992649999999999,6.783872787722367,3.520728287821593
9539,GLN_54_A_HB2,50.666,-33.685,43.293,9514,GLN_54_C_NE2,51.945,-32.851,47.929,10,-22.26360983938905,-2.819556585519646,-2.0758905862667945,-21.495390190979524,-1.9505342165005275,2.665262405774486,51.226003877599425,-33.319837190056354,45.32284986438697,0.7327509999999999,4.8809725465320986,2.644887667765449
9337,GLN_54_A_C,48.684,-31.665,44.632,9707,GLN_54_C_HE22,50.849,-31.892,48.36,10,-20.09018862897356,-4.766465649563243,-0.9412407114327361,-20.453312244140907,-3.0082017089748927,2.9847479736419587,49.20305043639042,-31.719422378318992,45.5257736844635,0.46948900000000005,4.317028839375527,2.385672498149341
9511,GLN_54_A_NE2,54.454,-32.917,41.816,9449,GLN_54_C_CG,54.981,-32.875,47.421,10,-21.79441278543317,1.1443269234357363,-3.1657431689543385,-21.752193616120675,1.1104183440295134,2.4638736696933137,54.75035172301348,-32.893381836116575,44.96790020396691,0.953081,5.629877263315779,3.138542135846399
9512,GLN_54_A_NE2,54.902,-32.88,41.816,9542,GLN_54_C_HB2,55.544,-32.841,46.93,10,-21.79134590881492,1.5915951972204911,-3.1208579204486853,-21.764316799670507,1.7206011763580653,2.0317441294485885,55.29085028681149,-32.85637825360491,44.91347720678192,0.867605,5.154287632641388,2.773299028494716
9460,GLN_54_A_CD,54.694,-31.989,40.889,9609,GLN_54_C_HG3,55.21,-31.866,45.431,10,-20.893844397773023,1.5454201335344326,-4.063637269592,-20.77763902346975,1.6129340315387284,0.5072583958721824,55.15273653318152,-31.879650012439292,44.9269483211443,0.891197,4.572870980029935,3.233404962876237
9636,GLN_54_A_HE21,54.555,-32.205,44.389,9603,GLN_54_C_HG3,54.5,-32.094,45.64,10,-21.07366705106637,1.0414902809476596,-0.5952521241627311,-20.94987682992376,0.8703699432557281,0.6439979761711991,54.52858171137519,-32.15168309022992,44.98989598308439,-0.766,1.2571185306087862,2.1079070775152124
9311,GLN_54_A_C,49.918,-32.279,43.933,9707,GLN_54_C_HE22,50.849,-31.892,48.36,10,-20.800598949963035,-3.5189492295490505,-1.5134058603422191,-20.453312244140907,-3.0082017089748927,2.9847479736419587,50.23123536454746,-32.14879367768006,45.42246612121549,0.04199200000000003,4.540358906518294,2.9543551163891055
9627,GLN_54_A_HE21,53.428,-32.77,43.936,9617,GLN_54_C_HE21,53.879,-32.83,47.982,10,-21.555188211548757,-0.0742068976100681,-1.1590962318432458,-21.620099211910723,-0.035509226110250425,2.91170295901013,53.55641517747568,-32.787084059087675,45.08803505114549,0.87124,4.071500583323057,2.868233352790076
9707,GLN_54_A_HE22,56.474,-31.674,41.755,9328,GLN_54_C_C,59.92,-30.792,46.987,10,-20.707951303101527,3.248741527624333,-3.023579104973754,-20.051223406507276,6.2117516240540445,2.5276319014905564,58.35093344454147,-31.193600900149285,44.60471438823011,0.9986050000000001,6.326662943448151,2.521933596062033
9557,GLN_54_A_HB3,52.324,-33.258,40.989,9657,GLN_54_C_HE21,52.713,-33.283,46.352,10,-21.97952475952228,-0.9120984395883402,-4.202062754487753,-21.995425535204966,-1.0638232183590848,1.172920199609838,52.62811304100036,-33.27754453991006,45.18169470150372,0.635006,5.377147477984958,3.5067424575524537
9660,GLN_54_A_HE21,55.391,-33.041,42.981,9556,GLN_54_C_HB2,56.839,-33.505,47.301,10,-21.980463091570197,1.9481407647145685,-1.912811170737803,-22.52152778095718,2.9179521080169324,2.5302862803992574,56.014382810232874,-33.240758027588434,44.84081611892681,0.8087519999999999,4.579781654183964,2.463557414087422
9611,GLN_54_A_HG3,52.656,-32.745,44.281,9469,GLN_54_C_CD,53.119,-32.609,48.904,10,-21.469499633677508,-0.8726792710036712,-0.8931388357257732,-21.335749944201797,-0.8648526577446085,3.753047101652335,52.745002740422905,-32.71885664644166,45.16968179044299,0.954617,4.648117253254273,3.2207730269319303
9639,GLN_54_A_HE21,54.35,-32.56,44.317,9595,GLN_54_C_HG3,54.483,-32.47,45.987,10,-21.412681382602866,0.8183775877654857,-0.6875776848372428,-21.321025716549666,0.7903223264136037,0.9873853419758349,54.40459692579444,-32.52305471186842,45.002540346441535,-0.31695599999999996,1.6777034898932544,2.182548724073333
9592,GLN_54_A_HG3,51.707,-33.03,43.669,9637,GLN_54_C_HE21,52.061,-32.97,47.48,10,-21.686405737285018,-1.7746621699772411,-1.5972330000085366,-21.626020919069155,-1.7996211046055999,2.230085607752158,51.85473279675658,-33.00496054292261,45.25942284869876,0.640116,3.8278763041665806,3.1457562162273907
9707,GLN_54_A_HE22,56.474,-31.674,41.755,9329,GLN_54_C_C,58.546,-31.786,46.586,10,-20.707951303101527,3.248741527624333,-3.023579104973754,-20.941486677979135,4.813273601802759,1.9905997527802952,57.72342808847305,-31.74153665343098,44.668121185045024,0.57456,5.2577836585390205,2.732991243954076
9635,GLN_54_A_HE21,53.179,-33.026,42.585,9659,GLN_54_C_HE21,53.592,-33.083,46.352,10,-21.801323050227477,-0.20569321251445516,-2.5283540564261333,-21.862371107465442,-0.1765961836241661,1.2610434547380356,53.45456101523463,-33.064031423410114,45.098410034839866,0.759407,3.7900009234827325,3.094399494673805
9529,GLN_54_A_HB2,49.877,-33.485,42.273,9708,GLN_54_C_HE22,51.105,-32.276,48.36,10,-22.011915085522993,-3.4852604370899094,-3.1696954742065064,-20.85553565292834,-2.78334714469395,3.01021863019898,50.50684468336717,-32.864900470528575,45.39503956649509,0.9782279999999999,6.326233792707943,2.763765207789852
9652,GLN_54_A_HE21,54.103,-33.297,43.397,9435,GLN_54_C_CB,54.654,-32.858,47.982,10,-22.135495843182998,0.6093385899876266,-1.628013728906309,-21.706535475446607,0.7312468761076126,2.9893099951449686,54.297276082474966,-33.14221379272866,45.01361676614827,0.9969779999999999,4.638808791058326,2.802921017613866
9533,GLN_54_A_HB2,50.434,-33.075,43.462,9709,GLN_54_C_HE22,51.489,-32.532,48.36,10,-21.63663948782345,-3.02034301142457,-1.9307079790783437,-21.139792473530072,-2.4217954934575943,3.0485652523404037,50.84307514475707,-32.86445231885963,45.36119436873948,0.5324979999999999,5.039670425732219,2.7862738265154063
9555,GLN_54_A_HB2,50.755,-33.996,41.774,9645,GLN_54_C_HE21,52.108,-33.106,47.16,10,-22.5913100595444,-2.603100528199744,-3.578475805467242,-21.76746915214408,-1.7313393547205616,1.9163420819343016,51.63613525580131,-33.41639144296884,45.281608638393095,0.634752,5.624207055221201,2.71138166913291
9628,GLN_54_A_HE21,53.556,-32.491,44.223,9633,GLN_54_C_HE21,53.558,-32.405,45.891,10,-21.284601642029394,0.045271577581518896,-0.8605969816571868,-21.18705752864945,-0.11285273252224994,0.7992541708559311,53.557036956814294,-32.4464108569853,45.08782198312227,-0.6217009999999998,1.6702167524007168,2.325853164089273
9706,GLN_54_A_HE22,56.218,-32.058,41.755,9533,GLN_54_C_HB2,57.785,-32.795,48.02,10,-21.071515796504684,2.9656394317875368,-3.0493872910649142,-21.8798531859094,3.838502872423737,3.340728754742947,56.96577826425132,-32.40969915810672,44.74468144577826,0.9408179999999999,6.499914076355163,2.9290347290498584
9521,GLN_54_A_HB2,49.273,-32.927,42.545,9708,GLN_54_C_HE22,51.105,-32.276,48.36,10,-21.407969361155576,-4.069342532889079,-2.9593109039900516,-20.85553565292834,-2.78334714469395,3.01021863019898,50.1811884167018,-32.60427584100826,45.42770504537171,0.9322919999999999,6.131415007973278,3.0426238391312257
9426,GLN_54_A_CB,50.771,-32.271,43.815,9703,GLN_54_C_HE22,51.005,-31.891,48.752,10,-20.857873226444458,-2.6602907056563754,-1.545377669799678,-20.461287303653496,-2.892518110004218,3.3904014012805863,50.84426470036958,-32.15202313615197,45.36075993899402,0.744024,4.957128705208293,2.8862735398786046
9430,GLN_54_A_CB,52.699,-33.131,41.562,9653,GLN_54_C_HE21,53.396,-33.362,46.744,10,-21.877102533372746,-0.587669744505435,-3.594330322082358,-22.122961668658334,-0.43136886769752014,1.6313196204133824,53.17841371160712,-33.289887471135216,45.12630682001159,0.951804,5.233764801746447,3.4413359597955804
9428,GLN_54_A_CB,52.624,-33.25,42.15,9644,GLN_54_C_HE21,53.175,-33.283,47.552,10,-21.985886782711106,-0.729843225628928,-3.0168507221300147,-22.021717199238097,-0.7253501366952636,2.4131575645490533,52.930129320644234,-33.26833442392243,45.15128963724168,0.8007249999999999,5.430128359440503,3.4169869711879977
9684,GLN_54_A_HE22,55.749,-32.412,41.944,9538,GLN_54_C_HB2,56.5,-32.619,46.677,10,-21.38773075238642,2.4546138690717103,-2.908465412253686,-21.616951150730404,2.711163049990092,1.8758610321638671,56.20554441643529,-32.53783847430373,44.821263279611465,0.5092099999999999,4.7966799976650485,2.7769174236631256
9707,GLN_54_A_HE22,56.474,-31.674,41.755,9354,GLN_54_C_C,58.315,-30.926,45.698,10,-20.707951303101527,3.248741527624333,-3.023579104973754,-20.072880006650358,4.738032986018434,1.0843071398458595,57.82905435168181,-31.12344016563933,44.65721581134242,0.374927,4.41543134925683,2.681371723516702
9517,GLN_54_A_HA,47.72,-31.681,41.735,9707,GLN_54_C_HE22,50.849,-31.892,48.36,10,-20.05409749395761,-5.434659765016209,-3.9202296429407535,-20.453312244140907,-3.0082017089748927,2.9847479736419587,49.49645739550308,-31.800793068217054,45.49627524615146,0.8118029999999999,7.329787650402976,2.935288784260121
