# center_u,center_v: -0.003029,-0.002027
# center_x,center_y,center_z: 51.988387,-11.273935,45.236370
# circle_radius: 22.901544
# ring_width: 2.290154
# n_rings: 10
idx1,res1,x1,y1,z1,idx2,res2,x2,y2,z2,ring_id,plane_u1,plane_v1,PC3_1,plane_u2,plane_v2,PC3_2,rep_x,rep_y,rep_z,scalar_prod,physical_distance,zernike_distance
6677,TYR_44_A_OH,52.307,-13.48,47.768,6851,TYR_44_C_HE1,52.066,-13.544,45.573,1,-2.2086709904104334,-0.10615182816200855,2.5498410733171424,-2.2700059156351546,-0.1308249374718733,0.3417126203903965,52.028704732414944,-13.553904137449974,45.23331903589541,-0.391688,2.209117923516081,2.8139159185612215
6670,TYR_44_A_OH,52.214,-12.825,48.055,2803,LEU_30_C_HD23,51.584,-12.755,42.038,1,-1.5464806687119752,-0.17741106255900446,2.8263715406476853,-1.4721952576766975,-0.1960363822220949,-3.2234403386734236,51.91967447283867,-12.792297163648742,45.243957623921105,-0.18186899999999995,6.050296604299663,1.8444633680375415
6941,TYR_44_A_HH,51.89,-12.32,45.371,2398,LEU_30_C_CD2,51.526,-12.235,41.137,1,-1.0376887587409094,-0.19242349926637314,0.12363914192744069,-0.9557648369332165,-0.12413118920700128,-4.125490372622853,51.87940850178666,-12.317526710582051,45.24780108946357,0.137828,4.250467856601202,1.7443593430063564
6887,TYR_44_A_HH,51.796,-12.666,45.694,2800,LEU_30_C_HD23,51.447,-12.516,41.593,1,-1.3732819563239467,-0.3441901727778293,0.43544851084899855,-1.226725565444484,-0.2693730424801613,-3.6798188706593287,51.759071286456575,-12.650128060081625,45.26006116263162,-0.05390700000000001,4.118555814845781,1.8406834527448914
6679,TYR_44_A_OH,51.732,-13.495,47.172,7215,ASN_45_C_HD22,51.798,-13.457,47.181,1,-2.1844793546958954,-0.6182089918974482,1.8992427134754655,-2.1515077435135037,-0.5507472526263506,1.9148243241289207,43.6872591912834,-18.12682046562434,46.07498988972046,-0.9332739999999999,0.07668767828015281,2.512249284410067
6671,TYR_44_A_OH,51.558,-12.959,46.146,6874,TYR_44_C_HE2,51.158,-13.034,41.928,1,-1.6442313553322832,-0.6476869023803364,0.8612103671696436,-1.7190138152710661,-0.6288435765378233,-3.3756754600337198,51.47669402176097,-12.974244870919819,45.288628459469415,-0.13794899999999993,4.237587639211728,1.9378752053212047
6672,TYR_44_A_OH,51.49,-13.147,46.593,7216,ASN_45_C_HD22,51.538,-13.209,47.077,1,-1.823354957447711,-0.7740631239904516,1.2990696890719498,-1.8853352234051695,-0.7794954309192456,1.785416208205446,51.36178823611909,-12.981393138320474,45.300198047534025,-0.800185,0.4903101059533591,2.534532610844183
6653,TYR_44_A_OH,51.652,-12.563,47.686,2804,LEU_30_C_HD23,51.126,-12.573,41.445,1,-1.2454431463163473,-0.6782393435458658,2.40305553212256,-1.2603837343872055,-0.5773761097982808,-3.8592491863422067,51.45015622734399,-12.566837334080914,45.29111980010235,-0.12493899999999997,6.263134758250057,1.675203614703087
6676,TYR_44_A_OH,51.415,-12.714,47.255,7242,ASN_45_C_HD22,51.587,-12.751,47.8,1,-1.3811993141434356,-0.881763695353141,1.9504198053860038,-1.42717753625827,-0.7683729906482604,2.509889689452774,50.815374861846244,-12.585010871443677,45.35502499829195,-0.9867410000000001,0.5726936353758398,2.057551088432509
6674,TYR_44_A_OH,51.277,-12.721,46.471,7230,ASN_45_C_HD22,51.587,-12.751,49.0,1,-1.3833727842149308,-0.9408842127828195,1.156537546832064,-1.4185855696126235,-0.8882514265125571,3.703855911221169,51.13625330554278,-12.707379352149301,45.32277938618609,-0.959797,2.5481053745871693,1.9776976276658167
2386,LEU_30_A_CD2,51.884,-12.095,50.186,6968,TYR_44_C_HH,51.468,-12.233,45.599,1,-0.778408533940694,-0.662323633772111,4.913926568441535,-0.9174434713688252,-0.6272694523529463,0.30826597624203794,51.440156296898245,-12.242236613048183,45.29198301411591,0.09956700000000002,4.60789203432546,3.611934303979656
2380,LEU_30_A_CD2,51.995,-11.832,50.547,6977,TYR_44_C_HH,51.389,-11.644,45.318,1,-0.5219624443072916,-0.5683169008467112,5.284344085949045,-0.3261869914446836,-0.6329024344254931,0.021025581344865624,51.38657918843714,-11.643248989152115,45.29711151210854,0.026056000000000024,5.267354269460141,3.696411217337426
2625,LEU_30_A_HD12,50.935,-12.501,46.73,6873,TYR_44_C_HE2,50.432,-12.474,41.974,1,-1.136329077879975,-1.2893716596929476,1.38007928008639,-1.1054803106118802,-1.311233428554472,-3.4023724359919116,50.7898485339539,-12.493208569417009,45.357553931381204,0.0750080000000001,4.782601175092902,1.8079968293588105
2399,LEU_30_A_CD2,51.307,-12.305,49.362,2822,LEU_30_C_HD23,50.537,-12.18,42.128,1,-0.9501366950411888,-1.1683775127060207,4.036188617626497,-0.819152591466561,-1.200149145211789,-3.2385013914377176,50.87978382560631,-12.23564672493609,45.34838726550137,-0.36889999999999995,7.275938496166665,2.467487818705513
2628,LEU_30_A_HD12,50.556,-12.357,46.999,6653,TYR_44_C_CZ,50.275,-12.312,43.295,1,-0.9622011556285156,-1.681329977728489,1.6098316328820603,-0.9226342077358791,-1.586673165745609,-2.103667598918009,50.43418425140199,-12.337492139904233,45.393286360117344,-0.605521,3.714916149793963,2.144920304841909
2402,LEU_30_A_CD2,50.964,-12.181,48.939,7235,ASN_45_C_HD22,50.939,-12.382,48.608,1,-0.8036240718295555,-1.4570070928628869,3.58101720299447,-1.004527432803009,-1.4639876667478473,3.2490893326102417,50.694286492751495,-14.34949659827809,45.36799316402959,-0.951897,0.3880554084148321,2.824304430140244
2348,LEU_30_A_CD2,50.971,-12.204,49.811,6923,TYR_44_C_HH,50.575,-12.299,45.923,1,-0.8208428682049682,-1.5389184285161377,4.449323627099971,-0.9135069533788492,-1.5505901239300657,0.5411703370094919,50.52016503382835,-12.312154852995727,45.384620332132826,-0.5631790000000001,3.909269113274242,3.460224577495626
2350,LEU_30_A_CD2,51.375,-11.902,50.579,2805,LEU_30_C_HD23,50.591,-11.966,43.295,1,-0.5447181713503387,-1.191926447051024,5.2540569472662595,-0.6014906032231231,-1.2469269381230295,-2.0718668741340887,50.81272543271282,-11.947899964676504,45.355010270255306,-0.748766,7.32635025097763,3.064084622333807
2263,LEU_30_A_CD1,50.825,-12.04,48.068,6947,TYR_44_C_HH,50.479,-11.857,43.667,1,-0.6587712434707728,-1.4972037418172834,2.700537284126753,-0.48168441241279997,-1.3869378703766304,-1.7129066876328582,50.61328644788815,-11.928024335154715,45.37507704380275,-0.467838,4.418371419425937,3.20128934063575
2640,LEU_30_A_HD12,50.201,-12.217,47.536,5712,ILE_41_C_CG2,50.132,-12.306,46.91,1,-0.7919549761420777,-2.076554050557548,2.108638379655476,-0.8799708759722867,-2.0892226027528453,1.4788362606034995,49.96998132954007,-12.51498060392656,45.44009148249405,-0.5558839999999999,0.6360487402707485,2.1500559109682102
2298,LEU_30_A_CD1,50.226,-12.14,47.926,5702,ILE_41_C_CG2,50.2,-12.183,46.259,1,-0.7142720151830694,-2.084872049135039,2.499215092320615,-0.7671206863668136,-1.9473968511488284,0.8379741140478145,50.186884908781934,-12.204690343168346,45.4181208822876,-0.22487799999999997,1.6677571765697803,2.503266310016889
2750,LEU_30_A_HD22,50.371,-12.083,50.17,6919,TYR_44_C_HH,50.006,-11.961,44.167,1,-0.65231754233594,-2.1608667517087,4.7464793065319695,-0.5460906780847673,-1.9140395541161144,-1.2628393060762826,50.08270359593694,-11.986637914258376,45.42851146961495,-0.4346280000000001,6.0153235989429525,4.062687873026569
2630,LEU_30_A_HD12,51.262,-11.52,45.86,2811,LEU_30_C_HD23,50.875,-11.524,42.514,1,-0.18907422498325113,-0.8036400407693899,0.5476352651271255,-0.1877992670169009,-0.8536261783049839,-2.8203019018248408,51.199072802401474,-11.520650410311095,45.31593177476832,0.05507500000000001,3.368308329117151,1.6725380016112783
2351,LEU_30_A_CD2,51.375,-11.562,50.903,6948,TYR_44_C_HH,50.648,-11.42,43.667,1,-0.2033776544903892,-1.1985069571185079,5.576577254281233,-0.05870358141361699,-1.1861290362232935,-1.6957886055785178,50.817523692841185,-11.45311191799649,45.35430872269438,-0.575178,7.273815298727343,3.67728082601156
2644,LEU_30_A_HD12,50.22,-11.482,45.883,6972,TYR_44_C_HH,50.283,-11.492,45.434,1,-0.07234206511620614,-1.8368268430361043,0.466175861282883,-0.09028494800815196,-1.7302282800210853,0.025738806396871095,50.286681672068724,-11.492584392391862,45.407760781605475,-0.77003,0.45350854457221085,1.892939570450409
2621,LEU_30_A_HD12,51.402,-11.255,45.912,6959,TYR_44_C_HH,51.175,-11.313,44.942,1,0.06496400743832975,-0.6498419416268556,0.6135118252093091,0.0173256864326981,-0.7825464554494859,-0.3743713168590549,51.261024637235,-11.291020136741718,45.3095942648368,-0.40355199999999997,0.9978942829779113,1.589600247158854
2378,LEU_30_A_CD2,52.374,-11.257,50.847,2416,LEU_30_C_CD2,51.149,-11.184,39.895,1,0.024912696265094,-0.1786697234565851,5.621046711088572,0.11178089145848365,-0.294368643024143,-5.398541560560906,51.74913253205668,-11.2197629998695,45.26042978864063,-0.563479,11.020538008645493,1.5263775403738353
2634,LEU_30_A_HD12,50.538,-10.932,45.801,6932,TYR_44_C_HH,50.385,-11.081,44.224,1,0.45147582180691853,-1.4714327160230254,0.41667885850756214,0.30316608685662694,-1.4769848357492328,-1.1677807959126874,50.49776428609349,-10.97118379981745,45.38628287038848,0.4513910000000001,1.5913952997291454,2.1961992501064893
6883,TYR_44_A_HH,51.547,-11.067,45.955,6958,TYR_44_C_HH,51.539,-11.074,44.791,1,0.24178205748759987,-0.4960241617399766,0.670900567724235,0.2270720577440273,-0.3882098037462711,-0.48805097574855094,51.54236891376346,-11.071052200456972,45.281176952583394,-0.721322,1.1640485385068802,1.5509251116054903
2329,LEU_30_A_CD1,50.67,-10.552,45.791,2566,LEU_30_C_HB3,50.41,-10.41,43.889,1,0.8203429429004148,-1.3106557594031338,0.4201164734138014,0.9679471485677567,-1.3678254541376418,-1.4982976175668858,50.61306219725912,-10.520903200041518,45.374478073795544,0.11078499999999997,1.9249332455957997,2.4386203040937424
2373,LEU_30_A_CD2,50.842,-9.973,51.074,2510,LEU_30_C_HB2,50.169,-9.921,44.496,1,1.4225143823068411,-1.6238657047003608,5.694033716576621,1.478081639824417,-1.6304734547448165,-0.9182719038201919,50.26246164964981,-9.928221405322125,45.409507773248805,0.895284,6.6125424006202,3.3011312686007757
2266,LEU_30_A_CD1,50.429,-9.945,45.698,2583,LEU_30_C_HB3,50.024,-9.911,42.477,1,1.443125574002438,-1.4944251818972931,0.3037137511354848,1.4845451782321601,-1.5718744685125747,-2.9416380055140565,50.39109838611243,-9.941818136118082,45.396565189304056,0.071862,3.246540004373891,2.447111768113731
2366,LEU_30_A_CD2,51.325,-10.053,51.214,2392,LEU_30_C_CD2,50.366,-10.036,41.726,1,1.307277955015558,-1.16473329600583,5.881668993407774,1.3287051336820028,-1.167031764593649,-3.654664137993234,50.733523120264636,-10.042515008388424,45.3621411523158,-0.15898800000000002,9.53635748071558,2.4634581621004243
2365,LEU_30_A_CD2,51.959,-10.419,51.214,6946,TYR_44_C_HH,51.212,-10.513,44.502,1,0.8944615478121698,-0.5634986772264935,5.945005768862106,0.8090773194290909,-0.6412087114122276,-0.8081016406294865,51.30138876415646,-10.501751614684462,45.305182576998796,0.884181,6.754094239792628,3.566256484061305
2508,LEU_30_A_HB2,51.016,-9.446,45.56,2741,LEU_30_C_HD21,50.449,-9.523,40.459,1,1.89537836788669,-0.860429060887422,0.2254173337952199,1.8248888640788878,-0.9192080485175353,-4.9067552334969315,50.991095999484415,-9.449382024761375,45.33595184015878,0.439986,5.1329931813708845,2.3971245959618868
2474,LEU_30_A_HB2,51.82,-10.692,45.955,2382,LEU_30_C_CD2,51.026,-10.703,39.74,1,0.5950888771120912,-0.19673890568311844,0.6984074162134708,0.5995728546757021,-0.36443244546634945,-5.564869742803215,51.73146240627797,-10.693226591348793,45.26197588793146,0.795369,6.2655232822167335,2.071770362082014
2713,LEU_30_A_HD21,51.846,-9.147,50.962,2740,LEU_30_C_HD21,50.619,-9.164,40.285,1,2.1695255912541676,-0.5539593538081523,5.683514494762828,2.168773020404111,-0.7059405032357268,-5.062696379952778,51.19705756192798,-9.155991052524225,45.315090129343965,0.19968200000000003,10.747285564271573,1.6644898103372114
2517,LEU_30_A_HB2,51.431,-9.219,45.321,2544,LEU_30_C_HB2,51.312,-9.222,44.909,1,2.088678435272671,-0.4076141961266416,0.029282731543978077,2.0917223453304805,-0.48474370193001054,-0.3925653144940322,51.42273957284747,-9.219208246062669,45.29240087406016,-0.524521,0.42885195580759466,1.4520531615208525
2712,LEU_30_A_HD21,52.276,-9.086,50.962,2542,LEU_30_C_HB2,51.756,-9.16,45.118,1,2.1978824423098535,-0.12272869599453473,5.726607519254574,2.121515670523722,-0.06042658863095455,-0.1401205776990469,51.76841964843084,-9.158232588492533,45.25757774121123,0.516223,5.867555879580527,2.6748255163159858
6884,TYR_44_A_HH,52.038,-11.136,45.789,2424,LEU_30_C_CD2,51.513,-11.149,39.595,1,0.13471894945621588,0.0024483454547984257,0.554880524328218,0.11704801539193649,0.09938091389602244,-5.660561681602485,51.991130885040754,-11.137160568560894,45.236033717985585,0.7101409999999999,6.216223129843396,2.541430076999357
2692,LEU_30_A_HD21,52.592,-10.542,50.966,2381,LEU_30_C_CD2,51.353,-10.613,39.462,1,0.7222450516236163,0.07994859847768032,5.7615961676155845,0.6626327902168113,-0.005417092684115721,-5.808682008688666,51.975021087056014,-10.57735553092738,45.2374080593159,-0.7697229999999999,11.570746648336915,1.0745855438574194
2515,LEU_30_A_HB2,52.285,-9.281,45.53,2543,LEU_30_C_HB2,52.166,-9.16,45.118,1,1.9638715875063253,0.4140605370415339,0.32273610709729467,2.0905583359386575,0.34633558060395514,-0.09905744198468269,52.19394693190977,-9.188416628244395,45.21475744493133,-0.524521,0.44558500872448487,1.647224399375877
5821,ILE_41_A_HG22,52.442,-9.323,45.656,2759,LEU_30_C_HD21,51.845,-9.502,39.262,1,1.9110403241278138,0.5540480371252434,0.46380827809549086,1.731851941322937,0.5869389783003711,-5.957912340979772,52.39888172088949,-9.33592826124084,45.194193841486424,0.7712899999999999,6.4243043203136,2.873058074667064
2685,LEU_30_A_HD21,53.203,-9.183,50.099,2526,LEU_30_C_HB2,52.663,-9.273,44.885,1,2.0249890004191684,0.8758064381582963,4.960746929059733,1.938689210375229,0.8541168194165212,-0.2811590131217189,52.691963867104896,-9.26817268881585,45.16466222793509,0.496362,5.242661156321281,2.4220358377834272
2714,LEU_30_A_HD21,53.205,-9.849,50.643,2379,LEU_30_C_CD2,51.953,-10.048,39.215,1,1.3646513174794073,0.7729342216656302,5.501919222847615,1.1789334709518238,0.6573709705664849,-5.994099349531107,52.60580099700292,-9.94424009712174,45.17363402056662,-0.5,11.498099364677623,1.2970039276137286
2691,LEU_30_A_HD21,52.925,-10.574,50.686,2380,LEU_30_C_CD2,51.678,-10.383,39.278,1,0.663189034009756,0.43586350267807994,5.516341263991596,0.8661135275368763,0.3528416165250321,-5.959105699693365,52.32555689525939,-10.48218473696435,45.20208104339945,-0.669275,11.477541287226982,1.0501633954798315
2720,LEU_30_A_HD21,53.348,-9.849,50.251,2378,LEU_30_C_CD2,52.138,-9.656,39.283,1,1.351047294117445,0.9539652185209578,5.126212277575191,1.5563227040611889,0.8638473976807481,-5.907740494864946,52.78585178495972,-9.759335036774566,45.155428411105945,-0.04287099999999998,11.036230017537688,1.4066063675267582
2688,LEU_30_A_HD21,53.354,-9.905,49.728,2321,LEU_30_C_CD1,52.886,-9.62,44.741,1,1.2910108932883282,1.0079176380866204,4.606418311663223,1.5748198810754404,1.0634235980737607,-0.4022531236434673,52.92358570796601,-9.642888732415198,45.14151266159509,-0.004935,5.017012856272148,2.2909450128001625
2397,LEU_30_A_CD2,53.381,-9.964,49.362,2433,LEU_30_C_CD2,52.562,-9.945,39.228,1,1.227521629526108,1.0667925927608735,4.244936841738365,1.2357469083015453,1.2680747676777075,-5.920125668194855,53.03898505715175,-9.956065587406451,45.13003488299855,0.153908,10.167058473324525,2.592527287175958
2553,LEU_30_A_HB3,53.586,-9.726,48.296,2320,LEU_30_C_CD1,53.328,-9.659,44.752,1,1.4417249119692968,1.3947163552355586,3.2049330149208797,1.5026374570649923,1.4978762904421223,-0.34705751006903385,53.353208636387926,-9.665546428829423,45.098276772708495,0.16860400000000003,3.5540102701033343,2.199902747221758
2493,LEU_30_A_HB2,53.517,-9.733,45.943,2430,LEU_30_C_CD2,52.891,-9.688,39.368,1,1.4231075526150339,1.56079198947213,0.8568505466835303,1.468167684775882,1.59998247539193,-5.747765997091209,53.435785831294105,-9.727161920779928,45.0899917584005,0.927255,6.604886524384802,3.679594996316044
2535,LEU_30_A_HB3,53.413,-10.022,47.254,2319,LEU_30_C_CD1,53.088,-10.009,44.669,1,1.1521792853770536,1.3047274342304684,2.1507156159857033,1.17117266344965,1.241518098809532,-0.45383095328600737,53.14462984166153,-10.011265193666462,45.11942504829252,-0.273366,2.605382697417023,2.370373840130045
2383,LEU_30_A_CD2,52.949,-10.878,50.547,6956,TYR_44_C_HH,52.34,-10.956,44.479,1,0.35725728326422224,0.4505035753678531,5.380310266945291,0.28201820582277576,0.4465824643897267,-0.7182069877744512,52.4117203932179,-10.946814136829234,45.193613047694924,0.597329,6.09898262007689,2.4761331916082088
2753,LEU_30_A_HD23,53.307,-10.423,48.567,2520,LEU_30_C_HB2,52.781,-10.349,44.479,1,0.769738947068907,1.0379844442068964,3.446321097954671,0.853971830956875,0.9301366080385451,-0.6737723069945103,52.867018494884945,-10.361101461257578,45.14752396785105,-0.331648,4.122365340432603,1.9677084264100644
2778,LEU_30_A_HD23,53.265,-10.504,48.255,2435,LEU_30_C_CD2,52.562,-10.677,39.228,1,0.6899095820844923,1.0213412234125456,3.1316478139158535,0.505855314026141,1.2125575891635272,-5.92044737603208,53.0217912878747,-10.563850792599824,45.13203407630858,0.31672,9.05598514795602,2.664852400305721
5782,ILE_41_A_HG22,53.629,-10.078,45.777,2324,LEU_30_C_CD1,53.527,-9.923,44.803,1,1.0694560753015656,1.6623248091846663,0.702750841572781,1.2247373911415453,1.6701873354522625,-0.276499327501344,53.55580053769284,-9.966765522964605,45.078016899145325,-0.7827339999999999,0.9915165152431937,2.34101374506693
6903,TYR_44_A_HH,53.665,-10.251,46.138,2432,LEU_30_C_CD2,52.774,-10.311,39.228,1,0.8968209183537624,1.6488562191652762,1.0654651915349724,0.8547939040125411,1.4506419830006245,-5.899053876329455,53.528690589916245,-10.260179084854125,45.08087539429995,-0.48475500000000005,6.967465895144371,3.751616123840324
2390,LEU_30_A_CD2,53.184,-10.881,50.186,2428,LEU_30_C_CD2,52.009,-11.061,39.368,1,0.33393733618956145,0.7194836455747852,5.044660297632159,0.16571840788228792,0.6208151288268616,-5.836705237812456,52.63926360359738,-10.964448979874444,45.1707163095459,-0.451289,10.883113019720044,1.192222243564905
6891,TYR_44_A_HH,53.567,-10.562,45.769,2775,LEU_30_C_HD22,52.987,-10.57,39.282,1,0.5914742310323818,1.5649055421633642,0.6883688054839002,0.5808438366097213,1.636921987546435,-5.824106424895778,53.50569398453629,-10.562845600213292,45.08332392704644,0.776467,6.512882080922394,3.7369978649722504
2401,LEU_30_A_CD2,53.381,-10.874,49.362,2674,LEU_30_C_HD12,53.112,-11.1,44.554,1,0.3201427350034051,0.9977753353183816,4.2445369043997365,0.08067957622453908,1.1940720515652699,-0.5663285057711132,53.143666312620255,-11.073395588653616,45.11999119359916,-0.08468700000000001,4.820819536136983,2.2256648306275872
2761,LEU_30_A_HD23,53.095,-10.951,47.471,2434,LEU_30_C_CD2,52.14,-10.677,39.228,1,0.2514196419278216,0.897102433104959,2.3343672514008014,0.5377187169405249,0.7938901857071075,-5.962712359621012,52.82631260279504,-10.87391063158727,45.15184794224035,-0.24834,8.302659212565569,2.55247617590895
6898,TYR_44_A_HH,53.38,-10.915,46.473,2776,LEU_30_C_HD22,52.799,-10.995,39.337,1,0.2586511747613848,1.2822809980679708,1.3699450523479646,0.1716568482416139,1.4126788885791555,-5.788398707021487,53.26880974396174,-10.930310190160172,45.10733103771253,-0.44860599999999995,7.160059846118602,3.3727330801174027
6894,TYR_44_A_HH,53.662,-10.903,45.508,2309,LEU_30_C_CD1,53.806,-10.838,44.638,1,0.2424146318165749,1.6593663621282089,0.43804591462717546,0.2901254142268478,1.8940708428909738,-0.4131288547073534,53.73610770852105,-10.869548603792582,45.060265927685336,-0.814872,0.8842290427259261,1.9353334337389982
6892,TYR_44_A_HH,52.844,-11.169,45.508,2676,LEU_30_C_HD12,52.643,-11.179,44.539,1,0.038944458891848846,0.8276519541095493,0.3560030464170188,0.03721189369847569,0.7242826864592147,-0.6282600244757618,52.77129930193875,-11.172616950152301,45.157517530242,-0.37205599999999994,0.9896777253227449,1.6541798931963583
2759,LEU_30_A_HD23,53.114,-11.179,47.869,2429,LEU_30_C_CD2,52.468,-11.127,39.368,1,0.025491419214375453,0.8589004701300424,2.732168770008271,0.06525139644133235,1.071184690556527,-5.790763563054617,52.90691387559438,-11.162330528685617,45.14386200685422,0.118527,8.52566836089699,2.4712400209490357
6905,TYR_44_A_HH,54.019,-11.126,45.877,2797,LEU_30_C_HD22,53.363,-11.102,39.36,1,-0.00425655637840498,1.9597714409594362,0.8408474954667741,0.022544512043088175,1.9618120109843808,-5.709074529932115,53.93478587426121,-11.1229189953998,45.04037887585414,-0.8099409999999999,6.549977175532755,3.682168202980121
2771,LEU_30_A_HD23,53.26,-11.26,48.291,2426,LEU_30_C_CD2,52.351,-11.496,39.595,1,-0.06327759666444963,0.9554469422023515,3.1666337749859945,-0.2922262797879733,0.9044455341019109,-5.576785141940482,52.930784377505944,-11.345472922891746,45.14154009548039,0.194615,8.746564639902912,2.175664713325976
2389,LEU_30_A_CD2,52.999,-11.308,50.186,2425,LEU_30_C_CD2,51.898,-11.405,39.595,1,-0.07786420706075706,0.5035595971932445,5.025944146660874,-0.16728431090391085,0.461924667984175,-5.622114905471514,52.479321767715454,-11.353784549075023,45.186988048932214,-0.25385,10.64851590598427,1.0831306311704247
5714,ILE_41_A_CG2,54.049,-11.472,44.135,2679,LEU_30_C_HD12,54.05,-11.394,44.355,1,-0.36399780263378884,2.137316329453393,-0.8895409142009247,-0.28472278062663225,2.122246483987037,-0.6705126725438626,54.05306130692311,-11.155218059996535,45.028487523086696,-0.759935,0.2334202219174667,1.6993976166565723
6928,TYR_44_A_HH,53.093,-11.41,45.168,2675,LEU_30_C_HD12,52.885,-11.518,44.544,1,-0.2225966885899893,1.090372924282841,0.04254504284223208,-0.31904825061641495,0.9381612586343931,-0.5991968873938972,53.079210393159244,-11.417159988167317,45.12663117947773,-0.7315980000000001,0.666561325010689,1.642136377666505
6907,TYR_44_A_HH,53.488,-11.496,46.742,2673,LEU_30_C_HD12,53.348,-11.506,44.436,1,-0.32690393264391615,1.3184904923215124,1.648153766656969,-0.3428152280156853,1.4092040559226549,-0.6602772762937107,53.38804400259796,-11.503139714100147,45.095581928506334,0.244797,2.310267516977198,2.181060802457317
5715,ILE_41_A_CG2,53.79,-11.796,44.385,2680,LEU_30_C_HD12,53.776,-11.824,44.036,1,-0.6657186060447989,1.8308138393256186,-0.6668802298974574,-0.6950797072274016,1.8496654365764198,-1.0155398676796878,53.81677775746556,-11.742444485068868,45.05253123967729,-0.679038,0.35040119862808344,1.864932477433508
6920,TYR_44_A_HH,53.707,-11.838,44.461,2368,LEU_30_C_CD2,53.474,-11.776,41.607,1,-0.7007865014471661,1.737691589806812,-0.599593608964277,-0.6418068162045247,1.7963447799859753,-3.4625519041565918,53.755797536144094,-11.85098475210701,45.05871745989373,-0.6705769999999999,2.8641663708660494,3.390097394740443
6908,TYR_44_A_HH,53.804,-11.842,46.742,2669,LEU_30_C_HD12,53.543,-11.865,44.082,1,-0.6957671358341387,1.6057532670317793,1.679650363266899,-0.7180394280151122,1.6108005633253908,-0.9931250612312226,53.63997995522015,-11.856453873677918,45.070378087684304,-0.12327599999999994,2.672872986133083,2.191738198240081
7169,ASN_45_A_HD22,53.795,-12.124,42.59,2683,LEU_30_C_HD12,53.997,-11.903,43.228,1,-1.0060035345166936,1.9902159639629438,-2.452498086583475,-0.7963241766476375,2.1436467055741564,-1.7973778118153596,54.55120406293365,-11.29666783213694,44.97840689183997,-0.9872070000000001,0.7047616618403678,1.4579157620071101
7172,ASN_45_A_HD22,53.677,-12.151,42.159,2682,LEU_30_C_HD12,53.997,-11.903,43.644,1,-1.0271020415683387,1.914156400884763,-2.893160991607885,-0.7933456282104802,2.102088847807867,-1.38346952160232,54.2902455112243,-11.67573472880117,45.00484245052525,-0.916931,1.5391975181892668,1.6316170684109612
7193,ASN_45_A_HD22,53.437,-12.152,41.735,2780,LEU_30_C_HD22,53.227,-11.967,40.637,1,-1.0130136228610642,1.7183329206532394,-3.339066453615633,-0.8205519386812774,1.633711071501289,-4.452496578396161,54.06676916077019,-12.706796641630879,45.02779304059843,-0.9276249999999999,1.1331059085540052,2.5025975728883325
2769,LEU_30_A_HD23,53.561,-11.947,48.077,2367,LEU_30_C_CD2,52.949,-11.958,41.963,1,-0.7725582540247655,1.223343984442274,2.9835542189082638,-0.7810931555964854,1.2261233953333561,-3.1610027570119885,53.26383696788435,-11.952341165609921,45.10828304190341,-0.24484499999999992,6.144563532098921,2.526428630155905
6607,TYR_44_A_CE2,54.156,-12.334,47.751,2668,LEU_30_C_HD12,53.645,-12.019,43.676,1,-1.2057036030471255,1.8168608611371895,2.71861493586664,-0.8822043858332762,1.7408740814417896,-1.38693560769917,53.81762583617318,-12.125413186682094,45.052615034062,-0.7707900000000001,4.118976936084974,1.9181176209890716
6608,TYR_44_A_CE2,53.892,-12.229,48.099,2666,LEU_30_C_HD12,53.289,-12.035,42.982,1,-1.0785808647222508,1.5281444915682387,3.038470633555,-0.8762472940691827,1.4558016713711062,-2.1131079247660014,53.53634245323228,-12.114576178983517,45.080924267312675,-0.476216,5.156057990364342,1.8908800082030017
7158,ASN_45_A_HD22,53.679,-12.427,43.345,2667,LEU_30_C_HD12,53.587,-12.03,43.235,1,-1.2939663532715204,1.7767280458229164,-1.7130453674573605,-0.8919509196245928,1.7265531666774419,-1.831531960000186,55.00910976536533,-18.166712791848287,44.93534863250204,-0.924208,0.42210543706519565,1.8083992485796019
7194,ASN_45_A_HD22,52.985,-12.242,41.735,2671,LEU_30_C_HD12,53.253,-12.198,43.891,1,-1.068625818911344,1.2630765490388418,-3.3843756111332626,-1.0295511796297865,1.3169156217117601,-1.2123556925278343,53.40258947789304,-12.173440533480248,45.09441385946785,-0.9106719999999999,2.1730384257992297,2.033415969196807
7155,ASN_45_A_HD22,53.498,-12.568,43.743,2670,LEU_30_C_HD12,53.273,-12.273,43.507,1,-1.418044026367956,1.5467038656735657,-1.3352364109917978,-1.108594697661891,1.3694305427206854,-1.5924547655713437,54.66598893673134,-14.099363272603345,44.9680906180827,-0.969259,0.4397112689026737,1.6812331470298423
2336,LEU_30_A_CD2,53.522,-12.3,48.86,6689,TYR_44_C_OH,52.766,-12.26,42.744,1,-1.1159905152198597,1.0796586653844296,3.7585560324917378,-1.0628138139043155,0.9436430631528865,-2.4023906475556394,53.06079354778933,-12.275597542211075,45.12886420407347,-0.00614600000000004,6.162677340247499,1.9303324040618683
6943,TYR_44_A_HH,52.424,-11.737,45.052,2418,LEU_30_C_CD2,51.892,-11.724,39.895,1,-0.4989720662357884,0.4134436584386204,-0.14001842468276762,-0.4827644579929418,0.40180848023244986,-5.3243644717810055,52.43836821563501,-11.737351103013637,45.19127986471759,0.21751600000000004,5.184384437905812,2.2736740713435344
7199,ASN_45_A_HD22,52.789,-12.521,41.343,6695,TYR_44_C_OH,53.005,-12.581,43.753,1,-1.3348297983127202,1.0866244430634948,-3.7941573770132644,-1.39371067508576,1.0556122119537399,-1.3746683227143992,53.127723579666025,-12.615089883240561,45.122276976829205,-0.867758,2.420404098492643,2.0379199046783705
7180,ASN_45_A_HD22,52.931,-12.929,40.886,6694,TYR_44_C_OH,52.952,-12.59,43.354,1,-1.7556485372126278,1.2422127512039567,-4.234816959186033,-1.401539779186408,1.042207752473193,-1.7769742083226225,52.96718260611329,-12.34490935845682,45.13831770893383,-0.3982490000000001,2.4912619292238185,1.9561186365175933
7191,ASN_45_A_HD22,52.601,-12.498,42.151,6696,TYR_44_C_OH,52.913,-12.442,44.119,1,-1.2919157179995073,0.8211353523322893,-3.009038962751066,-1.2455439680615439,0.9383180231167069,-1.0196617027836392,53.07291660187857,-12.41329702017564,45.12770471954176,-0.648498,1.9933649941744196,2.2831020198158605
6850,TYR_44_A_HE2,53.358,-13.04,48.443,6697,TYR_44_C_OH,52.834,-13.003,43.583,1,-1.8444618413850842,0.9024876305187522,3.3269022923716,-1.8028008950068648,0.8709395976116318,-1.5611253351246437,53.00135373405087,-13.01481696213718,45.13517394558632,-0.564574,4.888306966629652,2.588119129774132
6885,TYR_44_A_HH,52.134,-11.478,45.528,2417,LEU_30_C_CD2,51.478,-11.513,39.895,1,-0.21541327511801145,0.09782542513139446,0.3046573479694529,-0.24111285146188693,0.007080802140218001,-5.365735490729987,52.09875460766951,-11.47988047062739,45.2253516844548,0.28507899999999997,5.671177126487934,2.200951427463748
6989,ASN_45_A_CG,52.62,-13.28,40.666,6716,TYR_44_C_OH,52.784,-13.331,43.574,1,-2.0837304624025212,0.9290255353818968,-4.485012918804333,-2.1261452999451076,0.7973569933556705,-1.5752319345038077,52.87278263987993,-13.358609235572418,45.14826778518804,-0.541133,2.9130672838092857,2.4928873180302142
2772,LEU_30_A_HD23,52.908,-12.369,48.931,2815,LEU_30_C_HD23,52.038,-12.346,41.602,1,-1.137922917847273,0.45818153026532943,3.767674159445283,-1.1017746479807884,0.32895398846813945,-3.611598402604905,52.46379950582464,-12.35725676854479,45.18899376803305,0.560007,7.380492530990057,1.5188382213542209
7196,ASN_45_A_HD22,52.345,-12.882,41.735,6699,TYR_44_C_OH,52.622,-12.682,44.425,1,-1.6584587598398213,0.5795911142617756,-3.4487554390552733,-1.4606895790154781,0.600844738488499,-0.744450605170364,52.698253540299284,-12.626943292202686,45.16551271987391,-0.795266,2.7116100383351562,2.56295908114834
6657,TYR_44_A_OH,53.028,-13.244,48.088,6713,TYR_44_C_OH,52.669,-13.337,44.355,1,-2.0254991639808586,0.5950857261342336,2.9405468122653615,-2.117852924816457,0.604789224550908,-0.8096792642502973,52.74650862212977,-13.316921164740757,45.16096012927695,0.011442999999999925,3.7513756143580226,2.8139272281327394
6929,TYR_44_A_HH,52.486,-12.794,44.714,6701,TYR_44_C_OH,52.396,-12.796,44.785,1,-1.5600289750521639,0.42855359565550555,-0.4705739057299602,-1.554719343884358,0.3320198452587895,-0.4089456423177446,51.79878849718001,-12.809271366729325,45.25613351889133,-0.9575289999999999,0.11465164630304721,2.8058516340056117
6836,TYR_44_A_HE1,52.535,-13.271,44.166,6719,TYR_44_C_OH,52.452,-13.323,42.856,1,-2.0432784987079144,0.49573394330242504,-1.0111205723338081,-2.09824131222911,0.5403128558064133,-2.322869332458926,52.598977958321605,-13.230917423702126,45.17577259519646,-0.471426,1.313656347756135,1.970183914657987
7184,ASN_45_A_HD22,52.203,-13.313,41.855,6707,TYR_44_C_OH,52.432,-13.503,44.688,1,-2.076636329929545,0.39403627236069405,-3.343770104265515,-2.2630956688438104,0.3238046214760036,-0.5021630888346873,52.47246842041095,-13.536576418681568,45.18864207434151,-0.809018,2.8485838586918995,3.223692993616961
6930,TYR_44_A_HH,52.311,-13.024,44.911,6952,TYR_44_C_HH,52.319,-13.094,44.856,1,-1.7747424868500532,0.21781163116003077,-0.29219248222402094,-1.8455387073759382,0.22593386248155142,-0.3461454665493576,52.2676745030507,-12.644901901693759,45.20886279152633,-0.96321,0.08938120607823577,2.9293581963093622
2767,LEU_30_A_HD23,52.526,-12.637,48.349,6964,TYR_44_C_HH,52.093,-12.729,45.257,1,-1.3804749165556822,0.11701332074227733,3.150223934136886,-1.4616545941796186,-0.010658013224487934,0.030363858680934788,52.088785852412975,-12.729895384706712,45.22690728790049,0.35825300000000004,3.1235263725475395,3.014695932362552
6932,TYR_44_A_HH,52.12,-12.899,45.254,6966,TYR_44_C_HH,51.896,-12.907,45.568,1,-1.6332250707700122,0.003535126055625449,0.03000838727553351,-1.6220405213316003,-0.2506708485840825,0.3199915390470363,52.14318023895063,-12.898172134323191,45.22150627218528,-0.991025,0.3857926904439722,2.823781436814953
7026,ASN_45_A_OD1,52.009,-15.119,42.527,6590,TYR_44_C_CE1,52.317,-15.07,45.359,2,-3.857974837695715,-0.0025363158953842224,-2.695372615842499,-3.8120946866466205,0.023834567679245078,0.1532566313989196,52.300429559140916,-15.07263620650031,45.206638024308695,-0.755092,2.8491207415622113,2.4667774982220125
6646,TYR_44_A_CZ,52.334,-14.781,46.685,7088,ASN_45_C_OD1,52.532,-14.81,47.861,2,-3.515716577317269,-0.06984668799683291,1.47441893734218,-3.551163047703307,0.006909358449705638,2.664323579349704,52.088656852921254,-14.745065902700587,45.22781039916858,-0.8180670000000001,1.1929044387544148,1.83722450022061
7078,ASN_45_A_OD1,51.489,-14.707,39.715,6855,TYR_44_C_HE1,52.186,-14.704,46.73,2,-3.4280324169021994,-0.20626729041956637,-5.545132466219655,-3.4274413216878687,-0.21533342962343685,1.5044037210572292,52.03725696702297,-14.704640213915253,45.232966461500915,-0.552052,7.049542041863423,2.5354586790136464
6661,TYR_44_A_OH,51.964,-13.604,45.7,6710,TYR_44_C_OH,51.694,-13.607,42.47,2,-2.321222198224584,-0.24925715121981568,0.45783196909888124,-2.326953730029038,-0.19467966075585408,-2.78297000681354,51.92585677724974,-13.604423813586115,45.24369403895064,0.13691599999999998,3.241266573424658,2.285918337950528
6680,TYR_44_A_OH,51.978,-13.893,47.172,6711,TYR_44_C_OH,51.501,-13.947,42.413,2,-2.5999073818425797,-0.40433726009508264,1.923705677254882,-2.6518099353471176,-0.4062479530641277,-2.859162549467667,51.78614700205961,-13.91471920731401,45.257894303567426,-0.676211,4.783150217168598,1.9572502208059177
7059,ASN_45_A_OD1,51.16,-14.294,41.475,7040,ASN_45_C_CG,52.126,-14.418,50.908,2,-2.9787790710994515,-0.6771676177543065,-3.8267511601641373,-3.1078203921771625,-0.6705452168784918,5.655512571733493,51.54984800731531,-14.344042601353104,45.28186982712769,0.29851099999999997,9.483144046148407,2.196999631540576
7060,ASN_45_A_OD1,50.914,-14.692,41.475,7037,ASN_45_C_CG,51.828,-14.633,51.135,2,-3.3570582967440563,-0.9514104890338337,-3.851563959241958,-3.298075109468733,-1.0051751459403446,5.851430802443041,51.276808549855986,-14.66858019207713,45.3094973649987,0.24099500000000004,9.703322987513088,2.128990130995126
2641,LEU_30_A_HD12,49.973,-12.219,46.803,6918,TYR_44_C_HH,49.625,-12.181,44.167,2,-0.7819821768396864,-2.2296794424725515,1.3564880239253483,-0.7366893347772344,-2.308716231459319,-1.301094664241578,49.795373228713494,-12.199603973250323,45.45752824968033,-0.452102,2.6591434711199726,2.1079901554258327
2296,LEU_30_A_CD1,49.307,-12.082,47.926,5703,ILE_41_C_CG2,48.787,-12.082,44.26,2,-0.5870493417660396,-2.9922156678096083,2.407199066438403,-0.5740348389313342,-3.1418805291762704,-1.2924478156286001,48.96865865163634,-12.082,45.54069349403618,-0.714288,3.7026957747025384,3.0470679038670387
2646,LEU_30_A_HD13,49.541,-11.802,48.688,5713,ILE_41_C_CG2,49.407,-11.852,47.451,2,-0.3200682693607871,-2.8149503280509287,3.188926708458039,-0.3686633751828131,-2.8281095795566764,1.944703919006745,49.19755975557092,-11.930149344936224,45.51758520627787,-0.25013799999999997,1.245240940541229,2.5462972924524134
2289,LEU_30_A_CD1,48.468,-11.629,47.473,6092,ARG_42_C_HE,48.839,-11.74,52.451,2,-0.07524832388382162,-3.744978908483565,1.872646710176858,-0.1782988775020597,-3.882623050457469,6.862724933369282,48.32877333893353,-11.58734458388577,45.6048859331835,-0.9098459999999999,4.993039755499651,1.4846507585343272
2748,LEU_30_A_HD22,49.731,-11.443,50.17,5724,ILE_41_C_CG2,49.43,-11.626,47.262,2,0.0341626870532301,-2.7472729672259977,4.6826620278335245,-0.14640419675982014,-2.7692698106662665,1.7590571059350952,49.248896122071564,-11.736106344388384,45.51233197004689,-0.6410480000000001,2.929258267889673,3.05939169387026
2662,LEU_30_A_HD13,48.15,-11.222,48.703,5770,ILE_41_C_HG13,47.751,-11.169,44.134,2,0.3633969560293591,-4.152474854115475,3.064791991886875,0.4136571571843798,-4.087867061004888,-1.5211725462718388,47.8833490055172,-11.186580193715319,45.649545378967666,-0.962952,4.586694997490026,2.772981321826926
2287,LEU_30_A_CD1,48.029,-10.851,47.478,5778,ILE_41_C_HG13,47.81,-10.899,44.252,2,0.7336935745251485,-4.1220055909469,1.833995892472943,0.6792695073159298,-4.020643391129843,-1.3977381196878118,47.90471839175495,-10.87823980454686,45.64725813607973,-0.572485,3.2337812232740784,2.494717955606109
2655,LEU_30_A_HD13,48.676,-10.771,49.231,5699,ILE_41_C_CG2,48.409,-10.75,47.669,2,0.7771623948557357,-3.6491700096918636,3.643016338669801,0.8070780515498577,-3.7564270011627827,2.062138420782027,48.06071823066233,-10.722607051849845,45.631486428069515,0.357148,1.584794623918196,1.586421806158124
2305,LEU_30_A_CD1,47.979,-10.32,47.503,5779,ILE_41_C_HG13,47.661,-10.246,43.973,2,1.2671184002847244,-4.133835493585572,1.8540958593118846,1.3396413642880556,-4.091069409257981,-1.6899712226891692,47.812636759796234,-10.281286541587807,45.65626340276959,-0.71,3.545066995135636,2.943843612636904
2722,LEU_30_A_HD22,49.454,-10.412,49.632,5835,ILE_41_C_HG23,49.206,-10.476,45.958,2,1.0792560731798366,-2.8901456810385446,4.120077632456027,1.0078600889231248,-2.774013338108209,0.439684733272908,49.17637223556326,-10.483645874693355,45.51907900588461,-0.23923900000000003,3.682916778858843,2.104218699232636
2314,LEU_30_A_CD1,48.085,-9.859,47.08,4996,PHE_38_C_CE1,48.27,-9.875,49.369,2,1.7157582937136986,-3.9514517550918775,1.444041694649331,1.7022250020509644,-3.997794334162161,3.740053718873485,47.96864707558515,-9.848937044374932,45.64036841088876,-0.8216370000000001,2.2965195405221372,2.8819570566107724
2618,LEU_30_A_HD11,49.195,-10.05,45.618,5819,ILE_41_C_HG23,49.138,-9.934,44.528,2,1.4310292380050766,-2.7186517349898205,0.10047983330031524,1.5431945739262511,-2.657514214053174,-0.9896972811867847,49.189746403660465,-10.039308470607255,45.51753649105093,0.9712409999999999,1.097636096345236,2.4251819144868914
2617,LEU_30_A_HD11,48.99,-9.695,45.618,3513,ILE_32_C_HD11,48.794,-9.602,44.267,2,1.8004853861278944,-2.8951085048906986,0.08010428495435645,1.8983435085057725,-2.9475441127737985,-1.2836919956207908,48.97848769418521,-9.68953752836339,45.53864732063377,0.588682,1.3683077139298745,2.2775269274232457
2299,LEU_30_A_CD1,48.529,-9.052,47.926,3522,ILE_32_C_HD11,47.944,-9.099,43.054,2,2.492966671112782,-3.534266972162665,2.330610922060817,2.455389493363155,-3.631505318434413,-2.5755026783082897,48.2511003220751,-9.07432698267089,45.611594477179246,-0.783123,4.907221005823968,3.0706811439472745
2271,LEU_30_A_CD1,48.845,-8.85,48.226,5264,PHE_38_C_HE1,48.724,-8.837,46.9,2,2.6726730356262145,-3.2354117656728905,2.6608399154991806,2.685277657106114,-3.2220045782891273,1.3293943211004429,48.603186416981764,-8.82402002827077,45.576042883618356,-0.973398,1.3315727543022204,2.0604065417199284
2358,LEU_30_A_CD2,50.252,-9.423,50.415,2577,LEU_30_C_HB3,49.538,-9.414,43.209,2,2.0107601355196545,-2.1016594192034237,4.9794981329921155,2.022050518385823,-2.0894682597577336,-2.261775021839573,49.761014286447114,-9.416811104451014,45.45975763044528,0.04259899999999997,7.2412922189344044,3.2742505758911387
2605,LEU_30_A_HD11,49.561,-9.025,45.731,2547,LEU_30_C_HB3,49.273,-9.039,42.762,2,2.426250886738409,-2.289091425396469,0.2500184915615582,2.4127788938659442,-2.2792796206057715,-2.7329034373354757,49.53686080786353,-9.02617343295108,45.48214839773204,0.154942,2.982968487932785,3.1802837614167725
2598,LEU_30_A_HD11,50.325,-9.576,45.719,2584,LEU_30_C_HB3,49.924,-9.526,42.085,2,1.819065681736802,-1.5717156324341042,0.31435431749687653,1.873180109298512,-1.6027248557248428,-3.3415131659878,50.29051951571393,-9.57170068774488,45.40652598529781,0.5,3.656399458483715,2.619135949813984
2603,LEU_30_A_HD11,49.847,-8.738,45.796,2552,LEU_30_C_HB3,49.422,-8.793,41.836,2,2.6912950000734397,-1.9900764438664025,0.34346183700157323,2.6401898486024336,-2.0202926902285965,-3.6392163124286463,49.810348461701196,-8.742743140250434,45.45449390196875,0.623718,3.9831206358833784,3.132108609904971
2408,LEU_30_A_H,50.151,-8.372,45.751,2259,LEU_30_C_O,50.206,-8.212,44.917,2,3.0329648674525163,-1.6562231463194876,0.32929577042622843,3.1823797837474523,-1.5062070741377456,-0.49493196562475705,50.17297362037368,-8.30807674073111,45.41780001106091,-0.683296,0.850988249037549,2.9606095093451854
2426,LEU_30_A_H,50.04,-7.72,45.404,2857,GLN_31_C_O,49.684,-7.645,41.333,2,3.688983510274236,-1.6822319878539196,-0.026790006364115243,3.7614992653553094,-1.6230447739189124,-4.112942272123638,50.04233403986081,-7.720491721880789,45.43069066368922,0.718807,4.087224241462663,2.239726105982412
2697,LEU_30_A_HD21,51.517,-9.034,50.699,2506,LEU_30_C_HB2,50.903,-9.101,44.662,2,2.305158413993596,-0.8455175600290002,5.388935897812854,2.241487140468462,-0.8566617703187457,-0.6792331650515532,50.97172734741255,-9.09350043603153,45.337744293696495,0.42369500000000004,6.068513327001926,2.6464431792745757
2467,LEU_30_A_HA,51.066,-6.961,49.95,2824,GLN_31_C_N,50.114,-7.156,41.262,2,4.400877726971847,-1.0609089931519764,4.599443597820515,4.216114974709426,-1.1522604447100133,-4.140304146689891,50.564993514100514,-7.063622126838655,45.37778954885005,-0.871706,8.742177817912426,1.491953343899086
2702,LEU_30_A_HD21,51.816,-8.155,50.027,2727,LEU_30_C_HD21,50.969,-8.308,40.907,2,3.1542388950622424,-0.4150807631580019,4.7506471695968004,3.0003339628268946,-0.3559197664847173,-4.408393787201371,51.37667472875947,-8.234358638134358,45.29660274650101,-0.47996400000000006,9.160524984955835,1.9599981512095968
2479,LEU_30_A_HB2,51.681,-7.962,45.481,2517,LEU_30_C_HB2,51.746,-7.984,44.963,2,3.324327025336448,-0.08023744758840234,0.2140691660837797,3.293773657002431,0.03432821351184037,-0.2948259124737866,51.70834256309745,-7.971254405971446,45.26310080485411,-0.944109,0.5225255974591114,1.9381099639611714
2699,LEU_30_A_HD21,52.399,-8.679,50.327,2737,LEU_30_C_HD21,51.234,-8.731,40.118,2,2.5898763629587864,0.09360378508646539,5.107298207356534,2.5528941178148443,-0.046274087418689214,-5.167071675722792,51.81988882537027,-8.704848739125104,45.25219658215031,0.30010400000000004,10.275388557130086,1.9594646399546378
3069,GLN_31_A_H,52.808,-6.85,49.355,2468,LEU_30_C_H,52.586,-6.885,45.589,2,4.37576690710906,0.7351924876650692,4.181952379550437,4.330665527627667,0.8885096358862882,0.4126388190158166,52.561696949497474,-6.888831562016162,45.17672392706083,0.8099409999999999,3.7726999615659853,1.8032989363654817
2686,LEU_30_A_HD21,52.921,-8.874,50.053,2747,LEU_30_C_HD21,51.871,-8.844,39.79,2,2.3540622237087425,0.6240643042687092,4.886870601738126,2.389773997716581,0.6098919268174133,-5.429674014213213,52.423622794468294,-8.859789222699094,45.1914930853601,0.682399,10.316616160350252,1.9900387627679241
2487,LEU_30_A_HB2,52.852,-8.573,45.694,2523,LEU_30_C_HB2,52.739,-8.456,44.882,2,2.6281948167195246,1.0138964109261372,0.5430099628515409,2.747576063448072,0.9917801776605595,-0.2761731608489465,52.77709595958832,-8.495444489131273,45.15575149721875,-0.683171,0.8281316320489199,2.683260099702574
2525,LEU_30_A_HB3,53.348,-8.902,49.298,2421,LEU_30_C_CD2,52.351,-8.826,39.895,2,2.2884961627085585,1.1209921299607393,4.178420301647919,2.372231215582907,1.0769771090605103,-5.277120143977348,52.907423909749085,-8.868415463531525,45.1427974156175,-0.339488,9.456013642122137,2.491006931598214
2491,LEU_30_A_HB2,53.076,-9.126,45.943,2529,LEU_30_C_HB2,52.829,-8.875,44.87,2,2.06165719995408,1.1693114178399917,0.8129494086828141,2.322901491965555,1.0504899430009633,-0.2792831109797813,52.89215773168274,-8.939180528956948,45.14436536880798,-0.769327,1.1293090808100326,2.6171478445867247
2815,GLN_31_A_O,54.56,-7.444,49.501,2606,LEU_30_C_HG,53.682,-7.455,40.884,2,3.6522372063698416,2.413720649120921,4.502427001553279,3.645865409002982,2.402647138908819,-4.159185479825108,54.10360335147035,-7.449717953455382,45.02176318863315,-0.8191650000000001,8.661621903546699,2.050599180200773
2863,GLN_31_A_O,54.824,-7.452,49.754,2449,LEU_30_C_H,54.213,-7.478,44.34,2,3.62613821877813,2.6497546866456996,4.780592017283937,3.6075829970909346,2.5824594657003725,-0.6673911009889161,54.28784897692442,-7.474814937152152,45.00322808685566,0.22030399999999994,5.448430324414541,2.0193284376390115
5142,PHE_38_A_CZ,53.972,-7.54,40.368,2601,LEU_30_C_HG,54.09,-7.539,41.228,2,3.5355190405870727,2.7354580264463135,-4.643583655001195,3.53376406444246,2.766689127061795,-3.776089252475694,54.60363850936092,-7.5346471312766,44.971467102121885,-0.984211,0.8680581777738169,3.181443235271424
2844,GLN_31_A_O,54.416,-8.388,48.438,2623,LEU_30_C_HG,53.78,-8.507,40.322,2,2.714218012758803,2.305454228695176,3.4299348688896023,2.58547205974635,2.47622930251847,-4.709006914520792,54.147975159097435,-8.438149301992775,45.01773331955158,-0.15518999999999997,8.141751224398838,2.3528526298577215
2848,GLN_31_A_O,54.957,-7.929,49.41,2627,LEU_30_C_HD11,54.357,-7.923,44.34,2,3.138006851146906,2.77989233974626,4.451432543502684,3.1529919265208624,2.6915720790377073,-0.6531645002476203,54.4337736800358,-7.923767736800357,44.98873759630251,0.07106799999999996,5.105383041457314,2.0640760961227915
2534,LEU_30_A_HB3,54.202,-8.857,47.618,2654,LEU_30_C_HD11,54.102,-8.875,44.842,2,2.2568559315287664,2.1394907169036252,2.5924188753666457,2.226582264141902,2.316234036836275,-0.1796462941274183,54.10848059418315,-8.873833493047032,45.0219012945243,0.11613299999999993,2.7778588877047046,2.708163729059352
2550,LEU_30_A_HB3,53.973,-9.28,47.586,2422,LEU_30_C_CD2,53.189,-9.473,39.595,2,1.8521359983659755,1.883414273893113,2.537458607574444,1.6616730294483875,1.889258396218465,-5.49196700723172,53.725240366400556,-9.340991848577412,45.0606846529424,0.126616,8.031686373358959,3.2133925475167775
2842,GLN_31_A_O,55.168,-8.167,48.771,2616,LEU_30_C_HG,54.462,-8.055,41.242,2,2.8801854473449704,3.0350106412410938,3.836673423209228,2.991262439060136,3.0952177459127497,-3.725129140099247,54.80979289076802,-8.110173943011358,44.95096979404024,-0.473364,7.5628579915267515,2.3032321764398462
3407,ILE_32_A_CD1,54.362,-8.928,45.516,2612,LEU_30_C_HG,53.859,-8.881,40.368,2,2.1589292627308296,2.5028293704027345,0.5169814779943205,2.2069137141808945,2.5216447533911475,-4.655490414030033,54.311725839239045,-8.923302414402059,45.00146445408074,0.13362800000000008,5.172728680300172,2.7981506324189285
5338,PHE_38_A_HE1,54.359,-8.671,41.803,2659,LEU_30_C_HD11,54.812,-8.647,44.633,2,2.3888305567449297,2.890268609142801,-3.1775365191597293,2.39882007059591,3.0587981251192744,-0.31638587442642807,54.86209271405509,-8.644346081374563,44.94594123791593,-0.7645559999999998,2.8661271779179702,2.3586436351292392
5026,PHE_38_A_CE1,54.515,-8.674,41.424,2597,LEU_30_C_HG,54.513,-8.68,41.089,2,2.3713466800052676,3.0826707305960923,-3.5390081469736194,2.3631163827190464,3.1136975293976743,-3.872526662145876,54.53622225895105,-8.61033322314692,44.978728374296814,-0.544215,0.33505969617368275,2.137043244653208
5013,PHE_38_A_CE1,54.888,-8.569,40.258,2361,LEU_30_C_CD1,55.131,-8.496,42.528,2,2.4395320932642006,3.5771705042010584,-4.661741741074792,2.5102270819948513,3.597018005233413,-2.378786135884203,55.384200294261355,-8.419935714069634,44.89328669947847,-0.858365,2.2841361605648607,3.0949974135085925
2539,LEU_30_A_HB3,53.924,-9.895,46.138,2323,LEU_30_C_CD1,53.95,-9.923,44.851,2,1.2322395440738902,1.9328110156361495,1.0915615338305094,1.1931421611988773,2.0850517043259074,-0.18637554105212778,53.946208135625305,-9.918916453750322,45.03869728654763,0.655,1.28756708563088,2.668443125305755
5038,PHE_38_A_CE1,54.914,-9.007,41.409,2312,LEU_30_C_CD1,54.881,-8.858,41.627,2,2.00907166025689,3.4547624832740436,-3.514117633612823,2.161695052085431,3.4115458011831676,-3.3004533674010643,54.37125186543689,-6.556409937881823,44.99442707075016,-0.7458219999999999,0.2661090002235951,2.1040540889770174
3415,ILE_32_A_CD1,54.831,-9.42,44.578,2300,LEU_30_C_CG,54.502,-9.341,41.014,2,1.626218163424421,3.024515760357689,-0.369546127448125,1.7043138493295553,3.0601444846986148,-3.948541748826398,54.864970613208975,-9.428157077335893,44.94599776740658,-0.447748,3.5800248602488782,2.590938717832231
5319,PHE_38_A_HE1,55.152,-9.281,42.388,2660,LEU_30_C_HD11,55.346,-9.23,44.314,2,1.7249001298260145,3.572301117701902,-2.5163239622010387,1.7748952345147984,3.576232181529822,-0.5805558882199782,55.4041825084464,-9.214704598295018,44.89162634674107,-0.682068,1.9364175686044593,1.9621959017539226
5800,ILE_41_A_HG22,54.846,-9.826,45.678,2763,LEU_30_C_HD22,54.355,-9.763,40.832,2,1.2281309637278193,2.8987164220666735,0.7262467854342539,1.2933255730833566,2.9004811231581624,-4.144534727705193,54.772790563139345,-9.816606528467982,44.95544820564822,-0.605928,4.871218122810758,2.712065254608097
5805,ILE_41_A_HG22,54.831,-9.914,44.231,2642,LEU_30_C_HD11,54.794,-9.82,44.678,2,1.1311565388999212,3.021714096878714,-0.7150184687504562,1.2308800056026934,2.9474808291673265,-0.27393043654637705,54.77102176116279,-9.76162285268387,44.95560196649266,-0.79426,0.4582728444933176,2.489515623828411
4989,PHE_38_A_CE1,55.743,-9.566,41.954,2350,LEU_30_C_CD1,55.795,-9.468,42.951,2,1.3929897323416738,4.180374642502199,-2.889075993018751,1.4939196556384953,4.139797618056064,-1.8918379794681266,55.893648039480645,-9.282086387132628,44.84238644927314,-0.705622,1.0031535276317378,2.0947484505235825
5822,ILE_41_A_HG22,54.34,-10.417,44.717,2793,LEU_30_C_HD22,53.807,-10.33,39.569,2,0.6701583900511128,2.4478917306800847,-0.2808588220671485,0.7602927988969009,2.43997775371659,-5.456317754114684,54.36892453676617,-10.421721265851138,44.99636869657077,-0.17576000000000003,5.176249800772752,3.333246068167863
5922,ARG_42_A_CD,55.754,-10.071,39.168,2707,LEU_30_C_HD13,55.996,-10.227,42.565,2,0.868666056667272,4.431304756746606,-5.66018782058771,0.719165436639593,4.320206244840592,-2.2560997363478803,56.15638836912709,-10.330390849519944,44.81640202448233,-0.931043,3.409180106711875,2.14553706615085
5913,ARG_42_A_CD,55.707,-10.261,38.441,2709,LEU_30_C_HD13,55.996,-10.227,42.149,2,0.6775567882785914,4.442892078497944,-6.3883230975181515,0.7161868882024355,4.361764102606881,-2.67000802656092,56.20352203752263,-10.202585642644399,44.81160109042862,-0.866558,3.719400623756466,1.9890082186220308
5928,ARG_42_A_CD,55.581,-10.52,38.895,2691,LEU_30_C_HD13,55.763,-10.558,43.067,2,0.4320671400609151,4.252889737664675,-5.949339107951515,0.4103059605271369,4.0137930553475885,-1.7801052181858865,55.840707117968385,-10.574224563092299,44.84828624266004,-0.9489460000000001,4.176140802223983,1.912300241181571
5774,ILE_41_A_HG13,56.233,-10.683,46.207,2716,LEU_30_C_HD13,55.75,-10.678,41.757,2,0.27266063897941967,4.15691909600597,1.3911238340809922,0.28225361124512094,4.122661833953876,-3.0848730844702072,56.0828853274281,-10.681446017882276,44.8239559152279,-0.962952,4.476138290982532,3.001171435521273
5981,ARG_42_A_NH2,55.199,-10.802,35.351,2706,LEU_30_C_HD13,55.906,-10.679,42.565,2,0.15434762838181967,4.206559663372667,-9.513902110207033,0.27526286084106627,4.196635888878161,-2.2653122456017027,56.12694997614099,-10.640560329469107,44.81950230251928,-0.9704699999999999,7.249605092692979,3.928143589761046
5982,ARG_42_A_NH2,55.261,-10.869,34.837,2713,LEU_30_C_HD13,55.906,-10.679,42.149,2,0.07917903212497147,4.314336479829217,-10.019137540448481,0.2722843124039088,4.238193746644449,-2.6792205358147423,56.14143825420771,-10.609646095659743,44.81803025545245,-0.850636,7.3428515578077675,3.7575657821085047
6068,ARG_42_A_HE,55.338,-10.95,38.218,2690,LEU_30_C_HD13,55.569,-10.963,42.992,2,0.01680626689345431,4.046827612025798,-6.647461452238953,0.020583603223289507,3.7981010326224616,-1.8743359751088449,55.65971029293588,-10.96810490826046,44.866679387341335,-0.874357,4.779603121599108,1.9408658282338802
6056,ARG_42_A_HE,55.26,-11.133,36.713,2712,LEU_30_C_HD13,55.65,-11.063,42.149,2,-0.17055294570290494,4.105911833270576,-8.152786526850806,-0.09128018099924762,3.955091650807646,-2.705028721905903,55.84365053280925,-11.02824221205988,44.84819050346424,-0.8501640000000001,5.4504216350664105,2.387963446654916
6142,ARG_42_A_HH21,54.885,-11.322,35.097,2345,LEU_30_C_CD1,55.449,-11.012,43.374,2,-0.3422644420492062,3.8809752040101597,-9.798301848821243,-0.016479467652546504,3.637171074461604,-1.5062967416790345,55.55145427388548,-10.95568648066578,44.877570966223665,-0.972813,8.30198319680304,4.260505873373337
6037,ARG_42_A_HD2,55.486,-11.468,38.964,2705,LEU_30_C_HD13,55.65,-11.063,42.565,2,-0.5055352226830262,4.079847659917922,-5.890617317225528,-0.08830163256209014,3.9135337930413567,-2.2911204316928635,55.75438785273238,-10.805212924654802,44.857077181032224,-0.6982619999999999,3.6274125764792724,1.6111945535263987
5710,ILE_41_A_CG2,54.363,-11.447,43.224,2316,LEU_30_C_CD1,54.275,-11.45,41.819,2,-0.3693013336550219,2.541740415977708,-1.7645009308860775,-0.37570795251389266,2.594565504257609,-3.1712512517614635,54.473379275990744,-11.443237070136679,44.9863054859886,-0.467248,1.4077563709676413,2.821514812855735
6015,ARG_42_A_HD2,55.592,-11.695,39.358,2715,LEU_30_C_HD13,55.462,-11.04,41.757,2,-0.737063961008544,4.1284340829752155,-5.488081849441768,-0.05695806733168191,3.809480995940744,-3.113876529412099,55.29149918214382,-10.180938186955355,44.90339586182305,-0.48768900000000004,2.4902060155738126,2.851318442184067
6143,ARG_42_A_HH21,54.795,-11.774,35.097,2714,LEU_30_C_HD13,55.045,-11.24,41.757,2,-0.7861670178477336,3.7574048480477353,-9.807514358075064,-0.22489612574998086,3.3806054787339432,-3.1557286413694765,55.16360456634389,-10.986660646289446,44.91662564740131,-0.103105,6.68604935668291,1.7639932289663998
6052,ARG_42_A_HE,55.499,-11.923,38.976,2689,LEU_30_C_HD13,55.312,-11.272,42.775,2,-0.9601203243013505,4.05703758391134,-5.877575621813044,-0.2696751236308788,3.5413730865894895,-2.116120245090768,55.206797506231,-10.905760302440562,44.91224210603426,-0.49655000000000005,3.8589080061592553,2.715270932364123
6007,ARG_42_A_HD2,55.601,-12.03,40.592,2711,LEU_30_C_HD13,55.266,-11.319,42.149,2,-1.0629431940989975,3.9886805651785866,-4.259532428496949,-0.3175486285245701,3.5547083118673832,-2.7436003637367525,54.65970230156243,-10.03220100421162,44.966926914827724,-0.8833840000000001,1.74413158907234,2.6047684526744455
6912,TYR_44_A_HH,54.372,-11.79,46.18,2681,LEU_30_C_HD12,54.193,-11.624,44.036,2,-0.6908280519234588,2.2293545975954405,1.1773865023637384,-0.527141648809104,2.2785409537832138,-0.9736877557223111,54.27402468225776,-11.699140208127318,45.00648557966851,-0.03290299999999996,2.157853794861921,2.4647670633860566
6132,ARG_42_A_HH21,55.161,-12.353,36.031,2344,LEU_30_C_CD1,55.131,-11.35,43.374,2,-1.3844469734886415,3.9832959311356992,-8.84180875424973,-0.32949510346259686,3.2960473862558177,-1.5382942585094015,55.1246812848414,-11.138744289864173,44.92061084698642,-0.015067000000000011,7.411245374429324,1.8133893107344925
5833,ILE_41_A_HG23,55.417,-12.332,41.373,2355,LEU_30_C_CD1,55.029,-11.487,42.951,2,-1.3445883467127198,3.7052081301463264,-3.5010204730301466,-0.46142758491653746,3.226719533828757,-1.9694432689631636,54.53007380396589,-10.400421042142193,44.980137982839786,-0.989555,1.8315711834378725,2.2251732813423954
6145,ARG_42_A_HH21,55.141,-12.61,35.097,2688,LEU_30_C_HD13,55.033,-11.434,42.453,2,-1.6458840273734778,4.037267569688891,-9.773228492653365,-0.41244793164245436,3.284457182542082,-2.464515341985067,54.996582144838996,-11.03745002158014,44.93346057929972,0.36818399999999996,7.450193017633841,2.070528719044695
6009,ARG_42_A_HD2,55.308,-12.594,40.139,2358,LEU_30_C_CD1,54.739,-11.599,42.528,2,-1.6064389838047377,3.7004730081558295,-4.739847669403486,-0.5542370042700464,2.9727724237658686,-2.419410242162283,54.145730639822915,-10.561560609180678,45.01889719062046,-0.650728,2.649737156776117,2.011454072092348
6578,TYR_44_A_CE2,56.166,-12.78,48.062,2343,LEU_30_C_CD1,54.739,-11.599,43.374,2,-1.799958667134946,3.7460930581510645,3.2291646874197952,-0.5481796677848656,2.8882581264815395,-1.5776640558155628,55.207360061884266,-11.986619644768973,44.912662908278534,-0.19065800000000002,5.040677930596236,1.4447355625971487
7174,ASN_45_A_HD22,54.118,-12.335,41.734,2305,LEU_30_C_CD1,54.286,-11.785,43.306,2,-1.246913059090974,2.3801755667919244,-3.271936985544746,-0.6999267240247776,2.4315218219365127,-1.690773644414721,54.46564619142933,-11.196872587582572,44.986975076945804,-0.6419659999999999,1.6738900800231737,2.0099084746402966
6580,TYR_44_A_CE2,56.005,-13.073,48.304,2354,LEU_30_C_CD1,54.624,-11.7,42.951,2,-2.0782255987527365,3.539966974412834,3.4536943121261148,-0.6432342673001922,2.808763290022859,-2.010099246436526,55.13206221530433,-12.205119059821028,44.920338912761814,-0.33652000000000004,5.696217955801903,1.6180161001250604
7088,ASN_45_A_ND2,54.552,-12.93,40.474,2357,LEU_30_C_CD1,54.297,-11.743,42.528,2,-1.8819902955774488,2.891493893799583,-4.4823961844287075,-0.6644487191341996,2.5233415511068724,-2.4637415923298103,53.985775826977466,-10.29428198675397,45.03488020152261,-0.5855589999999999,2.3859819781381435,1.7269386694864592
6852,TYR_44_A_HE2,54.4,-12.627,48.334,2304,LEU_30_C_CD1,53.986,-11.847,42.94,2,-1.5121087902576265,1.9784709768501332,3.3229923276921065,-0.7417169848059855,2.165751614654483,-2.0850067873962663,54.1456140812179,-12.147722182004742,45.01960955094049,-0.879318,5.465805704559948,1.9732651160878247
6587,TYR_44_A_CE2,55.898,-13.914,48.825,7119,ASN_45_C_OD1,53.73,-14.495,49.282,2,-2.9049937816495905,3.3179806675873555,3.9609885574427937,-3.317351854486238,1.0773831162091572,4.198301499619344,92.08407191742339,-4.216533309952534,41.197216390100465,0.542979,2.290553208288343,1.5835798182728065
6853,TYR_44_A_HE2,55.785,-14.286,48.911,7069,ASN_45_C_OD1,53.995,-15.316,48.794,2,-3.2667743957291306,3.1690681093338213,4.03507524498259,-4.159490174260317,1.3267737178739738,3.738935220742287,31.395238072183393,-28.32033228248667,47.31680885723204,0.10016299999999995,2.0684992144064256,1.8068135154582976
7095,ASN_45_A_ND2,53.366,-13.194,40.355,6717,TYR_44_C_OH,52.604,-13.563,43.191,2,-2.0565321704334654,1.7067252674912614,-4.719696492134449,-2.3466283064798,0.6394440723222137,-1.974435833783488,52.05595728472401,-13.828390763696643,45.23069703480672,-0.201626,2.9596792055896923,2.61814453622707
6858,TYR_44_A_HE2,54.107,-13.331,49.035,6714,TYR_44_C_OH,52.728,-13.553,43.972,2,-2.186938725042628,1.5643622843980078,3.9908130745648362,-2.3404278776144483,0.6852023753366032,-1.1849393281628946,53.04370894555842,-13.50217520963454,45.13112573702849,-0.39891600000000005,5.252132328873668,2.6772691649976568
6872,TYR_44_A_HE2,54.937,-14.669,49.14,7072,ASN_45_C_OD1,53.889,-15.01,49.129,2,-3.58300276492003,2.2758401668651533,4.177824890558518,-3.8439693627170266,1.2113527530928163,4.061768952517717,17.210705600776357,-26.94444502875506,48.744017902298125,-0.275978,1.1021370150757066,2.1398711619582587
6973,ASN_45_A_CB,53.662,-15.003,38.904,7068,ASN_45_C_OD1,54.106,-15.42,49.182,2,-3.8930604482970157,2.0081404799766065,-6.134550107986611,-4.2687936821794015,1.390248753595296,4.1360556848294,53.92719762347916,-15.252070740970288,45.04296660837559,-0.04341299999999998,10.296033653791152,1.8218857008765197
6613,TYR_44_A_CE2,54.475,-15.303,48.675,8007,LEU_48_C_HD13,54.046,-15.425,48.604,2,-4.183622388489398,1.8158569924448467,3.6686131987901445,-4.273387402788679,1.388084813395482,3.5549505178468834,40.62845820439853,-19.240711186627905,46.383381194667436,-0.6905020000000001,0.4516259514244077,2.390092519615779
6993,ASN_45_A_CG,52.989,-15.183,39.036,7071,ASN_45_C_OD1,53.937,-15.213,49.565,2,-4.020781539405941,1.3136168675667945,-6.0706965670419395,-4.046887180008115,1.2000217008520098,4.500294854467574,53.533416329186075,-15.20022836484766,45.08258178270068,-0.48852399999999996,10.571633979664634,1.9051020107005063
6605,TYR_44_A_CE2,53.13,-13.631,48.063,6715,TYR_44_C_OH,52.636,-13.763,43.574,2,-2.419265054173415,0.669426389232838,2.925718139670527,-2.545726152199047,0.6177615347902167,-1.5902445853197509,52.80995644583175,-13.716517710830384,45.15474997032128,-0.546877,4.518028441698883,2.2694937322669526
6649,TYR_44_A_CZ,53.385,-15.651,46.685,7070,ASN_45_C_OD1,53.822,-15.543,49.898,2,-4.462567169777064,0.9068698773964248,1.5792984226809268,-4.3648692436638274,1.0276353707281285,4.819957739988677,53.17203302533975,-15.703632570396582,45.11918103070168,-0.059791999999999984,3.2443800640492184,2.2610545496777847
6538,TYR_44_A_CE1,53.047,-15.607,46.077,7109,ASN_45_C_OD1,53.478,-15.585,50.398,2,-4.397526243038705,0.6356146191572006,0.9405228261475332,-4.377194324688713,0.6332172295527659,5.282972234674862,52.95365053292882,-15.611764937994351,45.14112286029102,0.049027000000000015,4.342497668393162,2.235214431791433
6645,TYR_44_A_CZ,52.97,-15.288,47.086,7101,ASN_45_C_OD1,53.268,-15.155,50.659,2,-4.066406719722593,0.4826188764215149,1.9368777649036308,-3.930707920526616,0.43141462109594086,5.521816531484356,52.80899597412321,-15.359857501481926,45.15557253537657,0.08367399999999997,3.5878715138644535,2.2652553315912396
6640,TYR_44_A_CZ,52.708,-14.076,47.7,6658,TYR_44_C_CZ,52.395,-14.033,44.506,2,-2.833718971787583,0.2532720153045819,2.522082800243152,-2.7900784951876503,0.26508151450768697,-0.6871865939540256,52.462021299083375,-14.04220739891561,45.18991702642907,-0.25775600000000004,3.209587824004823,2.7880445132977445
6537,TYR_44_A_CE1,52.68,-15.332,45.945,7059,ASN_45_C_OD1,52.96,-15.149,48.107,2,-4.096552861945956,0.3055563640072796,0.7725508877739292,-3.9197416978213067,0.3812434751888773,2.951803574692513,52.580739253472,-15.396873987909377,45.17856523573733,-0.67931,2.1877232457511613,1.836385813219504
6826,TYR_44_A_HE1,52.379,-15.522,43.947,7100,ASN_45_C_OD1,53.123,-15.6,50.659,2,-4.277584008702898,0.19212080472292536,-1.2456327257245314,-4.363477845498923,0.25380951026525045,5.507098629246502,52.5162408732441,-15.536388156065915,45.18511927582582,-0.358924,6.753559357849752,2.3782796952122944
7024,ASN_45_A_OD1,52.162,-15.359,42.862,7062,ASN_45_C_OD1,52.716,-15.326,47.846,2,-4.106437337640514,0.09758700347220639,-2.346838963177514,-4.079677241786904,0.15181970336373424,2.6676005579985396,52.42128097848419,-15.343555465180545,45.19459277394445,-0.6438769999999999,5.014804183614745,1.6853169701581405
7038,ASN_45_A_OD1,51.772,-13.775,41.13,7094,ASN_45_C_OD1,52.63,-13.743,49.254,2,-2.5099536405281087,0.003826967537907122,-4.1084941111891515,-2.484662082625447,0.0459011840560592,4.060603396944974,52.20351497994611,-13.758906201214133,45.215813166762445,0.633176,8.169245007955137,2.592001168886532
7035,ASN_45_A_OD1,51.836,-16.304,40.104,7090,ASN_45_C_OD1,52.92,-16.132,50.429,3,-5.043847767474834,-0.021989688461490964,-5.12403684967823,-4.880264644614967,0.03504078105386477,5.257690034008431,52.37102235295548,-16.219107154328096,45.20003855559533,-0.04053500000000004,10.383172203137155,2.0865845944990355
7908,LEU_48_A_HD11,51.647,-17.389,40.781,7161,ASN_45_C_HB3,52.543,-17.319,49.907,3,-6.106604725882545,-0.3594183519677052,-4.469846858620277,-6.03911754496314,-0.3768606817063557,4.7000349969733275,52.08375402239569,-17.354878592000336,45.22945670578468,-0.8227249999999999,9.170146781813253,2.360429729791137
7810,LEU_48_A_HB2,51.714,-18.022,43.672,6981,ASN_45_C_O,52.257,-17.983,50.242,3,-6.722140875252753,-0.6297633002835674,-1.5869511168809785,-6.6772117828614075,-0.7444280056554584,5.004414703796772,51.844733823597394,-18.01261027786317,45.25380703689663,0.601094,6.5925162115841625,3.2684212432381763
7052,ASN_45_A_OD1,51.132,-16.014,40.299,6591,TYR_44_C_CE1,51.653,-16.042,44.936,3,-4.700130861591446,-0.7179158313377978,-5.000398294723652,-4.734187887710193,-0.6663841093941794,-0.334545896650447,51.69035617788228,-16.044007625682738,45.268477153244014,0.07211800000000002,4.66626124429398,2.3863207959202772
7990,LEU_48_A_HD13,51.123,-16.347,43.229,7191,ASN_45_C_HB3,52.016,-16.372,51.45,3,-5.010513440000122,-1.04480370354147,-2.086178506508196,-5.044005884953157,-0.9820191197589445,6.1829116098329235,51.34829170441985,-16.353307158578385,45.303046026915545,0.548632,8.269396289935562,2.5220037341757213
7015,ASN_45_A_OD1,50.695,-16.38,40.784,6583,TYR_44_C_CE1,51.164,-16.434,45.198,3,-5.0286080838838325,-1.2276742346566816,-4.56176509410968,-5.086260598982591,-1.207426373316037,-0.12301085315265994,51.17699736074511,-16.435496497825664,45.32032484078658,-0.19564200000000004,4.439174810705253,2.3834657924949476
7051,ASN_45_A_OD1,50.493,-16.325,40.934,7189,ASN_45_C_HB3,51.585,-16.24,51.769,3,-4.957440356305838,-1.4388924424992278,-4.432726250240223,-4.877559103969474,-1.4314718385959249,6.457199273846841,50.93749680161317,-16.290400889984323,45.34436890611602,-0.727537,10.89022102622348,2.3680075012030275
7050,ASN_45_A_OD1,50.371,-16.074,41.238,6634,TYR_44_C_CE2,50.444,-16.12,42.294,3,-4.695774994332225,-1.5712615660184777,-4.142363281730182,-4.739593483912369,-1.6078198658403555,-3.0843819819497735,50.656820287777364,-16.254105934763817,45.37260580675196,-0.552793,1.0595192305947045,2.9571882194510835
7996,LEU_48_A_HD13,50.222,-16.103,42.278,6638,TYR_44_C_CE2,50.115,-16.013,41.933,3,-4.705994745081962,-1.8251789864126342,-3.12252824589596,-4.610645056434866,-1.8900430586392405,-3.476470457293643,51.16596913267704,-16.89699272841995,45.32163879227645,-0.725102,0.3722552887468478,2.8720911178061037
7693,LEU_48_A_CD1,49.737,-16.945,43.882,7183,ASN_45_C_HB3,50.67,-16.823,51.978,3,-5.497464645371882,-2.5304463027232416,-1.575538132973743,-5.388295723961236,-2.4043413262129563,6.5732512667774525,49.917392081075185,-16.92141175360003,45.44733149880458,0.73508,8.150496242560942,2.8410817243399054
7715,LEU_48_A_CD1,49.278,-16.717,41.212,7172,ASN_45_C_HB3,50.384,-16.848,51.865,3,-5.254581374099163,-2.7017997559672833,-4.277983453530142,-5.392438163912697,-2.6786902676162168,6.432164419260899,49.719772583889764,-16.76932568579526,45.46715672348792,-0.606679,10.711059984894117,2.6400848559339227
7700,LEU_48_A_CD1,49.164,-16.517,43.221,7013,ASN_45_C_CB,50.099,-16.468,51.835,3,-5.032165407949248,-3.000427334438426,-2.2904146604117672,-4.992228367819462,-2.9296222262627234,6.373938383496472,49.411166487403314,-16.504046889964965,45.49810387432314,0.490496,8.6647343871581,2.680455593635909
7705,LEU_48_A_CD1,48.658,-16.566,42.397,7014,ASN_45_C_CB,49.698,-16.468,51.695,3,-5.048718207377529,-3.423831165347554,-3.1609709198244245,-4.962952980590046,-3.313469652313999,6.19448057448172,49.00938974945444,-16.5328882736091,45.53855951002633,0.24651199999999998,9.356495497781209,2.991759734772195
1752,THR_29_A_CA,47.611,-6.24,47.041,5082,PHE_38_C_CZ,47.843,-6.339,48.757,3,5.359844818946101,-4.143336133846936,1.3593553214277847,5.2558991634491194,-4.092102906381643,3.089919234465035,47.428764352882084,-6.1622356505833045,45.693084610110624,-0.946065,1.7344396789741656,2.7035381354009536
2564,LEU_30_A_HG,49.182,-7.705,48.271,5355,PHE_38_C_HZ,49.344,-7.704,49.798,3,3.789251831096093,-2.818728150610271,2.7398687611530566,3.788950305871183,-2.810476955117162,4.275416164151569,48.89294429358543,-7.706784294484041,45.54638232287006,-0.9321010000000001,1.5355696011578255,3.109884327967763
1776,THR_29_A_C,48.426,-6.778,47.509,5016,PHE_38_C_CE1,48.555,-6.798,48.533,3,4.765208165839187,-3.422328508968265,1.9063912029279249,4.742857349550413,-3.398160369158839,2.9381534536569283,48.18764618835014,-6.741045920674438,45.6169511385313,-0.9630420000000001,1.0322872662200195,2.9029897690869757
1991,THR_29_A_HA,48.483,-6.86,46.4,5361,PHE_38_C_HZ,48.949,-6.78,51.508,3,4.6712001196264294,-3.2612101294220075,0.8086401587381904,4.752357177337698,-3.3031052912786683,5.937663294521134,48.409530587989934,-6.872612774594002,45.59467434217293,-0.527106,5.129836254696639,2.104865586266091
2019,THR_29_A_HA,48.002,-6.175,44.904,5350,PHE_38_C_HZ,48.635,-6.149,50.645,3,5.379834010127862,-3.5370106001580393,-0.7277107483056942,5.3990694174555784,-3.4805559902463,5.04783155316909,48.08175716904712,-6.171724034130766,45.6273584636643,-0.7308,5.7758502404407945,3.49687919267592
1997,THR_29_A_HA,48.837,-6.819,45.538,5353,PHE_38_C_HZ,49.183,-6.86,49.744,3,4.6791811141077995,-2.820783474716365,-0.013553045777568995,4.642289080802024,-2.900799374442448,4.205933822749174,48.83811135642441,-6.819131692524278,45.5515097257834,-0.3709649999999999,4.220406733953497,3.1058306746421103
1802,THR_29_A_O,48.749,-5.594,49.367,2835,GLN_31_C_C,47.667,-5.785,40.113,3,5.934712737541851,-3.1976927882205626,3.787918999621536,5.759701659903097,-3.3611715757021026,-5.528001073497772,48.309051146272004,-5.671661951073981,45.60425814011192,-0.329794,9.31899785384673,1.9101316102242731
2445,LEU_30_A_HA,50.093,-7.224,49.444,2855,GLN_31_C_O,49.38,-7.086,41.097,3,4.208479349691508,-1.9956230733222187,3.9984224228596075,4.340153135274072,-1.8586716331910722,-4.377956766100048,49.75265304062925,-7.158126394960499,45.45960158503829,-0.958943,8.378533403884001,1.4414506729854337
1811,THR_29_A_O,49.603,-5.388,50.022,3200,GLN_31_C_HB3,48.64,-5.482,40.253,3,6.080327307414063,-2.400246912182769,4.525247604675788,5.989364273928939,-2.3868608469913832,-5.291122016512988,49.15906669150922,-5.431333053995984,45.51858931397041,-0.605765,9.816800191508431,2.3283113906717277
1807,THR_29_A_O,49.922,-5.156,50.079,3140,GLN_31_C_HA,49.324,-5.155,44.449,3,6.287980871528743,-2.071864719673697,4.614012084922126,6.2938197527582895,-2.1026367203088894,-1.0475710851322477,49.43464882208611,-5.15518503147506,45.49072720459,0.959,5.661669806691311,2.9690942040781825
1808,THR_29_A_O,50.316,-5.156,50.022,3141,GLN_31_C_HA,49.765,-5.012,44.449,3,6.257823509633767,-1.6752819703639035,4.596759361269735,6.403109853652243,-1.6542737936417298,-1.0033403284458486,49.86371976421937,-5.037799720594534,45.44748501995376,0.855385,5.602023384456728,2.96910660007948
2463,LEU_30_A_HA,50.946,-5.927,49.736,2273,LEU_30_C_O,50.592,-5.773,45.321,3,5.439427909110455,-1.0801612074963287,4.374955577154139,5.588102075845432,-0.9786330281796146,-0.05323197769833031,50.596255492765785,-5.774851259564775,45.374073447912245,0.822199,4.431845778002659,2.480393965584063
2092,THR_29_A_HG1,50.6,-5.168,43.964,2104,THR_29_C_HG1,50.633,-5.24,45.211,3,6.181039344918718,-0.7892485744138137,-1.4023416558252577,6.115683526521989,-0.8865435609903375,-0.15833831877637017,50.637200281754886,-5.249164251101563,45.36971973782846,-0.596775,1.24951270501744,3.353921960729617
3093,GLN_31_A_H,51.541,-5.008,49.715,2129,THR_29_C_HG1,51.083,-5.048,45.933,3,6.310704633200255,-0.41806229234927306,4.414056684816657,6.278322439651974,-0.4976622537064498,0.6051850356674021,51.010229171296025,-5.0543555308911765,45.33208455423922,0.430716,3.8098409415617374,3.163029102340158
3092,GLN_31_A_H,51.929,-4.791,49.735,2139,THR_29_C_HG1,51.673,-4.988,46.547,3,6.497926590485116,-0.018666398394727723,4.472911239463509,6.2979974829194525,0.03089121757001506,1.2752149757999478,51.57090930504739,-5.066561980100253,45.27565181441824,0.398525,3.2043234855426217,3.1613834366549733
2097,THR_29_A_HG1,51.815,-4.825,44.279,3101,GLN_31_C_H,51.428,-4.761,40.825,3,6.43356736267821,0.41070249813567256,-0.9670876796989127,6.501873180819577,0.3766627533510409,-4.442451921182537,51.922690275331746,-4.842809244499305,45.240142664071975,0.27908,3.4762020942402074,1.8341348885251727
2074,THR_29_A_HG1,52.104,-4.43,44.957,1909,THR_29_C_OG1,52.504,-4.499,47.061,3,6.810462945637948,0.6596469463588153,-0.26337866224616424,6.726523992675247,0.8410680528638472,1.8700733841542259,52.15338075129282,-4.43851817959801,45.216742751800254,-0.329213,2.142796537238194,3.0735778225226644
2254,LEU_30_A_O,52.376,-5.782,45.131,2120,THR_29_C_HG1,52.522,-5.603,45.875,3,5.443065445855654,0.809576623502912,-0.0636058675502924,5.615853053747516,0.8936749316971081,0.6913543414129895,52.38830059088159,-5.766919138576671,45.19368246312266,-0.705467,0.7790333754082683,2.664823127143956
2225,LEU_30_A_O,52.852,-4.945,45.815,1840,THR_29_C_O,52.255,-4.979,40.653,3,6.246611315475377,1.2769675807325616,0.6649960323353926,6.220826369751744,1.1977805830604562,-4.5308555394450885,52.775592384074166,-4.9493515225150375,45.15433649345202,0.6262979999999999,5.196518930976773,2.2181449408183056
3079,GLN_31_A_H,53.361,-6.016,49.761,1837,THR_29_C_O,52.58,-5.969,40.719,3,5.168517007016479,1.3065196727044917,4.641662643446847,5.209611109663976,1.4385359872742411,-4.433072447310076,52.96152403863289,-5.991959833310814,45.13608112332724,-0.714226,9.075788340414292,2.285000319259677
3072,GLN_31_A_H,53.85,-5.338,49.879,1877,THR_29_C_OG1,53.397,-5.202,45.95,3,5.808486731719515,1.831291569989351,4.808342598101187,5.950167554705269,1.7846856239327256,0.8537882072512888,53.29919730982086,-5.172637602948425,45.1017289851792,0.959499,3.957366043216114,2.5512324397972064
2789,GLN_31_A_N,53.771,-6.469,49.426,2482,LEU_30_C_HA,52.815,-6.587,40.886,3,4.683465873810107,1.7123909628437053,4.3492111192313825,4.576843034362344,1.608126014572166,-4.243647566367377,53.28712775420669,-6.528724816949383,45.103542908917525,-0.797628,8.594152663293805,1.4978743593662032
2232,LEU_30_A_O,54.061,-5.553,45.595,2029,THR_29_C_HA,53.958,-5.488,45.689,3,5.547500981510573,2.4522850126430593,0.566921187492597,5.620763883571328,2.3456377455354316,0.6501612475605165,54.762499761822525,-5.995694024451099,44.9547963338707,-0.999366,0.15385057685949857,2.218424353430268
2234,LEU_30_A_O,54.184,-5.886,45.334,2050,THR_29_C_HA,54.161,-5.881,45.523,3,5.204304180174174,2.5751314575784656,0.3194061242758418,5.212379644206944,2.533811454038849,0.5051544599026823,54.22354996869044,-5.8945978192805315,45.00900243119589,-0.957076,0.19045996954740868,2.254400077147406
5363,PHE_38_A_HZ,53.793,-6.271,40.448,1819,THR_29_C_O,53.702,-6.339,41.321,3,4.814952211619355,2.646124664970428,-4.581355756196083,4.76026974834494,2.4634744098428616,-3.7218892283358804,53.30792773679994,-6.633471581292352,45.101495448062074,-0.962952,0.8803601535735225,3.7761648948412665
2808,GLN_31_A_C,55.446,-5.197,50.277,1817,THR_29_C_O,54.527,-5.144,41.492,3,5.8314231855253675,3.3856219229683893,5.364249130617996,5.890759904802506,3.35550913781679,-3.4685968079182308,54.887884870930414,-5.1648127292266715,44.94180804257199,-0.32565600000000006,8.833096569153994,1.6553486870371577
5376,PHE_38_A_HZ,53.69,-6.722,39.248,2446,LEU_30_C_H,54.261,-6.692,44.6,3,4.36443636286292,2.6296112509390395,-5.785836049590834,4.389556372695062,2.6637194495591836,-0.40354558772490334,54.30381161193799,-6.689750703400805,45.00127451329614,-0.7656959999999999,5.3824571526394935,3.4480896812156425
5151,PHE_38_A_CZ,54.051,-6.583,41.025,1803,THR_29_C_C,54.17,-6.622,41.832,3,4.488501711236185,2.820782593126904,-3.9815543899658414,4.446406964298187,2.8552667019096467,-3.1667109212421303,54.6324674727013,-6.773564970044962,44.968228995545786,-0.994226,0.8166584353326692,3.6208073420513704
2856,GLN_31_A_O,54.923,-6.83,50.015,2605,LEU_30_C_HG,53.992,-6.904,41.577,3,4.240740339007908,2.7690737422817175,5.050468279247068,4.176833439601945,2.682758796418578,-3.4383800901331405,54.369098485521384,-6.87402654357832,44.994784125488124,-0.9333670000000001,8.489527725380256,2.132315021687259
5162,PHE_38_A_CZ,54.76,-5.417,39.377,1997,THR_29_C_H,54.956,-5.398,42.061,3,5.5858100685051335,3.777249668262507,-5.549746375422101,5.609173591478922,3.7050147453249145,-2.859603393775505,55.164346645142615,-5.377803131338215,44.914073446748766,-0.36023399999999994,2.691214038310589,4.221940027524774
3559,ILE_32_A_HD12,54.359,-7.072,43.857,2604,LEU_30_C_HG,54.16,-7.038,41.887,3,3.997931482886143,2.8063498673564116,-1.1331615891949527,4.032754039357309,2.8083004988218456,-3.1131718378042113,54.472887873261364,-7.091458229602441,44.98443271520035,-0.6919449999999998,1.9803173988025247,1.8090064003515938
5022,PHE_38_A_CE1,54.152,-7.193,41.907,2448,LEU_30_C_H,54.357,-7.033,44.34,3,3.87894773638613,2.7866100153692015,-3.09414175388616,4.040428427757352,2.7590724736792653,-0.6527733527406098,54.41181292264167,-6.990219182328447,44.99053580871805,-0.4207909999999999,2.4468579852537484,2.4738306893374613
5135,PHE_38_A_CZ,54.657,-6.145,38.764,2045,THR_29_C_HA,54.988,-6.181,44.489,3,4.863294976418809,3.6810871695612324,-6.170299931169723,4.843397124625182,3.4348228226936155,-0.4409509326398022,55.01347492895637,-6.1837706871372475,44.929616218354056,-0.4731599999999999,5.7346736611598,3.0635172792640866
3552,ILE_32_A_HD12,55.052,-6.464,43.479,1810,THR_29_C_C,54.699,-6.273,42.557,3,4.549148323275476,3.577751480094235,-1.439587023414572,4.759650194806874,3.334131811382811,-2.3922214858915027,55.58544093593261,-6.752632347770898,44.87229332274747,-0.826647,1.0055714793091517,2.0176514447888927
2801,GLN_31_A_C,56.049,-6.232,50.103,2062,THR_29_C_HA,55.356,-5.896,44.882,3,4.752628564251935,3.922744665851245,5.2510620103723165,5.10260400259772,3.7822717793209972,-0.01294507175671239,55.357704202632604,-5.896826280064291,44.89483931016568,0.2665679999999999,5.277498081477627,1.6245243841288373
5339,PHE_38_A_HE2,55.412,-5.805,38.268,1790,THR_29_C_CA,55.526,-5.52,43.446,3,5.141757517017913,4.505461243771003,-6.588040280254992,5.4544033082938865,4.122900813034217,-1.4245332234154369,55.557450869667015,-5.441372825832467,44.874531606454305,-0.5293079999999999,5.187090224779204,3.723211207018187
2855,GLN_31_A_O,55.802,-7.205,50.18,1799,THR_29_C_C,54.477,-6.518,42.447,3,3.8016323551825706,3.5962076865584454,5.302509182209395,4.531330544200646,3.106292265594335,-2.524010250670413,54.90430534445344,-6.739553789916616,44.94085073861019,-0.131815,7.875714761213738,2.8896527426445426
2830,GLN_31_A_O,56.806,-6.57,49.715,1792,THR_29_C_CA,55.255,-5.792,43.539,3,4.355666238058299,4.686892237585149,4.940680953933444,5.204314680120212,3.824121027326273,-1.3592621141056904,55.589640411224245,-5.959859600214351,44.871520425351974,0.14841800000000002,6.415127512372612,1.9019530692903615
5076,PHE_38_A_CE2,56.166,-6.591,37.675,2040,THR_29_C_HA,55.618,-5.588,44.494,3,4.296844303993467,5.253134013002095,-7.10288792044286,5.38715629813318,4.104323107887796,-0.3726184414601958,55.58766021842694,-5.5324693413909065,44.87153096815094,0.023245000000000016,6.9141213469247145,2.862853723911804
2831,GLN_31_A_O,55.82,-8.172,48.438,2593,LEU_30_C_HG,54.211,-7.002,42.155,3,2.823585865719585,3.7147487508618937,3.5706460003953913,4.066718429423748,2.8348552466285843,-2.8413957064454474,54.92400311206541,-7.520467147990385,44.93921289813983,0.26091400000000003,6.590437769981599,2.1858987527950853
2839,GLN_31_A_O,56.621,-7.843,49.204,2036,THR_29_C_HA,54.632,-6.485,44.07,3,3.096642713004556,4.457853126662986,4.413162376981664,4.5641527454240975,3.100435446737249,-0.8936325641266739,54.966935717278105,-6.713679087010392,44.93453492835888,0.700222,5.6708236615151435,1.9728283288190611
5125,PHE_38_A_CZ,55.163,-8.474,39.427,1797,THR_29_C_C,54.322,-7.241,42.575,3,2.507544458591378,3.9402197035844484,-5.460979250823732,3.8230328859332756,2.884894700153889,-2.4124954744746034,53.6564531764368,-6.265233967356196,45.06625017904517,-0.28141,3.4838877708674847,3.5923107974029214
3448,ILE_32_A_HA,57.41,-7.821,49.001,2063,THR_29_C_HA,55.356,-5.896,44.466,3,3.0575518786091127,5.262570261208643,4.290214257700053,5.099625454160563,3.8238296370872864,-0.426853361969752,55.54186903478548,-6.070195663077921,44.876377834835516,0.392196,5.3376742126135746,1.9627412753798916
3456,ILE_32_A_HA,57.717,-7.939,48.946,2048,THR_29_C_HA,55.287,-5.851,44.125,3,2.9163177116574515,5.563690774493872,4.266186220653454,5.147264181426322,3.7928529371404758,-0.7730296114798894,55.65976870419358,-6.17130496064041,44.86455470078899,0.42091200000000006,5.788495918630329,2.758689981494536
5110,PHE_38_A_CZ,55.541,-8.957,39.904,2633,LEU_30_C_HD11,54.484,-7.372,44.07,3,2.0008098150974245,4.230950666663391,-4.948731744055518,3.690882445908807,2.886331359450549,-0.9088451836119313,54.246208828217114,-7.0154257263236754,45.0072166713789,-0.841196,4.580942042855374,2.0491326602696147
5122,PHE_38_A_CZ,55.655,-9.102,39.662,2628,LEU_30_C_HD11,54.452,-7.354,43.69,3,1.845887101370309,4.357228621026933,-5.178161103582996,3.7085259926401286,2.8939107494043883,-1.2901315039889802,54.052818831353335,-6.773976157278169,45.02657668105465,-0.928863,4.552746094391823,2.356113588421807
5925,ARG_42_A_CD,55.838,-9.25,39.06,2037,THR_29_C_HA,54.484,-6.916,44.07,3,1.6801855457629842,4.587697673503299,-5.758871022836968,4.1455690128344695,2.920915831311842,-0.9086447754510362,54.230340693565836,-6.4787468085543995,45.00857690194621,-0.8065730000000001,5.690428103403115,1.723444405868629
3404,ILE_32_A_CG2,58.507,-8.576,48.249,2034,THR_29_C_HA,55.566,-5.578,44.195,3,2.216512486518047,6.368769338698023,3.6515325357815893,5.398912959180795,4.083361901264576,-0.6753186375914666,56.025020205127184,-6.045916550483271,44.82773305392234,0.16924599999999998,5.837156927820255,2.575322927927928
5964,ARG_42_A_CZ,56.677,-8.966,36.038,1793,THR_29_C_C,54.6,-6.467,43.69,3,1.8783808170663745,5.743505278915363,-8.681521945151271,4.58179629215542,3.108014836691095,-1.274918884503722,54.24248029745465,-6.036840280856596,45.00715973224702,-0.667122,8.313364782084328,2.9828320124358814
3504,ILE_32_A_HG22,57.427,-9.278,47.77,1798,THR_29_C_C,54.437,-6.855,42.772,3,1.5946510051246159,5.291907850098542,3.066466187124899,4.200648436058878,3.008581936946987,-2.204798667186134,55.68761976529127,-7.868462104113956,44.86250086519255,-0.577938,6.308013395673796,2.3234842594299647
3499,ILE_32_A_HG22,56.932,-9.602,47.053,2591,LEU_30_C_HG,54.304,-7.23,42.538,3,1.303825852401595,4.84787112651506,2.3033527495201844,3.835095385763097,2.871567375134621,-2.451107370383595,55.65883525088407,-8.452857387784242,44.86565645271747,-0.944315,5.737420413391371,2.440264681621802
5967,ARG_42_A_CZ,55.626,-9.836,36.038,2630,LEU_30_C_HD11,54.443,-7.429,43.294,3,1.0902431936256178,4.634821649840849,-8.787166145840803,3.6315862200707545,2.918853472069971,-1.685074704947044,54.16231600817272,-6.857904168784243,45.0155917537605,-0.725228,7.735804676955074,3.7576429493973493
6026,ARG_42_A_HD2,56.195,-9.923,41.173,2602,LEU_30_C_HG,54.105,-7.303,41.573,3,0.9972975001532118,4.67975001252407,-3.6210363042387157,3.7704219102187513,2.76500460057871,-3.4312179338609794,16.325487577157215,40.05696294155403,48.803528693367,-0.970164,3.375277766347536,2.497790698877466
5889,ILE_41_A_HD13,57.496,-10.003,47.85,1794,THR_29_C_C,54.452,-6.898,43.69,3,0.8671021533821782,5.297384774614086,3.152655929125389,4.163212559565791,2.9284952212656807,-1.289931095828085,55.33584318273243,-7.799554889088108,44.89788030228874,-0.696134,6.0176873464812095,2.199293103222954
5887,ILE_41_A_HD13,57.243,-10.379,47.827,2603,LEU_30_C_HG,53.871,-7.191,41.303,3,0.5111234208504698,5.020163402473766,3.1042673683516195,3.8978344525479947,2.5683196130139736,-3.7232471442558603,55.709852095773286,-8.929511412018156,44.860731634882825,-0.539509,8.00601673742942,1.9301023503361467
6024,ARG_42_A_HD2,56.343,-10.81,41.173,2447,LEU_30_C_H,54.003,-7.048,44.6,3,0.10167751518138614,4.7593083693679405,-3.6066033428179933,4.054062241280825,2.3807567559401,-0.42954177603089333,53.6866297519633,-6.539373985848695,45.063333692316995,-0.6304709999999999,5.6011224767898105,1.71793473561426
5897,ILE_41_A_HD13,58.198,-11.605,48.527,7739,LEU_48_C_CD1,56.062,-15.878,47.999,3,-0.7784412449260777,5.8047088486508205,3.8958559077225936,-4.881633873230843,3.4142459315828644,3.1547039009463864,46.97014371301273,-34.06596906100026,45.75157485040766,-0.216055,4.8062260662603045,1.459529345127754
5846,ILE_41_A_HD11,57.964,-12.082,47.421,7734,LEU_48_C_CD1,56.176,-16.135,48.823,3,-1.244317921638948,5.646867561917367,2.771771368954577,-5.140601458990539,3.4255374437350596,3.985865312032771,62.045996484658836,-2.8290180356139274,44.22023989290173,0.895959,4.6464348698760425,1.9884294004271785
5843,ILE_41_A_HD11,57.254,-12.31,47.63,7742,LEU_48_C_CD1,55.735,-15.835,47.576,3,-1.4165557280929557,4.904303473634367,2.9085109492535937,-4.817096033934134,3.1353467027109003,2.7010993513290606,35.95322330223926,-61.74070300171604,46.87276369869709,0.04265499999999997,3.838737031889525,2.1734851216461215
5844,ILE_41_A_HD11,58.199,-12.882,47.421,7969,LEU_48_C_HD12,56.43,-16.057,47.744,3,-2.0597574912033068,5.819337220051241,2.7949559632334475,-5.089730181487099,3.791238026595301,2.937764077980998,92.82082179003076,49.257222263056946,41.09943502646695,-0.01983099999999998,3.6488785948562317,2.1508486723851377
5739,ILE_41_A_CD1,57.603,-12.84,48.024,7736,LEU_48_C_CD1,56.177,-15.979,48.422,3,-1.9685596083733128,5.1709904182430835,3.335250670548316,-4.98799744590627,3.4784204537521206,3.587050314267999,76.49130097590053,28.738104322125995,42.7522301624065,-0.15701799999999996,3.470619685301171,2.057744924073908
6070,ARG_42_A_HE,55.892,-12.807,36.873,7735,LEU_48_C_CD1,55.736,-15.979,48.823,3,-1.8863052668836686,4.589975627716684,-7.931029418127617,-4.951828285949711,3.0008437187936527,3.941866117318611,55.78779285141235,-14.925878687948911,44.855534779630986,-0.9881929999999999,12.364805700050448,1.7180958208428605
6066,ARG_42_A_HE,56.172,-13.062,37.584,7743,LEU_48_C_CD1,55.736,-15.979,47.175,3,-2.1566216353961165,4.777396452257067,-7.195673385009746,-4.9636279201430655,3.165476770713953,2.3021525060900156,55.841680868881355,-15.271956205213508,44.85026327192415,-0.8558089999999999,10.034254631012702,3.939772624556269
6000,ARG_42_A_HB3,57.203,-13.707,37.446,7968,LEU_48_C_HD12,56.576,-16.15,48.157,3,-2.8785982656680673,5.765121687249386,-7.230004209359608,-5.190529073087495,3.887773469256032,3.3632690623964883,56.775066865172356,-15.374369455157787,44.75635375939216,-0.820805,11.003949245611775,3.034415023447968
5998,ARG_42_A_HB3,57.274,-14.093,37.827,7980,LEU_48_C_HD12,56.823,-16.194,47.941,3,-3.266119410963793,5.768224134281711,-6.843978644440522,-5.25459879875853,4.15106389394229,3.173073840266789,56.96586201496349,-15.528472076633497,44.737216365098135,-0.776085,10.339758120962022,3.0512380884447876
6786,TYR_44_A_HD2,57.907,-14.295,47.648,7987,LEU_48_C_HD12,56.602,-16.273,47.133,3,-3.4450146005037094,5.399799826324196,2.990948606966354,-5.322469751382183,4.006535702447754,2.346967832751241,51.845968229527784,-23.481759265895818,45.256098573338555,-0.11536199999999999,2.4250224741226627,2.9092909861837244
6791,TYR_44_A_HD2,57.41,-14.345,48.179,7970,LEU_48_C_HD12,56.34,-16.131,47.312,3,-3.453542308505917,4.849886344111052,3.4694801527148478,-5.15981463216863,3.739492614481674,2.498889856708137,53.58516909175939,-20.729250469268937,45.079814581827435,0.29230900000000004,2.255301531946447,2.8846101785506906
5985,ARG_42_A_HA,56.129,-14.515,39.013,7741,LEU_48_C_CD1,56.177,-15.979,47.576,3,-3.5919581625122596,4.481780709767078,-5.778803812071485,-4.9940547823914505,3.5629347510364493,2.7453041279212855,56.161540951491006,-15.50749902047578,44.818170158698166,0.09682700000000001,8.687379869673022,3.349426838769247
5908,ARG_42_A_O,56.619,-15.385,38.759,7984,LEU_48_C_HD12,56.823,-16.194,47.525,3,-4.498268693516389,4.927301844229375,-5.982833565143041,-5.257577347195688,4.19262175170858,2.7591655500537424,56.758613151546484,-15.93866195882894,44.758259247335594,0.270965,8.805614856442448,3.658438095379677
7103,ASN_45_A_HB2,55.167,-14.644,39.077,7737,LEU_48_C_CD1,55.735,-15.835,48.422,3,-3.647491883253496,3.511200484697272,-5.811530445935543,-4.811038697448954,3.050832405426572,3.542845537675774,55.51987755154107,-15.383924584305314,44.88270549146362,0.026966000000000045,9.4376972827062,2.221324224547433
6816,TYR_44_A_HD2,57.026,-16.201,48.132,7967,LEU_48_C_HD12,56.757,-16.393,48.486,3,-5.275538737621921,4.332849219834104,3.383441647335275,-5.444140051293535,4.016047531232991,3.70863587718521,59.82477599166876,-14.20336063048182,44.44885241245087,-0.2808869999999999,0.4842943319924387,3.1161699638682996
6977,ASN_45_A_CB,54.787,-15.517,38.62,7740,LEU_48_C_CD1,55.617,-15.769,47.999,3,-4.492557293732487,3.113644044080353,-6.30467477423709,-4.739347795942069,2.9810270648003043,3.110183280180188,55.34281082926275,-15.685752203583391,44.90066237066912,0.360068,9.419025692713662,3.18030519562329
6609,TYR_44_A_CE2,55.045,-15.025,48.902,7706,LEU_48_C_CD1,55.041,-15.763,47.93,3,-3.9478360537632167,2.3797630067818734,3.951681761776084,-4.690367836231019,2.416923891070318,2.9838441613987836,55.02866799653066,-18.038254640090287,44.93332315695425,-0.407365,1.2204277938493542,3.253318025770895
6614,TYR_44_A_CE2,54.928,-15.394,48.675,8019,LEU_48_C_HD13,54.613,-15.73,47.617,3,-4.308564357373459,2.258377858562582,3.713942962321177,-4.627387521529798,2.026074986145955,2.6295665675834807,53.84913841761176,-16.544785687880797,45.05139506613725,-0.7497229999999999,1.1538999090042423,3.422408341102225
6476,TYR_44_A_CG,55.295,-16.801,46.474,7930,LEU_48_C_HD11,55.791,-16.911,49.728,3,-5.754981413619456,2.7356453382391552,1.5601480667371423,-5.878816851418036,2.894315248737729,4.847414506173964,55.05959667770825,-16.748793618040136,44.9296403009327,-0.327676,3.2934225359039537,2.7462291099589993
6473,TYR_44_A_CG,54.881,-16.892,45.557,7929,LEU_48_C_HD11,55.316,-16.863,49.751,3,-5.8210256402219365,2.4096201365924546,0.6062551335293849,-5.794925223468206,2.42440919483782,4.822746809318804,54.818454878756306,-16.896169674749583,44.95397876207802,-0.014538000000000051,4.2165983920691295,2.9580565136409835
6969,ASN_45_A_CB,53.423,-15.72,38.644,8010,LEU_48_C_HD13,54.477,-15.697,48.016,3,-4.591810979488716,1.7426220280886602,-6.417494708335068,-4.581356969298919,1.8537922419988389,3.0129538969652185,54.140255318986995,-15.704348318466128,45.021719971106414,0.418591,9.43110963778918,3.268919327126714
7123,ASN_45_A_HB3,53.166,-15.512,38.888,8012,LEU_48_C_HD13,54.019,-15.568,48.121,3,-4.3632580927079,1.4790516863486292,-6.200369737640305,-4.417395127619008,1.3987035378057857,3.071612108571263,53.736419083420465,-15.549448380623149,45.06230175524166,0.518631,9.272488015629897,2.8634645308929225
6493,TYR_44_A_CD1,53.907,-16.201,45.609,8017,LEU_48_C_HD13,53.956,-16.256,47.013,3,-5.058101087565569,1.4905248364980634,0.5607473726694211,-5.1065898471386335,1.3947087335721067,1.9625712255893015,53.88739937670944,-16.17899930038815,45.047382140817476,-0.719882,1.405931008264627,2.695981928749014
6409,TYR_44_A_O,53.943,-17.262,44.02,7878,LEU_48_C_HG,54.253,-17.347,46.397,3,-6.130140452220415,1.60450999639669,-1.0171236562658696,-6.22128313493031,1.6681560118405292,1.3789348146622808,54.07459459056117,-17.29808238773452,45.029033360528736,-0.1433250000000001,2.398635862318409,2.169395850967314
6558,TYR_44_A_CE1,53.496,-16.124,45.395,7066,ASN_45_C_OD1,54.016,-16.092,49.662,3,-4.9518222671862775,1.1099888072574253,0.306693947601878,-4.928625797468014,1.2020415324768734,4.604332976135131,53.45889105443847,-16.12628362741917,45.090492556324854,0.024701999999999974,4.298687357787253,2.8208276764386477
7128,ASN_45_A_HB3,53.071,-17.554,39.115,7914,LEU_48_C_HD11,54.266,-17.749,49.646,3,-6.390578092599361,1.2072532193353327,-5.984923198170986,-6.599844064313535,1.3259935415124762,4.612723686348794,53.74586521298057,-17.664124448980093,45.06228498568904,-0.08880300000000002,10.60037787062329,2.4362822780582984
7127,ASN_45_A_HB3,52.84,-17.43,39.396,7917,LEU_48_C_HD11,53.828,-17.517,49.48,3,-6.247481486695928,0.9594104762055116,-5.7284171825362655,-6.3366293635593,0.9256312845461063,4.403792873629247,53.39858259402172,-17.479186928825797,45.09716080780867,0.04880899999999999,10.132658535646009,2.5798817751965775
7825,LEU_48_A_HB2,53.168,-17.66,43.57,7847,LEU_48_C_HB2,53.661,-17.602,46.743,3,-6.471699153172992,0.8503991299680539,-1.5426552489773258,-6.4283719280336316,1.0269261738599418,1.6637918431070782,53.40518745886165,-17.6320955930751,45.09656350297771,-0.41948499999999994,3.211594930871578,2.580398203151177
7816,LEU_48_A_HB2,52.704,-16.524,43.362,7055,ASN_45_C_OD1,53.399,-16.593,49.69,3,-5.305425846667659,0.497000142712538,-1.7955815827978459,-5.381395256800108,0.5491194962540278,4.570176991143716,52.900037783329225,-16.54346274395643,45.14693106893141,0.797754,6.36642521357158,2.838395352308036
6950,ASN_45_A_O,52.255,-17.922,40.643,7843,LEU_48_C_HB2,52.794,-17.838,46.786,3,-6.6849650451432066,0.21714180840162678,-4.5464935974915495,-6.597920853212849,0.1445783763530413,1.6196384037699008,52.65242257359178,-17.860064014505177,45.17243760588922,0.508116,6.167173258471015,2.525578265235659
7113,ASN_45_A_HB3,52.009,-17.389,40.616,7162,ASN_45_C_HB3,52.897,-17.304,49.646,3,-6.13511918256411,0.01620616531251179,-4.597761469897333,-6.052758518458817,0.0015549347293626337,4.47580844841214,52.45896756756458,-17.345928780131768,45.19168371070735,-0.9436979999999999,9.0739555321811,2.0943016989853662
7849,LEU_48_A_HB3,52.082,-19.525,40.161,6992,ASN_45_C_O,52.857,-19.271,50.379,4,-8.27373648855485,-0.027917366714497627,-5.044101175097723,-8.005824410767445,-0.2605383803879574,5.20025217602079,52.463593476593026,-19.399935815413386,45.19212534687425,-0.9482970000000001,10.250495841665412,4.077463539705006
7835,LEU_48_A_HB3,51.613,-19.015,40.497,6999,ASN_45_C_O,52.59,-19.047,50.602,4,-7.727387538558083,-0.48809956482335654,-4.7565387133939625,-7.7607129118328615,-0.5307183877775319,5.395488229804429,52.07075472710889,-19.029992990038366,45.23150513555307,-0.5082869999999999,10.152171097848969,3.9711775954317967
7793,LEU_48_A_HA,51.607,-20.155,44.829,7672,LEU_48_C_N,51.816,-20.323,46.075,4,-8.832633922116795,-1.0132745150574531,-0.4474225971495859,-9.007009390422894,-0.9431404424664297,0.8131706790163757,51.681180407409975,-20.214628270071174,45.27124300302788,-0.7258629999999999,1.2745277556805135,1.6920003459659938
7869,LEU_48_A_HG,51.41,-18.542,44.509,6462,TYR_44_C_O,51.535,-18.59,46.196,4,-7.211696472949549,-1.0544162090681088,-0.7848350256419534,-7.256917555490859,-1.1025729244021811,0.9061806408916294,51.468015061685584,-18.564277783687267,45.29197127250872,0.03287000000000001,1.6923055279706414,1.79776719766778
7838,LEU_48_A_HB3,50.436,-19.859,40.825,6444,TYR_44_C_O,50.921,-19.964,45.904,4,-8.47773786238577,-1.7525830040520791,-4.548440122701978,-8.582690189953995,-1.7867621304332686,0.5535504492471557,50.86837897608809,-19.95260781956546,45.352943957837965,0.47086399999999995,5.103184398000919,2.8563355508878208
7917,LEU_48_A_HD11,50.058,-19.584,40.825,6465,TYR_44_C_O,50.39,-19.441,45.363,4,-8.174988802326787,-2.106741018516792,-4.5861774705660805,-8.024976626909899,-2.219857587655161,-0.03768123675286164,50.39275039704528,-19.4398153410317,45.400594282504464,0.748231,4.5523748747219805,2.292184741424596
8070,LEU_48_A_HD23,49.476,-20.082,41.001,7580,ALA_47_C_HB1,49.763,-20.112,45.02,4,-8.6263499260735,-2.7394969325966945,-4.469570913430502,-8.64915772192165,-2.858531569782497,-0.4420480321052284,49.794500202221684,-20.115292704064984,45.46111258790573,0.7828829999999999,4.0293461007960145,2.3168217136203575
8080,LEU_48_A_HD23,49.18,-19.888,40.906,7575,ALA_47_C_HB1,49.525,-19.728,45.179,4,-8.411239223100145,-3.0089554313856164,-4.593653558859783,-8.247154980047652,-3.081412175483193,-0.30751539246608867,49.54975254093128,-19.71652056072752,45.48557277507067,0.8997739999999999,4.289889742172871,2.188339114653892
7732,LEU_48_A_CD2,49.178,-19.849,44.924,7574,ALA_47_C_HB1,49.084,-19.585,45.179,4,-8.3434317764853,-3.4093747173796687,-0.5960398274460539,-8.071268856948755,-3.5080839640969907,-0.3516204545603467,48.948772082759056,-19.205210955833937,45.54584169038768,-0.960177,0.37888916585196764,1.9991799010875382
7762,LEU_48_A_CD2,48.765,-19.675,44.788,7576,ALA_47_C_HB1,48.67,-19.774,45.118,4,-8.13972285944769,-3.792330266070544,-0.7726431253944019,-8.22890187444645,-3.9270550777181317,-0.4538605530815856,48.5347455780599,-19.91494934496917,45.58783114989723,-0.901,0.35738774461361067,2.241519236377977
8067,LEU_48_A_HD23,48.01,-19.624,41.731,6730,TYR_44_C_HA,48.277,-19.575,45.054,4,-8.053750992544645,-4.232109603667185,-3.88986592338691,-8.001259561684533,-4.295465197023852,-0.5568118106433605,48.32160436236944,-19.566814180688752,45.609132195332066,0.419863,3.3340694353897313,2.330551174935691
7713,LEU_48_A_CD1,48.252,-18.13,41.212,6513,TYR_44_C_CB,48.641,-18.258,44.301,4,-6.586042617613357,-3.8268636387923336,-4.381362448409427,-6.720928495513543,-3.759230625025053,-1.268990752195776,48.799604900309525,-18.310188758970742,45.560461534848656,-0.210548,3.1160272784428553,2.327640281363136
7688,LEU_48_A_CD1,47.905,-18.296,41.832,6499,TYR_44_C_CB,48.174,-18.446,44.056,4,-6.720924823265869,-4.245650481475294,-3.7993062904710806,-6.874880026444773,-4.212325986485286,-1.559613393342595,48.361318539674365,-18.550452717290543,45.60468562169438,-0.13068500000000005,2.2452253784419915,3.0968163194074187
8054,LEU_48_A_HD22,47.389,-19.277,43.84,6742,TYR_44_C_HA,47.681,-19.296,44.719,4,-7.645761051606866,-5.032574256065604,-1.853513412559212,-7.680460372340925,-4.832132197273692,-0.9496965405061133,47.98782254160385,-19.315964480446826,45.64261991119793,-0.6808620000000001,0.9264264676702587,2.6569809390392023
7960,LEU_48_A_HD12,47.532,-17.92,42.887,6784,TYR_44_C_HB2,47.498,-17.96,43.104,4,-6.3102904349061,-4.69258094940036,-2.786803176433064,-6.346054313910367,-4.751024189115298,-2.5743170999711236,47.086082274112236,-18.444609089279727,45.73300430934253,-0.331995,0.22325993818864887,3.48804021126744
1194,PHE_28_A_CB,44.611,-6.851,48.793,5048,PHE_38_C_CE2,44.919,-6.798,52.141,4,4.989666057684675,-7.341007364154752,2.801815507212012,5.043229233048641,-7.365880835441582,6.163851987780161,44.354322482903136,-6.895168533786148,46.00288205441465,0.049960000000000004,3.3625551296595857,2.3063095093540604
1536,PHE_28_A_HB2,45.29,-6.922,47.496,5319,PHE_38_C_HE2,45.971,-6.853,52.995,4,4.858315711268483,-6.543185781300983,1.5793103708510023,4.915070277570743,-6.41167349491523,7.118895773905402,45.09585002589607,-6.941671583279254,45.928260341266494,-0.132862,5.541436907517755,2.2495885553974575
1600,PHE_28_A_HB3,45.755,-6.654,48.999,4917,PHE_38_C_CD1,45.605,-6.742,47.86,4,5.101195071766303,-6.211679734604999,3.121442452499061,5.016619187082292,-6.253384743323456,1.9731077399793533,45.3472649008428,-6.893204591505548,45.90293148039978,-0.891054,1.1522000694323917,1.810789725275799
1532,PHE_28_A_HB2,45.488,-6.25,46.226,3396,ILE_32_C_CG1,45.576,-6.358,46.626,4,5.504336833551509,-6.168911481911648,0.3358219477521742,5.392867397606168,-6.129756968700385,0.742576774331055,45.41534608301824,-6.160833829158752,45.89575492281019,-0.968708,0.423565815428959,1.9075079822400032
1121,PHE_28_A_C,46.133,-6.193,46.783,5070,PHE_38_C_CZ,46.429,-6.229,49.288,4,5.516459586234343,-5.5803256575031845,0.9546456433010813,5.476149323235411,-5.539639801281012,3.476679890451664,46.020957464996215,-6.179373205202242,45.83480219532268,-0.650667,2.5226844828475827,2.3980460512586594
1574,PHE_28_A_HB3,46.38,-5.74,49.357,5331,PHE_38_C_HE2,46.612,-5.84,52.467,4,5.967934656176835,-5.558058555598207,3.5406403140985994,5.872972882268904,-5.64615995426866,6.65819454859855,46.116515072045694,-5.626428910364522,45.82493911233661,0.17334899999999998,3.120244221210897,3.1212736581200202
1183,PHE_28_A_CB,46.802,-6.043,47.588,2828,GLN_31_C_C,46.127,-6.085,40.675,4,5.621278004146197,-4.985650829372652,1.822666926481611,5.580868433918213,-4.967905976939628,-5.123195884346585,46.62487295201726,-6.054021238541148,45.773956618215294,-0.204704,6.946003023322121,3.3352985644100435
1162,PHE_28_A_O,46.064,-5.334,44.896,3478,ILE_32_C_HG12,46.15,-5.345,45.644,4,6.364684403220507,-5.395122656580151,-0.9293993424404735,6.352578256428757,-5.385360310888592,-0.17655198884450618,46.17016806058772,-5.347579635656568,45.81941522464667,-0.8979429999999999,0.7530079680853292,2.779655682626127
1561,PHE_28_A_HB3,47.316,-5.908,48.177,5132,PHE_38_C_CZ,47.352,-5.903,49.368,4,5.721296455684211,-4.524311471915074,2.4602438289902957,5.732091375913613,-4.607195901145633,3.648863045177032,47.24148599531499,-5.918349167317367,45.71182834500371,-0.9430400000000001,1.1915544469305654,2.762785902690623
1979,THR_29_A_H,46.918,-5.051,49.31,4089,ARG_33_C_HH21,46.06,-5.078,40.248,4,6.613991522762127,-4.967356059103671,3.548062293154998,6.586969509253004,-4.915346082554324,-5.554316614203526,46.58355584221329,-5.061524466503777,45.777677205287745,-0.5406920000000001,9.102567604802509,2.1075680662891996
1976,THR_29_A_H,47.354,-5.117,49.279,3456,ILE_32_C_HG12,46.908,-5.192,44.987,4,6.515039183147355,-4.536708003372075,3.5608562987575674,6.443200147194481,-4.55610890516705,-0.7542645289740172,46.98595887840741,-5.178890323137767,45.73722310790271,-0.06142900000000007,4.315762389196145,2.3463051578301206
1960,THR_29_A_H,48.284,-5.708,48.884,5121,PHE_38_C_CZ,48.143,-5.834,50.192,4,5.852692976996673,-3.619415661834009,3.260725888180075,5.747067445806783,-3.8995258946747122,4.547971981442268,48.64116740772406,-5.388829125012537,45.570702345368225,-0.67931,1.3215978964874298,2.6951038768993194
1967,THR_29_A_H,48.131,-4.85,49.445,3198,GLN_31_C_HB3,47.141,-4.875,39.501,4,6.723790764580879,-3.7621771527647505,3.8039586202324935,6.702414646538337,-3.752862416011663,-6.1892049077628695,47.75415046446702,-4.8595164024124475,45.65975577642429,-0.20172899999999994,9.993190731693259,2.2508523897329162
1803,THR_29_A_O,48.822,-5.241,49.587,3214,GLN_31_C_HB3,47.869,-5.147,39.552,4,6.282759257258527,-3.1204743648450166,4.014279188710757,6.3765951111162575,-3.056335707523676,-6.065668780657335,48.44247343116582,-5.203565060366826,45.59062107213955,-0.4522520000000001,10.080588772487452,2.203302064050365
1964,THR_29_A_H,48.739,-4.287,49.399,3209,GLN_31_C_HB3,47.61,-4.265,39.029,4,7.2389323148475375,-3.1116835909871776,3.819330974469475,7.271865964349669,-3.1941496783192203,-6.611591310696424,48.32561137028043,-4.2789445971179525,45.60197600514445,-0.8286650000000001,10.43130025452244,2.6447123883493835
1957,THR_29_A_H,48.767,-3.522,48.705,3192,GLN_31_C_HB3,47.914,-3.717,39.363,4,7.99464567790005,-2.9565550135930763,3.1319610323134714,7.797725240098869,-2.8843545352776143,-6.248583058095528,48.48220172659336,-3.58710628759003,45.585908006840704,-0.47084999999999994,9.382888574420992,2.8255588451842515
1856,THR_29_A_OG1,48.832,-4.106,43.91,3147,GLN_31_C_HA,49.019,-4.112,44.004,4,7.373087857103916,-2.45734647203942,-1.6326756492654142,7.353658611706741,-2.281668775070547,-1.5204221361310424,51.55182887561978,-4.193267236650906,45.27718670753083,-0.728724,0.20938242524146894,2.950590153744909
1794,THR_29_A_O,49.704,-3.824,49.142,3202,GLN_31_C_HB3,48.578,-3.783,39.583,4,7.625895611750698,-2.093515000151551,3.6604752931557853,7.683354755250418,-2.252581602172281,-5.963216008156303,49.27571369581114,-3.8084052056201196,45.50613074445711,-0.3909599999999999,9.625177297068355,2.1965495703743034
1829,THR_29_A_CB,49.33,-2.777,44.065,3269,GLN_31_C_HE21,48.746,-2.663,39.452,4,8.661767850997778,-1.8779680166905197,-1.4279942411814448,8.786505866309078,-1.98787727697033,-6.0762392198847985,49.509411507067895,-2.8120221092564055,45.48216657894558,0.40560699999999994,4.651217152531151,3.107881616482904
1887,THR_29_A_OG1,49.926,-3.643,43.289,3187,GLN_31_C_HB2,49.716,-3.744,40.286,4,7.747704689584384,-1.274833487777063,-2.1407812198639204,7.641350402721359,-1.1908394580477972,-5.149758416293913,50.075407598271205,-3.5711420598790866,45.42552865527821,0.695054,3.012027556314849,2.7498317417429536
1886,THR_29_A_OG1,50.367,-3.786,43.289,3182,GLN_31_C_HB2,50.139,-3.866,40.643,4,7.571818566485487,-0.8481616991632652,-2.096676157769662,7.490319005144044,-0.8160966494949052,-4.75224194571221,50.54701518401163,-3.7228367775397757,45.37812358287188,0.861475,2.6570095972728445,2.639574292302774
1850,THR_29_A_OG1,50.683,-2.783,44.313,3171,GLN_31_C_HB2,50.422,-2.746,41.685,4,8.555401601987967,-0.560882793800874,-1.0457355111080546,8.593185608776183,-0.554481667394175,-3.686645466864168,50.786349592743335,-2.7976510916915824,45.35362348555354,0.925338,2.641187990280132,2.509605903932918
3065,GLN_31_A_H,51.682,-4.364,49.297,2137,THR_29_C_HG1,51.222,-4.286,46.547,4,6.939210525765257,-0.18757515289706095,4.012563196004927,7.032028555309109,-0.3633052842756102,1.230354049603946,51.01857788719804,-4.251506685220536,45.33088954303178,0.751587,2.789298119599266,2.2810917503402526
2085,THR_29_A_HG1,51.55,-3.107,45.25,2148,THR_29_C_HG21,51.243,-3.002,41.978,4,8.173580287913826,0.18109212265736194,-0.026755772612003695,8.278030671704393,0.21134861198529592,-3.3130047988088225,51.552499513009025,-3.1078548822995025,45.2766397607998,0.600675,3.2880477490450146,2.0815467541237354
2083,THR_29_A_HG1,51.74,-3.522,45.118,2151,THR_29_C_HG21,51.329,-3.49,41.813,4,7.744484429012995,0.35130338932363053,-0.13924518799862837,7.7837613904135585,0.27614128982800085,-3.4687763830923983,51.7571885376391,-3.5233382803027995,45.256219262523686,0.428487,3.330611055046806,1.923142000782535
1903,THR_29_A_CG2,52.004,-2.333,46.522,1899,THR_29_C_OG1,51.866,-2.431,45.941,4,8.920178807608762,0.5631382657511318,1.2846585002005584,8.828720922442551,0.47683658717682653,0.6927155337619189,51.70450683413931,-2.545683552567736,45.26109036691985,-0.796335,0.6051520470096707,1.7656082849457462
2061,THR_29_A_HG1,52.131,-3.945,46.003,1905,THR_29_C_OG1,52.419,-4.011,47.226,4,7.299516660013772,0.6187236096848148,0.7802792055298009,7.220717768271968,0.7772674778729326,2.0259451224273484,51.9505981698269,-3.9036579139186607,45.236918617007944,-0.6529590000000001,1.258184803596036,2.9339072074334713
3257,GLN_31_A_HE21,52.747,-2.625,49.999,1890,THR_29_C_OG1,52.362,-2.492,46.34,4,8.597814358262143,0.9307767198225056,4.818461710466447,8.733302627550762,0.9244335901981673,1.1393588723289014,52.242771703008806,-2.4508120428575855,45.206866652751174,0.32222799999999996,3.681602232724224,1.9683219656911106
2880,GLN_31_A_CB,52.862,-4.265,49.936,1843,THR_29_C_O,52.105,-4.023,41.115,4,6.95340387572112,0.926779415984939,4.766575426428842,7.188706530107798,1.0753179993684654,-4.085781488544989,52.45439131087189,-4.134694448125491,45.186308788904824,-0.11305200000000004,8.856729306013591,2.1882810920535816
2878,GLN_31_A_CB,53.237,-4.111,50.191,1906,THR_29_C_OG1,52.86,-4.154,47.226,4,7.080471461645944,1.2850236613531434,5.057918676338299,7.044831645173072,1.2039392664867377,2.070050184521607,52.59880747372179,-4.1837911899999,45.171793526751,0.731636,2.9891809915092167,2.8468490739067542
3249,GLN_31_A_HE21,53.972,-2.223,50.934,1867,THR_29_C_CB,53.534,-2.629,46.533,4,8.912856562041782,2.0831863742894576,5.871625704405198,8.509586434678889,2.057507173877702,1.4487087050660847,53.39053485857551,-2.761983669904887,45.09147012007042,0.652604,4.441337748922048,2.2500996884197906
3184,GLN_31_A_HB3,53.95,-3.999,50.699,1854,THR_29_C_O,52.826,-4.099,40.64,4,7.141950570028358,1.9501388885171873,5.634823394491152,7.055084843369704,1.8323119577302425,-4.486215492891574,53.324220219299455,-4.054674357713571,45.098716357591826,-0.680524,10.122097460506886,1.6184764825308833
3186,GLN_31_A_HB3,54.361,-3.282,50.881,1821,THR_29_C_O,53.455,-3.378,41.566,4,7.827155644001185,2.3940911292446154,5.857386676626784,7.733145174004114,2.4185213624727555,-3.5015578255719184,53.79397106551095,-3.342082536104799,45.05111641858114,-0.44859400000000005,9.359448541447298,2.0039331606146997
3199,GLN_31_A_HG3,54.491,-2.486,46.767,2094,THR_29_C_HB,54.471,-2.538,46.275,4,8.581591030908024,2.994418877076237,1.777442333603693,8.527728215921353,3.0197831354623177,1.2858902493254956,54.41868040700248,-2.674030941793507,44.987938012261395,-0.9755619999999999,0.4951444233756495,1.8050782056006855
3135,GLN_31_A_HA,54.494,-3.509,46.265,1990,THR_29_C_H,53.892,-3.332,41.566,4,7.557716791189125,2.9699567990337434,1.2778173262452834,7.746016690236371,2.855559093148218,-3.457770315527056,54.33156059678546,-3.461239577460175,44.99705522308117,0.9917940000000001,4.740710284335036,2.6584554184456417
3136,GLN_31_A_HA,54.872,-3.696,46.096,1191,PHE_28_C_O,54.708,-3.786,46.116,4,7.341504226286889,3.347671889540121,1.1474431064694537,7.264289589777049,3.1761431653108803,1.1508777349709018,109.66123539522127,26.371263326645497,39.41438592741105,-0.9412820000000001,0.1881382470419042,1.721961065915408
3125,GLN_31_A_HA,55.21,-4.049,46.001,1154,PHE_28_C_O,55.289,-3.938,46.009,4,6.963319862816626,3.6657204011820843,1.0866176885183596,7.068092475498064,3.751715925446444,1.102538412069864,49.81810954255656,-11.6249473515977,45.45498577646124,-0.999366,0.13647710430691365,1.5990662923186894
3209,GLN_31_A_HG3,55.964,-3.754,46.052,2022,THR_29_C_H,55.468,-3.772,41.083,4,7.200904029011838,4.431044844223147,1.2130070110784985,7.18482879744758,4.433993276387987,-3.7806924085580036,55.843517883048975,-3.7583723348893496,44.84499266304502,0.6984379999999999,4.9937261638980575,2.003222718125561
3479,ILE_32_A_HG12,56.239,-3.98,45.846,2003,THR_29_C_H,55.716,-4.154,41.242,4,6.953315964723231,4.70731171030556,1.0354858317031237,6.786342109122197,4.63517881138266,-3.5978215805498874,56.122116089265184,-4.018886807777928,44.817064005691996,0.499639,4.636876211416474,1.9782876387898065
5147,PHE_38_A_CZ,55.174,-5.203,41.025,2042,THR_29_C_HA,55.561,-5.267,45.315,4,5.7797339534994645,4.039577628954285,-3.868474961322645,5.717413872121232,3.990102063420123,0.43868574799295734,55.521583921536504,-5.260481578755389,44.87806207594728,-0.3805589999999999,4.307895657975015,2.496742473444886
3477,ILE_32_A_HG12,56.423,-4.356,45.247,1207,PHE_28_C_O,56.667,-4.33,46.004,4,6.560217099875579,4.9211809336134165,0.45776077791267306,6.5731389207438,5.089602637800933,1.2354034697088598,56.27936895840595,-4.371304947055102,44.801390579972534,-0.9214790000000002,0.7957769788075028,2.759525466069692
2797,GLN_31_A_C,56.423,-5.361,50.006,1149,PHE_28_C_C,55.956,-5.289,44.566,4,5.592186144965557,4.369540680967999,5.192390130037008,5.660289671151657,4.455138264515757,-0.26699701170443324,55.978839121174,-5.292521234956161,44.83204886335444,0.41410300000000005,5.460482854107315,1.6752943140995022
3471,ILE_32_A_HG12,56.768,-4.345,45.236,1599,PHE_28_C_HB3,56.463,-4.51,41.324,4,6.545057192020823,5.265389577684421,0.4813740483476445,6.3755518728482805,5.341087790697619,-3.4415753175400696,56.73057431053719,-4.365246684463485,44.755969517447525,-0.24738399999999994,3.9273393028868786,2.5441179224665333
5094,PHE_38_A_CE2,56.244,-4.561,39.889,1210,PHE_28_C_O,56.689,-4.549,45.669,4,6.330959956864755,5.2633038955670735,-4.891316062186237,6.350709998300769,5.128285316215589,0.9041950385790022,56.61957268199961,-4.550872197339336,44.767224948219564,-0.7935290000000002,5.797117300866002,3.0548086141841844
3487,ILE_32_A_HG12,56.947,-4.532,44.705,1157,PHE_28_C_O,57.016,-4.653,45.022,4,6.3412783503083565,5.4818395288364945,-0.029110625581543814,6.217686689222075,5.509449718857036,0.29315289813307505,56.9532328902197,-4.542930140820051,44.73363516231369,-0.8979429999999999,0.3462527978226304,2.9274961197556197
2793,GLN_31_A_C,57.082,-5.209,49.671,1153,PHE_28_C_C,56.462,-5.197,43.866,4,5.691591490833767,5.068330680931784,4.925142841625254,5.708806818505327,5.0340489639945485,-0.9127589557996558,56.558937319645466,-5.198876206186685,44.773614742809514,0.03412199999999999,5.8380278348086,2.169274926125212
3383,ILE_32_A_CG1,57.063,-4.782,44.405,1597,PHE_28_C_HB3,56.812,-4.66,41.174,4,6.081091782052529,5.607932283598821,-0.31609419113138804,6.1985584401266145,5.69094001944922,-3.555933276646271,57.08748876005253,-4.793902903292462,44.72023180768813,0.19844099999999998,3.2430303729690864,2.2920417570041045
5089,PHE_38_A_CE2,56.816,-4.838,40.651,1598,PHE_28_C_HB3,56.755,-4.976,41.429,4,6.017024451639816,5.733655370225606,-4.0759811685102045,5.8895982436809104,5.584949557021137,-3.3080631112642442,56.492222158167735,-5.570481019227089,44.78049444172954,-0.750971,0.792495425854306,2.8552114996905953
3340,ILE_32_A_C,57.796,-4.977,49.671,1566,PHE_28_C_HB2,57.395,-4.915,44.588,4,5.869012187359361,5.79428772560244,4.996754752208748,5.924717251168181,5.908941831298407,-0.10082167016228893,57.40293111988625,-4.916226257937522,44.68853337252304,0.8154579999999999,5.099169932449788,2.5702897649059167
3472,ILE_32_A_HG12,57.808,-4.635,45.143,1561,PHE_28_C_HB2,57.801,-4.594,44.865,4,6.1767006900813834,6.2844726117145315,0.49287436273125335,6.216120663903981,6.308409298135795,0.21558912924956392,57.795557503528784,-4.562122520668537,44.64885514014277,-0.777222,0.28109429023016314,2.221440799813329
5356,PHE_38_A_HE2,56.222,-5.831,37.394,1222,PHE_28_C_CB,56.998,-5.382,43.001,4,5.048414977809892,5.394404092869521,-7.376532373690821,5.47767525260787,5.6381974841655165,-1.7198083748695274,57.233926536132365,-5.245490960407944,44.70569083517293,0.07451600000000004,5.67822384201257,3.6832597877020836
4928,PHE_38_A_CD1,56.888,-5.812,42.925,1227,PHE_28_C_CB,57.193,-5.535,42.694,4,5.056675265418819,5.504045921186339,-1.806632155811513,5.30819422215006,5.850722439679853,-2.0058019475221056,54.121401698169244,-8.324615506908591,45.02035805810784,-0.652056,0.4723505054511929,2.2738365207205313
3347,ILE_32_A_O,58.598,-4.985,50.153,1559,PHE_28_C_HB2,57.938,-4.96,44.653,4,5.803930769971393,6.541196295880802,5.556651168303284,5.839312672565822,6.4377473232436335,0.018215339386501994,57.935829328646854,-4.959917777600259,44.63491107205708,0.75037,5.539514870455715,3.013157374008138
4918,PHE_38_A_CG,57.607,-5.335,41.561,1614,PHE_28_C_HB3,57.701,-5.295,40.965,4,5.468246549142756,6.389806871526483,-3.0915534052530296,5.4967664570348465,6.545637888342777,-3.6751245740506517,57.10902128612257,-5.54690583569252,44.71839695181854,-0.790778,0.6046916569624523,2.5500343227173454
4926,PHE_38_A_CG,57.794,-5.437,42.006,1568,PHE_28_C_HB2,58.04,-5.35,44.46,4,5.355606966215609,6.523139184560566,-2.6301069634431715,5.441352548049946,6.528643437943093,-0.16376992273065016,58.05633491300122,-5.344223018572736,44.62295071750003,-0.08358699999999997,2.4678332601697393,2.44462881980946
3365,ILE_32_A_O,58.5,-5.805,50.049,1575,PHE_28_C_HB2,57.908,-5.74,43.749,4,4.992947566150132,6.392168306008423,5.442998621678049,5.0573518903537495,6.439135010137874,-0.8845866374652107,57.990760684831976,-5.749086899517023,44.62973026088081,0.509634,6.328087309764299,1.9808074005850393
5177,PHE_38_A_HB2,58.281,-5.566,42.409,1610,PHE_28_C_HB3,58.042,-5.545,41.284,4,5.193092725286502,6.956250333606385,-2.180415008803724,5.224023130399002,6.833116491591746,-3.3236859158901804,58.736814264033114,-5.606050625710021,44.55456923446552,-0.988376,1.1502986568713356,2.208341190524753
5074,PHE_38_A_CE2,57.037,-6.483,37.562,1226,PHE_28_C_CB,57.7,-5.733,43.117,4,4.337958691310151,6.136735208748937,-7.1280381496730065,5.075511809945413,6.296444495167231,-1.5342378009813262,57.881844112882675,-5.527293989951727,44.64059584775753,-0.0007710000000000217,5.64447464340128,3.1347115779744437
5062,PHE_38_A_CE2,56.833,-7.158,37.73,1228,PHE_28_C_CB,57.598,-5.748,42.694,4,3.681508954829266,5.866369126430752,-6.981610949310182,5.065227927537373,6.236369505825858,-1.965333193462211,57.89772022407368,-5.195574488962228,44.63885123176703,0.270845,5.2167634602308794,2.818107925605537
5059,PHE_38_A_CE2,57.579,-7.325,37.752,1229,PHE_28_C_CB,58.043,-5.857,42.694,4,3.4588202424718926,6.59161427815596,-6.885080087469534,4.922941850248599,6.669588372608419,-1.9208125726960126,58.22253444915661,-5.28899014792691,44.606196654594825,-0.28415799999999997,5.176261585352889,2.1661260785078142
4949,PHE_38_A_CD2,59.273,-7.311,38.679,1231,PHE_28_C_CB,58.946,-5.748,42.694,4,3.3515105661838085,8.180692221347893,-5.79307416997831,4.963446251877208,7.573724150042108,-1.8303256155525442,58.79496430644905,-5.026077097797797,44.54845966240681,0.50471,4.320893773283487,2.1021420754875892
6113,ARG_42_A_HH11,58.596,-8.115,37.659,1230,PHE_28_C_CB,58.501,-5.857,42.694,4,2.593640539341649,7.549957376571494,-6.876103060635974,4.888360242346259,7.123971478729369,-1.8749420454833814,58.465384371192755,-5.010472738455252,44.58162832678379,-0.739438,5.5189504436985155,1.9526757016105671
4942,PHE_38_A_CD2,59.222,-8.385,39.328,1556,PHE_28_C_HB2,58.571,-5.807,43.187,4,2.2891016590746167,7.983805189433052,-5.15291730579671,4.936460693271017,7.147960777956262,-1.37738816885952,58.33350224394905,-4.866494293242183,44.59484000092258,0.148395,4.6863382293641545,2.1952024025950423
6121,ARG_42_A_HH11,59.451,-8.728,37.185,1577,PHE_28_C_HB2,58.812,-5.74,43.749,4,1.9144549898302052,8.399065452171834,-7.262357465510701,4.989094742878387,7.335995988158263,-0.7940474309145146,58.73355658809789,-5.373194186598588,44.55479429690993,-0.40124399999999993,7.240342602391133,2.069700417287353
6096,ARG_42_A_HH11,59.555,-9.243,39.328,1233,PHE_28_C_CB,58.619,-5.791,42.271,4,1.4084295909574667,8.24910202491988,-5.119943111053904,4.942231800043201,7.2883024111261285,-2.2839679614458275,57.86518732565103,-3.0109130856275006,44.64116100492417,-0.371733,4.6318083941372175,2.1134393503636226
5392,GLU_39_A_CA,60.378,-9.653,39.328,1555,PHE_28_C_HB2,59.037,-5.64,43.272,4,0.9374693423376348,9.03450698452594,-5.037696569204707,5.068402621393078,7.614455122072298,-1.2460704072612363,58.596297160435036,-4.321177855947631,44.568146159018816,-0.778841,5.784253279378418,2.46503206156488
5866,ILE_41_A_HD12,60.332,-13.139,46.797,7983,LEU_48_C_HD12,57.207,-16.45,47.525,4,-2.4815387131233315,7.978337702582018,2.3876090382818305,-5.5418341677974245,4.554173402944935,2.797512172195166,78.53454013039146,6.146955318952378,42.556536251223996,-0.76125,4.610675655476104,1.6978328014719017
5863,ILE_41_A_HD12,60.585,-13.712,45.867,7982,LEU_48_C_HD12,57.463,-16.834,47.525,4,-3.078649995533526,8.278787392633587,1.487372347090914,-5.944057576584858,4.779027967225877,2.8229828287521874,64.0617445534285,-10.23525544657151,44.02060587136949,-0.704508,4.716220096645194,1.4751028089263691
5443,LYS_40_A_C,59.876,-14.276,45.424,7978,LEU_48_C_HD12,57.463,-16.834,47.941,4,-3.5906638167674942,7.576866062299622,0.9753427650474642,-5.9410790281477,4.737470109459587,3.236891118965234,60.9166596383325,-13.172805903499983,44.338488060637005,0.14499999999999996,4.324490952701832,1.6799059643111465
6763,TYR_44_A_HB3,58.522,-14.713,46.209,7979,LEU_48_C_HD12,57.207,-16.45,47.941,4,-3.9185498220657347,6.121994871977651,1.6205951087864832,-5.538855619360267,4.512615545178645,3.2114204624082126,59.86160812430008,-12.943494819840875,44.444588386853425,0.640146,2.783202831271913,2.552541788305331
6779,TYR_44_A_HD2,58.101,-14.986,46.789,7976,LEU_48_C_HD12,57.019,-16.473,48.333,4,-4.154822809323544,5.625673150139198,2.1553939718402315,-5.544787592042503,4.285195527771581,3.5826103698446428,59.73504532122249,-12.740320339502913,44.457238469530935,0.8033190000000001,2.4012140679248044,2.7992157642206323
6793,TYR_44_A_HD2,58.012,-15.326,47.375,7986,LEU_48_C_HD12,57.019,-16.473,47.133,4,-4.482927744701429,5.453048692533395,2.7293843445965824,-5.55337955868815,4.405073963635877,2.3886441480762546,50.05790863695553,-24.513656388128872,45.43654067486734,0.45320099999999996,1.5363014027201822,2.6232876141954953
6732,TYR_44_A_HB2,58.908,-16.938,46.133,7977,LEU_48_C_HD12,57.553,-17.286,47.941,4,-6.1668304309709425,6.3437878871037245,1.5826588192721895,-6.398572628886013,4.7924782668198,3.2457063278299128,60.19750176653321,-16.60682168652874,44.41239542886198,0.946878,2.2860430879578826,2.188166165979145
6757,TYR_44_A_HB2,58.626,-17.261,46.608,7981,LEU_48_C_HD12,57.553,-17.286,47.525,4,-6.464206490007055,5.992065667800213,2.026885067889219,-6.401551177323171,4.83403612458609,2.831798037616866,61.32796624932136,-17.198046452718508,44.2988638857151,0.6813,1.4116809129544834,2.5350973365794625
6727,TYR_44_A_HB2,58.136,-17.955,46.078,8065,LEU_48_C_HD22,57.692,-18.221,46.69,4,-7.12300453219329,5.506246440402898,1.4501695245728907,-7.350331931725846,4.984440496663826,2.0145070215552727,59.27694007992255,-17.27146382599235,44.50535286280949,-0.4475999999999999,0.80152105399671,2.2261803057345384
6741,TYR_44_A_HB2,56.865,-17.261,46.805,7965,LEU_48_C_HD12,57.107,-17.165,48.711,4,-6.329830448155169,4.2252925025726205,2.0465233470368602,-6.238732431333776,4.282255418519753,3.9672191526078526,56.607146232346416,-17.363289097912165,44.77413520186886,-0.17575600000000008,1.9236985210786002,2.840615643529095
6464,TYR_44_A_CB,56.559,-17.424,46.311,7957,LEU_48_C_HD12,56.566,-17.655,46.44,4,-6.472793237309297,3.958696554193977,1.5242884944797308,-6.7027327832094254,3.935234576950331,1.6532394186914716,56.47625519203069,-14.693421337014648,44.786131395995234,-0.9262569999999999,0.26467149449836913,3.028794362280268
7544,ALA_47_A_HB1,56.769,-18.796,45.215,8100,LEU_48_C_HD23,57.173,-18.862,48.731,4,-7.864544942042966,4.172470336349056,0.4542287006205117,-7.93568467803613,4.2170304241477465,3.9929829357346414,56.717143221354625,-18.787528348043086,44.76369199574969,0.419863,3.539749708665853,2.379528435692823
7548,ALA_47_A_HB1,55.804,-19.184,45.093,8114,LEU_48_C_HD23,56.405,-19.241,49.414,4,-8.179437893588412,3.1978515870107436,0.23602301209425475,-8.250714396717644,3.358120074147336,4.5954638790097135,55.77146146246755,-19.180913982297255,44.85905820186733,0.9419139999999999,4.362968141070936,2.5112616264793814
6428,TYR_44_A_O,54.854,-19.155,44.841,7921,LEU_48_C_HD11,55.253,-19.088,49.627,4,-8.080595326914569,2.282727800400751,-0.1098434392911331,-8.00964745438389,2.2055431669436403,4.692082729627073,54.863127073331704,-19.15346738367613,44.95047913023948,0.7818519999999999,4.803070476268281,2.5128063253594806
6414,TYR_44_A_O,54.551,-19.832,44.405,7922,LEU_48_C_HD11,55.092,-19.808,49.462,4,-8.735888862218832,1.9743306621933838,-0.5742953611667361,-8.716598591349646,2.007690831902772,4.51147114787856,54.61209084831925,-19.829289869945175,44.9760469869694,0.653957,5.085912504162849,2.972228479508001
6438,TYR_44_A_O,53.641,-18.188,43.975,7892,LEU_48_C_HG,53.803,-18.269,45.827,4,-7.030992740500103,1.239159628817037,-1.0925508636293728,-7.110731087231959,1.2087246104464033,0.7663263527884404,53.7362151322017,-18.235607566100853,45.06350879529356,0.2401999999999999,1.8608355650083614,1.6345847157777758
7821,LEU_48_A_HB2,53.142,-18.202,43.759,7849,LEU_48_C_HB2,53.194,-18.097,46.455,4,-7.008821628435825,0.7646166202675181,-1.357447777213885,-6.888747074713035,0.5548426123571768,1.330250488431553,53.16826309854696,-18.148968743318655,45.12064064774205,-0.24420699999999995,2.698544978317017,2.1473597684735397
7638,LEU_48_A_CA,52.926,-19.789,44.229,7675,LEU_48_C_CA,53.227,-19.798,45.787,4,-8.571576118832892,0.38300695364605686,-0.9121417419023727,-8.592122173043839,0.5253051545446872,0.6681667981230777,53.099734848201344,-19.794194729680438,45.12826542690265,-0.547868,1.5868352151373488,1.4812132168286212
7653,LEU_48_A_CB,52.529,-19.513,44.238,7685,LEU_48_C_CB,52.757,-19.585,46.079,4,-8.266330891171672,0.00917573986835278,-0.9428268294130285,-8.342157296430237,0.0460009836385272,0.9117198153729237,52.64491216522407,-19.54960384164971,45.173939895515396,-0.798516,1.856461418936575,1.7770570697177317
7648,LEU_48_A_CA,52.637,-20.488,44.754,7683,LEU_48_C_CA,52.834,-20.514,45.569,5,-9.242982633180809,-0.009171941105237419,-0.4190332274729088,-9.277946988845704,0.10288296136549953,0.41158774063783027,52.73638293033937,-20.501116528877272,45.16515273211462,-0.838381,0.8388742456411503,1.369812316590114
7842,LEU_48_A_HB3,51.626,-20.711,39.91,7666,LEU_48_C_N,51.936,-20.722,45.883,5,-9.423686966936554,-0.5451916583922978,-5.3400305660661145,-9.415295534439343,-0.8351689633916793,0.6339792051383168,51.90310190288938,-20.720832648167043,45.24912795470408,0.9242250000000001,5.981049239054973,3.0561953740374803
8096,GLU_49_A_CA,50.869,-21.131,40.094,7427,ALA_47_C_C,51.619,-21.036,45.689,5,-9.784001980620163,-1.3464489961846673,-5.232956901946192,-9.705844838607758,-1.15409996625316,0.4090678509095461,51.5646222009613,-21.042887854544905,45.2833416191713,0.472397,5.645843603926696,2.7677469483173436
8109,GLU_49_A_HA,50.532,-21.091,40.564,7667,LEU_48_C_N,51.173,-20.918,45.622,5,-9.715306588196485,-1.7247063190170482,-4.799054446567753,-9.554988896783794,-1.5809351349579999,0.2977879175292935,51.135548958453,-20.92810769140036,45.326481484953675,0.6053050000000001,5.101389418580001,2.819024453562963
8118,GLU_49_A_HA,49.811,-21.934,39.388,7624,ALA_47_C_HB2,50.207,-22.158,43.965,5,-10.509858987069858,-2.3864673750717684,-6.041722861767041,-10.730342853962036,-2.4678198432581464,-1.4481741638255121,50.33184399460745,-22.228618825232505,45.4079569780766,0.25055999999999995,4.59955660906571,1.5800142305756564
8068,LEU_48_A_HD23,49.795,-20.314,41.057,7584,ALA_47_C_HB1,50.06,-20.674,44.775,5,-8.881367046171171,-2.446206058372727,-4.382005329129178,-9.233718357605042,-2.5820256868507436,-0.6563173950892236,50.1066824148393,-20.737417620159054,45.42996308819824,0.746,3.7447762282945525,2.5096370241899484
8017,LEU_48_A_HD21,49.439,-21.846,44.643,7528,ALA_47_C_CB,49.249,-21.723,44.081,5,-10.356398684465903,-3.273823090003523,-0.8503643911254024,-10.22343078825385,-3.396850858155235,-1.428513772203119,49.71845932245512,-22.02691314032621,45.46961125905146,-0.994033,0.6058654966244543,2.1497754043404282
8059,LEU_48_A_HD23,48.652,-21.106,40.896,7514,ALA_47_C_CB,49.007,-20.995,44.448,5,-9.585935567462542,-3.624163694743378,-4.657019884601004,-9.476627584861966,-3.6183887639701875,-1.0872764183118153,49.11512629314843,-20.961191497071898,45.52987209369927,0.782,3.5714212857068537,2.431825587866053
7755,LEU_48_A_CD2,48.896,-20.059,44.928,7577,ALA_47_C_HB1,48.792,-20.149,45.061,5,-8.531505660362726,-3.705474375781162,-0.6203956583244714,-8.612441561660027,-3.8287654816134067,-0.49851997123366576,48.366598689485365,-20.51713574948383,45.60502282979277,-0.873644,0.19132433196015744,2.1328722793765937
8091,LEU_48_A_HD23,48.082,-20.418,41.128,7497,ALA_47_C_CB,48.227,-20.284,45.032,5,-8.855217879222662,-4.1606587375133905,-4.482971818893371,-8.704599638363801,-4.396645354582407,-0.584020490384014,48.24871942247303,-20.263928257852513,45.616776726446304,0.837597,3.908989255549313,2.3617687824579274
7722,LEU_48_A_CD2,47.342,-21.816,43.0,7536,ALA_47_C_H,47.862,-21.853,47.581,5,-10.179913488320421,-5.187853917573403,-2.695112874429743,-10.223270044167318,-5.132402559734994,1.9149169905471652,47.64600208583258,-21.83763091764578,45.67814145230586,0.5654659999999999,4.610567210224793,2.6073435189069194
8023,LEU_48_A_HD22,47.177,-21.259,44.328,7628,ALA_47_C_HB3,47.463,-21.239,46.257,5,-9.6025509526834,-5.441971728136306,-1.3900708671374442,-9.590391601529745,-5.349418035374581,0.5578826651973678,47.38109124827778,-21.244727884735823,45.70454551723016,0.31320800000000004,1.950188965203111,2.3418730875552565
8024,LEU_48_A_HD22,46.795,-21.083,43.698,7626,ALA_47_C_HB3,47.289,-21.133,46.801,5,-9.402725499103697,-5.744670446044053,-2.0550846070546545,-9.467663901458328,-5.568349449666668,1.0817671443254016,47.118640349097895,-21.11575712035404,45.73090688917163,0.8374159999999999,3.1424743435706852,2.187942095130279
8056,LEU_48_A_HD22,47.133,-19.661,43.424,6757,TYR_44_C_HA,47.304,-19.778,44.968,5,-8.01230409344718,-5.2741184941361166,-2.2932298888634195,-8.130823570780255,-5.267586141343796,-0.7399184384904739,47.38545568807305,-19.833732839207872,45.70348293792272,-0.023678000000000032,1.557840171519534,2.6461525689084837
1233,PHE_28_A_CD1,42.549,-6.807,47.382,5166,PHE_38_C_HB2,42.567,-6.831,46.904,5,5.17912934338815,-9.242429285551669,1.1914120359658464,5.1504169022368655,-9.17864009262791,0.7176077149753507,42.594262180392434,-6.8673495738565755,46.180037654023224,-0.7863299999999999,0.47894049734804706,2.237986134384248
1218,PHE_28_A_CG,43.175,-6.867,47.946,5229,PHE_38_C_HD2,43.303,-6.803,49.806,5,5.076073823340157,-8.682266353588604,1.8152461881587025,5.143542301310723,-8.736234803185837,3.6787416700229336,43.050314153242866,-6.929342923378561,46.13415878931056,-0.69914,1.8654972527452294,2.6064250118089154
1205,PHE_28_A_CG,43.803,-6.852,48.579,5154,PHE_38_C_HB2,43.558,-6.881,46.505,5,5.048145304809369,-8.121323990480649,2.5079666679509067,5.0228779472487295,-8.15939874357903,0.41984457529961927,43.508739508331246,-6.88683083370773,46.08799485828158,-0.98575,2.08862203378208,1.9941009156245926
1191,PHE_28_A_CB,44.175,-6.821,48.711,5159,PHE_38_C_HB2,43.964,-6.768,46.821,5,5.051913012525134,-7.763097220217475,2.676573860696006,5.107159708723896,-7.779602699036943,0.7749678626701099,43.878010463159484,-6.746400732452381,46.05076196858496,-0.9504940000000001,1.9024799604726461,1.90220750080252
1265,PHE_28_A_CD2,43.044,-5.725,51.417,3859,ARG_33_C_HB3,41.857,-5.833,39.304,5,6.249527989433865,-9.072367336977571,5.256175211378494,6.144735581281185,-9.048111569826757,-6.914849076205254,42.531382505491244,-5.771640850384957,46.18588314154639,-0.7437050000000001,12.171499578934387,3.6149507760662933
1649,PHE_28_A_HD2,43.169,-5.245,51.584,3841,ARG_33_C_HB3,41.991,-5.249,39.099,5,6.71990293189743,-8.928632855605546,5.435065715226838,6.715467907925918,-8.85039816110581,-7.10514100807478,42.65844163730249,-5.246733644695068,46.17286149551915,-0.743396,12.540451546894161,3.746021042072152
1538,PHE_28_A_HB2,44.289,-5.935,46.013,3754,ARG_33_C_H,44.285,-5.945,45.128,5,5.907435780967554,-7.313273789730197,0.003946749769141111,5.891430031699723,-7.22959028608792,-0.877008349659045,44.28898207967797,-5.935044800805076,46.009035128750654,-0.847996,0.8850655342967528,1.7742371666232306
1643,PHE_28_A_HD2,44.823,-5.432,50.643,3693,ARG_33_C_CZ,43.531,-5.425,38.618,5,6.401817602768908,-7.20787273247261,4.66436971677561,6.420252131447509,-7.287856888951353,-7.42956267524911,44.32470337664132,-5.429300250492637,46.005216024854384,-0.68579,12.094210929200797,3.6277915129469953
1524,PHE_28_A_HB2,44.594,-5.07,45.762,3699,ARG_33_C_CZ,43.847,-5.155,38.369,5,6.745117900869371,-6.920003530958155,-0.21486405792135232,6.663831808393684,-6.92899996453048,-7.645543342842283,44.61560010479701,-5.0675421567500045,45.975774531143614,0.6125320000000001,7.4311293219806105,3.239608706031396
905,TYR_27_A_HB2,43.267,-3.681,44.067,3793,ARG_33_C_HA,43.358,-3.599,43.287,5,8.218177017793764,-7.961849603103586,-2.033635236492497,8.287485033783565,-7.7874281227948545,-2.8005632292835214,43.02569858935867,-3.898436435962539,46.13529780549734,-0.46258699999999997,0.7895600040528906,1.5883846530740118
893,TYR_27_A_HB2,43.782,-3.613,44.39,3795,ARG_33_C_HA,43.733,-3.715,42.952,5,8.249408393522401,-7.478026579894101,-1.6606501384221792,8.141105926743734,-7.390721294272645,-3.0963720344703725,43.83867661474458,-3.495020108082705,46.053285142912486,-0.5675530000000001,1.4424454929043269,1.6239534342311392
1475,PHE_28_A_HA,45.354,-4.207,49.68,3746,ARG_33_C_H,44.558,-4.196,43.287,5,7.576300614743975,-6.49195582683251,3.759931969442669,7.601597761258202,-6.6421830552517624,-2.680640818300648,44.889304398178375,-4.200578327110504,45.94784047431451,0.303571,6.442374251780162,1.9793710256699828
1153,PHE_28_A_O,45.055,-3.757,44.576,3749,ARG_33_C_H,44.97,-3.845,42.952,5,8.011036168089818,-6.244582219287971,-1.3481526321421047,7.9180798267693815,-6.173349674811426,-2.9725386833059666,45.125545406155126,-3.683964755980573,45.92383223054033,-0.6733750000000001,1.6286021613641584,1.7674505349088019
1500,PHE_28_A_HA,45.288,-2.658,49.465,3924,ARG_33_C_HG3,44.391,-2.909,41.831,5,9.124282956548432,-6.418475371359467,3.5400836305245487,8.887075300612329,-6.564801608079,-4.1454799246360485,44.874828604852496,-2.7736142922876517,45.94866730149827,0.990228,7.690615450014388,1.7929510177383405
1464,PHE_28_A_H,45.296,-2.693,44.771,2931,GLN_31_C_CG,45.013,-2.811,42.092,5,9.055170813215792,-5.9442685768242525,-1.1295283905817692,8.939697238723834,-5.96635456633999,-3.8234534197281214,45.41465828895615,-2.6435241056649272,45.89427051630217,-0.6431500000000001,2.696489198939987,1.6127848552294988
1459,PHE_28_A_H,45.728,-2.129,45.53,4044,ARG_33_C_HE,45.175,-2.205,40.611,5,9.590362262934894,-5.548727724547734,-0.33083035857722326,9.521115914015121,-5.611722991885462,-5.280515453555931,45.76496178338271,-2.123920261234925,45.85877940770258,0.22899200000000003,4.950570270181006,2.181238147122365
1489,PHE_28_A_HA,46.539,-2.334,48.302,3223,GLN_31_C_HG3,46.099,-2.289,43.431,5,9.34456505677951,-5.036599342300137,2.508366403456479,9.387781722472733,-4.983105104874238,-2.382189463351364,46.31332397306581,-2.3109194972453655,45.80366380182636,-0.20530599999999996,4.891039357846145,2.368984229096472
1487,PHE_28_A_HA,46.989,-2.536,48.375,4101,ARG_33_C_HH21,46.053,-2.529,39.682,5,9.10969200021024,-4.612765978131373,2.6259798666109666,9.12510352917179,-4.672423976288526,-6.117051496024702,46.70787128694836,-2.533897541675897,45.764047112651845,0.5469920000000001,8.7432484809709,1.8476986988987372
2046,THR_29_A_HB,47.222,-2.862,44.733,3241,GLN_31_C_HG3,47.146,-2.977,44.195,5,8.740961544147817,-4.042499824470806,-0.9745150111469797,8.62817915045831,-4.072876103566579,-1.5174721119771999,47.358406984518524,-2.655594694478549,45.69861786409165,-0.49265200000000003,0.5553782494840759,2.172111875700451
2179,THR_29_A_HG23,47.343,-1.74,46.904,3015,GLN_31_C_OE1,47.241,-1.777,44.083,5,9.866137918173495,-4.054239446489348,1.1981806206913403,9.816747789803738,-3.876425910576261,-1.6188669404381724,47.299616130662166,-1.7557372859362734,45.70413828037216,0.5999099999999999,2.8230859002162916,2.3496847621129118
2180,THR_29_A_HG23,47.722,-1.465,46.904,3026,GLN_31_C_OE1,47.312,-1.282,44.288,5,10.11172916779127,-3.657375602147162,1.236259842914491,10.306428913657676,-3.7889234865693666,-1.4075692292956696,47.53028316742458,-1.3794288283870688,45.68075308776269,0.683276,2.6542503649806735,2.0938474316509326
374,GLU_26_A_HB3,47.735,-0.714,46.47,3077,GLN_31_C_NE2,47.064,-0.736,40.4,5,10.856477033728307,-3.54416403259454,0.8060741194162953,10.841743690578662,-3.6051485071480824,-5.300618014829795,47.64642901553934,-0.7169039667036265,45.66876918677169,0.597931,6.107014409676794,2.029682443322002
2212,THR_29_A_HG23,48.71,-1.713,48.316,3254,GLN_31_C_HE21,47.795,-1.719,39.524,5,9.799953746014674,-2.837044042841437,2.740003244955896,9.80010826251561,-2.8669638709727483,-6.099432810585729,48.426372972961,-1.7148598493576297,45.59070074128206,-0.021604000000000012,8.839486693241867,3.2747223462127257
1932,THR_29_A_CG2,48.902,-1.539,45.55,2962,GLN_31_C_CD,48.798,-1.463,43.548,5,9.93915099121741,-2.3570437942619544,0.007217141307893138,10.00845041353863,-2.2544612217045534,-1.995099118895133,48.90162514278541,-1.5387260658816473,45.54278399861921,-0.52823,2.0061395764004013,2.8317966305711972
2194,THR_29_A_HG23,49.139,-0.426,47.161,2993,GLN_31_C_CD,48.764,-0.374,42.878,5,11.042585043312906,-2.198438803662984,1.6343424436842116,11.092083740195527,-2.138667412463748,-2.664656888695481,48.99643695939531,-0.4062312583694798,45.53273999224031,0.805911,4.299699756959782,1.6802473103642441
1936,THR_29_A_CG2,50.285,-2.2,48.549,3290,GLN_31_C_HE21,49.395,-2.187,39.377,5,9.19710327479596,-1.3346940567680239,3.129360187486241,9.211594633128266,-1.300408789253271,-6.085652971536652,49.982761628898416,-2.1955852822198634,45.434246809276694,-0.753963,9.215088333814274,1.7697650835145717
1930,THR_29_A_CG2,50.129,-0.436,46.777,3311,GLN_31_C_HE22,49.53,-0.455,40.238,5,10.95511378017438,-1.1786543123123352,1.3514213074542742,10.934577359077746,-1.1211273634330468,-5.214700219410821,50.00571544611944,-0.4399105284202488,45.43116077157765,0.41207900000000003,6.566405637789979,2.0469627858502393
2147,THR_29_A_HG22,50.336,-0.286,46.041,3339,GLN_31_C_HE22,49.864,-0.27,40.919,5,11.083782311597563,-0.8883871103208532,0.6399198243430695,11.098701536213913,-0.8437650423787152,-4.503591650106017,50.27727705195364,-0.2840093915916482,45.403756483276574,0.695334,5.143726664588622,2.369035271224489
2166,THR_29_A_HG22,50.879,-1.734,44.988,2199,THR_29_C_HG22,50.9,-1.581,45.034,5,9.591413995042485,-0.3543028011142359,-0.35403830274370457,9.742717042827124,-0.32645998084091354,-0.3060991215835456,51.034088263455715,-0.6040712233941051,45.32771714852203,-0.7661720000000001,0.16113969095167083,2.219550526315912
1907,THR_29_A_CG2,51.454,-1.245,47.513,2196,THR_29_C_HG22,51.29,-1.164,45.353,5,10.053668666594078,0.0009994253514811757,2.2160690776000096,10.131352753275104,0.06021903655702984,0.05054022294921441,51.28617248389654,-1.1621095804610966,45.302588812295966,-0.026380000000000042,2.1677308412254472,2.3297222034880196
2123,THR_29_A_HG22,51.762,-1.349,46.968,1969,THR_29_C_CG2,51.157,-1.38,42.464,5,9.922810282868351,0.3531242067604064,1.7046111402030024,9.905332003401226,0.20049457336183635,-2.837348866749452,51.534941695161514,-1.3606343924793245,45.2776353636487,0.336311,4.544557404192409,2.7098323564565945
3042,GLN_31_A_NE2,52.312,-1.028,48.523,2194,THR_29_C_HG22,52.049,-0.818,45.353,5,10.212491320129939,0.767783950060434,3.307018140292993,10.419047335297169,0.8394668275236717,0.12670916510255756,52.03852161230813,-0.809633226557823,45.22670156280144,0.44996600000000003,3.187815709855262,2.609940094732277
3299,GLN_31_A_HE22,52.6,-0.334,49.935,2172,THR_29_C_HG22,52.072,-0.535,45.07,5,10.892856608010929,0.96508775103542,4.741067750720555,10.697469297198626,0.9120201328727796,-0.15243995098750526,52.08844797536403,-0.5287385548330092,45.221551894215956,0.22911399999999998,4.897694355510562,1.952640064974667
3302,GLN_31_A_HE22,52.676,-0.083,48.605,2164,THR_29_C_HG22,52.101,-0.074,43.934,5,11.127872447968292,1.192389462339631,3.4254772038529797,11.146818068892108,1.0892397224211514,-1.2796209029459171,52.25737974012289,-0.07644768288887661,45.204347419328705,0.927449,4.70626677951856,3.063620153598073
3284,GLN_31_A_HE22,53.011,-0.422,48.23,1951,THR_29_C_CG2,52.469,-0.534,43.135,5,10.76186948466339,1.5364951044218726,3.085765358402751,10.654636110085194,1.4992647860056139,-2.0379489102472093,52.684579607183096,-0.48945218449352795,45.16152785719166,0.664559,5.124971512115945,3.643394834838906
2932,GLN_31_A_CD,53.378,-0.658,47.427,2246,THR_29_C_HG23,52.864,-0.756,42.545,5,10.493089196467357,1.9629165233112118,2.3234557558201425,10.399226411834036,1.9332484663398817,-2.5855190438764715,53.1347198229322,-0.7043841582736248,45.1163116255934,0.778069,4.909961710645001,3.280745531275878
3054,GLN_31_A_NE2,54.273,-0.929,50.901,2066,THR_29_C_HB,53.757,-0.965,44.554,5,10.18016591464994,2.4832470128856836,5.8695066862659875,10.137786201312206,2.602648615344657,-0.4972749353406208,53.79730197388347,-0.9621882343802214,45.049729899686824,0.8210870000000001,6.368042163805137,2.2961620918463796
2984,GLN_31_A_OE1,54.593,-0.55,46.627,2071,THR_29_C_HB,54.318,-0.678,44.293,5,10.503310724105596,3.256431504606974,1.6492128370318409,10.379732097828276,3.2070588561941187,-0.7006500663555313,54.3999957487605,-0.6398347060314727,44.988920282207296,-0.7029160000000001,2.3536280504786684,1.7921346886916747
2923,GLN_31_A_CD,54.775,-1.573,46.62,2236,THR_29_C_HG23,54.427,-1.663,42.544,5,9.469465151382352,3.360105982241306,1.6600264602818442,9.376816316438262,3.4152153943657186,-2.430371948929514,54.63376945216946,-1.609525141680311,44.96581691678944,0.555658,4.091818666558918,2.5406885205786316
3217,GLN_31_A_HG3,55.368,-1.358,46.551,2223,THR_29_C_HG23,55.073,-1.363,43.539,5,9.63857696451984,3.97162225852648,1.6508592090215701,9.634299709680139,3.9794675755668507,-1.3755436319914334,55.207081744154614,-1.3607274280651749,44.90799733353786,0.68964,3.0264160322070732,2.477184884629843
3215,GLN_31_A_HG3,55.676,-1.756,46.423,1527,PHE_28_C_HA,55.211,-1.857,42.416,5,9.21755110789614,4.259791400298835,1.554175323164286,9.123262160937621,4.191097494160814,-2.479292879479811,55.49682627432203,-1.7949173038569337,44.87902340044806,0.8582839999999999,4.035154891698712,2.5946299795137673
2898,GLN_31_A_CG,56.417,-1.189,47.017,1140,PHE_28_C_CA,55.951,-1.327,43.204,5,9.731221261714433,4.978602848130705,2.219651900920516,9.601503427478242,4.886730295827771,-1.6209081777157293,56.14767527531134,-1.2687571073112327,44.813276447987434,-0.05342100000000005,3.8438482019975786,3.0734118539925848
4056,ARG_33_A_HE,56.942,-1.331,50.427,1468,PHE_28_C_H,56.519,-1.349,45.083,5,9.574405285192661,5.148032564187411,5.665024351153501,9.550133148381617,5.2608665157406875,0.3055217284513233,56.494886626011244,-1.3500261010207963,44.778362008047544,0.784051,5.36074519073608,1.9628964759000056
4055,ARG_33_A_HE,57.381,-1.332,50.81,1492,PHE_28_C_H,56.79,-1.208,45.38,5,9.543003435168501,5.545228672204238,6.090065732187568,9.67239148969043,5.510750358446618,0.6282320678192126,56.72202188589094,-1.1937372484779614,44.75542950996241,0.7220960000000001,5.463474810045343,1.8799630344298854
2889,GLN_31_A_CG,57.542,-1.169,48.643,1514,PHE_28_C_HA,56.798,-1.071,41.929,5,9.677861863931845,5.933800138602046,3.9501581594889377,9.783683774069672,5.873828093253763,-2.804554349353427,57.106908548393065,-1.1116895668582254,44.71665052945029,0.36955499999999997,6.755807575708472,1.924523520311687
3205,GLN_31_A_HG3,57.42,-2.915,47.13,1169,PHE_28_C_O,57.13,-2.874,46.182,5,7.935269586781119,5.831488196047404,2.431779609184259,7.991260490659668,5.641591902102297,1.4595196561733494,56.69466303175452,-2.8124523596618443,44.758898462425094,-0.33193700000000004,0.9922121748900283,1.3692458816266846
3807,ARG_33_A_HA,58.684,-2.414,47.848,916,TYR_27_C_HB2,58.43,-2.493,45.823,5,8.344528201288806,7.051776349751006,3.2729842266120794,8.270435250397654,6.996085477853033,1.2326923941980301,58.27653966498712,-2.54072978923629,44.59954654172804,-0.9998509999999999,2.0423961417903223,1.7700992975483947
4107,ARG_33_A_HH21,58.477,-3.911,51.247,1586,PHE_28_C_HB3,57.358,-3.861,40.969,5,6.8918064880202925,6.393318209194443,6.633503755038152,6.952563148624855,6.313706078218702,-3.704867274132434,57.759005774319434,-3.878918041747963,44.65223266171151,-0.23360400000000003,10.33885607792274,2.9675237336960825
3707,ARG_33_A_CZ,59.01,-4.044,51.836,1657,PHE_28_C_HD2,57.933,-4.243,40.406,5,6.723162261334961,6.853181559303563,7.272865799604549,6.524216598393733,6.911436104661204,-4.207615768306358,58.32772230808961,-4.170066165914733,44.59511418891752,-0.023125999999999994,11.482352981858728,3.7018390559634367
3699,ARG_33_A_CZ,59.52,-3.918,52.035,1665,PHE_28_C_HD2,58.369,-4.102,39.583,5,6.811716269510783,7.34883040874945,7.521999108656089,6.625997331305141,7.436903458052902,-4.982748494313679,58.82763728713669,-4.028681789024194,44.54473023407995,-0.45157200000000003,12.50643678271313,4.211784093173245
4974,PHE_38_A_CD2,57.999,-4.595,40.375,1658,PHE_28_C_HD2,58.17,-4.62,40.419,5,6.168025141606781,6.953314967176234,-4.232004433428402,6.130500715083224,7.116672933683222,-4.171110327040511,69.88311820195709,-6.3324441815727015,43.4329017595677,-0.698365,0.17833115263464075,2.8895333799724137
3959,ARG_33_A_HD2,60.586,-3.517,51.447,1629,PHE_28_C_HD1,60.193,-3.377,45.544,5,7.126862121321824,8.495565581492448,7.043896048970875,7.253867296186137,8.705989206100329,1.1312782206511178,60.117806176616654,-3.350213396250207,44.41456198617841,0.773457,5.917724055749818,2.7914464570788686
5206,PHE_38_A_HB2,59.501,-4.343,45.421,1673,PHE_28_C_HD2,58.8,-4.234,39.264,5,6.342018964204919,7.958477099050922,0.9391655732860167,6.45955055032146,7.8863561768898816,-5.257036158327597,59.39474860674492,-4.326478741990292,44.48777627921321,0.6161749999999999,6.19773595758967,2.209978884817032
3769,ARG_33_A_H,60.256,-4.111,45.596,1677,PHE_28_C_HD2,59.51,-4.006,39.055,5,6.51759692240783,8.707628088748198,1.189003871448835,6.631788356775466,8.628920265172884,-5.393775738626614,60.121254962091825,-4.0920345456027345,44.41454250273803,0.94,6.584240426958903,3.6518172131890942
3770,ARG_33_A_H,60.65,-4.111,45.539,1322,PHE_28_C_CD2,60.119,-4.208,39.255,5,6.487439560512855,9.104210838057982,1.1717511477964502,6.3858192113127155,9.19781084831435,-5.133876365996959,60.55132625847009,-4.129025146757816,44.37126781210183,0.8465750000000001,6.3071408736447285,4.32245526574135
5294,PHE_38_A_HD2,59.392,-4.955,39.582,1312,PHE_28_C_CD2,59.429,-5.005,40.143,5,5.698204772601498,8.387230375673326,-4.88166082117685,5.649571823110738,8.364102855420754,-4.319797889465924,59.71346888536236,-5.389417412651845,44.45616336995374,-0.96196,0.5644377733639022,2.660868136374653
5172,PHE_38_A_HB2,59.359,-5.513,43.412,1215,PHE_28_C_CB,59.229,-5.556,42.2,5,5.171726381365798,7.9295585016179055,-1.074468947989939,5.129988089722626,7.918401096085812,-2.293413748755131,59.47359170517895,-5.475096589825425,44.48034728212985,-0.949559,1.2197102114846752,1.706139889072674
3465,ILE_32_A_HB,59.678,-5.575,44.212,1239,PHE_28_C_CG,59.595,-5.481,42.351,5,5.091546623521238,8.16141807941394,-0.2465695926234569,5.178218136304607,8.27211427216577,-2.1064836771397575,59.689003344916905,-5.587461619544448,44.458713552895965,-0.981837,1.8652200942516182,1.643132529972787
4913,PHE_38_A_CB,60.114,-5.234,41.34,1256,PHE_28_C_CD1,60.331,-5.201,43.134,5,5.378080506247338,8.906746490053262,-3.0603117439841263,5.40744570968298,8.945317370896651,-1.253584323486463,60.481563828893265,-5.1781031965277515,44.37875349785484,-0.9548119999999999,1.807377658376907,2.4968692733973437
5195,PHE_38_A_HB2,60.742,-5.189,42.412,1273,PHE_28_C_CD1,60.809,-5.156,43.294,5,5.383208805443735,9.426108619575597,-1.930785436647565,5.417369968345174,9.406971683906976,-1.046495443125964,60.88828982031134,-5.116946804921281,44.33778539574026,-0.923877,0.8851564833406557,2.5818763132815756
4199,GLY_34_A_O,61.263,-5.172,44.365,1310,PHE_28_C_CD2,60.791,-5.068,40.544,5,5.374804798821541,9.749181384371127,0.06458228919147935,5.48678567773555,9.670509444421167,-3.7844321312312603,61.25508035170338,-5.1702549927482,44.3008877624123,-0.828705,3.8514466113396977,4.241966545345004
5197,PHE_38_A_HB2,61.35,-5.187,41.947,1271,PHE_28_C_CD1,61.369,-4.946,43.717,5,5.33596619567834,10.075911733642931,-2.332552842954935,5.58751057739145,9.936219191678402,-0.5694438225741634,61.3751365647296,-4.8681625210613815,44.28866945112594,-0.9544649999999999,1.786432758320331,3.1967243907351177
5231,PHE_38_A_HB3,61.25,-5.98,40.659,1274,PHE_28_C_CD1,61.254,-5.047,43.294,5,4.543578827091315,10.045227359567665,-3.6244405034313987,5.492455977876123,9.856724355219717,-1.0018790131951274,61.25552809231269,-4.690572468065621,44.30063081098293,-0.8172900000000001,2.7953049923040583,2.3570062757931
5255,PHE_38_A_HB3,61.824,-6.526,40.43,1306,PHE_28_C_CD2,61.081,-4.956,40.967,5,3.9541715883237254,10.596160843541817,-3.795040629821933,5.579595097089058,9.924456554484054,-3.3344651580321405,55.70184334888637,6.410454834789321,44.854761940306915,-0.328166,1.8180533545526076,2.614343665407777
5247,PHE_38_A_HB3,61.19,-7.779,40.13,1243,PHE_28_C_CG,60.331,-5.344,42.301,5,2.7505032673467396,9.902105789992957,-4.157580497587854,5.258893340840035,9.017687416099108,-2.082458723060091,59.46896285834084,-2.9003906403491495,44.47967594242382,0.23615000000000003,3.373476989694755,2.6277294423986284
5249,PHE_38_A_HB3,61.631,-8.386,40.13,1246,PHE_28_C_CG,60.446,-5.243,41.878,5,2.1119536200076956,10.293586361625096,-4.113679359587137,5.34789060387018,9.181696549842117,-2.4917697187858483,58.62546262696702,-0.41435108570242196,44.563484665030906,-0.05862399999999998,3.7865786668178427,2.2777213612612424
5433,GLU_39_A_HB2,62.579,-9.266,38.936,1305,PHE_28_C_CD2,60.676,-5.169,40.967,5,1.1543599105856945,11.286636945568244,-5.207116520747117,5.397788414705404,9.506500310678158,-3.375121135505503,57.17006566598972,2.378983692296448,44.70875125190482,-0.592745,4.95295659177425,1.7235903051992247
5500,LYS_40_A_HD2,61.768,-14.338,47.796,8079,LEU_48_C_HD22,58.021,-18.515,46.946,5,-3.7783585551411525,9.212262674982993,3.5248800964883307,-7.666493533510939,5.262970385412105,2.3020412675687814,50.96712795604341,-26.378363631600397,45.345842210471545,-0.515736,5.675371177288761,1.626369584888949
5505,LYS_40_A_HD3,61.168,-15.298,45.793,8071,LEU_48_C_HD22,58.006,-18.888,47.529,5,-4.704631440739465,8.744288638659503,1.4714371723405761,-8.033112319091824,5.161558411307063,2.8804436167750427,64.47010295156481,-11.548933081556704,43.980080732474214,-0.44250000000000006,5.089208189885733,1.1941890233290937
5503,LYS_40_A_HD3,61.184,-15.622,45.408,8077,LEU_48_C_HD22,58.121,-18.9,47.338,5,-5.03166289238069,8.77405010508618,1.0898330780837593,-8.05512846457729,5.293820772624373,2.701916428042532,63.254710995343956,-13.4059403712904,44.103242500485194,-0.5800960000000002,4.8838666034198726,1.3431046087818725
5523,LYS_40_A_HD3,61.87,-16.132,46.013,8082,LEU_48_C_HD22,58.121,-18.9,46.138,5,-5.587659044154684,9.355513948577086,1.7602725443484566,-8.063720431222936,5.413699208488669,1.5079502062741363,35.715907504160086,-35.442356902770044,46.88503562602827,-0.9327040000000001,4.661807589336989,1.3433612977193168
5454,LYS_40_A_O,60.279,-15.666,45.026,8083,LEU_48_C_HD22,57.833,-18.538,46.138,5,-5.009938613823085,7.9110212281354135,0.6190951326510199,-7.681017472838822,5.155428803869338,1.4792649532368234,62.039474104326416,-13.598918386089359,44.22565363695383,-0.6654150000000001,3.9329180006707505,1.2592139040576389
6303,GLU_43_A_HB3,61.727,-17.038,43.337,8062,LEU_48_C_HD22,58.403,-19.397,46.551,5,-6.499412231382216,9.412258267865836,-0.9169923300726126,-8.577624441603787,5.614520010414307,1.946898578669368,60.662684841955,-17.79333076348621,44.36609413897612,-0.417256,5.190727598323762,1.4194181568928625
6284,GLU_43_A_HB3,60.252,-17.575,43.316,8080,LEU_48_C_HD22,58.277,-18.899,46.53,5,-6.923644951721217,7.9102766678944985,-1.085849880514674,-8.071695490735529,5.529382807459337,1.913603633912763,59.537018586318766,-18.054309059095676,44.47951912079569,0.08975399999999997,3.9979240863228007,1.3062919046646069
6162,GLU_43_A_C,59.623,-17.947,43.642,8078,LEU_48_C_HD22,58.277,-18.899,46.946,5,-7.244746234310912,7.225463350943192,-0.8246494072275674,-8.068716942298371,5.487824949693048,2.3275119241258024,59.270867610363794,-18.19605648954953,44.50637252255425,0.639779,3.692483716957999,1.3563196714859966
6725,TYR_44_A_HB2,58.69,-17.696,45.446,8081,LEU_48_C_HD22,58.021,-18.515,46.53,5,-6.9111057961070985,6.138650769789878,0.8769464529701534,-7.669472081948096,5.304528243178394,1.8881329773557418,59.27018690210839,-16.98572634853995,44.50590642468534,0.13241399999999998,1.5143903063609465,1.8563874825732796
6172,GLU_43_A_O,59.35,-19.515,41.2,8048,LEU_48_C_HD22,58.89,-20.286,46.779,5,-8.805101465581917,7.079649845794478,-3.2824018304715072,-9.499202622544823,6.0074726449215134,2.2221364456994364,59.075698184613735,-19.974753694919166,44.52680397399999,-0.163126,5.6507771146984735,1.5908700468957437
6180,GLU_43_A_O,59.055,-19.953,41.49,8988,LYS_51_C_HZ1,58.963,-20.362,46.295,5,-9.217489306848195,6.7247895871747065,-3.023597917773019,-9.583961059249534,6.122483043590749,1.7478479094629815,58.99670089769284,-20.212177530909017,44.534860723759984,-0.15033300000000002,4.823253051623976,1.869845530980596
6186,GLU_43_A_O,58.513,-19.894,43.05,8060,LEU_48_C_HD22,58.774,-20.179,46.339,5,-9.106565603806951,6.035702620142357,-1.5256993618054389,-9.3869025457169,5.9444593565821595,1.7727779938626993,58.63372465276954,-20.025825770265588,44.57131564352111,-0.386503,3.3116260356507663,2.002850239066785
7497,ALA_47_A_H,58.218,-20.41,42.634,7762,LEU_48_C_CD2,58.747,-20.366,46.998,5,-9.601783719265988,5.7454550763657775,-1.9693798565906608,-9.566606847519127,5.837656671366221,2.425678101340435,58.455039409743506,-20.390284056656494,44.58946310797852,-0.11465799999999997,4.396165715711815,2.0797733381505044
7432,ALA_47_A_CB,57.387,-19.594,45.187,8110,LEU_48_C_HD23,57.723,-19.555,48.566,5,-8.707109432344534,4.727864236503043,0.4879139400378655,-8.66939813257765,4.726610981512585,3.8835927068268936,57.33872126248922,-19.5996037820325,44.70148257723538,0.701983,3.3958883962816024,2.2496757967895533
7464,ALA_47_A_CB,57.127,-21.281,46.028,8029,LEU_48_C_HD21,57.05,-21.209,45.744,5,-10.363597288943886,4.257955313976669,1.297903807547939,-10.28802416677319,4.215395330293222,1.0076515879281087,56.78268362125845,-20.959041827670262,44.75805387581046,-0.901,0.30293398620821677,3.180138033287463
7549,ALA_47_A_HB1,55.451,-20.039,45.333,7875,LEU_48_C_HG,55.343,-19.974,45.536,5,-9.003603303224098,2.7588177084152177,0.43908613283607695,-8.929182435722478,2.6363209691242924,0.6302773547668916,55.699030750927754,-20.188277766762084,44.86679405149688,-0.780791,0.238951878000573,2.1348930977403158
7451,ALA_47_A_CB,55.034,-21.311,45.718,8151,GLU_49_C_HA,55.591,-21.292,50.968,5,-10.237697052484613,2.2101773469052324,0.7798270487213277,-10.223218596407232,2.2397514981082307,6.059223391475889,54.951724747691294,-21.313806516685574,44.94251512635423,0.13775800000000002,5.279499029264046,1.6684666123583713
7385,ALA_47_A_C,54.095,-21.241,44.899,7822,LEU_48_C_HA,54.265,-21.147,45.128,5,-10.10286284644931,1.365718821352753,-0.12906872940978856,-10.020329932367915,1.5186287598110946,0.11584731500931386,54.18458859372282,-21.191462777588555,45.019681105661924,-0.877926,0.3002948551007833,1.430188470317827
7419,ALA_47_A_O,52.848,-22.535,44.762,7448,ALA_47_C_O,52.909,-22.328,45.509,5,-11.299961007704288,0.044111663374960065,-0.39084060013277533,-11.09281458529577,0.04570514099844203,0.3586037410376784,52.87981193758947,-22.42704801506523,45.151565858677664,-0.964594,0.7775467831584156,1.2791498113829876
8291,LEU_50_A_HB3,52.924,-24.812,44.472,8351,LEU_50_C_HB3,52.82,-24.95,45.603,6,-13.578217308031387,-0.02421272777459653,-0.6727714561842799,-13.699869300955303,-0.25084320348955585,0.44206504308135264,52.861239019812096,-24.895278992941645,45.15452565954348,-0.8950319999999999,1.1441245561563653,2.485308875468472
7779,LEU_48_A_HA,51.407,-22.784,44.673,7434,ALA_47_C_C,51.414,-22.838,44.995,6,-11.440077336431473,-1.3955025039363511,-0.6238244272551361,-11.492144827113105,-1.4248206938265728,-0.3027661456991598,51.42060117848269,-22.888923376866405,45.29865421020336,-0.312324,0.3265715848018585,1.7491064877408895
8591,LYS_51_A_CB,50.512,-22.916,44.833,7619,ALA_47_C_HB2,50.651,-22.93,44.174,6,-11.502973940339356,-2.3094296422253446,-0.554324764552805,-11.532147328803886,-2.1067559087580325,-1.1960959630090136,50.391939856356615,-22.903907611431602,45.40220600475533,-0.857532,0.6736453072648836,1.8088497672282353
8846,LYS_51_A_HG3,49.157,-24.295,46.8,7564,ALA_47_C_HA,49.133,-24.225,46.675,6,-12.76160807657817,-3.9548174326494308,1.26647015256931,-12.690892559943373,-3.960831544219978,1.1397257397966334,48.91718442946143,-23.595537919262323,45.550960570111286,-0.958077,0.14526183256451,2.7345069696572035
8588,LYS_51_A_CB,48.572,-22.718,44.783,7519,ALA_47_C_CB,48.622,-22.927,44.448,6,-11.159421198842844,-4.214097298145812,-0.798285077515092,-11.373993084077846,-4.146877308480501,-1.126684802021818,48.45045832107288,-22.209955782084595,45.597329248811775,-0.957983,0.3980025125548834,3.1306444304873158
9278,ASP_52_A_HB2,47.758,-22.114,40.288,7486,ALA_47_C_CB,47.94,-22.196,44.757,6,-10.527883361653886,-4.526815121908337,-5.3519434444657765,-10.591391294672537,-4.79891881526389,-0.8872222524420255,47.97616674882922,-22.21229490881317,45.645072530317655,0.38050700000000004,4.473456046503644,2.0958947855460206
9255,ASP_52_A_HB2,47.367,-22.487,42.665,7664,ALA_47_C_HB3,47.672,-22.587,44.961,6,-10.853267016114199,-5.180476029904475,-3.02621949378553,-10.959568923066787,-5.114836381399461,-0.7112611051481921,47.76570995095851,-22.61772457408476,45.666436220986036,0.708132,2.3183271986499223,3.3202860379099537
8955,LYS_51_A_HE3,47.189,-23.296,47.175,7393,GLU_46_C_HB3,47.638,-23.324,50.428,6,-11.61420533634674,-5.868970559277955,1.442920597532313,-11.652735354020885,-5.7506104466332415,4.724520865918572,46.991574568714725,-23.283688391812948,45.744654948839695,-0.262364,3.2839601093801365,1.866222327308269
9252,ASP_52_A_HB2,46.304,-22.899,41.114,7397,GLU_46_C_HB3,46.992,-22.909,49.673,6,-11.194922881860853,-6.111385856704502,-4.6760655968412195,-11.195559793951505,-6.284610469873848,3.908800029814529,46.67874472758638,-22.904446871040502,45.77597692356366,-0.793944,8.586613127421083,1.6186000030278513
8659,LYS_51_A_CE,46.598,-22.157,45.113,7385,GLU_46_C_HB3,46.997,-22.061,49.22,6,-10.44862603616404,-6.162926895880638,-0.6674017871181285,-10.353623314495346,-6.170080863316514,3.458951239905306,46.66253478684838,-22.14147283323949,45.777271602973194,-0.477534,4.127452725350103,2.501573545704497
8997,LYS_51_A_HZ1,46.216,-22.039,44.924,7395,GLU_46_C_HB3,46.601,-22.096,49.673,6,-10.303475975372086,-6.514079841091224,-0.8936584310471449,-10.35537878046996,-6.61086221206674,3.8699971265568425,46.28822572912601,-22.04969315989658,45.81490905875183,-0.423134,4.764921300504345,2.1413370597900423
9168,ASP_52_A_OD2,45.021,-23.1,41.61,7314,GLU_46_C_OE1,45.909,-22.845,50.538,6,-11.294918782630743,-7.449048040194204,-4.311145464907142,-11.043778092757515,-7.44061626992095,4.661012038120768,45.44768635403977,-22.977471824008855,45.89992766764309,0.04728500000000008,8.975675629165748,1.5514150988749675
9034,LYS_51_A_HZ1,45.686,-21.719,43.678,7370,GLU_46_C_HB3,46.405,-21.935,50.098,6,-9.953300990281482,-6.891150771820532,-2.186334335137469,-10.1770004102834,-6.835560571505815,4.273300739626414,45.92935343541389,-21.79210756891433,45.850919409398,0.048051999999999984,6.463746359503908,1.8437773500865409
9027,LYS_51_A_HZ1,44.815,-22.488,43.147,7304,GLU_46_C_OE1,45.766,-22.614,50.695,6,-10.65812249780734,-7.760549522557732,-2.8022364821913395,-10.801522020407896,-7.580651307735399,4.803002120852073,45.1654067437802,-22.534426130090758,45.92814626924605,0.994677,7.6087174346272075,1.7529357543359074
9137,LYS_51_A_HZ3,45.223,-21.716,46.013,7366,GLU_46_C_HB3,45.766,-21.724,50.695,6,-9.89863195981767,-7.583530319232915,0.09055495936790392,-9.914085519171406,-7.513150913093842,4.803393268359083,45.21256651178909,-21.715846283783264,45.92303758415568,-0.6718139999999999,4.713389120367638,1.917305729512228
9035,LYS_51_A_HZ1,44.19,-21.972,44.276,7303,GLU_46_C_OE1,44.834,-21.937,50.86,6,-10.088334083585233,-8.454264373072926,-1.7412827276888416,-10.054919305345363,-8.470428644725708,4.874126493887483,44.35951121828929,-21.96278743378863,46.009015312448284,0.019069000000000003,6.615513358765135,1.5689918554851747
1433,PHE_28_A_CZ,39.991,-6.23,49.053,4621,ARG_35_C_HG2,40.16,-6.165,50.644,6,5.959575268782626,-11.903397610570897,2.598069681158702,6.023019100435931,-11.889741250731685,4.198024488039538,39.71657113849247,-6.335549562118285,46.46947148722785,-0.34967499999999996,1.6012704331248993,4.117983777705206
1375,PHE_28_A_CE2,40.62,-6.189,50.469,4540,ARG_35_C_HA,40.481,-6.189,48.971,6,5.9631026140660905,-11.41771190237139,4.069964701425434,5.96287226718472,-11.405965951333277,2.5655754633708217,40.2439503187156,-6.189,46.416320700978055,-0.605108,1.5044351099332975,4.973751035299948
1311,PHE_28_A_CE1,39.688,-5.691,46.902,4622,ARG_35_C_HG2,40.07,-5.713,50.644,6,6.504499892949056,-11.948243225892094,0.42777545576816256,6.480512701174243,-11.944749408091898,4.189209279174859,39.644556400624,-5.688498012601382,46.47643468883504,-0.9261189999999999,3.761511930062163,3.2929527418686186
1295,PHE_28_A_CE1,40.164,-5.415,46.2,3595,ARG_33_C_O,39.681,-5.434,41.064,6,6.738737909414776,-11.384940676805378,-0.22290018526553268,6.719488268804595,-11.352487668382844,-5.3814583417256046,40.184870325819325,-5.414179014098204,46.42192545219058,0.30045499999999997,5.158696153099156,2.730370563049139
1677,PHE_28_A_HE1,40.691,-4.915,45.871,4253,GLY_34_C_H,40.647,-4.902,46.03,6,7.1951506099188345,-10.791314232721271,-0.4972450261185214,7.212573851676258,-10.849864690131556,-0.34344556388373715,40.54874474870518,-4.872970039390172,46.38505874899713,-0.900192,0.1654871596227333,2.561575526236449
1702,PHE_28_A_HE2,41.533,-4.159,52.211,4260,GLY_34_C_H,40.946,-4.221,45.712,6,7.93079150547498,-10.53198395378641,5.895538427058418,7.866759269371858,-10.46980897356977,-0.6296012760111369,41.002638779526,-4.215017709828599,46.33907909393442,1.000457,6.525750071830819,4.652291061477988
1261,PHE_28_A_CD2,42.796,-4.38,51.581,4240,GLY_34_C_H,42.149,-4.437,44.691,6,7.610553585512537,-9.232783207094084,5.395103521788787,7.553237740245522,-9.190694791932305,-1.5250772171219031,42.29158658793834,-4.42443827586942,46.20942595192448,0.8081900000000001,6.92054607671967,4.067002029916425
516,TYR_27_A_CB,41.723,-3.697,44.037,3986,ARG_33_C_HD2,41.028,-3.748,37.259,6,8.31858909570436,-9.491872935615303,-2.218129183762927,8.271682158627412,-9.508139052513286,-9.031677829857347,41.94925504898961,-3.6803971115129914,46.24355643460666,0.836958,6.8137295220752625,3.5552185749181966
902,TYR_27_A_HB2,42.784,-3.738,44.114,3809,ARG_33_C_HA,42.874,-3.797,44.02,6,8.198146965876765,-8.450053578240032,-2.0352709874446626,8.1318483558253,-8.355848589365426,-2.1198104124272037,40.617266681103445,-2.3175859353900896,46.377032577513944,-0.712691,0.14288806808127655,1.941862749680025
880,TYR_27_A_HB2,42.509,-3.076,43.52,3827,ARG_33_C_HA,42.412,-2.866,43.602,6,8.874751226041054,-8.613333878019223,-2.653535670918936,9.092057525595742,-8.70183248835068,-2.5815706228521926,38.93236152071457,4.667237944844633,46.54355005465339,-0.822085,0.24542412269375477,2.248832670390753
903,TYR_27_A_HB2,43.095,-2.887,43.454,3799,ARG_33_C_HA,43.074,-2.86,42.427,6,9.018487947681848,-8.011033939427474,-2.6604305113327316,9.039642506740313,-7.9272243731733285,-3.684357970303989,43.149563475418574,-2.9571530398238877,46.12241377404199,-0.41915699999999995,1.0275694623722536,2.241730746835415
896,TYR_27_A_HB2,43.603,-2.579,43.569,3922,ARG_33_C_HG3,43.545,-2.634,41.831,6,9.288067308485237,-7.495174353686176,-2.4949951583163443,9.225161025514748,-7.3832637571825845,-4.230089339608255,43.68640165089747,-2.4999122275972216,46.06817360792778,-0.48462700000000003,1.7398370613364915,1.8854524307829494
888,TYR_27_A_HB2,43.95,-2.017,44.004,3927,ARG_33_C_HG3,43.68,-1.955,41.01,6,9.825362671880738,-7.151746752408752,-2.027181974283946,9.886133671696784,-7.115815550228408,-5.033142026295821,44.1320846330577,-2.0588120268502843,46.02311626435086,0.6686300000000001,3.006788984947231,1.6675983328710515
974,TYR_27_A_HD2,43.215,-0.5,41.898,4022,ARG_33_C_HD3,42.798,-0.965,38.472,6,11.378410986347689,-7.555501650083544,-4.195539167076443,10.921706152113744,-7.662222665010153,-7.646281307451524,43.72200393176313,0.06536409657039621,46.06345676311865,0.639972,3.4824689517639658,2.6706771787211463
455,TYR_27_A_C,44.994,-1.281,48.246,3724,ARG_33_C_CZ,43.903,-1.422,37.505,6,10.510787402254994,-6.483941094843337,2.2983728505581844,10.375664980410365,-6.504007289213502,-8.497949777029339,44.7617426966149,-1.311016755066267,45.959404495271016,0.37155400000000005,10.797186809535157,4.596374889367444
41,GLU_26_A_C,44.515,0.005,48.213,3663,ARG_33_C_CD,42.979,-1.119,38.801,6,11.8290142389544,-6.858327425765612,2.21813020463948,10.756838824031357,-7.527198563569035,-7.300875377912101,44.15707942050466,-0.2569158407244537,46.019804365748605,0.26700799999999997,9.602521335565987,3.415850469432976
1482,PHE_28_A_HA,45.963,-1.378,47.325,3722,ARG_33_C_CZ,44.806,-1.531,37.505,6,10.33430744282382,-5.437943516515114,1.4790103605388618,10.19879729521925,-5.616405316309992,-8.40755862905051,45.78991518271451,-1.4008884849132937,45.85594822321218,0.531995,9.889108048757482,3.5613765168774636
73,GLU_26_A_CB,45.675,0.372,47.893,3057,GLN_31_C_OE1,45.971,-0.247,43.144,6,12.105079359483405,-5.6476861023920675,2.0160791334528896,11.431509893818424,-4.926551652017448,-2.6796686535781293,45.8020850672922,0.10623764643961398,45.854057484558524,-0.280559,4.7983099107915095,4.6650521280044295
350,GLU_26_A_HB3,46.559,-0.218,45.865,2975,GLN_31_C_CD,46.238,-0.24,42.085,6,11.435511300315808,-4.612820077424411,0.08655304539132214,11.410747300576467,-4.555336568958286,-3.7065996526385563,46.55167534692578,-0.21850200114527046,45.77874707594843,-0.34414100000000003,3.793669068329499,2.0489872977280106
364,GLU_26_A_HB3,47.403,-0.232,46.902,3033,GLN_31_C_OE1,46.956,-0.187,44.123,6,11.36524971036297,-3.8801420227982812,1.2028626696652371,11.423973577767203,-4.04258057852501,-1.6069131617865393,47.211639676047554,-0.21273553785713512,45.71231243788849,0.759425,2.8150799278173286,2.346683730570445
114,GLU_26_A_CD,47.682,0.59,47.041,3060,GLN_31_C_OE1,47.304,0.474,42.746,6,12.164811221906122,-3.554888184850743,1.369467982183258,12.046934412600423,-3.509635965376087,-2.9418453089683467,47.561930113562454,0.5531531565429753,45.676713856483396,-0.6125320000000001,4.313161833272658,2.270518792418709
250,GLU_26_A_OE2,47.87,1.238,45.336,3345,GLN_31_C_HE22,47.846,0.566,40.919,6,12.784541941277743,-3.148899216339651,-0.30784528400002237,12.084664066291433,-2.782423732216885,-4.705334986050688,47.87168011463735,1.2850432098457327,45.645211098048506,-0.4939859999999999,4.467890889446609,3.107079236085785
213,GLU_26_A_OE2,48.76,0.738,47.161,3338,GLN_31_C_HE22,48.23,0.822,41.335,6,12.231848990638175,-2.4861643694779834,1.5968956498459908,12.313911062253913,-2.4235982510429124,-4.252855054006791,48.61531781826857,0.7609307608781919,45.570587941948496,-0.30779500000000004,5.850660817377812,2.548618948587563
225,GLU_26_A_OE2,49.463,0.218,45.869,3356,GLN_31_C_HE22,48.887,0.085,39.999,6,11.651015578148883,-1.6990853815449283,0.3815717367716498,11.519860905761254,-1.6942184130340858,-5.5166601817382,49.425737084024995,0.2093958891932778,45.48925465837982,0.6447009999999999,5.899691941110143,3.051375768757483
2150,THR_29_A_HG22,50.105,0.038,46.157,3330,GLN_31_C_HE22,49.618,0.181,41.727,6,11.425121454949355,-1.1045779405100018,0.7323433828008183,11.57276216311046,-1.134335234573892,-3.7240940648409273,50.024969430377006,0.06149973604946281,45.429001183922274,0.849428,4.458981722321812,2.6597477423980806
3326,GLN_31_A_HE22,52.786,0.936,49.17,250,GLU_26_C_OE2,52.335,0.964,44.843,6,12.139677143844425,1.3223621721916103,3.9991010807067457,12.170668362758933,1.3093090539418548,-0.3512992641413165,52.37141870990457,0.9617389714471685,45.192409662432475,-0.09013200000000002,4.3505303125021415,2.366914752106054
3329,GLN_31_A_HE22,53.853,1.113,48.778,218,GLU_26_C_OE2,53.665,1.124,44.53,6,12.232796039707885,2.4335204398914456,3.7160142117857844,12.22754386458238,2.6722090412545816,-0.5294503289018123,53.68844541118637,1.1226281940263305,45.05976652510461,-0.8891739999999999,4.25217226838236,2.4804100916573577
2991,GLN_31_A_OE1,54.671,0.995,48.096,353,GLU_26_C_HB3,54.226,0.837,44.269,6,12.048489160493709,3.3042419931817166,3.119317512523833,11.897143073784127,3.233085319717241,-0.7330777280841654,54.31067967812824,0.867066043020815,44.99724523190287,-0.403506,3.8560235995128433,2.2942244055128933
2945,GLN_31_A_CD,55.412,0.377,49.656,367,GLU_26_C_HB3,54.949,0.409,43.8,6,11.387489045253616,3.836677179187494,4.745416101280241,11.412427213653691,3.96476730630684,-1.1274962943792954,55.03788788885791,0.40285656059729535,44.92424941069526,-0.865945,5.874362007912009,2.680759680261461
2997,GLN_31_A_OE1,56.19,0.84,48.333,402,GLU_26_C_HB3,55.571,0.91,43.308,6,11.780939376585113,4.775814547264042,3.507191630250294,11.86149691741225,4.669002851989513,-1.55450647852392,55.76110211386141,0.888502184215997,44.8512360616375,-0.829494,5.0634658091074325,3.9016931985388794
3022,GLN_31_A_OE1,56.458,-0.396,46.834,369,GLU_26_C_HB3,56.241,-0.311,43.539,6,10.51753114714082,5.097704136580528,2.042026882495934,10.595078945814574,5.218030689789579,-1.2581014270571502,56.32372648335554,-0.3434043828812029,44.795146371689015,-0.1296589999999999,3.303231599509791,2.4008888058756894
3738,ARG_33_A_CZ,57.587,-0.833,51.953,1484,PHE_28_C_H,57.028,-0.827,45.363,6,10.033195822902856,5.673263376396048,7.248169586567568,10.034202007067154,5.777465351372428,0.635321642148725,56.974294727937774,-0.8264235570082754,44.72987344742386,0.529804,6.61366895149735,2.550201931807709
4066,ARG_33_A_HE,58.088,-0.909,50.55,462,TYR_27_C_C,57.286,-0.867,41.839,6,9.909540934662976,6.304700697765198,5.9023678263530295,9.949605009364989,6.382437168187837,-2.8451370128045057,57.54685151437184,-0.8806605531217134,44.672263767697096,0.845842,8.747941986547463,2.5828588784789956
3676,ARG_33_A_CD,58.896,-0.336,51.189,1006,TYR_27_C_HD2,58.621,-0.475,47.705,6,10.424457123710981,7.085942654162532,6.619331091674725,10.281676213090835,7.150619232245789,3.125245724685256,58.37502931410662,-0.5993270012333825,44.58877501944524,-0.22807999999999998,3.497599462488524,2.471838731052146
3917,ARG_33_A_HG3,58.725,-0.81,49.417,933,TYR_27_C_HB2,58.555,-0.694,47.252,6,9.952046405773785,7.057363908416832,4.838906319641472,10.06504691500932,7.113784905896028,2.6678170640013548,58.34610536349344,-0.5514601303837611,44.59166536449005,0.22679000000000005,2.1747599867571585,2.436588991618957
3944,ARG_33_A_HG3,59.571,0.031,49.449,508,TYR_27_C_O,58.885,-0.045,40.913,6,10.726975345352617,7.957270243522815,4.955845306465129,10.64187363428504,8.123658882330993,-3.6059734559035874,59.17392199886575,-0.012991148813705111,44.50809939113418,0.38436500000000007,8.563858242638071,1.8672588147081377
3926,ARG_33_A_HG3,58.948,-1.634,48.445,944,TYR_27_C_HB2,58.697,-1.621,46.979,6,9.106622539612315,7.313209630018156,3.893765878615435,9.128040505217843,7.211629264186405,2.410004206369245,58.28931252086266,-1.599884712235911,44.59784524137304,-0.5184529999999999,1.4873889874541903,1.6832168960844336
4070,ARG_33_A_HH11,60.965,-0.55,53.127,611,TYR_27_C_CD2,60.616,-0.521,48.652,6,10.068728260567806,8.928769348630324,8.754711093005588,10.091955342461118,9.031771571493376,4.267271060564818,60.28412311933512,-0.4934228379963259,44.396558621847255,-0.14898299999999998,4.4886821005725075,3.612299098648582
4086,ARG_33_A_HH11,61.286,-1.175,54.028,1370,PHE_28_C_CE2,60.081,-1.096,40.414,6,9.427742277520798,9.109823675931748,9.683055479589942,9.500023230808928,9.280352202465954,-3.983142143941988,60.4322086108857,-1.1190252948215504,44.3819286544381,-0.039661,13.667452652195285,3.7642673387832195
4077,ARG_33_A_HH11,61.356,-2.019,53.714,528,TYR_27_C_CB,60.602,-2.108,46.702,6,8.578639650982629,9.146627456075636,9.37727416660123,8.496621569118458,9.092321526593658,2.3249763211986103,60.353423977742715,-2.1373412015661777,44.39030892829174,0.589923,7.052983836646729,2.8133466975544903
3976,ARG_33_A_HD2,62.309,-1.484,51.879,950,TYR_27_C_HB3,61.702,-1.578,46.303,6,9.027003195906449,10.315991661934657,7.647182699181361,8.93918189877253,10.263691107715003,2.0383848715004556,61.48140021105871,-1.612162076046919,44.27653472300389,0.47530799999999995,5.6097291378461405,2.649160126710082
4231,GLY_34_A_H,61.893,-1.842,46.179,956,TYR_27_C_HB3,61.805,-1.803,45.905,6,8.660632883266135,10.445547601807682,1.9340217481438873,8.704203218871834,10.388572676167447,1.6526030499316025,61.288228835476026,-1.573976415722333,44.29596251045946,-0.40303,0.2904152199868331,2.3724826015528544
3996,ARG_33_A_HD2,62.273,-2.426,52.136,1736,PHE_28_C_HE2,60.762,-2.464,38.68,6,8.092274789970372,10.183157756331877,7.898870920317179,8.07212876054013,10.025445168776654,-5.640819691998338,61.39150319905071,-2.448168681956369,44.28595304197641,-0.762991,13.540624099353769,3.55078741974494
3967,ARG_33_A_HD2,62.115,-2.848,51.329,1737,PHE_28_C_HE2,60.762,-2.898,38.68,6,7.677642093731442,10.0750179487677,7.0799188403823266,7.639378826229303,9.992529245996389,-5.641010431344454,61.36197873980578,-2.875827836666451,44.28911388012067,-0.678215,12.721254262060798,3.9880745842918803
3867,ARG_33_A_HB3,62.446,-3.055,50.364,1743,PHE_28_C_HE2,61.297,-3.036,38.471,6,7.439336565291213,10.484106704895543,6.1528309994931245,7.459884332014845,10.533716745958614,-5.79543781373285,61.85431572096938,-3.045215838727951,44.23962999955516,-0.5578339999999999,11.948389473062887,4.11085122650318
3856,ARG_33_A_HB3,62.689,-3.566,50.022,1720,PHE_28_C_HE2,61.68,-3.734,38.989,6,6.909011822665745,10.72059720753858,5.836663465551267,6.738684991083941,10.809006101627784,-5.241990181796378,62.157419753500356,-3.654508901300236,44.20938864258616,-0.198432,11.080315609223414,4.00732962534905
4176,GLY_34_A_C,62.856,-3.486,43.154,1335,PHE_28_C_CE1,62.997,-3.57,44.144,6,6.926997255792323,11.578450082921648,-0.980042334788968,6.8396812736033885,11.613066051672417,0.01906459340331379,62.99430948951107,-3.568397142687442,44.125109181673444,-0.9502390000000001,1.0035123317627888,2.97076577858932
3618,ARG_33_A_O,63.597,-3.762,49.162,1388,PHE_28_C_CE2,62.696,-3.733,39.811,6,6.638859622113005,11.692474220553072,5.071841355442945,6.668853822684846,11.734941713621936,-4.322366427013461,63.11055886871185,-3.746343182233787,44.1134861057985,-0.15766600000000003,9.394351654052556,3.632996079216448
3621,ARG_33_A_O,63.972,-3.878,48.827,1439,PHE_28_C_CZ,63.3,-3.903,42.056,6,6.492480515073174,12.08918104907528,4.776032550256095,6.469812178109209,12.09700592853386,-2.028236324337323,63.500311721226055,-3.8955479270377205,44.0743194411036,0.212849,6.80431113339183,3.2702378574335538
4595,ARG_35_A_HG2,62.752,-4.586,40.464,1413,PHE_28_C_CZ,62.736,-4.237,42.211,6,5.818757892007369,11.660571426013002,-3.667416070905033,6.180469217399169,11.496644013381507,-1.9306493276515666,62.71821385263022,-3.849039660496847,44.15302496593697,-0.415208,1.781590862122951,3.7210903390729566
3619,ARG_33_A_O,64.141,-4.782,48.827,1452,PHE_28_C_CZ,62.908,-4.152,41.21,6,5.578323876231759,12.188284232426,4.792561274100434,6.2450702773017595,11.773730966043919,-2.909352307990196,63.37375845827372,-4.389978774300436,44.087276704518146,0.425759,7.741826528668798,3.2896908915992555
3601,ARG_33_A_O,64.187,-5.419,48.59,1344,PHE_28_C_CE1,62.874,-4.261,42.959,6,4.937988474724297,12.2092848744819,4.561080072683313,6.151474218877665,11.557009746545674,-1.1725996799896874,63.142522736922785,-4.497823556250245,44.11060055720652,0.39158599999999993,5.896871543454206,3.230045794928745
4711,ARG_35_A_HD3,63.178,-6.126,39.781,1343,PHE_28_C_CE1,62.469,-4.474,42.959,6,4.246137922262311,12.034639614950772,-4.304993062949025,5.9696675364940095,11.139053502739774,-1.2132556574630498,62.19077512242309,-3.825724262683972,44.20610671500626,0.48427,3.651228423421359,3.9022429663380978
4710,ARG_35_A_HD3,63.493,-6.472,39.781,1349,PHE_28_C_CE1,62.584,-4.373,42.536,6,3.8773502247661984,12.32091028680925,-4.273596620328642,6.058664799524156,11.303062636482792,-1.6225666531888066,62.02764526013266,-3.088304071527432,44.22220165933393,0.19422799999999996,3.580796978327592,4.035289362521787
4868,ARG_37_A_H,64.87,-6.766,45.7,1449,PHE_28_C_CZ,63.198,-4.04,41.633,6,3.522605578149163,13.073437645653113,1.7534246016257067,6.3378796966552695,12.027678076106799,-2.4593853347910777,64.17409252300337,-5.631404436427726,44.00726333197049,0.3703509999999999,5.173697807178152,4.023996362222708
4726,ARG_35_A_HD3,64.437,-7.361,38.54,1448,PHE_28_C_CZ,62.793,-4.253,41.633,6,2.910747942448222,13.314005109822821,-5.414202029890298,6.156073014271614,11.6097218323009,-2.5000413122644405,61.38262208484123,-1.5866651092983837,44.28646647906696,0.34584000000000015,4.682846249878381,3.652636343003387
5426,GLU_39_A_HB2,63.963,-8.867,38.801,1373,PHE_28_C_CE2,61.907,-4.621,40.635,6,1.4467441797498908,12.703455029362384,-5.202649242021909,5.848885370526379,10.80250732923606,-3.5819213876757794,57.36309686826013,4.762955592104795,44.68826767685354,-0.539875,5.061542057515674,1.5652784437587288
5572,LYS_40_A_HZ1,64.248,-16.578,44.093,9129,LYS_51_C_HZ3,62.259,-20.212,44.624,6,-6.2256741016636505,11.872713987061635,0.08789676341726271,-9.695224190943277,9.570761236046769,0.4154234189353041,64.7817784253328,-15.602760785490517,43.950498067445096,-0.52374,4.176606038400081,3.1335577046351184
5569,LYS_40_A_HZ1,63.647,-17.063,44.874,9130,LYS_51_C_HZ3,61.875,-19.956,44.624,6,-6.658306278402387,11.161655368203363,0.8045640782835627,-9.41096737034154,9.209209584810415,0.3770767967938806,60.311959149777934,-22.50784942420568,44.40348069268876,-0.23227600000000004,3.4017544003058187,2.933400910655342
6226,GLU_43_A_OE1,63.548,-17.359,43.172,9122,LYS_51_C_HZ3,62.259,-20.212,45.04,6,-6.958164908013873,11.211015197956284,-0.8989233473977376,-9.69224564250612,9.52920337828048,0.8293317091483436,62.87754792152533,-18.84294086880391,44.14360937361574,-0.604302,3.6456212090671185,2.742038290659557
5670,LYS_40_A_HZ3,63.674,-17.485,48.943,9138,LYS_51_C_HZ3,61.654,-20.035,44.232,6,-7.051995503581507,10.749948543825539,4.855623234200514,-9.475859774528038,9.023123535549596,-0.03512092050862681,61.668505821033214,-20.016688196220453,44.26583015984527,-0.902221,5.725069519228563,2.868402824302792
6309,GLU_43_A_HB3,62.252,-17.259,43.507,9119,LYS_51_C_HZ3,61.654,-20.035,45.432,6,-6.758198971327779,9.899368152692462,-0.6953633984491805,-9.467267807882392,8.903245099685298,1.1588453012597686,62.0277386682859,-18.300052603408627,44.22891147750778,-0.29947999999999997,3.430656642685189,2.465629016659891
5492,LYS_40_A_NZ,63.377,-17.955,47.947,9123,LYS_51_C_HZ3,61.875,-19.956,45.04,6,-7.50534788697276,10.519146822788596,3.8346789741941976,-9.407988821904382,9.167651727044126,0.7909850870069202,61.48466521446666,-20.476013252897616,44.284538467679475,-0.8960830000000001,3.835447040437403,2.365969132293638
6301,GLU_43_A_HB3,62.02,-17.715,43.503,9131,LYS_51_C_HZ3,61.423,-19.866,44.624,6,-7.19539685710876,9.635015414001531,-0.7227794195909254,-9.2870980268159,8.767604978404421,0.3318467477608146,61.61085093196643,-19.18917026020136,44.27126818302452,0.16689600000000002,2.4979693753126773,2.9630271372898553
6293,GLU_43_A_HB3,62.582,-18.706,41.903,9118,LYS_51_C_HZ3,62.071,-20.235,45.432,6,-8.237432600057927,10.277254579408353,-2.2588833759799227,-9.698177615188357,9.301783360873415,1.200521616584781,62.248332965464684,-19.70438922858024,44.20732674143863,-0.25041500000000005,3.879794195572753,2.4734572021892953
6375,GLU_43_A_HG2,62.092,-19.565,40.976,9137,LYS_51_C_HZ3,62.071,-20.235,44.232,6,-9.06359789582069,9.818581016435097,-3.230675260442151,-9.706769581834003,9.421661796737713,0.0065553948163856735,62.071042525017766,-20.233643249433015,44.22540659724463,-0.764432,3.324285938363305,2.6360306059989096
6358,GLU_43_A_HG2,61.032,-19.327,40.773,9124,LYS_51_C_HZ3,61.423,-19.866,45.04,6,-8.747700854315797,8.805282096266566,-3.538713176215108,-9.284119478378742,8.726047120638132,0.7457550379738541,61.35494249431421,-19.772181597021373,44.29728548142892,-0.7295799999999999,4.318644579031709,2.0328019306806824
6348,GLU_43_A_HG2,60.4,-19.483,40.084,9125,LYS_51_C_HZ3,60.971,-19.956,45.04,6,-8.860465144119836,8.23527176601186,-4.287614663960931,-9.33973167442902,8.270790749023728,0.7004458804562234,60.89081761364382,-19.889579214104245,44.34405620528677,-0.540567,5.011158149569813,2.1302403764277944
7266,GLU_46_A_OE1,60.588,-20.752,39.201,9030,LYS_51_C_HZ1,61.279,-20.635,46.919,6,-10.146327324079484,8.413752706486402,-5.147903573593473,-10.026578092509174,8.337151284459933,2.6005470033723386,61.04708550800179,-20.674267721510553,44.32867286650911,0.405991,7.74975444772284,1.5672876392179906
7335,GLU_46_A_HB3,59.52,-21.291,39.676,9016,LYS_51_C_HZ1,60.312,-21.373,47.698,6,-10.599733755036308,7.265855527423927,-4.782493290942035,-10.683860780218689,7.243994504806908,3.278456822991439,59.98988687845605,-21.33964990408257,44.43538451890705,0.033426999999999985,8.06141873369694,1.7826197302715587
7345,GLU_46_A_HB3,58.824,-22.077,40.196,9264,ASP_52_C_HB2,59.697,-22.022,48.65,6,-11.327194662537543,6.463791912291798,-4.335160545283204,-11.277739146939828,6.48952549394523,4.1637900919868045,59.26930146338724,-22.048945497724745,44.50823204063656,-0.846889,8.499133485244247,1.7887147457450236
7271,GLU_46_A_OE1,58.734,-22.804,39.213,8953,LYS_51_C_HE3,59.306,-22.71,42.998,6,-12.052343398698726,6.4175651115287025,-5.3225512447203815,-11.974702912489587,6.614060631463079,-1.4992533926629594,59.53030189166186,-22.673139199622003,44.48223541947578,-0.21984700000000001,3.8291311024826467,2.2824434226739108
7246,GLU_46_A_CG,58.171,-22.685,38.754,8954,LYS_51_C_HE3,58.557,-22.554,43.38,6,-11.894462880103832,5.91389004135319,-5.835577721163758,-11.759863370586595,5.844645823234339,-1.1941209228842693,58.65630732876889,-22.520297253707966,44.5701443079919,-0.544772,4.643924310322041,2.11432807092309
7491,ALA_47_A_H,57.58,-21.653,42.469,9251,ASP_52_C_HB2,58.214,-21.525,48.219,6,-10.79421222457579,5.034703718775475,-2.19799474545002,-10.673281677432653,5.098987343554793,3.586647284818828,57.82090145273009,-21.604363744559226,44.65383178737859,0.6429880000000001,5.786263042759117,2.939716031761812
7356,GLU_46_A_HB3,57.423,-22.451,40.362,8631,LYS_51_C_CG,57.949,-22.442,44.39,6,-11.593145384155758,5.028907298925192,-4.310475327145503,-11.595046934238223,5.1490440375106274,-0.250043755483529,57.98139138822145,-22.441445774726247,44.63804660029658,-0.924216,4.062208881876951,2.2824266299701548
7204,GLU_46_A_C,56.995,-22.516,39.64,8609,LYS_51_C_CB,57.27,-22.535,44.903,6,-11.630811225188703,4.67148433316666,-5.071739478388461,-11.63283763097747,4.417104757787215,0.19233137270286316,57.25995242864516,-22.53430580416094,44.710707752579864,-0.832922,5.27021394252643,2.054640164458356
7218,GLU_46_A_C,56.784,-22.87,40.285,8849,LYS_51_C_HG3,57.303,-22.918,44.091,6,-11.963241702825453,4.370867500584862,-4.451270706002063,-12.0230400477443,4.501913970859984,-0.6124490143141774,57.38580171989163,-22.92565796253333,44.69821261253863,-0.792989,3.84152326558099,2.083832016032249
7525,ALA_47_A_HA,56.99,-23.57,43.568,8856,LYS_51_C_HG3,57.06,-23.598,43.546,6,-12.65327345208151,4.194183069236023,-1.1644540398739416,-12.686635720658405,4.263704432264368,-1.17934494710232,51.51607006805904,-21.38042802722373,45.28837797860989,-0.9499089999999999,0.0785366156642868,2.5355103371765546
7539,ALA_47_A_HA,56.461,-23.794,41.912,8858,LYS_51_C_HG3,56.742,-23.954,43.683,6,-12.848542658673946,3.8178040387600722,-2.8652073324989313,-13.016618594234005,3.907529446109894,-1.0750392311292518,56.910747294578755,-24.050083868799295,44.74652832277215,0.459471,1.8002783118173706,2.478736465068709
7502,ALA_47_A_HA,56.053,-24.122,41.933,8804,LYS_51_C_HB2,55.992,-23.966,43.868,6,-13.144641225954697,3.3860516526658024,-2.8853199045917926,-12.970630164765428,3.1440609307225675,-0.9660902046660165,55.96129419001441,-23.88747366626636,44.84202856265774,0.6216849999999999,1.9422363398927558,2.220731606380123
8273,LEU_50_A_HB2,55.427,-24.404,41.438,8802,LYS_51_C_HB2,55.787,-24.321,43.868,6,-13.382106593018827,2.7930573567445722,-3.4406513051536347,-13.30912897830318,2.9137555313885364,-0.9867777920344218,55.93176704004227,-24.287623154656927,44.84517752028532,0.362962,2.457923717286604,1.9838658293708265
7557,ALA_47_A_HB2,55.06,-23.532,44.783,8767,LYS_51_C_HB2,54.968,-23.461,45.387,6,-12.460957548976852,2.1609296882857296,-0.14884373947952118,-12.37889090574104,2.0147022761457762,0.44293629567446846,55.036860280478116,-23.514142172977678,44.934917289035,-0.593423,0.6150780438285852,1.6085890127566858
7406,ALA_47_A_O,54.432,-24.252,44.618,8761,LYS_51_C_HB2,54.407,-24.443,45.665,6,-13.132647526793278,1.4997653214577784,-0.3762272343465908,-13.313713249425541,1.3558827751224436,0.6629205015156935,54.42294865866126,-24.32115224782795,44.99707017526629,-0.959081,1.0645726842259269,2.312212558073737
7420,ALA_47_A_O,52.884,-23.627,44.715,7470,ALA_47_C_O,52.956,-23.787,45.527,6,-12.39187040481311,0.0017018958465181838,-0.43447865833468846,-12.55103206364851,-0.020119342833399303,0.3805792536563767,52.92238066343492,-23.712290363188714,45.147848593182715,-0.8697139999999999,0.8307394296649201,1.8896446147539414
8492,LEU_50_A_HD21,53.167,-27.006,45.083,8297,LEU_50_C_HA,53.44,-26.982,50.711,7,-15.779870992180612,-0.010569687645708873,-0.04147048000241693,-15.736256851161079,-0.3001352379487976,5.585583687035679,53.16901196588918,-27.005823123877875,45.124477450638516,0.663569,5.634668490692243,2.4235855020627692
8482,LEU_50_A_HD21,52.154,-27.251,45.037,8309,LEU_50_C_HA,52.735,-27.164,50.315,7,-15.9480074005248,-1.0295561057814553,-0.1888028520188722,-15.867336464711196,-0.9738113161157682,5.120886283753586,52.17465929929569,-27.247906438831805,45.224676044204166,0.769959,5.3105945053261205,2.829791321241913
8801,LYS_51_A_HB2,51.005,-25.313,45.915,8401,LEU_50_C_HD11,50.948,-25.422,45.227,7,-13.922546992962708,-2.110209332654555,0.5705572342690385,-14.031855272685146,-2.1062957942429543,-0.1197400815313539,50.957887311584535,-25.403092684864664,45.346341585441415,-0.27856400000000003,0.6989091500331097,1.758078407017219
8727,LYS_51_A_HA,49.949,-27.01,45.351,8189,LEU_50_C_CG,50.248,-27.124,47.848,7,-15.53896327464129,-3.2302328879504305,-0.09711532013678734,-15.657332668316418,-3.1916872985240943,2.417225333827341,49.96054874566225,-27.014403200687283,45.447445544878434,0.546389,2.517420505199717,2.587592116057386
8810,LYS_51_A_HG2,48.918,-26.899,45.647,8493,LEU_50_C_HD13,48.994,-26.911,46.292,7,-15.34831726950289,-4.274242353783142,0.09418636824170196,-15.361402956154938,-4.264187314004535,0.7435496417488348,48.90697664176831,-26.897259469752896,45.55344649921793,-0.597973,0.6495729366283698,2.488513520999553
8849,LYS_51_A_HG3,48.499,-25.634,47.127,8480,LEU_50_C_HD13,49.645,-25.71,46.957,7,-14.044727249454885,-4.741841947424415,1.5253361436522859,-14.208255064667258,-3.593673379499683,1.470933999562739,80.63073395791582,-27.76490033228762,42.36051241461978,-0.215741,1.1610305766860762,3.4304078688499087
8628,LYS_51_A_CG,47.103,-25.963,46.842,7336,GLU_46_C_OE1,46.915,-24.438,52.083,7,-14.269414262113994,-6.123298793084298,1.1018096038442353,-12.697086289222705,-6.71772240928739,6.298298352043698,47.14286157106459,-26.286345190816522,45.73075269175778,0.23805199999999999,5.461597751574168,2.2201655697879272
8896,LYS_51_A_HD3,46.109,-25.961,43.055,7343,GLU_46_C_OE1,46.714,-24.547,51.685,7,-14.219482177579334,-6.730980977637511,-2.765700984313301,-12.793445357053947,-6.885642303534443,5.882120698675873,46.30248792757845,-25.50878193455219,45.815001347110766,0.260174,8.76597518819213,3.197772886658518
8900,LYS_51_A_HD3,45.792,-25.589,42.746,7342,GLU_46_C_OE1,46.271,-24.659,51.685,7,-13.826830788834178,-6.986395236323299,-3.1047326102370327,-12.87167373696605,-7.333638298563734,5.8377032582493875,45.95830445464467,-25.26611243670242,45.8495397078678,0.45901400000000003,9.000003444443786,2.954498280871679
9228,ASP_52_A_HA,45.626,-24.993,41.616,7335,GLU_46_C_OE1,46.497,-24.621,52.083,7,-13.228104292274093,-6.992996271147477,-4.2454144276848895,-12.847997807653611,-7.146300695965187,6.256353557453649,45.97810794713293,-24.84261635323369,45.8473592223197,-0.46297400000000005,10.509762794659068,3.342265336793663
8912,LYS_51_A_HE2,45.244,-25.773,45.176,7334,GLU_46_C_OE1,46.043,-24.659,52.083,7,-13.951524954237673,-7.786776569499366,-0.7419162638788084,-12.851608769771515,-7.5995974300007445,6.210866945519132,45.329259539523385,-25.654127500589432,45.913030837907385,0.824238,7.041736007548136,2.8517807372901243
8877,LYS_51_A_HD3,45.005,-25.233,44.382,7341,GLU_46_C_OE1,45.817,-24.621,51.685,7,-13.400719492548182,-7.903614290389005,-1.555623391996995,-12.799503604596342,-7.781170953955742,5.79225004767502,45.17690908426397,-25.103433054717303,45.9281232049012,0.8890539999999999,7.373445395471514,2.8655405360699815
8880,LYS_51_A_HD3,45.046,-24.063,43.387,7361,GLU_46_C_OE1,45.923,-23.998,50.706,7,-12.244309391106894,-7.674802396540073,-2.540999865492183,-12.19331127009486,-7.530956951490693,4.829062731229221,45.34836607257962,-24.040589743765477,45.91039485200716,0.9437119999999999,7.3716426256296534,2.558888354099716
9065,LYS_51_A_HZ2,44.309,-24.921,44.239,7340,GLU_46_C_OE1,45.399,-24.438,51.685,7,-13.038090070208026,-8.55616930193484,-1.7674744221093581,-12.585469325889548,-8.181990651376449,5.750466107003584,44.56525995744961,-24.807446275735632,45.98956114052277,0.8579289999999999,7.540842459566443,2.582087153519558
8925,LYS_51_A_HE2,44.03,-25.102,45.345,7332,GLU_46_C_OE1,45.218,-24.298,52.083,7,-13.189583711533187,-8.957181564321647,-0.6950580654393097,-12.429356373314686,-8.39070290917267,6.128398560603376,44.1510132967784,-25.02010211228128,46.0313531933442,0.981206,6.889006024093752,2.1914030639431905
9067,LYS_51_A_HZ2,43.671,-24.852,45.242,7339,GLU_46_C_OE1,45.063,-24.129,51.685,7,-12.913934728407149,-9.284096137358453,-0.8333855754933267,-12.251989436396624,-8.49190167930429,5.716950169414216,43.84810126110537,-24.760014215675877,46.061729472199644,0.856292,6.631187073216987,1.9559003963365964
8677,LYS_51_A_CE,43.871,-24.277,46.117,7331,GLU_46_C_OE1,44.938,-23.938,52.083,7,-12.349427084571383,-9.129477120957489,0.057498300114596224,-12.049251699812071,-8.641188177257753,6.100513660499279,43.86084766998534,-24.28022552940485,46.06023448840914,0.914097,6.070137230738694,2.2295596397053705
9054,LYS_51_A_HZ2,43.692,-23.955,45.951,7338,GLU_46_C_OE1,44.846,-23.728,51.685,7,-12.01602758880365,-9.266058856705415,-0.12545307506992942,-11.835759715386196,-8.676774898984538,5.695392989806412,43.71687144429127,-23.950107610178407,46.074581335845934,0.649091,5.853375180184506,2.109704264083811
9117,LYS_51_A_HZ3,43.413,-23.3,45.999,7290,GLU_46_C_CD,44.773,-23.185,52.298,7,-11.34150444135768,-9.497973433059505,-0.10534952229737327,-11.284422759033996,-8.76925348310737,6.298238137451253,43.43537423112438,-23.29810806133875,46.10262888371504,0.888844,6.445170750259454,2.1365231366537993
9073,LYS_51_A_HZ2,43.225,-22.864,44.848,7291,GLU_46_C_CD,44.765,-22.884,51.931,7,-10.900806325233184,-9.536437760402954,-1.2691994550491614,-10.986313404322736,-8.717698699132495,5.93241452300989,43.49640682168339,-22.86752476391797,46.096295141547714,0.807214,7.248509432979995,1.8404854871593403
1421,PHE_28_A_CZ,39.337,-5.533,49.877,4616,ARG_35_C_HG2,39.483,-5.582,51.355,7,6.70984821585172,-12.581686732990773,3.3527321032410096,6.660547959879005,-12.58820630399756,4.837901447105505,39.007408705178726,-5.422383743518883,46.54045250858995,-0.2383689999999999,1.4860016823678168,3.864682464095039
1735,PHE_28_A_HZ,38.555,-4.645,49.52,4404,ARG_35_C_CG,38.592,-4.64,50.391,7,7.651779820476462,-13.254498620061398,2.9195970009628276,7.6602080439062465,-13.304423363543012,3.789925378667532,38.430880079516065,-4.661772962227559,46.59814997995916,-0.6755450000000001,0.8717998623537351,4.033350684125535
1734,PHE_28_A_HZ,38.465,-4.193,49.52,4288,GLY_34_C_HA2,37.958,-4.293,45.561,7,8.109273421214773,-13.30950677742161,2.910781792098149,8.019496511739005,-13.424588297629443,-1.0791337897446134,38.09512591662098,-4.265953468122095,46.631772197046274,0.39627900000000005,3.992584376065211,4.269163782900419
1683,PHE_28_A_HE1,39.156,-4.172,47.45,4165,GLY_34_C_CA,38.872,-4.093,43.639,7,8.063217357071606,-12.415580699026126,0.920405695648006,8.136146773607232,-12.310632368305804,-2.899841043514635,39.08757635215433,-4.152966661338704,46.531822105845606,0.250967,3.822383811183801,3.6535159187385617
1741,PHE_28_A_HZ,38.811,-3.357,49.104,4296,GLY_34_C_HA2,38.278,-3.813,44.434,7,8.913761941979299,-12.861276467856092,2.5318941972300846,8.465882839818246,-12.958124846817554,-2.1682068337414804,38.52387859596399,-3.6026423269051,46.58832090647627,0.7158359999999999,4.722385520052341,3.5908181606265837
1737,PHE_28_A_HZ,39.195,-3.101,49.52,4144,GLY_34_C_CA,38.729,-3.9,44.306,7,9.14300893794178,-12.50245098668212,2.984374129273981,8.344163884537444,-12.504497780684353,-2.2504320172118475,38.929332407862844,-3.556511601110704,46.54748749913491,0.8264630000000001,5.29540867167021,3.757703444344302
1340,PHE_28_A_CE2,40.578,-3.557,51.266,4258,GLY_34_C_H,39.804,-3.757,44.639,7,8.59639930753152,-11.339380338696973,4.859907541329912,8.407967646109878,-11.460407911933109,-1.8113780046117696,40.01415538398329,-3.7026962832084527,46.438353655887894,0.9027860000000001,6.675043445551492,4.717113599324552
944,TYR_27_A_HD1,39.222,-2.76,46.439,3902,ARG_33_C_HG2,39.624,-2.821,40.927,7,9.458928215368049,-12.142013814846218,-0.07828012076950386,9.328284860020576,-11.197173284565158,-5.522329871280769,39.21621963244433,-2.7591228795500107,46.51825717902211,0.8404959999999999,5.526976479052539,2.4714539306972627
1339,PHE_28_A_CE2,40.979,-3.367,51.356,3912,ARG_33_C_HG2,39.87,-3.272,40.119,7,8.756218657910892,-10.936127781209146,4.989700261171357,8.854224233124027,-10.90660309236998,-6.301827456545859,40.48893543761518,-3.325019717379117,46.39039541251749,-0.30042800000000003,11.29199163124026,3.655929491899664
1365,PHE_28_A_CE2,41.154,-3.212,51.231,3629,ARG_33_C_CG,40.018,-3.333,39.925,7,8.896663712884223,-10.738266758369024,4.882923849102957,8.780836056265096,-10.745017954716145,-6.480056014265197,40.665835666411475,-3.2639963770811726,46.37256165884518,-0.29250300000000007,11.363572193637005,3.7234868840801587
1389,PHE_28_A_CZ,40.454,-2.521,48.163,3906,ARG_33_C_HG2,39.714,-2.369,40.927,7,9.616560592075794,-11.073841943825107,1.760546104781109,9.772187435819104,-11.073602928602734,-5.513117362026947,40.274887490398314,-2.484209322352087,46.411570108813876,0.900522,7.275328171292341,2.5277243470172883
1386,PHE_28_A_CZ,41.214,-2.635,49.558,3674,ARG_33_C_CD,40.16,-2.647,39.508,7,9.45549278404641,-10.4678485761204,3.22459876760254,9.45115262900924,-10.510453199226744,-6.880435918589496,40.87766002625431,-2.6388292976138015,46.350963248440095,0.06470600000000004,10.105125432175493,3.949555540370647
457,TYR_27_A_O,41.374,-2.313,48.804,3631,ARG_33_C_CG,40.691,-2.367,41.857,7,9.759085785854506,-10.209367011537166,2.490556146208012,9.707071386152714,-10.197072543916223,-4.489942213385637,41.13031398214968,-2.3322665372824547,46.3253956573848,0.811425,6.9807029731969,2.862417490306166
865,TYR_27_A_HA,40.835,-1.41,47.711,3904,ARG_33_C_HG2,40.354,-1.729,40.927,7,10.692356562232535,-10.56643481785808,1.3494657730789028,10.36202037674758,-10.390117493825667,-5.448737534104937,40.73951991393593,-1.473322551880326,46.364353630231506,0.43854899999999997,6.80850776602333,2.2179439299069457
868,TYR_27_A_HA,40.615,-0.676,47.131,3634,ARG_33_C_CG,40.581,-1.612,40.699,7,11.436700864662015,-10.671087336457072,0.7506708083441793,10.459911111246306,-10.133259596269092,-5.652804740098745,40.611014225823055,-0.7857260185183338,46.376985308643235,0.743174,6.49983661333114,3.2597315644284333
478,TYR_27_A_O,41.971,-1.153,48.462,3646,ARG_33_C_CG,41.167,-1.271,40.472,7,10.868218986577247,-9.494938212341577,2.210577514997574,10.754057266337364,-9.50334781024512,-5.819823245879495,41.749678004375966,-1.1854825814473064,46.26254384945771,0.6199300000000001,8.03121659526127,3.0562142701757815
858,TYR_27_A_HA,41.26,0.031,47.199,4021,ARG_33_C_HD3,41.126,-0.965,38.888,7,12.09345017273868,-9.984353008403565,0.8832389380500534,11.050930221102679,-9.362576490973456,-7.399830487761454,41.24571133336998,-0.07520531316042367,46.31278277341738,0.9977159999999998,8.37154065868404,4.9130709318260735
598,TYR_27_A_CD2,42.238,-1.002,41.356,4034,ARG_33_C_HD3,41.852,-1.038,37.761,7,10.947745273074172,-8.508714299056189,-4.83288498313643,10.915254063009499,-8.535260538779646,-8.448484050846382,42.753956987640294,-0.9538796591838051,46.16135070095036,0.361502,3.615842502100996,3.365265193228182
49,GLU_26_A_C,41.735,1.025,45.711,4020,ARG_33_C_HD3,41.51,-0.709,38.888,7,13.038067875720666,-9.289066812123997,-0.5492691772763932,11.277198668628003,-8.962193152033192,-7.361258845930604,41.75314235941312,1.1648171165437844,46.261156970114314,0.854838,7.043487062528049,4.635551939635161
1026,TYR_27_A_HE2,42.781,0.42,41.593,4024,ARG_33_C_HD3,41.962,-0.619,38.472,7,12.326346757234765,-7.88582949646968,-4.542068080984969,11.329832316241122,-8.4653789226525,-7.729857978626013,43.94793818531749,1.9004014341207345,46.03990363415863,0.087666,3.3898263967347955,2.6888347407019655
695,TYR_27_A_CE2,42.823,0.957,42.625,4030,ARG_33_C_HD3,41.731,-0.788,38.08,7,12.86601786913223,-7.9065288653326125,-3.5108146557242224,11.175954199207766,-8.668211883035449,-8.143096790066275,43.65062869204973,2.27953852346775,46.069663374877315,0.28613399999999994,4.989440249166234,3.6110499620823813
588,TYR_27_A_CD2,43.201,0.951,43.304,4019,ARG_33_C_HD3,41.962,-0.619,38.888,7,12.836355619899814,-7.59980026115522,-2.7973731974742373,11.33281086467828,-8.506936780418789,-7.3159496884129736,43.968043647179805,1.9229600694691666,46.037869851449585,0.32337,4.847790940211843,3.4477668907433348
285,GLU_26_A_HA,43.738,1.341,43.73,4015,ARG_33_C_HD3,42.193,-0.788,39.28,7,13.187735879403155,-7.080019049856279,-2.3195610946430456,11.149662535174633,-8.329738801371628,-6.90285942512706,44.519908929512134,2.418465443968504,45.982100152963746,-0.295392,5.1693487017224875,2.602968447158205
324,GLU_26_A_HA,44.591,2.029,43.836,4029,ARG_33_C_HD3,42.193,-0.788,38.08,7,13.810106808426829,-6.192164498759854,-2.1283603550953814,11.141070568528985,-8.209860365507332,-8.096825646895455,45.4461290628314,3.033544858213532,45.88859503155026,0.7528269999999999,6.842326285701378,3.5963342524364506
336,GLU_26_A_HB2,46.257,1.392,48.585,4023,ARG_33_C_HD3,42.414,-0.709,38.472,7,13.083151803873967,-5.062052137816298,2.76333755800168,11.205962972715481,-8.023774316246506,-7.684627929592947,45.24058142089869,0.8363155257112028,45.910256026424264,-0.41682699999999995,11.0206904956087,4.405314546399784
406,GLU_26_A_HG2,45.992,2.59,43.99,4018,ARG_33_C_HD3,42.414,-0.709,38.888,7,14.264810098376646,-4.775064801101662,-1.8345723958358737,11.208941521152639,-8.065332174012795,-7.270719639379908,47.19949121357893,3.7033352469527396,45.71180552590266,-0.225235,7.050949510526934,3.0162077906904674
427,GLU_26_A_HG2,47.057,2.239,43.736,275,GLU_26_C_OE2,51.498,2.669,44.564,7,13.832588899036548,-3.719721937174456,-1.980785508787287,13.9319580241335,0.6361032571096168,-0.7119759668080509,53.99000937097484,2.910288905543616,45.02862142741886,-0.348624,4.537947223139551,1.6225452244343965
105,GLU_26_A_CG,47.515,3.669,44.43,281,GLU_26_C_OE2,51.554,2.891,44.166,7,15.228857431808521,-3.2262128361949176,-1.2437760436912304,14.146240601802837,0.748257875128691,-1.1022685731489634,83.01568007871273,-3.169209730437851,42.10957921743494,-0.16017100000000006,4.121710931154684,2.0327463854105567
121,GLU_26_A_CD,48.064,4.253,45.446,178,GLU_26_C_CD,51.765,3.777,43.958,7,15.776997221459585,-2.7387530524720196,-0.1776434392493118,15.012267648706313,1.0455675278214165,-1.2877008369203309,47.471725789638356,4.329174689038679,45.68412591867553,-0.026273999999999992,4.017228024396923,2.2982139547634866
186,GLU_26_A_OE1,49.047,3.846,48.656,274,GLU_26_C_OE2,51.646,3.101,44.564,7,15.319930931552205,-2.1150589230960213,3.1144887026326358,14.351538876387439,0.8156987156750776,-0.696963315992107,51.17074604182028,3.2372309345301664,45.312264408184454,-0.36338299999999996,4.904517305505202,2.4921652004605113
162,GLU_26_A_CD,49.192,3.663,45.497,273,GLU_26_C_OE2,51.678,2.901,44.947,7,15.10389135514275,-1.6695033218018949,-0.014185474647614327,14.15244103066819,0.7940161781430726,-0.3127720675283636,49.07389325704905,3.699201664573063,45.523129810387374,-0.6439889999999999,2.6576944895905514,2.716932508256175
146,GLU_26_A_CD,49.672,3.673,46.682,152,GLU_26_C_CD,51.679,3.235,44.13,7,15.086104385675675,-1.3109154769570377,1.212934479247155,14.479553795562595,0.9019571248547409,-1.1254171260047725,50.713057937729076,3.4458034993894704,45.35824322018705,-0.74271,3.2760642545591225,2.119469901472316
4040,ARG_33_A_HD3,60.243,0.648,50.991,494,TYR_27_C_O,59.312,0.46,41.377,7,11.302499028930086,8.516714787250548,6.557666548718676,11.116500360479977,8.539234590569096,-3.1013188200347757,59.6109266171572,0.520363269630029,44.46387486288865,0.881534,9.660802295875841,2.2846742096683967
3656,ARG_33_A_CG,60.661,0.248,49.391,717,TYR_27_C_CE2,60.596,0.15,49.22,7,10.860633827540347,9.06091443776685,5.007400157359196,10.766599615308046,9.006077801786422,4.830706891261701,58.818932006029144,-2.5292717447558557,44.54494420047704,-0.817855,0.207533129885328,2.908889515345005
4007,ARG_33_A_HD3,61.484,0.21,51.186,882,TYR_27_C_HA,60.526,0.11,42.315,7,10.773454244151532,9.695214885156604,6.875784663471714,10.68256061924982,9.62339737626156,-2.0466021020954672,60.7457444322156,0.1329378321728204,44.34981509205062,0.855605,8.92313874149674,3.2006771695433467
3665,ARG_33_A_CD,61.934,-0.256,50.893,588,TYR_27_C_CD2,61.651,-0.183,48.156,7,10.272721046377322,10.135588583291652,6.6291224032094815,10.347282049380826,10.133782757924946,3.8775729495696116,61.252187198988366,-0.0801260265941659,44.298930613537465,-0.02986600000000007,2.7525600810881508,3.4215256796611015
3911,ARG_33_A_HG2,62.386,-0.364,48.932,888,TYR_27_C_HA,61.837,-0.315,43.374,7,10.11686284340066,10.77172935711838,4.7232047406542454,10.167379207504474,10.786018160791404,-0.8618118150103241,61.921715001598486,-0.32256108393137395,44.23164294878754,0.9853810000000001,5.5852632883329685,2.8477710274814525
3882,ARG_33_A_HG2,62.472,-1.198,48.539,1381,PHE_28_C_CE2,61.581,-1.168,39.811,7,9.275957684595665,10.833057211319147,4.340427510147678,9.31065461057425,10.823284688093107,-4.432910829453586,62.031196196266,-1.1831581210863948,44.22100269473585,0.681155,8.77341239199435,2.9989930920764474
3584,ARG_33_A_C,62.495,-1.975,47.527,955,TYR_27_C_HB3,62.224,-1.806,45.353,7,8.492213182590591,10.89804293800631,3.3354780532575514,8.665622669389853,10.859180322145926,1.145341791063689,62.08227930858176,-1.7176206758314323,44.216096741168855,-0.546151,2.1973342940936407,2.5682000742686464
3585,ARG_33_A_C,62.964,-2.307,48.702,1732,PHE_28_C_HE2,62.151,-2.264,38.68,7,8.13417025084243,11.220778284551022,4.551396288631889,8.166675284283592,11.418644657925737,-5.501617902201053,62.59592281315668,-2.287532202909884,44.164645059601824,0.38098600000000005,10.055013774232235,3.8544831938280386
4287,GLY_34_A_HA2,64.106,-1.837,45.781,1749,PHE_28_C_HZ,63.734,-1.749,42.386,7,8.495674711584975,12.681210109752973,1.7596659275832924,8.587201254618225,12.657978120009695,-1.6554821170222298,63.91432581296294,-1.7916577191955307,44.031715416691306,0.11413800000000002,3.416453277889216,3.3305276057838795
4221,GLY_34_A_H,63.253,-2.729,44.272,1703,PHE_28_C_HE1,63.238,-2.613,44.633,7,7.65984593003872,11.918041429351703,0.17243002413557906,7.779229146476305,11.87589426136439,0.5301635336977518,63.260230103674665,-2.7849128017506857,44.097995504896566,-0.629898,0.379475954442443,2.1212236042224912
4290,GLY_34_A_HA2,65.01,-1.837,45.365,1772,PHE_28_C_HZ,64.247,-2.017,41.17,7,8.424439015672455,13.619628945539667,1.4362968439209505,8.272532237303661,13.268077736455872,-2.814106675520157,64.75216695264365,-1.8978256206083115,43.947425119711774,0.401621,4.267621585848493,2.98278680342462
3576,ARG_33_A_C,63.921,-3.152,47.965,1695,PHE_28_C_HE1,63.449,-3.167,43.821,7,7.214068285721865,12.179758599736948,3.9135780317066367,7.205079253560786,12.124328605108238,-0.25686459624022406,63.478071276178916,-3.166076124697702,44.07623595018102,0.6301080000000001,4.170820662651422,2.5289023957566936
4606,ARG_35_A_HG2,63.597,-3.056,40.643,1463,PHE_28_C_CZ,63.532,-2.935,40.448,7,7.2818303019044475,12.597056473365987,-3.404013566205043,7.405993456823264,12.56122705377307,-3.604489908081687,64.70067577406958,-5.110534902498612,43.95402732220852,-0.9068590000000001,0.238518343110128,3.9898851943392533
4478,ARG_35_A_H,64.787,-2.646,44.116,1776,PHE_28_C_HZ,64.157,-2.469,41.17,7,7.625664171747963,13.461806381287593,0.17088711307235727,7.8286296615051345,13.14450738049344,-2.82331918477398,64.75104426731951,-2.63589815129453,43.94786414527507,-0.467688,3.0178046656468673,3.587217874513269
4364,ARG_35_A_CG,64.279,-2.809,38.449,1767,PHE_28_C_HZ,64.157,-2.469,41.586,7,7.460914996589096,13.511581614118539,-5.51856823304656,7.831608209942292,13.102949522727151,-2.4094108945609394,64.06245730011862,-2.205520344592876,44.01698729121219,-0.800972,3.157729089076516,3.4041937332079053
4526,ARG_35_A_HB2,64.707,-2.946,42.37,1754,PHE_28_C_HZ,64.023,-2.751,41.614,7,7.320067416514141,13.534108335312728,-1.5744779062387089,7.560738706839145,12.945822811590292,-2.395096253944824,66.01935536090274,-3.3201363967485884,43.820498030471455,-0.6830679999999999,1.0379869941381716,3.8936712686963513
4380,ARG_35_A_CG,63.39,-3.814,38.615,1462,PHE_28_C_CZ,63.321,-3.349,40.448,7,6.527122851406575,12.536796639500212,-5.442881491448231,7.009117617255842,12.32049429206553,-3.6258043493906493,63.18331707266722,-2.4211367940617543,44.10557689566624,0.013577999999999979,1.8923200046503748,3.426258314652323
4796,ARG_35_A_HE,64.467,-3.52,36.771,1753,PHE_28_C_HZ,63.947,-2.846,41.158,7,6.725753411412054,13.811802490499232,-7.169614528298507,7.468485824156638,12.908771702178067,-2.856456873122585,63.60262177579082,-2.3996328401596294,44.063360133857124,-0.648348,4.468830383892412,2.944555202604648
4323,GLY_34_A_HA3,64.844,-4.399,47.643,1454,PHE_28_C_CZ,63.618,-3.565,41.21,7,5.8986627976131025,13.033060516593421,3.685091181882813,6.77677047743408,12.522643914023982,-2.8379849938536683,64.15139398601639,-3.927847132412449,44.0087956868217,0.20146500000000003,6.601675620628446,3.292791553533273
4408,ARG_35_A_CD,63.657,-4.906,37.902,1460,PHE_28_C_CZ,63.287,-3.727,40.809,7,5.413003097470029,12.790095162640512,-6.126035231146196,6.637358327712047,12.222030658711093,-3.2701908744708508,62.86331772868645,-2.3769421678954465,44.13776854786083,-0.44177299999999997,3.1587323406708547,3.5691968201385267
4321,GLY_34_A_HA3,65.72,-4.598,46.16,1441,PHE_28_C_CZ,63.841,-3.158,42.056,7,5.6234747575954165,14.035199596883297,2.297195362166144,7.171817747507189,12.69023671068838,-1.9737255947644923,64.70934442265767,-3.823468849721684,43.9525862217068,0.972805,4.737832521311827,3.2056895733661883
4445,ARG_35_A_CZ,65.089,-4.689,35.384,1455,PHE_28_C_CZ,63.841,-3.158,41.21,7,5.503225100648597,14.47878932571938,-8.487858470452183,7.165760411022008,12.774751007972707,-2.815471781111205,63.22155901770071,-2.398092833413291,44.10171727794524,-0.622013,6.151726668180244,2.2765169868058686
4426,ARG_35_A_CZ,64.482,-5.451,36.879,1461,PHE_28_C_CZ,63.582,-3.365,40.809,7,4.799956031214625,13.669441870618165,-7.061503916738886,6.9760414664300825,12.542156216686777,-3.2404863516021276,62.818737945658334,-1.5959281718258445,44.14191097062532,-0.3817060000000001,4.539415821446632,3.531138872613361
4736,ARG_35_A_HD3,64.196,-5.938,37.309,1346,PHE_28_C_CE1,63.477,-3.58,42.959,7,4.339032171258791,13.30580840628474,-6.662524094015623,6.784982776724948,12.206896944548326,-1.1119075305261077,63.33296888105964,-3.1076420327380228,44.090816164134935,-0.42159,6.164383586377479,3.2502679272284167
4305,GLY_34_A_HA3,65.564,-6.396,44.786,1450,PHE_28_C_CZ,63.541,-3.736,41.633,7,3.8325946876367274,13.881326395264328,0.9136898100094935,6.615105621526009,12.391025668845808,-2.424898910935781,65.01035454075162,-5.668023271576524,43.92310126890255,0.313269,4.594511725961745,4.104385560550506
4733,ARG_35_A_HD3,64.573,-7.022,38.044,1415,PHE_28_C_CZ,63.411,-3.679,42.469,7,3.2349513880370533,13.524191675632999,-5.893938137996885,6.68774291938914,12.18286004677666,-1.6060974107248305,62.97574941352367,-2.4268117809032943,44.126473188603924,0.18147299999999994,5.666261377663408,3.823354120655248
4685,ARG_35_A_HD2,66.291,-6.877,40.612,1451,PHE_28_C_CZ,63.801,-3.359,41.633,7,3.2682017655029503,14.983081777569641,-3.166722143091145,6.971388254502552,12.67756527410946,-2.398693185327497,56.02428016269472,7.628349553269086,44.821767451360934,0.98985,4.429318796383929,5.157854809391817
4668,ARG_35_A_HD2,65.812,-7.345,40.2,1440,PHE_28_C_CZ,63.618,-3.565,42.056,7,2.8347670815358708,14.513528184999272,-3.6248299889512823,6.782827813919261,12.438129616739655,-1.9962388075069553,60.928713705457966,1.0683191400952265,44.33098421270283,0.925436,4.748344132431848,5.102721391073372
4803,ARG_35_A_HH11,65.003,-8.028,38.305,1453,PHE_28_C_CZ,63.3,-3.903,41.21,7,2.2012503100186915,13.848424143216306,-5.591626397787342,6.463754841624028,12.181520225818188,-2.8699825106840358,61.50418084862055,0.4468261887493906,44.27333214019805,-0.14841800000000002,5.324928074631621,3.746759992268279
5536,LYS_40_A_HE2,65.134,-16.878,45.273,9142,LYS_51_C_HZ3,62.072,-20.631,43.913,7,-6.583259278736681,12.611083709802529,1.3505681354207544,-10.103988505728436,9.42448770033161,-0.3109145104802076,62.644994387536414,-19.928698257209618,44.16749783378495,0.04804599999999998,5.030949512765956,2.528153464731743
5612,LYS_40_A_HZ2,65.221,-17.596,46.018,9117,LYS_51_C_HZ3,62.359,-20.597,45.432,7,-7.300426013806794,12.568516754422532,2.1002200069041446,-10.080880573572474,9.560053765492746,1.2292068696220941,58.32003673954203,-24.83212534753123,44.60501451061203,-0.28438399999999997,4.188130967388677,2.328711039164273
5624,LYS_40_A_HZ2,64.999,-17.892,48.305,9105,LYS_51_C_HZ3,62.254,-20.694,45.695,7,-7.562436313918186,12.097352032852735,4.3533563560369695,-10.167790010439228,9.422252824276413,1.4803256669738571,60.83964199424952,-22.137727188383554,44.35020058469626,0.354977,4.711510267419565,2.875832275513242
5626,LYS_40_A_HZ2,64.904,-18.3,48.096,9121,LYS_51_C_HZ3,62.515,-20.596,45.04,7,-7.963584530207279,11.993037088373098,4.135713297506973,-10.094469051293553,9.754057942561422,0.8548023657053649,61.89257443157753,-21.194195523272498,44.24379550560943,-0.023678000000000032,4.507557320766977,2.6733601790204604
6272,GLU_43_A_OE1,64.358,-18.734,42.166,9127,LYS_51_C_HZ3,62.605,-21.048,44.624,7,-8.397566990707999,12.010832279076883,-1.8193445993707353,-10.55494120046902,9.850623957687924,0.4497092843570041,62.952431315373914,-20.589382736009554,44.13684302727376,0.173055,3.8038623792140585,2.118052307428639
6209,GLU_43_A_CD,63.902,-19.064,41.265,9128,LYS_51_C_HZ3,62.515,-20.596,44.624,7,-8.698637018372834,11.623413868038881,-2.761629489003737,-10.09744759973071,9.795615800327711,0.4408940754923254,62.7059494404623,-20.38508828926587,44.16156368384076,-0.24149999999999996,3.943814650817152,2.117329408527408
6385,GLU_43_A_HG2,62.818,-19.638,39.849,9136,LYS_51_C_HZ3,62.359,-20.597,44.232,7,-9.199274053913872,10.645896968628907,-4.279328823527086,-10.08947254021812,9.679932201357044,0.03524064785369885,62.362749031617675,-20.589167055944777,44.19620042357243,0.36818400000000007,4.510105431140166,2.3736517038500757
7295,GLU_46_A_OE1,60.562,-22.578,39.189,8708,LYS_51_C_CE,61.131,-22.49,43.091,7,-11.965190602730354,8.250667242973174,-5.163249751166128,-11.892468600676795,8.43204324801513,-1.223843291404409,61.307769480357514,-22.462661310594974,44.30322234157296,-0.340569,3.944250118843886,1.8046854607647294
7285,GLU_46_A_OE1,59.361,-22.868,39.45,9223,ASP_52_C_HA,60.32,-22.887,48.512,7,-12.161804214009008,7.011083647556391,-5.023974491936187,-12.18827578016328,7.055787274595941,4.0884997517538775,59.88972484562609,-22.878475257629713,44.446146560024694,-0.19863199999999998,9.112622344857707,2.1265744311909405
7520,ALA_47_A_HA,56.696,-24.416,42.884,8859,LYS_51_C_HG3,56.866,-24.457,43.697,7,-13.479535435008033,3.9066722427721787,-1.8748318690862593,-13.52743225184103,3.991002518536925,-1.048911594769959,57.08189852756491,-24.509069644883304,44.72950295829571,0.22798000000000002,0.8315948532789297,2.521237234000722
8435,LEU_50_A_HD13,56.568,-25.172,42.993,8778,LYS_51_C_HB2,56.667,-25.046,44.025,7,-14.222912735410512,3.7114567059431005,-1.7795319035728423,-14.097361630108994,3.716135669073148,-0.7427503319476576,56.73792360134021,-24.955733598294284,44.764324813970646,0.6169339999999999,1.0443663150446751,2.30802028573091
8270,LEU_50_A_HB2,56.29,-25.392,42.732,8627,LYS_51_C_CB,56.539,-25.381,44.259,7,-14.42315723134173,3.445040182135007,-2.0671590540494007,-14.420056555311096,3.540362757134531,-0.5228938590444698,56.62331231327574,-25.377275359654487,44.77604780069096,0.24515700000000007,1.5472074844700063,2.21518611957533
8281,LEU_50_A_HB2,55.889,-25.782,42.0,8615,LYS_51_C_CB,56.253,-25.746,44.745,7,-14.786997216738657,3.09075395982524,-2.8358116008531136,-14.758930857777564,3.1803878288798,-0.06814199466581422,56.26196193895503,-25.745113654389066,44.81258385283398,0.18217400000000006,2.769262898317887,2.2437455420012493
8284,LEU_50_A_HB2,55.422,-25.869,41.435,8563,LYS_51_C_CA,55.939,-25.857,45.004,7,-14.842530852680014,2.677286338406861,-3.444780845821826,-14.844047919764515,2.834575182464403,0.15805857858255268,55.9163189211338,-25.857526446704828,44.84742597587335,0.32798499999999997,3.606271481738441,2.0247931330394695
8144,LEU_50_A_CB,54.784,-25.847,40.981,8777,LYS_51_C_HB2,55.354,-25.769,45.225,7,-14.775672214603992,2.091347276279619,-3.960386642907222,-14.710548204393637,2.238791598551575,0.31939594913222535,55.3114614627986,-25.774821062985453,44.90827447038117,0.522957,4.282816830078074,2.1192036823621105
8140,LEU_50_A_CA,54.362,-26.088,40.489,8504,LEU_50_C_HD21,54.693,-26.143,45.555,7,-14.987637357113192,1.7035518347763077,-4.492283694892197,-15.031198904211621,1.521679709276605,0.5813705031765515,54.65507198420722,-26.136697761726275,44.97450656191479,0.1822089999999999,5.077099762659783,2.611772339052722
8134,LEU_50_A_CA,53.749,-24.849,39.682,8342,LEU_50_C_HB3,54.263,-24.888,45.665,7,-13.711699200112099,1.2699806852641167,-5.35607584455514,-13.74655868009196,1.1792697671435506,0.6483027532673873,54.20750256429528,-24.88378910507299,45.019005529530496,-0.12328000000000006,6.00516494361312,2.977556354565391
8257,LEU_50_A_HA,53.509,-26.508,39.726,8503,LEU_50_C_HD21,54.314,-26.418,45.555,7,-15.3474843178401,0.9016566888480988,-5.337063157114369,-15.276790153829394,1.12481586493442,0.5432912809534008,54.239625319736476,-26.42631518164437,45.016453402166356,0.666474,5.8850119795969835,2.5772521800191828
8305,LEU_50_A_HB3,53.161,-25.996,44.719,8350,LEU_50_C_HB3,53.321,-25.935,45.553,7,-14.774933326944696,0.0964423922362007,-0.4037972713793902,-14.720218521660607,0.17648976714015535,0.44206070006363074,53.23738110132187,-25.966879705121034,45.117136490640256,-0.9966369999999999,0.8513970871455883,2.1693121103499133
8225,LEU_50_A_CD2,53.33,-28.712,45.401,8277,LEU_50_C_CD2,53.146,-28.701,44.832,8,-17.490987696473425,-0.01001310522723899,0.2905058964253767,-17.470200356634255,-0.1348833970775498,-0.29405658673243884,53.23855881709426,-28.706533407543677,45.118228081123,-0.9010549999999999,0.5981120296399346,2.929704906885514
8504,LEU_50_A_HD21,52.666,-27.496,45.367,8294,LEU_50_C_HA,53.095,-27.559,50.241,8,-16.228597842837633,-0.5731475848378383,0.19070902617829233,-16.28891061993663,-0.639219826243959,5.083140203807081,52.64927739946458,-27.493544233487803,45.17700942888204,0.486754,4.893249022888578,2.8996868516113437
8507,LEU_50_A_HD21,52.1,-27.851,45.158,8252,LEU_50_C_CD1,51.862,-27.851,44.4,8,-16.541335534992488,-1.1407232860892507,-0.07408326837465411,-16.528792438725496,-1.3011205528282441,-0.8521085813039322,52.12266226764112,-27.851000000000003,45.23017646584861,-0.957654,0.7944859973593014,2.358624573689579
8499,LEU_50_A_HD21,51.646,-27.497,44.88,8416,LEU_50_C_HD11,51.545,-27.378,44.263,8,-16.15606606097352,-1.536517671584608,-0.3959997743191308,-16.034200448665754,-1.5660572301765305,-1.0199606601245255,51.710100135306725,-27.572523921797035,45.27158201469557,-0.997816,0.6364361711908,2.393590022554725
8718,LYS_51_A_HA,50.912,-28.111,44.28,8385,LEU_50_C_HG,51.333,-28.121,49.196,8,-16.717172338706416,-2.2513496348568056,-1.066765761361675,-16.723733009211468,-2.3255347579100434,3.8666762951664113,51.00303347731408,-28.113162315375636,45.342994238660346,0.642718,4.934004154842188,2.290712297661085
8724,LYS_51_A_HA,50.438,-27.8,44.793,8249,LEU_50_C_CD1,50.247,-27.619,44.4,8,-16.367605358356688,-2.7492672013838977,-0.6036815107194129,-16.17551898061791,-2.8857710499822535,-1.0137553123759386,50.719176627430556,-28.066455338036285,45.37154667319481,-0.735847,0.4729598291609995,1.7700309369855087
8730,LYS_51_A_HA,49.491,-28.485,44.436,8219,LEU_50_C_CD1,49.869,-28.492,47.297,8,-16.981684546164477,-3.7050773182937276,-1.0540333415296603,-16.996720855710542,-3.616403513136294,1.830436257144266,49.62912750991772,-28.487557916850328,45.48145715839845,0.785942,2.8858714455082684,1.7552124792042865
8710,LYS_51_A_HA,49.031,-28.18,44.391,8227,LEU_50_C_CD1,49.277,-28.08,45.689,8,-16.643152628008377,-4.133817031059112,-1.144743865105525,-16.55272141840664,-4.01184392364004,0.17141142869399784,49.24496182664966,-28.093023647703394,45.519953052809974,0.538167,1.324884900661188,1.9988553417140105
8738,LYS_51_A_HA,48.816,-27.399,45.187,8496,LEU_50_C_HD13,49.047,-27.363,45.9,8,-15.842469108073175,-4.367405014274672,-0.3739361361604552,-15.818909555315424,-4.206726673111638,0.35863018722258805,48.93391321098977,-27.380623915170425,45.55094856898574,-0.20427599999999999,0.7503505847268989,2.2120411226261787
9383,GLN_54_A_O,47.951,-28.358,43.927,8211,LEU_50_C_CD1,49.198,-28.045,45.989,8,-16.742416005719956,-5.172435194722429,-1.7146553424017132,-16.509709288659675,-4.117535147996086,0.46200620116719365,48.933318642185,-28.11143565757506,45.551331227093414,-0.19516799999999998,2.429983950564281,2.1183345051939404
8706,LYS_51_A_HA,47.839,-28.013,44.093,8495,LEU_50_C_HD13,48.994,-27.815,46.292,8,-16.388764528406487,-5.273968014434974,-1.5605556372909577,-16.26279913269178,-4.332749512606747,0.7431523413596915,48.621408958850246,-27.87887274991139,45.582625368408394,-0.10452600000000001,2.4917523954036835,2.3194953113671373
8558,LYS_51_A_O,47.297,-28.54,43.551,8490,LEU_50_C_HD13,49.25,-28.199,46.708,8,-16.877203210225574,-5.7975120013790615,-2.154345455187422,-16.662043993042055,-4.149452806092093,1.1825312881297525,48.55789064644277,-28.319844490303648,45.58921391235014,0.6149159999999999,3.727886666732237,2.042605495782085
8555,LYS_51_A_O,46.97,-28.682,42.333,8212,LEU_50_C_CD1,49.279,-28.279,46.348,8,-17.00282468672908,-6.011022747399567,-3.399033932668778,-16.746580821309788,-4.090785743834554,0.8272107279696325,48.827055135408706,-28.357879939554042,45.56213658235859,0.878196,4.649098299670596,2.209622486706015
8818,LYS_51_A_HG2,47.383,-27.294,45.019,8210,LEU_50_C_CD1,49.186,-27.694,45.728,8,-15.63077475899144,-5.764341890167378,-0.6845659276132152,-16.160682970902744,-4.076745880260723,0.20127096160290542,48.77634044733544,-27.603116017157067,45.56690814041089,0.41656999999999994,1.9782542809254813,3.100096528293415
8565,LYS_51_A_O,46.708,-27.757,41.527,8489,LEU_50_C_HD13,48.994,-27.815,46.708,8,-16.066477442981917,-6.120280440603817,-4.226815060505578,-16.259820584254623,-4.374307370373035,1.157060631572731,48.50271068444854,-27.80253509173142,45.594539832076954,0.9583309999999999,5.663207659975042,2.080590620182175
8817,LYS_51_A_HG2,47.028,-27.093,44.925,8488,LEU_50_C_HD13,48.904,-27.363,46.708,8,-15.404222222443217,-6.091903453928286,-0.8135596101332447,-15.802326983516306,-4.429315527733247,1.1482454227080523,47.80597630399566,-27.204968871044155,45.66440924841379,0.604592,2.6021846590893625,3.0052756355892205
8544,LYS_51_A_O,46.791,-26.915,43.822,8494,LEU_50_C_HD13,48.904,-27.363,46.292,8,-15.216737522033657,-6.203343488576194,-1.9346718283299786,-15.805305531953463,-4.387757669966959,0.7343371324950128,48.32264025796213,-27.239739628758656,45.612417149629195,0.7630699999999999,3.2812151712437303,3.4457621171697133
8572,LYS_51_A_O,46.366,-27.081,42.473,8487,LEU_50_C_HD13,49.15,-27.814,47.1,8,-15.359828268816662,-6.502813820184962,-3.319527257127954,-16.267795643767208,-4.258623771402368,1.5627140592113578,48.25889371111494,-27.579380420347437,45.6189839085233,0.819588,5.449502179098565,3.0103372481381037
8823,LYS_51_A_HG2,46.575,-26.563,45.041,8486,LEU_50_C_HD13,49.047,-27.363,47.1,8,-14.840714164151027,-6.512717430365739,-0.7432797020893128,-15.810317588669777,-4.326605108975935,1.5525964089909834,47.37529902950653,-26.82199644967849,45.707592112360004,0.5668000000000001,3.315156859033972,3.4032332093326443
8918,LYS_51_A_HE2,45.589,-26.087,46.118,8482,LEU_50_C_HD13,49.315,-27.363,47.419,8,-14.28392529948231,-7.562420403759099,0.22976234624676828,-15.828269083557934,-4.092589228896143,1.8968336988097345,45.075467990227715,-25.91113664936408,45.93869105080147,0.10131899999999999,4.147752765052418,4.143265505953072
8931,LYS_51_A_HE2,44.94,-25.604,47.009,8209,LEU_50_C_CD1,49.246,-27.279,45.605,8,-13.746933770908532,-8.2586726565591,1.0514946011272248,-15.752289328441593,-3.973457266357703,0.08508105225055251,49.625091343883504,-27.426463539480928,45.48139474063807,-0.222991,4.828920893947223,4.130819454415727
551,TYR_27_A_CD1,38.472,-2.356,45.158,4295,GLY_34_C_HA2,37.186,-4.543,44.85,8,9.909221905937766,-12.72748009482657,-1.4277770000689969,7.823416251276648,-14.138424510975307,-1.8639875289680745,42.68125470717728,4.802351512128071,46.16612632178118,0.576535,2.555705186440722,2.836799598794068
660,TYR_27_A_CE1,37.846,-1.693,44.271,4557,ARG_35_C_HB2,36.977,-4.684,48.784,8,10.611227912542969,-13.209642334354678,-2.372722046864557,7.726770399331127,-14.749469361988305,2.0292375826010236,37.37759600898574,-3.3051937136060188,46.703574466567694,-0.618193,5.483467060172787,3.6264062636472314
670,TYR_27_A_CE1,38.209,-1.824,43.024,4633,ARG_35_C_HG3,37.619,-4.701,51.592,8,10.444268184217105,-12.734870775897805,-3.5771536208436654,7.681449911370095,-14.394344204440785,4.887409931471509,37.95966397419622,-3.0398300783685834,46.644866218791115,-0.957966,9.057364572545369,2.9083980096218647
1011,TYR_27_A_HE1,37.061,-0.748,44.3,4653,ARG_35_C_HG3,36.941,-4.418,50.903,8,11.612985604386765,-13.919668367867692,-2.4220734254224396,8.00989441612749,-14.976696127397444,4.134094297010532,37.01666788048203,-2.103823988590955,46.73937487647577,0.030275999999999997,7.5553232227350815,3.009188048403873
952,TYR_27_A_HD1,39.115,-1.795,46.583,4656,ARG_35_C_HG3,37.845,-4.418,50.487,8,10.430258836695076,-12.189365602146667,0.05470345833672652,7.938658720214971,-14.038277291610767,3.8107252133481886,39.13349653612761,-1.7567980990057395,46.52614135665971,-0.29249400000000003,4.871780475349853,2.621644237020995
677,TYR_27_A_CE1,38.358,-1.263,42.363,4548,ARG_35_C_HB2,37.295,-4.761,49.403,8,10.987669225845696,-12.478466410992622,-4.219660515448329,7.630413397246967,-14.501657870068556,2.6769402864875085,37.70760725482871,-3.4032387795006325,46.67039880151071,-0.359944,7.9326901489973745,3.387479554824211
741,TYR_27_A_CZ,38.396,-0.983,42.156,4646,ARG_35_C_HG3,37.276,-4.75,49.46,8,11.262511401230132,-12.39885139322484,-4.421690779457927,7.643224440158141,-14.525367775415653,2.731755590627502,37.70370520714287,-3.311459361332865,46.67075104198971,-0.42386699999999994,8.29416089788473,3.518531251617577
760,TYR_27_A_CZ,38.186,-0.414,41.964,4551,ARG_35_C_HB2,36.995,-4.753,49.103,8,11.844353971322679,-12.544857695676402,-4.633507642036251,7.658894071133015,-14.768712371519854,2.348406050113891,37.39559956754125,-3.2935528769425177,46.7017570842343,-0.371599,8.43864461865767,3.645666790396776
779,TYR_27_A_OH,37.991,0.039,41.835,4648,ARG_35_C_HG3,37.162,-4.497,51.295,8,12.309849153192433,-12.691073877479372,-4.7811899491519085,7.917241913352903,-14.802593294264007,4.546222574643256,37.566058307141944,-2.2861333158071564,46.68415369654667,-0.45870999999999995,10.523979142890774,2.9609609573268116
790,TYR_27_A_OH,37.638,0.617,41.808,4658,ARG_35_C_HG3,36.941,-4.418,50.487,8,12.91264450993527,-12.994751584408178,-4.8431545213181035,8.006915867690333,-14.935138269631155,3.7201860067974923,37.243798847975796,-2.2306367294718292,46.71656785999722,0.08546999999999998,10.057935921450287,3.258653648518777
545,TYR_27_A_CD1,39.859,-0.575,46.398,4294,GLY_34_C_HA2,37.442,-4.159,44.85,8,11.589243995878439,-11.34023119069369,-0.05431558623404498,8.186980744679804,-13.855322415138504,-1.8381793428769138,39.93259349694662,-0.46587335827194876,46.44513394012138,0.6284879999999999,4.591649921324579,4.137782075477355
649,TYR_27_A_CE1,38.743,0.669,45.333,4661,ARG_35_C_HG3,37.162,-4.497,50.095,8,12.906299842509556,-12.246676995246435,-1.225185732861555,7.908649946707256,-14.68271485839971,3.3522563528748606,38.31983382828807,-0.7137175477949353,46.607584003600365,0.14127099999999992,7.2016498804093505,4.222072759122808
657,TYR_27_A_CE1,38.623,1.188,44.672,4634,ARG_35_C_HG3,37.121,-4.662,51.541,8,13.42813288995267,-12.260333709355386,-1.8946525093008213,7.757574255362508,-14.880358708647378,4.786806820423485,38.197079863614576,-0.47087669630807194,46.61983316699832,0.995728,9.146675078956285,3.8738042798813264
537,TYR_27_A_CD1,40.369,-0.002,46.018,4298,GLY_34_C_HA2,37.442,-4.159,44.434,8,12.119364870094604,-10.752839112342416,-0.38107452644908946,8.184002196242647,-13.813764557372215,-2.2520876330899604,40.96515036097691,0.8446679366522081,46.34061775599161,0.464406,5.325132298826012,4.221416055046069
651,TYR_27_A_CE1,39.655,0.988,45.033,4657,ARG_35_C_HG3,37.393,-4.328,50.487,8,13.153371830735002,-11.287715623770733,-1.4321966520222655,8.062528063740611,-14.479881898016759,3.7654951643151224,39.03171779294579,-0.4767958500000763,46.53582102443575,0.6244379999999999,7.944974260499528,3.95948211815721
813,TYR_27_A_OH,39.268,1.299,40.664,4562,ARG_35_C_HB2,36.977,-4.684,48.368,8,13.461414831393798,-11.211614805617307,-5.817851583183803,7.723791850893971,-14.707911504222016,1.6153292923879838,37.47486484020896,-3.3838143435311094,46.69381810171548,0.330376,10.019809678831232,4.24117565688265
773,TYR_27_A_OH,39.764,1.157,40.844,4651,ARG_35_C_HG3,37.845,-4.418,50.903,8,13.283661809780012,-10.748283282394514,-5.589142678907606,7.941637268652129,-14.079835149377056,4.224633503561228,38.67109095037405,-2.018074492790314,46.572802569143995,0.08460499999999999,11.659616931957926,3.2761564910798335
620,TYR_27_A_CE1,40.917,0.747,44.804,4561,ARG_35_C_HB2,37.429,-4.774,48.368,8,12.816138172034544,-10.03108322004912,-1.5337567886721275,7.599922507368329,-14.266306897816015,1.6605593414210504,39.24223035885858,-1.9039183453961424,46.51526118148738,0.7205820000000001,7.439736621682249,3.635637475654431
1108,TYR_27_A_HH,39.38,2.34,41.092,4643,ARG_35_C_HG3,37.147,-4.623,49.877,8,14.4940242323045,-11.06430321955287,-5.380328873188061,7.782584580475136,-14.6853747209738,3.1337948034712024,37.96890065142405,-2.0601275253624376,46.64350370677998,0.626674,11.430043000794008,4.065398120815323
1104,TYR_27_A_HH,39.824,2.402,41.301,4652,ARG_35_C_HG3,37.393,-4.328,50.903,8,14.523817557497742,-10.639986106253822,-5.127884136393076,8.065506612177769,-14.521439755783048,4.1794034545281615,38.48463165946097,-1.3059181126398944,46.591257015983395,0.209496,11.97501837159342,3.405459293647941
681,TYR_27_A_CE2,41.301,1.224,44.062,4281,GLY_34_C_HA2,37.23,-4.78,45.265,8,13.257457365996629,-9.53981371431578,-2.2333571329953568,7.5867480287591365,-14.154204768757245,-1.4467715945711042,29.74218478628799,-15.823193943288342,47.477685262121234,0.553615,7.353112674235317,3.1384315237420273
1079,TYR_27_A_HH,40.317,2.452,42.156,4647,ARG_35_C_HG3,37.624,-4.497,51.295,8,14.54257100975211,-10.232500628871106,-4.227785311957269,7.882358282674122,-14.344241776735881,4.592493717814077,39.02617622824953,-0.8788334162250044,46.53655642407257,0.650768,11.792462465490404,2.9110358992450713
705,TYR_27_A_CE2,41.041,2.002,42.123,4392,ARG_35_C_CG,37.702,-4.546,49.996,8,14.03896475919398,-9.545050920208105,-4.1883056658351165,7.818309171088414,-14.140805661335259,3.307815758847011,39.17540153568264,-1.6565620677897823,46.52187891870937,0.966628,10.770763854063464,3.112347331569168
717,TYR_27_A_CE2,41.33,1.996,42.491,4299,GLY_34_C_HA2,37.186,-4.543,44.434,8,14.013795765381682,-9.29555097521208,-3.793214158463143,7.820437702839491,-14.096866653209018,-2.277895819181121,30.956549705641937,-14.372723811488267,47.35480644834404,0.264251,7.981635546678386,3.0012422553842217
689,TYR_27_A_CE2,42.098,1.605,43.185,4483,ARG_35_C_H,37.219,-4.99,46.226,8,13.570902624269864,-8.632600348201903,-3.0259572707762827,7.385064195177828,-14.277047606924754,-0.4917976324219281,36.27214542451446,-6.269874139234904,46.8161587956654,0.684876,8.749076922738762,2.8541365744545053
0,GLU_26_A_N,42.908,2.449,44.993,4552,ARG_35_C_HB2,37.583,-4.829,48.905,8,14.364257238465138,-7.945602271419462,-1.1455525008843594,7.537297954012244,-14.171340031391821,2.2102587680157284,41.09023774270577,-0.035445766870862094,46.3284152019784,0.09455099999999997,9.829987436411097,1.8689187573476147
18,GLU_26_A_N,43.564,3.471,44.873,200,GLU_26_C_OE1,52.328,4.796,42.712,8,15.332922603389967,-7.205283267929451,-1.1987989455225294,15.976901555487935,1.805879368993922,-2.470601225820468,35.303066581876074,2.2220569626866515,46.90995539896916,0.394651,9.123225416485116,4.25549490094267
14,GLU_26_A_N,44.209,4.152,45.33,175,GLU_26_C_CD,52.531,4.886,43.958,8,15.966532029382185,-6.559381454476492,-0.6791981923745017,16.060235994738644,1.8896283546062316,-1.2104954847639227,33.57034733245038,3.213671346072889,47.08393312423433,0.41030199999999994,8.466216628459252,4.265310288160091
431,GLU_26_A_HG3,45.397,3.949,45.011,169,GLU_26_C_CD,52.617,4.886,44.381,8,15.672131941791239,-5.364291739775929,-0.8777004902034102,16.056771173287782,1.932692051218218,-0.7810091484895008,110.93541767982225,12.454470549306585,39.29227380356119,0.580593,7.3077540325328405,3.4815601748720297
441,GLU_26_A_HG3,46.154,4.601,45.04,195,GLU_26_C_OE1,52.483,4.965,43.11,8,16.265303791674523,-4.566717215858633,-0.7727431879126699,16.13656106510687,1.9327131204613157,-2.059004286476961,42.35174582177895,4.382320821476937,46.199480259751404,0.41520599999999996,6.626736527130071,3.229666456767435
434,GLU_26_A_HG3,47.169,4.694,45.921,199,GLU_26_C_OE1,52.664,5.105,42.712,8,16.287705576446196,-3.640690160928643,0.2055241853430882,16.259641618538996,2.162661457470619,-2.436813682434097,47.59640764238841,4.7259680693397055,45.671400159340415,0.519826,6.376647002931872,2.377107523067418
151,GLU_26_A_CD,47.761,4.676,46.682,202,GLU_26_C_OE1,52.655,4.961,42.329,8,16.230506790423313,-3.1307533572656094,1.0219810152780513,16.11399366877085,2.1810723204177846,-2.818852574242088,49.06321082798739,4.751833691454115,45.523740144211466,0.787226,6.555994966441021,2.5541253607413075
156,GLU_26_A_CD,48.337,4.61,46.259,141,GLU_26_C_CD,52.566,4.911,43.566,8,16.118176944528912,-2.5220506132340628,0.6587676136395558,16.079714577948316,1.9654083219691423,-1.597008073617917,49.57202006596621,4.697902823328408,45.47254716537078,0.6264649999999999,5.022677672317823,2.2391483445249736
4653,ARG_35_A_HG3,64.848,-2.01,39.634,631,TYR_27_C_CE1,63.969,0.037,46.67,8,8.22313543548735,14.01830685026977,-4.282187815224749,10.380986457886198,12.598612122268785,2.631298414198036,64.30355064916984,-0.7420957666105111,43.9920723918556,-0.823799,7.380253789674175,3.374542183068938
4632,ARG_35_A_HG3,65.126,-2.265,40.342,666,TYR_27_C_CE1,63.974,0.139,47.399,8,7.952948598446504,14.204043165196241,-3.5500170056403997,10.487534754912565,12.538482487024945,3.3571784920113226,64.53391894599072,-1.0294419671542587,43.969010415055074,-0.6400250000000001,7.543710559134679,3.4769707271039576
4651,ARG_35_A_HG3,65.752,-2.01,39.634,670,TYR_27_C_CE1,64.475,0.683,46.976,8,8.154878288011986,14.91516782829016,-4.191648608674052,10.98911083130591,13.119041832600535,2.98672163102114,65.00632443653058,-0.43748293467257215,43.921196544238384,-0.089505,7.923884274773325,3.160625073112754
4780,ARG_35_A_HE,65.197,-2.379,38.188,990,TYR_27_C_HD1,63.895,0.168,45.156,8,7.8184934723043495,14.481018142084595,-5.686125542497032,10.506356357357102,12.686378589164379,1.117557209237516,64.10886351179533,-0.25036433528624746,44.01145241920903,-0.170425,7.532292944382869,2.946107730898677
4473,ARG_35_A_H,65.551,-2.673,43.967,995,TYR_27_C_HD1,63.484,0.168,44.445,8,7.5399887546530975,14.23261010106226,0.09914208894417986,10.532298457398731,12.349652290327269,0.3689689331358328,66.31047483454265,-3.716864540365582,43.79136914808351,0.114074,3.545737440928192,2.116645103347144
4779,ARG_35_A_HE,65.66,-2.383,38.235,664,TYR_27_C_CE1,64.256,0.677,47.8,8,7.779882375967838,14.9353631511663,-5.592992326283729,11.005563677426792,12.818999723257562,3.7846420759751056,64.82262877296529,-0.5579601462064085,43.93974058873715,-0.31379799999999997,10.140218981856355,2.7947677864461316
4466,ARG_35_A_H,65.803,-2.723,43.181,993,TYR_27_C_HD1,63.752,0.168,44.764,8,7.465477598368968,14.557348238202737,-0.657688955527262,10.514346962510576,12.58366817040706,0.713206222954591,64.81902976729393,-1.3360385457078288,43.9404465521081,0.209252,3.8820575729888396,2.303675150751227
4768,ARG_35_A_HE,65.65,-2.585,36.574,671,TYR_27_C_CE1,64.292,0.477,46.553,8,7.567326546886167,15.076053543334446,-7.2467308887762965,10.794493054237437,12.964120472515066,2.5474298224949696,64.64521144924312,-0.3194163899723379,43.95749407069432,-0.48365199999999997,10.526179221350926,2.580488114105255
4556,ARG_35_A_HB2,66.649,-2.555,41.749,1028,TYR_27_C_HE1,64.601,0.909,46.946,8,7.558862804559032,15.552463831811743,-1.9976845370949883,11.20473135881613,13.264184302473552,2.969591203257166,65.82535779734658,-1.1618864306682395,43.8390725230419,0.21036599999999991,6.572853946346287,3.4481757721708184
4654,ARG_35_A_HG3,66.392,-2.65,39.218,1026,TYR_27_C_HE1,64.408,0.998,46.099,8,7.465419510185659,15.543131901573748,-4.541739620188647,11.301983111445603,13.164072687522648,2.1075594398270603,65.03684792680794,-0.15826876864686112,43.918000713525466,0.547735,8.0369348012784,3.0669284263157257
4534,ARG_35_A_HB2,66.413,-3.044,42.801,669,TYR_27_C_CE1,64.215,0.306,46.976,8,7.0966229232804094,15.176146834531515,-0.9748254022609104,10.632828198329365,12.8325022273369,2.9605159054128576,65.8685322990686,-2.2141697915740792,43.83519137915768,0.18547399999999997,5.786564524828177,3.422836206059537
4347,ARG_35_A_CB,66.591,-3.015,40.296,668,TYR_27_C_CE1,64.515,0.884,47.399,8,7.094163649621067,15.605186828078645,-3.449389734807179,11.189540324310546,13.131713269179462,3.4116892215841528,65.54729635878347,-1.0547878144974803,43.8670149150101,0.415662,8.364483606296327,3.6596360625361415
4764,ARG_35_A_HE,66.623,-3.007,37.051,1029,TYR_27_C_HE1,64.626,1.11,47.342,8,7.076490314919764,15.961712134772757,-6.674864949241044,11.406100117982884,13.264671461082537,3.366192243987181,65.2954798945848,-0.27019465498529005,43.89201622675403,0.461532,11.262432197354173,2.6326432058910623
4361,ARG_35_A_CB,66.979,-3.264,40.727,1027,TYR_27_C_HE1,64.524,0.869,46.509,8,6.819670591913293,15.92818145448791,-2.9818065522813546,11.167531602836709,13.228414387677581,2.527059067304806,65.65017196327605,-1.0269139406191137,43.85664713170584,0.3421820000000001,7.519324304749731,3.7915897573778583
4765,ARG_35_A_HE,66.958,-3.316,37.051,1057,TYR_27_C_HE1,64.908,1.387,46.564,8,6.743085931120949,16.2706310598488,-6.641449165641225,11.655439200882682,13.643174200999631,2.6204693077609056,65.4880053300336,0.05638289407414887,43.87249233921483,0.155069,10.808231955319979,2.800557747199741
4343,ARG_35_A_CB,66.846,-3.87,42.415,630,TYR_27_C_CE1,64.091,0.284,46.277,8,6.237544365739192,15.581641832548776,-1.3158808795016266,10.615249451213074,12.777642113524548,2.252601817714133,65.83009152274845,-2.338209141741213,43.83911562219437,0.571314,6.305615354586741,3.6331592531420775
4362,ARG_35_A_CB,67.128,-3.891,40.326,1044,TYR_27_C_HE1,64.043,0.828,45.666,8,6.180355065114043,16.068510507913697,-3.3661428815009824,11.156932078898272,12.832317948418163,1.640105708385472,65.05368215441614,-0.7179997039512924,43.91655341828779,0.9037000000000001,7.765422461141436,3.7761943687609945
4345,ARG_35_A_CB,67.047,-4.174,40.053,973,TYR_27_C_HD1,63.87,0.605,45.285,8,5.902331488925144,15.993958912444416,-3.6460070462240184,10.944908929428017,12.681832538214557,1.2435967861597925,64.67802190219642,-0.6104663741254872,43.95431992688332,0.9972240000000001,7.765693401107205,3.5524321399511574
4583,ARG_35_A_HB3,67.37,-4.329,41.512,629,TYR_27_C_CE1,64.101,0.587,45.905,8,5.733836001206154,16.15690024859448,-2.1620614974952295,10.913958142897952,12.847705928594559,1.8836069948104206,65.62300094440414,-1.7018212427931285,43.859680284867736,0.6670990000000001,7.35879514594611,3.723866567549233
4588,ARG_35_A_HB3,67.479,-4.507,41.332,667,TYR_27_C_CE1,64.292,0.477,47.399,8,5.54682978530403,16.269521145891186,-2.330317875401243,10.800550390722618,12.879606175230737,3.38917600884169,66.18050694812976,-2.476347546118208,43.80390377963499,0.540771,8.47382522831336,3.9277004979760046
4592,ARG_35_A_HB3,67.426,-4.959,40.524,663,TYR_27_C_CE1,63.961,0.315,47.8,8,5.094348241282034,16.263376742260377,-3.1397619430325348,10.666880538708758,12.498874165281878,3.754937553106383,65.8480813193236,-2.557284813308133,43.837401535527114,0.31559000000000004,9.631275979848152,3.920279438803534
4419,ARG_35_A_CZ,67.397,-5.11,38.494,981,TYR_27_C_HD1,63.931,0.211,45.53,8,4.931438093524757,16.425947799415116,-5.162525630449653,10.549192127539067,12.687993434339873,1.493301123450346,64.70863167300683,-0.9828194264481702,43.95140321659663,0.766812,9.477947720894017,3.212865298742787
4581,ARG_35_A_HB3,67.268,-5.595,40.546,658,TYR_27_C_CE1,63.666,0.364,48.161,8,4.472267553838321,16.056190483283288,-3.1339764092940374,10.740598331988306,12.173856708409541,4.08459849965941,65.70417567613303,-3.0078736407764533,43.85208612610963,0.5663640000000001,10.318542048177157,4.084328417771037
4574,ARG_35_A_HB3,66.937,-6.09,40.671,980,TYR_27_C_HD1,63.816,-0.255,45.708,8,4.0045807012805135,15.677774747947666,-3.042973446732515,10.094491993845374,12.520776735135447,1.6586836011380193,64.91704830412853,-2.313512289198947,43.931011756521826,0.990392,8.316203160096556,3.3984303661226845
4573,ARG_35_A_HB3,66.968,-6.29,41.053,580,TYR_27_C_CD1,63.85,-0.266,46.185,8,3.805551201283171,15.655200006260433,-2.6598773241097953,10.084371790679864,12.506022279299819,2.136685575528175,65.23894991348904,-2.949461923944167,43.898890007689,0.9034650000000001,8.505758284832696,3.9383289256583223
4865,GLU_36_A_HB2,67.578,-6.377,43.274,991,TYR_27_C_HD1,63.805,-0.284,45.156,8,3.6886456153477467,16.031909387624275,-0.38898914413052066,10.062453781558576,12.562808233201949,1.108344699983693,66.5978204317804,-4.794112613527169,43.76292073877267,0.36268599999999995,7.4095952655998705,2.5987062464583754
8470,LEU_50_A_HD13,57.69,-26.366,43.483,8743,LYS_51_C_HA,57.744,-26.515,45.057,8,-15.494682617008461,4.6850890351272465,-1.1801476730263687,-15.636060958222481,4.570121412881748,0.3912808523831731,57.73055416667889,-26.477899459910276,44.66507885838104,0.005153999999999992,1.5819585961712197,2.053292371418503
8465,LEU_50_A_HD13,57.69,-27.27,43.899,8733,LYS_51_C_HA,57.951,-27.156,46.005,8,-16.393100245108144,4.574968978758745,-0.7666366832024653,-16.284056688076305,4.632167286100065,1.3549643293131166,57.784311877273566,-27.228806306478216,44.65999928558671,0.609428,2.125171287214282,2.928435173686621
8197,LEU_50_A_CD1,57.516,-27.467,44.52,8739,LYS_51_C_HA,57.489,-27.362,45.669,8,-16.571948485463096,4.325364893397883,-0.16627253745997728,-16.456985458906306,4.191758043764325,0.9742921087814727,57.512063915775215,-27.451693005792496,44.68750225089922,0.3977249999999999,1.1541035482139312,3.4515643072612026
8186,LEU_50_A_CD1,57.091,-26.776,45.282,8760,LYS_51_C_HA,57.079,-26.767,45.035,8,-15.845392978607729,3.8800059843845234,0.5496342564877819,-15.837281346434176,3.8934583164721674,0.30267831672344925,57.06429235699231,-26.755969267744238,44.73226768142513,-0.5300279999999999,0.24745504642257746,3.2454506846396307
8184,LEU_50_A_CD1,57.091,-27.694,45.282,8737,LYS_51_C_HA,57.351,-27.787,45.887,8,-16.76074883044492,3.8103819818216578,0.5492308032165059,-16.86878065651054,4.000836599848441,1.1771879379233297,56.86359592901519,-27.612659313070818,44.75284821943917,-0.33618400000000004,0.6650368410847656,3.168818782690808
8405,LEU_50_A_HD12,57.028,-28.279,44.986,9295,GLN_54_C_C,57.272,-28.23,46.068,8,-17.341426327110327,3.733081279411274,0.24815233126399458,-17.30324376299643,3.8707802994399505,1.3491709830954846,56.97300622788933,-28.29004383128452,44.74213417449286,-0.521496,1.1102526739440899,2.8462840523581163
8202,LEU_50_A_CD1,56.859,-28.662,43.674,9293,GLN_54_C_C,57.147,-28.684,46.214,8,-17.719956579769303,3.6674350646987626,-1.074345087378416,-17.745452522887845,3.697749447687869,1.4817180955395026,56.98004997530295,-28.671246873113414,44.7415935321857,-0.18011700000000003,2.556370082754059,2.842963968310801
8331,LEU_50_A_HG,56.28,-28.08,42.152,8724,LYS_51_C_HA,56.538,-27.994,46.274,8,-17.10681261594642,3.2891940371726474,-2.646425621169082,-17.011027388468264,3.139896655785258,1.4807258761844893,56.4454356063012,-28.024854797899604,44.7951223611379,0.296003,4.130961631388023,2.694143157104672
8343,LEU_50_A_HG,56.153,-28.275,41.937,8722,LYS_51_C_HA,56.426,-28.338,46.439,8,-17.29320112135905,3.169885782444916,-2.8731498267666984,-17.344398519837046,2.9862078112771027,1.63352779974452,56.32704615277852,-28.315164496795045,44.807167691607674,0.188732,4.510709700257824,2.8087535858878514
8176,LEU_50_A_CD1,56.218,-27.858,45.809,8718,LYS_51_C_HA,56.109,-27.631,45.997,8,-16.854586679082033,2.8791913041554387,0.9860744594491245,-16.618664319851042,2.769487531148584,1.1623121472543936,56.827870212316434,-29.12809668069567,44.75711376224322,-0.321063,0.3142514916432401,2.9265630963005678
8173,LEU_50_A_CD1,55.889,-27.601,45.949,8753,LYS_51_C_HA,55.99,-27.426,45.709,8,-16.57248315588337,2.5582953353902145,1.0925328054306926,-16.407331683063237,2.695745960102284,0.8639320250479489,56.37170094775594,-26.764636971709987,44.80198784691658,-0.3790099999999999,0.3137291825763067,2.5793258537628803
8159,LEU_50_A_CD1,55.497,-26.982,45.996,8754,LYS_51_C_HA,55.543,-27.307,45.507,8,-15.92533133289036,2.211642682438448,1.100308163836028,-16.256369712128485,2.2814808557204267,0.6182311772207801,55.60199189329038,-27.723790550421178,44.87989052567397,-0.861051,0.5889499129807251,2.2048182765184468
8336,LEU_50_A_HG,55.017,-28.291,41.005,9567,GLN_54_C_HG2,55.608,-28.239,46.258,8,-17.23005366157395,2.1347490377558613,-3.9142455563310934,-17.18521597025744,2.2002578134516764,1.371555440844665,55.454647789810416,-28.252492918663044,44.89495573582763,0.9389839999999999,5.286397071730423,3.177607815230456
8416,LEU_50_A_HD12,55.216,-28.919,45.319,9565,GLN_54_C_HG2,55.463,-28.683,46.258,8,-17.840382323797815,1.8535850363810917,0.39771765413336463,-17.616988775565428,2.0227285457610398,1.3568379780983926,55.11357670845215,-29.01686193038581,44.929625624439545,-0.839364,0.9992126900715385,2.596279033560234
9478,GLN_54_A_OE1,54.566,-28.937,40.773,8263,LEU_50_C_CD2,54.977,-28.852,45.776,8,-17.841801010226558,1.6614924807277227,-4.190532386720051,-17.752257338099184,1.5759002408608287,0.8285124326909605,54.909154698336415,-28.866031266767404,44.950136145443054,0.86433,5.020573174449307,3.435011468625554
8167,LEU_50_A_CD1,54.489,-27.626,45.553,8531,LEU_50_C_HD21,54.346,-27.717,44.881,8,-16.49453852473032,1.2070151482148002,0.5582973795914762,-16.579290601246427,1.125374638748233,-0.12468571883793761,54.37210614791907,-27.700386996778775,45.00368063917215,-0.9858020000000001,0.6930468959601477,2.51100794089679
9484,GLN_54_A_OE1,53.951,-29.071,40.243,8261,LEU_50_C_CD2,54.51,-29.301,45.49,8,-17.93277382863508,1.0941325552824916,-4.779521063444482,-18.166750660275884,1.1071056664071048,0.49698123833110697,54.45734911569476,-29.279336845455813,44.99579751350704,0.5621090000000001,5.281703323739416,3.962881248483502
8211,LEU_50_A_CD2,54.12,-28.404,45.378,8519,LEU_50_C_HD21,54.178,-28.284,44.945,8,-17.24368901757328,0.7994055048439266,0.3468785589907119,-17.131514256079008,0.9093047826611936,-0.07808258231393428,54.16734304967201,-28.306048862747556,45.02455964641411,-0.838047,0.4530485625184127,2.729827825472727
8261,LEU_50_A_HA,53.136,-27.709,39.73,8517,LEU_50_C_HD21,53.538,-27.791,44.847,8,-16.516832770885387,0.44011511914721546,-5.370968537198267,-16.59231229461957,0.32153969781928243,-0.23947170771919069,53.55676014537319,-27.79482669631991,45.08579518376776,0.34015199999999995,5.13342156850575,3.073139838465542
8217,LEU_50_A_CD2,53.297,-27.853,45.393,8291,LEU_50_C_HA,53.753,-28.015,50.576,8,-16.632027496702573,0.023195947536147652,0.2796185632265283,-16.79088134289803,-0.05446668497125362,5.48215669101194,53.27249156552062,-27.8442930561718,45.11443154406444,0.286117,5.205542142755162,3.3992728939343038
8527,LEU_50_A_HD23,53.323,-29.553,45.032,8561,LEU_50_C_HD23,53.322,-29.631,45.063,9,-18.33167882404346,-0.04387928694078236,-0.07770940711478702,-18.40915669302723,-0.053884014309375894,-0.04699971405195569,53.32046954790608,-29.75037526332654,45.11044401491184,-0.6833529999999999,0.08394045508573485,3.1360575468299086
9579,GLN_54_A_HG3,53.165,-30.815,44.565,8550,LEU_50_C_HD23,53.148,-30.736,45.84,9,-19.581457647753744,-0.24969288897240047,-0.558740230476557,-19.492272632912336,-0.38793786749499487,0.7081809821649552,53.15750262461207,-30.780159255550227,45.12730315409455,-0.8305669999999999,1.2775582178515446,2.4954728651059326
8514,LEU_50_A_HD23,53.001,-30.227,44.59,8541,LEU_50_C_HD23,53.23,-30.247,45.49,9,-18.98258935199993,-0.37029945773275086,-0.5500327674258803,-19.01337857425308,-0.23453359437143156,0.36836837267511024,53.13814867963543,-30.23897805062318,45.129012278043184,-0.5213249999999999,0.928892351136555,2.9290894363606688
9598,GLN_54_A_HG3,52.835,-31.732,44.809,9626,GLN_54_C_HE21,53.12,-31.609,45.92,9,-20.469152467652396,-0.671010271445806,-0.34942092904726496,-20.360071142644085,-0.4899197043302402,0.7845907424253883,52.92281652542354,-31.694100236396164,45.15133038507212,-0.8505859999999998,1.1535488719599212,2.3369808754955406
9444,GLN_54_A_CG,52.471,-30.189,44.524,8548,LEU_50_C_HD23,52.639,-30.307,45.699,9,-18.905153345043377,-0.8866386158884503,-0.6687658234031022,-19.027085454701975,-0.8462957957632755,0.517100112315834,52.56574313659546,-30.255545774513475,45.18663800892658,-0.519672,1.1928004862507373,3.0826917559890794
9597,GLN_54_A_HG3,52.425,-31.732,44.881,9474,GLN_54_C_CD,52.952,-31.74,49.725,9,-20.437679615068593,-1.0849651468325807,-0.3188460914555237,-20.450765167819412,-1.0466429751638646,4.553575193641632,52.4594863221723,-31.73252351153203,45.1979862326426,0.782,4.872589557925028,3.16835491032971
9445,GLN_54_A_CG,52.133,-30.002,44.425,9500,GLN_54_C_OE1,52.595,-29.946,50.113,9,-18.693879880456404,-1.1978967416467627,-0.8010379002403313,-18.63219888803342,-1.3035217942727957,4.904657745641202,52.19786141793739,-29.99413800994699,45.22355356109922,0.9002950000000001,5.707006570874088,3.470506104853537
9601,GLN_54_A_HG3,52.015,-31.732,44.809,9472,GLN_54_C_CD,52.499,-31.524,49.531,9,-20.407237798482267,-1.4845346099156325,-0.4315472004759941,-20.20257227550423,-1.4603031016443688,4.315275827372321,52.059001818438354,-31.713090127613278,45.23829046831799,0.9451259999999999,4.75129498137087,3.147738412725328
9587,GLN_54_A_HG3,51.854,-31.22,44.643,9613,GLN_54_C_HE21,51.988,-31.166,46.515,9,-19.885744668989496,-1.58884829772242,-0.6126123004482966,-19.828614502160246,-1.6388213459680099,1.2634193726550937,51.8977572826925,-31.202366468168698,45.25429577015197,-0.610874,1.8775665101401866,2.6695251085038443
9571,GLN_54_A_HG2,51.573,-29.737,44.144,9484,GLN_54_C_OE1,52.219,-29.789,49.315,9,-18.389371932902044,-1.7053043728066186,-1.1365947593819365,-18.45297461757067,-1.5849259337096737,4.0730813082736645,51.71393778673097,-29.748344837322,45.272156803693335,0.7226049999999999,5.211454787293083,3.5546533070043953
9458,GLN_54_A_CG,51.494,-30.777,44.46,9509,GLN_54_C_NE2,51.716,-30.804,46.702,9,-19.418148882733764,-1.8941253518577181,-0.8305528907346358,-19.445780720079604,-1.8998991612141762,1.4223963196761087,51.57584061180388,-30.7869535879221,45.28651644893831,-0.22406800000000004,2.2531260506238855,3.0889029219747326
9452,GLN_54_A_CG,51.248,-30.648,44.319,9672,GLN_54_C_HE22,51.531,-30.689,46.887,9,-19.271955601367516,-2.11431317211859,-0.9954251088071017,-19.315818810415667,-2.0931974865528282,1.5879881656643051,51.35704384078852,-30.663797870926963,45.308486159522694,-0.48746200000000006,2.583871900849574,3.370516275742845
9450,GLN_54_A_CG,51.176,-31.412,44.368,9506,GLN_54_C_NE2,51.453,-31.54,47.011,9,-20.02796777628691,-2.2485837725744435,-0.9542183469001088,-20.157590364050087,-2.2475114595450174,1.7031786567270029,51.27546518406191,-31.457962251118857,45.317048669587074,-0.4392560000000001,2.660556708660803,3.017930461387268
9453,GLN_54_A_CG,50.871,-30.999,44.322,9693,GLN_54_C_HE22,51.198,-31.028,47.262,9,-19.593457476944504,-2.5152565854903974,-1.0303525088568857,-19.62601399090162,-2.4867405718831415,1.9276023438017713,50.984904804900374,-31.009101649364254,45.34609824589328,-0.616043,2.9582714547519107,3.212752241288394
9312,GLN_54_A_C,50.626,-29.94,43.992,9674,GLN_54_C_HE22,51.121,-29.898,47.579,9,-18.521371648210142,-2.645037329007426,-1.3827655256980866,-18.49118512059522,-2.5090976300258805,2.2357931890102143,50.815155127547996,-29.92395047402624,45.362705944474044,0.29310499999999995,3.621237081440544,3.2722616978308228
9298,GLN_54_A_C,50.472,-31.542,44.263,9697,GLN_54_C_HE22,51.17,-31.44,49.071,9,-20.105189121075416,-2.9463944253042875,-1.1292559338516157,-20.02176074344423,-2.7264835674979944,3.724521040878963,50.63439325497072,-31.518269180505712,45.381605687534694,0.634219,4.859472399345427,3.152592079766933
9291,GLN_54_A_C,50.253,-30.329,44.281,9691,GLN_54_C_HE22,51.14,-30.297,47.8,9,-18.879018341756826,-3.073465397508164,-1.1327470609482881,-18.88888812098602,-2.542586700658797,2.457409536846504,50.53286150901559,-30.318903530678135,45.39129611073942,-0.09574300000000002,3.6292084536438507,2.8307399976945664
9302,GLN_54_A_C,50.171,-31.12,44.447,9700,GLN_54_C_HE22,51.292,-31.023,49.071,9,-19.66035997392357,-3.2313929387599774,-0.97614199858703,-19.61517353810809,-2.573820430179841,3.7369230955929646,50.40317484981638,-31.09990993717022,45.404695366236346,0.439351,4.758931182524072,2.894473197102498
9354,GLN_54_A_C,49.864,-31.753,44.405,9717,GLN_54_C_HE22,51.201,-31.657,47.233,9,-20.268657192173066,-3.5797814766545746,-1.0489562893106417,-20.2536364160293,-2.5285725362170806,1.8987721818732808,50.33977467616786,-31.718838168352946,45.41135062393622,-0.791288,3.1295956607843105,2.5998025636937796
9341,GLN_54_A_C,49.817,-30.683,44.632,9694,GLN_54_C_HE22,51.223,-30.597,47.222,9,-19.196565070047026,-3.5679351549565177,-0.8273346605432692,-19.19842945682466,-2.4252536593660627,1.890496740352879,50.24500025503432,-30.656820752537026,45.420421522431646,-0.708511,2.9482761064730716,2.6455748261030356
9342,GLN_54_A_C,49.566,-30.292,44.632,9673,GLN_54_C_HE22,51.214,-30.126,47.962,9,-18.787739352079967,-3.787298302998168,-0.8523014707114879,-18.72280816425587,-2.472385501519852,2.6260815250720735,49.96980625866535,-30.251325340449977,45.44794347169637,-0.09577799999999997,3.719188083439721,2.5160237224099062
9330,GLN_54_A_C,49.237,-30.549,44.772,9686,GLN_54_C_HE22,51.344,-30.534,48.729,9,-19.018155336336985,-4.1471776457473934,-0.7460690234025078,-19.133957028847895,-2.450978432182475,3.4020656412284955,49.61595766637289,-30.546302152351398,45.48369220969984,0.632908,4.483026098518723,2.4031948196473443
9328,GLN_54_A_C,49.026,-30.915,44.82,9701,GLN_54_C_HE22,51.005,-30.989,48.752,9,-19.366825753351666,-4.389065074167265,-0.7196037202448491,-19.561885366445285,-2.8241075976821,3.3907978226865674,49.37246147036742,-30.927955102984942,45.5083711477942,0.5,4.402560732119435,2.397186765094333
9297,GLN_54_A_C,48.849,-29.607,44.325,8436,LEU_50_C_HD12,50.85,-29.626,46.534,9,-18.0527729108172,-4.4160145969594415,-1.229267187886338,-18.20698869975285,-2.652934030870448,1.1690254147629457,49.87463116787475,-29.61673862678142,45.457243503166076,-0.08863799999999997,2.9806111789362935,2.431862541528968
9336,GLN_54_A_C,48.332,-31.361,44.632,9702,GLN_54_C_HE22,50.902,-31.44,48.752,9,-19.760486246696434,-5.092629538819995,-0.976361310312764,-20.00380924855607,-2.960499447577785,3.3802837510602117,48.90795891612824,-31.378704573686434,45.555327134026584,0.76659,4.856494723563492,2.3425451387375573
9335,GLN_54_A_C,48.202,-30.915,44.632,9711,GLN_54_C_HE22,50.849,-30.988,47.944,9,-19.305955136179584,-5.187776869092193,-0.9891853157088182,-19.55489461604122,-2.8980816526063915,2.5712369838180624,48.9374109457828,-30.935281450337044,45.55216662351063,0.23816600000000002,4.2404341758834105,2.397940228284947
9349,GLN_54_A_C,47.932,-31.368,44.405,9712,GLN_54_C_HE22,50.759,-31.44,47.944,9,-19.738889120393107,-5.467324577399647,-1.2422845928572404,-19.998797191839753,-3.0216520085688163,2.5620244745642404,48.855147536587445,-31.391511362799545,45.560648790938444,0.431292,4.530081014728103,2.33504783795123
9319,GLN_54_A_C,47.506,-31.168,41.479,9715,GLN_54_C_HE22,50.902,-31.44,47.552,9,-19.528249840511116,-5.582488178138125,-4.196149931500111,-20.012401215201717,-2.8406210117134885,2.186317529291817,49.73869844380942,-31.346826259339277,45.471690709438924,0.833086,6.963341798303457,2.8780906133629904
9355,GLN_54_A_C,47.613,-31.374,44.105,9706,GLN_54_C_HE22,50.759,-31.44,48.36,9,-19.722933513619324,-5.7542908369956525,-1.5727279079143948,-19.995818643402597,-3.0632098663351055,2.97593276477728,48.70074919791298,-31.396819913242926,45.57619289164645,0.8412419999999999,5.292135391314174,2.363485482347274
9407,GLN_54_A_O,47.714,-29.965,44.227,8359,LEU_50_C_HG,51.214,-29.67,47.962,9,-18.324744465101727,-5.559413105618359,-1.4406065454528352,-18.268121597330204,-2.437801029658559,2.6262819332329688,48.95379866561629,-29.86050268389805,45.550042290307665,0.331648,5.1271093220254285,2.4304431243862927
9396,GLN_54_A_O,47.211,-30.902,41.949,9690,GLN_54_C_HE22,50.998,-30.76,47.753,9,-19.237376643105843,-5.901936631544668,-3.7579416834634025,-19.340169235691874,-2.713885440716932,2.3962205087095763,49.52347157791448,-30.815289948755257,45.493120686088105,0.5541969999999999,6.931662787527969,2.776209485741686
9393,GLN_54_A_O,47.185,-30.619,41.531,9687,GLN_54_C_HE22,51.315,-30.187,48.469,9,-18.95622149844064,-5.864510041898658,-4.176319544990221,-18.78762843297614,-2.427458184184327,3.140620997727052,49.542296689799834,-30.37242562469891,45.49103012925696,0.6060770000000001,8.085750923692864,2.8088935819505267
9387,GLN_54_A_O,47.357,-29.618,41.4,8191,LEU_50_C_CD1,51.012,-29.628,47.432,9,-17.972029650211386,-5.604862638955096,-4.288994440258657,-18.214785206487445,-2.582074084665278,2.0787342047097854,49.81883145563721,-29.62473551697849,45.462863841423705,0.642817,7.052953211244213,2.7081031179383386
9287,ALA_53_A_O,47.32,-29.168,40.619,8454,LEU_50_C_HD12,50.816,-29.601,45.021,9,-17.526124028881394,-5.529420149442057,-5.069575382661422,-18.19032655249106,-2.5336227214446567,-0.3397612448717836,51.06713149850468,-29.63210410150244,45.337213059616026,-0.03186999999999998,5.638005764452536,2.5686772057593097
9395,GLN_54_A_O,47.032,-30.537,41.92,9692,GLN_54_C_HE22,51.087,-30.077,47.4,9,-18.860120085580718,-6.0489432336984255,-3.804563016858057,-18.668383981931736,-2.538523182372091,2.0542093229588385,49.66523135608331,-30.23828571546281,45.47859625926918,0.876075,6.832644070928912,2.6754473779846766
9421,GLN_54_A_O,46.939,-31.048,42.685,9710,GLN_54_C_HE22,50.849,-30.988,48.36,9,-19.357148825754642,-6.256387146342472,-3.0529484517064436,-19.551916067604065,-2.9396395103726807,2.985145274031102,48.915953155809795,-31.01766312292875,45.554362956322414,0.4567860000000001,6.891830308415896,2.589667659543559
9394,GLN_54_A_O,47.005,-30.131,41.892,8442,LEU_50_C_HD12,50.979,-29.784,45.9,9,-18.45345132735135,-6.042140532334358,-3.8349479528352433,-18.37881326363189,-2.4736002055016293,0.5510636859104533,50.4797019433185,-29.827597490102793,45.396430143135525,0.16027399999999997,5.654834126656585,2.6143819818955087
9418,GLN_54_A_O,46.814,-30.857,43.083,9685,GLN_54_C_HE22,51.113,-30.557,48.364,9,-19.154411089170097,-6.405673644295937,-2.6693849606213806,-19.14206235564237,-2.6454355589255543,3.015755235548836,48.83254053721347,-30.71613883201581,45.56262609374839,0.539517,6.816183829680651,2.2975310125314996
9424,GLN_54_A_O,46.781,-30.431,42.302,8443,LEU_50_C_HD12,51.024,-29.826,46.368,9,-18.732738362560003,-6.328082978736851,-3.449575834863899,-18.420739178776085,-2.4788935790400033,1.0211989832833572,50.054828556051746,-29.96419201592946,45.439258286331935,0.6931679999999999,5.907743223939243,2.694585311404138
9397,GLN_54_A_O,46.945,-29.439,42.359,8444,LEU_50_C_HD12,50.685,-29.589,46.238,9,-17.755570470982178,-6.095835941820118,-3.3760012093958887,-18.159756184417805,-2.784254791054617,0.8580045996399436,49.92710373169419,-29.55860309084335,45.45193592920902,0.1214970000000001,5.390430502288291,2.733632995852421
9417,GLN_54_A_O,46.666,-30.425,43.083,8435,LEU_50_C_HD12,51.005,-29.794,46.933,9,-18.712480551459624,-6.519740629861054,-2.684017890711418,-18.383351357034403,-2.551759316295337,1.581469217295165,49.396275190830295,-30.0279491483259,45.50557651179918,0.841196,5.835030591179455,2.3033871885183506
9415,GLN_54_A_O,46.846,-29.737,43.466,8448,LEU_50_C_HD12,50.595,-29.68,45.829,9,-18.03731097799927,-6.327243236966305,-2.2846135832708354,-18.24662699003191,-2.839587206569778,0.4420072595941036,49.98725682200934,-29.689240160348216,45.44593861573969,0.09251599999999993,4.431931745864326,2.238585337832399
9422,GLN_54_A_O,46.722,-29.747,42.685,8450,LEU_50_C_HD12,50.595,-29.68,45.413,9,-18.04351140686462,-6.373001539980688,-3.074110088891428,-18.249605538469066,-2.7980293488034884,0.02809896938105691,50.55991941504631,-29.68060686785228,45.388290514909976,0.08546999999999998,4.737784503330639,2.362503114044399
1010,TYR_27_A_HE1,36.971,-0.296,44.3,628,TYR_27_C_CE1,62.909,3.626,47.057,9,12.070479205125077,-13.974676525227911,-2.430888634287119,14.042455878096895,11.780523333430114,2.9117666270821667,48.77269528287689,1.488495678134135,45.55442493233447,-0.32415799999999995,26.37731936721395,4.409069748669597
1014,TYR_27_A_HE1,37.061,0.156,44.3,765,TYR_27_C_CZ,62.748,3.801,47.203,9,12.514381780923603,-13.85110616926548,-2.4216761250332968,14.230153592044845,11.619482114102873,3.040984636106877,48.44841674501249,1.7718809528388122,45.58694167519646,-0.16831999999999997,26.10623302968086,4.702729765383889
1022,TYR_27_A_HE1,37.217,0.155,43.492,826,TYR_27_C_OH,63.011,3.783,50.0,9,12.495820515436742,-13.61569582071061,-3.209989798146227,14.212373882792905,11.599623333343093,5.850253493081167,46.35565932646132,1.4403786165930719,45.797745324362644,-0.35749600000000004,26.84859184389379,3.872928627986934
1015,TYR_27_A_HE1,37.317,0.54,43.884,803,TYR_27_C_OH,62.94,4.175,49.726,9,12.8749677258896,-13.526446215662387,-2.809776229155175,14.606643863100398,11.586286784619809,5.5706925532192475,45.90779583603495,1.7587309395459974,45.84268669843953,0.027144000000000057,26.53074288443503,4.119530432631707
997,TYR_27_A_HE1,37.551,0.372,43.022,1103,TYR_27_C_HH,62.796,4.156,47.498,9,12.683611393823233,-13.220923119441606,-3.644079766157013,14.582618991358242,11.664557250222185,3.3394647433010918,50.72408045678544,2.3465270924332,45.357619256271406,0.04652299999999998,25.916466908126193,4.894907591091637
783,TYR_27_A_OH,37.664,0.778,42.89,1106,TYR_27_C_HH,62.534,4.181,47.431,9,13.07896471776792,-13.064836554385026,-3.763920216150847,14.62684975668509,11.413215594222814,3.2465722712805043,51.016656171231396,2.605064292348232,45.32805434956018,-0.061859000000000004,25.50917462404458,5.057705231492604
639,TYR_27_A_CE1,37.8,0.881,44.062,1105,TYR_27_C_HH,62.071,4.239,47.481,9,13.179790756216885,-13.039179995477241,-2.584146996012464,14.719999832198235,10.953275941137926,3.249975057205517,48.550517587410354,2.368381568889786,45.57640070995657,0.525876,24.73958702161376,5.235650542180138
789,TYR_27_A_OH,37.563,1.067,41.808,1115,TYR_27_C_HH,62.19,4.288,49.76,9,13.36701128593331,-13.035029885271596,-4.850468299322736,14.7761910948049,10.84738336491791,5.52945576655757,49.07103050670395,2.5721515110282818,45.52391580741908,0.035810000000000036,26.078693870667674,4.133130968584987
780,TYR_27_A_OH,37.822,1.268,42.851,1135,TYR_27_C_HH,61.89,4.516,47.713,9,13.555344214694795,-12.867025116013345,-3.7866844371352135,15.011529623397674,10.771537377155996,3.4628023938072694,50.39363757356902,2.9645547132687473,45.390608687165226,0.17521099999999995,24.768067587117084,4.831403366464148
769,TYR_27_A_OH,38.104,1.157,43.659,1116,TYR_27_C_HH,62.9,4.516,49.551,9,13.429156583758717,-12.676388847168347,-2.954552539657658,14.948428901258909,11.589947453200908,5.392716186258561,46.88065343945303,2.345932848165944,45.7444993573664,0.18050999999999995,25.70681156814279,4.829949580655589
785,TYR_27_A_OH,37.762,1.527,42.589,1117,TYR_27_C_HH,62.505,4.696,49.551,9,13.816252636680217,-12.880734455351764,-4.053262473274691,15.157735190008244,11.211718591951291,5.353234468871968,48.42376643580012,2.892523090775193,45.58892797664149,0.44996600000000003,25.898417982571836,4.405474020245469
802,TYR_27_A_OH,37.982,1.497,41.09,1118,TYR_27_C_HH,62.075,4.635,49.551,9,13.758994995711863,-12.514998976025003,-5.52270458568074,15.129378338952556,10.780487934137682,5.310141444380224,50.264877575622414,3.096787068123654,45.40351127577891,-0.13790500000000006,25.727576916608378,4.212620242296466
629,TYR_27_A_CE1,38.515,1.517,43.695,1133,TYR_27_C_HH,62.715,4.635,47.713,9,13.757344581630749,-12.24492739774076,-2.877412046331565,15.067894665809963,11.599047563550343,3.5454817346818635,49.35643283313598,2.913842461723885,45.4950362447744,-0.08285000000000009,24.7286523692659,5.119045018632597
1084,TYR_27_A_HH,37.933,2.048,42.304,1131,TYR_27_C_HH,61.747,4.746,48.032,9,14.320799916014936,-12.643099463213153,-4.31947414361845,15.253948491580147,10.61524290735982,3.765977476985718,50.65510410535404,3.4893469755708955,45.364057626415885,0.6857740000000002,24.641342982881433,4.574993586808247
801,TYR_27_A_OH,38.241,1.853,41.09,1134,TYR_27_C_HH,62.285,4.696,47.713,9,14.094413621431992,-12.23104417955413,-5.496608243385203,15.161186413800179,11.177069768822422,3.502442328162989,52.927043550171646,3.5895006576750146,45.13531968194921,0.905208,25.1010102187143,4.5314290570995
1095,TYR_27_A_HH,38.083,2.437,42.428,1127,TYR_27_C_HH,61.559,4.769,48.84,9,14.69824144786868,-12.477168492338764,-4.180903573378663,15.296862571893357,10.349753816628613,4.551095891247924,49.32336856463948,3.5535675367498434,45.49808192351629,0.9260279999999999,24.447383172846948,4.262487178466962
1103,TYR_27_A_HH,38.239,2.436,41.62,1129,TYR_27_C_HH,61.559,4.769,48.424,9,14.679680182381821,-12.241758143783894,-4.969217246491593,15.293884023456199,10.391311674394903,4.137187601034877,50.96434530678816,3.7090802144398296,45.33283230992224,0.8915759999999999,24.40409197245413,4.534457626844544
1107,TYR_27_A_HH,38.67,2.568,41.301,1121,TYR_27_C_HH,62.626,4.946,49.232,9,14.776472992776153,-11.772282835974577,-5.243388884728149,15.39559488596531,11.382591506230442,5.04806695388231,50.87533091647676,3.7795660761137824,45.34176137496148,-0.054069000000000034,25.346510233166217,4.111109040306497
1080,TYR_27_A_HH,39.353,2.273,43.408,1123,TYR_27_C_HH,61.747,4.746,49.232,9,14.44583836416275,-11.32753686815249,-3.0787076688287573,15.262540458225795,10.495364471495524,4.959943698754113,47.92963510744863,3.2201295266910988,45.638522589344504,0.756351,23.270709937601815,4.759701023542244
1101,TYR_27_A_HH,38.944,2.998,41.62,1128,TYR_27_C_HH,61.943,5.025,48.424,9,15.186829919376923,-11.499701788563954,-4.898361689592322,15.520152470981522,10.791695013335167,4.175759242865727,51.35924345305552,4.092208377727015,45.29291258118134,0.927801,24.069838927587362,4.164064195149277
1100,TYR_27_A_HH,39.406,2.998,41.62,1122,TYR_27_C_HH,62.164,4.946,49.232,9,15.151946288698142,-11.041350271035835,-4.852090546421502,15.43047851664409,10.924239988702324,5.00179581071149,50.61212443186209,3.9572024955298093,45.368177307994294,0.425087,24.076208422423996,4.185762229297749
1097,TYR_27_A_HH,39.627,3.077,42.012,1126,TYR_27_C_HH,61.943,5.025,48.84,9,15.216838692884638,-10.85526422177501,-4.439892829118994,15.52313101941868,10.750137155568877,4.5896675330787735,50.59992054100667,4.0348441124700205,45.36937145787746,0.6556950000000001,23.418371933163925,4.143717012091298
8430,LEU_50_A_HD12,56.71,-29.031,44.776,9575,GLN_54_C_HG2,56.917,-29.158,46.274,9,-18.068753098107972,3.381537257502408,0.007028776109668178,-18.200291335793537,3.4276222216002563,1.51817267002271,56.70903718192518,-29.03040928552898,44.769032360019,-0.6718139999999999,1.51755790663816,2.90858466932466
8432,LEU_50_A_HD12,56.326,-29.287,44.36,9303,GLN_54_C_C,56.911,-29.546,46.085,9,-18.298000094070456,3.022711776328435,-0.44545115593422807,-18.588073966128096,3.4111233198000113,1.3293515434235117,56.47282698325613,-29.35200545070656,44.79295136088344,-0.333746,1.8398181975401826,2.794839637296044
8155,LEU_50_A_CD1,56.163,-29.15,43.343,9574,GLN_54_C_HG2,56.426,-29.089,46.439,9,-18.156368963652163,2.972986496067646,-1.473602418832551,-18.093235387734353,2.9292496131020354,1.633197741567256,56.28774488739021,-29.121066775168057,44.81147973901176,-0.24723500000000004,3.1077493463920125,3.231253279352492
9710,GLN_54_A_HE22,56.421,-31.222,41.363,9312,GLN_54_C_C,57.011,-31.292,46.191,9,-20.25605812214953,3.2696014648294445,-3.4187175820028632,-20.33583651237181,3.3673222206230515,1.4440666063341745,56.835791875448514,-31.271212595392196,44.75726300790748,0.422686,4.864420212111618,2.7972119180547783
8156,LEU_50_A_CD1,56.029,-29.35,42.94,9345,GLN_54_C_C,57.104,-29.657,45.925,9,-18.348560602302065,2.865135260629216,-1.888084607891952,-18.71447244338255,3.6101643730993453,1.1894369836048564,56.68852127162711,-29.538347005013513,44.77132185656456,-0.4657449999999999,3.1874910195951904,3.07300180629476
9678,GLN_54_A_HE22,56.04,-30.196,41.794,9308,GLN_54_C_C,56.735,-30.28,45.964,9,-19.201159729090687,2.926369001769828,-3.027592465673199,-19.30753715420555,3.1929320953732434,1.1910102604144952,56.538785237735404,-30.256284834488884,44.786711426412424,0.12833,4.228354408041031,2.8940431051263613
8322,LEU_50_A_HG,55.898,-29.337,42.62,9304,GLN_54_C_C,56.479,-29.755,46.156,9,-18.327997991843137,2.768123330762155,-2.219590059603659,-18.763345158087017,2.9595908641005977,1.3566361676533254,56.25859850319337,-29.596432313829308,44.81462359258475,0.27447999999999995,3.6077113243717274,3.011019975294709
9675,GLN_54_A_HE22,56.127,-30.514,42.641,9444,GLN_54_C_CG,56.449,-30.562,45.955,9,-19.51874828127166,2.903949635360045,-2.1762776687071277,-19.567194710775567,2.888702002536409,1.1532875361149073,56.33746634206437,-30.545373864655563,44.80710390559416,-0.41976299999999994,3.3299525522145204,2.8849646310661132
9671,GLN_54_A_HE22,55.953,-29.997,42.237,9305,GLN_54_C_C,57.004,-29.981,45.913,9,-18.992992052818614,2.810893715959943,-2.5954458737363697,-19.03007456487467,3.487579694903611,1.1673395271602338,56.677945305848944,-29.985963725125046,44.772584152522086,-0.195798,3.823327477472987,3.017912062919435
9673,GLN_54_A_HE22,55.931,-29.79,42.921,9570,GLN_54_C_HG2,56.408,-29.812,46.149,9,-18.780029736047872,2.73643627476752,-1.9169975403411799,-18.814870194476352,2.8855277935165478,1.3425353804150468,56.2115333920452,-29.802938647012567,44.81945238893481,-0.42777299999999996,3.2631268746403372,3.0258493809492895
9672,GLN_54_A_HE22,55.985,-30.281,42.774,9443,GLN_54_C_CG,56.347,-30.19,46.015,9,-19.274745314620432,2.767455955394765,-2.058065877438483,-19.18813501652051,2.8097272379577363,1.2029336311376106,56.21346364915831,-30.22356853018396,44.819443886525036,-0.327392,3.262423332432503,2.8557453448104297
9695,GLN_54_A_HE22,56.122,-31.005,42.882,9445,GLN_54_C_CG,56.554,-30.935,45.997,9,-20.006230954676308,2.8376745534687404,-1.9372060128159392,-19.946747724612386,2.960387565481956,1.2054285924195824,56.38829662772194,-30.96185008347098,44.80217128554129,-0.678276,3.1455919951576705,2.658317837787454
9715,GLN_54_A_HE22,55.702,-30.52,41.044,9447,GLN_54_C_CG,56.174,-30.851,45.885,9,-19.504075554871722,2.6413890829040283,-3.8078157980176237,-19.835099425935447,2.6009479595787384,1.0559701463193791,56.071524703026235,-30.779137026910348,44.83397687997884,0.8092750000000001,4.875205226449448,3.058615381662897
9680,GLN_54_A_HE22,55.527,-29.862,41.481,9462,GLN_54_C_CG,55.672,-30.343,45.781,9,-18.831628411432614,2.474020139597159,-3.390250861634155,-19.291403415131747,2.1518301075642077,0.9024390327365119,55.64151709465005,-30.241880845011543,44.87702418617385,0.991864,4.329247740658875,3.290707923532487
9664,GLN_54_A_HE22,55.462,-29.793,41.477,9576,GLN_54_C_HG2,56.038,-29.57,46.202,9,-18.75794792436685,2.415166225680087,-3.4007104334415414,-18.545250650365652,2.5315091473272893,1.3583182693732527,55.87359852818365,-29.633648486484457,44.85339417650653,0.9650719999999999,4.765199890875514,3.1384721009258874
9689,GLN_54_A_HE22,55.488,-30.484,40.98,9446,GLN_54_C_CG,56.063,-30.453,45.895,9,-19.452479266638115,2.4382029422415514,-3.892911128578132,-19.42979306777156,2.520011125802825,1.054977689643581,55.940399797402264,-30.4596097500531,44.847034789968916,0.9405960000000001,4.948617079548595,2.9545309654340635
9668,GLN_54_A_HE22,55.697,-30.592,43.162,9461,GLN_54_C_CG,55.923,-30.734,45.781,9,-19.560325821101973,2.4193824232612253,-1.7009978299379698,-19.7002291330988,2.3711932556058652,0.9274058429047313,55.843258169374046,-30.683896725889888,44.85691214863104,-0.275659,2.632565478767812,2.7537758886352828
8395,LEU_50_A_HD12,55.497,-29.545,44.349,9577,GLN_54_C_HG2,55.679,-29.881,46.0,9,-18.492741506739737,2.181789867722518,-0.5395368924629703,-18.829694636166156,2.1719365436830986,1.1212419912464566,55.556126302358166,-29.654156250507388,44.88536002853479,-0.615183,1.6946448005408128,2.7767584745860487
9476,GLN_54_A_OE1,55.04,-29.568,41.216,9578,GLN_54_C_HG2,55.523,-29.393,46.106,9,-18.503601349728,2.0396370885346506,-3.7025641846593897,-18.330562394647707,2.0435906893115816,1.2112994570247828,55.40393734779697,-29.436138642102545,44.900583086391656,0.892609,4.916911022176424,3.276568201589975
9691,GLN_54_A_HE22,55.088,-30.51,40.711,9452,GLN_54_C_CG,55.525,-30.926,45.609,9,-19.450128132789295,2.066262629256263,-4.200631579224541,-19.862856357609914,1.9789570135107093,0.7163250142279316,55.461335815607065,-30.86539519288911,44.89543667012223,0.950434,4.93502066864973,3.3980411807629953
9477,GLN_54_A_OE1,54.887,-29.808,40.881,9454,GLN_54_C_CG,55.243,-30.028,45.821,9,-18.733756288652312,1.903109061944647,-4.051308793283211,-18.94463237921254,1.746112625397809,0.8994102851276828,55.178324534389006,-29.988032015633657,44.92353707831935,0.67148,4.9576946255290855,3.5743194740951765
9504,GLN_54_A_NE2,55.39,-31.463,43.737,9602,GLN_54_C_HG3,55.776,-31.511,45.64,9,-20.40151981660711,1.991305722261955,-1.1600190872985854,-20.464901331314895,2.1805097327901466,0.7720506904251366,55.62175527760949,-31.49181930913279,44.87956552666023,-0.12136999999999992,1.9423462616124854,2.6179091370709093
9488,GLN_54_A_OE1,54.687,-29.714,40.445,9456,GLN_54_C_CG,54.864,-29.869,45.753,9,-18.628047649266378,1.7553735784479003,-4.505106006226568,-18.75796057262941,1.388957815201525,0.7938637163504401,54.83748279285398,-29.845778716906032,44.95778341507888,0.65352,5.313211646452642,3.828341933185691
8417,LEU_50_A_HD12,55.054,-29.339,44.989,8259,LEU_50_C_CD2,54.815,-29.459,45.728,9,-18.249303451190038,1.6939768254337833,0.052967410376417584,-18.345620730555773,1.3739379302966785,0.764262066123959,55.071797421894956,-29.33006405595233,44.9339694779064,-0.500117,0.7859020295176802,2.666120476359795
9483,GLN_54_A_OE1,54.727,-30.537,40.387,9463,GLN_54_C_CG,55.343,-30.6,45.641,9,-19.45211263914632,1.7384329126612763,-4.55916991560124,-19.52382419160608,1.8199223998499925,0.7300793616328667,55.25797302108608,-30.591304058974718,44.91578612465303,0.7169760000000001,5.290363031021593,3.4510400157793577
9459,GLN_54_A_CD,54.752,-31.588,40.665,9610,GLN_54_C_HG3,55.415,-31.511,45.431,9,-20.49998257641667,1.6557525061251226,-4.28052579680442,-20.439140209932,1.8432394308727593,0.5279459832405877,55.34220593924641,-31.51945421218405,44.907717204296226,0.92598,4.812510155833438,3.4091944648197883
9646,GLN_54_A_HE21,55.06,-31.622,44.108,9611,GLN_54_C_HG3,55.21,-31.156,45.431,9,-20.532488614488283,1.6147903054816395,-0.824005226113813,-20.069684061809177,1.6667826609718814,0.5075704348946288,55.15282295218844,-31.3336300285346,44.926698438302004,-0.504193,1.4106682813475326,2.228234847826791
8525,LEU_50_A_HD23,54.712,-29.571,44.935,8260,LEU_50_C_CD2,54.51,-29.696,45.625,9,-18.45519890442358,1.3424765712438185,-0.03511569607507903,-18.559646331430965,1.0636613020539272,0.6311288391055894,54.70135320256662,-29.57758836474838,44.97136777341106,-0.47329200000000005,0.729745846168376,2.6046673170472716
8521,LEU_50_A_HD23,54.737,-30.398,44.161,9455,GLN_54_C_CG,54.919,-30.28,45.712,9,-19.287246327647686,1.3818784568524844,-0.8030835189144255,-19.17222312669753,1.4164477880496158,0.7583977088253666,54.8306041995548,-30.33731156292601,44.958692931370834,-0.571701,1.5660935476528866,2.5625563318787044
8519,LEU_50_A_HD23,54.523,-30.836,44.21,9590,GLN_54_C_HG3,54.55,-30.919,45.577,9,-19.707475683438197,1.1314541150973196,-0.7759553492677628,-19.782487587313124,1.0153843932830904,0.5868388516132873,54.538373410318805,-30.88325900209114,44.98835007058532,-0.9698089999999999,1.3697835595450811,2.5517087941974608
9619,GLN_54_A_HE21,54.538,-31.576,44.24,9607,GLN_54_C_HG3,54.595,-31.511,45.431,9,-20.4462620212736,1.0872147733430386,-0.7449291076502178,-20.37722554076187,1.0297150924029332,0.44581971181185864,54.573659039456565,-31.53533618307584,44.98508624548728,-0.9244579999999999,1.1941335771177315,2.264916366206406
8536,LEU_50_A_HD23,54.062,-29.999,44.942,8543,LEU_50_C_HD23,54.313,-30.011,45.656,9,-18.83283729977166,0.6644495627628471,-0.0934390887170958,-18.85864244481082,0.8412295915429455,0.6421041907124808,54.09388556258196,-30.00052440936647,45.032702357304856,-0.60827,0.7569286624246703,2.5228181302112676
8512,LEU_50_A_HD23,53.902,-30.582,44.413,8545,LEU_50_C_HD23,53.894,-30.384,45.607,9,-19.405864778303478,0.514342966305677,-0.636060060065893,-19.19928203240467,0.4021440415356046,0.5512221180103023,53.89771417766181,-30.47592589712994,45.05265898397401,-0.631106,1.210332185806858,2.672626468022366
9578,GLN_54_A_HG3,53.742,-31.302,44.248,9581,GLN_54_C_HG3,53.735,-31.299,45.916,9,-20.112891420963344,0.31748273411659866,-0.8165714878248591,-20.097428688474196,0.1441345177228217,0.8423418009811181,53.73855437059107,-31.300523301681892,45.069044264870655,-0.9992049999999999,1.668017386000517,2.269379065924101
8531,LEU_50_A_HD23,53.449,-30.052,44.8,8558,LEU_50_C_HD23,53.437,-29.978,45.272,9,-18.840416367543817,0.06645644310219717,-0.2961427802725991,-18.762343937174887,0.013011416470852346,0.17231460812539046,53.441414009360756,-30.00521972439134,45.09838229847688,-0.453954,0.47791631066537266,2.8893883222092627
9634,GLN_54_A_HE21,53.421,-33.016,42.975,9627,GLN_54_C_HE21,53.917,-33.026,46.954,10,-21.806831842399127,-0.00380638263610919,-2.1160733739651665,-21.825764333918233,0.09002128686579539,1.892591606948145,53.68282591922351,-33.021278748371444,45.075413976996664,0.6512349999999999,4.009807601369422,3.1486819379282416
9632,GLN_54_A_HE21,53.295,-32.933,43.335,9615,GLN_54_C_HE21,53.773,-32.843,48.065,10,-21.7119796028098,-0.15847989209737146,-1.7704664323163846,-21.62446388627813,-0.14994968103480144,2.983663586399884,53.473010056796,-32.89948346210955,45.09648026913193,0.9037659999999998,4.754943112172844,3.1989899857086934
9635,GLN_54_A_HE21,53.179,-33.026,42.585,9623,GLN_54_C_HE21,53.775,-33.079,47.351,10,-21.801323050227477,-0.20569321251445516,-2.5283540564261333,-21.86504735859782,-0.09453678704298435,2.2733502724136914,53.49282586565759,-33.05390733369103,45.09455381832902,0.8847889999999999,4.803413473770499,3.2190639175641027
9616,GLN_54_A_HE21,53.052,-32.973,42.079,9659,GLN_54_C_HE21,53.592,-33.083,46.352,10,-21.742509430802627,-0.27712184781351473,-3.044506076890516,-21.862371107465442,-0.1765961836241661,1.2610434547380356,53.433840522201365,-33.05078232859658,45.10048990993782,0.899282,4.308390534758887,3.3245152211960503
9465,GLN_54_A_CD,53.019,-32.973,41.906,9467,GLN_54_C_CD,53.624,-32.845,48.305,10,-21.741256418088415,-0.2925787674188978,-3.21994128885052,-21.613489383855235,-0.32190037940483296,3.2075330073278656,53.32208397824521,-32.908876447577875,45.11167665585303,0.951491,6.4288109320464555,3.703896218807348
9583,GLN_54_A_HG3,53.103,-32.604,44.228,9479,GLN_54_C_CD,53.673,-32.61,49.064,10,-21.363036284803687,-0.41322078258851097,-0.9010415422133539,-21.377431622850246,-0.33128731244019666,3.9677274686057022,53.208487378415434,-32.60511039345701,45.12297712634569,0.9161750000000001,4.869479643658035,3.0824573692447497
9448,GLN_54_A_CG,52.897,-32.964,43.17,9664,GLN_54_C_HE21,53.264,-32.972,46.033,10,-21.71402044156146,-0.5392046795208848,-1.9745116998883443,-21.729208988192216,-0.46171964626631773,0.910845709111932,53.14814593831552,-32.96947457086247,45.12921204740421,0.44199599999999994,2.886437596761794,2.9723632321246916
9607,GLN_54_A_HG3,52.93,-32.315,44.6,9477,GLN_54_C_CD,53.331,-32.315,49.425,10,-21.059142707076738,-0.6000982235930472,-0.5481116405899402,-21.05487362452711,-0.6842761908952879,4.292789292578907,52.97540327738802,-32.315,45.14631125535455,0.73692,4.841634641316914,3.2724549370852247
9443,GLN_54_A_CG,52.763,-33.019,42.994,9640,GLN_54_C_HE21,53.273,-33.119,47.801,10,-21.760004415195844,-0.658735663770214,-2.163071552383989,-21.863806299234952,-0.6405605576937794,2.6707927231608957,52.99121627353025,-33.0637482889275,45.14505024874489,0.968544,4.835012823147425,3.18495091473603
9574,GLN_54_A_HG3,52.709,-32.912,43.524,9468,GLN_54_C_CD,53.388,-32.77,48.635,10,-21.645440518364175,-0.7571403109554039,-1.6410977609393407,-21.51852327439445,-0.5833149867870397,3.5122703386495933,52.92522856317341,-32.86677988811395,45.151605576405466,0.947045,5.157860603001981,3.337441076762632
9429,GLN_54_A_CB,52.49,-33.282,42.497,9644,GLN_54_C_HE21,53.175,-33.283,47.552,10,-22.00519233860328,-0.899876835954706,-2.6850301879985716,-22.021717199238097,-0.7253501366952636,2.4131575645490533,52.85076460264923,-33.2825266636535,45.15928476845527,0.915158,5.101200937034336,3.243570699849378
9441,GLN_54_A_CB,52.354,-33.443,41.482,9647,GLN_54_C_HE21,52.944,-33.452,47.16,10,-22.162727201946126,-0.9456163923441184,-3.7086183179672876,-22.175595316271455,-0.9281830970782065,1.9999187531087919,52.737300446394094,-33.44884695596194,45.170779550213,0.700933,5.7085781942616824,3.4368099887194945
9437,GLN_54_A_CB,52.354,-33.443,42.328,9658,GLN_54_C_HE21,53.175,-33.283,46.352,10,-22.156669865460945,-1.0301306896284477,-2.866872131620567,-22.030309165883743,-0.6054717008309669,1.219191342780658,52.93003168301378,-33.33074047590475,45.151327030995695,0.6421969999999999,4.110014233551989,3.087962649770677
9438,GLN_54_A_CB,52.252,-33.58,41.905,9652,GLN_54_C_HE21,52.944,-33.452,46.744,10,-22.288602346914885,-1.0994585420555092,-3.298021142074329,-22.17857386470861,-0.8866252393119174,1.5860104628957523,52.719284164990455,-33.49356593479945,45.17261282426129,0.8106549999999999,4.8899048047993725,3.2954665238071876
9589,GLN_54_A_HG3,52.27,-32.957,43.728,9511,GLN_54_C_NE2,52.818,-32.784,48.698,10,-21.655703269214147,-1.2164657382913304,-1.4821108817710884,-21.488993625803246,-1.1561690341522777,3.517859638368382,52.43244031038565,-32.905718661137385,45.20122690258519,0.900997,5.003112331339362,3.1847632981663105
9442,GLN_54_A_CB,51.961,-33.536,41.081,9657,GLN_54_C_HE21,52.713,-33.283,46.352,10,-22.22865674179591,-1.3025068478049175,-4.147003421017308,-21.995425535204966,-1.0638232183590848,1.172920199609838,52.547201380883244,-33.33878065244222,45.18986632797284,0.812105,5.330380286621203,3.4582522609703785
9436,GLN_54_A_CB,52.03,-33.598,42.589,9663,GLN_54_C_HE21,52.834,-33.033,46.033,10,-22.284890815792057,-1.3894012601169279,-2.63970249219429,-21.757565839247903,-0.8929503040799284,0.8677526846201874,52.63508850341225,-33.172782332801106,45.18094627581067,0.170193,3.5814490084322044,2.955009056918326
9435,GLN_54_A_CB,51.895,-33.783,42.154,9648,GLN_54_C_HE21,53.396,-33.362,47.16,10,-22.462279272893745,-1.4939101930167415,-3.0861173421166717,-22.11998312022118,-0.4729267254638092,2.045227910626422,52.79773834683815,-33.529800237162654,45.1647316217667,0.9635670000000001,5.243117202580915,3.165004798608485
9590,GLN_54_A_HG3,51.971,-32.848,43.953,9662,GLN_54_C_HE21,52.439,-32.853,46.033,10,-21.52283002951936,-1.5273147954367519,-1.2881403534818168,-21.548259550498567,-1.2711791653295526,0.8282709672335948,52.25584523756266,-32.85104321835003,45.21897883361184,0.11982199999999998,2.132005863031337,2.708396821584334
9526,GLN_54_A_HB2,51.743,-33.415,43.249,9638,GLN_54_C_HE21,52.418,-33.136,47.674,10,-22.076022201358555,-1.7261886236781847,-2.011684838262419,-21.817109281534254,-1.477410694894835,2.4587921656039806,52.046745498445176,-33.289451860642664,45.24022048980732,0.560365,4.484873576813506,3.3401022310966333
9439,GLN_54_A_CB,51.52,-33.836,41.482,9651,GLN_54_C_HE21,52.492,-33.362,46.744,10,-22.49162348113255,-1.8028365247773865,-3.7923194654409755,-22.05470452118297,-1.3282298457179174,1.5407804138626855,52.21118047736431,-33.498942853630986,45.223760979311706,0.841591,5.371973938879449,3.2638622669121413
9545,GLN_54_A_HB2,51.634,-33.796,42.974,9646,GLN_54_C_HE21,52.492,-33.362,47.16,10,-22.449663665159232,-1.835751929329121,-2.296386328570656,-22.051725972745814,-1.3697877034842063,1.954688704075725,52.09748263786985,-33.56155773329194,45.235233475668075,0.4994900000000001,4.295010593700555,3.0423585373956006
9604,GLN_54_A_HG3,51.776,-32.149,44.6,9678,GLN_54_C_HE22,52.728,-32.126,49.267,10,-20.80648727179833,-1.7323949533138039,-0.6636163889250128,-20.822019350032456,-1.2523958630018588,4.075273948257887,51.90931450135058,-32.145779166458965,45.25354913634785,0.93382,4.763163024713726,3.221843294586435
9549,GLN_54_A_HB2,51.438,-34.075,42.582,9639,GLN_54_C_HE21,52.839,-33.188,47.786,10,-22.71586764456061,-2.0122040353044683,-2.706168094450658,-21.89994548441176,-1.0748678915866345,2.612370989006209,52.150853932411295,-33.62367848818785,45.22988855408163,0.8971770000000001,5.461793295246535,3.12745293899051
9527,GLN_54_A_HB2,51.444,-33.306,43.475,9650,GLN_54_C_HE21,52.108,-33.106,46.744,10,-21.943141801691567,-2.0371375795201523,-1.8167193381216749,-21.770447700581236,-1.6897814969542724,1.502433791721262,51.80743657352436,-33.19653115255291,45.26426831152282,0.08961,3.3417446042449113,2.8614265967618837
9594,GLN_54_A_HG3,51.45,-31.97,44.382,9471,GLN_54_C_CD,52.625,-31.932,49.382,10,-20.604948869547513,-2.0204666450811106,-0.9130917841456885,-20.619977651859333,-1.3513572376710876,4.179465111620684,51.660676653855965,-31.963186627364657,45.278496399387095,0.945219,5.136347827007045,3.2889835065551996
9593,GLN_54_A_HG3,51.301,-32.693,43.794,9504,GLN_54_C_NE2,51.925,-32.639,48.489,10,-21.31882610207811,-2.1643841266784443,-1.5133759296677376,-21.278481123828836,-2.010240797916486,3.2205367350239387,51.50048542505994,-32.675736838215975,45.294936010667364,0.7950079999999999,4.736593396102308,2.986664361542551
9540,GLN_54_A_HB2,51.096,-33.746,43.293,9656,GLN_54_C_HE21,52.296,-33.083,46.352,10,-22.356901587379266,-2.397578790791732,-2.032851179747921,-21.764515727898996,-1.4623614795472075,1.1312438842848247,51.86696969791684,-33.32003924190094,45.258330254939686,-0.0015680000000000138,3.3521709383621827,2.4660426927137946
9548,GLN_54_A_HB2,50.986,-34.165,42.582,9513,GLN_54_C_NE2,52.931,-33.01,48.339,10,-22.771479840610883,-2.467460406918873,-2.751477251968289,-21.725445243393366,-1.0253383294875462,3.1718828194108872,51.88947761922098,-33.6284875834446,45.256200850311174,0.965605,6.185474840301267,2.7435366500335236
9432,GLN_54_A_CB,50.649,-33.834,41.551,9512,GLN_54_C_NE2,52.483,-32.973,48.339,10,-22.42336974415207,-2.6736994324707344,-3.810899653601766,-21.65472526485263,-1.4669942109088459,3.127030093282222,51.656388402548274,-33.36106574994871,45.279545516083815,0.652325,7.083912831197173,2.8797919837690924
9537,GLN_54_A_HB2,50.781,-33.338,43.502,9637,GLN_54_C_HE21,52.061,-32.97,47.48,10,-21.924796036505107,-2.7000260155470053,-1.8562712569322886,-21.626020919069155,-1.7996211046055999,2.230085607752158,51.36245367317468,-33.170832068962284,45.30904899366318,0.45564699999999997,4.1950337304960925,2.561815210887144
9523,GLN_54_A_HB2,50.724,-32.933,43.558,9636,GLN_54_C_HE21,51.813,-32.71,47.228,10,-21.516257789451558,-2.731453733387267,-1.8060836165636898,-21.34984870720471,-2.000768923906488,1.9546287795841235,51.24699268097516,-32.825904161747054,45.32051895241399,0.21893300000000002,3.834651222732,2.431898571991971
9547,GLN_54_A_HB2,50.534,-34.075,42.582,9515,GLN_54_C_NE2,52.359,-33.062,47.929,10,-22.64761049708525,-2.9090650133248657,-2.796707301001355,-21.737041797510578,-1.5558065384082957,2.706633424723467,51.461435003337044,-33.56021005020251,45.299257513886666,0.9963799999999999,5.739965418014297,2.7433046208417884
9542,GLN_54_A_HB2,50.338,-33.796,42.974,9645,GLN_54_C_HE21,52.108,-33.106,47.16,10,-22.35180828559278,-3.1215172252521626,-2.426185899023867,-21.76746915214408,-1.7313393547205616,1.9163420819343016,51.326905324295616,-33.41049453459662,45.31273315678049,0.934032,4.596911571914342,2.4924563080864544
9538,GLN_54_A_HB2,50.337,-33.4,43.293,9510,GLN_54_C_NE2,52.384,-32.697,48.698,10,-21.95458936169835,-3.124343128846054,-2.108715993727273,-21.369474743764517,-1.5801433186461453,3.4744310426724234,51.11013773236093,-33.134481765583914,45.33443109106539,0.900983,5.822236941245177,2.657918956607483
9536,GLN_54_A_HB2,50.368,-32.681,43.589,9470,GLN_54_C_CD,52.836,-32.375,49.094,10,-21.237881647803796,-3.0686267369267757,-1.8107835575684315,-21.079695436601103,-1.1468512223761325,3.913851015420395,51.148663597492416,-32.584207835967305,45.330310009803775,0.8777969999999999,6.040669251001913,2.9783383056928616
9532,GLN_54_A_HB2,50.13,-33.292,43.192,9649,GLN_54_C_HE21,51.852,-32.722,46.744,10,-21.831993916464725,-3.3114275916901423,-2.2298925614716505,-21.368224291793805,-1.9146360612352145,1.4769631351642407,51.16588467021767,-32.9491113460952,45.32873771696469,0.5776669999999999,3.988344017258288,2.442277497808644
9519,GLN_54_A_HB2,49.935,-33.536,42.545,9514,GLN_54_C_NE2,51.945,-32.851,47.929,10,-22.065200006221534,-3.4587589172909015,-2.8932766132825596,-21.495390190979524,-1.9505342165005275,2.665262405774486,50.981225631008435,-33.17945046903444,45.347427262362885,0.904357,5.787640365468469,2.713474191798754
9529,GLN_54_A_HB2,49.877,-33.485,42.273,9655,GLN_54_C_HE21,52.008,-32.721,46.352,10,-22.011915085522993,-3.4852604370899094,-3.1696954742065064,-21.38181276951488,-1.7206318841665325,1.1025586312475122,51.45804384449207,-32.91816870145849,45.29931527061622,0.8444200000000001,4.665093568193456,2.5063782912952592
9307,GLN_54_A_C,49.956,-32.607,43.647,9502,GLN_54_C_NE2,51.525,-32.481,47.609,10,-21.13257116828365,-3.4775548439019244,-1.794306111499431,-21.097034714763925,-2.3071878695389447,2.304969349578014,50.64277167847673,-32.55184816348753,45.381218859225484,0.218789,4.263224249321166,2.690750278308358
9311,GLN_54_A_C,49.918,-32.279,43.933,9704,GLN_54_C_HE22,51.293,-32.253,48.752,10,-20.800598949963035,-3.5189492295490505,-1.5134058603422191,-20.84399026203761,-2.634247705384893,3.4190866543178986,50.33988265907869,-32.27102258244651,45.411583661163796,0.585944,5.011393219455048,3.011647566975876
9530,GLN_54_A_HB2,49.621,-33.188,42.391,9661,GLN_54_C_HE21,52.204,-32.487,46.033,10,-21.69559621081044,-3.7285014007482356,-3.07779768805718,-21.165569915245037,-1.4765647462436924,0.804895633608609,51.668535246703684,-32.63231970269482,45.278000916955015,0.33572100000000005,4.519674103295504,2.8100022961911977
9310,GLN_54_A_C,49.618,-32.524,43.782,9679,GLN_54_C_HE22,52.432,-32.322,49.006,10,-21.02332271528908,-3.8200769512186383,-1.6938004822162371,-20.99697387152625,-1.5348500027810974,3.7858545737674194,50.487827481522174,-32.46156035846927,45.39677567998288,0.879688,5.937135336170133,3.147531975509709
9305,GLN_54_A_C,49.406,-32.942,42.945,9503,GLN_54_C_NE2,51.699,-32.657,48.044,10,-21.430104424554973,-3.9784899793228172,-2.5480082751645208,-21.282551178548673,-2.19136629897608,2.755131548632029,50.50772146484523,-32.80506558330532,45.39492487974089,0.982925,5.598113521535622,2.929726038641501
9360,GLN_54_A_C,49.485,-32.328,44.105,9708,GLN_54_C_HE22,51.105,-32.276,48.36,10,-20.815532332745455,-3.969428654044694,-1.3856589144501679,-20.85553565292834,-2.78334714469395,3.01021863019898,49.99565286023303,-32.31160867362215,45.446251802649115,0.457794,4.553254769942048,2.7466600378985335
9353,GLN_54_A_C,49.479,-32.009,44.405,9716,GLN_54_C_HE22,51.005,-31.891,47.552,10,-20.494850134004277,-3.981156918446628,-1.0876280851310385,-20.469879270299142,-2.772639674139921,2.196435179512191,49.98438626212801,-31.969920328354455,45.44723497176727,-0.36084400000000005,3.4994583866649998,2.5796956649178466
9317,GLN_54_A_C,48.939,-32.815,42.681,9709,GLN_54_C_HE22,51.489,-32.532,48.36,10,-21.27009930070023,-4.405796676433824,-2.857396941641351,-21.139792473530072,-2.4217954934575943,3.0485652523404037,50.17272990917726,-32.67808017086385,45.42858908008536,0.965033,6.23166350182678,3.0959619291859752
9359,GLN_54_A_C,49.026,-32.4,44.105,9714,GLN_54_C_HE22,51.105,-32.276,47.944,10,-20.852667834979368,-4.430264569100795,-1.4316612390461718,-20.858514201365495,-2.741789286927661,2.5963103399859406,49.76493860906839,-32.35592670152744,45.46949510351782,0.43587,4.367555151340395,2.574280567480057
9365,GLN_54_A_C,48.909,-32.623,43.744,9705,GLN_54_C_HE22,51.71,-32.453,48.752,10,-21.06877610387568,-4.52719019353509,-1.80266210082773,-21.07490006934358,-2.23570944419677,3.4607629696429116,49.86831004561009,-32.56477696974162,45.45918197372914,0.987529,5.740606675256547,2.793788326747769
9352,GLN_54_A_C,49.026,-32.1,44.405,9507,GLN_54_C_NE2,51.42,-31.934,47.134,10,-20.551383944024757,-4.437481236052863,-1.1330378361297964,-20.547083147301688,-2.3224205905086586,1.8220819531203232,49.94389598159845,-32.03635307729937,45.45134007259071,-0.298576,3.6340381120731227,2.234413110559996
9369,GLN_54_A_C,48.454,-32.677,43.343,9643,GLN_54_C_HE21,51.713,-32.451,46.998,10,-21.091136623782536,-4.9426331433451995,-2.2472396110580233,-21.08569093834434,-2.057359135606319,1.7158836831099102,50.30197528333666,-32.548849520087735,45.415522141944,0.554765,4.902160952070012,2.4022137003414845
9374,GLN_54_A_C,48.352,-32.692,42.92,9505,GLN_54_C_NE2,52.166,-32.43,48.874,10,-21.101420506190575,-5.00270813268657,-2.6783350035389146,-21.08552339696958,-1.7937537925378702,3.6278298630625962,49.971870383915686,-32.58072416345415,45.448764621351344,0.6923050000000002,7.075687669760446,3.1771494896902146
9364,GLN_54_A_C,48.453,-32.528,43.744,9665,GLN_54_C_HE21,52.534,-32.27,45.824,10,-20.93961913925205,-4.972383995648017,-1.8482905683610802,-20.975608261336678,-1.1118340161823475,0.6300927028742545,51.49646543047874,-32.33559272701213,45.29519041788674,-0.304676,4.587758167122582,2.2821717036206643
9315,GLN_54_A_C,48.171,-32.464,42.132,9684,GLN_54_C_HE22,51.463,-32.318,47.41,10,-20.866052750191155,-5.086266340046136,-3.4804004905277637,-20.931247690915203,-2.336455973908301,2.100832040910511,50.22385810083688,-32.37295586794587,45.42330773275123,0.947306,6.222207325378992,2.9083922585974693
9314,GLN_54_A_C,47.926,-32.172,41.939,9642,GLN_54_C_HE21,51.723,-32.138,46.749,10,-20.55777678779102,-5.2879048934068145,-3.6968394537596234,-20.776130373435173,-1.9988244288119397,1.4692747928532708,50.64310975325961,-32.147669809952376,45.3810062979138,0.861556,6.12816979203416,2.7253671668023203
9373,GLN_54_A_C,47.947,-32.479,42.92,9654,GLN_54_C_HE21,51.905,-32.27,46.352,10,-20.85845421157789,-5.388355198832569,-2.7188037575988084,-20.92433471441746,-1.7886132217400998,1.092440981027138,50.77049363805372,-32.32990698070914,45.36826431677625,0.49188799999999994,5.242906541223099,2.4769165575576566
9350,GLN_54_A_C,48.188,-31.753,44.405,9713,GLN_54_C_HE22,50.849,-31.892,47.944,10,-20.142109648844848,-5.242545856258751,-1.2168143757917997,-20.456290792578063,-2.9666438512086035,2.570839683428919,49.04286768415386,-31.797654869634496,45.5419322563775,0.43149899999999997,4.429984537219061,2.284326442399783
9517,GLN_54_A_HA,47.72,-31.681,41.735,9703,GLN_54_C_HE22,51.005,-31.891,48.752,10,-20.05409749395761,-5.434659765016209,-3.9202296429407535,-20.461287303653496,-2.892518110004218,3.3904014012805863,49.481537998452225,-31.793609735060883,45.49777386153403,0.5755440000000001,7.750716999091121,2.967433509254177
9367,GLN_54_A_C,47.676,-32.183,43.343,9699,GLN_54_C_HE22,51.621,-32.142,49.071,10,-20.539816079595557,-5.6770226508566735,-2.3249423060847985,-20.75579181583388,-2.332287065652369,3.7693819670749646,49.180990050808234,-32.16735878527677,45.52819214474766,0.75085,6.955191586146275,2.7172373928031046
9372,GLN_54_A_C,47.604,-32.175,42.92,9660,GLN_54_C_HE21,52.204,-32.053,46.033,10,-20.529431380547745,-5.705590162423196,-2.753022970572912,-20.732819980934206,-1.4436488234634268,0.8050863729547242,51.16316708621437,-32.08060469901779,45.328627638996814,0.34213000000000005,5.555686546233509,2.2956925517706708
9379,GLN_54_A_C,47.456,-31.597,42.096,9698,GLN_54_C_HE22,51.292,-31.857,49.071,10,-19.947821188944594,-5.726267523581337,-3.587448540506437,-20.44677133814318,-2.637073608978784,3.736556559614485,49.334951804819944,-31.724353354862668,45.51249865448882,0.239354,7.964491258077945,2.841949613690145
9371,GLN_54_A_C,47.344,-31.798,42.92,9707,GLN_54_C_HE22,50.849,-31.892,48.36,10,-20.13388578663405,-5.934944040091632,-2.7788973195291886,-20.453312244140907,-3.0082017089748927,2.9847479736419587,49.03390883538408,-31.843321378181486,45.54285422667316,0.980655,6.472052302013632,2.643419413340512
9707,GLN_54_A_HE22,56.474,-31.674,41.755,9527,GLN_54_C_HB2,57.386,-32.188,46.782,10,-20.707951303101527,3.248741527624333,-3.023579104973754,-21.253338823312404,3.6123652069002237,2.0692589321788173,57.01544744514157,-31.979157880266197,44.739491564393276,0.526009,5.13484848851453,2.756667533171788
9709,GLN_54_A_HE22,56.318,-31.673,41.363,9427,GLN_54_C_CB,56.895,-31.688,46.474,10,-20.697982004260318,3.1332096149337594,-3.429231653629219,-20.71991096678815,3.1939330752319703,1.7138517388476953,56.70272381510251,-31.683001485661244,44.77083954764109,0.744024,5.143488602106549,2.7934363480678277
9706,GLN_54_A_HE22,56.218,-32.058,41.755,9522,GLN_54_C_HB2,56.969,-32.326,46.736,10,-21.071515796504684,2.9656394317875368,-3.0493872910649142,-21.359784821264853,3.1927873044177826,1.9816653635316686,56.67319099337938,-32.22043833052686,44.77404971773989,0.44109,5.044421275032444,2.843788493781767
9699,GLN_54_A_HE22,56.218,-32.058,42.171,9519,GLN_54_C_HB2,56.681,-32.411,46.678,10,-21.06853724806753,2.924081574021248,-2.6354790008518747,-21.423209631215478,2.9064091405976864,1.8950752903722163,56.48733277894011,-32.26334442973188,44.79277718074097,0.10735800000000004,4.544450131754113,2.6849260089415523
9687,GLN_54_A_HE22,56.018,-31.636,42.951,9585,GLN_54_C_HG3,56.338,-31.515,46.11,10,-20.62706683258678,2.6797458254506625,-1.8792462891647206,-20.507958823125694,2.6908157755571436,1.2959722447769755,56.20739131467786,-31.564386409137438,44.82064738458545,0.03762300000000007,3.1774710069487644,2.692023300923007
9685,GLN_54_A_HE22,55.925,-32.278,42.34,9520,GLN_54_C_HB2,56.388,-32.198,46.513,10,-21.264570370539076,2.5998270679182194,-2.4967705650379615,-21.18988136975688,2.6483608787837793,1.7016534276484587,56.2003425508301,-32.2304246132475,44.821651111477344,0.43304099999999995,4.199368762087936,2.4660279440573425
9718,GLN_54_A_HE22,55.587,-31.577,40.835,9586,GLN_54_C_HG3,56.029,-31.574,45.889,10,-20.550844319416235,2.468009883498241,-4.027747166374568,-20.545039977697304,2.4018588610288583,1.0451099528279322,55.93793916617495,-31.574618059958087,44.84777499060673,0.845382,5.073291732199127,3.1034013551840816
9501,GLN_54_A_NE2,55.752,-32.415,42.92,9541,GLN_54_C_HB2,55.936,-32.664,46.591,10,-21.383960495589893,2.3598615203706537,-1.9370737417214952,-21.619852081755997,2.1567953881806448,1.7337868257113547,55.84909482611212,-32.54639462881478,44.8571473187914,0.364904,3.6840328445875716,2.54062154255791
9683,GLN_54_A_HE22,55.515,-32.392,41.557,9587,GLN_54_C_HG3,55.913,-32.26,46.186,10,-21.35289093592171,2.2626394601194395,-3.316946762496427,-21.218178895152864,2.2050766232724803,1.3286972387036224,55.79916831146178,-32.29775322333428,44.86206309989094,0.9496910000000001,4.647953205444304,2.8402425745059663
9647,GLN_54_A_HE21,55.594,-32.205,43.789,9601,GLN_54_C_HG3,55.941,-31.962,45.959,10,-21.156413450569392,2.1322243618921863,-1.088175239907356,-20.92477670831384,2.2781337629742517,1.105773908617539,55.76610827721405,-32.08447460702301,44.86529671917721,0.42547999999999997,2.210963138543926,2.3265594622360877
9682,GLN_54_A_HE22,55.253,-32.22,41.229,9600,GLN_54_C_HG3,55.653,-32.324,45.959,10,-21.16395233268662,2.048520305507418,-3.669462282489248,-21.26398838689064,1.9649529249611137,1.0767704636756468,55.5622526202348,-32.30040568126105,44.8859122342765,0.912722,4.748022325137071,3.0243682484423466
9694,GLN_54_A_HE22,55.134,-31.784,40.891,9606,GLN_54_C_HG3,55.654,-31.928,45.64,10,-20.722643052053282,1.9972934346395834,-4.01748947471419,-20.871488536651032,2.0278465954719938,0.7596486357111347,55.571310891701515,-31.90510147770196,44.88482581671247,0.899116,4.779554058696275,3.2883234187452675
9651,GLN_54_A_HE21,55.491,-32.656,43.789,9588,GLN_54_C_HG3,55.652,-32.531,46.3,10,-21.598337332680185,1.9958325119965012,-1.0986893115337115,-21.46787510118703,1.9141958365948875,1.4158647362813634,55.56134606367305,-32.601383490937074,44.8861364340561,0.3305680000000001,2.519259216515835,2.301608677366005
9663,GLN_54_A_HE22,55.025,-32.121,41.11,9605,GLN_54_C_HG3,55.325,-32.213,45.64,10,-21.048874224355167,1.841717271053232,-3.810655532764873,-21.130826267617408,1.6798294623189625,0.7265727180495363,55.27695925720163,-32.198267505541835,44.91458478374465,0.989485,4.540854985572652,3.1262378552569405
9655,GLN_54_A_HE21,55.391,-33.041,43.397,9521,GLN_54_C_HB2,55.739,-33.173,47.387,10,-21.97748454313304,1.9065829069482794,-1.4989028805247633,-22.106812031275528,1.8432276056371084,2.5058303823288997,55.52125042323316,-33.09040533295052,44.890388473276786,0.051677999999999946,4.007321798907597,2.531321847105335
9515,GLN_54_A_NE2,55.001,-32.604,41.457,9589,GLN_54_C_HG3,55.368,-32.691,46.522,10,-21.526186375203544,1.7466097182635663,-3.4680162704862245,-21.60438111652008,1.5981262136434606,1.6082344356241582,55.25172874547673,-32.66343705955443,44.917329961415966,0.866182,5.079023823531445,2.7524206437304835
9650,GLN_54_A_HE21,55.203,-33.018,43.789,9542,GLN_54_C_HB2,55.544,-32.841,46.93,10,-21.937549011256987,1.6826516739833695,-1.1276927564756034,-21.764316799670507,1.7206011763580653,2.0317441294485885,55.324712584818954,-32.954823672982535,44.91011210825905,0.2975510000000001,3.164410055602779,2.381302188031433
9512,GLN_54_A_NE2,54.902,-32.88,41.816,9518,GLN_54_C_HB2,55.498,-32.881,47.059,10,-21.79134590881492,1.5915951972204911,-3.1208579204486853,-21.799804687899464,1.6590437877183326,2.1554708351062795,55.254523773017205,-32.880591482840636,44.91714453343828,0.888448,5.27676662360578,2.814652285270481
9659,GLN_54_A_HE21,55.007,-33.297,42.981,9438,GLN_54_C_CB,55.673,-33.337,48.788,10,-22.206731539095514,1.5477574257743059,-1.9513828125686528,-22.25532515935243,1.6253524685795862,3.893103706314108,55.22936700332387,-33.31035537557501,44.91986664910168,0.6912910000000001,5.8452035892687215,2.7552050139309716
9654,GLN_54_A_HE21,55.007,-33.297,43.397,9441,GLN_54_C_CB,55.571,-33.352,48.365,10,-22.20375299065836,1.5061995680080167,-1.537474522355613,-22.265609041760463,1.5652774792382145,3.462008313833223,55.180445066023985,-33.313913969204464,44.92479270923258,0.7170150000000002,5.0002144953991765,2.689650536227019
9498,GLN_54_A_NE2,54.79,-33.077,42.333,9429,GLN_54_C_CB,55.308,-33.003,47.495,10,-21.97562013931397,1.4138909531123338,-2.6177612999075364,-21.903985457183232,1.417735551094708,2.570195686361951,55.05137463300889,-33.03966076671302,44.93766381388398,0.856982,5.1884529486158,2.9828718075714877
9638,GLN_54_A_HE21,54.76,-31.85,44.317,9608,GLN_54_C_HG3,54.8,-31.866,45.431,10,-20.735683755527358,1.2789883864335485,-0.6462025101004321,-20.746681688884685,1.2061718623038116,0.4661952601578174,54.783236382789596,-31.85929455311585,44.96413326069034,-1.000457,1.1148327228781876,2.2871100858016655
9468,GLN_54_A_CD,54.354,-32.148,40.782,9604,GLN_54_C_HG3,54.895,-32.274,45.64,10,-21.027480605426945,1.2067352651887986,-4.204221493307113,-21.15918311867309,1.2485988045053522,0.6834796935577916,54.81934837972329,-32.256380583817254,44.960673620509624,0.8379460000000001,4.889654486771028,3.1950174468169714
9649,GLN_54_A_HE21,54.786,-33.218,43.789,9437,GLN_54_C_CB,55.252,-33.139,48.788,10,-22.105487069675288,1.2537761567765684,-1.1695448684329808,-22.026107568598643,1.2226941097042023,3.8510258960477444,54.894554969993756,-33.19959690422853,44.9535199463494,0.7053659999999999,5.0212944546202385,2.7421275786992156
9511,GLN_54_A_NE2,54.454,-32.917,41.816,9449,GLN_54_C_CG,54.981,-32.875,47.421,10,-21.79441278543317,1.1443269234357363,-3.1657431689543385,-21.752193616120675,1.1104183440295134,2.4638736696933137,54.75035172301348,-32.893381836116575,44.96790020396691,0.953081,5.629877263315779,3.138542135846399
9636,GLN_54_A_HE21,54.555,-32.205,44.389,9603,GLN_54_C_HG3,54.5,-32.094,45.64,10,-21.07366705106637,1.0414902809476596,-0.5952521241627311,-20.94987682992376,0.8703699432557281,0.6439979761711991,54.52858171137519,-32.15168309022992,44.98989598308439,-0.766,1.2571185306087862,2.1079070775152124
9653,GLN_54_A_HE21,54.555,-33.387,43.397,9440,GLN_54_C_CB,55.166,-33.139,48.365,10,-22.259365186708646,1.0509431963936187,-1.582783679873243,-22.02264274714778,1.1796304130922084,3.4215395597733287,54.74824907326946,-33.30856175094791,44.968295247140276,0.8106549999999999,5.0115715100155995,2.832667343581745
9661,GLN_54_A_HE21,54.324,-33.218,42.589,9434,GLN_54_C_CB,55.066,-33.023,47.914,10,-22.079195405642153,0.9153030751127403,-2.409782233372197,-21.902655444141075,1.1342722443040478,2.9628428368273703,54.65680908192906,-33.13053669679762,44.97742097206502,0.9076,5.379982713726879,3.111814030433002
9639,GLN_54_A_HE21,54.35,-32.56,44.317,9595,GLN_54_C_HG3,54.483,-32.47,45.987,10,-21.412681382602866,0.8183775877654857,-0.6875776848372428,-21.321025716549666,0.7903223264136037,0.9873853419758349,54.40459692579444,-32.52305471186842,45.002540346441535,-0.31695599999999996,1.6777034898932544,2.182548724073333
9648,GLN_54_A_HE21,54.324,-33.218,43.789,9430,GLN_54_C_CB,54.918,-32.962,48.44,10,-22.070603438996507,0.7954246392484436,-1.2158160116038017,-21.826890156510185,0.9395207393944247,3.4714020492359574,54.47807747229137,-33.151596240897995,44.995421420247766,0.850733,4.695761173654381,2.7905525611936506
9657,GLN_54_A_HE21,54.103,-33.297,42.981,9435,GLN_54_C_CB,54.654,-32.858,47.982,10,-22.138474391620154,0.6508964477539156,-2.041922019119349,-21.706535475446607,0.7312468761076126,2.9893099951449686,54.32662296736564,-33.11883215485751,45.01065237712438,0.947562,5.050378500667052,2.855990555524723
9508,GLN_54_A_NE2,53.921,-32.843,41.846,9432,GLN_54_C_CB,54.576,-32.794,48.598,10,-21.68016659614746,0.6181515348971967,-3.189243567461821,-21.632419829912052,0.59717921755378,3.594428771929237,54.22893859611371,-32.819963372199126,45.02035328390805,0.8992649999999999,6.783872787722367,3.520728287821593
9614,GLN_54_A_HE21,53.957,-33.018,42.462,9436,GLN_54_C_CB,54.417,-32.861,47.622,10,-21.852970199511677,0.5790570909765496,-2.5728122743569983,-21.69420957492918,0.5318545015719438,2.607382314617015,54.185465094481835,-32.940023869926854,45.0247823641875,0.846275,5.182841788054114,3.0593136802742418
9633,GLN_54_A_HE21,53.847,-33.14,42.832,9459,GLN_54_C_CG,54.255,-32.874,47.194,10,-21.96366398248975,0.4237103964688572,-2.2157432461348128,-21.698004676223036,0.4129045208858897,2.165303702489088,54.0533486776162,-33.005468754299244,45.03811012686725,0.7727689999999999,4.3891074263453635,2.8751926162341452
9623,GLN_54_A_HE21,53.748,-32.996,43.682,9635,GLN_54_C_HE21,53.875,-32.946,46.51,10,-21.806517710738134,0.2514997342375792,-1.3798691305597253,-21.74600254927965,0.09877543956403564,1.4466527966593261,53.80999965331721,-32.971590687670385,45.06259070536285,0.29030599999999995,2.8312917546589893,2.604981631109169
9461,GLN_54_A_CD,53.366,-32.372,40.679,9629,GLN_54_C_HE21,54.019,-32.418,45.968,10,-21.176973261589023,0.2198383499923966,-4.405754181795682,-21.2342768914104,0.33582852169884436,0.9220322792101296,53.90599113924124,-32.41003919204456,45.0526801461668,0.964512,5.329356996861818,3.5308047620733993
9615,GLN_54_A_HE21,53.494,-32.861,42.079,9622,GLN_54_C_HE21,53.996,-32.891,47.667,10,-21.664205545196413,0.1698820443639874,-3.000188790453578,-21.69201306888902,0.1074084654210023,2.60997803358652,53.762458108296165,-32.87704331324479,45.06733448039633,0.864182,5.610583570360574,3.5717674702712174
9628,GLN_54_A_HE21,53.556,-32.491,44.223,9466,GLN_54_C_CD,54.156,-32.5,49.247,10,-21.284601642029394,0.045271577581518896,-0.8605969816571868,-21.302907435117703,0.1379596489113949,4.198230038450594,53.65807073437022,-32.49253106101556,45.07767228245997,0.881739,5.059709181366061,3.1187459772671113
