# center_u,center_v: -0.003029,-0.002027
# center_x,center_y,center_z: 51.988387,-11.273935,45.236370
# circle_radius: 22.901544
# ring_width: 2.290154
# n_rings: 10
idx1,res1,x1,y1,z1,idx2,res2,x2,y2,z2,ring_id,plane_u1,plane_v1,PC3_1,plane_u2,plane_v2,PC3_2,rep_x,rep_y,rep_z,scalar_prod,physical_distance,zernike_distance
6884,TYR_44_A_HH,52.038,-11.136,45.789,2424,LEU_30_C_CD2,51.513,-11.149,39.595,1,0.13471894945621588,0.0024483454547984257,0.554880524328218,0.11704801539193649,0.09938091389602244,-5.660561681602485,51.991130885040754,-11.137160568560894,45.236033717985585,0.7101409999999999,6.216223129843396,2.541430076999357
2379,LEU_30_A_CD2,52.63,-10.872,50.847,6955,TYR_44_C_HH,51.85,-11.025,44.644,1,0.38947430933256055,0.10450821552026501,5.6468553366713135,0.25139613451297405,-0.06126439458314863,-0.6031424120785241,51.92527220014045,-11.010235068433989,45.24260699675795,0.833372,6.253720332729953,2.634514536023059
2381,LEU_30_A_CD2,52.409,-11.621,50.547,2412,LEU_30_C_CD2,51.364,-11.71,40.256,1,-0.3428295524992463,-0.14158341765477428,5.325900570345171,-0.42635302623665905,-0.15702345100916898,-5.018054786997823,51.87094991144661,-11.666824361608853,45.248365108801025,-0.04369400000000001,10.344304084857518,1.3370406549625244
2388,LEU_30_A_CD2,52.704,-11.67,50.186,6963,TYR_44_C_HH,52.023,-11.572,44.919,1,-0.41654734577879193,0.18343403921756052,4.9962396237921505,-0.3051218145896785,0.04141105961917445,-0.312438914626356,52.06307982388098,-11.577767727959378,45.22898595063306,0.14667999999999998,5.311746793664023,3.0625513657072703
6885,TYR_44_A_HH,52.134,-11.478,45.528,2417,LEU_30_C_CD2,51.478,-11.513,39.895,1,-0.21541327511801145,0.09782542513139446,0.3046573479694529,-0.24111285146188693,0.007080802140218001,-5.365735490729987,52.09875460766951,-11.47988047062739,45.2253516844548,0.28507899999999997,5.671177126487934,2.200951427463748
6935,TYR_44_A_HH,52.223,-11.126,45.677,2416,LEU_30_C_CD2,51.149,-11.184,39.895,1,0.12991967580206085,0.19793445845087587,0.4619765599452131,0.11178089145848365,-0.294368643024143,-5.398541560560906,52.13833806138316,-11.13057205999979,45.22121291519315,0.692313,5.881187295096115,2.3449093252125968
2389,LEU_30_A_CD2,52.999,-11.308,50.186,2425,LEU_30_C_CD2,51.898,-11.405,39.595,1,-0.07786420706075706,0.5035595971932445,5.025944146660874,-0.16728431090391085,0.461924667984175,-5.622114905471514,52.479321767715454,-11.353784549075023,45.186988048932214,-0.25385,10.64851590598427,1.0831306311704247
6934,TYR_44_A_HH,52.542,-11.311,45.391,6956,TYR_44_C_HH,52.34,-10.956,44.479,1,-0.080681530567021,0.5289553144783623,0.2092824271468432,0.28201820582277576,0.4465824643897267,-0.7182069877744512,52.49641991077898,-11.230896377854151,45.18521266648728,-0.51684,0.9992862452770966,1.5736290616638418
2383,LEU_30_A_CD2,52.949,-10.878,50.547,6976,TYR_44_C_HH,51.784,-11.824,45.318,1,0.35725728326422224,0.4505035753678531,5.380310266945291,-0.5354932801940185,-0.254673573175876,0.06050729873145741,51.77074932070918,-11.834759779063617,45.25852549183546,0.67283,5.440090256604203,3.056582220612354
2377,LEU_30_A_CD2,51.989,-11.513,50.847,2395,LEU_30_C_CD2,51.245,-11.83,40.673,1,-0.2012802455661182,-0.5800451652486452,5.582374915268174,-0.5340364999454956,-0.3258426236409192,-4.615122588679133,51.58171508177846,-11.686534031016436,45.27748822851353,-0.061171000000000086,10.206091367413874,1.8518078818067905
6943,TYR_44_A_HH,52.424,-11.737,45.052,2428,LEU_30_C_CD2,52.009,-11.061,39.368,1,-0.4989720662357884,0.4134436584386204,-0.14001842468276762,0.16571840788228792,0.6208151288268616,-5.836705237812456,52.43420025291007,-11.7536153517282,45.19170659648386,0.573976,5.739081546728533,2.6124305538528287
2387,LEU_30_A_CD2,52.324,-11.939,50.186,2381,LEU_30_C_CD2,51.353,-10.613,39.462,1,-0.6560803717165924,-0.21396684913614172,4.958062884528938,0.6626327902168113,-0.005417092684115721,-5.808682008688666,51.87685658677486,-11.328379849704914,45.24762104693477,-0.22921199999999994,10.849207021713612,1.1843730746683392
2339,LEU_30_A_CD2,52.715,-11.907,49.674,2394,LEU_30_C_CD2,50.909,-11.562,40.853,1,-0.6573611746244374,0.22752047903164707,4.487811570217981,-0.2401497216924593,-0.656844985690318,-4.469561612158061,51.81016020703921,-11.734148544534069,45.254513945898594,-0.16527300000000003,9.010588327073876,1.333762281632647
2692,LEU_30_A_HD21,52.592,-10.542,50.966,2676,LEU_30_C_HD12,52.643,-11.179,44.539,1,0.7222450516236163,0.07994859847768032,5.7615961676155845,0.03721189369847569,0.7242826864592147,-0.6282600244757618,52.63798560526481,-11.116369226542785,45.17091205809973,0.6705939999999999,6.458691740592672,3.2835988838255985
2380,LEU_30_A_CD2,51.995,-11.832,50.547,6957,TYR_44_C_HH,51.41,-10.706,44.615,1,-0.5219624443072916,-0.5683169008467112,5.284344085949045,0.6024921736425026,-0.47069862549689157,-0.6759241533577282,51.47634191849061,-10.833694017470817,45.28771839399369,0.23152,6.066195265568028,3.155753755660248
6939,TYR_44_A_HH,51.54,-11.877,45.736,6959,TYR_44_C_HH,51.175,-11.313,44.942,1,-0.5669243646580984,-0.54252401059511,0.4519446661441342,0.0173256864326981,-0.7825464554494859,-0.3743713168590549,51.34036716397149,-11.568526247890201,45.3017302142284,-0.45443199999999995,1.040075478030319,1.7031534430651714
6889,TYR_44_A_HH,52.72,-10.837,45.769,2407,LEU_30_C_CD2,50.728,-11.203,40.657,1,0.3812196462580472,0.7037375631822992,0.6034175161526454,0.13007941387684055,-0.7896077700634875,-4.682546189677405,52.49260386959329,-10.878780614321714,45.18544125570325,-0.196655,5.498596548211189,2.4064278713065135
2393,LEU_30_A_CD2,52.325,-12.095,49.785,6944,TYR_44_C_HH,51.127,-11.001,44.667,1,-0.8145776938972535,-0.18474689881364287,4.559110765390923,0.3300823026586074,-0.779032191088716,-0.6526588461393324,51.27702299716878,-11.137999297915393,45.30791627671936,-0.33511,5.368981653907932,2.5481302448786347
6944,TYR_44_A_HH,52.189,-12.103,45.052,2397,LEU_30_C_CD2,51.151,-12.025,40.99,1,-0.8461740252576605,0.15254089901030024,-0.16371546614498006,-0.719107588050852,-0.4655575908259961,-4.3092166876377,52.229993029498445,-12.106080401060579,45.21241780907773,0.701241,4.193253152386578,1.830022857666138
6942,TYR_44_A_HH,52.819,-11.557,45.052,2375,LEU_30_C_CD2,50.692,-11.276,41.218,1,-0.3493152758332861,0.8189760501050545,-0.10037849032704732,0.0640246277769587,-0.8869031907179858,-4.128004607509781,52.87201014610437,-11.564003220994513,45.147552844458936,-0.053581000000000004,4.393477665813266,2.1989750274846527
2761,LEU_30_A_HD23,53.095,-10.951,47.471,2819,LEU_30_C_HD23,50.757,-11.661,41.438,1,0.2514196419278216,0.897102433104959,2.3343672514008014,-0.32319911921475514,-0.8735938275112423,-3.9027699951236583,52.219959028789,-11.216731004944316,45.21303499601541,-0.978264,6.5090270394276235,2.0202155933832673
2773,LEU_30_A_HD23,52.706,-12.164,49.238,6941,TYR_44_C_HH,51.004,-11.333,44.928,1,-0.9160631249865397,0.24265569807087495,4.052989507733245,0.010194527228414763,-0.952314324155181,-0.4054360448238836,51.158774850483816,-11.408568684343155,45.3199386636811,-0.2518269999999999,4.707808938349138,2.2475426031991335
2369,LEU_30_A_CD2,51.747,-10.785,51.214,6960,TYR_44_C_HH,52.651,-11.919,44.604,1,0.5455229578257698,-0.8015830710635907,5.923612269159479,-0.7007953052509882,0.6696021703630207,-0.5631108459834718,52.57252398125632,-11.820557737549404,45.17781248218558,0.837267,6.767220404272348,3.871223644415064
2785,LEU_30_A_HD23,53.345,-11.138,48.625,2374,LEU_30_C_CD2,50.627,-11.025,41.552,1,0.05434444909847991,1.015662383041513,3.507521080462586,0.32160096435245034,-0.9657194125816693,-3.8020837060513437,52.04076501395995,-11.083776838328724,45.23101396016876,-0.983573,7.578101477283079,1.4405907084401075
2401,LEU_30_A_CD2,53.381,-10.874,49.362,2818,LEU_30_C_HD23,51.694,-12.312,41.31,1,0.3201427350034051,0.9977753353183816,4.2445369043997365,-1.043989332504189,0.01941969360676793,-3.9365682129257036,52.505747371530745,-11.62006596309353,45.18444566423567,0.326481,8.351557758885463,1.4079151116599766
2784,LEU_30_A_HD23,52.163,-12.32,49.041,2758,LEU_30_C_HD21,51.435,-10.212,39.262,1,-1.0320247152416466,-0.2882076370786717,3.8025278759821624,1.0548543142474325,0.12632817963230858,-5.999287515716583,51.88057881748523,-11.502219982498445,45.24732315410451,0.128,10.030079212050119,1.366860857642544
2777,LEU_30_A_HD23,52.329,-12.36,48.835,2406,LEU_30_C_CD2,50.557,-10.772,40.657,1,-1.0859184013104877,-0.10597315779294825,3.614171657180197,0.5727494628875306,-0.9265689643598741,-4.6994831010186084,51.55866344372101,-11.66965324414727,45.27980115279369,0.102911,8.517124632174879,1.3874992174641279
2395,LEU_30_A_CD2,53.374,-10.651,49.785,6968,TYR_44_C_HH,51.468,-12.233,45.599,1,0.5460576282460432,0.9654864869440852,4.664806926268803,-0.9174434713688252,-0.6272694523529463,0.30826597624203794,51.33313269186333,-12.34494128094031,45.30280138937033,0.420241,4.863965049216533,2.286080625396412
2719,LEU_30_A_HD21,53.102,-10.3,50.643,2817,LEU_30_C_HD23,50.707,-10.71,42.289,1,0.9227274353686193,0.6365423717699449,5.491405151221259,0.6349301025963834,-0.9360859346835533,-3.060638692503489,51.56413190934172,-10.563267606333987,45.27876199191678,-0.3590120000000001,8.700197756373125,1.7396804353003663
2754,LEU_30_A_HD23,51.87,-12.316,48.85,2399,LEU_30_C_CD2,51.006,-12.28,41.238,1,-1.007280622901298,-0.5595097490519447,3.5831448913796833,-0.960649103697365,-0.653527381793102,-4.0770980673097155,51.46585652793946,-12.299160688664145,45.28942116976292,0.29777200000000004,7.660961819510656,1.8507162514960362
2770,LEU_30_A_HD23,53.429,-11.672,48.389,2403,LEU_30_C_CD2,50.506,-10.766,41.08,1,-0.48614968338895803,1.0820748781937932,3.2808859701325663,0.5856116395155911,-1.0189682996031764,-4.283715224362672,52.16124913724782,-11.279053615582118,45.21897226963542,-0.9850510000000001,7.9237772558294495,1.637294690836453
2774,LEU_30_A_HD23,53.406,-11.869,48.838,2674,LEU_30_C_HD12,53.112,-11.1,44.554,1,-0.6776307987737167,0.9994608992608073,3.725238209843212,0.08067957622453908,1.1940720515652699,-0.5663285057711132,53.150797155381724,-11.20147963431477,45.11932997841935,0.27893199999999996,4.3623907436175395,2.4118209817858736
2522,LEU_30_A_HB3,53.17,-10.501,47.471,6954,TYR_44_C_HH,52.74,-12.179,44.39,1,0.694460563809377,1.0056395600104096,2.3420765718282537,-0.9682986587993496,0.7595584288228749,-0.7672353849401672,52.846104250751075,-11.764946667999293,45.150249294335026,0.837397,3.5345643295885814,2.414490980048165
2500,LEU_30_A_HB2,52.064,-10.026,45.758,6965,TYR_44_C_HH,51.864,-12.511,45.471,1,1.2393366696558468,0.11552576464639755,0.5271282363155748,-1.2254594693569163,-0.24269408281725668,0.22044838045461884,51.720235500153244,-14.297273910595871,45.264697942719906,-0.758258,2.5095007471606783,1.9797113502838837
2776,LEU_30_A_HD23,52.308,-12.544,48.439,6937,TYR_44_C_HH,50.579,-11.315,43.889,1,-1.2706381489604055,-0.10120257161396484,3.217978703765247,0.05279339006203195,-1.2687981139269684,-1.4817693332141275,51.12413117660109,-11.702487690018934,45.323555727897606,-0.212659,5.020197406477157,2.786021134926736
2632,LEU_30_A_HD12,50.789,-11.556,45.913,6943,TYR_44_C_HH,50.659,-11.001,44.667,1,-0.18887686105759563,-1.2809296736262479,0.552980114502474,0.3654189675020478,-1.2433363257275958,-0.6995309132474368,50.731605363711274,-11.310969052767371,45.362894486032694,-0.946367,1.3701974310295535,1.9988135596157077
6886,TYR_44_A_HH,51.511,-12.469,46.03,2435,LEU_30_C_CD2,52.562,-10.677,39.228,1,-1.1529245089726385,-0.6455643489914842,0.741301745764626,0.505855314026141,1.2125575891635272,-5.92044737603208,51.62795248808597,-12.269591000332968,45.27309150907637,0.621286,7.1121775146575175,2.5400361340633633
6917,TYR_44_A_HH,52.974,-12.127,44.722,2744,LEU_30_C_HD21,50.548,-10.309,40.182,1,-0.9317396579049531,0.962487972168947,-0.4134458431346525,1.0316944319131225,-0.8529306353214369,-5.172792631772555,53.18474732730953,-12.284930190044824,45.11639112365429,0.10452600000000001,5.4591391262725635,2.1355974260844595
6907,TYR_44_A_HH,53.488,-11.496,46.742,2404,LEU_30_C_CD2,52.58,-12.197,41.08,1,-0.32690393264391615,1.3184904923215124,1.648153766656969,-0.9978654096969292,0.9301214816075866,-4.076624762493999,53.22658838162837,-11.697816678941095,45.11192006253284,-0.38211399999999995,5.777032888949135,2.949147910773031
6654,TYR_44_A_OH,51.278,-12.281,47.686,6940,TYR_44_C_HH,50.566,-11.287,44.928,1,-0.9360162713836324,-1.0278980446230843,2.3657218766577124,0.08913352580684694,-1.3833665887981308,-0.44928327563284826,50.67963733810231,-11.445645384934968,45.3681850821435,-0.408211,3.0168765304533114,2.2476821377971263
6887,TYR_44_A_HH,51.796,-12.666,45.694,2778,LEU_30_C_HD22,52.784,-11.742,39.868,1,-1.3732819563239467,-0.3441901727778293,0.43544851084899855,-0.5682570103461051,1.288096312317436,-5.261899263943122,51.8715128782242,-12.59537864425186,45.24871859460101,0.393063,5.980986206304109,2.5195951371438383
6899,TYR_44_A_HH,53.549,-11.351,46.473,2757,LEU_30_C_HD21,51.23,-9.857,39.262,1,-0.1888534611826411,1.4168787709605364,1.386679458252169,1.424310462370251,-0.050128590268576856,-6.019663064062542,53.11481677744472,-11.071280407719886,45.12289425707369,-0.654466,7.720642330790877,2.9236241445824356
2480,LEU_30_A_HB2,52.954,-10.117,45.991,6969,TYR_44_C_HH,51.205,-12.463,45.815,1,1.0830669859694475,0.9683191807004641,0.8480537346721071,-1.1253764426131518,-0.9272145430406843,0.496738313845818,48.73202198818104,-15.780099151359215,45.566146866735195,-0.732,2.931500127920857,2.262460402373746
6927,TYR_44_A_HH,53.434,-11.456,44.987,2572,LEU_30_C_HB3,50.517,-10.382,42.319,1,-0.2955075898088113,1.4432728763781177,-0.1034125684516147,0.9765462335373066,-1.1027058874854123,-3.0496746417347134,53.53638548189883,-11.493696951511605,45.080645685878,-0.06618799999999997,4.096411722471261,2.2984296987255846
2483,LEU_30_A_HB2,52.635,-9.885,45.934,7239,ASN_45_C_HD22,51.391,-12.472,48.192,1,1.338076946094917,0.6751282051730506,0.7594931785193108,-1.1313753247658072,-0.9808252025755658,2.8804110914302683,53.08047198565609,-8.9586044799901,45.12541821253098,0.10176199999999999,3.6522142598703065,1.9532404819016305
7191,ASN_45_A_HD22,52.601,-12.498,42.151,6967,TYR_44_C_HH,51.638,-12.741,45.725,1,-1.2919157179995073,0.8211353523322893,-3.009038962751066,-1.435914072339533,-0.5097275184577038,0.45043534602764995,51.763385882220284,-12.70936057177619,45.25965301863417,0.11414400000000002,3.709433110328314,2.4454288931850328
2329,LEU_30_A_CD1,50.67,-10.552,45.791,6692,TYR_44_C_OH,52.497,-12.614,42.653,1,0.8203429429004148,-1.3106557594031338,0.4201164734138014,-1.3961347008253524,0.6590097058305595,-2.5200300892475904,50.93105936577265,-10.846638430335632,45.34261232085683,0.720011,4.17574149104084,2.0804562973445426
2552,LEU_30_A_HB3,53.377,-10.139,48.239,2385,LEU_30_C_CD2,50.476,-10.113,40.695,1,1.045287062262298,1.1617378680752053,3.127105925548592,1.2362393618349399,-0.9607448165333319,-4.669497018864112,52.21345039324241,-10.128571771880145,45.21320950245458,-0.911112,8.08259939623386,2.3158719994736257
6925,TYR_44_A_HH,53.479,-11.707,44.73,6701,TYR_44_C_OH,52.396,-12.796,44.785,1,-0.5510224946423445,1.4945548415713308,-0.3547237171375334,-1.554719343884358,0.3320198452587895,-0.4089456423177446,60.564063549166505,-4.582684021198218,44.37018606167667,-0.819811,1.5368262751527884,2.206154338171179
6929,TYR_44_A_HH,52.486,-12.794,44.714,7242,ASN_45_C_HD22,51.587,-12.751,47.8,1,-1.5600289750521639,0.42855359565550555,-0.4705739057299602,-1.42717753625827,-0.7683729906482604,2.509889689452774,52.344060356135536,-12.787210895788464,45.20123664178613,0.13761700000000004,3.214567778100188,1.9024821216168735
2747,LEU_30_A_HD22,51.054,-12.004,50.562,6966,TYR_44_C_HH,51.896,-12.907,45.568,1,-0.6223087688282243,-1.5164291849197569,5.20494816700529,-1.6220405213316003,-0.2506708485840825,0.3199915390470363,51.95115563318117,-12.966151468839191,45.24086552006321,0.20051400000000003,5.144357005496411,4.663856059125733
2402,LEU_30_A_CD2,50.964,-12.181,48.939,2405,LEU_30_C_CD2,53.025,-12.088,41.08,1,-0.8036240718295555,-1.4570070928628869,3.58101720299447,-0.922779400165979,1.379874152920326,-4.032008332563162,51.93345378954794,-12.137254632494924,45.24228125567332,0.7598900000000001,8.125284671936118,1.9321564549024641
2353,LEU_30_A_CD2,50.969,-10.78,51.166,2432,LEU_30_C_CD2,52.774,-10.311,39.228,1,0.6089083074990117,-1.5682647366233264,5.797936013878901,0.8547939040125411,1.4506419830006245,-5.899053876329455,51.86369808927611,-10.547527200071746,45.24860067048297,-0.993374,12.08279065448044,2.3784222101715162
2367,LEU_30_A_CD2,51.113,-10.419,51.214,6933,TYR_44_C_HH,50.294,-10.65,44.224,1,0.958339365029158,-1.4028176898429274,5.8602754937051476,0.7397956803385237,-1.5345778019022234,-1.176705388090113,50.43095102047796,-10.611372789095958,45.39284936891451,-0.48475500000000005,7.041606492839545,3.5989712949121566
2481,LEU_30_A_HB2,53.349,-10.117,45.934,6972,TYR_44_C_HH,50.283,-11.492,45.434,1,1.0528341183803631,1.3658940328620404,0.830901165009262,-0.09028494800815196,-1.7302282800210853,0.025738806396871095,50.18498848770227,-11.535954934575793,45.41801638742699,-0.625521,3.3972019368886466,2.451325381961731
2366,LEU_30_A_CD2,51.325,-10.053,51.214,7231,ASN_45_C_HD22,51.17,-12.551,49.0,1,1.307277955015558,-1.16473329600583,5.881668993407774,-1.1876757623066574,-1.2867896877006801,3.662179595896156,50.91424845732522,-16.67272486194573,45.34687796463257,0.628969,3.3415303380337567,2.945385670074963
2733,LEU_30_A_HD22,50.823,-10.991,51.162,2760,LEU_30_C_HD21,51.435,-9.502,39.262,1,0.4095112497806904,-1.7287150607486663,5.77924091127554,1.7628092759080018,0.18017680906546152,-5.998975476694136,51.12329125983059,-10.26038940214422,45.323003281072,-0.94,12.008399768495384,2.1947363488490557
2629,LEU_30_A_HD12,50.701,-12.26,47.422,6923,TYR_44_C_HH,50.575,-12.299,45.923,1,-0.8734002055937293,-1.572375428276212,2.0452696852231105,-0.9135069533788492,-1.5505901239300657,0.5411703370094919,50.52966558605708,-12.313032080506144,45.383664392853646,-0.21919300000000008,1.5047916799344636,2.373222063553296
2555,LEU_30_A_HB3,53.443,-9.822,48.703,6685,TYR_44_C_OH,51.258,-13.049,42.038,1,1.3597128471405076,1.2049059364874442,3.5955223467736412,-1.7407335827041988,-0.5417597950801689,-3.2562197497906085,52.296398709849306,-11.515401539275192,45.20547249480348,0.531009,7.720749898811648,1.8729517764255492
7200,ASN_45_A_HD22,52.501,-12.883,41.343,6860,TYR_44_C_HE1,51.756,-13.085,45.905,1,-1.6740414768895224,0.7734436050503563,-3.823160821955157,-1.786544113770525,-0.43673118750189754,0.6411972649556488,51.863001264928215,-13.055987576489263,45.249778831406026,-0.5448200000000001,4.626842659957218,2.5824306603985323
6608,TYR_44_A_CE2,53.892,-12.229,48.099,6922,TYR_44_C_HH,50.935,-12.737,46.259,1,-1.0785808647222508,1.5281444915682387,3.038470633555,-1.3750216655657084,-1.2602183546672316,0.9113438180292045,49.66810624912308,-12.954646948070842,45.47067247155444,0.907894,3.5195898908821737,1.9851695578465576
2683,LEU_30_A_HD21,53.292,-9.58,49.697,7210,ASN_45_C_HD22,51.217,-12.899,47.177,1,1.6195341780857613,0.974153141383826,4.569507471679408,-1.5512748024391108,-1.0844389425855097,1.8529002050982353,49.801717057604925,-15.16277064376349,45.45819854706719,0.621,4.655296553389485,1.8729710918189353
7198,ASN_45_A_HD22,53.206,-12.321,41.343,2368,LEU_30_C_CD2,53.474,-11.776,41.607,1,-1.1668917398944212,1.5154999602702959,-3.7523052650558872,-0.6418068162045247,1.7963447799859753,-3.4625519041565918,56.6765992983614,-5.263251426839515,44.76179930883365,-0.883378,0.6622273023667887,2.3748034759524415
2628,LEU_30_A_HD12,50.556,-12.357,46.999,6934,TYR_44_C_HH,50.035,-11.867,44.224,1,-0.9622011556285156,-1.681329977728489,1.6098316328820603,-0.4541429763530847,-1.883833541953301,-1.203180132636814,50.257841886688,-12.076582580570292,45.41092175731135,-0.466347,2.8656877010588633,2.656260260744175
2715,LEU_30_A_HD21,53.102,-9.398,50.643,6684,TYR_44_C_OH,51.501,-13.226,42.299,1,1.8221293725768377,0.7049528840920632,5.4918015726272404,-1.9337028942104681,-0.34017659768335323,-2.972272467105825,52.0632124992643,-11.88174675378904,45.22910686687154,-0.199208,9.318751042924154,1.8199486654883177
7175,ASN_45_A_HD22,52.624,-13.052,42.832,2511,LEU_30_C_HB2,50.61,-9.778,44.496,1,-1.8411807019207382,0.7339056059846626,-2.3294030684737432,1.5873717407183678,-1.1821105280776572,-0.8740411471337928,49.40045971691582,-7.811746332265342,45.49534212068127,0.695958,4.18857589163668,2.2567878282684837
7154,ASN_45_A_HD22,52.782,-13.004,43.035,6697,TYR_44_C_OH,52.834,-13.003,43.583,1,-1.8037953833456375,0.874018891889732,-2.111578356680249,-1.8028008950068648,0.8709395976116318,-1.5611253351246437,52.98147583217379,-13.000163926304355,45.137168385215936,-0.8424929999999999,0.5504625327849323,2.0817612723299996
6851,TYR_44_A_HE2,53.981,-12.418,48.334,7200,ASN_45_C_HD22,50.716,-12.652,47.422,1,-1.2720738945846426,1.5786310982188498,3.2811196598122274,-1.265403699415157,-1.5872243963976285,2.0465997143666024,45.3032498115088,-13.039927578593243,45.9100771295853,0.640679,3.3980472333385854,1.837510688134206
6850,TYR_44_A_HE2,53.358,-13.04,48.443,2781,LEU_30_C_HD22,53.539,-11.82,40.955,1,-1.8444618413850842,0.9024876305187522,3.3269022923716,-0.6952562534288073,1.9226283173433705,-4.104782879626408,53.439027290713035,-12.493849200718746,45.09088755326391,0.16683100000000003,7.588893529362498,2.295201305561192
2266,LEU_30_A_CD1,50.429,-9.945,45.698,7228,ASN_45_C_HD22,50.606,-12.599,47.407,1,1.443125574002438,-1.4944251818972931,0.3037137511354848,-1.204358130437673,-1.6908375432240212,2.0206814907980895,50.39769053930999,-9.475534979258276,45.395695659213416,0.48344100000000007,3.1616018092100067,1.7853472450281525
6922,TYR_44_A_HH,53.823,-12.078,44.125,5827,ILE_41_C_HG23,49.927,-10.711,44.928,1,-0.9512596320592565,1.8681391290455343,-0.9223917662513652,0.7117225909860248,-1.9736346624266268,-0.5130285278029244,45.044394634907015,-8.997827121642173,45.93434807704559,-0.658142,4.206223246571679,2.0433539240430485
2493,LEU_30_A_HB2,53.517,-9.733,45.943,5813,ILE_41_C_HG23,50.057,-10.266,44.662,1,1.4231075526150339,1.56079198947213,0.8568505466835303,1.143720548763529,-1.7843380410895717,-0.7644754479002708,51.68843319639055,-10.014683845758334,45.26600749265211,-0.683296,3.7278210793974544,2.9909025428704923
6631,TYR_44_A_CZ,54.132,-12.176,47.088,2774,LEU_30_C_HD22,53.262,-10.206,39.388,1,-1.051093620999123,1.8712664446365705,2.0566143422602563,0.9237902855922755,1.9267679129316804,-5.690937086578629,53.90105548879531,-11.653056681525003,45.044008349107884,-0.09827599999999997,7.9954862266156175,2.6749486237992137
2696,LEU_30_A_HD21,51.522,-9.371,50.976,6719,TYR_44_C_OH,52.452,-13.323,42.856,1,1.9707348709510573,-0.8937881229111203,5.6648957619560285,-2.09824131222911,0.5403128558064133,-2.322869332458926,52.18155282814998,-12.173744921342728,45.217323694002296,-0.806943,9.07841417869883,2.406141734667274
6607,TYR_44_A_CE2,54.156,-12.334,47.751,2574,LEU_30_C_HB3,50.16,-9.668,41.866,1,-1.2057036030471255,1.8168608611371895,2.71861493586664,1.7122017392436284,-1.357480494043219,-3.5358380677318757,52.41906388784555,-11.175173254503566,45.19297471971249,-0.5278740000000001,7.596630634695884,1.9170928199430444
2685,LEU_30_A_HD21,53.203,-9.183,50.099,7201,ASN_45_C_HD22,50.345,-12.532,47.04,1,2.0249890004191684,0.8758064381582963,4.960746929059733,-1.1204718365652975,-1.9080320755235667,1.6294160759713523,48.94709887564638,-14.170058385395471,45.54378602540318,0.815618,5.361104923427633,1.7806068573864278
7169,ASN_45_A_HD22,53.795,-12.124,42.59,2798,LEU_30_C_HD22,53.568,-10.747,39.36,1,-1.0060035345166936,1.9902159639629438,-2.452498086583475,0.36104332558084135,2.1921174103184122,-5.68838694256371,53.96704455728621,-13.167635926797752,45.03803489001942,-0.14047,3.5186017109073355,2.755794033612182
2750,LEU_30_A_HD22,50.371,-12.083,50.17,5830,ILE_41_C_HG23,49.785,-11.17,45.831,1,-0.65231754233594,-2.1608667517087,4.7464793065319695,0.2712319285318883,-2.239533791650477,0.3710074609264517,49.73531155958156,-11.092584392317356,45.46308508024646,-0.714808,4.472570401905373,3.4407764275131774
6989,ASN_45_A_CG,52.62,-13.28,40.666,2317,LEU_30_C_CD1,53.933,-11.665,42.144,1,-2.0837304624025212,0.9290255353818968,-4.485012918804333,-0.5619387419885649,2.206492977454633,-2.882232555147577,56.29412909212009,-8.760793233987865,44.80184371527302,-0.736501,2.552778486277259,2.1054979060633325
2539,LEU_30_A_HB3,53.924,-9.895,46.138,7214,ASN_45_C_HD22,52.157,-13.576,48.182,2,1.2322395440738902,1.9328110156361495,1.0915615338305094,-2.290104395575021,-0.3036062577485499,2.9466941302033867,54.96370424219253,-7.729096595636287,44.93530873172523,0.06648500000000004,4.566178489722017,2.8667328451039573
2557,LEU_30_A_HB3,53.722,-9.431,48.333,6710,TYR_44_C_OH,51.694,-13.607,42.47,2,1.7258713575135691,1.5483198176206296,3.2554975660201966,-2.326953730029038,-0.19467966075585408,-2.78297000681354,52.6286515661041,-11.682392041395111,45.172101643031716,-0.05249199999999998,7.478404174688607,1.82384755285769
5709,ILE_41_A_CG2,54.156,-11.618,43.555,2512,LEU_30_C_HB2,50.61,-9.314,44.496,2,-0.5218091667716362,2.2903394801494454,-1.4559722769449055,2.050035264958516,-1.146919311095991,-0.8738372230402502,45.287134159647714,-5.855488184948768,45.90852587585209,-0.058768000000000015,4.332206481690364,1.9939336281382267
2491,LEU_30_A_HB2,53.076,-9.126,45.943,6603,TYR_44_C_CE2,49.821,-12.682,42.847,2,2.06165719995408,1.1693114178399917,0.8129494086828141,-1.2604965659526317,-2.0203952062206647,-2.595047511517589,52.29954673809184,-9.974254316235148,45.20447486977952,-0.07858600000000002,5.729343505149608,2.4882530559929714
5801,ILE_41_A_HG22,54.452,-11.478,45.903,7097,ASN_45_C_OD1,52.404,-13.663,48.708,2,-0.38775048448802923,2.3600578243787473,0.9099287400425559,-2.391737567435523,-0.11770192092704795,3.4947491237291555,55.172953019160765,-10.708819166569196,44.9155619049092,0.283984,4.103237014845716,2.4971643706014963
5781,ILE_41_A_HG22,54.265,-10.567,44.79,2326,LEU_30_C_CD1,54.161,-10.289,44.803,2,0.5267760454337005,2.354814940940231,-0.21580334986275004,0.8119209839381573,2.271421954231599,-0.21316255204701307,45.766224269430666,12.150881279791326,45.85234696632102,-0.304299,0.2971009929300137,1.8399442955417789
5704,ILE_41_A_CG2,54.292,-10.904,44.051,6714,TYR_44_C_OH,52.728,-13.553,43.972,2,0.1834168453607623,2.429867716495988,-0.9485314990467739,-2.3404278776144483,0.6852023753366032,-1.1849393281628946,60.56718669773189,-0.27550283740934445,44.36796914905423,-0.991579,3.0772614448564495,1.9223359036298895
6681,TYR_44_A_OH,51.7,-13.695,46.789,7049,ASN_45_C_CG,51.636,-13.58,50.247,2,-2.384229374700914,-0.6268637103841219,1.5148756683793647,-2.239969064998281,-1.027086024475751,4.9491290169760624,51.72823089415226,-13.745727387929843,45.26364950033568,-0.513187,3.4605035760709724,2.4233503998263375
6846,TYR_44_A_HE1,52.268,-13.726,43.976,6708,TYR_44_C_OH,52.308,-13.736,44.941,2,-2.478168320360813,0.2153146054977735,-1.2271063079922258,-2.4842503715907753,0.1578380459947992,-0.2629567066540601,52.318909373661064,-13.738727343415267,45.20418863957313,-0.901279,0.9658804273821924,3.1414835601379467
2737,LEU_30_A_HD22,50.052,-10.991,50.881,7223,ASN_45_C_HD22,50.181,-12.605,48.519,2,0.4657141877499126,-2.465554825749106,5.422435095070528,-1.1702890393351906,-2.2240236646436875,3.0845221071297426,50.35119596275488,-14.734428557258822,45.40269872847253,0.524579,2.8636831179444435,3.155586439379512
2516,LEU_30_A_HB2,51.226,-8.864,45.321,2563,LEU_30_C_HB3,49.843,-9.634,43.151,2,2.4581345833954877,-0.5840709660275202,0.008907183198019239,1.779239677146079,-1.797768256371189,-2.2890331105609394,51.22063927135256,-8.866984642847816,45.312588733792516,0.09566000000000005,2.6859800818323216,2.5199919238068507
2726,LEU_30_A_HD22,49.837,-11.88,48.637,2792,LEU_30_C_HD22,53.929,-10.747,39.569,2,-0.42055844721599517,-2.522108815319761,3.1677944445955504,0.3352822041979453,2.5293877122357995,-5.444282235379161,51.34216714481031,-11.463246731410049,45.30150252464812,-0.39702400000000004,10.012830618761107,1.5190912014205824
2489,LEU_30_A_HB2,53.79,-9.358,45.943,2554,LEU_30_C_HB3,50.178,-9.129,41.5,2,1.7764143722395258,1.8600772455289811,0.8843573951727653,2.245669585986174,-1.262180267287175,-3.8979581075972742,53.122060189355174,-9.315652763943062,45.1213896515241,0.6159709999999999,5.730552678407205,2.7675480296344257
2699,LEU_30_A_HD21,52.399,-8.679,50.327,2306,LEU_30_C_CD1,54.427,-11.617,43.73,2,2.5898763629587864,0.09360378508646539,5.107298207356534,-0.5400210950752897,2.5417929242283765,-1.2547100322781373,54.02703950802708,-11.037570056500769,45.031054913977,-0.364128,7.50100239967966,1.9904588608557017
6603,TYR_44_A_CE2,54.614,-12.282,47.156,2316,LEU_30_C_CD1,54.275,-11.45,41.819,2,-1.1926951718671122,2.3346275349899477,2.1725000650146518,-0.37570795251389266,2.594565504257609,-3.1712512517614635,54.476179678959255,-11.94375071650178,44.986244680252405,-0.8983669999999999,5.412089614926933,3.1562433643321963
2550,LEU_30_A_HB3,53.973,-9.28,47.586,2329,LEU_30_C_CD1,54.49,-10.546,44.663,2,1.8521359983659755,1.883414273893113,2.537458607574444,0.5298174607394965,2.592317922996824,-0.3196208980285811,54.43216331608669,-10.404372839778997,44.989995410210106,0.452693,3.2270689487521045,2.1239863765239693
2503,LEU_30_A_HB2,52.406,-8.631,45.521,2734,LEU_30_C_HD21,52.067,-8.675,40.09,2,2.6027987405711146,0.5843021114077587,0.3261856626968384,2.54563609660095,0.7871919674705523,-5.11147800274268,52.38566462318053,-8.63363939994117,45.195214066352456,0.571804,5.441747697201697,2.747237927008231
2674,LEU_30_A_HD21,52.518,-8.583,50.006,5821,ILE_41_C_HG23,49.243,-11.012,44.711,2,2.67431632205582,0.2510124474879509,4.799872758981379,0.46168175283127566,-2.6533837810546026,-0.7975750353888671,49.70965164854698,-10.665894090283782,45.4654795355897,-0.415,6.683015112956128,2.031523646203786
2678,LEU_30_A_HD21,53.198,-8.67,49.501,2560,LEU_30_C_HB3,49.672,-9.638,43.932,2,2.5326072533026736,0.9694928752823266,4.365478451111755,1.7937546104735078,-2.0457420985962402,-1.5290881847389122,50.586666891132914,-9.386894625463224,45.37663412272243,-0.922051,6.6620913383111136,2.5782353516044774
2743,LEU_30_A_HD22,49.784,-10.991,50.562,7142,ASN_45_C_ND2,50.518,-13.222,49.802,2,0.48366568263806864,-2.6995707058288962,5.07819780525177,-1.8017710467912726,-2.0646502486766756,4.394551720742446,55.23623219076883,-27.563111740606594,44.91663696868625,0.3275,2.468545523177565,3.090472202436493
6040,ARG_42_A_HD2,54.107,-12.465,41.354,6865,TYR_44_C_HE1,52.25,-14.024,45.792,2,-1.378428842253938,2.3973643319064957,-3.6511851168952782,-2.7609483683076648,-0.006560534509708546,0.5778288339809824,52.50373010284829,-13.810986951889884,45.18561648010732,0.49605099999999996,5.057150778847712,2.8239920327309247
2540,LEU_30_A_HB3,54.03,-9.181,47.221,2767,LEU_30_C_HD22,54.361,-11.207,41.046,2,1.9439336307137485,1.9839356315519656,2.1800461688572588,-0.14543602229409308,2.7755379249790253,-3.931644453395383,54.148068031661225,-9.903676230047271,45.01837131266441,0.998074,6.507292985566269,3.6716252824867297
6545,TYR_44_A_CE1,52.13,-14.075,45.664,7044,ASN_45_C_CG,52.161,-14.054,50.608,2,-2.803657264336522,-0.11669384370832563,0.4384315441760599,-2.749659525323342,-0.5782451051226805,5.3606863808609955,52.12723879028608,-14.076870496902979,45.22363158626987,-0.709897,4.944141785992788,2.5470006942097787
2646,LEU_30_A_HD13,49.541,-11.802,48.688,2702,LEU_30_C_HD13,54.454,-11.249,41.464,2,-0.3200682693607871,-2.8149503280509287,3.188926708458039,-0.19134420936579616,2.8228604231543706,-3.5064503570978993,51.881002178406575,-11.538612822174061,45.24729661371685,0.734289,8.75383081856167,1.1815200843222369
2677,LEU_30_A_HD21,52.817,-8.45,49.501,5713,ILE_41_C_CG2,49.407,-11.852,47.451,2,2.7807412489068977,0.6081871795596678,4.327416469242061,-0.3686633751828131,-2.8281095795566764,1.944703919006745,46.62385254767383,-14.628618074138894,45.777846839510666,0.9993560000000001,5.234902482377301,1.5814635841143045
6604,TYR_44_A_CE2,53.316,-13.958,48.204,7096,ASN_45_C_OD1,52.757,-14.109,48.53,2,-2.758357687426582,0.8150710966569139,3.0844940990371383,-2.864380922791315,0.21646631328140015,3.3528024792319324,59.74230766921991,-12.222092203842223,44.456278532798436,-0.7623470000000001,0.6644983069955901,2.0793472289163333
5713,ILE_41_A_CG2,54.598,-11.745,42.648,7107,ASN_45_C_OD1,52.838,-14.149,50.398,2,-0.6883109757253395,2.809824979629884,-2.3141994982824117,-2.897006842508254,0.10718215351263727,5.219504791274821,54.0573640843293,-12.483459512086567,45.02864110593632,-0.052898000000000056,8.302970311882369,1.4548622911142348
6847,TYR_44_A_HE1,52.178,-14.178,43.976,2768,LEU_30_C_HD22,54.379,-10.693,40.415,2,-2.92207089615934,0.09174424953534191,-1.2363188172460486,0.3612064402064408,2.8954152278206,-4.557443021190825,51.358657647935466,-15.475323079029938,45.30161477314938,-0.876767,5.447049384758689,2.877882756947423
6636,TYR_44_A_CZ,52.08,-14.218,46.084,2548,LEU_30_C_HB3,49.599,-9.205,42.379,2,-2.9394629033014747,-0.21910200787713469,0.8512491750215667,2.2198999039561405,-1.930182851389162,-3.0814004114599247,51.542970407918276,-13.132901513460027,45.28202715088159,0.9517760000000001,6.7091396616853975,2.414975467401831
2313,LEU_30_A_CD1,49.307,-12.082,47.08,2764,LEU_30_C_HD22,54.203,-10.003,40.497,2,-0.5931066782512205,-2.9077013705252788,1.5654528800916827,1.063095128464928,2.7649451994199556,-4.4931791823394684,50.572047492891215,-11.544819906511266,45.37905889589401,-0.46768599999999994,8.463388564871638,2.0316597905481535
2731,LEU_30_A_HD22,49.442,-11.1,49.732,2723,LEU_30_C_HD21,50.237,-8.597,41.168,2,0.39485980968389167,-2.9642208652675386,4.218070599521162,2.7693053006749992,-1.1301312812707844,-4.222145867382199,49.83930807139472,-9.849104273332099,45.45206751770519,-0.44152199999999997,8.957629708801319,2.413140885677795
2325,LEU_30_A_CD1,49.041,-11.158,46.018,2330,LEU_30_C_CD1,54.741,-10.155,44.663,2,0.3407125157236732,-2.9954292519590338,0.4825579028278552,0.9007393202633772,2.870990406554989,-0.2943104054440905,52.58160014655138,-10.534978605791045,45.17633101779349,-0.834236,5.944075537878034,3.6124484755154165
2504,LEU_30_A_HB2,51.465,-8.286,45.366,6655,TYR_44_C_CZ,52.229,-14.273,43.198,2,3.0167460872239933,-0.30761649084703707,0.07787174614989054,-3.0262185130437183,0.21285758259100931,-2.0053408159258326,51.493558782306515,-8.509797682812959,45.2849588481145,0.43773500000000004,6.41311850818305,1.9533230132560149
6591,TYR_44_A_CE2,55.02,-12.703,48.383,2656,LEU_30_C_HD11,54.512,-9.585,44.842,2,-1.6343525764553524,2.5829156301867955,3.4338080205734496,1.487669967896266,2.6691475766380384,-0.13889519743549994,54.53174940430024,-9.706217800409751,44.97966267839991,0.14166699999999993,4.745383967604731,2.0779209425018337
6830,TYR_44_A_HE1,52.313,-14.304,42.827,7047,ASN_45_C_CG,50.829,-13.843,50.608,2,-3.066128050630528,0.33090550122151097,-2.3660760619396033,-2.4386936915993855,-1.8837232011603997,5.227373999507656,51.850593999103864,-14.160355009155582,45.25151556130246,0.649672,7.9346542457753,1.5944107379557462
5706,ILE_41_A_CG2,54.842,-10.602,43.319,2724,LEU_30_C_HD21,50.615,-8.322,41.168,2,0.4377777525682846,3.0715547591531664,-1.6216334736170812,3.0149720559868842,-0.7342595397803894,-4.184166799148596,57.51694850688727,-12.04483950690868,44.680205166386216,0.8531139999999999,5.262388241093581,2.3234849756906937
2549,LEU_30_A_HB3,54.237,-8.88,47.534,2588,LEU_30_C_HG,53.983,-9.348,40.454,2,2.2306780422905765,2.1808614150057917,2.512336521170648,1.7325118824877905,2.600655472707995,-4.55770898266773,54.14674124904417,-9.046303525383186,45.018126154459495,0.16830100000000003,7.0999957746466285,3.098383795773317
5838,ILE_41_A_HG23,54.822,-11.833,42.428,2731,LEU_30_C_HD21,49.853,-8.639,41.118,2,-0.7945459755503353,3.047359535349081,-2.510697487207163,2.7560624627019235,-1.509289253413376,-4.3103720505884136,61.75417322052549,-16.28889882599284,44.25556025737338,-0.23912599999999995,6.050512127084781,1.5485610693170466
6865,TYR_44_A_HE2,54.622,-13.551,49.349,7103,ASN_45_C_OD1,52.745,-14.435,50.659,2,-2.4429422523853033,2.027241571543034,4.354716852396589,-3.1732922842034545,-0.03284810955790474,5.46975242888941,61.952531602998626,-10.098581280207362,44.232859136958865,0.9141269999999999,2.4537084178850623,1.7348745830736418
7164,ASN_45_A_HD22,54.545,-12.553,41.373,2642,LEU_30_C_HD11,54.794,-9.82,44.678,2,-1.4991108272615306,2.8233331094329728,-3.588451879554713,1.2308800056026934,2.9474808291673265,-0.27393043654637705,54.814578741116286,-9.59412972100076,44.95114353168403,-0.27936399999999995,4.295848577405866,2.5580180434510478
3523,ILE_32_A_HD11,54.734,-9.481,45.844,2654,LEU_30_C_HD11,54.102,-8.875,44.842,2,1.5817824410412895,2.797183602354137,0.8803464905450102,2.226582264141902,2.316234036836275,-0.1796462941274183,54.20911059502505,-8.977704146495542,45.0118177471758,0.6098389999999999,1.3306629926469027,1.9493287092306169
7070,ASN_45_A_OD1,51.018,-14.482,40.311,2699,LEU_30_C_HD13,54.869,-11.135,41.537,2,-3.1638499670725246,-0.7160226502492439,-4.999202886212397,-0.10848475271905095,3.2359366197651567,-3.3922034042379976,62.998047617159486,-4.069842281321003,44.12495439590691,-0.3744590000000001,5.247445664320879,1.821349345834473
5705,ILE_41_A_CG2,54.998,-10.742,43.014,2340,LEU_30_C_CD1,55.118,-11.174,43.775,2,0.2842183197612095,3.2461738668750955,-1.9095373947685068,-0.15014931966640446,3.256439064512751,-1.1405351974143407,55.29597637530897,-11.814714951112258,44.90366684675099,-0.933997,0.8832581729030269,1.4610277638205564
7063,ASN_45_A_OD1,50.882,-14.492,41.092,5795,ILE_41_C_HG21,49.007,-11.962,47.753,2,-3.157960451024809,-0.929727951501836,-4.235755207705703,-0.44598194900719845,-3.26346287203798,2.2050754782589976,49.648922870406324,-12.828167926468272,45.472547605452505,0.06623799999999995,7.367865769678492,1.5058176306141522
2526,LEU_30_A_HB3,53.892,-8.336,48.916,2688,LEU_30_C_HD13,55.033,-11.434,42.453,2,2.8090556857304008,1.7417846006857445,3.853073576933465,-0.41244793164245436,3.284457182542082,-2.464515341985067,54.587891582644104,-10.225458477678739,44.97424075492651,0.8344900000000001,7.2573999476396445,2.847107543674779
7162,ASN_45_A_HD22,54.649,-12.584,41.07,7033,ASN_45_C_CG,50.584,-13.979,50.668,2,-1.5400436006206168,2.954429973733676,-3.8795259598773257,-2.5553734725564237,-2.143096988689118,5.262474812302003,52.92396481132523,-13.175986245559978,45.14303511461267,0.42739800000000006,10.516266162474206,1.1680312921455365
2603,LEU_30_A_HD11,49.847,-8.738,45.796,2534,LEU_30_C_HB2,51.265,-7.991,44.937,2,2.6912950000734397,-1.9900764438664025,0.34346183700157323,3.3229258989418033,-0.4408067940702731,-0.3688723260253896,50.53070844773003,-8.377823546929246,45.38182118716495,-0.955315,1.8184097448045093,2.9369783096710855
3538,ILE_32_A_HD11,54.53,-8.831,47.18,7038,ASN_45_C_CG,51.405,-14.44,51.135,2,2.2548791073071297,2.5106280030232404,2.1894831397737757,-3.073692105648281,-1.4101969262195495,5.809150486739678,56.42026619187211,-5.43819901753259,44.78767910756666,-0.015055999999999958,7.541122661779212,2.849645966450742
2450,LEU_30_A_HA,51.58,-7.986,49.945,7112,ASN_45_C_OD1,53.594,-14.485,50.063,2,3.339984344419899,-0.6282078523957442,4.645497410319987,-3.291519945152309,0.8651946777575057,4.961757967957665,21.996697376777767,87.47670295348611,48.211718118401045,0.30125499999999994,6.804933577927121,1.7207262100795115
2523,LEU_30_A_HB3,53.901,-8.192,49.298,7125,ASN_45_C_OD1,53.367,-14.533,48.564,2,2.9546964755263447,1.7234736364351326,4.234117496889985,-3.332974694811123,0.7860950058121868,3.4475391113755407,51.02650104989154,-42.325329293328714,45.34690968280976,-0.13053499999999996,6.40563759511885,1.4072385879149338
7088,ASN_45_A_ND2,54.552,-12.93,40.474,7037,ASN_45_C_CG,51.828,-14.633,51.135,2,-1.8819902955774488,2.891493893799583,-4.4823961844287075,-3.298075109468733,-1.0051751459403446,5.851430802443041,53.370438975038425,-13.668692520377961,45.09831060466791,-0.42077899999999996,11.134509688351795,1.6982527117562036
6864,TYR_44_A_HE2,55.032,-13.551,49.349,6626,TYR_44_C_CE2,48.626,-12.817,42.824,2,-2.473899586970368,2.4340037407779436,4.395779988110953,-1.3050430955339314,-3.2138992679982388,-2.73767521297385,51.08449268271055,-13.098694291150412,45.32816246560823,-0.07759499999999997,9.173397244205658,2.097150707984778
5799,ILE_41_A_HG22,55.287,-9.969,45.678,6889,TYR_44_C_HE2,50.766,-14.665,41.548,2,1.0522448406289229,3.3253882106804786,0.7703518475285126,-3.318438545108456,-1.1034865511662733,-3.793741938264686,54.52392174917235,-10.76161567482562,44.98091679364782,-0.781674,7.716784109977418,2.456293726925777
2653,LEU_30_A_HD13,48.941,-10.541,49.297,2492,LEU_30_C_HA,51.554,-7.757,40.569,2,0.9869634668735714,-3.3754121457286543,3.7353263711606832,3.503155996202579,0.3000157314147173,-4.68586202925325,50.100029740667374,-9.306121011091477,45.425583399714945,-0.684207,9.526615820951315,1.780171221036195
2451,LEU_30_A_HA,51.922,-7.776,49.894,2625,LEU_30_C_HG,53.165,-8.152,40.322,2,3.523191367957107,-0.2678867841486817,4.629098803551972,2.9858855424542337,1.893010363382675,-4.770445598581116,52.53415411797079,-7.961172927077246,45.17997005855475,-0.879301,9.659689901855023,2.0490559950125404
6575,TYR_44_A_CE2,55.588,-12.6,48.008,6677,TYR_44_C_CZ,52.255,-14.805,43.649,2,-1.5772214748625506,3.1917039046373183,3.1176263099664876,-3.5554201750395267,0.15324939408711072,-1.5542383167040272,53.36382414700152,-14.071439470705565,45.09915435246914,-0.281625,5.913695545088537,1.8957152780811832
3410,ILE_32_A_CD1,54.478,-8.688,45.181,2341,LEU_30_C_CD1,55.413,-10.812,43.775,2,2.3870807309600623,2.6695817181673167,0.19538924851754064,0.18853381905163089,3.5765646224884278,-1.1108306745456187,54.61786078771137,-9.00571584288658,44.97068527537734,-0.551148,2.713381101135626,2.6122625056426214
7011,ASN_45_A_CG,53.442,-14.245,39.207,6617,TYR_44_C_CE2,48.664,-13.28,42.135,2,-3.118463018467326,1.817097647681924,-5.854774380072155,-1.7745119373349862,-3.142484531546323,-3.4196084516383687,41.95444111896033,-11.924888170740207,46.24667609955716,0.8591840000000001,5.686272329039471,1.7086070112377236
6087,ARG_42_A_HE,54.891,-11.393,37.851,7129,ASN_45_C_ND2,49.456,-13.353,49.861,2,-0.39379440892816525,3.6064219478690394,-7.057579649827746,-1.8517842373111628,-3.134092951723055,4.3468339496831305,51.52757012593274,-12.605938832230327,45.283344579125625,0.172093,13.327450056181036,1.4827064086386086
2673,LEU_30_A_HD13,48.634,-11.863,47.895,7032,ASN_45_C_CG,50.562,-14.332,50.938,2,-0.31808676228437643,-3.640194379802556,2.3090475527336536,-2.9037623962923997,-2.218668527934508,5.528758683901794,47.251315808683955,-10.092332329689153,45.71268257563552,-0.48186500000000004,4.367263903177823,2.6519429877441842
2531,LEU_30_A_HB3,54.527,-8.368,48.0,3507,ILE_32_C_HD11,48.833,-9.049,43.097,2,2.722643206173154,2.4608501371355467,3.0052630806154976,2.4384287933197775,-2.7500293701403797,-2.44366001740839,51.38656882246503,-8.743594245153023,45.29583174157816,0.37644700000000003,7.544852947539801,2.7287021674917273
7071,ASN_45_A_OD1,50.849,-14.918,40.311,7115,ASN_45_C_OD1,53.822,-14.705,49.68,2,-3.585833678407398,-0.9167556412625342,-5.016320528775156,-3.5308438389121184,1.1129698379359394,4.603422170312219,52.39930351627423,-14.80692880963121,45.196567993263805,-0.8421070000000002,9.831696649103858,1.8023815169795647
5334,PHE_38_A_HE1,54.359,-8.671,42.219,6681,TYR_44_C_CZ,51.735,-14.996,42.887,2,2.3918091051820873,2.8487107513765113,-2.7636282289466827,-3.7120629688056934,-0.3010073218200676,-2.364570884983471,36.18677342039186,-52.47409951067891,46.84516133962585,-0.22880999999999996,6.880205302169408,1.7331144699282164
3417,ILE_32_A_CD1,54.391,-8.415,44.96,5295,PHE_38_C_HE1,49.091,-9.294,48.177,2,2.664281040847198,2.6260515592324576,-0.03309294654715564,2.2110266652832102,-3.020133782181548,2.6365290419436667,54.325300579836366,-8.425896186853551,44.99987830842762,-0.15068400000000007,6.261927019696091,1.9432397706988722
6086,ARG_42_A_HE,54.891,-12.297,37.851,2722,LEU_30_C_HD13,55.224,-10.227,41.229,2,-1.2951905854650039,3.537859749266828,-7.057976950216889,0.767890109626961,3.687767501852382,-3.6627010098471513,55.583228368385946,-7.993958791114349,44.873064349572815,-0.47478000000000004,3.975760681932453,1.8392499995079128
2411,LEU_30_A_H,51.681,-7.498,45.481,5290,PHE_38_C_HE1,49.347,-8.91,48.593,2,3.7869905495765948,-0.04504623060673624,0.21427309017732224,2.5775697071235237,-2.7785895441110338,3.076245518247874,51.85574430835486,-7.392284934277178,45.24800758886018,0.10319600000000004,4.138338313864636,1.862475230133598
5699,ILE_41_A_CG2,55.916,-11.251,46.199,6095,ARG_42_C_HE,48.939,-12.125,52.059,2,-0.2698253050938309,3.800142778013663,1.351165613364771,-0.5725472267769007,-3.7734520851471944,6.482542162287677,57.75314494435704,-11.020863167354442,44.65597730056868,-0.6482,9.153251061781269,2.0166203513030987
5333,PHE_38_A_HE1,54.103,-8.287,42.219,3419,ILE_32_C_CD1,49.182,-8.669,45.475,2,2.794032513969518,2.6238561870955692,-2.7890988855037038,2.808009192416258,-2.6125241820514735,-0.042496205451295066,49.105860910591616,-8.67491041092339,45.525377743367955,-0.630649,5.913011161836243,2.3178067764445824
6863,TYR_44_A_HE2,55.237,-13.906,49.349,5786,ILE_41_C_HG21,48.611,-12.485,48.294,2,-2.843355735093186,2.610460510678829,4.4161555364569125,-0.9337017336114025,-3.7500467584277075,2.703464415948725,38.1519306409196,-10.241966863982304,46.628693906756745,0.788752,6.858290020114348,1.4360425832283037
3541,ILE_32_A_HD12,54.253,-8.134,44.933,6856,TYR_44_C_HE1,52.262,-15.154,46.73,2,2.9546981330561337,2.5131505528451656,-0.07365493996022726,-3.88188360338002,-0.174063025908221,1.511817653051409,54.160505821225044,-8.460122117026717,45.0164816872218,-0.9362170000000001,7.514897870230838,2.3375903158311515
6651,TYR_44_A_CZ,52.535,-15.149,46.262,2491,LEU_30_C_HA,51.749,-7.378,40.53,2,-3.9008619265422744,0.14391285831842843,1.0735150631660375,3.8660614997089024,0.5261163867575362,-4.7049693361898495,52.38897852077915,-13.705319446532872,45.19712071387549,0.15432400000000002,9.688243442440944,1.8749243376606302
6594,TYR_44_A_CE2,54.224,-14.734,48.902,5698,ILE_41_C_CG2,48.313,-11.582,47.823,2,-3.595684056584573,1.5873169192138377,3.869583228407852,-0.014174326802537818,-3.9301547667229575,2.2053836459171223,40.479791250178245,-7.404995435723533,46.393118044145204,0.30493600000000004,6.785224093572734,1.6023253994020186
6581,TYR_44_A_CE2,56.087,-12.191,47.586,2270,LEU_30_C_O,51.305,-7.377,44.963,2,-1.2100983817907243,3.7599403219064724,2.7479047814852593,3.9323233043414754,-0.35715235812029816,-0.3387270504745028,51.82977679346054,-7.905288474219788,45.25084808223483,0.3843899999999999,7.274767968808354,1.912565939124006
6077,ARG_42_A_HE,55.059,-11.851,36.475,2284,LEU_30_C_O,50.72,-7.503,45.124,2,-0.8730122935465893,3.8758196752865137,-8.410036334355624,3.8520098132175895,-0.9631724522099047,-0.23718204221156686,50.59407913510152,-7.376817948702795,45.37500012917882,-0.49564,10.608356423122293,2.9033550629267872
2315,LEU_30_A_CD1,48.183,-10.553,46.679,2660,LEU_30_C_HD11,55.346,-9.23,44.314,2,1.0134865398052395,-3.8668014374906376,1.0545680660268735,1.7748952345147984,3.576232181529822,-0.5805558882199782,52.802754384571934,-9.699735299345432,45.153700667386204,-0.9903379999999999,7.658467405427797,3.779442978954355
2659,LEU_30_A_HD13,48.437,-10.354,49.022,5284,PHE_38_C_HE1,49.214,-8.769,49.088,2,1.20951072157477,-3.8337771742910984,3.4113136861992537,2.7317500233492753,-2.9492951954468736,3.5554980724304595,30.05365903320147,-47.85412282159022,47.46048069007884,-0.356313,1.7664399225560996,2.4513649609350208
2667,LEU_30_A_HD13,48.25,-11.607,48.311,2312,LEU_30_C_CD1,54.881,-8.858,41.627,2,-0.03085139324548184,-4.0433038888052,2.6846092208052696,2.161695052085431,3.4115458011831676,-3.3004533674010643,51.22434546102127,-10.373931733924373,45.31288130576592,-0.8833979999999999,9.808313718473729,3.3333716259690207
2656,LEU_30_A_HD13,48.315,-10.771,49.022,6077,ARG_42_C_HE,48.681,-12.292,51.67,2,0.8029235162386317,-3.9864403116092513,3.3989116314852517,-0.7223709708240531,-4.00321983233811,6.06958498766723,47.84919924819931,-8.835254252762763,45.651944287518596,-0.954123,3.0755976654952795,1.4224950552968225
2434,LEU_30_A_H,50.373,-7.511,45.088,5265,PHE_38_C_HE1,48.575,-9.268,46.9,2,3.8699755727598757,-1.3044425338263377,-0.30775797917015646,2.2667694302105943,-3.4025162965663243,1.3142819557865337,50.031856212709265,-7.8443646464237045,45.43180007929411,0.12362400000000001,3.0989025476771572,1.8348751905728289
6056,ARG_42_A_HE,55.26,-11.133,36.713,3534,ILE_32_C_HD12,48.986,-8.545,46.101,2,-0.17055294570290494,4.105911833270576,-8.152786526850806,2.9509332894364695,-2.860108375679554,0.5607804885759893,49.38977686647693,-8.711556348492556,45.49681491512824,-0.9362170000000001,11.58427226889976,2.8499496123495116
6038,ARG_42_A_HD2,55.592,-11.655,39.925,2716,LEU_30_C_HD13,55.75,-10.678,41.757,2,-0.6931194701960486,4.074825247631203,-4.923915229992966,0.28225361124512094,4.122661833953876,-3.0848730844702072,56.01503468043565,-9.039146311483437,44.83006034530435,-0.8221120000000001,2.082238458966696,1.7043157975192746
6578,TYR_44_A_CE2,56.166,-12.78,48.062,5010,PHE_38_C_CE1,48.555,-9.652,49.379,2,-1.799958667134946,3.7460930581510645,3.2291646874197952,1.9031351640929646,-3.6991309881364334,3.778645331031723,100.89400401920938,-31.162498564194845,40.32230990759443,-0.094745,8.333438306005508,1.3965373564222359
5740,ILE_41_A_CD1,56.34,-11.198,46.739,6076,ARG_42_C_HE,48.71,-11.954,53.807,2,-0.24512599219743011,4.170868777457218,1.9309389977823614,-0.37223332881478227,-4.162297382835344,8.19889284811766,58.690538134911655,-10.96510264351334,44.56159455602155,-0.43981200000000004,10.428089949746315,2.408013304812846
5003,PHE_38_A_CE1,55.314,-9.223,41.653,3546,ILE_32_C_HD12,49.335,-8.054,45.832,2,1.7652385683397682,3.8108462237818705,-3.2313778362158345,3.412241524845578,-2.449752749268138,0.32830259324778716,49.8864318613495,-8.161814658959285,45.446578734139564,-0.11176699999999998,7.387763057922203,1.9671784078930132
6076,ARG_42_A_HE,55.217,-12.328,36.46,2894,GLN_31_C_O,48.284,-8.585,40.965,2,-1.3606756726752107,3.9978932285157565,-8.409346219263359,2.9272798828858346,-3.0465185977405462,-4.619720620918118,39.83236744853878,-4.022118038350019,46.456793544545334,0.12875800000000007,9.075878084240665,3.270255853096987
5765,ILE_41_A_HG13,56.159,-10.019,46.139,6036,ARG_42_C_HD2,48.385,-12.157,50.924,2,0.9398486393359127,4.140656441329978,1.316346175364015,-0.5707514699502898,-4.212119024933406,5.2977497369253195,58.72926825064348,-9.312126637525632,44.55696583749306,-0.787536,9.375625045830276,2.7754329390168606
5158,PHE_38_A_CZ,54.325,-8.076,40.201,2348,LEU_30_C_CD1,55.788,-9.691,43.374,2,2.973213675137571,3.061701492388477,-4.774625163374494,1.2751191785985774,4.073682729220934,-1.4717639708441406,56.43991679693187,-10.410648412197524,44.78789746867044,-0.805169,3.8492236879661847,3.5218769635518137
2294,LEU_30_A_CD1,48.309,-9.638,48.327,2450,LEU_30_C_H,53.862,-7.433,44.663,2,1.9281369493850025,-3.8370330569423627,2.7073032147349463,3.6812685516396146,2.205377027036511,-0.38114946617286727,53.17669793960521,-7.705121563689988,45.11517841694336,-0.3996800000000001,7.008760946130212,2.901069263766606
5982,ARG_42_A_NH2,55.261,-10.869,34.837,6895,TYR_44_C_HE2,48.699,-14.479,41.453,2,0.07917903212497147,4.314336479829217,-10.019137540448481,-2.977584215180926,-3.1305659456000354,-4.095200815114759,44.16270783572655,-16.974582857821872,46.026622212562195,0.799638,9.99316766596058,3.417470078287738
2444,LEU_30_A_HA,50.387,-7.437,49.61,6038,ARG_42_C_HD2,48.175,-11.465,50.642,2,3.9750827425110034,-1.7366826073530752,4.192939411424383,0.13309242135404403,-4.339805738469404,4.996439465178822,61.92997617620976,13.582488263007617,44.224669342744804,-0.42892100000000005,4.709856898038413,1.6856416684287758
2239,LEU_30_A_O,53.744,-7.299,44.738,7069,ASN_45_C_OD1,53.995,-15.316,48.794,2,3.8243292564775655,2.090979469049736,-0.31828585620707134,-4.159490174260317,1.3267737178739738,3.738935220742287,53.76369075591218,-7.927927450788736,45.0561900636646,-0.43178500000000003,8.988126946144005,1.6602397645480615
6049,ARG_42_A_HE,55.246,-13.339,38.953,5278,PHE_38_C_HE1,49.129,-8.15,47.576,2,-2.353103507716148,3.700939346122458,-5.926421253830953,3.344559201583403,-2.8356302049713165,2.0428595891793533,50.69704263184805,-9.480157465532045,45.36556488238912,-0.405909,11.777076844446588,2.7937430712084868
2788,GLN_31_A_N,53.358,-6.972,49.147,5882,ILE_41_C_HD13,47.346,-11.995,42.534,2,4.211100902084126,1.2923751219483728,4.030029310722023,-0.3908398349492394,-4.392477235173681,-3.1540528944421573,49.985469518842024,-9.789734631878995,45.43732866402234,-0.482085,10.252143288112977,1.979822224777607
5368,PHE_38_A_HZ,53.893,-7.558,40.056,2359,LEU_30_C_CD1,55.672,-9.241,42.528,2,3.5213019251362963,2.6868851179585844,-4.961934948683671,1.7265243515699455,4.077242508718349,-2.3249302487669294,57.24046550659805,-10.724826558518567,44.70745291304688,-0.919242,3.4796715362229227,3.549166867596653
6016,ARG_42_A_HD2,56.044,-11.518,41.114,2351,LEU_30_C_CD1,55.632,-9.04,42.951,2,-0.5821294429717757,4.414866696625587,-3.6955638849688506,1.932994300103376,4.010545717153872,-1.9079749773676957,55.1922536537719,-6.395117849628067,44.911713684517046,-0.5518200000000001,3.112040648834783,1.953637197993718
6967,ASN_45_A_CB,54.514,-14.49,39.214,2890,GLN_31_C_O,47.83,-8.826,41.348,2,-3.4436493205038348,2.861351044616141,-5.740552175754533,2.7239958982672685,-3.5534726899856026,-4.284222230529153,28.167051035213547,7.836319410016509,47.62578771556766,-0.40107600000000004,9.017245033822695,2.3593527829061665
6031,ARG_42_A_HD2,55.91,-10.418,40.096,5773,ILE_41_C_HG13,47.401,-10.419,43.775,2,0.5175310990762928,4.467049241628305,-4.7213824236293656,1.1853534683343572,-4.342357072034491,-1.9130917186067318,41.60441440987198,-10.419681229943606,46.28124496251981,-0.8398650000000001,9.27028171092982,2.4214402607733785
6988,ASN_45_A_CG,52.466,-15.674,39.295,6649,TYR_44_C_CE2,49.773,-15.416,41.406,2,-4.4690233837619715,0.7316343319090318,-5.86559518440969,-3.9933149748076877,-2.1314172662606508,-4.034810910971612,43.83797753946647,-14.847401487256725,46.0583700015545,0.692409,3.4314915124476086,2.5699334215464047
7989,LEU_48_A_HD13,51.503,-15.815,42.527,5917,ARG_42_C_CD,47.98,-10.961,50.704,2,-4.513764242836318,-0.5573271843748739,-2.746356420693712,0.6508082607947425,-4.501234571171724,5.038819195765256,50.26020033217379,-14.102666878334249,45.41157930281435,-0.294742,10.140817225450817,1.9746947871811857
6018,ARG_42_A_HD2,56.228,-10.816,41.954,4981,PHE_38_C_CE1,48.175,-9.678,50.058,2,0.10996989031003732,4.566740600563178,-2.8410506725644824,1.9107638377096487,-4.14593320841867,4.416161275373288,53.07541451258522,-10.370496177241026,45.12655094871593,-0.94328,11.48131826054831,2.1719631697314377
2565,LEU_30_A_HG,49.089,-7.933,47.889,2872,GLN_31_C_O,47.817,-8.802,42.39,3,3.566195467803287,-2.890124649674153,2.35037498878178,2.7563690352714576,-3.668644233506613,-3.2487530153597692,48.55504596581485,-8.297784634989695,45.580656262591084,-0.16744,5.710704509953218,2.69373341609149
6092,ARG_42_A_HE,55.531,-12.937,37.435,6027,ARG_42_C_HD2,47.673,-11.371,48.419,3,-1.9846493632913298,4.165823822550415,-7.408067961731484,0.24880891003136218,-4.608637312466221,2.7343810488087654,49.79149882205075,-11.793190017222127,45.45773872977788,-0.561218,13.59591026742968,1.9670761796790728
5367,PHE_38_A_HZ,53.637,-7.174,40.056,8004,LEU_48_C_HD13,53.005,-15.844,47.511,3,3.923525333923728,2.4620305536776423,-4.987405605240691,-4.620404964186168,0.432716744333021,2.363001834095108,53.20817474527413,-13.056776833027385,45.11437385123636,-0.747638,11.45187098250762,2.7928463812126103
2579,LEU_30_A_HG,49.276,-7.761,48.874,2630,LEU_30_C_HD11,54.443,-7.429,43.294,3,3.730633057887801,-2.7899566124062014,3.3492266510805844,3.6315862200707545,2.918853472069971,-1.685074704947044,52.7135085800959,-7.540126601782109,45.1617302347716,-0.92734,7.612129334161368,3.5222503261068505
5110,PHE_38_A_CZ,55.541,-8.957,39.904,7067,ASN_45_C_OD1,54.076,-15.657,49.524,3,2.0008098150974245,4.230950666663391,-4.948731744055518,-4.500397161303721,1.3083454896291302,4.473227278842298,54.77153242033613,-12.476066746585612,44.956749567485616,-0.8628310000000001,11.81442444641295,2.467201666869927
5124,PHE_38_A_CZ,55.425,-8.771,39.578,2905,GLN_31_C_O,47.95,-8.165,40.369,3,2.1926985822372234,4.162540534980617,-5.284628684989362,3.367021700295021,-3.286487208273682,-5.245990690441216,-966.9520638787243,74.11334792113828,147.7653254218152,0.395736,7.541123391113549,1.8790405494488098
6598,TYR_44_A_CE2,53.746,-15.731,46.875,7171,ASN_45_C_HB3,51.518,-15.873,51.526,3,-4.568233903776703,1.2399708033445955,1.8044635053609979,-4.508297178907841,-1.4458329140063642,6.208872090049277,54.65880012120603,-15.672823331592793,44.96950926224003,-0.5178760000000001,5.159064740822704,2.625290213701221
5377,PHE_38_A_HZ,53.793,-7.173,39.248,6016,ARG_42_C_HD2,47.652,-11.137,49.583,3,3.906958307765491,2.6975925885126064,-5.77571839937046,0.49205473870264266,-4.728006260371304,3.890527891173549,50.12366594576313,-9.541545870541437,45.42330816651003,-0.5023000000000001,12.658491300309052,2.397468921383498
2872,GLN_31_A_O,56.02,-8.173,49.036,2473,LEU_30_C_H,53.531,-6.747,45.38,3,2.811769270611705,3.8533540575413032,4.185669525994504,4.395418726177885,1.8573920117363152,0.2993958720181241,53.3392491373991,-6.637141932475339,45.09834425324674,0.43246299999999993,4.647034861070015,1.8657864767980135
2824,GLN_31_A_O,54.572,-6.968,49.687,2591,LEU_30_C_HG,54.304,-7.23,42.538,3,4.127291853082474,2.443146060445692,4.688902811794461,3.835095385763097,2.871567375134621,-2.451107370383595,54.39600221827449,-7.140057532880912,44.99219350165785,-0.944315,7.158817569962236,2.414110678201377
2415,LEU_30_A_H,51.268,-6.505,45.105,5287,PHE_38_C_HE1,49.15,-7.627,48.523,3,4.8056220783555075,-0.3419105604265092,-0.20076350851994051,3.8712476601194283,-2.869734148475494,2.9874310204022207,51.134627614097,-6.575653360237563,45.32023456799643,0.5338040000000001,4.174629564404493,2.540416991808756
6531,TYR_44_A_CE1,52.62,-16.053,43.622,7075,ASN_45_C_OD1,53.452,-16.019,50.116,3,-4.827578413698879,0.42341196102002954,-1.5450948360020549,-4.810000223114407,0.6026780650540033,4.999595429484942,52.81642165655001,-16.044973153458294,45.1551276894661,0.5576760000000001,6.547168548311553,2.6838685124906596
6614,TYR_44_A_CE2,54.928,-15.394,48.675,6577,TYR_44_C_CE1,51.686,-16.126,46.068,3,-4.308564357373459,2.258377858562582,3.713942962321177,-4.812332538882189,-0.7531008635476018,0.7950304035799967,50.80296958489297,-16.32537639230671,45.357925881497835,0.18238900000000002,4.224078242646552,3.103102853898776
5925,ARG_42_A_CD,55.838,-9.25,39.06,5923,ARG_42_C_NE,47.788,-10.69,51.975,3,1.6801855457629842,4.587697673503299,-5.758871022836968,0.9446251077642174,-4.7981360710828245,6.284317955213638,51.98861161804159,-9.938586244722995,45.235757882359366,-0.8160660000000001,15.286377105122064,2.2182184247052157
6969,ASN_45_A_CB,53.423,-15.72,38.644,5874,ILE_41_C_HD13,46.84,-10.886,42.988,3,-4.591810979488716,1.7426220280886602,-6.417494708335068,0.7564223813718378,-4.855725244104206,-2.7525261964207832,41.89592479386033,-7.255488144238314,46.2505038273539,0.183693,9.250609763685851,2.5209128534903575
7986,LEU_48_A_HD13,51.092,-16.167,42.862,2487,LEU_30_C_HA,52.553,-6.445,40.715,3,-4.831318933705922,-1.0252443051034668,-2.4543588411904267,4.73699216330425,1.376047470399831,-4.439965690426257,49.28609453167467,-28.184120440149798,45.515852868237154,-0.34175199999999994,10.062873048985564,2.075088098591226
7053,ASN_45_A_OD1,51.419,-16.234,40.262,5086,PHE_38_C_CZ,49.164,-7.493,49.229,3,-4.941432240920913,-0.44617155191115027,-5.008564746375922,4.00885955579604,-2.9162102075509666,3.6913421952681245,50.12078915948917,-11.201777846161798,45.4243310895169,-0.372344,12.723882858624561,3.1829491166284365
2410,LEU_30_A_H,50.525,-6.496,44.82,5269,PHE_38_C_HE1,48.805,-7.629,47.523,3,4.868656293979629,-1.049889262530127,-0.5587409449992946,3.8881429130540224,-3.112262622070408,1.957905163551604,50.143128896973856,-6.747546488214314,45.42011487876725,0.142,3.3982786819211883,2.3912188485688217
5114,PHE_38_A_CZ,55.477,-8.394,39.033,2871,GLN_31_C_O,48.761,-7.096,40.644,3,2.5607842147370636,4.29716753669313,-5.821514648260049,4.373676495876271,-2.428287620312306,-4.890678729263163,13.474653958339282,-0.2762148359029699,49.10830962970746,0.16709000000000007,7.02743061153932,1.7708213504315615
3067,GLN_31_A_H,53.093,-6.289,49.616,5986,ARG_42_C_HA,48.432,-14.057,51.677,3,4.915500668711443,1.0344162421916376,4.470430474582917,-2.4634361406935716,-4.384815875492721,6.050835744589976,66.27738810441193,15.68403728707828,43.786130040078746,1.000742,9.290557894981335,2.2759862908932043
5887,ILE_41_A_HD13,57.243,-10.379,47.827,8019,LEU_48_C_HD13,54.613,-15.73,47.617,3,0.5111234208504698,5.020163402473766,3.1042673683516195,-4.627387521529798,2.026074986145955,2.6295665675834807,40.04432840400986,-45.371430308039244,46.453722039863905,0.397853,5.966087578975021,2.346969414699275
6558,TYR_44_A_CE1,53.496,-16.124,45.395,7066,ASN_45_C_OD1,54.016,-16.092,49.662,3,-4.9518222671862775,1.1099888072574253,0.306693947601878,-4.928625797468014,1.2020415324768734,4.604332976135131,53.45889105443847,-16.12628362741917,45.090492556324854,0.024701999999999974,4.298687357787253,2.8208276764386477
5725,ILE_41_A_CD1,57.373,-11.894,48.244,5988,ARG_42_C_HA,48.525,-14.343,51.416,3,-1.0063429024051105,4.9925766595731975,3.5315248193121973,-2.7575031469840705,-4.2881678885288945,5.800336717791099,71.14537646815211,-8.082002941850755,43.306615488587425,0.770729,9.713201789317463,2.4159085388601067
3526,ILE_32_A_HD11,56.502,-8.413,47.657,7150,ASN_45_C_HB2,49.246,-15.162,51.235,3,2.526193204945878,4.451105581041455,2.861772087794668,-3.629879712476804,-3.616895600008564,5.6920978955331565,63.8386176474326,-1.589015366245507,44.03924670031507,0.144598,10.535683224167288,2.9961906182634284
2443,LEU_30_A_HA,50.387,-6.548,49.61,5898,ILE_41_C_HD13,46.495,-11.492,41.936,3,4.861522124083184,-1.6692580558515637,4.193330119439813,0.1706850385081457,-5.138868242066545,-3.8340560424629007,48.353904731416165,-9.130636949609066,45.60127104544904,-0.946915,9.923763197497209,2.3961294563970768
6509,TYR_44_A_CD2,55.596,-15.296,48.67,3494,ILE_32_C_HG22,46.597,-10.522,42.688,3,-4.26132023379746,2.929034684767296,3.775914038256292,1.1355738311882158,-5.039229725146708,-3.075195196387404,50.6362994221073,-12.664862033685992,45.373086025452366,-0.567036,11.81344153919593,2.761776355370541
7132,ASN_45_A_HB3,52.578,-16.326,39.123,2908,GLN_31_C_O,47.594,-7.82,40.204,3,-5.128833557852044,0.810482699806562,-6.025799644544628,3.736726616171552,-3.597026655264353,-5.445664241617768,0.809765762109734,72.02484278240259,50.351222554406,0.5399959999999999,9.917704018572042,1.615696096836334
6970,ASN_45_A_CB,53.802,-15.859,38.481,6582,TYR_44_C_CE1,50.957,-16.394,44.717,3,-4.760194346364921,2.1243702999897476,-6.5417778474166175,-5.034190080359873,-1.361706664992939,-0.6223066098845327,50.65790870720075,-16.450243881071213,45.372582882916056,0.10291800000000001,6.875168797927797,3.1872966151221913
3077,GLN_31_A_H,54.02,-6.284,49.586,5947,ARG_42_C_CZ,47.733,-10.274,54.245,3,4.850277689426964,1.957471762400099,4.533426264806893,1.37983283819818,-5.047921022848612,8.537578417131403,61.13802395178591,-1.766596537676831,44.311167235347455,-0.124692,8.783663814149541,2.0673121852366036
7054,ASN_45_A_OD1,51.323,-16.528,40.54,2290,LEU_30_C_O,49.554,-6.622,45.505,3,-5.225346403320786,-0.591483146498847,-4.741706565187568,4.821239826217437,-2.091207974405699,0.025509873470609623,49.56346610390994,-6.675008041453846,45.478431766018744,-0.982939,11.220936770163176,2.380620077908139
7107,ASN_45_A_HB2,55.632,-14.421,39.095,7053,ASN_45_C_OD1,52.925,-16.527,49.951,3,-3.460115466373643,3.987643154473216,-5.746951340847012,-5.277926907202077,0.0577948319469897,4.782420659777296,54.15451423173666,-15.57045882082105,45.02022552651155,-0.655,11.384894421996194,1.8176878679065946
5932,ARG_42_A_NE,56.195,-9.327,37.804,7073,ASN_45_C_OD1,54.057,-16.322,49.659,3,1.5674588737247137,5.061511232680912,-6.972834534871255,-5.161080533634587,1.2255735232792901,4.605353291088538,54.90741333621059,-13.539660763894728,44.94354158055354,-0.35327400000000003,13.929899281760795,2.1055728828436764
7816,LEU_48_A_HB2,52.704,-16.524,43.362,2484,LEU_30_C_HA,52.96,-6.142,40.886,3,-5.305425846667659,0.497000142712538,-1.7955815827978459,5.00961295933465,1.7857311254028563,-4.228929664129523,52.5150961235991,-24.184937674977167,45.18905467956496,-0.7971259999999999,10.676236977512255,2.344534953441243
7019,ASN_45_A_OD1,51.96,-16.602,40.355,2294,LEU_30_C_O,49.169,-6.747,45.664,3,-5.3485549804856625,0.05335523659191432,-4.862010788745598,4.72680799599147,-2.498531857603661,0.1450961754316224,49.249877726105495,-7.03257864233955,45.51015555431957,-0.9554580000000001,11.53673207628573,2.4983214232590845
5889,ILE_41_A_HD13,57.496,-10.003,47.85,7156,ASN_45_C_HB3,52.551,-16.643,50.286,3,0.8671021533821782,5.297384774614086,3.152655929125389,-5.362955067976428,-0.35551550221425554,5.078227656906924,65.59223622148123,0.8683869586724664,43.86164177239065,-0.24419200000000008,8.629989629194233,1.792855572290231
7018,ASN_45_A_OD1,51.486,-16.669,40.616,3551,ILE_32_C_HD12,48.631,-7.153,46.59,3,-5.377703546240949,-0.4480565653413338,-4.649825572492279,4.369229609974033,-3.1555816997355803,1.0123788299379743,49.14146224297949,-8.854421612677012,45.52187340120508,-0.85667,11.59284076488589,2.115365876378469
6129,ARG_42_A_HH21,56.274,-12.797,35.919,6082,ARG_42_C_HE,47.938,-13.775,52.936,3,-1.9120078588738387,5.065020705013988,-8.841969345510638,-2.1359341774619427,-4.979299377745991,7.254153171384799,51.694843971160765,-13.334237835437234,45.266828472019824,0.9721599999999999,18.97428968367459,1.811165420394708
5385,PHE_38_A_HZ,54.319,-6.722,38.72,5766,ILE_41_C_CD1,46.638,-13.406,42.057,3,4.3131628159436985,3.306390456496799,-6.248184327743717,-1.74773295660341,-5.154249046592577,-3.7001836148151943,35.48372119576452,-23.11244441186173,46.90296125110453,0.749812,10.714904852587356,3.5828887463010006
3507,ILE_32_A_HG22,57.183,-8.889,47.775,5987,ARG_42_C_HA,48.051,-14.277,51.677,3,2.0009897437653072,5.078838242256577,3.0471744351577126,-2.6540347973860383,-4.779492552835925,6.0125803864246805,66.56680693880082,-3.3524305972121264,43.765405751730086,0.48199500000000006,11.2982110088279,3.282753262552122
6126,ARG_42_A_HH21,56.396,-12.73,36.204,3105,GLN_31_C_H,51.066,-5.804,40.525,3,-1.8523719439680928,5.162667614798027,-8.546154135179957,5.487062440549933,-0.03161326510045598,-4.777657610559626,44.30868580376406,2.97670508876739,46.003115317436304,-0.08306199999999997,9.749329053837497,3.5186408683583967
5726,ILE_41_A_CD1,57.793,-11.984,48.366,7017,ASN_45_C_CB,49.828,-16.022,51.695,3,-1.1269225471102604,5.390246333742297,3.6949365065595394,-4.528053350541778,-3.1506702411201495,6.207696606367947,69.50528772575252,-6.046245092707001,43.47080780426488,0.8240180000000001,9.530420242570624,1.2108939551794917
3504,ILE_32_A_HG22,57.427,-9.278,47.77,2903,GLN_31_C_O,47.104,-7.89,40.369,3,1.5946510051246159,5.291907850098542,3.066466187124899,3.7051074251974407,-4.104949357377274,-5.330600105413423,53.657215488733335,-8.771125941912416,45.06728032859784,-0.41533799999999993,12.777545695476894,1.6054853329281558
5380,PHE_38_A_HZ,53.793,-6.271,39.248,3497,ILE_32_C_HG22,46.239,-10.145,42.424,3,4.806360244973708,2.7660031008347246,-5.775321977964478,1.5366287504626437,-5.339436426400667,-3.373557205108359,35.628530808596295,-15.586482346769646,46.88506038547765,0.09676799999999997,9.064092232540446,5.0696921847014105
2424,LEU_30_A_H,50.009,-6.039,44.8,5985,ARG_42_C_HA,47.941,-14.308,51.734,3,5.3631577192862245,-1.5251560451226287,-0.6301189929826656,-2.676231762211911,-4.896669229578098,6.058263218869478,49.81417170876105,-6.818030532038148,45.45325888368031,-0.535154,10.98787245102527,2.2339199587573786
2076,THR_29_A_HG1,51.986,-5.673,45.052,3087,GLN_31_C_H,48.954,-6.301,40.75,3,5.580633072164211,0.43881541059667045,-0.18122079515781292,5.152572987093733,-2.187105735413919,-4.765532597217514,52.10585691083918,-5.648174755934363,45.22206082797829,0.875962,5.300435076481928,2.007445566616406
3075,GLN_31_A_H,53.447,-5.737,49.849,7993,LEU_48_C_HD13,53.299,-16.786,47.212,3,5.440849981219715,1.4042096687349628,4.737956027628659,-5.584031193724336,0.6828204551055388,2.0945365223621515,53.18173090794253,-25.54077160907391,45.12255002867881,-0.9297529999999999,11.36028494360947,2.618593962540927
1765,THR_29_A_C,49.015,-6.704,48.769,2907,GLN_31_C_O,47.322,-7.445,40.204,3,4.803543732145365,-2.9582398945565562,3.2190789580050407,4.131184039085947,-3.8384374534343926,-5.472741317431774,48.38798511667297,-6.978434748107105,45.596889854875364,-0.4860780000000001,8.762109049766497,2.02938262842134
6516,TYR_44_A_CD2,55.165,-16.153,47.983,1806,THR_29_C_C,54.191,-6.21,41.693,3,-5.088227732854956,2.5050711891570367,3.0488253625141866,4.854639410281417,2.921234154317476,-3.302727704285145,54.69746774893353,-11.380234935981635,44.96372088376994,-0.507986,11.805762364201643,2.9628942325120486
1799,THR_29_A_O,50.169,-6.048,49.772,2276,LEU_30_C_O,50.204,-5.865,45.174,3,5.3777021130516385,-1.8637984963606586,4.332901735447704,5.524610760129405,-1.355861395166011,-0.2383930210347259,50.20217475000395,-5.874543449979349,45.41378569948115,0.530915,4.601773353827847,2.5503278996366903
7979,LEU_48_A_HD13,51.334,-16.969,43.362,6042,ARG_42_C_HE,47.674,-13.974,52.636,3,-5.645701296355321,-0.8959309615639234,-1.9329881222310568,-2.316575479076158,-5.226337706522425,6.929133503877634,50.535688170638196,-16.315736631437538,45.38482620368891,0.412103,10.410220987087644,2.629177625734486
5032,PHE_38_A_CE1,54.665,-6.363,42.233,7731,LEU_48_C_CD1,55.388,-16.17,49.184,3,4.670156787624326,3.325941609501026,-2.7180371556558613,-5.1134174103169,2.6050424571651125,4.26611342444621,54.94637149120723,-10.179611637993562,44.93813587189693,0.71534,12.042274660544829,2.2943835368388545
5150,PHE_38_A_CZ,54.177,-6.134,41.025,7834,LEU_48_C_HB2,52.586,-17.018,47.212,3,4.9266947230538225,2.9798411223337187,-3.9687376555630616,-5.7615273959440385,-0.0421444867133271,2.023024765768205,53.12317623897746,-13.34318781581981,45.12305632271933,-0.54494,12.620289457853179,2.9367928713963862
7708,LEU_48_A_CD1,49.164,-16.517,41.573,7013,ASN_45_C_CB,50.099,-16.468,51.835,3,-5.043965042142602,-2.8357942825181257,-3.930128271640356,-4.992228367819462,-2.9296222262627234,6.373938383496472,49.52062326894516,-16.498310652215707,45.487083407395986,-0.35580399999999995,10.304623719476611,2.777476318876791
6519,TYR_44_A_CD2,55.051,-16.35,47.622,6564,TYR_44_C_CD2,49.846,-16.771,42.657,3,-5.278637407561528,2.413093794919341,2.678136389482374,-5.3409669103905735,-2.2867344822316067,-2.7833853946332523,52.49865278648193,-16.556443453773507,45.18734026606778,-0.023868000000000028,7.205587484723233,2.79997389236965
5900,ILE_41_A_HD13,58.103,-10.487,48.318,5893,ILE_41_C_HD13,45.814,-11.295,42.091,3,0.3420151465229015,5.81613053588244,3.678883513345067,0.41964678575792835,-5.815033483513821,-3.747953692524707,52.01564434074761,-10.887242767733413,45.23345579866835,-0.329633,13.800286736151534,3.1172891676382637
6806,TYR_44_A_HD2,57.0,-14.833,48.66,2126,THR_29_C_HG1,52.042,-5.425,46.081,3,-3.905735423473992,4.358061449491084,3.9067840056678245,5.831058041441742,0.41038651027499895,0.8483228573352982,50.666803611135784,-2.8155107651402584,45.36566488768035,0.31825499999999995,10.942735901044125,4.151828771679194
2075,THR_29_A_HG1,52.241,-5.406,45.029,6083,ARG_42_C_HE,47.492,-13.901,53.022,3,5.827445391176421,0.7143494262169525,-0.17844853615505607,-2.2272799579824585,-5.43992477319493,7.294996695334273,52.127604896142195,-5.608840894350824,45.219854298828274,-0.27391299999999996,12.593890383832946,2.976029810680751
3451,ILE_32_A_HA,57.054,-7.634,49.264,1812,THR_29_C_C,54.402,-6.057,41.795,3,3.272776355628173,4.897290955965669,4.516319219284448,4.9919973346286355,3.1319821894243645,-3.180040841428483,55.49777361830017,-6.708596906508058,44.88109847476772,0.04584899999999997,8.081212409038635,1.8700226580282182
6799,TYR_44_A_HD2,56.321,-15.657,48.565,2902,GLN_31_C_O,46.959,-7.445,40.369,3,-4.676773857924792,3.631419241898108,3.7438949798125876,4.1597740014616225,-4.2150540735663995,-5.344926860144266,52.46457664632451,-12.274288124291486,45.188878892680584,-0.719802,14.908333374324572,2.9699801601540923
2861,GLN_31_A_O,56.437,-6.83,50.015,2263,LEU_30_C_O,49.556,-5.832,44.876,3,4.126424718125497,4.271117459895514,5.202101419421574,5.604309727117881,-1.9664714079330274,-0.5997799147783143,50.26733574712429,-5.935170044416515,45.40725336498645,0.508116,8.646009831130199,2.6895798007130183
6523,TYR_44_A_CD2,55.045,-16.515,47.221,2119,THR_29_C_HG1,52.429,-5.317,46.136,3,-5.445580266862215,2.4346864370188674,2.2784792369932996,5.909920060038015,0.7970269447332818,0.9418533682118659,50.58563569829866,2.5736702792246455,45.3714547907699,0.6156539999999999,11.550579422695643,3.304172531501655
6475,TYR_44_A_CG,54.911,-16.564,46.345,3434,ILE_32_C_HA,46.117,-8.857,41.616,3,-5.490593503054029,2.3855395991973243,1.3934417254155818,2.8243453152347846,-5.282068863123913,-4.189147182667626,52.715974227000345,-14.640294788206921,45.16461827603874,0.16717100000000007,12.613315424582074,2.3274797371774794
1825,THR_29_A_O,49.393,-6.072,49.596,5846,ILE_41_C_HD11,46.407,-14.088,42.846,3,5.411103504629448,-2.6179083741193026,4.080056645901745,-2.4046775342543776,-5.513969898449259,-2.9385861288460733,47.65718731716969,-10.731837396372336,45.67210997685712,-0.024747999999999992,10.896556887384198,2.273114883884311
3547,ILE_32_A_HD12,55.24,-6.264,43.965,2057,THR_29_C_HA,54.63,-5.823,45.593,3,4.73785693213643,3.7308846777155207,-0.9371138552473072,5.235301612253742,2.9965136848934772,0.6218002011151829,54.87330919407148,-5.998900581287741,44.943643659101035,-0.897049,1.7935899754403177,2.3334196379336425
1815,THR_29_A_O,49.688,-5.876,49.857,6045,ARG_42_C_HE,47.262,-13.709,53.685,3,5.58613353181734,-2.3364463371918545,4.369375866402665,-2.013719611217811,-5.719779382033253,7.931711997648985,52.663605181924346,3.731549624902464,45.16177467584238,0.45518099999999995,9.049582808063587,2.071703155231385
2841,GLN_31_A_O,56.774,-6.985,49.745,7736,LEU_48_C_CD1,56.177,-15.979,48.422,3,3.944492558747032,4.620673082311809,4.967142792806059,-4.98799744590627,3.4784204537521206,3.587050314267999,54.62531482605682,-39.355643977294655,44.98334089593497,0.31262100000000004,9.110366293404454,1.710737178794996
5135,PHE_38_A_CZ,54.657,-6.145,38.764,6527,TYR_44_C_CG,50.078,-17.102,44.361,3,4.863294976418809,3.6810871695612324,-6.170299931169723,-5.676330247674084,-2.2518980788985035,-1.0648631058604576,49.12293810645877,-19.38734902108132,45.52839056958949,-0.330368,13.128194811168818,3.6742478717548037
6515,TYR_44_A_CD2,56.038,-16.136,48.283,3091,GLN_31_C_H,48.993,-5.688,40.55,3,-5.1350451778582205,3.34249670318658,3.4347588221878964,5.759430624804942,-2.081942140034671,-4.960351553580809,53.15562266138186,-11.86132598525446,45.11913570482128,-0.33743999999999996,14.784857726741912,2.6734231438672302
6406,TYR_44_A_O,54.096,-17.022,44.355,3484,ILE_32_C_HG22,45.753,-9.499,42.095,3,-5.8999855132960946,1.741038022986695,-0.6683790476420549,2.215108190089401,-5.7397370727355135,-3.7492938716018798,55.9059450043577,-18.654052770919687,44.84528835069499,-0.32152499999999995,11.459004232480233,1.6284082019319095
5906,ARG_42_A_CA,56.65,-14.461,38.744,5744,ILE_41_C_CD1,46.209,-14.137,42.408,3,-3.579378199793815,5.02963457448639,-5.994247279018421,-2.4417223381974997,-5.670366947875982,-3.394235824809347,32.578592261040626,-13.714027860605036,47.191240489948015,0.8277050000000001,11.069975293558695,3.909656184538497
6520,TYR_44_A_CD2,55.465,-16.564,47.622,6833,TYR_44_C_HD2,47.252,-15.663,41.809,3,-5.523280373085514,2.8075939435914328,2.7195060899566132,-4.04636820824283,-4.691500985932096,-3.886434016896782,52.08390614272423,-16.193080048045115,45.22892821230439,-0.299779,10.102283850694358,2.6695660827212335
2023,THR_29_A_HA,48.712,-5.947,44.695,2144,THR_29_C_HG1,51.345,-5.099,46.228,3,5.552071816581869,-2.7944465118750395,-0.8644503286047109,6.20979903671572,-0.27106942216250973,0.9249196630428818,49.984010666234795,-5.537328505519518,45.435597171036065,-0.361948,3.1625752164968315,2.883084953583807
5009,PHE_38_A_CE1,54.818,-5.903,41.656,2286,LEU_30_C_O,49.311,-5.607,44.671,3,5.1131481580463,3.570262738158168,-3.2766101874282167,5.845692752342744,-2.1719926673181904,-0.8281879861637793,47.44823660998965,-5.506876890604127,45.69083505009646,0.71445,6.285291560460818,3.250405801622002
3082,GLN_31_A_H,53.023,-5.029,50.116,3532,ILE_32_C_HD12,48.197,-6.263,45.104,3,6.180736830432925,1.0105820507482093,4.961459380443388,5.278795863758032,-3.370204479693332,-0.5092250253083764,48.64621618391192,-6.148136185050288,45.570529530411626,0.696894,7.066341061681074,2.88170783472739
5734,ILE_41_A_CD1,58.272,-13.175,47.834,2837,GLN_31_C_C,48.401,-5.795,40.34,3,-2.3544683999958123,5.828280526521781,3.2130618080958144,5.695934597473782,-2.656403518004558,-5.228633829801389,54.514919139926,-10.366038724815507,44.981648266093146,-0.20503899999999997,14.424322410428848,1.3962219226866075
6808,TYR_44_A_HD2,57.0,-15.543,48.66,7700,LEU_48_C_CD1,54.62,-17.062,46.346,3,-4.613690385134561,4.304212820057932,3.9064719666453778,-5.9651797789225505,2.0589678868859043,1.365073019501515,53.34161992116002,-17.87790728561258,45.10307079729592,-0.938306,3.6505283179287926,3.632265673981434
2805,GLN_31_A_C,55.403,-5.646,50.129,3443,ILE_32_C_HA,45.697,-8.9,41.342,3,5.385903525210311,3.323692937550278,5.212489343329531,2.8112197288114995,-5.674641073043073,-4.503853043719225,50.19605899781869,-7.39166103658541,45.41507144177135,-0.345194,13.490971833044494,1.7507354682920975
1768,THR_29_A_C,48.292,-6.322,48.298,2062,THR_29_C_HA,55.356,-5.896,44.882,3,5.23566171384509,-3.599505890827939,2.6782037673022105,5.10260400259772,3.7822717793209972,-0.01294507175671239,55.322020464731565,-5.898049162234478,44.898431779795715,0.025229999999999947,7.858156781332378,2.4195164483120823
6812,TYR_44_A_HD2,57.535,-14.971,48.451,2063,THR_29_C_HA,55.356,-5.896,44.466,3,-4.085229917688451,4.899248949453307,3.7523566232794354,5.099625454160563,3.8238296370872864,-0.426853361969752,55.578557248622346,-6.822896297038906,44.87301727203306,0.17017200000000002,10.14809790059201,2.0180278226931807
5155,PHE_38_A_CZ,54.397,-5.548,40.624,7917,LEU_48_C_HD11,53.828,-17.517,49.48,3,5.491524444781603,3.282607207113409,-4.345429948237191,-6.3366293635593,0.9256312845461063,4.403792873629247,54.11439779739436,-11.492579548307326,45.022462401187205,0.265243,14.899981812069433,3.0176433383609207
7914,LEU_48_A_HD11,51.179,-17.69,40.808,3394,ILE_32_C_CG1,47.704,-6.537,46.001,3,-6.371207760747089,-0.8492485365675799,-4.489986972704445,5.04923187800072,-3.969701336808378,0.33376838792354097,47.944444438269215,-7.308705559716988,45.64168259915625,-0.482832,12.784063634071916,2.2938097090543317
6000,ARG_42_A_HB3,57.203,-13.707,37.446,3200,GLN_31_C_HB3,48.64,-5.482,40.253,3,-2.8785982656680673,5.765121687249386,-7.230004209359608,5.989364273928939,-2.3868608469913832,-5.291122016512988,25.271959386412856,16.963653865088666,47.9131763403409,0.24518500000000004,12.20060830450679,3.177485132403004
5736,ILE_41_A_CD1,58.265,-13.642,47.495,5006,PHE_38_C_CE1,47.466,-6.843,47.389,3,-2.8220219739475163,5.819782718289094,2.874860029951122,4.772021657339948,-4.367689207205644,1.6908181838329874,32.044969377581715,2.8660089084009543,47.23763142457855,-0.34296400000000005,12.761506102337608,2.456462022016196
2104,THR_29_A_HG1,51.528,-4.791,43.96,6523,TYR_44_C_CG,49.509,-17.339,43.764,3,6.486855534341017,0.16041533063341443,-1.3132129526053171,-5.8739593715733776,-2.774739903917002,-1.7159530807472774,58.111344360399976,36.124208040762184,44.59909633216363,0.8259909999999999,12.710904019777663,2.236152119008221
1858,THR_29_A_OG1,49.428,-5.233,44.186,5997,ARG_42_C_HB3,47.251,-14.913,52.115,3,6.206308754064789,-1.9791004314525236,-1.2988669475002177,-3.2246622807740275,-5.665166700430071,6.367975349086902,49.059186708253186,-6.872923134639011,45.52928001390008,-0.40337,12.700817690211919,2.6567614820790526
7119,ASN_45_A_HB3,52.75,-17.688,40.047,3437,ILE_32_C_HA,45.916,-7.899,40.795,3,-6.493281705712922,0.7855196379557582,-5.089817755114042,3.788884260980428,-5.326806978298978,-5.02572899169198,-489.9943545661422,759.737298046234,99.4518547286328,0.368008,11.96192212815315,2.4986198956215597
3406,ILE_32_A_CG2,58.411,-8.861,48.112,1858,THR_29_C_O,52.666,-4.819,40.475,3,1.9386010126320148,6.265598291440482,3.505481354032604,6.348058200709837,1.6354517255411642,-4.66672692065054,55.946673382027434,-7.127177860775438,44.83609706153934,-0.813299,10.37624970786652,2.70316119538306
7690,LEU_48_A_CD1,49.395,-17.38,44.109,3445,ILE_32_C_HA,45.671,-8.242,40.814,3,-5.90376343827096,-2.92541424807424,-1.384123365952067,3.4655071506506885,-5.597784449258665,-5.031512999565305,50.808195718741814,-20.84771817343251,45.35939739346248,-0.99464,10.403280492229362,2.6309297775903224
7878,LEU_48_A_HG,50.69,-17.777,44.173,6550,TYR_44_C_CD2,48.323,-16.972,42.27,3,-6.396941580653534,-1.6771442981809628,-1.190920229151711,-5.429163700030838,-3.7742908010946863,-3.3210623650417475,52.01334276427252,-18.227059537490234,45.236929565023495,-0.87188,3.1419934754865393,2.7545740418428233
3121,GLN_31_A_HA,53.146,-4.732,45.98,5996,ARG_42_C_HB3,46.975,-14.534,53.015,3,6.43798052531901,1.5683171230581574,0.858705272462166,-2.819470381441716,-6.0001513643453155,7.235974081607324,53.97693098236114,-3.412151435893069,45.0327306010516,-0.46489699999999995,13.551814269683598,3.001032081541555
3450,ILE_32_A_HA,57.555,-7.012,49.511,6558,TYR_44_C_CD2,49.025,-17.34,43.058,3,3.8569249472149005,5.416833939774004,4.81252777912493,-5.843466675665011,-3.184465047557778,-2.4668781783201257,51.91568517185105,-13.840000415606363,45.244821971155325,-0.13370300000000002,14.86841259180011,1.385283430984508
2812,GLN_31_A_C,56.567,-5.99,49.952,2835,GLN_31_C_C,47.667,-5.785,40.113,3,4.953738417663268,4.470092686150637,5.152807384347836,5.759701659903097,-3.3611715757021026,-5.528001073497772,52.27331887073968,-5.89110060320243,45.20531138979861,-0.788587,13.268682903739917,1.8958775161556436
6810,TYR_44_A_HD2,57.3,-15.771,48.451,5746,ILE_41_C_CD1,45.885,-14.539,43.015,3,-4.865181811021151,4.605430267244722,3.7284688424711074,-2.813754495230516,-6.0829357229635415,-2.8229144791936656,50.80359004394317,-15.069854396332719,45.35730884615638,-0.03149700000000005,12.703154923088988,2.599377592726408
7929,LEU_48_A_HD11,50.373,-17.903,40.405,7984,LEU_48_C_HD12,56.823,-16.194,47.525,3,-6.525622128591162,-1.6247788492311686,-4.971778356130131,-5.257577347195688,4.19262175170858,2.7591655500537424,54.52100194985099,-16.80394025855886,44.9838796717735,0.653921,9.757949630941942,3.2524073676203855
3391,ILE_32_A_CG1,55.979,-5.972,43.269,3395,ILE_32_C_CG1,47.383,-6.407,46.093,3,4.968233825513443,4.555724374885081,-1.555472134055951,5.20375347961322,-4.287497424110618,0.3932135015199812,49.117534907713214,-6.319223978029869,45.52316210104908,0.261651,9.058444513270475,2.204239827449972
6522,TYR_44_A_CD2,56.386,-16.627,47.622,5032,PHE_38_C_CE2,46.697,-8.145,52.597,3,-5.655639656212316,3.7165425522693565,2.811720226360015,3.569124868420096,-5.749636480225894,6.795040950307643,63.2252075760858,-22.6142183569367,44.11027973051637,0.642165,13.804769827852981,3.05407571439795
5076,PHE_38_A_CE2,56.166,-6.591,37.675,7163,ASN_45_C_HB3,51.887,-18.022,50.997,3,4.296844303993467,5.253134013002095,-7.10288792044286,-6.682756563934301,-1.1898874591784443,5.718544335355258,53.795495924854215,-12.923608572795377,45.05519520661184,-0.740164,18.068018319671918,2.6297196585325886
7656,LEU_48_A_CG,51.47,-18.075,43.873,7944,LEU_48_C_HD11,55.214,-17.523,50.192,3,-6.755125673685255,-0.8959357205506747,-1.4114226412380848,-6.442165073371756,2.2291029063440364,5.251023624441472,52.2631570714524,-17.95806017536279,45.21166440558433,0.634348,7.365595766806649,3.2809702394247577
1816,THR_29_A_O,50.534,-4.711,49.857,6831,TYR_44_C_HD2,47.761,-16.893,42.128,3,6.683900123522274,-1.4087700664210288,4.454618149251383,-5.30897376251359,-4.311675380827755,-3.5186001902416613,48.98473148609405,-11.517054466787714,45.538826056985535,-0.7732330000000001,14.69108893173001,1.6086057150968276
6411,TYR_44_A_O,53.521,-17.927,43.759,6800,TYR_44_C_HD2,46.361,-15.437,43.746,3,-6.763230378818049,1.1614804646097034,-1.3193685549907346,-3.7398747244961705,-5.7518278524529265,-2.0483114201815944,66.48042289147755,-22.433838407790375,43.782529678434244,-0.346951,7.580624578489562,2.8448885762853626
1960,THR_29_A_H,48.284,-5.708,48.884,7881,LEU_48_C_HG,54.992,-17.499,45.762,4,5.852692976996673,-3.619415661834009,3.260725888180075,-6.433190614202744,2.453227534339588,0.8210746845316131,57.24960509354832,-21.467309728388233,44.711278011022976,-0.897964,13.920195005817984,2.508197304912935
2101,THR_29_A_HG1,51.65,-4.374,43.96,7896,LEU_48_C_HG,54.701,-17.644,45.546,4,6.8934427396771545,0.31307846795156735,-1.300810897891315,-6.557347362538021,2.1751064676167853,0.5769522273758255,53.76356480274997,-13.566725313828922,45.05869347006274,0.258901,13.708278411237496,2.6528154879033647
5062,PHE_38_A_CE2,56.833,-7.158,37.73,6451,TYR_44_C_O,51.255,-18.15,46.273,4,3.681508954829266,5.866369126430752,-6.981610949310182,-6.796491990983629,-1.3546829409181476,0.9549437326774833,51.92615724068079,-16.82741835970542,45.2450874314923,0.437131,14.99736633546037,2.2599504120628793
5343,PHE_38_A_HE2,55.593,-5.831,37.922,3465,ILE_32_C_HG12,47.413,-6.059,45.657,4,5.099688524729112,4.71762488731177,-6.914184095537936,5.545364204088783,-4.187785094123239,-0.03743666296596859,47.368468496398286,-6.060241220393788,45.69910894625418,-0.8373079999999999,11.260311230157011,3.721508884263112
6947,ASN_45_A_C,53.4,-17.954,39.151,1885,THR_29_C_OG1,53.859,-4.522,46.386,4,-6.8140095726864205,1.4997214484804493,-5.916329345589259,6.59644704363899,2.2510546449952415,1.3341659319396448,53.774539264654344,-6.993626573339545,45.05468535898514,-0.6680969999999999,15.263503202083067,1.2926073033382228
5355,PHE_38_A_HE2,55.892,-6.048,37.603,2043,THR_29_C_HA,55.339,-5.103,45.604,4,4.858453323901534,5.029673362808177,-7.2017294429564656,5.899772993127741,3.753422781985866,0.7040705040086306,55.388248778280335,-5.1871593046562685,44.89145122057691,-0.8619870000000001,8.07557025850187,2.8906700846888906
2880,GLN_31_A_CB,52.862,-4.265,49.936,3452,ILE_32_C_HG12,47.441,-5.927,45.439,4,6.95340387572112,0.926779415984939,4.766575426428842,5.673308966402087,-4.1282170039382,-0.25147820199121973,47.71267173448954,-5.84370938522014,45.66436576092962,0.021477999999999997,7.236884274326901,2.4367838950912097
1770,THR_29_A_C,47.671,-5.94,48.301,3391,ILE_32_C_CG1,47.001,-6.4,46.452,4,5.663471941570634,-4.186929378382889,2.619160941131709,5.242146922434872,-4.701813443577755,0.7121526486330436,46.75079538554655,-6.571782272609823,45.76150995205312,-0.4590089999999999,2.0197279519776954,2.382211778484165
6946,ASN_45_A_C,53.767,-17.92,38.929,7945,LEU_48_C_HD11,55.009,-17.878,50.192,4,-6.809407607667643,1.8885793724847728,-6.100441639738827,-6.78066388690951,1.9987975070100052,5.230336037073067,54.43568742222886,-17.897387381857,44.992950432015796,-0.7293859999999999,11.331350184333726,2.442084107743667
3485,ILE_32_A_HG12,55.353,-5.019,45.399,7986,LEU_48_C_HD12,57.019,-16.473,47.133,4,5.981006170910334,3.7941622784683693,0.5015403476029899,-5.55337955868815,4.405073963635877,2.3886441480762546,54.91022296839367,-1.9748414645744679,44.93815043649137,0.09188899999999994,11.703692921467137,2.046848611646753
6949,ASN_45_A_O,52.11,-18.367,40.643,6474,TYR_44_C_O,49.926,-18.089,45.015,4,-7.117734970115515,0.03953669757093642,-4.561211499729404,-6.644327869022121,-2.542888639143089,-0.4298086995982181,49.69878850663201,-18.060078390496198,45.469839125002224,0.42352699999999993,4.8950509701125675,2.4084923259313653
6438,TYR_44_A_O,53.641,-18.188,43.975,5102,PHE_38_C_CZ,47.715,-6.046,51.335,4,-7.030992740500103,1.239159628817037,-1.0925508636293728,5.5761783622819445,-4.454408871092529,5.642265727935296,52.67965883653359,-16.218272627943104,45.168970800390284,0.453508,15.385552963738416,4.009265734542612
6765,TYR_44_A_HB3,58.613,-14.283,46.209,5126,PHE_38_C_CZ,47.816,-5.791,49.769,4,-3.496659384576153,6.244888781710845,1.6298981032150728,5.811605285103493,-4.178425123546676,4.094367431824944,65.75368932249184,-19.89925763884419,43.854563213108186,-0.313901,14.19023865197481,2.2619908624685934
1844,THR_29_A_OG1,48.833,-4.768,44.251,7721,LEU_48_C_CD1,56.482,-17.202,49.484,4,6.715360684157954,-2.5406279834233123,-1.2935810373499108,-6.2229001415803396,3.5821632475318146,4.673719889141482,50.49113681538384,-7.463420729831696,45.38540056934286,-0.983023,15.507928488357177,2.2660115037205117
3193,GLN_31_A_HB3,54.263,-4.271,50.864,5303,PHE_38_C_HE2,46.486,-7.661,52.788,4,6.848282134493232,2.2235544621041847,5.83022240700258,4.069030042094748,-5.941342753213244,6.964160796069802,94.24898168685081,13.15891872424126,40.97162134942767,0.78788,8.699172661811007,2.745652183485366
7830,LEU_48_A_HB2,52.117,-18.496,44.032,5866,ILE_41_C_HD12,45.419,-14.653,43.746,4,-7.22262680086861,-0.30185903015262505,-1.1886075115722794,-2.887006543825072,-6.6269277170448255,-2.1423119169356513,60.46475751033443,-23.28555391343912,44.38844351268372,-0.8280699999999999,7.727460708408681,2.1134556071841986
6743,TYR_44_A_HB2,56.726,-16.935,47.103,5329,PHE_38_C_HE2,47.317,-6.402,52.467,4,-5.992140474391612,4.082345258255719,2.329246828484324,5.259360116578822,-4.989351288461211,6.728556116960875,61.70766461417363,-22.51177472431617,44.2629905419888,-0.13478,15.107808113687435,3.095718359143485
7933,LEU_48_A_HD11,48.984,-18.103,40.405,6984,ASN_45_C_O,52.801,-18.535,49.907,4,-6.620168652334626,-3.017978338380246,-5.110980145927416,-7.271095525845264,-0.21312340424067605,4.725340304514126,50.96732408091984,-18.327468431479534,45.34226628684838,-0.71221,10.249103229063502,3.126223752063975
3483,ILE_32_A_HG12,55.654,-4.967,45.066,6995,ASN_45_C_O,52.375,-18.565,50.488,4,6.007744908783237,4.1299953460926755,0.20038392547818656,-7.264683746232827,-0.6960756560033019,5.260740165925778,55.783844394430396,-4.4285358110812805,44.85129542342129,-0.624247,15.00185085247817,2.179038969989347
1804,THR_29_A_O,48.935,-4.841,49.662,2009,THR_29_C_H,55.161,-4.86,41.649,4,6.6736119774637235,-2.9855218888153083,4.100395275022478,6.127195395037186,3.9903577022675654,-3.2487637822549402,52.408739074542154,-4.851600874143318,45.19122081524152,-0.7670189999999999,10.147492596695992,2.605024893323346
7892,LEU_48_A_HG,50.859,-18.528,45.132,7935,LEU_48_C_HD11,54.66,-18.279,49.95,4,-7.151672497511102,-1.6622399643979817,-0.22014625753225614,-7.155890098327262,1.6463159971416712,4.9544228705405144,51.020709294855195,-18.517406573423063,45.33697642268149,0.43849600000000005,6.141882936038427,2.8393522547650822
1993,THR_29_A_HA,48.478,-4.754,44.512,6479,TYR_44_C_O,50.932,-18.556,45.614,4,6.75799363361275,-2.9178362516494674,-1.0694418975224163,-7.181652657179159,-1.6400912358772641,0.2667291103507299,50.44212764612924,-15.800817347952606,45.39401657132616,0.17798599999999998,14.061711275659164,1.673951079233398
7921,LEU_48_A_HD11,50.514,-18.598,40.418,3213,GLN_31_C_HB3,48.75,-4.384,39.552,4,-7.22917351851791,-1.5389020125160744,-4.945027456183548,7.070876898474458,-2.1244247792388813,-5.97709778378999,58.965970955252715,-86.7024870509988,44.5673236095515,0.9711850000000001,14.34919677194511,3.0191050094156
7965,LEU_48_A_HD12,47.622,-17.468,42.471,1604,PHE_28_C_HB3,55.85,-5.125,42.365,4,-5.869366407544729,-4.5274527356716385,-3.1914989573922883,5.816061800851699,4.582290668307841,-2.4674743030706976,83.89100446646944,36.9399146973301,42.00375225164735,-0.5718139999999999,14.834448725854292,4.4455167855651485
4934,PHE_38_A_CD1,56.652,-5.736,42.093,7893,LEU_48_C_HG,53.454,-18.577,46.017,4,5.144318606842053,5.358789442339446,-2.6580516764105893,-7.3901320618763915,0.8201402756912716,0.9202818988095371,54.27646706477382,-15.27452983778593,45.00781902371093,0.0048629999999999785,13.80276280314923,2.64897412539293
3132,GLN_31_A_HA,54.878,-4.37,45.788,1814,THR_29_C_O,51.452,-3.822,41.552,4,6.666787266937793,3.333275028797907,0.841296482827316,7.441561708741472,0.39906357790345454,-3.71629100681758,54.245586084366984,-4.268843308299213,45.006066156853045,0.8436309999999999,5.4755343118274755,2.282194355160274
4928,PHE_38_A_CD1,56.888,-5.812,42.925,4978,PHE_38_C_CE1,46.456,-6.589,48.5,4,5.056675265418819,5.504045921186339,-1.806632155811513,5.109505532245297,-5.461436381815204,2.6951880122390697,52.701518544525314,-6.123819027118848,45.16231155236497,1.000813,11.853732661065035,3.306914453637755
3102,GLN_31_A_HA,52.838,-3.807,46.599,6490,TYR_44_C_CB,46.456,-16.55,43.552,4,7.388003991386938,1.2710670560826027,1.4441519494561568,-4.858230986422094,-5.722611149273211,-2.232310484490053,50.3310852940781,-8.812580397612477,45.40210731605389,0.5154960000000001,14.57388699009293,2.4177279704016548
7953,LEU_48_A_HD12,48.304,-17.92,43.807,5862,ILE_41_C_HD12,45.115,-14.667,43.997,4,-6.361993656330625,-4.018584348645861,-1.7941101931468324,-2.8762153350926263,-6.954663360785333,-1.9230269479202553,92.6847123131582,-63.19138825798172,41.16280578880528,-0.30494199999999994,4.5593672806651595,3.0040640755959735
6770,TYR_44_A_HB3,59.031,-14.221,45.85,7911,LEU_48_C_HG,54.727,-18.302,45.018,4,-3.4689697755483255,6.7001536805057285,1.3145948246447858,-7.219195715025379,2.203742867392951,0.05392190806572267,54.54290792563019,-18.476553846538845,44.982413428002864,-0.824562,5.98925713256661,1.7025844614405785
3130,GLN_31_A_HA,55.315,-4.444,45.707,6764,TYR_44_C_HB2,48.178,-17.924,43.435,4,6.559424465704191,3.769303377088599,0.8044385339131057,-6.359131927190167,-4.106730365413972,-2.176860882544309,53.38923642696042,-8.081283587582107,45.09395042203364,0.06966799999999995,15.421061993261034,1.7488579238358755
3157,GLN_31_A_HB2,52.697,-3.685,49.777,5966,ARG_42_C_NH1,45.429,-9.16,52.886,4,7.543053284968891,0.8229553594182838,4.592104398886166,2.6548588612433055,-7.113474406750128,6.955146472683021,66.82091896919474,6.954578475005665,43.73527406780043,0.717554,9.61588945443946,2.4865275231648125
7713,LEU_48_A_CD1,48.252,-18.13,41.212,1153,PHE_28_C_C,56.462,-5.197,43.866,4,-6.586042617613357,-3.8268636387923336,-4.381362448409427,5.708806818505327,5.0340489639945485,-0.9127589557996558,58.622451906100366,-1.793696163021186,44.564396998634635,-0.094622,15.547035247917847,2.7460817677333824
2088,THR_29_A_HG1,51.255,-3.66,43.933,3162,GLN_31_C_HA,48.15,-4.625,44.569,4,7.635017609918856,-0.021952891706168237,-1.3669221667634908,6.9117960563925465,-3.2391564476749317,-1.04552231614597,38.04935189641226,-7.764170827685074,46.63792502218416,-0.596451,3.3131172632431873,2.0016415755580477
3190,GLN_31_A_HB3,54.502,-3.854,51.073,3392,ILE_32_C_CG1,46.086,-6.58,47.028,4,7.247531607809292,2.4714148055023624,6.062291595451606,5.135877236959436,-5.680780967391132,1.1935364261615926,44.02288484770517,-7.248257118008042,46.036400571407725,0.432146,9.727392096548801,2.1593907222082533
2795,GLN_31_A_C,56.404,-4.648,50.252,3198,GLN_31_C_HB3,47.141,-4.875,39.501,4,6.306328426969504,4.380191806285057,5.435563637195322,6.702414646538337,-3.752862416011663,-6.1892049077628695,52.07276314340233,-4.7541417215208535,45.22499714506298,0.05864100000000011,14.192910166699436,2.699193542970993
1967,THR_29_A_H,48.131,-4.85,49.445,5330,PHE_38_C_HE2,47.029,-6.04,52.467,4,6.723790764580879,-3.7621771527647505,3.8039586202324935,5.642063074962937,-5.247621693080537,6.699870863923563,49.5785446929128,-3.286861901482544,45.47541736662207,0.32373799999999997,3.4297212714738183,2.7290856311143856
2060,THR_29_A_HG1,51.885,-3.548,46.003,1904,THR_29_C_OG1,52.419,-3.547,47.226,4,7.713947567496145,0.40477603474240237,0.7558158022588035,7.683381292512115,0.8124586948545988,2.026149046520891,51.56728365255398,-3.5485949744334175,45.27534626792794,-0.5367149999999999,1.3344984076423607,2.6964236637312173
2083,THR_29_A_HG1,51.74,-3.522,45.118,7868,LEU_48_C_HB3,54.069,-18.857,49.859,4,7.744484429012995,0.35130338932363053,-0.13924518799862837,-7.688252956550493,1.0252366581717132,4.804435398100231,51.80559931152525,-3.9539302027649774,45.251536425908625,0.10871800000000001,16.21923385983444,2.510962827183314
1856,THR_29_A_OG1,48.832,-4.106,43.91,2020,THR_29_C_H,55.378,-4.474,41.292,4,7.373087857103916,-2.45734647203942,-1.6326756492654142,6.493142739762171,4.270583307834182,-3.5820656737490557,43.34951847200391,-3.7977883895046496,46.102657598578325,0.393733,7.0597070760761715,3.1764739044013943
3185,GLN_31_A_HB3,54.036,-3.614,50.775,4918,PHE_38_C_CD1,45.834,-6.742,47.461,4,7.519892308982068,2.0570670417512433,5.7192237025628625,4.9964715542214435,-5.986333610338095,1.5990492348476786,42.65078484079008,-7.955984030481424,46.17482893957307,0.244316,9.382951774361839,2.5608747553964273
4931,PHE_38_A_CD1,57.291,-5.763,42.516,5107,PHE_38_C_CZ,46.564,-6.046,49.451,4,5.072176905612021,5.948438251211405,-2.1731920501892406,5.649596028568792,-5.40811010919872,3.6524615177900563,53.2894178855891,-5.868569846031348,45.10302078525586,0.6984760000000001,12.776652261058057,3.5700655849401675
3398,ILE_32_A_CG1,56.732,-5.1,44.05,5055,PHE_38_C_CE2,47.098,-5.655,51.324,4,5.78645832341945,5.290892158397183,-0.7025999272674046,6.012560404598979,-5.03578277722814,5.5696978672265764,55.65283444997843,-5.16216907621569,44.86480695566295,0.416849,12.084413804566609,3.695428622126183
1138,PHE_28_A_O,46.775,-5.325,44.837,6793,TYR_44_C_HB3,45.523,-15.892,44.593,4,6.319551493327076,-4.683160917598625,-0.9168892396851079,-4.124225903636028,-6.702332866957139,-1.2896992738932958,49.854169611203936,20.663486646639065,45.43709375809406,0.45664799999999994,10.643708423289318,1.6084101437399516
6771,TYR_44_A_HB3,59.385,-14.206,45.589,1878,THR_29_C_OG1,54.323,-3.699,46.297,4,-3.482610749044003,7.078569296941447,1.0903682760835909,7.381404647773446,2.782700256478645,1.2924465898794875,86.69839206991745,-70.89936437744423,41.76879423439322,0.971592,11.684269639134488,1.332726749607724
1137,PHE_28_A_O,47.002,-5.06,44.601,1601,PHE_28_C_HB3,56.839,-5.281,41.878,4,6.56495865836614,-4.414279045742711,-1.128851175736733,5.582349095280839,5.6002995241049005,-2.8530418597627833,40.56158182664994,-4.91530828338819,46.38378526847943,0.4336070000000001,10.20931628464903,3.0173066342514128
6772,TYR_44_A_HB3,59.241,-14.651,45.589,3475,ILE_32_C_HG12,46.491,-5.595,45.963,4,-3.91545617971042,6.9019562889625545,1.0757505278352846,6.079834929792911,-5.0978817076396234,0.17488666931597208,44.01581464020144,-3.836938931895231,46.03560543722076,0.693437,15.643321642157717,1.678271092289278
7935,LEU_48_A_HD11,49.219,-18.903,40.405,1221,PHE_28_C_CB,57.257,-5.554,42.286,4,-7.435608221898983,-2.845508680246371,-5.087795551648545,5.2814953154456035,5.953534670727544,-2.405348957932375,64.46467189518413,6.4160438080135425,43.972692067036746,0.608794,15.69533070693319,2.9013656683764912
6444,TYR_44_A_O,54.692,-18.777,44.941,5855,ILE_41_C_HD12,44.573,-14.608,43.973,4,-7.690736174138861,2.140685975692664,-0.026405072632832705,-2.7766330280236367,-7.485510792476814,-2.0011638046869495,54.82730408836006,-18.83274491000821,44.95394340918397,-0.09761499999999995,10.98688973276787,1.9184246053059202
4938,PHE_38_A_CD2,58.206,-7.228,38.068,1154,PHE_28_C_O,55.289,-3.938,46.009,4,3.510461330919797,7.18945156270344,-6.5078298002744,7.068092475498064,3.751715925446444,1.102538412069864,55.71159513052091,-4.414632834903595,44.85856190213694,-0.9299189999999999,9.077029800545994,2.439039776178046
1968,THR_29_A_H,48.28,-4.377,49.442,3134,GLN_31_C_HA,49.533,-3.573,43.422,4,7.184156537460831,-3.5781803265159238,3.8161045286383812,7.8481290801745525,-1.672707415369862,-2.047779717099326,49.09542860909294,-3.8537720656738035,45.52429830268197,0.903964,6.2013567063990145,2.347061305167872
6401,TYR_44_A_O,53.917,-19.069,44.229,5312,PHE_38_C_HE2,46.807,-5.702,51.795,4,-7.928476103392138,1.4207879406060153,-0.8125727043228116,5.991040284270779,-5.375101620758678,6.009164142208128,53.07009076592816,-17.476786816900375,45.130225775666325,0.03382999999999997,16.92551756963432,3.749370321107812
3136,GLN_31_A_HA,54.872,-3.696,46.096,2912,GLN_31_C_CB,49.307,-3.492,39.982,4,7.341504226286889,3.347671889540121,1.1474431064694537,7.92132975546837,-1.547127849386861,-5.493082088988335,53.91040122587438,-3.660750017983533,45.039537303683005,0.774427,8.269935731310126,1.57485904740487
1200,PHE_28_A_CB,45.402,-6.92,47.969,5853,ILE_41_C_HD12,44.579,-14.824,44.308,4,4.85523997970962,-6.479170659089975,2.0611501824104947,-2.990065318990822,-7.529406356961593,-1.6673422406874658,44.94703686540568,-11.28941508606749,45.94516034538296,0.7311650000000001,8.749483756199563,1.4322299608421087
1875,THR_29_A_OG1,50.282,-3.298,43.454,1608,PHE_28_C_HB3,57.163,-5.345,41.284,4,8.06601234208221,-0.91196227415418,-1.9408044194965397,5.489816568383749,5.976226712875498,-3.4116333743860143,41.2023071056218,-0.5969200181961649,46.31738229629425,-0.017658000000000063,7.499817997791681,2.817437601662349
2110,THR_29_A_HG21,51.455,-3.177,48.552,7690,LEU_48_C_CG,56.343,-18.207,45.909,4,8.134597180572458,-0.24833216408611242,3.249095887536372,-7.240107013363098,3.7251764355647863,1.1023324265372643,58.85291830204082,-25.92469068733091,44.55185718651925,-0.725303,16.02432192013129,2.0609307179865373
7902,LEU_48_A_HD11,48.592,-18.883,41.071,1958,THR_29_C_CG2,51.104,-3.157,45.263,4,-7.363555216917519,-3.532572837424003,-4.487932060181586,8.157492923909974,-0.266476589299609,-0.058511792459958134,51.13718303836069,-2.94926255523082,45.318375516245226,0.330148,16.467850011461724,2.0798231488836643
3186,GLN_31_A_HB3,54.361,-3.282,50.881,7958,LEU_48_C_HD12,57.254,-17.813,48.426,4,7.827155644001185,2.3940911292446154,5.857386676626784,-6.898005902919583,4.407419311500758,3.698090020856876,62.20865706472105,-42.69931932508183,44.22147767235044,0.019316,15.018203454474838,3.1604095684492557
4094,ARG_33_A_HH21,56.46,-4.015,51.271,7907,LEU_48_C_HG,54.727,-19.012,45.018,4,6.940572867284594,4.381961501846892,6.455326775432342,-7.927150676685951,2.149894237959798,0.05360986904327614,54.71248734590883,-19.13758930952407,44.96563553027578,0.172398,16.340541820882198,2.337128396225928
5869,ILE_41_A_HD12,60.254,-12.995,46.965,7927,LEU_48_C_HD11,56.102,-18.656,49.72,4,-2.3308611619916317,7.895092111287924,2.5470155849323786,-7.642330216285961,3.0713121458361345,4.869835709302672,64.80674543116253,-6.787607927309465,43.9440911216636,0.9327889999999999,7.541621178500017,1.9362206495484984
7949,LEU_48_A_HD12,47.61,-18.427,42.923,6791,TYR_44_C_HB3,45.491,-16.498,44.533,4,-6.821461789852808,-4.657245752040147,-2.743395000826849,-4.726493836329056,-6.774047179289584,-1.352868844545261,43.42938535964161,-14.621239905025325,46.099399042462025,0.479484,3.28683768993846,2.5913635721388277
6103,ARG_42_A_HH11,59.11,-8.385,38.547,3188,GLN_31_C_HB2,50.142,-3.115,40.792,4,2.2919663585230525,7.95071055204064,-5.941207568626934,8.239996191817522,-0.771047048550944,-4.603360619696728,19.28425646629338,15.018397460150979,48.51675850057667,0.7012,10.641332106461105,2.9311830656319957
6105,ARG_42_A_HH11,59.402,-9.236,38.547,6464,TYR_44_C_O,49.897,-19.312,45.204,4,1.4213698615145827,8.175862072584305,-5.912336611014498,-7.860262318598187,-2.6832966357708083,-0.24520098357001996,49.48574544354534,-19.747960116868715,45.49202962465215,-0.15117799999999998,15.368358728244214,2.932960469124854
3124,GLN_31_A_HA,55.566,-3.704,46.167,5454,LYS_40_C_C,44.532,-15.172,44.593,4,7.281634675286656,4.02849171610842,1.2875894607372196,-3.331473602469426,-7.630899732249865,-1.3886354435963462,50.25730487248329,-9.22150187804619,45.409714688171896,0.654238,15.99192471217896,2.5604829809992546
1580,PHE_28_A_HB3,45.268,-6.792,48.802,6098,ARG_42_C_HH11,44.359,-9.924,51.715,4,4.998953316598633,-6.685620133533322,2.87659735501108,1.9654662029558587,-8.115987243499504,5.682533894224012,46.19989099580938,-3.5811280540429173,45.81564304643263,-0.18131399999999998,4.372787897897635,2.741720876865436
6096,ARG_42_A_HH11,59.555,-9.243,39.328,6779,TYR_44_C_HB2,46.553,-17.822,43.313,4,1.4084295909574667,8.24910202491988,-5.119943111053904,-6.13560248511084,-5.698973858312438,-2.4609528532970923,34.519368471931706,-25.7620495984693,47.001203479414876,-0.20768700000000007,16.07891383147506,2.4605487711539866
8030,LEU_48_A_HD22,48.469,-18.947,44.246,1952,THR_29_C_CG2,52.57,-2.933,41.832,4,-7.395350763307943,-3.9766338107150805,-1.341243499928198,8.245590516516083,1.5476874826739477,-3.3253360200757203,45.69673029112747,-29.77243943376853,45.87786029681013,-0.31553700000000007,16.706100472581866,2.460652252080517
3350,ILE_32_A_O,58.32,-5.205,49.892,4905,PHE_38_C_CG,45.081,-6.769,47.599,4,5.603686274040175,6.274779772072708,5.269024017826732,5.027393187114071,-6.7492208426434805,1.6609275299492925,38.98664536096032,-7.488961526962616,46.543455382784344,-0.014644999999999977,13.526827639916167,4.956159478021363
5090,PHE_38_A_CE2,56.699,-4.615,40.29,2001,THR_29_C_H,56.133,-4.151,41.298,4,6.2456315530260555,5.670555786252138,-4.4467860170466835,6.7582485521147575,5.043518902993261,-3.5003376247514204,54.03970985154866,-2.4349458853684904,45.02597962833742,-0.526096,1.2456789313462762,3.2686977393113477
3110,GLN_31_A_HA,53.406,-2.896,47.276,7873,LEU_48_C_HG,54.024,-19.497,45.512,4,8.258340072502108,1.836043158916488,2.1750357357968677,-8.354136184648228,1.3663120541295797,0.4745045556028198,54.19644248078361,-24.129229164221222,45.01978554028756,0.853586,16.70589180498904,2.236474936781235
7647,LEU_48_A_CA,51.859,-19.759,44.582,6097,ARG_42_C_HH11,44.225,-10.158,52.097,4,-8.458570483100031,-0.7085557348985227,-0.667767800431637,1.7449930739000896,-8.30483762249409,6.049089665857687,51.10005291587923,-18.80450026792723,45.32911649687813,-0.6625099999999999,14.385144490063352,3.0246598603700927
1531,PHE_28_A_HB2,45.286,-6.096,46.055,1872,THR_29_C_CB,54.128,-3.004,46.44,4,5.67192105681855,-6.340553737295872,0.14551833696509886,8.090150300846062,2.627665669104404,1.4155029833272446,44.27285929855053,-6.450289872074391,46.0108856401201,-0.699358,9.37494815985667,2.3024946488312095
1893,THR_29_A_CG2,52.249,-2.741,46.849,6729,TYR_44_C_HA,48.052,-18.884,44.617,4,8.49719640042402,0.7425925895282198,1.634372710506504,-7.298390000324591,-4.42262499851098,-1.0138454687030725,49.65878204898391,-12.703803998868903,45.471500246207306,0.605689,16.82834162952488,2.1868202392239144
3109,GLN_31_A_HA,52.965,-2.753,47.276,3403,ILE_32_C_CG1,45.069,-6.35,46.346,4,8.434226195601003,1.40937137030269,2.13093067370261,5.437120949617062,-6.60417473440379,0.41321009915063056,43.16956013112356,-7.215284347561873,46.12228177836181,-0.500912,8.726403898513981,2.0880316987946146
1850,THR_29_A_OG1,50.683,-2.783,44.313,6504,TYR_44_C_CB,45.724,-17.257,44.366,4,8.555401601987967,-0.560882793800874,-1.0457355111080546,-5.502096203626644,-6.583769075792934,-1.4960268382867705,62.19954959040919,30.830740425808113,44.189915279634675,-0.30212999999999995,15.300038104527717,1.7762769695080323
1983,THR_29_A_H,47.59,-4.136,49.445,1935,THR_29_C_CG2,50.056,-2.853,43.422,4,7.4765827854121545,-4.244752793591134,3.750089108876212,8.526565760458743,-1.0992305630487835,-1.995082746627869,49.19965067278694,-3.2985377886514,45.513562042905214,0.8830509999999999,6.633534050564601,2.5152980902278723
3475,ILE_32_A_HG12,57.402,-4.551,45.095,4929,PHE_38_C_CD2,44.008,-9.704,50.599,4,6.290770375026278,5.892844815085283,0.40449011139713675,2.203344498756332,-8.33604290831459,4.537087945796123,58.71297696150276,-4.0466350393740695,44.55627988680669,-0.6592610000000001,15.370317530877491,1.9614382049334547
1917,THR_29_A_CG2,51.419,-2.647,45.317,1196,PHE_28_C_O,56.021,-3.556,46.43,4,8.642626297562844,0.07932128082493763,0.026989334933263366,7.39673636747446,4.464849941207312,1.5949021676727548,51.33978327521188,-2.6313528894323333,45.297841326664674,-0.808536,4.821146544132426,1.9141747340970598
5344,PHE_38_A_HE2,57.28,-5.018,37.922,7887,LEU_48_C_HG,54.759,-19.49,45.26,4,5.782968705850256,6.452962871143628,-6.744867008516478,-8.404457345164424,2.121213023708875,0.2973879077897358,54.86545949691511,-18.878860833258436,44.95012305102615,0.11490399999999995,16.420732900817793,4.088660502119028
6102,ARG_42_A_HH11,59.939,-9.654,38.946,8075,LEU_48_C_HD22,56.951,-18.473,45.921,4,0.9668841130053797,8.637059291532466,-5.461743857370465,-7.551162386422104,4.307001909843542,1.1750488096391423,57.48002750159043,-16.911589847213527,44.68607134417897,0.739448,11.634153600498834,2.857970763830043
3394,ILE_32_A_CG1,57.979,-4.993,44.411,3127,GLN_31_C_HA,48.312,-3.293,43.638,4,5.801579276911526,6.500096201111547,-0.21847603832085505,8.221061592685961,-2.8844070366509715,-1.9550307607755282,59.1952057637103,-5.20687708682192,44.508251169478434,0.07076100000000002,9.845730953057778,1.7460986277850614
5387,GLU_39_A_CA,59.884,-8.83,39.924,5046,PHE_38_C_CE2,45.591,-5.828,49.88,4,1.7996659823896126,8.547287456852954,-4.49380771499165,5.943506783833281,-6.3997489202841,3.981950419407442,52.305917585201435,-7.238353501068683,45.20262509772158,0.612711,17.675513825628947,4.078894288626036
4919,PHE_38_A_CG,57.972,-5.213,41.546,4975,PHE_38_C_CD2,45.413,-5.971,49.538,4,5.562228170255467,6.762675755964738,-3.0698681588675245,5.811909974894412,-6.5530234427085166,3.6237797887679672,52.21214012854732,-5.560637055701975,45.21132367964406,0.6134820000000001,14.905539540721097,3.391970108131289
1919,THR_29_A_CG2,49.909,-2.828,48.596,6467,TYR_44_C_O,50.456,-19.919,45.468,4,8.599638785287818,-1.7600494597293324,3.138189963722929,-8.505831405180158,-2.2011211835173015,0.0731908939863189,50.469062130884744,-20.327125921300098,45.39330467018743,-0.7423150000000001,17.383494297752684,2.053850129882453
5526,LYS_40_A_HD3,59.458,-16.036,45.543,4915,PHE_38_C_CG,44.843,-6.523,48.278,4,-5.313181009123958,7.016795198878311,1.0511065425596846,5.295516600859649,-7.0345151238784815,2.3127848825165733,71.6337833458841,-23.961297774163228,43.26446647615511,-0.635942,17.651504723393977,2.2247630904845748
1970,THR_29_A_H,47.198,-4.119,49.337,6129,ARG_42_C_HH11,43.913,-10.357,52.667,4,7.522358774798415,-4.621578718885206,3.6033792563714204,1.574205221421244,-8.686408754158178,6.584888117634335,51.168171281720134,3.420095420204017,45.312442810311104,0.07926200000000003,7.7969717839684405,2.892350492681315
3221,GLN_31_A_HG3,55.267,-3.004,46.218,3447,ILE_32_C_HG12,45.379,-5.289,44.677,4,8.002559801425425,3.7798483279309254,1.3086946263943937,6.459708154666948,-6.04942235421066,-1.2158838836319186,50.14124438796601,-4.188501574989648,45.41917421135271,-0.43139999999999995,10.264913540795174,2.0094704349408645
8033,LEU_48_A_HD22,47.567,-19.067,43.725,1577,PHE_28_C_HB2,58.812,-5.74,43.749,4,-7.450629332456732,-4.828564538933078,-1.950015472107287,4.989094742878387,7.335995988158263,-0.7940474309145146,66.53631679981426,3.414465984092902,43.765485869559406,-0.8050900000000001,17.437302830426496,3.3418700662344785
5099,PHE_38_A_CE2,57.163,-4.503,39.043,5857,ILE_41_C_HD12,43.749,-15.018,43.973,4,6.313345828022581,6.2639596157713875,-5.64099524162736,-3.123235398444439,-8.334099229772951,-2.0838708836220405,35.89067366119838,-21.178004581221053,46.86114289923155,-0.371733,17.742759678246216,1.776045071683074
3348,ILE_32_A_O,58.419,-4.583,50.153,5152,PHE_38_C_HB2,44.454,-6.757,47.191,4,6.218288394269954,6.394098827708719,5.538900279789855,5.083779424633196,-7.329600544842941,1.1921877370009017,40.62377161859081,-7.353270426149917,46.37860211487762,-0.48170300000000005,14.440254326015172,4.1612457941308625
1903,THR_29_A_CG2,52.004,-2.333,46.522,7922,LEU_48_C_HD11,55.092,-19.808,49.462,4,8.920178807608762,0.5631382657511318,1.2846585002005584,-8.716598591349646,2.007690831902772,4.51147114787856,50.77460558459321,4.624146181746639,45.35152733766322,-0.14136500000000002,17.987633779905575,2.8168879264112037
1828,THR_29_A_CB,49.697,-2.578,44.207,3232,GLN_31_C_HG3,46.46,-4.109,44.141,4,8.83350079051033,-1.5129591001239953,-1.2498642652837466,7.550849958118989,-4.833918564815178,-1.6404037332557708,60.05654355070026,2.321740863800464,44.41822331614033,-0.5333709999999999,3.5814083821870986,2.401217028808712
3343,ILE_32_A_O,58.955,-4.96,50.53,1875,THR_29_C_OG1,52.401,-2.29,46.108,4,5.804602538303094,6.859611283871182,5.967521517866739,8.930114964119735,1.0016224133079383,0.9125201856786919,51.21788314128507,-1.8080161713810046,45.30974813102876,0.605689,8.344932594095651,3.6342621108793116
3198,GLN_31_A_HG3,55.566,-2.954,46.167,3402,ILE_32_C_CG1,44.93,-5.608,45.077,4,8.029474423519652,4.08537407114344,1.2879190794229025,6.178393027289081,-6.559029974961805,-0.8630044821634725,49.1974299711148,-4.54314863263081,45.51433533927371,-0.7468410000000001,11.01618409432232,2.3166615661092105
7737,LEU_48_A_CD2,47.647,-19.357,42.416,3373,ILE_32_C_O,44.684,-5.245,39.839,4,-7.755206894251576,-4.6404234276145875,-3.2445487590809985,6.521417931776642,-6.252286844118152,-6.099145386167254,51.01476057322319,-35.39676956102791,45.3450310486656,-0.6377090000000001,14.64816855446441,3.3761738925619524
7649,LEU_48_A_CA,52.935,-20.273,44.527,1231,PHE_28_C_CB,58.946,-5.748,42.694,4,-9.052727915889237,0.32545798795662234,-0.6149514581824558,4.963446251877208,7.573724150042108,-1.8303256155525442,49.89357181698398,-27.622316978590547,45.45445597395914,-0.25578,15.826169309090558,2.1679651164961866
1564,PHE_28_A_HB3,46.036,-4.777,49.467,6510,TYR_44_C_CB,46.123,-18.275,44.702,4,6.954922448624331,-5.837293849370745,3.6160574757488715,-6.544885043183971,-6.298694316537275,-1.122202256791644,46.102395051801324,-15.07815412889956,45.830535381226376,-0.710356,14.314635796973667,2.004065907407175
6769,TYR_44_A_HB3,60.371,-14.958,45.405,3376,ILE_32_C_O,44.343,-5.524,39.724,4,-4.308210785883664,8.018130027659573,1.005714791437165,6.268145590321907,-6.600265802548745,-6.2478422776734055,58.14869768355439,-13.649964059561523,44.61732221988223,-0.8411569999999999,19.446616698027448,2.805099496727049
4963,PHE_38_A_CD2,57.649,-4.567,39.672,3231,GLN_31_C_HG3,46.715,-3.735,44.202,4,6.21733802468604,6.678431360647343,-4.966511235591653,7.904955518877636,-4.558660823720399,-1.5540068131300728,41.73580923824635,-3.3561188299086284,46.26489867850229,-0.093875,11.864462903983474,2.7279783699308946
8054,LEU_48_A_HD22,47.389,-19.277,43.84,5470,LYS_40_C_O,45.075,-17.284,45.427,4,-7.645761051606866,-5.032574256065604,-1.853513412559212,-5.472418508576503,-7.335684108430851,-0.5053735093620535,44.207557164215345,-16.53688955414053,46.021914338975904,-0.3584399999999999,3.441687667409696,1.5610728742957385
4952,PHE_38_A_CD2,59.712,-7.32,39.323,1574,PHE_28_C_HB2,59.008,-5.461,44.141,5,3.31400051159059,8.551208024443863,-5.1083486516422685,5.255298722279763,7.512448094133617,-0.3842656650345121,58.950735335312444,-5.309785494809413,44.532905048955485,0.42683400000000005,5.211969013722163,2.0238223950747156
3462,ILE_32_A_HB,59.124,-5.513,44.575,1174,PHE_28_C_O,57.584,-3.937,45.424,5,5.197797267155701,7.58023214735486,0.059147127730332594,6.891615443440369,6.087108550934058,0.750333724460247,59.25578290368427,-5.647863542991168,44.5023482563455,-0.454324,2.36139302107887,2.0270204005392136
6689,TYR_44_A_HA,57.144,-18.933,45.246,2177,THR_29_C_HG22,51.924,-2.057,45.771,5,-8.029243012206399,4.531021535991674,0.5225703637498207,9.196047151361565,0.5797266653723621,0.5295436202563948,448.326698672045,-1283.6071806110028,5.902912489880681,0.706855,17.67267384976026,2.0743155802859383
1584,PHE_28_A_HB3,45.502,-5.155,49.944,1582,PHE_28_C_HB3,56.738,-3.584,41.302,5,6.62174656291124,-6.443397157421633,4.037010690666005,7.277963096731224,5.6863445939479655,-3.4355153819430773,51.572216641544024,-4.3062717743088585,45.275184388018566,-0.9247859999999999,14.261833718004148,2.64129697807569
8081,LEU_48_A_HD23,48.802,-20.125,40.933,4971,PHE_38_C_CD2,44.949,-5.798,49.939,5,-8.618822111918693,-3.4046423983611835,-4.604751686423523,6.022317467741245,-7.040297680030129,3.97636808210249,46.73442505332874,-12.436926742548902,45.76574849979791,0.398085,17.355592009493655,3.146826314796259
5449,LYS_40_A_O,59.794,-16.246,44.433,3172,GLN_31_C_HB2,50.005,-2.125,41.35,5,-5.555893620997347,7.445102250845249,-0.019752765320199872,9.241484204068362,-0.8876239032771829,-4.061452326477294,59.84184121550689,-16.315012749430263,44.448067368210005,0.32645500000000005,17.456576153415647,2.1341334483539116
3227,GLN_31_A_HG3,54.936,-2.399,46.394,3235,GLN_31_C_HG3,45.978,-4.027,43.864,5,8.632069738191786,3.479765213122435,1.45092459412007,7.66702420285274,-5.278221062949977,-1.9642491207661061,51.13022506753488,-3.090650099358474,45.31913835910507,-0.179377,9.449711529988626,1.8586868219934325
1123,PHE_28_A_O,45.068,-5.004,45.501,3706,ARG_33_C_CZ,44.081,-5.421,39.236,5,6.773269346960348,-6.418667572164961,-0.4270497136662534,6.387137341166807,-6.803634342375415,-6.759583618821091,45.13456072809108,-4.975878598162123,45.92349540171292,0.087252,6.355964364280215,2.8602643494872506
1954,THR_29_A_H,48.093,-2.907,48.342,6736,TYR_44_C_HA,47.819,-19.675,44.936,5,8.656166039370882,-3.5423255777235347,2.7035527485959596,-8.067234796933414,-4.7456445709561486,-0.7201329654879769,47.876632752834766,-16.14804379732375,45.652412978668615,-0.9805170000000001,17.11261920338322,2.189522362361719
1189,PHE_28_A_CB,43.923,-6.875,47.821,2091,THR_29_C_HB,53.657,-2.027,46.191,5,5.010723610305867,-7.928292828499007,1.7657863749731766,9.098116561724378,2.259358749177608,1.1210118465081116,70.58063583264777,6.401784314431528,43.357064679760036,-0.630769,10.995942888174705,1.8517941990451796
1538,PHE_28_A_HB2,44.289,-5.935,46.013,5383,GLU_39_C_CA,43.084,-10.976,50.599,5,5.907435780967554,-7.313273789730197,0.003946749769141111,1.0047755471107305,-9.349218417510228,4.443986626163563,44.29007112404488,-5.930519057003965,46.00892350633211,-0.795166,6.9206287286633135,1.9090321872162783
2126,THR_29_A_HG22,51.841,-1.851,46.395,3424,ILE_32_C_H,45.397,-4.367,43.76,5,9.412188597476419,0.45066902887377325,1.1421838097092087,7.371127688155685,-5.87003002301571,-2.126065088383817,49.58895840241521,-2.730288742942787,45.47412327597208,-0.32152499999999995,7.402608796903971,1.6333087212293784
6699,TYR_44_A_HA,58.185,-18.453,45.46,7666,LEU_48_C_N,51.936,-20.722,45.883,5,-7.627694766853895,5.578826990867587,0.8399655990426871,-9.415295534439343,-0.8351689633916793,0.6339792051383168,32.70300126733328,-27.70546521434163,47.18489765785215,-0.978573,6.661628254413484,1.4519250260312917
5172,PHE_38_A_HB2,59.359,-5.513,43.412,4977,PHE_38_C_CD2,44.492,-6.034,49.538,5,5.171726381365798,7.9295585016179055,-1.074468947989939,5.8186321803180725,-7.4715282870323225,3.5315102764253705,55.89087105901586,-5.634537309359839,44.84105481216579,0.614452,16.08810137959107,1.8593034984946166
5227,PHE_38_A_HB3,60.275,-7.653,39.93,5160,PHE_38_C_HB2,43.892,-6.597,47.291,5,2.9437960607195146,9.023867655559446,-4.44816039237911,5.286468768233145,-7.885017314798194,1.2354686986756644,47.45322529569345,-6.826546109519152,45.69091580286886,-0.164835,17.99172437538992,1.9405722559589762
2135,THR_29_A_HG22,50.642,-1.846,44.907,6438,TYR_44_C_CA,46.039,-18.707,45.483,5,9.49705148439516,-0.5898338142534357,-0.4584167412928292,-6.963706321569071,-6.492816074596356,-0.35373203627563676,30.485356679236453,-75.68070845783056,47.429317304531786,0.1708,17.487501422444545,1.8240602000001962
6710,TYR_44_A_HA,57.697,-18.939,45.267,2212,THR_29_C_HG23,54.48,-2.148,42.317,5,-8.076830019618749,5.077101481565009,0.5988472919009018,8.887586163769297,3.4536899267057324,-2.6511355511847707,57.10423018210887,-15.845062165927876,44.72342805011538,-0.973731,17.34904233668245,2.7515843534179707
1974,THR_29_A_H,47.188,-3.208,48.836,4957,PHE_38_C_CD2,44.201,-6.285,49.32,5,8.42790269985197,-4.512357399847246,3.10429719571785,5.588766427621455,-7.7574889292069695,3.2853512894590633,98.40217324516706,49.549285261258454,40.53748649124173,0.25507099999999994,4.315594281208558,1.7411643909683847
6400,TYR_44_A_CA,59.096,-17.688,44.747,7584,ALA_47_C_HB1,50.06,-20.674,44.775,5,-6.938788971172326,6.611880461628947,0.22212716447888947,-9.233718357605042,-2.5820256868507436,-0.6563173950892236,56.81111925668017,-18.443052445722994,44.75408019707979,-0.12969199999999997,9.516631546928771,1.34998990756215
2206,THR_29_A_HG23,49.359,-2.13,48.597,4964,PHE_38_C_CD2,44.492,-6.034,51.186,5,9.337163602709316,-2.2528674151591503,3.0844070064469067,5.830431814511427,-7.636161338952624,5.171223887653966,56.55263976569615,3.64028346933999,44.77034428736649,0.434,6.755133307344869,1.8197395434709864
1636,PHE_28_A_HD2,44.269,-6.188,50.208,7476,ALA_47_C_CB,50.736,-20.822,45.308,5,5.686710703177894,-7.771379193240133,4.175739395540232,-9.428517651956215,-1.9758349490290075,-0.058358346073808756,50.646865679752715,-20.620300349080143,45.375536441814084,-0.24900699999999995,16.732783540104737,2.6739019488771305
3259,GLN_31_A_HE21,52.42,-1.621,49.692,3238,GLN_31_C_HG3,45.391,-4.047,43.584,5,9.621414751737145,0.7131744997352002,4.48069624702932,7.689398859791729,-5.834130664718093,-2.301640420874568,47.77634760370828,-3.2237174154792565,45.656798856658156,0.4110619999999999,9.622888391746004,1.8774381117978372
3225,GLN_31_A_HG3,56.447,-2.616,46.394,1168,PHE_28_C_O,57.388,-3.174,46.039,5,8.301605667236291,4.962374660790729,1.6021619026528782,7.671620246260842,5.889087009457905,1.3429465632415272,62.26314635082947,-6.064894435454685,44.199810887837984,-0.187548,1.1501608583150398,1.5146528002727044
3246,GLN_31_A_HE21,54.198,-1.704,51.076,2211,THR_29_C_HG23,54.102,-1.873,42.317,5,9.414314097003244,2.332578593568181,6.035774605082627,9.19033522382828,3.0995319122410194,-2.6888728990488735,54.13158650171098,-1.8209154292796272,45.016460088400855,-0.7314959999999999,8.761156202237238,3.321651751730734
1170,PHE_28_A_O,46.179,-3.389,44.3,7582,ALA_47_C_HB1,49.265,-20.626,44.698,5,8.291131652048103,-5.07397629808726,-1.510030045995976,-9.126380904760511,-3.3594147836688926,-0.8125315537468585,52.85995024394581,-40.705765831138734,45.161639078772026,0.996472,17.515592168122666,1.50051468398029
8045,LEU_48_A_HD22,47.815,-20.113,44.76,7509,ALA_47_C_CB,50.333,-20.887,44.748,5,-8.504931342233071,-4.765250107110346,-0.8958411246179714,-9.466911219844748,-2.324638932334402,-0.6559332076393538,57.21747400001018,-23.003196535348646,44.71519075138994,-0.7429399999999999,2.6343014254257247,2.1885867437284987
1483,PHE_28_A_HA,47.151,-2.973,48.603,7784,LEU_48_C_CD2,56.766,-19.815,45.398,5,8.663351258123344,-4.50796567115561,2.8688663372327565,-8.87907308797974,4.073928406616791,0.6355602455506018,59.50226252296039,-24.6079415924804,44.48591249234654,-0.525787,19.65637845586007,1.6549148879533764
5496,LYS_40_A_HD2,61.581,-14.179,47.179,5487,LYS_40_C_CD,43.302,-16.211,43.369,5,-3.6101146665675072,9.100435996738787,2.892323547245118,-4.283372735911567,-8.807711257881534,-2.7301270286957697,52.177843599421735,-15.224309579625528,45.219044538202134,-0.9953439999999999,18.782091603439703,2.8738650664707386
1522,PHE_28_A_HB2,44.041,-5.558,45.928,5505,LYS_40_C_HD2,43.12,-16.059,42.68,5,6.301466708914533,-7.522231043970076,-0.10529835868783122,-4.123001731457386,-8.90791561769525,-3.4338238577384197,44.070135960766756,-5.225799431040468,46.03075092352924,0.39144599999999996,11.03035566063035,1.6802658680245202
1672,PHE_28_A_HD2,44.604,-5.465,51.084,1587,PHE_28_C_HB3,57.502,-3.416,40.969,5,6.388605948599003,-7.471701405816831,5.081204076342483,7.385408579291272,6.4903190861976015,-3.690249525884127,52.075665831992644,-4.278037425201353,45.22449465881489,-0.84248,16.5187781025111,3.0147949425661897
1671,PHE_28_A_HD2,44.316,-5.827,51.084,6754,TYR_44_C_HA,46.478,-19.466,45.287,5,6.049394270022199,-7.784882243829964,5.052200631400591,-7.755070501047241,-6.095267721430401,-0.5051124918631491,46.28149259018056,-18.22633091464972,45.813897990158786,-0.416648,14.976707715649662,2.9101962835659503
3791,ARG_33_A_H,58.349,-3.612,46.093,7779,LEU_48_C_CD2,57.991,-19.353,48.074,5,7.162707499752197,6.803884025076121,1.4927305298635565,-8.49173819273307,5.056965018786761,3.42099660239985,58.626138895561354,8.573595963774853,44.55944650249426,-0.609012,15.86920306757715,1.8184620147785189
6163,GLU_43_A_C,59.461,-17.662,43.883,4950,PHE_38_C_CD2,44.02,-6.212,51.104,5,-6.946609654235233,7.062282397996707,-0.6009608822285073,5.687996084163224,-8.109742270809582,5.04228528326543,57.816656175477476,-16.442665967827025,44.65197913068306,-0.235427,20.534600604832807,1.6765573548753163
1150,PHE_28_A_O,45.575,-3.603,44.432,7677,LEU_48_C_CA,52.399,-21.197,45.575,5,8.12429859945903,-5.702623480484978,-1.4392808224862899,-9.926091782798844,-0.3810820359954413,0.37369041354386495,50.99243417515703,-17.570517127449115,45.339404346747436,0.970958,18.905614536428057,1.3584586954352011
7458,ALA_47_A_CB,54.428,-20.912,44.844,5379,GLU_39_C_CA,42.532,-10.848,50.543,5,-9.800347671500962,1.726535892385454,-0.15029630999149238,1.1736850488477053,-9.881556942766702,4.333039455173325,54.029206557503265,-20.57462128402092,45.03504941398696,0.7110810000000001,16.591489173669732,2.251755184116324
4116,ARG_33_A_HH21,56.101,-1.91,51.753,1307,PHE_28_C_CD2,59.43,-5.154,40.544,5,9.070067411446665,4.137295216112859,6.899873055373007,5.503796636288427,8.3137349530876,-3.920779507280999,58.223762677050864,-3.9785617676037868,44.60549418832587,-0.7068580000000001,12.134556357774276,2.5357073320816474
8099,GLU_49_A_CA,51.115,-21.27,39.372,6507,TYR_44_C_CB,43.378,-16.669,43.737,5,-9.94634551464218,-1.0408070321985223,-5.926749786611303,-4.7431571051468735,-8.80381031961841,-2.356566971291928,38.271046210784974,-13.632022568931328,46.6182011490143,-0.348123,10.004178876849416,2.193240903817315
4903,ARG_37_A_HH11,60.219,-4.769,50.891,2188,THR_29_C_HG22,50.042,-1.409,43.382,5,5.902197946797396,8.092051898829943,6.453384941928382,9.96717723655269,-0.9996065608843043,-2.0356491506976404,52.48241915494785,-2.2147195991573905,45.18263942561692,0.010148999999999998,13.086099877350776,3.30740839312049
3247,GLN_31_A_HE21,54.415,-1.4,50.939,5249,PHE_38_C_HD2,43.518,-7.002,51.84,5,9.70007282313979,2.5846073484091816,5.921330482603081,4.94344514734364,-8.741219423709728,5.723960064848419,-272.5070332153947,-169.466186112934,77.96999494604681,0.469219,12.285715852159369,2.7586379951478666
5185,PHE_38_A_HB2,60.284,-5.702,43.967,3736,ARG_33_C_H,42.955,-6.741,45.226,5,4.917401782333023,8.777475509469875,-0.4297001939996621,5.198847029350683,-8.619248290711324,-0.9130557496108486,75.6893772122358,-4.778335222833803,42.84775654046945,0.84096,17.405712941445405,2.3575221630029577
3043,GLN_31_A_NE2,51.98,-1.19,48.188,3740,ARG_33_C_H,43.079,-6.408,44.965,5,10.073627234267526,0.459585277923218,2.9403802478835277,5.519656418751075,-8.444898211653022,-1.1601779574451696,45.59737517775014,-4.931662321368358,45.87688891112108,0.881108,10.809396560400582,2.98349237665138
1147,PHE_28_A_O,45.884,-3.138,44.577,5228,PHE_38_C_HD2,43.458,-6.635,50.205,5,8.565666179853205,-5.375281950159662,-1.2638579576673954,5.302211851237554,-8.60957679355504,4.09133314172634,45.3114491146267,-3.963313456780886,45.90524253210261,0.603887,7.0561228022193605,1.512129483641757
5468,LYS_40_A_O,61.078,-15.762,44.819,3266,GLN_31_C_HE21,49.854,-1.278,40.578,5,-5.1674732654371045,8.717109495459706,0.4931168058524413,10.091918421008057,-0.8960705005389353,-4.84432159886756,60.041033835857796,-14.423848011276219,44.4271812631747,-0.28950699999999996,18.808256511436674,1.7989110416719993
3215,GLN_31_A_HG3,55.676,-1.756,46.423,5240,PHE_38_C_HD2,42.842,-8.094,50.687,5,9.21755110789614,4.259791400298835,1.554175323164286,3.8973768751826747,-9.379518463326153,4.5085734983590005,62.427387224972094,1.5781352837675806,44.179902358790635,-0.7021430000000001,14.93531037508093,2.3273259878573445
5206,PHE_38_A_HB2,59.501,-4.343,45.421,7767,LEU_48_C_CD2,56.058,-20.626,45.529,5,6.342018964204919,7.958477099050922,0.9391655732860167,-9.633341147947052,3.2969240717213357,0.6946361058220938,46.277452333701575,-66.88120117639775,45.835796151019544,0.905126,16.643377121245557,1.7282722717249004
3272,GLN_31_A_HE21,52.95,-1.076,50.939,2202,THR_29_C_HG22,50.847,-1.129,44.642,5,10.133755436247467,1.1557498479083446,5.774747283188604,10.194610223779124,-0.30560004363580284,-0.7012375986126478,51.07471867087377,-1.1232610130497802,45.323856619349556,0.75679,6.6390983574578835,2.019888157505597
1278,PHE_28_A_CD2,43.274,-6.729,50.128,1664,PHE_28_C_HD2,58.266,-3.651,39.583,5,5.221824332648813,-8.791560773814615,3.996250662877573,7.083475386402571,7.368922120479335,-4.992866144534053,49.93892506677215,-5.360627577673114,45.440057442028255,-0.269978,18.585778783790577,3.7035182431176663
3803,ARG_33_A_H,59.094,-3.83,45.484,3743,ARG_33_C_H,43.164,-5.92,44.8,5,6.884723247747919,7.587305151332468,0.9613115853641443,5.99865143552156,-8.307074731976533,-1.3156207519353307,52.36841869747723,-4.712389511755968,45.19521797797077,-0.813336,16.08107135734432,1.7964706152048728
3748,ARG_33_A_NH2,56.258,-1.682,50.905,6750,TYR_44_C_HA,46.228,-19.724,46.343,5,9.279484644504649,4.395061694452363,6.071961305762707,-7.985890020263743,-6.468353988071147,0.5204258970783582,45.28774269036808,-21.415338223367822,45.9153376025383,-0.742357,21.140636414261515,1.8993899008384916
5216,PHE_38_A_HB2,59.88,-4.951,42.532,2065,THR_29_C_HB,54.201,-1.226,44.89,5,5.686468390536985,8.576978785075177,-1.8976169544641837,9.846419191403102,2.9897812599463265,-0.11861072918911936,53.82236707477747,-0.9776450701789103,45.047213671011576,0.96462,7.189355325757661,1.9778547468481045
5465,LYS_40_A_O,60.96,-16.18,43.743,2077,THR_29_C_HB,55.251,-1.497,44.748,5,-5.583063743306252,8.675829923900325,-0.5894747845806119,9.495902067506435,4.025121378286372,-0.15485414529221703,53.21689891147198,3.734512748792594,45.106078751790264,-0.03317999999999993,15.78585426893331,2.1135237373942957
8037,LEU_48_A_HD22,47.633,-20.693,44.544,5201,PHE_38_C_HB3,42.244,-9.435,50.03,5,-9.07106526520147,-4.96822372890808,-1.1292379757508066,2.600687708681313,-10.008868175864965,3.794395547981564,46.397029974613545,-18.110971693115477,45.80221702714234,0.979117,13.63378454428557,1.5939919974948602
1661,PHE_28_A_HD2,43.778,-5.777,51.403,7523,ALA_47_C_CB,50.0,-21.466,44.221,5,6.142156347802167,-8.346709105292575,5.31573578022332,-10.0228734146939,-2.6462757469845926,-1.2138891175105486,48.84329985145519,-18.549338375037053,45.55616883105895,-0.8729300000000001,18.342277094188717,3.887781637572379
7466,ALA_47_A_CB,56.453,-20.697,46.028,3732,ARG_33_C_NH2,45.977,-2.322,38.066,5,-9.730388567156377,3.6335703856558133,1.2306566816763573,9.325675217353643,-4.570687969404503,-7.732446736454478,55.01461880591911,-18.174066204540253,44.93479733989385,0.753902,22.600456743172252,1.9176892029846462
1208,PHE_28_A_CG,42.945,-6.779,49.14,4208,GLY_34_C_O,42.504,-7.032,45.944,5,5.189735670257194,-9.023054856861735,2.980245836481513,4.94787913512283,-9.16048429474879,-0.2439633015886029,42.53736874606868,-7.012856479012754,46.185828826384345,-0.9680159999999999,3.236186953808446,2.753400869694376
7806,LEU_48_A_HA,51.617,-21.698,45.2,5461,LYS_40_C_O,43.747,-17.574,46.376,5,-10.369288271401299,-1.1574418680529586,-0.0779646358667286,-5.6545168358263656,-8.769995069254144,0.3057228270092617,50.01782946762984,-20.86001025724339,45.43896118755621,-0.406617,8.962547182581519,1.7077525083413554
3752,ARG_33_A_NH2,56.458,-1.494,52.612,5526,LYS_40_C_HD3,43.375,-17.366,44.511,5,9.464064075126505,4.437213700122669,7.790491678554902,-5.432381175602633,-8.936970887918804,-1.5870655458518503,45.58917774794686,-14.679809583779521,45.88201994467,-0.962626,22.106819626531536,1.5394220898539808
1608,PHE_28_A_HD1,43.763,-4.772,45.553,3786,ARG_33_C_H,43.943,-4.406,44.307,5,7.103508358448504,-7.700960917484088,-0.505910171701988,7.44594180527936,-7.3701500389985934,-1.7274565266010495,43.68845200553287,-4.923580922083164,46.06903778392246,-0.5756,1.3110575883613915,1.5706472536897669
1148,PHE_28_A_O,45.747,-2.777,44.842,7815,LEU_48_C_HA,53.265,-21.698,45.322,5,8.937868051396661,-5.5102938218850745,-1.0137528571341368,-10.492848138685465,0.4653559907214999,0.2084757047868942,51.98265363908331,-18.470642259257165,45.24012632971003,0.49098700000000006,20.36553375190545,1.5044391675835949
2116,THR_29_A_HG22,49.621,-1.025,45.583,5166,PHE_38_C_HB2,42.567,-6.831,46.904,5,10.397618183690815,-1.6080351268254336,0.11228782956357222,5.1504169022368655,-9.17864009262791,0.7176077149753507,50.92952854636126,0.052022503568682446,45.33795233771715,0.7140690000000001,9.231120896185905,1.936700318764803
1628,PHE_28_A_HD1,42.829,-6.055,45.744,1496,PHE_28_C_HA,55.903,-1.59,42.47,5,5.8960937021276845,-8.743972380779896,-0.409978242005938,9.337629809483559,4.892488256379778,-2.356140494481444,40.07483316259079,-6.995596216080164,46.433700338509844,-0.733089,14.198055395018008,3.0386215516651625
2035,THR_29_A_HB,47.943,-1.534,46.043,3747,ARG_33_C_H,44.114,-3.935,42.952,5,10.02007641648729,-3.357341270831619,0.40169278556652,7.89297193113951,-7.029415598549986,-3.058310052600678,47.49846808835887,-1.8127467014495569,45.68414699950829,0.1301489999999999,5.475429024286591,2.0943526385365865
1469,PHE_28_A_HA,45.224,-3.484,49.703,1281,PHE_28_C_CD2,60.354,-5.226,41.541,5,8.30719855163558,-6.5683922773325065,3.770114055798425,5.369375251388589,9.125378281596563,-2.8362819284139444,53.858333424842506,-4.478118230408172,45.04513949679018,-0.280148,17.279169771722255,2.946817937717602
5262,PHE_38_A_HB3,61.522,-7.691,40.19,1136,PHE_28_C_CA,55.51,-1.317,43.539,5,2.8136115056938684,10.232164211318953,-4.064592386710638,9.647171225912395,4.416505306242306,-1.331756121946572,52.58025338166975,1.7891551805118149,45.1710228584145,0.6312519999999999,9.380182354304207,3.055752524391933
8041,LEU_48_A_HD22,46.932,-20.715,43.946,2221,THR_29_C_HG23,54.327,-0.933,43.539,5,-9.044354069623667,-5.605616956556589,-1.7944487584194433,10.11938841313972,3.2719713983497436,-1.4500695268138761,85.46495248567842,82.36260190286562,41.82525467725881,-0.514779,21.1229542914811,2.3477368251916086
7461,ALA_47_A_CB,56.125,-21.147,46.168,1285,PHE_28_C_CD2,59.724,-4.55,39.456,5,-10.153324152319463,3.2600454197293667,1.3369044610997687,6.076068189705032,8.759912229953082,-4.973598155842581,56.88746211238074,-17.63086116166069,44.74603676068365,-0.847405,18.26100090356495,3.1733652839744306
2025,THR_29_A_HB,47.282,-1.716,46.126,5432,GLU_39_C_HB2,41.803,-10.042,50.03,5,9.889104179082395,-4.035216299168888,0.41799367468038684,2.028734083547214,-10.492422319513791,3.7499608672016222,47.96933790318052,-0.6715073221607877,45.63624508596153,-0.7593139999999999,10.70434178265997,2.8000174617881517
8066,LEU_48_A_HD23,47.765,-21.27,41.621,8058,LEU_48_C_HD22,58.113,-20.124,45.931,5,-9.677298661885583,-4.589023754252303,-4.024573957630262,-9.285072969032681,5.333609412443765,1.3006518634076754,55.58556812483507,-20.403903066190477,44.878310457870036,-0.26607800000000004,11.268119630177873,2.3621614911776674
5524,LYS_40_A_HD3,61.701,-15.956,45.313,3784,ARG_33_C_H,43.392,-4.717,44.626,5,-5.404417501474724,9.271126046859884,1.046943574601657,7.179725258266607,-7.972253611091352,-1.4653820361031429,54.07122071275058,-11.272451504211247,45.0267113785384,-0.4317829999999999,21.49433811495483,1.521288869070848
1268,PHE_28_A_CD2,42.927,-6.394,50.89,6338,GLU_43_C_HB3,43.624,-17.906,46.637,5,5.587515794869012,-9.18653581824479,4.719813009007219,-5.9744046112565545,-8.943277202320601,0.5529456283247183,43.71649228922645,-19.433648828658317,46.07262452499272,-0.12199499999999991,12.292272450608959,2.643042608031051
1504,PHE_28_A_HA,45.282,-3.177,49.631,2080,THR_29_C_HB,54.966,-0.936,44.487,5,8.608419440321839,-6.48037376178235,3.704419937801398,10.074936569260613,3.810993626892201,-0.44283913077090764,53.931954604841756,-1.1752911741583651,45.03626987946035,0.8476299999999999,11.192080816362973,2.0980619847121234
3786,ARG_33_A_H,59.064,-2.987,46.437,5525,LYS_40_C_HD3,43.1,-17.466,45.26,5,7.734383749096189,7.526274375022494,1.9068856315348293,-5.50596625697215,-9.292207609885033,-0.8694179253816627,48.099232784259385,-12.931804843191456,45.62858537879437,-0.984345,21.584162388195654,2.322053529324101
3714,ARG_33_A_CZ,60.148,-3.347,52.719,3701,ARG_33_C_CZ,45.325,-2.248,38.58,5,7.338551442919164,7.946846724199133,8.265707510192438,9.452372010785519,-5.263274566438272,-7.286299083604828,52.269750869598454,-2.7628945021715343,45.20428877725511,-0.11141699999999995,20.514396189018093,3.0959901596499604
6171,GLU_43_A_O,58.873,-19.49,42.955,3775,ARG_33_C_H,43.195,-4.783,44.619,5,-8.731591506664461,6.432990651539099,-1.5839886968597447,7.128739862356323,-8.17200422926168,-1.4921061814486012,-211.40448073987992,234.0481368313187,71.64116711003703,0.1581849999999999,21.560714946401934,1.2729048698614835
1242,PHE_28_A_CD1,42.32,-6.406,46.197,2071,THR_29_C_HB,54.318,-0.678,44.293,5,5.587780565665319,-9.320827784037427,-0.010388635512806887,10.379732097828276,3.2070588561941187,-0.7006500663555313,42.13942660662572,-6.492208067781953,46.22565575437445,-0.925891,13.430830354077143,2.1369345163659568
4744,ARG_35_A_HD3,61.422,-6.725,40.168,7615,ALA_47_C_HB2,50.651,-22.096,44.174,5,3.7842221514404564,10.208416170748988,-4.096072617530621,-10.700549528768793,-2.0435027299590898,-1.195729427030534,46.21042148476395,-28.433028349985467,45.825560443044814,0.9733870000000001,19.191928459641566,2.079815706743315
889,TYR_27_A_HB2,44.292,-3.42,44.423,4212,GLY_34_C_O,42.137,-6.475,45.226,5,8.403580863821057,-6.96071305643719,-1.5766527107793433,5.52584451783923,-9.410614148225143,-0.9948648082999608,38.45192223755478,-11.69908935696989,46.599140344892575,-0.6642920000000001,3.823853945955572,1.565610307014683
2898,GLN_31_A_CG,56.417,-1.189,47.017,1305,PHE_28_C_CD2,60.676,-5.169,40.967,5,9.731221261714433,4.978602848130705,2.219651900920516,5.397788414705404,9.506500310678158,-3.375121135505503,58.106701688428,-2.7680121436824203,44.61674284691492,0.21851,8.401308290974688,3.307475449730019
1888,THR_29_A_CG2,48.744,-0.836,46.329,1270,PHE_28_C_CD1,60.927,-5.09,43.717,5,10.657633633244636,-2.538299402007579,0.7667848458387957,5.477298862527297,9.486788319019407,-0.6137751727416905,55.51063067967112,-3.1987388091045665,44.87825393291464,-0.5721579999999999,13.16603771071616,2.634915058597006
1451,PHE_28_A_H,46.791,-1.646,46.291,2166,THR_29_C_HG22,52.618,-0.314,44.727,5,9.997157246805887,-4.533513064527064,0.5330191857165134,10.874150763561056,1.504734876819666,-0.43893409011080514,49.98652685547194,-0.9155311873196083,45.43330238511101,-0.7593139999999999,6.178531297970421,2.20703609321582
5437,GLU_39_A_HB2,62.096,-8.23,40.071,7802,LEU_48_C_HA,54.082,-22.083,45.497,5,2.23197170151897,10.772639740652535,-4.125742532998005,-10.937174366397045,1.2292221398210954,0.4642523839962188,54.89257139988776,-20.68184631861179,44.94819036488757,0.29053699999999993,16.898854428629175,1.8994049126363488
5231,PHE_38_A_HB3,61.25,-5.98,40.659,3017,GLN_31_C_OE1,46.345,-1.7,43.789,5,4.543578827091315,10.045227359567665,-3.6244405034313987,9.95907407404996,-4.730139927211967,-2.001092798554014,27.971679193352212,3.575935125961255,47.647335734639896,-0.590459,15.820060840590976,2.498038428364769
6185,GLU_43_A_O,58.794,-19.808,42.763,3924,ARG_33_C_HG3,44.391,-2.909,41.831,5,-9.044085324743872,6.349676957450933,-1.7830752158396488,8.887075300612329,-6.564801608079,-4.1454799246360485,69.66497068428328,-32.562879788495685,43.466446828976736,0.056232000000000004,22.22366382935091,1.7026640002998277
3298,GLN_31_A_HE22,52.805,-0.205,50.263,4056,ARG_33_C_HE,44.97,-2.258,39.631,5,11.008354848297612,1.1454858282493245,5.088006780275031,9.476730466338577,-5.721223040302883,-6.276142728911085,49.29707949163017,-1.1241781498000314,45.502794403958134,-0.44883800000000007,13.365682100065076,1.8177514362536766
7566,ALA_47_A_HB2,54.443,-22.1,45.341,7433,ALA_47_C_C,51.439,-22.358,44.949,5,-10.98249991192794,1.6016661325997388,0.34518489403600344,-11.015744389318154,-1.3590180752678849,-0.3458200451694299,52.94238059360835,-22.228881427046957,45.145180157355014,-0.9956129999999999,3.0404348373217918,2.1490500942394033
7724,LEU_48_A_CD2,47.536,-21.582,42.665,3302,GLN_31_C_HE22,49.258,-0.423,42.285,5,-9.963634182217628,-4.9441726062092854,-3.0088957296713232,11.001679200236616,-1.5930449904842823,-3.2052206608704985,21.14445403155905,-345.86697162964094,48.488918390248344,-0.939954,21.232356557857635,2.734944533102598
7786,LEU_48_A_HA,52.452,-22.403,44.761,4040,ARG_33_C_HE,44.958,-2.279,41.01,5,-11.138448117119959,-0.3386498727521421,-0.4314385389562699,9.46657062338766,-5.87248128301276,-4.905287622926676,53.17468875195694,-24.343670996047706,45.12273011857359,-0.48290999999999995,21.799206705749636,1.7631915643931153
7597,ALA_47_A_HB3,58.247,-20.42,43.471,2079,THR_29_C_HB,54.821,-0.491,44.487,5,-9.607951684302945,5.689852418651943,-1.1336883461261509,10.529603145524796,3.700888910703069,-0.4571658855017512,52.505850962252715,12.976193570713814,45.173570759588806,0.7560990000000001,20.246846001291168,1.8445543247522307
369,GLU_26_A_HB3,48.253,-0.767,46.495,1528,PHE_28_C_HA,56.515,-1.187,41.911,5,10.764696741276024,-3.036771909202354,0.8828048892348128,9.68925712494306,5.5860633584890405,-2.8508584027452057,50.20650609427613,-0.8663067731295042,45.411137504700825,0.44354499999999997,9.457806299560167,1.7862062863013912
4194,GLY_34_A_O,61.136,-4.751,45.083,7533,ALA_47_C_H,47.393,-21.374,48.115,5,5.809322260691266,9.583387020027676,0.7664375478326296,-9.706414129267646,-5.614715837102909,2.399470254603704,67.58605527212653,3.0507367960823224,43.65997972894654,0.211797,21.78043163025012,1.8240699767578865
7778,LEU_48_A_HA,51.786,-22.509,44.673,7754,LEU_48_C_CD2,58.056,-20.907,47.837,5,-11.1944860868137,-0.9986386595941591,-0.5857452050319847,-10.047866934601497,5.027267455603905,3.1910153130044323,52.75842661217503,-22.260542674209827,45.16371097303378,0.412475,7.203485267563193,2.2589806551057894
3805,ARG_33_A_HA,59.274,-2.504,47.153,3082,GLN_31_C_NE2,47.342,-0.797,40.069,5,8.205262891293728,7.699720743809103,2.6405300894284696,10.757558857293397,-3.3009038773333907,-5.602137697559878,55.451596156817544,-1.9571643177746842,44.883647936213166,0.9498099999999999,13.981041770912494,1.8181276057297742
1453,PHE_28_A_H,46.057,-1.716,46.126,1475,PHE_28_C_H,55.897,-0.723,44.321,5,9.981598654367039,-5.25054229261466,0.2953050374850299,10.215838701156471,4.76737915436883,-0.5146674821403338,49.64453105623474,-1.3539656159714306,45.46792138653417,-0.853367,10.053341434567908,2.2771290310861203
1927,THR_29_A_CG2,49.233,-0.33,46.047,3025,GLN_31_C_OE1,46.871,-1.139,44.288,5,11.123234786804359,-1.9866130461893259,0.5354004673517561,10.482315036756575,-4.215595275183165,-1.4516742913899279,48.59657910122834,-0.54797819945227,45.57305234507225,-0.694139,3.0541129645119507,2.17264614732452
4052,ARG_33_A_HE,57.592,-1.08,51.59,1945,THR_29_C_CG2,52.919,0.007,44.526,5,9.783930667437266,5.695753861912422,6.88738702000988,11.170059807464547,1.8477831211714524,-0.6086360046058161,53.29842200019707,-0.08125844515604838,45.099558101731674,-0.578728,8.539238490638379,1.7948587595031154
5433,GLU_39_A_HB2,62.579,-9.266,38.936,4889,PHE_38_C_CB,41.647,-7.429,49.105,5,1.1543599105856945,11.286636945568244,-5.207116520747117,4.639363680382768,-10.356605945139341,2.815136273720034,48.9923721780182,-8.073632557377195,45.53653594122554,-0.11094399999999999,23.343773345369854,3.5164051650818307
6190,GLU_43_A_O,58.993,-20.005,42.075,9250,ASP_52_C_HB2,57.997,-21.123,48.219,5,-9.260469592617781,6.6008946295973026,-2.4477717855750623,-10.256054836757919,4.914189967014599,3.5650905447026053,58.58753907897469,-20.460125812958125,44.57615652487901,0.2604310000000001,6.323818150453094,1.8388801511858859
4244,GLY_34_A_H,60.47,-3.587,45.512,6194,GLU_43_C_O,46.563,-21.121,48.519,5,7.0233279703019,8.968071394926751,1.127089483276556,-9.388580499315118,-6.459331963066491,2.718422262644828,70.31987781760488,8.83176448219486,43.38223926098095,0.259019,22.580696490586817,1.8531666427503883
1484,PHE_28_A_HA,45.84,-1.809,47.889,3790,ARG_33_C_HA,42.767,-4.352,44.279,5,9.917874292204896,-5.649003425501929,2.027666123184325,7.588380484203662,-8.529970299640512,-1.8730730976044838,44.242605853952625,-3.130891738821496,46.01246473568793,0.813695,5.379802784489409,1.9817778641933574
6303,GLU_43_A_HB3,61.727,-17.038,43.337,3931,ARG_33_C_HG3,44.58,-2.22,41.438,5,-6.499412231382216,9.412258267865836,-0.9169923300726126,9.55700630405915,-6.285778057852492,-4.5172719485415245,66.09434619252764,-20.812149173667386,43.8206758861381,0.759271,22.74200813472724,1.8249303764216376
5683,LYS_40_A_HZ3,62.382,-16.722,47.816,7620,ALA_47_C_HB2,49.592,-22.513,43.965,6,-6.201709131597166,9.638605806181175,3.605226335170915,-11.037884332914722,-3.1048874118270944,-1.5099248869082824,53.367438587269575,-20.80357350595167,45.10176419074083,0.5004299999999999,14.558502052065657,1.6754732360661533
358,GLU_26_A_HB3,47.429,-0.789,46.738,2167,THR_29_C_HG22,52.084,0.21,44.635,6,10.8067166738535,-3.880208591422895,1.0420464929412163,11.436302790871704,1.0238844394298847,-0.5837234372762046,50.412648752805175,-0.1486852622873522,45.390070176767075,0.741171,5.204770408000723,1.6841353951331726
9001,LYS_51_A_HZ1,47.094,-21.731,44.589,9154,ASP_52_C_CB,57.361,-21.741,50.94,6,-10.065055708881482,-5.586187786737603,-1.138903435061433,-10.804770883478996,3.9645171394034353,6.208439409413391,48.68547624049815,-21.732550088867733,45.57346143989517,0.8680720000000001,12.072555239053575,2.6359379208679936
3738,ARG_33_A_CZ,57.587,-0.833,51.953,3925,ARG_33_C_HG3,44.035,-2.564,41.665,6,10.033195822902856,5.673263376396048,7.248169586567568,9.256773056516655,-6.875241156373116,-4.346148447664081,49.114988627950964,-1.915131913003013,45.52147306702771,-0.26419799999999993,17.102514698137238,1.7810133977063247
7723,LEU_48_A_CD2,47.536,-22.05,42.665,7662,ALA_47_C_HB3,47.476,-21.919,45.28,6,-10.430286185115019,-4.979667195751138,-3.00910141173119,-10.276409840128421,-5.290493007000184,-0.4132016861033005,47.466449515086644,-21.898148107939175,45.69624196747383,0.967612,2.618966590088543,2.7039727162699942
881,TYR_27_A_HB2,42.974,-3.848,44.374,7434,ALA_47_C_C,51.414,-22.838,44.995,6,8.075979313694932,-8.295870442908532,-1.7575973921214325,-11.492144827113105,-1.4248206938265728,-0.3027661456991598,53.17045544868866,-26.790024759549482,45.12423682862982,0.63807,20.790366543185336,1.908141125445851
7468,ALA_47_A_CB,57.521,-21.513,45.801,7373,GLU_46_C_HB3,47.343,-21.748,48.832,6,-10.626303608233737,4.65392523320973,1.1114039070982586,-10.070427898943565,-5.764313679498911,3.107693002781695,63.18744830696399,-21.38216728707639,44.1135363707597,-0.8274480000000001,10.62232884070155,2.2407816495254207
5661,LYS_40_A_HZ3,62.411,-16.972,47.642,3042,GLN_31_C_OE1,46.155,-1.127,43.862,6,-6.454424547967639,9.66579837707181,3.4348958258161417,10.545292401551796,-4.88247395465419,-1.947237282734548,52.03636499594243,-6.8596666068348755,45.22959102390886,0.7655909999999999,23.013256201589552,1.791455464529058
5672,LYS_40_A_HZ3,62.915,-16.305,48.943,1472,PHE_28_C_H,56.335,-0.491,44.487,6,-5.818085477865501,10.08643738457015,4.780124956199639,10.415287524642386,5.202932628316873,-0.3055327453272437,56.73030884346575,-1.4410629256181344,44.75470459065097,0.936887,17.698444338415733,2.5965323518487557
2966,GLN_31_A_OE1,57.54,-0.831,48.369,935,TYR_27_C_HB2,58.184,-1.291,46.452,6,10.013077489472979,5.984823157089924,3.677484112360407,9.492051110166868,6.7803553505160075,1.8344200762265959,58.82497964364172,-1.7488426026012285,44.543990719159645,0.032975000000000004,2.073939488027557,1.9566406561118936
3022,GLN_31_A_OE1,56.458,-0.396,46.834,5443,GLU_39_C_HB2,40.846,-10.824,51.186,6,10.51753114714082,5.097704136580528,2.042026882495934,1.329522383188104,-11.616656977411639,4.8039572770922,68.00069627934874,7.3139178068824435,43.61635881323817,-0.266913,19.272198421560525,1.9136848273541576
4057,ARG_33_A_HE,58.058,-0.893,51.238,3865,ARG_33_C_HB3,41.346,-5.108,38.939,6,9.932686080992083,6.207420799223308,6.583910872345787,6.903617357741865,-9.463626826316801,-7.328873859255618,50.149423778826915,-2.8876534688992637,45.417776271888,-0.29537,21.17362911737145,2.4839203275190576
5256,PHE_38_A_HB3,62.292,-6.526,40.43,522,TYR_27_C_CB,59.712,-2.295,46.495,6,3.918834923480285,11.060464978180697,-3.748168562713829,8.375878145403815,8.215846351496223,2.0297979123208973,60.61835323628396,-3.7813490475648854,44.36436729532473,-0.8426260000000001,7.832112486424078,1.6934686626196132
3305,GLN_31_A_HE22,53.417,0.455,50.506,5674,LYS_40_C_HZ3,42.697,-18.962,41.781,6,11.621984215193127,1.7784338627146163,5.39136924622944,-6.992138023354774,-9.457938831357344,-4.371944533851103,47.49734202101586,-10.267201397195434,45.68799478856001,-0.43076200000000003,23.834091423840768,2.1859840896867846
7576,ALA_47_A_HB2,56.086,-22.367,46.295,8983,LYS_51_C_HZ1,58.695,-21.118,47.241,6,-11.365956104238188,3.116137643190186,1.4588237009158729,-10.310774665741286,5.704757898495378,2.661917756123236,52.92243101782802,-23.88148741231614,45.14791826096793,0.7711389999999999,3.0433202263317627,3.2728982219243816
4516,ARG_35_A_HA,61.71,-4.991,42.023,7378,GLU_46_C_HB3,47.991,-22.266,48.506,6,5.504763757891219,10.4403417147993,-2.220793405656075,-10.638197725778445,-5.128150803005114,2.848004307788975,55.69929165167088,-12.559699374399406,44.863398150172586,0.030715000000000024,22.992735265731216,1.7271671959290988
3723,ARG_33_A_CZ,58.001,-0.619,53.601,7644,ALA_47_C_HB3,47.481,-22.158,46.665,6,10.22711970789719,5.935591337087819,8.929441000667024,-10.505182406865703,-5.442018697939088,0.965230059647616,46.2060186738282,-24.76843942817629,45.824384935520186,0.373443,24.95409820049605,3.387510842553782
7616,ALA_47_A_HB3,58.156,-21.415,45.275,7280,GLU_46_C_CB,46.267,-21.388,50.04,6,-10.58029814227076,5.343889886209706,0.6516895667605306,-9.621571446506175,-6.925190443047525,4.202011523578183,60.338319618742645,-21.419956062722353,44.40034670844405,-0.9830269999999999,12.808367382301302,1.28970314763344
2964,GLN_31_A_OE1,56.805,-0.276,48.369,6348,GLU_43_C_HB3,44.599,-20.389,47.804,6,10.621975588336184,5.297720503748374,3.6041148478705978,-8.515515101934206,-8.280877217436919,1.8106366612076297,32.27622336906599,-40.69442408471045,47.233594560341004,-0.28239099999999995,23.533772115833877,1.7403974628476306
1474,PHE_28_A_HA,45.466,-1.476,47.815,4240,GLY_34_C_H,42.149,-4.437,44.691,6,10.277624432074306,-5.9874016228918014,1.9167269647810476,7.553237740245522,-9.190694791932305,-1.5250772171219031,43.61877598429102,-3.124969041457429,46.075256911343125,0.989589,5.43409477282095,2.635816442523492
5516,LYS_40_A_HD3,62.626,-16.61,44.481,1268,PHE_28_C_CD1,61.748,-4.521,44.118,6,-6.132333625859882,10.222335486709959,0.31148200701284345,5.985540925509911,10.304400129709608,-0.13231496417293498,62.0097695615034,-8.125250830312716,44.2262259121022,-0.164119,12.12627618026243,2.7977087460471193
5597,LYS_40_A_HZ1,62.221,-17.678,46.241,6381,GLU_43_C_HG2,45.19,-20.767,50.04,6,-7.154076070148875,9.563711652229836,2.0216007228314425,-8.921040502412874,-7.946586624459024,4.09441860110756,78.83118185503895,-14.665325949726071,42.53586930495608,0.325584,17.720871395052782,1.697297264953384
1261,PHE_28_A_CD2,42.796,-4.38,51.581,3353,GLN_31_C_HE22,49.002,0.432,40.208,6,7.610553585512537,-9.232783207094084,5.395103521788787,11.858674708645196,-1.574687843061445,-5.297040852403701,45.92745906793369,-1.9519334458754587,45.84234644221563,-0.5145280000000001,13.82081433924934,5.109428171818174
9270,ASP_52_A_HB2,46.959,-22.366,40.755,3729,ARG_33_C_CZ,44.015,-1.6,36.681,6,-10.715484760446753,-5.385270463072809,-4.967425379354197,10.18382122532608,-6.324075322780904,-9.306667565315752,50.32919684315641,-46.13825123810667,45.418784626025555,0.5763809999999999,21.365658613766158,3.6911339466613984
364,GLU_26_A_HB3,47.403,-0.232,46.902,8987,LYS_51_C_HZ1,59.186,-21.049,47.075,6,11.36524971036297,-3.8801420227982812,1.2028626696652371,-10.2802352600978,6.213696759016597,2.5459583625653845,36.850266556219076,18.41149080023657,46.747062981772544,0.9442149999999999,23.921047364193736,3.020342144584631
504,TYR_27_A_CB,42.22,-4.083,44.551,6316,GLU_43_C_HB3,42.96,-19.091,46.895,6,7.899854801021035,-9.079421200361011,-1.6571067630507206,-7.104008359746895,-9.71768148057696,0.742625319422185,42.73099829585721,-14.446597870574376,46.169621629039604,0.8393050000000001,15.207958442867998,1.7725679228162983
7374,ALA_47_A_CA,57.563,-21.809,41.998,9019,LYS_51_C_HZ1,60.026,-20.419,46.629,6,-10.951851642316804,5.053058726524459,-2.6683976660030417,-9.718668002237711,7.13939915141459,2.1866071477237745,58.91670894644294,-21.04503108584829,44.54328060535006,-0.19683199999999998,5.426290629887051,2.5678699470371105
1361,PHE_28_A_CE2,41.613,-6.11,51.231,7655,ALA_47_C_HB3,47.23,-22.37,45.672,6,5.972353812115473,-10.502684969251606,4.927620883703656,-10.704729698877248,-5.607915853751196,-0.048008812457239314,47.17580273934364,-22.21311065368128,45.72563763076173,-0.108402,18.07873806436722,5.187106734797167
348,GLU_26_A_HB3,46.436,-0.551,46.126,1326,PHE_28_C_CE1,61.943,-4.643,43.028,6,11.114626405221303,-4.786178053630916,0.33377540721519094,5.841364346409448,10.597496901966846,-1.1973578722903895,49.816408034339965,-1.4430248711239524,45.450659567267344,0.581778,16.334292669105693,3.878265959351514
8659,LYS_51_A_CE,46.598,-22.157,45.113,2976,GLN_31_C_CD,45.986,-0.557,42.226,6,-10.44862603616404,-6.162926895880638,-0.6674017871181285,11.11469735798655,-4.843474479218848,-3.5916867457778228,46.73767513408936,-27.08671061491863,45.771892340058805,0.379116,21.800672306146893,3.0225431151592894
1447,PHE_28_A_H,45.472,-1.033,45.788,3708,ARG_33_C_CZ,43.967,-1.553,38.268,6,10.704382145540333,-5.745355836826254,-0.0992853594484363,10.245672998754825,-6.526670863515282,-7.732433972421015,45.49157573126717,-1.026236292186758,45.88581362068378,-0.18347999999999998,7.6867304492872615,3.019138413671282
4239,GLY_34_A_H,60.896,-2.925,45.277,6349,GLU_43_C_HB3,44.318,-20.504,48.251,6,7.64957316891663,9.46439156219135,0.9362276411539295,-8.605766255709543,-8.613034797255423,2.2271952662217753,72.9185957132226,9.823534807741591,43.12021391898154,-0.39873499999999995,24.345348652257993,1.4447056413477446
3314,GLN_31_A_HE22,52.974,0.913,49.978,1398,PHE_28_C_CE2,61.233,-4.029,39.15,6,12.108333578614017,1.4264149692922234,4.821857178425981,6.479438490904386,10.327078710417643,-5.1266981970530985,56.97696494652646,-1.4822842675546386,44.72989436481552,-0.812771,14.4872367620606,3.2376725909953104
2948,GLN_31_A_CD,55.741,0.484,49.295,1363,PHE_28_C_CE2,59.915,-2.487,39.238,6,11.466754726006794,4.207257662868056,4.419228951058448,8.11714359566231,9.127646188410457,-5.170465936328902,57.66450870995682,-0.8851289835365856,44.660422353609064,-0.25527900000000003,11.286822670707645,3.2737940039869144
8593,LYS_51_A_CB,50.052,-23.362,45.291,3873,ARG_33_C_HB3,40.379,-6.037,40.361,6,-11.909677424061595,-2.8453765975322476,-0.14489450501468243,6.060488676276638,-10.63550450760269,-6.011281082030914,50.29091445417153,-23.789912014733975,45.41276659351448,-0.834967,20.445719698753575,2.544810792806006
8660,LYS_51_A_CE,46.562,-22.269,45.555,4247,GLY_34_C_H,41.416,-5.015,45.511,6,-10.554420525864396,-6.251292254107081,-0.23127899544753294,7.038119425264387,-10.043660448417116,-0.782867199385388,48.71969971525188,-29.503541563730252,45.57344904536943,0.265157,18.005103943049036,2.9911492522107226
2987,GLN_31_A_OE1,56.214,0.397,48.817,3325,GLN_31_C_HE22,47.872,0.412,42.174,6,11.340868655183929,4.717675535534443,3.990967007342338,11.93813025505764,-2.8936817658122123,-3.454108990426473,51.7422327829525,0.4050408185394073,45.25598949618239,0.6229810000000001,10.66389412925691,4.370977443373866
7551,ALA_47_A_HB2,55.394,-23.112,45.379,120,GLU_26_C_CD,53.619,0.905,43.615,6,-12.063118848365079,2.4646065364580894,0.47779550297153406,12.006096545460094,2.701369969748428,-1.4445529051756028,54.95282762241216,-17.142627046463566,44.94056164841411,-0.267148,24.147020727203593,1.7735578411018846
350,GLU_26_A_HB3,46.559,-0.218,45.865,353,GLU_26_C_HB3,54.226,0.837,44.269,6,11.435511300315808,-4.612820077424411,0.08655304539132214,11.897143073784127,3.233085319717241,-0.7330777280841654,47.36863553406053,-0.10659195403236504,45.69646233046034,-0.17752,7.90209655724353,2.311607960695623
4259,GLY_34_A_H,61.315,-3.172,44.755,7665,ALA_47_C_HB3,47.907,-22.953,44.961,6,7.367910220508984,9.913496521101827,0.4587083018844847,-11.342258558320319,-4.909450800485321,-0.6878857715232062,55.95097357224408,-11.085619239815031,44.837412697204485,0.9344790000000001,23.897800338106432,1.8269168410437242
518,TYR_27_A_CB,42.182,-3.469,43.737,934,TYR_27_C_HB2,58.889,-0.829,47.459,6,8.509127273909328,-8.989235881745836,-2.4705498539223956,9.906698972741044,7.414229404301821,2.9071683384017555,49.857276935930884,-2.2561711790951366,45.44690487553329,-0.14098000000000005,17.318970321586676,2.3773661104108172
8995,LYS_51_A_HZ1,45.911,-22.087,45.489,2973,GLN_31_C_CD,46.958,0.207,42.053,6,-10.324263098259811,-6.87675444516294,-0.362067397372318,11.801866571653646,-3.8039238737771206,-3.6661314266750438,45.796267185597245,-24.530030911456617,45.865525262930156,0.7705529999999999,22.58151325752993,5.192121051508197
9046,LYS_51_A_HZ1,44.988,-21.666,43.693,2986,GLN_31_C_CD,43.516,-1.808,41.383,6,-9.847643274001225,-7.581117356397505,-2.2412939490155424,10.047763865816833,-7.304633690149997,-4.6783781747194935,46.34174258228515,-39.92864959172457,45.81741940562411,0.31550199999999995,20.046023246519496,1.9794666733752053
3987,ARG_33_A_HD2,61.686,-2.557,52.847,5190,PHE_38_C_HB3,40.245,-8.487,49.695,6,8.011064696625741,9.51982995773398,8.547447941453626,3.694494442284965,-11.886716416488401,3.2612887906516757,27.017003837653203,-12.145505538114662,47.7503778320173,0.9827309999999999,22.468121528067275,3.1806626741815553
5432,GLU_39_A_HB2,63.61,-8.683,38.911,8764,LYS_51_C_HB2,54.614,-23.476,45.648,6,1.6576553049463711,12.356209003827342,-5.1284758302190925,-12.365249932245362,1.63628665971005,0.6671628442356627,55.64957127762259,-21.773109169645288,44.872472688156584,0.8583689999999999,18.578160134954164,3.2405073496893904
7563,ALA_47_A_HB2,55.768,-23.196,45.48,8986,LYS_51_C_HZ1,59.92,-21.118,47.241,6,-12.174392872571612,2.819192410912641,0.6157083347682408,-10.403269141025932,6.9200838919411565,2.7846063933185934,54.589327265299694,-23.785904128783056,44.98008605833159,0.200267,4.965713342511832,3.439297781696157
7205,GLU_46_A_C,56.872,-22.548,39.434,7445,ALA_47_C_O,51.711,-23.786,45.488,6,-11.654906808345293,4.567607833404733,-5.289036684236937,-12.456309593733339,-1.2513155010093937,0.21708407395418072,51.9144773581765,-23.737190666649393,45.24931526324345,0.510259,8.051054651410587,1.2479345143973049
7405,ALA_47_A_O,54.593,-23.532,44.783,6350,GLU_43_C_HB3,43.868,-20.602,48.21,6,-12.425696389827522,1.6976176564986467,-0.19561565259807773,-8.669799979322919,-9.06281786172791,2.1412890548401755,53.695240725761465,-23.286738025779126,45.06986443196415,0.435264,11.634210501791689,1.2690629829487883
4514,ARG_35_A_HA,62.23,-4.417,41.904,3065,GLN_31_C_OE1,46.841,0.318,42.363,6,6.036995447576023,11.011657105008059,-2.286862713249438,11.923600611986446,-3.9425499148232652,-3.3693593859297515,94.74052052387117,-14.420074577979726,40.93432497755171,0.598545,16.107520821032637,3.4553968769975536
4185,GLY_34_A_C,61.909,-3.583,44.338,3827,ARG_33_C_HA,42.412,-2.866,43.602,6,6.910257947766651,10.513291840970208,0.10311587857126758,9.092057525595742,-8.70183248835068,-2.5815706228521926,61.16014150816566,-3.5554608125021674,44.30973104323793,-0.403388,19.52405680180223,1.6827789863547233
7212,GLU_46_A_C,57.164,-22.57,40.718,9031,LYS_51_C_HZ1,60.862,-20.435,46.919,6,-11.689697699329384,4.727363390672311,-3.982257530811739,-9.795668285203204,7.938613023271809,2.558870688047325,59.41535295566955,-21.270205905799227,44.49318650029931,-0.443442,7.52899926949126,2.3383726377899308
5408,GLU_39_A_HB2,63.468,-7.142,40.117,7661,ALA_47_C_HB3,47.764,-23.183,45.28,6,3.213573442691584,12.21172684964115,-3.9420843873313847,-11.558514735720754,-5.10063311470297,-0.3849128544719687,46.06470846716553,-24.918757480781817,45.838675635763146,0.7357400000000001,23.03444954844808,3.069095310376187
3941,ARG_33_A_HG3,59.013,-0.493,48.855,7412,ALA_47_C_CA,48.802,-23.439,48.325,6,10.242363795077564,7.423274872590975,4.308715806934021,-11.870350164907046,-4.3944377293999946,2.748623764570641,30.8119093528396,-63.866051218268794,47.391227789345336,-0.08340899999999996,25.12099394928473,1.9948227844500406
114,GLU_26_A_CD,47.682,0.59,47.041,4064,ARG_33_C_HH11,42.728,-1.764,36.886,6,12.164811221906122,-3.554888184850743,1.369467982183258,10.118937223000557,-7.633829200798954,-9.231668596930202,47.04203613073881,0.285907358045853,45.72916449488343,-0.6125320000000001,11.541553491623208,4.4094890752738065
273,GLU_26_A_OE2,49.41,1.162,45.321,401,GLU_26_C_HB3,55.361,0.971,45.146,6,12.592374678277796,-1.6253264227744917,-0.168566119229542,11.95133744161053,4.281673880390461,0.25324625566618575,51.78815918933857,1.0856719198179037,45.251065895121116,-0.22006600000000004,5.956635543660533,1.8270729983914815
7606,ALA_47_A_HB3,57.749,-22.62,45.008,7384,GLU_46_C_HB3,48.11,-23.227,50.157,6,-11.753008232841031,4.875385993753713,0.34473982131634745,-11.593593786670105,-5.247908569236644,4.50219880791885,58.548273582343576,-22.569667074957724,44.58104080553097,0.751103,10.944906166797411,1.6275355369670967
4502,ARG_35_A_HA,62.677,-5.036,40.464,5666,LYS_40_C_HZ3,42.038,-19.68,42.048,6,5.375716970125815,11.55203429910755,-3.6751253913324855,-7.656399977332739,-10.192862937221921,-4.172604083574352,215.14767690455704,103.1465956969976,28.76219505708517,-0.680707,25.35594827648929,2.5030738073405705
4501,ARG_35_A_HA,62.618,-4.82,40.847,5414,GLU_39_C_HB2,39.775,-9.602,50.291,6,5.598291922923805,11.471621148321862,-3.29986532741988,2.62246103624424,-12.49710948112886,3.8067296059300606,52.011116621785575,-7.040466502413053,45.232212389960026,-0.783294,25.176562692313663,2.713520032897306
5594,LYS_40_A_HZ1,62.861,-18.318,46.657,923,TYR_27_C_HB2,59.882,-0.98,47.823,6,-7.837577751100887,10.108560009980843,2.499326291742927,9.683762979061502,8.351572096439186,3.3687246407298472,71.42496038913364,-68.16088191567617,43.30501013302119,0.9283380000000001,17.630661955808694,2.605081296710893
5553,LYS_40_A_HZ1,63.346,-17.269,45.005,4726,ARG_35_C_HD3,39.891,-8.502,49.956,6,-6.840047758964482,10.834321993715688,0.9046685047072281,3.708135415780642,-12.26513203292412,3.4855153392128715,71.56771989992288,-20.34211099392982,43.269517790470346,-0.3697520000000001,25.524688342857388,1.986448322843004
6376,GLU_43_A_HG2,61.334,-19.615,40.657,8849,LYS_51_C_HG3,57.303,-22.918,44.091,6,-9.058504594034206,9.094642581974668,-3.624009979718097,-12.0230400477443,4.501913970859984,-0.6124490143141774,56.48323177844937,-23.58971779602622,44.78935873798186,-0.40308199999999994,6.2410837199960785,1.9035427130544833
7412,ALA_47_A_O,54.296,-23.917,44.709,7464,ALA_47_C_O,52.066,-24.133,45.553,6,-12.78769210737963,1.381156004143266,-0.2991585087613052,-12.828649240464852,-0.931929973495248,0.3171594070106577,53.213565987511316,-24.021845626321777,45.11867457692397,-0.8120370000000001,2.3941370052693256,2.3798381313253714
110,GLU_26_A_CD,48.027,0.923,47.302,3941,ARG_33_C_HG3,43.109,-1.476,40.515,6,12.472671358399078,-3.213430495147277,1.663855112508124,10.403323555997025,-7.596527559725518,-5.582630504339493,46.8977851121252,0.37216906953809553,45.743646717363504,-0.7682260000000001,8.718101513517722,2.4021359772033524
3011,GLN_31_A_OE1,55.537,1.205,47.552,6394,GLU_43_C_HG2,44.146,-21.054,51.366,6,12.188601334020403,4.2336750131689485,2.664878473502057,-9.118891778275842,-9.136574654553808,5.309064376990605,67.01714239528806,23.63819195651979,43.70815283156627,-0.580896,25.293567522198206,1.7756448811466459
274,GLU_26_A_OE2,49.737,1.456,45.321,9115,LYS_51_C_HZ3,60.78,-20.665,43.858,6,12.860837497611184,-1.27861090706462,-0.13568655412280933,-10.040731015996247,8.145606577364596,-0.4950518595200317,45.56746389099262,9.80828726499613,45.87338896382122,0.04422500000000007,24.767455642435294,2.487773311152497
117,GLU_26_A_CD,48.738,1.207,47.49,4600,ARG_35_C_HG2,40.225,-6.826,49.823,6,12.703514869325645,-2.505286870701644,1.922244122762234,5.353136795029375,-11.793370051065544,3.3873721033652524,59.90703399137852,11.746275232320412,44.42911003149465,0.30152500000000004,11.93495483862423,1.6516907081548646
7560,ALA_47_A_HB2,55.797,-23.669,44.885,5493,LYS_40_C_NZ,41.926,-19.871,42.287,6,-12.652480322381539,2.871529312821913,0.026396669320512656,-7.83668196211884,-10.342340284847896,-3.9461070007933925,55.70482936139255,-23.643762880438967,44.86773669388637,0.4084070000000001,14.614343946958408,2.259740843901562
5569,LYS_40_A_HZ1,63.647,-17.063,44.874,465,TYR_27_C_C,57.036,0.61,42.866,6,-6.658306278402387,11.161655368203363,0.8045640782835627,11.448580468533546,6.1438358117281595,-1.847690289662858,61.641546380688595,-11.70187735379058,44.264871143915094,0.015364000000000044,18.97557150654493,4.13154455662627
7489,ALA_47_A_CB,57.415,-23.077,44.316,6206,GLU_43_C_CG,43.355,-20.472,51.448,6,-12.188427718363949,4.578493224268763,-0.3774329800646772,-8.47825601188531,-9.885378995931875,5.311686047179676,56.48221802192987,-22.904176596523993,44.78915797066829,0.435841,15.979206770049633,2.1822211986717845
3813,ARG_33_A_HA,60.499,-1.158,47.578,4194,GLY_34_C_C,40.473,-5.297,46.583,6,9.457934472358232,8.97467465772246,3.186673319168043,6.835809039677874,-11.107692605856018,0.18917347662551642,39.209150711624645,-5.558214031987693,46.52020513123272,0.46769800000000006,20.47344675427174,1.8068773810708965
521,TYR_27_A_CG,41.532,-3.146,43.494,454,TYR_27_C_C,57.591,0.404,42.407,6,8.878535753407373,-9.585330017913346,-2.7772861512555633,11.197981730212588,6.7246827093414545,-2.248887440556226,125.93878866150959,15.512951351165025,37.78068165669959,0.13245500000000007,16.482583232005844,1.7099867385415501
1709,PHE_28_A_HE2,41.008,-5.216,52.002,4080,ARG_33_C_HH11,41.339,-2.491,36.288,6,6.914980075515531,-11.112125322427113,5.634543922987109,9.494626972786962,-9.007258604213606,-9.966095165971883,41.12754856643204,-4.231801076956749,46.32651307277004,-0.11085899999999996,15.951958563135756,3.5300648528659786
9222,ASP_52_A_OD2,44.524,-22.491,38.907,3601,ARG_33_C_O,39.149,-7.011,41.473,6,-10.669499981962241,-7.625908508462298,-7.050063261872649,5.19012801608488,-12.040749584280487,-5.028489855135101,25.779150119074984,31.494167657064057,47.85570414780532,0.5891409999999999,16.586301004141944,1.7100964171926456
9025,LYS_51_A_HZ1,45.093,-22.617,42.857,5558,LYS_40_C_HZ1,41.002,-18.509,45.545,6,-10.80981790940534,-7.465558072824905,-3.062992204438507,-6.385510528527227,-11.481214916532107,-0.7964324075006453,39.564488850509484,-17.06551532581104,46.48951966996591,-0.732142,6.390406012140389,2.2950808369688955
4603,ARG_35_A_HG2,63.141,-5.136,39.834,5541,LYS_40_C_HE2,40.817,-18.135,46.329,6,5.236459579138784,12.06772188716334,-4.255530155769064,-5.993005802456217,-11.714709187834261,-0.03473859416027403,40.63326565427022,-18.241986326829487,46.382456126837255,0.325688,26.63681666415865,2.1989431104482833
7266,GLU_46_A_OE1,60.588,-20.752,39.201,8789,LYS_51_C_HB2,54.807,-24.152,45.219,6,-10.146327324079484,8.413752706486402,-5.147903573593473,-13.056947052358405,1.8193490882559222,0.2593525436273808,55.08427871996574,-23.988923084607595,44.93035385975544,-0.44437400000000005,9.01089812393859,1.3342200541057991
5570,LYS_40_A_HZ1,64.031,-16.652,44.492,4066,ARG_33_C_HH11,41.423,-2.282,36.74,6,-6.2802193922911105,11.611955695934338,0.46312459404651085,9.699918811759185,-8.953224959235495,-9.507863100243405,62.980921397636514,-15.98455354228754,44.13194120110042,-0.816728,27.887489453158025,3.2522143634982226
4521,ARG_35_A_HA,62.608,-3.765,42.036,3957,ARG_33_C_HG3,42.905,-1.263,41.26,6,6.6595214326640475,11.422935082350985,-2.11738167229531,10.636447385386123,-7.857186481593654,-4.86171427715252,77.80979114419156,-5.695410670596724,42.63472049575662,0.40124399999999993,19.87637766294452,2.070494997371788
8784,LYS_51_A_HB2,49.879,-24.335,46.414,1019,TYR_27_C_HD2,58.076,0.661,48.249,6,-12.858771723568971,-3.2029920023874516,0.9547046186903457,11.459449779917009,6.641736094186786,3.6124257500196046,46.93447972390514,-33.31404462867721,45.75483265748029,0.296404,26.36964258385009,2.020065396816927
3633,ARG_33_A_CG,62.424,-2.395,50.39,8166,LEU_50_C_N,51.926,-24.532,50.071,6,8.09928282828399,10.509739548476535,6.176786944304806,-13.18358043492856,-1.5524280966539015,4.79824531629126,15.385950496372885,-101.58354085176161,48.96066700403343,-0.3441970000000001,24.502174066804766,2.3436770030332355
275,GLU_26_A_OE2,49.916,1.858,45.321,7592,ALA_47_C_HB2,50.72,-24.506,45.488,6,13.248164083418398,-1.0705355542950021,-0.11758231437832951,-13.09940960917409,-2.2890964879693523,0.1175150363746196,50.31811504067317,-11.32777230386503,45.404523895264205,0.950654,26.376785266593807,1.7828122629641434
3628,ARG_33_A_CB,62.551,-2.543,49.744,6401,GLU_43_C_HG2,43.96,-21.495,50.686,6,7.937494552769811,10.689046383900884,5.546689640171344,-9.5494462722316,-9.286621496091367,4.613661060145549,-47.969201961631995,-115.20928301741974,55.34402314280337,-0.27015600000000006,26.5648442306745,2.002468299962715
4739,ARG_35_A_HD3,63.347,-5.265,39.173,9203,ASP_52_C_OD2,61.501,-21.129,50.032,6,5.087544227828756,12.328344347988486,-4.892631522160361,-10.513628477297793,8.208946964003493,5.719911453848358,62.49595065109977,-12.578676528143767,44.179253997674806,-0.879126,19.313003210272605,2.713654842265774
4886,ARG_37_A_HG3,64.755,-6.76,46.481,5598,LYS_40_C_HZ1,41.204,-19.34,44.476,6,3.542863389249544,12.881779994528905,2.5189825457781874,-7.23702313006642,-11.237044083233057,-1.8401914283411873,51.14587169086739,-14.029450729433496,45.322395173885994,-0.5398339999999999,26.775474337535083,1.7328981087309492
990,TYR_27_A_HD2,43.869,-0.396,42.444,5492,LYS_40_C_NZ,41.605,-20.121,42.395,6,11.436640052311883,-6.953323386764668,-3.5867381198835218,-8.060951273389113,-10.690555144512746,-3.8709093443741227,72.44464173843676,248.5680164711416,43.06246574433894,0.35417199999999993,19.854564261146603,2.2463810415577155
74,GLU_26_A_CB,45.23,0.17,47.88,868,TYR_27_C_H,57.423,1.053,46.614,6,11.937168141532904,-6.103193502673953,1.9584871967358723,11.887919352025868,6.186957811729713,1.9204184983855401,672.5126606794711,45.59693261543289,-17.250800329714906,0.599648,12.290308946483002,3.2052966394003124
8793,LYS_51_A_HB2,50.809,-24.645,46.234,7287,GLU_46_C_CG,47.678,-23.757,51.854,6,-13.239387910024345,-2.285865958255285,0.8686166533139293,-12.07729827606789,-5.886221953487168,6.147166585847368,51.32422459317167,-24.791125659130135,45.309195715865606,0.021696999999999994,6.494313281633398,1.1652114744394932
6196,GLU_43_A_CG,62.685,-18.994,41.466,6243,GLU_43_C_OE1,40.712,-18.346,47.492,6,-8.535509057726173,10.401254079203444,-2.683496787725847,-6.187142906070153,-11.951065073914132,1.1118047674775586,47.148823477779,-18.535826678814946,45.72672906398324,-0.7971079999999999,22.793536561929127,1.2594032855014001
259,GLU_26_A_OE2,50.267,2.078,46.437,4254,GLY_34_C_H,40.268,-4.65,45.99,6,13.449018439914616,-0.8171089078593616,1.028057010345154,7.492178266262013,-11.20276325180699,-0.4210920481026934,43.17349779157198,-2.6949855843888124,46.119888740157286,0.23660799999999998,12.060090961514346,1.7540930412866855
67,GLU_26_A_CB,46.36,1.022,44.931,1388,PHE_28_C_CE2,62.696,-3.733,39.811,6,12.680277903149708,-4.622897668692167,-0.8621363382446506,6.668853822684846,11.734941713621936,-4.322366427013461,42.289791123637144,2.2067357497003783,46.206677610613234,0.7762720000000001,17.76764815612916,3.9054774078358356
1296,PHE_28_A_CE1,39.818,-5.52,46.527,6403,GLU_43_C_HG2,43.648,-21.529,50.385,6,6.662506625735127,-11.7688386670035,0.06775618316701482,-9.561945715889488,-9.568666744949574,4.2829115453994895,39.75643496639416,-5.262664589296122,46.46498488259756,0.547892,16.90683722640045,1.8794289178601946
244,GLU_26_A_OE2,48.617,1.86,44.844,7315,GLU_46_C_OE1,46.123,-23.233,50.45,6,13.344824912654154,-2.31147379423727,-0.722283040969953,-11.44744881860359,-7.248942312678766,4.594716946220806,48.278204831950575,-1.5487358267297988,45.60554198559946,0.921306,25.83226511554881,1.7342030142557134
7264,GLU_46_A_OE1,60.741,-21.092,38.635,504,TYR_27_C_O,58.792,0.241,41.174,6,-10.50095292541179,8.596300437444102,-5.69588350826435,10.93594064057554,8.027010895367166,-3.355474429104711,55.99769377355462,30.826394935227988,44.81419677216255,-0.32467,21.57178738537908,2.1534053884723177
7410,ALA_47_A_O,54.528,-24.618,44.643,9122,LYS_51_C_HZ3,62.259,-20.212,45.04,6,-13.504662871260413,1.5647511385589228,-0.3418990089818301,-9.69224564250612,9.52920337828048,0.8293317091483436,56.7847895441287,-23.331825542435514,44.75888998176421,0.4938119999999999,8.907233352730803,4.665122381049979
7289,GLU_46_A_OE1,60.207,-21.703,39.45,96,GLU_26_C_CG,54.581,2.109,45.95,6,-11.064037622304076,7.938759918327222,-4.938732209087469,13.15071067865438,3.513824597336398,0.9755836538232477,55.509025111210136,-1.8188588603156373,44.877806039305746,-0.002888000000000057,25.316263942375066,1.6713881078487445
5534,LYS_40_A_HE2,64.566,-16.517,44.474,7318,GLU_46_C_OE1,47.142,-23.794,50.977,6,-6.186132663457659,12.154767722087575,0.4988568164911753,-12.079999947227996,-6.333184121352164,5.220877472519157,66.4067545844693,-15.748222961938527,43.78699201889325,0.740224,19.970966776798765,0.929589849670178
604,TYR_27_A_CD2,41.304,-2.359,42.435,4744,ARG_35_C_HD3,39.454,-7.653,52.247,6,9.672901816912141,-9.646048197255034,-3.853450571708759,4.604089495427408,-12.863158067062034,5.721601685859078,40.55947314355107,-4.489554150292232,46.383809467825344,-0.7717839999999999,11.301516712370953,2.6303754503288856
9171,ASP_52_A_OD2,44.99,-23.239,42.01,4885,ARG_37_C_HG3,38.376,-8.023,42.701,6,-11.428313750570636,-7.530304903687693,-3.91632258732339,4.248201263216832,-13.007073945811122,-3.8845282209253362,-769.7001645488456,1851.0164496182679,127.12504440629779,0.42439000000000004,16.60569579993564,3.3407448245865785
5491,LYS_40_A_CE,64.471,-17.117,45.452,5625,LYS_40_C_HZ2,41.463,-20.361,43.154,6,-6.770228968287414,11.917311141909874,1.4621609632768835,-8.284103765356695,-10.925459213762647,-3.130053053600739,57.145252698277275,-18.14988961434234,44.720316789840105,0.5965,23.348927255871953,1.3587309722372318
276,GLU_26_A_OE2,49.916,2.298,45.321,4511,ARG_35_C_HA,39.724,-5.483,47.684,6,13.68689673571509,-1.0371645726744567,-0.11738893808272884,6.714781676401797,-11.974872930802759,1.2095404014930906,49.014348328539,1.6096413210716263,45.53004659533578,0.23728699999999997,13.038580981073054,2.4618679458000874
9217,ASP_52_A_OD2,43.921,-22.827,39.625,4512,ARG_35_C_HA,39.716,-5.364,47.302,7,-10.953861395579366,-8.321357087274318,-6.3962139973827234,6.831307852625447,-11.93562311786807,0.8287122218119054,40.198321173531305,-7.367037967509447,46.4214340905589,-0.011119000000000025,19.533937723869197,2.9127197976280113
329,GLU_26_A_HB2,47.205,1.546,48.098,4269,GLY_34_C_H,40.51,-3.563,45.184,7,13.161641927697918,-4.061208125528251,2.37379993012824,8.552004025796112,-10.79971451902027,-1.1983243675715889,42.755941342538904,-1.8491068978295337,46.1615463886719,-0.045547000000000004,8.911582463288998,2.6558128179089575
8992,LYS_51_A_HZ1,44.999,-23.334,42.773,8392,LEU_50_C_HD11,50.831,-25.023,45.372,7,-11.518256611134946,-7.604803781796377,-3.1562994304432435,-13.62413216444465,-2.2065957260243088,0.012988177296087589,50.807099660439206,-25.01607824528152,45.36134893989738,0.947689,6.604524661169795,3.678179694048908
1422,PHE_28_A_CZ,39.678,-5.852,49.877,4742,ARG_35_C_HD3,39.258,-7.887,52.566,7,6.366019601245139,-12.267573622204445,3.386744415862304,4.387846641157558,-13.107225204984877,6.019264683497988,40.2183311314065,-3.233967018066056,46.41759425630449,-0.121612,3.3982857443128576,3.91679026660646
3609,ARG_33_A_O,63.803,-3.456,48.5,4704,ARG_35_C_HD3,38.796,-9.788,51.589,7,6.923684164805912,11.986188345995075,4.433936196037871,2.5202104971377715,-13.61215350520892,5.000070567942085,259.65657815560974,46.13590854086141,24.307105893442696,0.636004,25.980496415580667,2.8052578287118095
598,TYR_27_A_CD2,42.238,-1.002,41.356,1012,TYR_27_C_HD2,58.078,1.319,47.716,7,10.947745273074172,-8.508714299056189,-4.83288498313643,12.111587242460097,6.746871091304158,3.0825952466234763,51.90928915881369,0.4151125086872855,45.23916913194792,-0.773282,17.226207969254293,2.7487497729782833
4219,GLY_34_A_H,62.794,-2.557,44.607,332,GLU_26_C_HB2,56.451,1.791,42.528,7,7.868406216585182,11.442245177121539,0.45985050572899366,12.667929552533549,5.686792151259819,-2.242061819789031,61.71445654838938,-1.816994493519945,44.25316572033762,0.17752,7.966240895177597,3.5690492692737235
4403,ARG_35_A_CD,63.929,-5.501,37.483,1460,PHE_28_C_CZ,63.287,-3.727,40.809,7,4.796179320053516,13.056678023856234,-6.515948049247458,6.637358327712047,12.222030658711093,-3.2701908744708508,62.6401670952696,-1.9396455249350009,44.16003775877462,-0.09037000000000006,3.8238090956531825,3.528316724519443
485,TYR_27_A_O,42.019,-1.902,49.188,4275,GLY_34_C_H,40.289,-3.484,44.376,7,10.122950224511902,-9.576650241048409,2.9374052914716158,8.641677980133542,-10.932259494387422,-2.024360935417352,40.994826163129794,-2.838556653137959,46.33925751270552,0.646639,5.352659899526593,2.8977118271773517
3661,ARG_33_A_CG,61.23,-0.507,48.329,5627,LYS_40_C_HZ2,40.997,-20.122,43.844,7,10.057241850555862,9.674251805441411,4.007395855002957,-8.00566613130998,-11.438582732848749,-2.490089196725087,48.75107320159041,-12.604768455039002,45.56282658573286,-0.9523140000000001,28.534851305026976,1.376474305780369
5621,LYS_40_A_HZ2,64.177,-18.462,46.628,9136,LYS_51_C_HZ3,62.359,-20.597,44.232,7,-8.080736115404205,11.406143012973075,2.6022114715067,-10.08947254021812,9.679932201357044,0.03524064785369885,62.334041594860494,-20.626310338268897,44.19910652435959,-0.34852400000000006,3.6883824367871654,2.2086111707713894
4298,GLY_34_A_HA3,64.838,-5.059,47.574,544,TYR_27_C_CG,61.713,-0.925,47.606,7,5.2405228152506,12.983944437114042,3.6155471357504436,9.59879992071491,10.193961807925898,3.3362218758579942,24.38843663587577,48.45091838313279,47.98820352884868,0.7728029999999999,5.18233586329562,2.8207769295586385
8949,LYS_51_A_HE3,46.831,-24.243,47.359,1403,PHE_28_C_CZ,60.968,-0.818,41.093,7,-12.530129185071921,-6.314348194009734,1.5897240914184403,9.715110567938792,10.113600609978976,-3.2185974894034834,51.50496556212467,-16.498242039133462,45.28733923659383,-0.633485,28.068632848786915,4.281601311057069
4307,GLY_34_A_HA3,65.028,-5.681,46.083,1450,PHE_28_C_CZ,63.541,-3.736,41.633,7,4.595292783611267,13.274218502406969,2.150799999453865,6.615105621526009,12.391025668845808,-2.424898910935781,64.32903801368444,-4.766755841705602,43.991284573568095,0.9880730000000001,5.079044595197013,3.697922296852526
596,TYR_27_A_CD2,42.793,-0.283,41.596,4311,GLY_34_C_HA3,38.561,-6.068,42.394,7,11.624487044811666,-7.927541685790656,-4.538190280137369,6.181403542066999,-12.644592679596276,-4.170596885220834,-9.453916106591436,-71.70275653984676,51.44785232822781,-0.02832699999999999,7.211993691067678,2.619917907698253
3643,ARG_33_A_CG,60.532,0.347,50.408,5546,LYS_40_C_HE2,39.917,-18.642,45.303,7,10.97637060057947,8.83884466635525,6.006410175322828,-6.437936479044826,-12.543558163787184,-1.145941126596282,43.219910515377464,-15.5996052497452,46.120916962454615,-0.900534,28.48896928637468,1.4166258608591558
1696,PHE_28_A_HE1,39.522,-4.682,46.055,7352,GLU_46_C_OE1,45.099,-23.278,50.967,7,7.517063083003375,-11.951792375001652,-0.4311478176897312,-11.41129966709918,-8.319916200334559,5.00653993101518,39.96419372100362,-6.156454802901801,46.4444666590586,0.968182,20.026030285605778,1.511145370817469
1680,PHE_28_A_HE1,39.717,-4.251,45.89,4024,ARG_33_C_HD3,41.962,-0.619,38.472,7,7.93091665255606,-11.709160640610655,-0.5755987243498016,11.329832316241122,-8.4653789226525,-7.729857978626013,39.53637764760301,-4.543213979468093,46.48681808912288,0.02274599999999999,8.55909884275208,2.8313822613789275
8307,LEU_50_A_HB3,52.936,-25.403,44.651,473,TYR_27_C_O,60.441,-0.126,41.98,7,-14.16713946294366,-0.07501265600377385,-0.49372938642024405,10.45125977178327,9.554635716153628,-2.388534481463754,50.98042205967425,-31.989428194219062,45.34698250214659,-0.51498,26.502565819180603,3.1985956990016637
8843,LYS_51_A_HG3,49.129,-25.137,46.9,9229,ASP_52_C_HA,60.435,-22.881,47.731,7,-13.5983526772722,-4.056446106074294,1.3627929740982285,-12.196568155291931,7.248355043400704,3.3229470815003674,41.26852754685447,-26.705479201689048,46.32224901746294,0.939954,11.55879461708703,4.162665593346672
8866,LYS_51_A_HG3,47.685,-24.751,47.499,8353,LEU_50_C_HB3,52.552,-25.474,45.426,7,-13.10014544120295,-5.519606491240188,1.8143283959749856,-14.203391794112866,-0.5387865038644228,0.2388834625834601,53.28997934015429,-25.583627915128734,45.111672658282345,-0.8834339999999999,5.339264649743443,3.2506283315006277
8438,LEU_50_A_HD13,56.311,-24.801,43.981,4013,ARG_33_C_HD3,41.341,-1.193,39.754,7,-13.826502324026757,3.385924165794824,-0.8220762382539868,10.813553749335492,-9.253078884984117,-6.516751960713058,58.472050406808414,-28.209021242747703,44.59120441346555,-0.14832099999999998,28.272001927702252,2.8700619969799335
300,GLU_26_A_HA,45.616,1.542,44.271,4425,ARG_35_C_CD,39.033,-7.079,52.572,7,13.250230783353922,-5.25565061787612,-1.5931037928183294,5.210551070928532,-13.269766481659776,6.003054976156078,44.23538084931063,-0.26603853837050895,46.01192656385728,-0.370261,13.658848084666586,1.9668480592709436
6271,GLU_43_A_OE1,63.891,-18.777,42.166,4177,GLY_34_C_C,37.95,-8.349,45.324,7,-8.405181977124027,11.544258992267787,-1.8661354106272718,3.974086285435322,-13.71646890538997,-1.3175259283124239,-24.349215030223988,16.694607198457113,52.90816873156191,-0.20832099999999998,28.13630446593866,2.086343468480718
6250,GLU_43_A_OE1,64.835,-17.159,42.696,9221,ASP_52_C_HA,60.414,-23.115,48.894,7,-6.859324950240637,12.550571975782027,-1.2435438658357323,-12.419981489490244,7.0935914046503195,4.477893269953807,63.87410376005536,-18.45352567408058,44.04312393014631,0.4506000000000001,9.666146129663048,1.7231930207821937
1348,PHE_28_A_CE2,39.814,-4.589,50.806,419,GLU_26_C_HG2,53.614,2.971,46.239,7,7.621764577048728,-12.129663637579966,4.325249286326444,14.085311067461621,2.5909672030693396,1.1666604527497024,58.71118583083654,5.763371368197415,44.55212697902677,0.985501,16.384477074353025,2.5148692921957405
4303,GLY_34_A_HA3,65.278,-5.732,45.121,4186,GLY_34_C_C,39.278,-4.67,46.139,7,4.518675363943018,13.61447876129725,1.2186531616523888,7.548053346003118,-12.201346843668956,-0.37200248171649364,45.358552107522264,-4.918367166853408,45.90092299825163,0.032556999999999975,26.041585358806408,2.629242096797452
8868,LYS_51_A_HG3,48.3,-25.106,47.499,3887,ARG_33_C_HG2,40.046,-2.451,39.836,7,-13.500558923910832,-4.9363875521044,1.8757670800353088,9.657544203225804,-10.641454441351506,-6.565416565764666,46.46582814350745,-20.07169379587611,45.796157870571555,-0.7224010000000001,25.300180038885102,2.977873588380542
7292,GLU_46_A_OE1,59.484,-23.2,39.189,324,GLU_26_C_HA,56.657,2.4,46.701,7,-12.504003895681098,7.134005935631851,-5.271489115661368,13.289499819122335,5.520476550299411,1.9308550886300595,57.4148820423918,-4.463028045712855,44.687130207836134,0.806165,26.828754592787195,1.742686613650667
4398,ARG_35_A_CD,64.228,-5.013,37.18,8463,LEU_50_C_HD13,49.91,-25.523,46.432,7,5.2580280421202295,13.420597533940697,-6.787264005477869,-14.04556168178776,-3.2641366408953236,0.9751967696947146,51.70876816809788,-22.94633181116862,45.26967264343891,0.925221,26.66954682779593,3.4809096435334506
8860,LYS_51_A_HG3,47.325,-24.876,47.324,7353,GLU_46_C_OE1,45.19,-23.708,50.967,7,-13.198856344498036,-5.868761638494437,1.604097949282474,-11.846932140916769,-8.262247391041521,5.015464962684185,48.32892279935399,-25.425218655571648,45.61098325150044,-0.2791890000000001,4.381084112408712,1.9193104450801106
9094,LYS_51_A_HZ2,43.362,-22.999,44.078,1001,TYR_27_C_HD2,58.269,1.872,47.443,7,-11.051274938605802,-9.33383649726743,-2.0216660154793287,12.646618156837015,7.0055763366014645,2.830340382018928,49.57323980963613,-12.636100335046613,45.48008103303317,0.30302799999999996,29.190897810790265,3.987714779770841
3896,ARG_33_A_HG2,61.901,-0.196,50.496,3886,ARG_33_C_HG2,40.202,-2.088,39.951,7,10.332197405176322,10.147059560117077,6.230839866014237,10.008543149892969,-10.470643686738594,-6.4352112450319545,51.226560660754714,-1.126735943124201,45.30857372080089,0.08480999999999991,24.199654749603354,2.7269869482368825
4880,ARG_37_A_H,65.956,-7.186,45.004,341,GLU_26_C_HB2,54.843,2.888,42.191,7,3.0168327946808433,14.188536716681417,1.1695068391843437,13.880770069778102,4.208356550947309,-2.7379328266633385,62.629850240746826,-4.17082563891689,44.16206179494473,-0.9959979999999999,15.260970283700836,3.801384785593382
4374,ARG_35_A_CG,63.724,-3.201,41.199,745,TYR_27_C_CE2,60.785,0.656,49.745,7,7.131639671973258,12.656512604953065,-2.838153386392424,11.260630574669937,9.179515053948197,5.372218600049738,62.70804934436814,-1.8677159990567962,44.153172951013886,-0.366255,9.825898737520145,3.2754790433207828
4606,ARG_35_A_HG2,63.597,-3.056,40.643,8419,LEU_50_C_HD11,50.983,-25.797,44.903,7,7.2818303019044475,12.597056473365987,-3.404013566205043,-14.410737677089815,-2.0676461942643716,-0.4387703811175067,49.116492181939584,-29.162011438918015,45.533357008477665,0.35381900000000005,26.351730057056976,2.5544868175254902
9084,LYS_51_A_HZ2,43.174,-22.976,44.47,4134,GLY_34_C_CA,39.064,-4.107,43.57,7,-11.011339406729748,-9.557767730232348,-1.6504558914301761,8.107195966955654,-12.114317414660105,-2.9492706881553845,48.39674132607775,-46.953592720623156,45.613665983812645,0.8024879999999999,19.33238891084079,4.474811998121128
8771,LYS_51_A_HB2,51.101,-25.846,45.251,1692,PHE_28_C_HE1,63.036,-1.707,44.871,7,-14.466014542218769,-1.9890591180157917,-0.0807235411255651,8.699575785936688,11.720427480404865,0.7471339078322472,52.26476975836418,-23.492230565802018,45.21394658498714,0.9710190000000001,26.93102200065939,1.7605251589036404
9118,LYS_51_A_HZ3,43.223,-22.974,45.699,5633,LYS_40_C_HZ2,40.25,-20.269,43.74,7,-11.00424534057293,-9.631778502278774,-0.4227270614980722,-8.09658460557283,-12.180443040283018,-2.6684459047325224,43.78262818213862,-23.483180703896743,46.067756006999524,0.444298,4.471401905443078,2.3822508683668513
4172,GLY_34_A_C,65.402,-5.244,45.229,893,TYR_27_C_HA,61.046,0.057,42.578,7,4.996680331055101,13.763721908034512,1.3387436882068813,10.592333388794037,10.108997815577574,-1.7328677236471182,63.503463133219284,-2.9335904658391705,44.073577310873354,-0.23473200000000002,7.355483532712176,2.697033984525167
4328,GLY_34_A_HA3,65.466,-4.934,47.051,7338,GLU_46_C_OE1,44.846,-23.728,51.685,7,5.314000531925345,13.668712438843075,3.1581284993129977,-11.835759715386196,-8.676774898984538,5.695392989806412,91.13167651887574,18.458857638009246,41.283068623255566,-0.680384,28.282022417076185,1.6626710617143297
9224,ASP_52_A_HA,45.805,-24.761,41.998,739,TYR_27_C_CE2,60.443,1.091,49.972,7,-13.007552940017499,-6.835975554269257,-3.847305654246228,11.721825889721131,8.850530640437823,5.564015724746806,51.78894825752746,-14.19281921344447,45.257735169116266,0.23923699999999998,30.76006540955334,4.838297153513187
3910,ARG_33_A_HG2,62.674,-0.726,48.932,8180,LEU_50_C_CB,51.617,-25.966,49.242,7,9.734159885016545,11.029999761737708,4.751889993691558,-14.596054391027787,-1.8849309212418213,3.9418358377224747,-2.1878950635356347,-148.7873395499357,50.750502981793964,-0.840396,27.55741187049321,3.633910715537648
1417,PHE_28_A_CZ,40.206,-3.04,50.238,8693,LYS_51_C_CE,59.433,-23.9,43.297,7,9.132637840762582,-11.56653583610255,3.8000464110507517,-13.168723704482025,6.619934646715639,-1.1895602473811207,54.84913669331104,-18.926817050110166,44.95178728931857,-0.924402,29.206071457832184,4.249177763902345
1035,TYR_27_A_HE2,41.897,-0.057,40.747,8771,LYS_51_C_HB2,55.138,-25.698,45.294,7,11.911410374466563,-8.714511297972166,-5.4725600315755365,-14.622949440217715,2.022989235445519,0.36644694904394626,54.30701554178719,-24.088810928703673,45.00863738905719,0.300209,29.21404064829102,2.536153113867344
866,TYR_27_A_HA,40.772,-1.872,47.725,1405,PHE_28_C_CZ,62.02,-0.617,42.593,7,10.2365443756608,-10.665375409974331,1.3568826325476804,9.846839588568665,11.02268923638367,-1.6206893773815434,50.45473549060478,-1.3000952070449432,45.38634231279256,-0.294109,21.894975519511323,2.439954611421829
3904,ARG_33_A_HG2,62.19,-0.085,49.74,1091,TYR_27_C_HE2,59.28,1.873,49.644,7,10.41564360333028,10.517719287424786,5.507634432844779,12.587038118578757,7.788791131789272,5.121529550036286,20.679993488303655,27.845100601340736,48.37059772332543,-0.54922,3.508714864448233,2.6687903695995288
4373,ARG_35_A_CG,63.897,-2.964,40.921,5649,LYS_40_C_HZ2,39.922,-20.38,42.221,7,7.352904075060961,12.873893060146127,-3.097324761405754,-8.193375018422207,-12.362525244151245,-4.212707439257991,130.47357737494514,45.39878087850028,37.31100831752123,-0.41473399999999994,29.66155223517475,3.977047901185187
4322,GLY_34_A_HA3,65.565,-4.944,45.97,4343,ARG_35_C_CA,38.597,-5.231,47.661,7,5.28881434161207,13.874162680744487,2.092474777919335,7.05098606970925,-13.07156270346037,1.073893254567861,10.164564671804065,-5.533584876119557,49.443825872885625,-0.48155400000000004,27.022488301412952,2.661840395323818
856,TYR_27_A_HA,41.972,-0.512,48.272,8462,LEU_50_C_HD13,49.741,-25.96,46.432,7,11.505936790987377,-9.426349904374666,2.021914731310485,-14.468542512786945,-3.4649454750486535,0.9580786876403751,56.73767337703609,-48.87818047352487,44.774916847245926,0.06917800000000007,26.671026695648596,2.043551750622057
3907,ARG_33_A_HG2,62.574,-0.341,49.324,6285,GLU_43_C_OE1,40.774,-20.783,48.3,7,10.128408234291388,10.920828796427433,5.132072764773156,-8.616019623488649,-12.155102576212089,1.920880529837525,27.733611108022796,-33.01105640962376,47.68746063186309,-0.81258,29.902574136685956,1.982623244627242
8144,LEU_50_A_CB,54.784,-25.847,40.981,1750,PHE_28_C_HZ,63.349,-2.152,40.189,7,-14.775672214603992,2.091347276279619,-3.960386642907222,8.19870126319961,12.464931172958988,-3.880171675792655,477.65659867667125,1144.0264647570032,1.8782448158873208,0.989085,25.207925618741417,4.005108979570742
586,TYR_27_A_CD1,39.512,-2.692,43.43,4130,GLY_34_C_CA,37.551,-7.016,44.822,7,9.48329134488534,-11.548551476373506,-3.04307587945755,5.32977926386453,-13.961069891903028,-1.856377397304188,34.48336645124229,-13.780124153405591,46.99953488009727,0.606425,4.947743020812621,3.173912282776591
1418,PHE_28_A_CZ,39.792,-3.251,50.238,4817,GLU_36_C_CA,37.389,-9.991,49.082,7,8.953504948954539,-11.993269319294487,3.758489926654626,2.40608166657816,-14.772992342850575,2.364670256213743,33.31221535835103,-21.425676855894338,47.12080023065077,0.408073,7.248333946501085,4.4204261051868885
1727,PHE_28_A_HZ,38.998,-4.61,50.231,319,GLU_26_C_HA,57.306,2.817,46.982,7,7.658320726474188,-12.883370520065299,3.6714055869353537,13.658307475852071,6.167906356780642,2.2756253860995495,87.15464632967493,14.92568998746427,41.684957618248085,0.766,20.02246723058874,3.5749530022561484
542,TYR_27_A_CD1,39.332,-3.063,44.96,8325,LEU_50_C_HB2,50.24,-26.152,47.727,7,9.137905731839068,-11.90811280038045,-1.5389597161978674,-14.688394665690344,-3.1138168469300593,2.2964596936992936,43.70882839612486,-12.32744727155545,46.070257074814585,0.23679499999999995,25.685456468593273,3.05564384885714
8905,LYS_51_A_HD3,45.323,-24.863,43.307,885,TYR_27_C_HA,61.922,-0.079,43.709,7,-13.063492997600248,-7.452672522906626,-2.5932065517702196,10.398680054971022,10.854779820899326,-0.519879435642038,66.08414049635218,6.1355002748112835,43.80980007708499,-0.11165900000000001,29.831779380385605,3.4158615015975946
4275,GLY_34_A_HA2,63.938,-1.939,45.962,4349,ARG_35_C_CB,38.516,-5.162,48.805,7,8.407949417404804,12.488719166290887,1.9228851343148428,7.134094295971772,-13.260973966649637,2.2040589044194836,237.79342707756663,20.10238311191084,26.519352718845038,0.72458,25.782716342542347,3.545776831455817
8662,LYS_51_A_CE,46.35,-25.196,47.071,8412,LEU_50_C_HD11,50.374,-26.273,44.926,7,-13.446128058288071,-6.835057353578984,1.2545792937451967,-14.839218990228044,-2.71023583568894,-0.47708900616038563,49.265354562017414,-25.97627755052007,45.51696532417313,-0.853856,4.685459422511306,3.506385671681797
8281,LEU_50_A_HB2,55.889,-25.782,42.0,6284,GLU_43_C_OE1,40.356,-20.6,48.3,7,-14.786997216738657,3.09075395982524,-2.8358116008531136,-8.401985344781854,-12.555922273632795,1.8790965891660893,46.546578086187075,-22.665253051092606,45.789175179103935,-0.200062,17.544720373947257,2.108818629965631
8899,LYS_51_A_HD3,45.682,-25.155,42.62,6282,GLU_43_C_OE1,39.803,-19.89,48.3,7,-13.386677384669055,-7.050023391474453,-3.240925263026799,-7.652275734278501,-13.050706521240883,1.824023471968917,41.920185099547574,-21.786067281700625,46.254480121546145,0.9431849999999999,9.723439000682838,3.425192506546332
8621,LYS_51_A_CG,46.982,-25.518,46.974,4277,GLY_34_C_HA2,38.267,-4.932,46.29,7,-13.815614706177424,-6.222779668775482,1.2212228292570466,7.364225406501758,-13.239318432702962,-0.3231325623704231,40.090479424700675,-9.239303205609641,46.43311645742917,0.09098099999999998,22.365206840089805,3.52480190098103
8386,LEU_50_A_HD11,55.807,-25.975,45.777,1681,PHE_28_C_HE1,63.014,-0.93,43.912,7,-14.94620663001643,2.6174464230663714,0.9138996331449137,9.469132477032177,11.853334187476598,-0.2089060005426675,61.67308622050081,-5.589800972326541,44.25899655872984,0.19901199999999997,26.127975409510782,2.6811456069607877
8907,LYS_51_A_HD3,45.006,-24.869,43.645,8646,LYS_51_C_CG,57.467,-25.404,43.855,7,-13.043120339948079,-7.80138994520023,-2.2886575176080792,-14.515952220494944,4.499648884784514,-0.8319296930463634,64.58341236630443,-25.709535720726496,43.974929909070205,0.982231,12.474247311962351,4.223141539769869
5643,LYS_40_A_HZ2,65.886,-17.989,46.969,101,GLU_26_C_CG,53.712,3.858,46.268,7,-7.735696194897302,13.103455136403712,3.1128679205132057,14.962564290876342,2.7525690855663716,1.205719556450339,46.015467230542875,17.66990663827255,45.82482031613361,-0.877544,25.019773899857686,1.3627266700498921
928,TYR_27_A_HD1,39.16,-2.965,45.388,4671,ARG_35_C_HD2,37.301,-9.596,50.58,7,9.251674906432031,-12.114078505289115,-1.1302951797943384,2.8173140734251927,-14.979987600927132,3.846498137815587,38.73779666440984,-4.470987261053404,46.56717144614527,0.9572520000000001,8.624552510130597,2.917584181457013
4320,GLY_34_A_HA3,65.743,-4.274,46.432,8432,LEU_50_C_HD11,51.145,-26.522,44.241,7,5.946752410307224,14.055418694387074,2.570273642798786,-15.150621257760365,-1.8957788716893684,-1.0815354318825772,55.46840626570119,-19.93293693661323,44.88989595342864,-0.369321,26.69973012972228,2.117189356123864
1726,PHE_28_A_HZ,38.876,-4.193,50.231,741,TYR_27_C_CE2,61.325,1.218,49.972,7,8.083331321173144,-12.972780478584507,3.659370068199831,11.781864064883642,9.735197434504718,5.65240735895824,-2.342094132979234,-14.12801302300996,50.70654396099789,0.5075540000000001,23.093367078016154,3.650316316768892
4453,ARG_35_A_H,65.939,-5.061,44.117,8612,LYS_51_C_CB,57.079,-25.694,44.445,7,5.130644782795296,14.421447784643187,0.28619810871433793,-14.771596330229611,4.033778236708883,-0.28388350117968963,61.491013607875544,-15.419386368928192,44.28166586192063,-0.256962,22.457245445512676,2.7682092065331947
4857,GLU_36_A_HB2,66.294,-5.936,43.856,318,GLU_26_C_HA,56.289,3.487,46.509,7,4.229491802369019,14.733355109289144,0.061680566635686995,14.399780274997172,5.257004743808831,1.703441552342186,66.66988545139199,-6.290019850921212,43.75632742603268,0.867872,13.99754846392753,2.253277281644784
8354,LEU_50_A_HD11,53.7,-26.532,44.959,4833,GLU_36_C_H,37.075,-9.378,49.217,7,-15.348368642811327,0.5665582191144563,-0.11125659414712041,3.041991404998744,-15.05150711749952,2.4678125117839533,52.9828261664481,-25.79200601860154,45.1426827779407,0.350271,24.264807953083,3.5882859673217165
1729,PHE_28_A_HZ,38.998,-3.776,50.231,8913,LYS_51_C_HE2,60.53,-23.964,43.345,7,8.48991852650928,-12.820117341266355,3.671772122913833,-13.315025430770657,7.698622376734421,-1.0319607994382494,55.80605408293605,-19.53491676696605,44.855732471897745,-0.772312,30.308404181018837,3.8001368030098477
4154,GLY_34_A_CA,65.2,-2.977,46.923,9231,ASP_52_C_HA,60.629,-24.262,48.511,7,7.284531753172346,13.566025138496526,3.0049912261286487,-13.582653738042609,7.258162636932162,4.117848061748749,77.54284092524829,54.49781275298828,42.635003633932556,0.37396900000000005,21.828124289549024,3.025153524985151
4157,GLY_34_A_CA,65.71,-3.85,46.562,634,TYR_27_C_CE1,63.056,-0.226,47.707,7,6.372953632267183,14.041849961105754,2.696501246265605,10.195105576071125,11.56928052442391,3.571528045433819,73.88862300262319,-15.017795690092875,43.03354358025486,0.551593,4.6355276938014285,2.760170635775484
1056,TYR_27_A_HE2,42.218,1.082,40.768,4753,ARG_35_C_HE,38.085,-6.434,53.584,7,13.023042703723425,-8.311758818661222,-5.41901561113927,5.93251854429627,-14.262458640741144,6.915303979826336,40.40218913539071,-2.2201133458513054,46.39863925498009,-0.021604000000000012,15.42147207629674,1.91165576660086
9100,LYS_51_A_HZ2,43.9,-24.575,43.759,9037,LYS_51_C_HZ2,61.284,-23.743,46.173,7,-12.66564162412384,-8.887746267516084,-2.285871828454534,-13.131344876921968,8.180915747082736,1.8574328322872582,53.49079747197234,-24.115983461994883,45.09081000329851,0.09397799999999995,17.5705172376911,4.73292000564883
1732,PHE_28_A_HZ,38.608,-4.193,49.912,405,GLU_26_C_HG2,55.649,3.814,46.499,7,8.101282816061302,-13.206796358664297,3.3151327783810727,14.774090449735057,4.6478586124224535,1.6295369942641815,72.12325805220823,11.554706779181462,43.19950802580913,0.042057999999999984,19.135210973490732,3.086960643373285
744,TYR_27_A_CZ,39.495,-1.612,42.326,4292,GLY_34_C_HA2,38.278,-3.813,44.85,7,10.55355956982673,-11.373218472608396,-4.14275277039939,8.468861388255403,-12.999682704583844,-1.7542985435284337,37.38412424410114,-5.429615068803116,46.703855717246284,-0.920897,3.5631539399807024,3.6025714843076324
934,TYR_27_A_HD1,39.765,-1.79,46.7,4155,GLY_34_C_CA,37.118,-6.513,45.176,7,10.387003450593134,-11.555807680278098,0.23621745562275343,5.866559050722851,-14.38786546586565,-1.547302975091266,39.41441943233972,-2.4155353309631673,46.49815459572563,-0.24141599999999996,5.624581228856064,2.1197580928729365
166,GLU_26_A_CD,48.443,3.884,45.197,100,GLU_26_C_CG,54.049,4.168,46.398,7,15.378660574182321,-2.365857414878065,-0.3875952406212043,15.24715676428422,3.0974322894829402,1.368954034009416,49.68000425049527,3.9466666441563816,45.46200929447821,-0.39343500000000003,5.740234577088294,1.0396869232467139
163,GLU_26_A_CD,48.863,3.992,45.497,979,TYR_27_C_HD1,63.524,-0.675,45.744,7,15.456785098063119,-1.970952766966256,-0.04699154447853365,9.69800715651436,12.195632230516503,1.6650730363792985,49.265404816560476,3.863903466415135,45.503779482278865,-0.12541499999999997,15.38787896365188,2.098329010382853
8630,LYS_51_A_CG,47.941,-26.31,46.842,4489,ARG_35_C_H,36.876,-7.48,46.275,7,-14.6786885572939,-5.318234172878409,1.1855861435062387,4.928485522762012,-14.811083339936967,-0.4784911641508871,40.057645892872465,-12.894405075715186,46.43803598926875,-0.41979900000000003,21.84775993094029,3.1469165794321325
288,GLU_26_A_HA,43.016,1.638,43.999,8429,LEU_50_C_HD11,50.94,-26.877,44.241,7,13.540321563373844,-7.800664645629489,-2.1240943180501954,-15.489120071298117,-2.126084271023407,-1.1022230192509832,59.48707947547604,-57.63418970762233,44.502028928958254,0.47525799999999996,29.596512716872574,2.2509207524656296
863,TYR_27_A_HA,41.248,-0.045,47.434,1765,PHE_28_C_HZ,64.001,-1.566,41.978,7,12.020257740048491,-10.025498514958713,1.1158220739116467,8.74659286420021,12.977507544260694,-2.034609090255067,49.30667461459895,-0.5837089214083857,45.5015898256383,-0.147288,23.447396145414533,3.51790119345337
8161,LEU_50_A_CD1,56.09,-26.424,45.793,8304,LEU_50_C_HA,53.249,-26.931,50.609,7,-15.415166911169747,2.8625595810978193,0.957965430090528,-15.671712477871125,-0.4755692154503086,5.464989560252476,56.69385294338094,-26.316237436714488,44.769361923504896,0.60453,5.614462218236047,1.9387510309825735
4370,ARG_35_A_CG,64.64,-2.519,40.82,8920,LYS_51_C_HE2,60.465,-24.417,43.7,7,7.739798437762865,13.654865444700626,-3.1232069304174948,-13.759270978453577,7.564314711650238,-0.6854548911718181,59.29106018800507,-30.574349461812,44.50980758288513,-0.8759709999999999,22.47770960307122,3.58081761301947
8468,LEU_50_A_HD13,57.434,-25.982,43.899,325,GLU_26_C_HA,57.811,3.4,46.701,7,-15.089480659783872,4.418676613080015,-0.7917100393703433,14.199485912430156,6.74120638131462,2.0468722841484746,57.539149208592484,-17.787055578609078,44.68050685006934,0.7645559999999998,29.51771090379469,1.8766091529780797
1044,TYR_27_A_HE2,42.405,1.501,41.895,8414,LEU_50_C_HD11,50.679,-26.972,44.342,7,13.43478556694574,-8.20704314071235,-4.278769391510719,-15.56341629605227,-2.402317981997585,-1.0279128052241577,53.2952183180587,-35.97509211627816,45.11573534255374,-0.30815400000000004,29.751615317491588,2.6948088866241813
4699,ARG_35_A_HD2,66.594,-6.675,39.749,9057,LYS_51_C_HZ2,62.566,-22.993,44.992,7,3.440562656365739,15.38522183107793,-3.9949474147807598,-12.488759355711641,9.627654318745485,0.8110981089820938,63.24579031135392,-20.239072914430658,44.107158738225266,0.51557,17.606560055842817,4.844664147376645
4856,GLU_36_A_HB2,67.017,-6.543,44.117,291,GLU_26_C_HA,56.273,3.958,46.234,7,3.5715183020364054,15.378535125326271,0.39351278292334335,14.868662735636956,5.30432535869438,1.4284288298887842,71.1022602026274,-10.53586275016665,43.31203947794469,0.92419,15.171889335214646,2.232149646775029
4763,ARG_35_A_HE,65.065,-3.785,36.108,4390,ARG_35_C_CG,38.159,-4.553,50.805,7,6.41161723372028,14.451214399573779,-7.769505245345245,7.782615648743616,-13.768763605558272,4.158515283471218,47.53935040657149,-4.285248973751322,45.6811239156552,-0.07533899999999996,30.667971387100255,2.2247011634624716
9056,LYS_51_A_HZ2,44.098,-25.055,44.784,8665,LYS_51_C_CD,60.082,-24.981,46.466,7,-13.1518702189169,-8.830110774051008,-1.246406146722519,-14.272923305162475,6.8652439937601795,2.0280303987561017,50.18226994156354,-25.026832083603875,45.424249126733606,0.32201300000000005,16.072425330360073,5.185261287994343
4691,ARG_35_A_HD2,66.77,-6.75,40.273,176,GLU_26_C_CD,52.188,4.582,43.958,7,3.35624150481436,15.501796780495829,-3.455988024316816,15.7830100698679,1.5262807618672223,-1.244981908619219,43.97711082036625,10.962866560390195,46.03296410828078,-0.74151,18.83157383226372,3.3638473965845974
4264,GLY_34_A_HA2,65.84,-3.393,45.184,1774,PHE_28_C_HZ,63.901,-1.181,41.17,7,6.808955136924783,14.343144050690958,1.338650901228518,9.132249246829405,12.988215014814717,-2.848392540941857,65.22007710372917,-2.6857955407162937,43.90067328229439,0.8501640000000001,4.97643054809368,2.840490837458682
4644,ARG_35_A_HG3,64.559,-2.189,39.787,8903,LYS_51_C_HE2,61.805,-23.839,45.386,7,8.067567636920824,13.70272870346069,-4.158980293921412,-13.272041729452162,8.769140665609799,1.1265280225398282,62.39197441917031,-19.224622303908045,44.1926558558698,-0.811226,22.53121871981185,3.548855609453192
8384,LEU_50_A_HD11,55.097,-26.913,45.986,32,GLU_26_C_CA,57.095,3.861,46.399,7,-15.82639939813101,1.8210337053502192,1.0503271744214768,14.71105784305425,6.095993833351917,1.674883134106412,51.73692687612371,-78.66619835543983,45.29145035026981,0.525496,30.84155717534379,2.17039314819832
9088,LYS_51_A_HZ2,43.174,-24.648,44.47,4291,GLY_34_C_HA2,37.63,-4.182,45.242,7,-12.678523485457175,-9.684577460390422,-1.6511907213534587,8.152658631012237,-13.709711760271595,-1.4293315353707239,1.912686799761552,127.6705490541271,50.21562297809957,-0.182352,21.21765953162601,3.952707710736127
8912,LYS_51_A_HE2,45.244,-25.773,45.176,23,GLU_26_C_CA,59.01,3.152,46.467,7,-13.951524954237673,-7.786776569499366,-0.7419162638788084,13.859993474947421,7.935304896875748,1.9340245104586997,49.06068360768717,-17.753417452248197,45.53393538700597,-0.9898380000000001,32.059710884535434,3.2768927909350807
4781,ARG_35_A_HE,64.78,-2.588,38.189,24,GLU_26_C_CA,58.641,3.336,46.323,7,7.64158849687946,14.05136013792082,-5.7269866380271655,14.070294058309665,7.597559494636633,1.7538726081544538,60.080276370151715,1.9471299532857544,44.41599983795177,0.259732,11.787410784391966,2.944755846488189
8671,LYS_51_A_CE,44.875,-25.647,45.19,4300,GLY_34_C_HA2,37.096,-4.995,44.434,7,-13.797926035797104,-8.144704867916653,-0.7648881041619148,7.376535127040964,-14.22043700917145,-2.2871083284349436,48.78380666765358,-36.024256112659934,45.5698763132467,0.48157800000000006,22.08142841846967,3.369609980687492
8923,LYS_51_A_HE2,44.127,-25.251,45.757,8820,LYS_51_C_HG2,60.099,-25.085,44.323,8,-13.3425286852958,-8.91340647854481,-0.2754802098916368,-14.393251167485337,7.088304962390114,-0.10253736825406556,69.56875792837985,-24.986579024786437,43.472785069540656,-0.09702700000000002,16.037103728541503,4.051904245857449
4476,ARG_35_A_H,65.519,-2.629,44.458,709,TYR_27_C_CE2,60.864,2.458,50.081,8,7.589793748446795,14.155149647959151,0.5844876779817961,13.053881010583849,9.360994555561941,5.715233271147926,66.04929137609732,-3.208504238497742,43.81743535815356,0.21841699999999992,8.897455984718336,2.9764937124579345
8478,LEU_50_A_HD13,57.247,-26.401,42.772,692,TYR_27_C_CE2,59.45,3.074,46.664,8,-15.501223523006189,4.313960935131145,-1.9319562589988943,13.750406150247155,8.346234343519743,2.1740674402564846,58.28355018828713,-12.532494870738523,44.603254349892644,0.189994,29.812354787906308,2.5616626275927117
4808,ARG_35_A_HH21,65.456,-4.067,35.18,107,GLU_26_C_CG,55.713,4.429,46.243,8,6.0942623077817295,14.910444839533195,-8.653802850225649,15.380653725978673,4.783570792383605,1.381504342940207,57.05426405442107,3.2594034274493175,44.72001896396796,-0.645137,17.014641753501603,2.05705696197943
26,GLU_26_A_CA,43.115,2.268,44.654,4782,ARG_35_C_HE,37.798,-5.155,53.328,8,14.16572166996676,-7.720098931315209,-1.462195630673797,7.2276717762747476,-14.424614716768145,6.632409100581009,42.15454616359786,0.9271219056586311,46.220856606536046,-0.32883,12.594034063793856,3.221545126159308
8918,LYS_51_A_HE2,45.589,-26.087,46.118,562,TYR_27_C_CD1,62.281,1.149,44.343,8,-14.28392529948231,-7.562420403759099,0.22976234624676828,11.60057588093684,11.240744347055195,0.14742769610107742,92.1695475187505,49.91754063148146,41.16470070418272,-0.447585,31.99333032055275,4.602059699712204
4288,GLY_34_A_HA2,65.65,-2.477,45.365,4826,GLU_36_C_H,36.13,-9.371,48.117,8,7.737958786283285,14.206035161056963,1.5001141226193955,3.1124481541576126,-15.87862484425414,1.2787010314818583,-134.35339036961796,-49.18510884851444,64.01030251684242,-0.66389,30.43897403001619,2.668725825076827
537,TYR_27_A_CD1,40.369,-0.002,46.018,141,GLU_26_C_CD,52.566,4.911,43.566,8,12.119364870094604,-10.752839112342416,-0.38107452644908946,16.079714577948316,1.9654083219691423,-1.597008073617917,36.5464506428235,-1.5417380496686168,46.78645872130825,0.7170350000000001,13.3759740579892,5.1972666546398925
8499,LEU_50_A_HD21,51.646,-27.497,44.88,4553,ARG_35_C_HB2,37.235,-4.939,47.813,8,-16.15606606097352,-1.536517671584608,-0.3959997743191308,7.446072082840782,-14.415845192584225,1.0888475737701562,47.80267377858304,-21.480918333028672,45.66221329591395,-0.28456799999999993,26.92847515177939,2.2055064490441296
8831,LYS_51_A_HG2,47.766,-26.936,46.373,4474,ARG_35_C_H,36.438,-6.865,46.906,8,-15.293029997647146,-5.4924774889276975,0.701142275264675,5.5793035527943795,-15.262016935418657,0.10573891402956637,34.426237057241025,-3.300549609453091,47.000656572077204,0.010208000000000009,23.05325820789764,2.4652583552929244
8453,LEU_50_A_HD13,57.43,-26.594,44.569,4828,GLU_36_C_H,36.056,-9.338,48.271,8,-15.694618690188408,4.30136007327337,-0.12574848368869507,3.152043160163524,-15.964922030934497,1.42452980460448,55.696280247450716,-25.194305602601744,44.86928214297453,-0.704758,27.718625795663105,3.3557600946360164
1059,TYR_27_A_HE2,41.064,1.248,40.768,4499,ARG_35_C_H,37.0,-5.067,46.769,8,13.275698139001836,-9.444055548381984,-5.534520359474343,7.3287095929431345,-14.554403045479495,0.026504518365694896,37.01936951641188,-5.036901944847193,46.740398506892795,0.467693,9.612872723593087,3.3009858217141077
953,TYR_27_A_HD1,38.754,-1.795,46.374,4633,ARG_35_C_HG3,37.619,-4.701,51.592,8,10.456019958077972,-12.526635904064056,-0.18940124884781517,7.681449911370095,-14.394344204440785,4.887409931471509,38.71165640875603,-1.9034145164361087,46.56866859833573,0.220841,6.079521773955577,2.4233975600376505
4559,ARG_35_A_HB2,65.361,-2.299,41.749,4504,ARG_35_C_H,36.36,-6.611,46.353,8,7.9113767726361335,14.294051202554996,-2.1265703657871082,5.834501927040661,-15.264892821092484,-0.4521809001584982,28.528071673472112,-7.775486567497266,47.596343264554136,-0.030275999999999997,29.679086256150143,2.8106420555887106
4466,ARG_35_A_H,65.803,-2.723,43.181,8752,LYS_51_C_HA,55.891,-27.175,45.48,8,7.465477598368968,14.557348238202737,-0.657688955527262,-16.151219217239255,2.639441207437316,0.6262785384821067,60.72575859194092,-15.248091496152211,44.35862086330991,-0.4363139999999999,26.484588896186402,1.9001369358627407
22,GLU_26_A_CA,44.227,3.209,44.733,4548,ARG_35_C_HB2,37.295,-4.761,49.403,8,15.020614580037043,-6.553404162365779,-1.2718080564532275,7.630413397246967,-14.501657870068556,2.6769402864875085,41.994349883642336,0.6420321079961636,46.237107911625834,0.70283,11.549130876390654,2.522114837151488
8940,LYS_51_A_HE2,44.808,-25.994,46.298,4854,GLU_36_C_H,35.881,-9.169,47.705,8,-14.130934428604727,-8.348181084364318,0.3306778863926645,3.3297173356333962,-16.06917987708096,0.8439230625767948,50.55956207755235,-36.83415144559407,45.39148629515894,0.316794,19.09847122154022,3.818689507723797
8738,LYS_51_A_HA,48.816,-27.399,45.187,4845,GLU_36_C_H,35.97,-8.36,47.547,8,-15.842469108073175,-4.367405014274672,-0.3739361361604552,4.128535861676598,-15.90374162891819,0.6959867638026149,44.3263460209301,-20.744903619219066,46.01181577071501,-0.19613200000000003,23.088370167683994,2.4450002455039406
8819,LYS_51_A_HG2,48.413,-27.34,45.23,28,GLU_26_C_CA,57.366,4.316,46.076,8,-15.752902374347748,-4.767043362236092,-0.37148847433134935,15.141972576189694,6.43162961389573,1.3808489259170331,50.3109999572098,-20.629055440027525,45.40934859419183,-0.256807,32.90857427783829,1.8564899150431606
710,TYR_27_A_CE2,39.831,0.37,40.864,4576,ARG_35_C_HB3,36.082,-8.493,49.394,8,12.49401295190625,-10.743498916472237,-5.56287880445265,4.0006867772450585,-15.987226139678107,2.5448585679234963,37.25873702698502,-5.711079415799368,46.716601536361125,0.115189,12.859575031858558,3.939678731607428
8832,LYS_51_A_HG2,47.008,-26.986,46.054,618,TYR_27_C_CE1,61.213,2.484,45.951,8,-15.287936695860665,-6.216415923388128,0.307807555988736,13.023883949406132,10.121791989245018,1.640964693694794,43.728261843743695,-33.79021566102592,46.07778127631781,-0.6654150000000001,32.715035289603456,4.176394911699517
125,GLU_26_A_CD,47.581,4.631,46.236,194,GLU_26_C_OE1,52.865,5.214,43.11,8,16.196034082865822,-3.268189993227458,0.5601760742811512,16.35600068637024,2.3305813517176714,-2.0206360290662717,48.72791432695252,4.757542591334846,45.5574886097552,0.8419380000000001,6.167043132652792,2.3438333333142496
4468,ARG_35_A_H,66.674,-3.909,43.186,8384,LEU_50_C_HG,50.302,-27.703,47.95,8,6.21716401678781,15.331020364535842,-0.5660012083892123,-16.23801194426935,-3.192216589662801,2.5238663124878613,63.67498087664361,-8.267579344071724,44.05866840359576,-0.6999080000000001,29.27272648729531,3.141640210635245
8833,LYS_51_A_HG2,47.425,-27.186,46.054,143,GLU_26_C_CD,53.402,5.219,43.599,8,-15.518846503166632,-5.817877662200012,0.3494838713137485,16.323940953362868,2.8148693362157604,-1.4803099038508871,48.56658498470918,-20.99676435845726,45.58510404258641,-0.756092,33.04293538715954,2.9586448711800895
4535,ARG_35_A_HB2,66.061,-2.765,42.811,8517,LEU_50_C_HD21,53.538,-27.791,44.847,8,7.40146891367182,14.847087879808068,-1.0000072699157259,-16.59231229461957,0.32153969781928243,-0.23947170771919069,49.59485211207459,-35.67099832653687,45.4880803401594,-0.17528200000000002,28.058358843667254,2.5798573612450553
4543,ARG_35_A_HB2,65.613,-2.295,41.016,630,TYR_27_C_CE1,64.091,0.284,46.277,8,7.891089556751627,14.617590238340656,-2.8306441695850797,10.615249451213074,12.777642113524548,2.252601817714133,64.7654627301388,-0.8588642450906407,43.945627842798814,-0.5023239999999999,6.053581254100753,3.575371836149535
8469,LEU_50_A_HD13,57.78,-26.818,43.483,128,GLU_26_C_CD,53.89,5.239,43.94,8,-15.952176217746775,4.740097192487466,-1.1713324641616891,16.30947811844525,3.266466935166649,-1.0921405657677012,0.24275972675901158,447.3391494702538,50.242516402280486,-0.085724,32.29538973290151,2.9735497375039706
8736,LYS_51_A_HA,48.966,-27.667,44.907,8746,LYS_51_C_HA,57.855,-26.894,45.608,8,-16.12302782444224,-4.210943913003314,-0.6376229398846809,-16.018405298357628,4.59645609755199,0.9504608680757319,52.53497430993529,-27.356636951110364,45.18845471833329,-0.04884300000000005,8.95004195520892,1.548746885386154
8840,LYS_51_A_HG2,47.204,-27.265,45.246,4572,ARG_35_C_HB3,35.924,-7.546,48.013,8,-15.586717455790286,-5.962405853694541,-0.47662213620179855,4.947001077401924,-15.934194836696605,1.155394309217031,43.90973313679045,-21.506165933011605,46.05408833426426,0.398982,22.885227768147733,3.0408366432998086
571,TYR_27_A_CD1,39.518,-0.185,46.1,4497,ARG_35_C_H,36.26,-6.024,47.345,8,12.001734434934074,-11.619189626963745,-0.38479830669224835,6.4344644318290785,-15.418682690045474,0.5250737591066417,38.14014378226615,-2.6543991575653667,46.626528849318184,0.04757799999999998,6.80136089323306,4.6674980079174455
8,GLU_26_A_N,43.534,3.21,44.818,15,GLU_26_C_N,56.413,4.873,45.59,8,15.074545743356923,-7.249346984724967,-1.2566417243426151,15.765845409205996,5.576950991668551,0.8020906508728933,51.395288316367186,4.225088319754535,45.289225606043594,-0.530037,13.008850602570542,2.062185518900538
741,TYR_27_A_CZ,38.396,-0.983,42.156,4356,ARG_35_C_CB,36.095,-6.489,47.646,8,11.262511401230132,-12.39885139322484,-4.421690779457927,5.985417379086373,-15.647716228375572,0.8078305145397988,36.45044706856621,-5.638460426107969,46.79793202675858,0.784422,8.108682815352937,3.275452485876132
8212,LEU_50_A_CD2,53.877,-27.944,45.396,8287,LEU_50_C_HA,52.521,-28.047,49.458,8,-16.766537208821983,0.591414179741876,0.3406527989844808,-16.737771005937425,-1.1674776361141685,4.2463743822116085,53.995268848810596,-27.935016451749636,45.04171676705854,0.807958,4.283595335696404,3.3967088965091006
4563,ARG_35_A_HB2,65.813,-2.209,41.333,754,TYR_27_C_CE2,60.111,3.618,48.26,8,7.964010420249253,14.790865431935684,-2.4951694984825243,14.254357299464214,8.883834677040447,3.8284833857191773,63.56312058048101,0.0902015744540896,44.066236537882865,0.920975,10.698133575535504,3.247781945459011
762,TYR_27_A_CZ,38.554,-0.605,41.603,8591,LYS_51_C_O,59.761,-26.283,46.652,8,11.623533270040992,-12.158186456509847,-4.9559197551568115,-15.545604025455601,6.429450052435037,2.1803735144471963,53.28156041224781,-18.43752210429101,45.10936358379022,-0.109294,33.683659747717435,4.340030920541005
4779,ARG_35_A_HE,65.66,-2.383,38.235,4688,ARG_35_C_HD2,35.843,-8.083,49.977,8,7.779882375967838,14.9353631511663,-5.592992326283729,4.4317259643000435,-16.251483973928096,3.1011705453790235,46.47859580335789,-6.049834487737198,45.78867904473863,-0.46441899999999997,32.548702785210956,2.7412745500917968
442,GLU_26_A_HG3,45.759,4.421,45.04,4555,ARG_35_C_HB2,36.379,-5.301,47.664,8,16.11564700127202,-4.972249607525066,-0.8123831222683903,7.148680802659909,-15.277655544629003,0.8547058568958608,41.18806600540443,-0.3165927820317831,46.318691983136326,0.9419759999999999,13.761797121015848,2.444810271789509
1041,TYR_27_A_HE2,40.571,1.58,41.185,4369,ARG_35_C_CB,35.795,-7.244,48.152,8,13.646951883158527,-9.949640088283015,-5.168847103051747,5.258866686700378,-16.053157395104677,1.2809082583777147,36.74350385777362,-5.491571599456768,46.76836801149312,0.521007,12.215246252122792,3.100667389384996
776,TYR_27_A_OH,39.05,0.193,40.898,792,TYR_27_C_OH,61.664,2.944,49.882,8,12.376736157478067,-11.53515203519325,-5.6073478173487485,13.476651777682163,10.21141644367278,5.59757065725077,50.36686623414337,1.569700230393936,45.39391961826939,-0.9087059999999999,24.488226824333363,3.614785537690135
4586,ARG_35_A_HB3,67.426,-4.959,41.724,9,GLU_26_C_N,59.129,4.085,44.941,8,5.10294020792768,16.14349830639608,-1.9457957212641463,14.77039482656581,8.27657219684338,0.4280258355110076,60.62503930720864,2.454268471207075,44.36093992391344,0.9893180000000001,12.687916850295013,3.3059072507034486
8216,LEU_50_A_CD2,53.054,-28.198,45.405,8239,LEU_50_C_CD1,49.658,-28.078,44.927,8,-16.957599977554587,-0.24524971312417024,0.26706918138882196,-16.584950747353886,-3.5575782440531873,-0.5485975731282752,51.942066805501476,-28.158709074399347,45.248491146357395,-0.5410409999999999,3.4315739828830747,2.9942159637128545
8717,LYS_51_A_HA,51.33,-28.247,44.28,4587,ARG_35_C_HB3,35.6,-7.974,48.739,8,-16.884341993190606,-1.8469653098539036,-1.0249611645859364,4.549895845789189,-16.360623478315247,1.845105878376975,45.71248693232874,-21.00708630509221,45.87240246463739,0.476568,26.044387303217555,2.4997128257393237
4639,ARG_35_A_HG3,65.865,-2.343,38.642,8196,LEU_50_C_CD1,52.17,-28.275,44.681,8,7.807202603935047,15.101119191888314,-5.167489635213527,-16.972814977989547,-1.0557818995875174,-0.5418604066895939,50.565725661742675,-31.31275408102878,45.38842699735203,0.29907700000000004,29.941462389135232,2.9923862361490734
8166,LEU_50_A_CD1,54.733,-28.085,45.535,8592,LYS_51_C_O,59.493,-26.638,46.506,8,-16.970768719511415,1.416074419308695,0.5646237330788358,-15.880391336206316,6.1512273831349,2.0081103354221597,52.871112979301465,-28.650998008182942,45.15519069388691,-0.634462,5.068949595330383,2.7133378043504384
4345,ARG_35_A_CB,67.047,-4.174,40.053,8725,LYS_51_C_HA,56.631,-27.707,46.013,8,5.902331488925144,15.993958912444416,-3.6460070462240184,-16.733744827108755,3.2800027619958465,1.2304786780614754,59.25925867547602,-21.7689420689346,44.509119267872784,-0.09193300000000004,26.416221247559236,2.1293203192687042
4636,ARG_35_A_HG3,66.157,-2.456,40.03,4770,ARG_35_C_HE,36.835,-5.077,53.527,8,7.682418460607979,15.24358355897007,-3.7572734029689396,7.3795839279875635,-15.393973838734816,6.733994487433593,55.655812548420386,-3.3946676321734572,44.863726452287366,0.6155729999999999,32.38546485693852,2.673924539727556
8176,LEU_50_A_CD1,56.218,-27.858,45.809,8606,LYS_51_C_O,59.862,-26.548,46.816,8,-16.854586679082033,2.8791913041554387,0.9860744594491245,-15.816292576161453,6.493170622118916,2.3535479857642065,53.59034011402377,-28.802630749349312,45.082860179698656,-0.328783,4.00111047085681,3.4536396242703806
17,GLU_26_A_N,42.997,3.333,45.05,4566,ARG_35_C_HB2,35.938,-5.866,47.976,8,15.23939913335565,-7.79595400751221,-1.0795368897231374,6.620840114754725,-15.789192669720576,1.1207208524220975,39.53356444034337,-1.1804075241934249,46.48561587300684,0.869954,11.958785807932173,2.0907993599007892
4589,ARG_35_A_HB3,67.569,-4.959,40.916,4368,ARG_35_C_CB,35.618,-7.071,48.549,8,5.08635763612856,16.366087161017695,-2.73541095674961,5.447575405448845,-16.255298519175636,1.6582608593063946,47.67695545545299,-6.273888362745556,45.66815098145683,-0.8971129999999999,32.91792268658519,3.304948864303329
4790,ARG_35_A_HE,65.958,-2.428,37.163,9490,GLN_54_C_OE1,53.079,-28.424,49.834,8,7.7048358040256595,15.334688262403793,-6.6297760392995615,-17.153125147146902,-0.6800390185157199,4.676204036207061,58.405812127750195,-17.671937877708356,44.59321760457157,-0.41093199999999996,31.657777843683217,2.9687255208304597
4650,ARG_35_A_HG3,66.136,-2.266,39.634,809,TYR_27_C_OH,63.372,2.025,49.579,8,7.870621467410249,15.276719479526516,-4.153301986532629,12.429165609062903,11.866497573887141,5.466753307638067,64.94268807613483,-0.41343072890540156,43.927591563979426,0.06629400000000005,11.178345226374072,3.0641734166997194
4767,ARG_35_A_HE,66.059,-2.567,36.808,4640,ARG_35_C_HG3,36.31,-5.571,51.635,8,7.556068305448704,15.459812491244861,-6.972936582958184,6.913100635814499,-15.763286013229553,4.798709791092159,48.437175166414846,-4.346419872939924,45.59077578431433,-0.148195,33.374645256541676,1.6224031452740209
4590,ARG_35_A_HB3,67.479,-4.507,40.916,4654,ARG_35_C_HG3,36.557,-4.674,50.903,8,5.543851236866872,16.311079003657476,-2.7442261656142897,7.78362596860217,-15.377079466337708,4.095522655179682,55.072555886855696,-4.574003304019632,44.9229580673298,-0.40124399999999993,32.495201830424136,2.9614560415190407
4412,ARG_35_A_NE,66.955,-3.891,38.182,4650,ARG_35_C_HG3,36.211,-5.51,50.903,8,6.17806656978817,16.111059519964474,-5.516689171252179,6.976158899400487,-15.783751918136943,4.060501959834699,49.24572704517183,-4.823582387258222,45.50959762094617,-0.689195,33.311237413221384,2.2691548860822452
4540,ARG_35_A_HB2,67.04,-3.321,41.603,4421,ARG_35_C_CD,35.79,-6.961,51.423,8,6.764501059358202,15.89686541128366,-2.1041268680481533,5.5648493492524365,-16.36342293715719,4.53508479071772,57.136118634855,-4.47460410141209,44.715195680183164,-0.7667680000000001,32.95822355649649,3.150006711023368
1075,TYR_27_A_HH,40.328,1.903,41.355,4371,ARG_35_C_CB,35.62,-6.757,49.384,8,13.988586613674379,-10.183206525447606,-5.023897351980573,5.766498545445104,-16.312914979119633,2.489400663622402,37.17991394191937,-3.8876595715756594,46.72373045036732,-0.44764000000000004,12.713209862186657,3.7460233644283254
8731,LYS_51_A_HA,49.06,-28.369,44.313,8270,LEU_50_C_CD2,52.404,-28.593,44.866,8,-16.834356387524245,-4.1115883034947736,-1.2195302677323887,-17.306242768804193,-0.8662292096653393,-0.3344943389356419,53.66784594456128,-28.67765953695626,45.07500323186076,-0.61297,3.396810415669383,2.16138831026177
8214,LEU_50_A_CD2,52.414,-28.618,45.084,8240,LEU_50_C_CD1,49.869,-28.492,44.927,8,-17.33036494341243,-0.8799821754972647,-0.11659992270843109,-17.013689989835694,-3.379643602304309,-0.5276470308483067,53.135928940543664,-28.653741865032806,45.128535498493264,0.008152999999999966,2.552949274858396,2.8026638964006723
778,TYR_27_A_OH,38.282,-0.048,41.445,8588,LYS_51_C_O,59.33,-27.098,46.643,8,12.198335196251588,-12.37000980913593,-5.140122396035931,-16.32577803745726,5.9409406524434045,2.1278942126506335,53.16766991749289,-19.17843383068142,45.1211550850973,0.401553,34.666121905976155,3.5865168181491467
8563,LYS_51_A_O,46.789,-27.984,41.84,4560,ARG_35_C_HB2,35.885,-5.414,48.784,8,-16.296698496703264,-6.088404794420494,-3.90737616242986,7.0813252623523715,-15.888211168379769,1.919548597161383,39.47707622665716,-12.849176122125115,46.49645622543036,0.403331,26.010022145319294,2.3130435928591195
643,TYR_27_A_CE1,37.493,-1.318,43.914,1097,TYR_27_C_HH,61.709,3.491,49.707,8,11.009245186603186,-13.495749628850277,-2.763116546807984,14.017425482689323,10.315029541505861,5.428197914667265,45.661607201224626,0.3041850029191137,45.868110568082855,0.08266799999999998,25.359416121038752,3.9840028270638532
8315,LEU_50_A_HG,54.569,-28.451,40.924,1043,TYR_27_C_HE1,64.275,1.219,45.802,8,-17.35634621465099,1.6862438521662038,-4.039777582270568,11.530262302830081,13.078554255060984,1.798829446968986,61.284656836837165,-7.922096399241848,44.29912611272323,0.765376,31.596047537627236,4.203233048622851
4764,ARG_35_A_HE,66.623,-3.007,37.051,9486,GLN_54_C_OE1,53.601,-28.695,50.241,8,7.076490314919764,15.961712134772757,-6.674864949241044,-17.45984443981315,-0.22337359033001292,5.133318860082065,59.26199573612757,-17.527770813266407,44.50697037632295,-0.388693,31.67683582683094,2.8230613007126273
803,TYR_27_A_OH,39.561,1.512,40.829,4790,ARG_35_C_HE,36.314,-5.132,52.936,8,13.652859546931541,-10.921257366143509,-5.624242497046577,7.3598492695087625,-15.855990667558096,6.093761722621601,38.00255070730745,-1.6768934710961902,46.6399472086938,-0.22915799999999997,14.186796467138025,2.4080134834648455
8394,LEU_50_A_HD12,54.392,-28.619,45.292,683,TYR_27_C_CE1,63.978,1.566,45.491,8,-17.479223051807573,1.061542493325053,0.28845837423093007,11.896461266140864,12.841285772302983,1.459799969843726,52.031320599785346,-36.05245584138113,45.2429936156225,-0.695737,31.6712049344511,3.5781176225589126
8226,LEU_50_A_CD2,53.752,-28.712,45.401,8381,LEU_50_C_HG,50.662,-28.732,47.97,8,-17.522851099387807,0.40865429822918786,0.3327708800143085,-17.291086929280496,-2.9151001280566313,2.5793689489175766,54.20969736628776,-28.709037557499755,45.020474260843606,0.284801,4.018489890493691,3.108817211512798
642,TYR_27_A_CE1,37.428,-1.114,43.528,4794,ARG_35_C_HE,36.058,-5.516,52.52,8,11.214801718968689,-13.506203416777584,-3.1535960345148837,6.993306227668449,-16.09753490562861,5.6540452463174,36.93746837756804,-2.6901461328069356,46.747606094093584,0.5878140000000001,10.104977387406667,2.861468951075401
8343,LEU_50_A_HG,56.153,-28.275,41.937,649,TYR_27_C_CE1,62.029,3.268,46.397,8,-17.29320112135905,3.169885782444916,-2.8731498267666984,13.747206467435298,10.946254119441392,2.166792356322018,59.50276628079782,-10.293094316677069,44.47953873593571,-0.394418,32.39413257057518,4.8764744193417675
9474,GLN_54_A_OE1,54.276,-28.664,40.759,8202,LEU_50_C_CD1,50.004,-28.765,44.993,8,-17.547790930188736,1.395886412692405,-4.233386668407794,-17.29562436873183,-3.273008208517611,-0.4485780812637552,49.4976796619866,-28.776970588515766,45.494816552235186,0.039323,6.015558245084163,3.779026312803193
8194,LEU_50_A_CD1,57.141,-28.124,44.921,8586,LYS_51_C_O,59.96,-27.116,47.373,8,-17.1958703207699,3.863438003647042,0.19486468293208703,-16.386067998994662,6.491674224067709,2.9173127667927017,56.93922441998358,-28.19614962208462,44.74549318119892,0.7317440000000001,3.869771181865926,3.3099096973225524
4810,ARG_35_A_HH21,66.493,-2.577,36.052,4437,ARG_35_C_NE,35.632,-6.471,52.273,8,7.507914698575138,15.96515011211683,-7.6816728661245826,6.071453860808028,-16.56792594118806,5.365201884996517,48.32281665390019,-4.869689606613935,45.60251826114141,0.3167650000000001,35.081125951143584,1.568024019383953
9564,GLN_54_A_HG2,51.836,-28.943,44.28,9483,GLN_54_C_OE1,52.521,-28.937,49.458,8,-17.61654316077045,-1.397748092319413,-0.9745891320153516,-17.625207507173915,-1.2349780307557265,4.245983234704598,51.96387746410456,-28.941879905423907,45.246641619172905,0.8238719999999999,5.22311640689732,3.2762816048478163
1012,TYR_27_A_HE1,37.317,-1.132,44.3,4776,ARG_35_C_HE,36.073,-5.338,53.558,8,11.210762195599331,-13.694813803586749,-2.396602768865418,7.177092993652582,-16.172848130946026,6.6884065674916675,36.9888359074726,-2.2415322935452124,46.74223727380922,-0.24255599999999997,10.244439272112459,2.4648997009895757
652,TYR_27_A_CE1,39.196,1.06,45.033,9294,GLN_54_C_C,57.696,-28.081,46.06,8,13.259821560161821,-11.737630126660118,-1.478135689830619,-17.186744627094384,4.303531726039344,1.3837419840972813,48.7510940248033,-13.991080809556381,45.56343684126881,-0.628948,34.53263109002846,3.685292443012098
8405,LEU_50_A_HD12,57.028,-28.279,44.986,9498,GLN_54_C_OE1,52.493,-29.008,49.473,8,-17.341426327110327,3.733081279411274,0.24815233126399458,-17.693781444321818,-1.2696402539975336,4.2580722968671365,57.30864670415758,-28.233886119662433,44.70832375709921,-0.12457400000000002,6.421124122768535,3.475626264187636
8733,LYS_51_A_HA,49.196,-28.834,44.271,8229,LEU_50_C_CD1,49.721,-28.887,45.689,8,-17.308586524660253,-4.007733630517464,-1.2479025065009846,-17.39092151569015,-3.63255567146187,0.21552513034717288,49.64368104648074,-28.87919446754949,45.480165188399404,0.08247000000000002,1.512996364833702,1.9608115166593914
1079,TYR_27_A_HH,40.317,2.452,42.156,1047,TYR_27_C_HE1,64.752,1.388,47.372,8,14.54257100975211,-10.232500628871106,-4.227785311957269,11.674000466369543,13.407763852444754,3.408782980873835,53.84479548827648,1.8629443667065209,45.043701300055254,0.295532,25.00815820887256,4.1108487659017845
8207,LEU_50_A_CD1,56.551,-28.437,42.912,4802,ARG_35_C_HH21,35.817,-5.68,53.397,8,-17.477804800333544,3.455054899631016,-1.8632621813761878,6.854254770625516,-16.43668112475574,6.502426371959643,51.93298466003746,-23.368408551580618,45.24728942025211,-0.40024200000000004,32.52253111306068,3.0089576900714854
8547,LYS_51_A_O,47.74,-28.635,43.779,622,TYR_27_C_CE1,64.221,2.027,48.175,8,-17.003746127163115,-5.387992439153645,-1.8831654073821888,12.357002913116798,12.849202351300272,4.1548444442778045,52.88017860877342,-19.071978550924673,45.150046973130756,-0.047524000000000066,35.08712614335919,3.7615828911408906
635,TYR_27_A_CE1,37.961,-0.153,45.298,4808,ARG_35_C_HH21,35.995,-5.217,54.034,8,12.145462332212979,-13.08134803208716,-1.3386914295685728,7.307042063944187,-16.288606912999697,7.1542543360897355,37.65111136734513,-0.9512075461669669,46.675002591491825,-0.11416699999999996,10.287222560049917,3.4694264145694422
632,TYR_27_A_CE1,37.676,-0.147,42.707,680,TYR_27_C_CE1,62.793,3.051,45.791,8,12.154412685037776,-13.104804763237404,-3.9452047468083027,13.468806206823857,11.748301346932172,1.640261692670005,55.41699060468788,2.1118560717359527,44.8853339978842,0.278124,25.506900027247525,5.434993624079399
791,TYR_27_A_OH,37.855,0.216,41.808,9370,GLN_54_C_O,58.488,-28.01,46.431,8,12.496414788924842,-12.809878364727936,-4.8215973417103,-17.173093290975434,5.057599631180919,1.8322297046176557,52.8063982342554,-20.237553364032998,45.15798856380374,-0.14281800000000003,35.267547320447456,3.652001021377562
656,TYR_27_A_CE1,39.079,1.283,44.672,8264,LEU_50_C_CD2,53.087,-29.16,44.966,8,13.488428661548058,-11.800729710633581,-1.8489405383670974,-17.922464010324937,-0.24161589195291575,-0.16684117065389228,54.47640134178697,-32.179527773273875,44.99516076488331,-0.599136,33.51248646400324,4.372929571588511
804,TYR_27_A_OH,39.183,1.787,40.829,8567,LYS_51_C_O,59.463,-27.762,48.836,8,13.955608606990522,-11.275415380608223,-5.66197984491068,-16.982205932831235,5.803452645198798,4.322896141132426,50.68288757149226,-14.968925929488396,45.36941419057882,0.04590800000000002,36.72238894734382,3.340775472853292
8557,LYS_51_A_O,46.999,-28.599,43.213,676,TYR_27_C_CE1,62.676,3.274,46.152,8,-16.915952644180347,-6.0638676370408575,-2.5205177598738686,13.702582808141893,11.613074904047023,1.9878265208975179,55.7636715646973,-10.779495197958992,44.85613132159503,-0.314639,35.64118655432223,3.690091180311751
8199,LEU_50_A_CD1,57.1,-28.495,44.097,9497,GLN_54_C_OE1,52.266,-29.263,49.389,8,-17.568605799867324,3.876940507726381,-0.6292614876301611,-17.931508603823286,-1.505796111555835,4.151647635362999,56.46375071080627,-28.596083875486308,44.79353107952279,-0.557117,7.208511913009512,3.590469518257146
8153,LEU_50_A_CD1,56.453,-28.669,43.072,8360,LEU_50_C_HG,51.066,-29.239,47.962,8,-17.70059140887809,3.3242494202159487,-1.7139837381627983,-17.827188179284043,-2.5519438583637157,2.6116485636513516,54.318461104123294,-28.89485616681821,45.009608167966796,-0.3176010000000001,7.297723549162438,3.591890879508175
8715,LYS_51_A_HA,49.961,-29.21,44.005,8272,LEU_50_C_CD2,54.195,-29.173,45.199,8,-17.743169927041595,-3.2507189162705283,-1.4361124658237674,-18.017418601511064,0.833371710715548,0.17595217776724698,53.73287118672424,-29.177038442629,45.068678364891056,-0.4190809999999999,4.399290965598889,2.2687931044860963
8549,LYS_51_A_O,47.258,-28.822,41.906,8265,LEU_50_C_CD2,53.485,-29.288,45.017,8,-17.167224387767643,-5.693258422261491,-3.795104093079755,-18.07978143503001,0.13843828761027413,-0.07629257331129283,53.61274883897288,-29.29756013472962,45.08082313121,0.28053999999999996,6.976460850603262,2.7092573196808893
8324,LEU_50_A_HG,55.984,-28.877,42.62,8457,LEU_50_C_HD12,50.937,-29.351,44.702,8,-17.875816435953684,2.8883320204377854,-2.2107746503753787,-17.952466856533995,-2.362749807165507,-0.6449287598614418,48.85827982023034,-29.546227534220495,45.55951840980392,0.44996600000000003,5.480110309108754,3.4811611282525967
1011,TYR_27_A_HE1,37.061,-0.748,44.3,9281,GLN_54_C_C,57.061,-28.714,46.274,8,11.612985604386765,-13.919668367867692,-2.4220734254224396,-17.768443024791427,3.6041593864391035,1.5327899787794355,49.309581950259464,-17.87519214104781,45.508935038490606,0.34597600000000006,34.43826116400188,2.72075277271322
9294,GLN_54_A_C,48.858,-29.17,44.142,8370,LEU_50_C_HG,51.527,-29.4,48.683,8,-17.619021443673894,-4.355660757623598,-1.4102535929792344,-18.017370230263133,-2.1788221494500366,3.3751234996006034,49.644555953029894,-29.237781142449187,45.480235512442405,0.8501809999999999,5.2722994983213916,2.4972468942756696
9479,GLN_54_A_OE1,54.799,-29.159,40.914,764,TYR_27_C_CZ,62.232,3.899,47.164,8,-18.07974484635026,1.8617295518909447,-4.027003043228724,14.366553018392022,11.118885719468125,2.950544345467961,59.08886174551946,-10.07999427103696,44.521108288644776,0.4937,34.45494671306284,5.158830150251284
1002,TYR_27_A_HE1,37.382,-0.296,45.011,9566,GLN_54_C_HG2,55.608,-29.128,46.258,8,12.044537105083446,-13.6379502263908,-1.682300358185429,-18.071655351829612,2.1328332619501653,1.3711647328292356,47.423577491262165,-16.180931538904357,45.69803210422495,-0.9251969999999999,34.132481729285374,2.8564416741540546
9487,GLN_54_A_OE1,53.674,-29.35,39.877,675,TYR_27_C_CE1,63.141,3.242,46.152,8,-18.19267568753623,0.8347227522015592,-5.171546034339498,13.635564831122842,12.071975749649026,2.0343840623063905,60.468268838366996,-5.959400023232589,44.38043688187947,0.862599,34.51431844901475,5.513449514938231
8415,LEU_50_A_HD12,55.415,-29.19,45.134,8447,LEU_50_C_HD12,50.211,-29.424,45.829,8,-18.12695198081175,2.0489412717975495,0.23345940331220705,-17.962370169430177,-3.2011388578061335,0.4036606374526801,62.55315467303843,-28.869029939759614,44.18069148774756,0.71949,5.25541596831307,2.7414571076592584
805,TYR_27_A_OH,38.715,1.787,40.829,9579,GLN_54_C_HG2,55.109,-29.283,45.921,8,13.990945271833962,-11.739719515247096,-5.708851912018783,-18.1909444690699,1.6596841129370463,0.9858142569034998,52.69492310357461,-24.707828036358613,45.17118424078333,0.62968,35.496994238949306,4.123986481274763
1020,TYR_27_A_HE1,37.114,-0.296,43.492,8266,LEU_50_C_CD2,53.819,-29.468,45.199,8,12.053896633325955,-13.752087670606294,-3.2205038697725827,-18.283178761497386,0.4379673121278062,0.13816462768111987,53.13181098233932,-28.267959411960643,45.12877960771345,0.060001999999999944,33.65971565536465,3.6279263060877542
637,TYR_27_A_CE1,37.961,0.623,44.886,9392,GLN_54_C_O,59.934,-27.911,47.778,8,12.916277283169716,-12.98133549243085,-1.7482787869089336,-17.173915195331872,6.365125281479781,3.317322967104483,45.544487934935724,-9.2248698737294,45.88410891129268,-0.17163600000000004,36.12984291413402,3.331650591220046
1099,TYR_27_A_HH,39.823,2.798,41.62,1034,TYR_27_C_HE1,63.91,2.767,45.971,9,14.921036481392177,-10.642812009847713,-4.810414231096489,13.1025731568357,12.816959015231454,1.931103816650541,57.01029324223105,2.775879931477184,44.72465864976739,0.979036,24.476840707084722,4.40618142790487
1004,TYR_27_A_HE1,37.504,0.121,45.011,1105,TYR_27_C_HH,62.071,4.239,47.481,9,12.451124310419582,-13.485287089072646,-1.6698983034714272,14.719999832198235,10.953275941137926,3.249975057205517,45.84250561058707,1.5187272806772323,45.84936483323768,-0.3201839999999999,25.031905900270562,4.690626413258691
8430,LEU_50_A_HD12,56.71,-29.031,44.776,9380,GLN_54_C_O,59.558,-28.188,48.654,9,-18.068753098107972,3.381537257502408,0.007028776109668178,-17.415455065709278,5.8835748012319415,4.151138669757744,56.70516954065552,-29.032429802397264,44.76942256975495,0.578202,4.884735100289472,2.6163834965392136
8533,LEU_50_A_HD23,53.747,-29.591,45.151,8262,LEU_50_C_CD2,54.169,-29.548,45.436,9,-18.400731748897506,0.36200233800757375,0.08314083409853655,-18.38767841416819,0.7554598679682316,0.4089916934954365,53.639326716417074,-29.601971448327177,45.07828226108737,-0.6646050000000001,0.5110362022401111,2.717661274863724
662,TYR_27_A_CE1,38.203,1.139,44.271,8359,LEU_50_C_HG,51.214,-29.67,47.962,9,13.408115269073523,-12.640673843652522,-2.3357224324390566,-18.268121597330204,-2.437801029658559,2.6262819332329688,44.32755820851514,-13.363460521569667,46.008433275507606,0.40698900000000005,33.64675442000313,4.511844879101319
8317,LEU_50_A_HG,55.318,-29.348,41.477,9374,GLN_54_C_O,58.484,-28.586,46.225,9,-18.303356853796775,2.3060536123427453,-3.414937034182838,-17.7486071491161,5.030524702596893,1.6266117401052926,57.46251771355708,-28.831852653906992,44.69309921161371,0.797628,5.757404276234219,2.626135098627398
638,TYR_27_A_CE1,37.896,0.836,44.497,1127,TYR_27_C_HH,61.559,4.769,48.84,9,13.130786412597402,-12.99080699600807,-2.141739234746026,15.296862571893357,10.349753816628613,4.551095891247924,45.4682731186014,2.094578801312569,45.886780761276505,0.9561299999999999,24.377606670877267,4.832416534672502
8409,LEU_50_A_HD12,56.277,-29.239,44.051,1033,TYR_27_C_HE1,63.928,2.993,46.362,9,-18.24865100258341,3.0086079045479006,-0.7577839079315173,13.329362647607972,12.81289702586182,2.322039907485884,58.15951180166885,-21.30838695707877,44.61961649113275,-0.3947590000000001,33.208136743876494,4.277482653027141
8220,LEU_50_A_CD2,52.447,-29.779,44.576,1042,TYR_27_C_HE1,63.951,3.088,47.382,9,-18.494149827462728,-0.8845481291331052,-0.6192507913274318,13.429655556401755,12.741023819272833,3.339256489448786,54.24663319456972,-24.63743669976332,45.014957818494665,-0.5208680000000001,34.93501597251674,4.0284898169267205
9384,GLN_54_A_O,47.258,-29.29,41.906,8442,LEU_50_C_HD12,50.979,-29.784,45.9,9,-17.63387639066503,-5.728753011803343,-3.795309775139621,-18.37881326363189,-2.4736002055016293,0.5510636859104533,50.50722554397399,-29.7213672181465,45.39361269084443,0.08455599999999995,5.481050355543176,2.76552851156082
9400,GLN_54_A_O,47.307,-29.283,43.703,795,TYR_27_C_OH,64.0,3.141,47.819,9,-17.617729861974382,-5.85912702779197,-2.0024347361125687,13.481932027452292,12.750000815039225,3.7789900270843835,53.08873104711358,-18.052732973605057,45.12860384531957,-0.34740000000000004,36.7003199032379,3.101793532991964
9285,ALA_53_A_O,47.413,-29.396,41.001,1101,TYR_27_C_HH,63.374,3.636,47.552,9,-17.757754232514255,-5.492608122239476,-4.680282018451041,14.020861113220223,12.19315973612006,3.4508536936168976,56.60015219395823,-10.382779570777005,44.77175584378299,-0.6148830000000001,37.266367491345335,3.7955072802530245
781,TYR_27_A_OH,37.664,0.993,42.611,793,TYR_27_C_OH,63.761,3.392,47.754,9,13.2913478133496,-13.020658542936538,-4.041422872022107,13.749789525893231,12.53841827688853,3.690490365623611,51.304739290457306,2.2469423519104557,45.29921405413732,-0.6826470000000001,26.706910322985703,4.444795538716221
1087,TYR_27_A_HH,38.601,2.156,41.127,8544,LEU_50_C_HD23,54.02,-29.798,45.49,9,14.369623748810127,-11.854602933247177,-5.423605682694659,-18.625321343324423,0.5832812284255924,0.44768735613725186,52.84429793596989,-27.361500632076126,45.1573203122535,0.347198,35.746880227510765,4.225114662467493
801,TYR_27_A_OH,38.241,1.853,41.09,9674,GLN_54_C_HE22,51.121,-29.898,47.579,9,14.094413621431992,-12.23104417955413,-5.496608243385203,-18.49118512059522,-2.5090976300258805,2.2357931890102143,47.396799112833875,-20.717324350278624,45.70273140086794,0.18863500000000005,34.873019972465826,4.3027715504578286
1015,TYR_27_A_HE1,37.317,0.54,43.884,1103,TYR_27_C_HH,62.796,4.156,47.498,9,12.8749677258896,-13.526446215662387,-2.809776229155175,14.582618991358242,11.664557250222185,3.3394647433010918,48.95913418587961,2.1922609684893724,45.53534710733423,0.23072399999999993,25.986840766049266,4.907659307688882
795,TYR_27_A_OH,37.697,1.301,41.425,798,TYR_27_C_OH,63.753,3.516,47.893,9,13.587477255016877,-12.846079607580457,-5.218019042807889,13.875031645957089,12.52600008461903,3.828044718018108,52.72681935283063,2.5786730836091447,45.155920769654145,-0.304899,26.93801004157508,4.0349405021062
1094,TYR_27_A_HH,39.627,3.077,42.428,843,TYR_27_C_OH,64.144,3.291,48.623,9,15.219817241321795,-10.8968220795413,-4.025984538905955,13.626383774799645,12.823921544675274,4.59343549390114,51.078473830567226,3.176955761297932,45.321579164676095,0.491574,25.28847781105063,3.6266325529831445
9670,GLN_54_A_HE22,55.805,-29.566,42.237,9676,GLN_54_C_HE22,51.98,-30.009,48.979,9,-18.552058634772454,2.6967508872547796,-2.610079243317988,-18.65670083348753,-1.8051580440563484,3.7147372745289267,54.22652684152648,-29.74881401547811,45.01923948612509,-0.788683,7.764112183630527,3.4759324455982203
9397,GLN_54_A_O,46.945,-29.439,42.359,8558,LEU_50_C_HD23,53.437,-29.978,45.272,9,-17.755570470982178,-6.095835941820118,-3.3760012093958887,-18.762343937174887,0.013011416470852346,0.17231460812539046,53.121733125944935,-29.95182488522557,45.13053783054184,-0.08928399999999997,7.135976036955277,2.6054033383526907
8399,LEU_50_A_HD12,55.927,-29.597,43.156,9418,GLN_54_C_O,59.989,-28.37,46.889,9,-18.585601024591373,2.723629395699273,-1.683494949327943,-17.6421111497165,6.473688878283065,2.4380997339338633,57.586153072945606,-29.095823037788218,44.680770660095014,0.37328900000000015,5.651607028093869,2.4076174445246252
9477,GLN_54_A_OE1,54.887,-29.808,40.881,840,TYR_27_C_OH,64.088,3.513,49.021,9,-18.733756288652312,1.903109061944647,-4.051308793283211,13.854822328084243,12.745441280836925,4.983923234503976,59.01263751460493,-14.86719273729475,44.53089559492275,0.840407,35.513476906661786,4.825541413006423
794,TYR_27_A_OH,37.866,1.737,41.425,8543,LEU_50_C_HD23,54.313,-30.011,45.656,9,14.00946096635175,-12.645346616567172,-5.2009014002451295,-18.85864244481082,0.8412295915429455,0.6421041907124808,52.505593270663404,-26.52212367951734,45.19104360236984,0.14222699999999994,36.0047312724314,4.18003510914979
1107,TYR_27_A_HH,38.67,2.568,41.301,9501,GLN_54_C_OE1,52.357,-30.166,49.778,9,14.776472992776153,-11.772282835974577,-5.243388884728149,-18.835993449672184,-1.5228617004642264,4.547408837737484,45.999971029899,-14.96245018577583,45.840794288043675,0.06522,36.47887407801946,4.012915151163485
793,TYR_27_A_OH,37.638,1.517,41.808,9343,GLN_54_C_C,58.651,-29.016,45.925,9,13.810052207814865,-12.926492758366152,-4.842758978895285,-18.19212604734745,5.193562937592233,1.3446569195377864,54.08442870205266,-22.38053046018055,45.03028843888787,0.07223599999999995,37.29289405503413,4.158333394231885
9447,GLN_54_A_CG,51.784,-30.212,44.33,838,TYR_27_C_OH,63.544,4.079,49.404,9,-18.877603720076728,-1.550577320159555,-0.9306062617143029,14.463009425034272,12.210403345948228,5.310762435539493,53.53745027166485,-25.09911196720582,45.08654818694111,0.42677199999999993,36.604859745667646,4.760298780985724
1083,TYR_27_A_HH,38.048,1.917,42.747,9577,GLN_54_C_HG2,55.679,-29.881,46.0,9,14.184665952854283,-12.58319820917637,-3.867241478014788,-18.829694636166156,2.1719365436830986,1.1212419912464566,51.716148831006585,-22.73388744418055,45.26883586564939,-0.5594560000000001,36.50406791030282,4.113893795955436
9673,GLN_54_A_HE22,55.931,-29.79,42.921,846,TYR_27_C_OH,63.718,3.921,48.24,9,-18.780029736047872,2.73643627476752,-1.9169975403411799,14.283992319651786,12.487328108821115,4.169972554935585,58.38339579182753,-19.173239432605886,44.59613717949539,0.3855340000000001,35.00515177798834,3.7373051248165465
9409,GLN_54_A_O,47.421,-29.752,44.062,9304,GLN_54_C_C,56.479,-29.755,46.156,9,-18.091416203643128,-5.817461367432265,-1.6340284081765928,-18.763345158087017,2.9595908641005977,1.3566361676533254,52.3700770181595,-29.753639129063206,45.206112086114594,-0.678232,9.296892437798773,1.6333594199686627
786,TYR_27_A_OH,37.73,1.727,42.206,1133,TYR_27_C_HH,62.715,4.635,47.713,9,14.015350482399468,-12.859051917819768,-4.437453721738428,15.067894665809963,11.599047563550343,3.5454817346818635,51.61834744347925,3.3434624520967664,45.26716187197279,-0.06579400000000003,25.749441508506553,4.748168480852767
8530,LEU_50_A_HD23,53.755,-30.229,44.728,8548,LEU_50_C_HD23,52.639,-30.307,45.699,9,-19.040526808523175,0.36380838611429,-0.3372114227870665,-19.027085454701975,-0.8462957957632755,0.517100112315834,53.31449564957584,-30.25978793847051,45.111270362241804,-0.11364999999999997,1.481344321891434,2.9138557770553217
8523,LEU_50_A_HD23,54.635,-30.15,44.469,9415,GLN_54_C_O,60.267,-28.568,47.272,9,-19.030053798660376,1.268724266162726,-0.5067389016822904,-17.857789156858164,6.696215328572111,2.846929742809381,55.48599447703702,-29.910960003076603,44.89253294018729,0.19745000000000004,6.486829502923599,1.753691481906915
9415,GLN_54_A_O,46.846,-29.737,43.466,805,TYR_27_C_OH,63.533,4.278,49.005,9,-18.03731097799927,-6.327243236966305,-2.2846135832708354,14.659409971957627,12.254442579372688,4.912754431741083,52.14284556695234,-18.93984041709811,45.224208641178706,-0.352007,38.290425892120865,3.588185378373112
9422,GLN_54_A_O,46.722,-29.747,42.685,9385,GLN_54_C_O,59.947,-28.837,48.514,9,-18.04351140686462,-6.373001539980688,-3.074110088891428,-18.092959838964315,6.2342664302064135,4.0505172824492925,52.428278210300086,-29.35435628193777,45.20007717866459,-0.685307,14.481228055658818,1.4948371394875313
9342,GLN_54_A_C,49.566,-30.292,44.632,1121,TYR_27_C_HH,62.626,4.946,49.232,9,-18.787739352079967,-3.787298302998168,-0.8523014707114879,15.39559488596531,11.382591506230442,5.04806695388231,51.45250206334502,-25.20191120151976,45.2964647390036,0.7821440000000001,37.86080088957443,3.98640609985917
1102,TYR_27_A_HH,38.527,2.798,41.62,9361,GLN_54_C_C,57.504,-29.664,45.698,9,15.018891860958627,-11.928577305770755,-4.9402138015497,-18.753279872367155,4.029151615953668,1.0036368926981645,54.29967702951139,-24.182694616219578,45.009417554215496,0.806695,37.8224544021141,3.626732683005324
9457,GLN_54_A_CG,51.846,-30.473,44.46,8545,LEU_50_C_HD23,53.894,-30.384,45.607,9,-19.14160250911001,-1.5218488334525766,-0.7951650809734141,-19.19928203240467,0.4021440415356046,0.5512221180103023,53.05553176550013,-30.420437340268798,45.13740865968196,-0.987725,2.3490070242551435,2.586744994216815
9454,GLN_54_A_CG,50.916,-30.47,44.188,9455,GLN_54_C_CG,54.919,-30.28,45.712,9,-19.070338367034537,-2.41710451073686,-1.1589393163784298,-19.17222312669753,1.4164477880496158,0.7583977088253666,53.33562368768722,-30.35515400932787,45.10918573570705,-0.813951,4.287503352768368,2.6606385077755914
1098,TYR_27_A_HH,38.083,2.437,42.012,9399,GLN_54_C_O,59.188,-29.167,46.032,9,14.695262899431523,-12.435610634572475,-4.594811863591701,-18.382471557369485,5.704180694326505,1.5048352368036126,53.98121555001404,-21.370022233719205,45.040231533336005,-0.038989000000000024,38.215104880138696,3.8382706487968465
1095,TYR_27_A_HH,38.083,2.437,42.428,9410,GLN_54_C_O,60.359,-28.778,47.67,9,14.69824144786868,-12.477168492338764,-4.180903573378663,-18.071281141284036,6.731802050298887,3.2520504135022548,50.612851276486204,-15.120878775162362,45.37653117217367,-0.7060350000000001,38.70497338844196,3.625804491914113
8518,LEU_50_A_HD23,54.879,-30.339,44.014,9686,GLN_54_C_HE22,51.344,-30.534,48.729,9,-19.24019059193105,1.5419169154631425,-0.935096584562072,-19.133957028847895,-2.450978432182475,3.4020656412284955,54.11685040670818,-30.381042198215535,45.030558792749915,-0.16651099999999996,5.896225487547092,3.1388016484750216
9423,GLN_54_A_O,46.781,-29.963,42.302,9685,GLN_54_C_HE22,51.113,-30.557,48.364,9,-18.26608635966261,-6.292588389194998,-3.449370152804033,-19.14206235564237,-2.6454355589255543,3.015755235548836,49.09227327071905,-30.27991974210691,45.53628868123242,0.73736,7.474416632754691,2.6252097602818685
8521,LEU_50_A_HD23,54.737,-30.398,44.161,9305,GLN_54_C_C,57.004,-29.981,45.913,9,-19.287246327647686,1.3818784568524844,-0.8030835189144255,-19.03007456487467,3.487579694903611,1.1673395271602338,55.660959116802786,-30.228043691351235,44.875061037776135,-0.877549,2.89528616893045,2.4583554176860405
9492,GLN_54_A_NE2,55.29,-30.33,43.714,8540,LEU_50_C_HD23,53.574,-30.579,45.751,9,-19.264397346892842,1.9803233847763442,-1.1924208948760344,-19.3685275088326,0.05549630434919285,0.6623630871091164,54.18680185106124,-30.490079451681673,45.02356563484164,-0.6168079999999999,2.6750749522209656,2.8157149273626305
9452,GLN_54_A_CG,51.248,-30.648,44.319,9443,GLN_54_C_CG,56.347,-30.19,46.015,9,-19.271955601367516,-2.11431317211859,-0.9954251088071017,-19.18813501652051,2.8097272379577363,1.2029336311376106,53.556846385069555,-30.44061587676763,45.086955181227296,-0.7789320000000001,5.393142034102201,2.462565744003533
8512,LEU_50_A_HD23,53.902,-30.582,44.413,9462,GLN_54_C_CG,55.672,-30.343,45.781,9,-19.405864778303478,0.514342966305677,-0.636060060065893,-19.291403415131747,2.1518301075642077,0.9024390327365119,54.633769236383436,-30.483190481640886,44.9785707996455,-0.878905,2.2497655433400148,2.5327012799247246
9330,GLN_54_A_C,49.237,-30.549,44.772,9491,GLN_54_C_OE1,52.442,-30.718,49.773,9,-19.018155336336985,-4.1471776457473934,-0.7460690234025078,-19.392857288232037,-1.4798988778848732,4.550704468238973,49.68843543022528,-30.572804239534502,45.476408295337485,0.49946499999999994,5.9422711987926,2.3262085774182264
9676,GLN_54_A_HE22,55.888,-30.308,42.988,9493,GLN_54_C_OE1,52.096,-30.742,49.439,9,-19.292811259176354,2.647795892927167,-1.854868704481887,-19.393054620729835,-1.7916205353172965,4.183720041665483,54.72321424904406,-30.441311449344642,44.96954875512045,-0.13180100000000006,7.4955334033009295,3.173637446625072
9458,GLN_54_A_CG,51.494,-30.777,44.46,9681,GLN_54_C_HE22,51.706,-30.773,49.163,9,-19.418148882733764,-1.8941253518577181,-0.8305528907346358,-19.396494261949094,-2.1533197446090124,3.870034130496322,51.53145855826952,-30.77629323474964,45.290979243120596,0.9682310000000001,4.707777501114508,3.1826542752094116
9331,GLN_54_A_C,48.815,-30.549,44.772,9414,GLN_54_C_O,60.415,-29.0,47.272,9,-18.9862919334226,-4.56584504920382,-0.7883340069914395,-18.29971969456863,6.810282314137222,2.8615626728994172,51.320461190582016,-30.214434535843832,45.311970084177155,-0.215327,11.967013035841486,1.1600089853079087
9575,GLN_54_A_HG3,52.473,-30.806,44.582,9509,GLN_54_C_NE2,51.716,-30.804,46.702,9,-19.520111910923408,-0.9372437519937811,-0.6111283143439572,-19.445780720079604,-1.8998991612141762,1.4223963196761087,52.24550133771735,-30.805398946731092,45.2191164650452,-0.633371,2.2511003975833654,2.934859010739946
9691,GLN_54_A_HE22,55.088,-30.51,40.711,9583,GLN_54_C_HG3,54.736,-30.642,45.653,9,-19.450128132789295,2.066262629256263,-4.200631579224541,-19.519785341515956,1.213331772571352,0.6812070935489831,54.78511774292472,-30.623580846403232,44.963398052460334,0.748473,4.956278039012743,3.2707627314944605
9413,GLN_54_A_O,46.76,-30.197,43.466,9351,GLN_54_C_C,57.374,-30.11,45.698,9,-18.489492533888722,-6.447451926641935,-2.293428992499116,-19.188179502415423,3.8663522047598247,0.9904208608119389,54.172779637851434,-30.136239511165147,45.024820817004375,0.021025000000000016,10.846492013549824,1.4415052406217073
9419,GLN_54_A_O,46.647,-30.197,42.685,9446,GLN_54_C_CG,56.063,-30.453,45.895,9,-18.486552328746175,-6.481538666886139,-3.0818194093188804,-19.42979306777156,2.520011125802825,1.054977689643581,53.66170506383419,-30.387714156365924,45.07637672630712,-0.15928399999999998,9.95141658257758,1.8754661795884506
9689,GLN_54_A_HE22,55.488,-30.484,40.98,9463,GLN_54_C_CG,55.343,-30.6,45.641,9,-19.452479266638115,2.4382029422415514,-3.892911128578132,-19.52382419160608,1.8199223998499925,0.7300793616328667,55.365898923902385,-30.581680860878098,44.90491803924834,0.8854609999999999,4.664697417839662,2.93169679878415
9715,GLN_54_A_HE22,55.702,-30.52,41.044,9365,GLN_54_C_C,57.775,-30.11,45.558,9,-19.504075554871722,2.6413890829040283,-3.8078157980176237,-19.21945968186216,4.278171265846103,0.8912865514140649,57.381810645164,-30.187765381323093,44.701822118798994,0.6873090000000001,4.9841373375941425,2.837647875085581
9668,GLN_54_A_HE22,55.697,-30.592,43.162,9416,GLN_54_C_O,60.321,-29.228,46.889,9,-19.560325821101973,2.4193824232612253,-1.7009978299379698,-18.522707712139535,6.737993610918102,2.4709737746871223,57.58229901711543,-30.035869407581004,44.681573840136075,0.41613500000000003,6.093636106627962,2.032173761762931
9325,GLN_54_A_C,47.651,-30.539,44.237,9409,GLN_54_C_O,60.434,-29.228,47.67,9,-18.892262693965076,-5.666448534633618,-1.4372187964470111,-18.52564791728208,6.772080351162306,3.259364191506887,51.562773287537716,-30.13781602284582,45.287545075187126,-0.405416,13.300725506527824,1.1295782329214528
9412,GLN_54_A_O,46.998,-30.417,43.801,9342,GLN_54_C_C,59.292,-29.657,45.925,9,-18.72443062454665,-6.26148300207105,-1.9363734608909982,-18.879678902095048,5.780885412821274,1.4085739127341972,54.114935685117715,-29.977039765683315,45.03057307590613,-0.9753970000000001,12.499256457885808,1.2096574019691084
9451,GLN_54_A_CG,51.215,-31.027,44.39,9701,GLN_54_C_HE22,51.005,-30.989,48.752,9,-19.646863908209095,-2.1828899237607367,-0.9282537563166969,-19.561885366445285,-2.8241075976821,3.3907978226865674,51.16986664484996,-31.01883301192523,45.32748426268803,0.748264,4.3672174207382914,3.2951232769227143
9493,GLN_54_A_NE2,55.146,-30.775,43.714,9700,GLN_54_C_HE22,51.292,-31.023,49.071,9,-19.69724277755926,1.803710376797451,-1.2070386431243405,-19.61517353810809,-2.573820430179841,3.7369230955929646,54.2050689862806,-30.835547714427197,45.021879460429375,0.3515249999999999,6.603958585575774,3.1660761977204954
9395,GLN_54_A_O,47.032,-30.537,41.92,9614,GLN_54_C_HE21,52.356,-31.07,46.256,9,-18.860120085580718,-6.0489432336984255,-3.804563016858057,-19.762531542619882,-1.2405727926565182,1.0426205224685638,51.21081710841224,-30.9553526519128,45.32333414389097,0.830195,6.886941338504347,2.5094514320056898
9417,GLN_54_A_O,46.666,-30.425,43.083,9420,GLN_54_C_O,60.083,-29.448,46.554,9,-18.712480551459624,-6.519740629861054,-2.684017890711418,-18.726502273778298,6.518653704726673,2.113724866783404,54.17191889976168,-29.87843349742363,45.02479358284809,-0.788683,13.893101129697433,1.0583583067213616
9393,GLN_54_A_O,47.185,-30.619,41.531,9461,GLN_54_C_CG,55.923,-30.734,45.781,9,-18.95622149844064,-5.864510041898658,-4.176319544990221,-19.7002291330988,2.3711932556058652,0.9274058429047313,54.33520448997474,-30.71310317193261,45.00872591924841,-0.29957999999999996,9.717426048084956,2.3511807459318854
9328,GLN_54_A_C,49.026,-30.915,44.82,9671,GLN_54_C_HE22,51.622,-31.119,46.887,9,-19.366825753351666,-4.389065074167265,-0.7196037202448491,-19.751451284233255,-2.0355286772597907,1.5969131973333117,49.83242245415097,-30.978370639694457,45.46209368749232,-0.655,3.3246535157817547,2.213874790194384
9580,GLN_54_A_HG3,52.971,-31.18,44.64,9413,GLN_54_C_O,60.415,-29.456,47.272,9,-19.930221222654456,-0.4773359905787043,-0.503707630015225,-18.754406261494296,6.775697842275929,2.8613622647385224,54.085270940903506,-30.921939400575276,45.03397650677835,0.157016,8.081629538651226,1.6890507372845538
9456,GLN_54_A_CG,51.364,-31.223,44.46,9452,GLN_54_C_CG,55.525,-30.926,45.609,9,-19.853048512782028,-2.0569247630515672,-0.8437689226208621,-19.862856357609914,1.9789570135107093,0.7163250142279316,53.614455824549296,-31.06236905073513,45.08143084412573,-0.966097,4.326930898454471,2.71536825278837
9340,GLN_54_A_C,49.817,-31.147,44.632,9591,GLN_54_C_HG3,54.282,-31.136,45.632,9,-19.65922859428717,-3.6031263719381834,-0.8275385846368117,-19.97823322997582,0.727548439302128,0.6146256645726229,52.37909359123197,-31.140688011309393,45.20581715369137,-0.996488,4.575625203182617,2.0508438074684627
9420,GLN_54_A_O,46.722,-30.647,42.685,9447,GLN_54_C_CG,56.174,-30.851,45.885,9,-18.940919104744218,-6.441260366022713,-3.0745056313142474,-19.835099425935447,2.6009479595787384,1.0559701463193791,53.757564131508126,-30.798846707874272,45.0669091431259,-0.201497,9.981078098081385,1.93680227614366
9714,GLN_54_A_HE22,56.031,-30.805,41.044,9401,GLN_54_C_O,59.799,-29.779,46.364,9,-19.81309603256242,2.946175626230445,-3.7749903905571447,-19.036465660256805,6.230773167807336,1.896091010258709,58.53919249210089,-30.122036757724125,44.585290885874926,0.883264,6.599462099292639,2.3918935194988813
9702,GLN_54_A_HE22,56.474,-30.77,42.171,9612,GLN_54_C_HG3,54.8,-31.156,45.431,9,-19.803576578127537,3.2757458684602554,-2.6092735143715715,-20.038726727224113,1.2600204917369646,0.466507299180264,55.053897551927946,-31.09745492530216,44.93655195980578,-0.207578,3.684952102809477,2.6113620372712543
9621,GLN_54_A_HE21,54.61,-31.183,44.157,9581,GLN_54_C_HG3,53.735,-31.299,45.916,9,-20.06042468086841,1.1967441245243977,-0.8201279638838385,-20.097428688474196,0.1441345177228217,0.8423418009811181,54.17834585292043,-31.24022500692712,45.02474816538624,-0.9948579999999999,1.9680350606633006,2.5645794233738477
9396,GLN_54_A_O,47.211,-30.902,41.949,9582,GLN_54_C_HG3,54.097,-31.299,45.751,9,-19.237376643105843,-5.901936631544668,-3.7579416834634025,-20.125943145155762,0.5197590350030384,0.7144271897040626,52.99701344526441,-31.235582244811205,45.143659180786415,0.726397,7.875900519940563,2.271233756021598
9669,GLN_54_A_HE22,55.789,-31.022,43.162,9611,GLN_54_C_HG3,55.21,-31.156,45.431,9,-19.996033800613667,2.478043335406053,-1.6919726442794163,-20.069684061809177,1.6667826609718814,0.5075704348946288,55.34361105976353,-31.12507792399255,44.9074015637246,-0.40683800000000003,2.3455400231076835,2.6002277780754963
9334,GLN_54_A_C,49.237,-31.281,44.772,9695,GLN_54_C_HE22,51.531,-31.44,49.28,9,-19.74804693061239,-4.202694824261573,-0.7463907312397344,-20.04752186482712,-2.3892132655806138,3.9686257480635114,49.60014196248938,-31.30616982216034,45.48561986351444,0.8785379999999999,5.060610733893688,2.453576374292043
9509,GLN_54_A_NE2,55.614,-31.123,43.421,9715,GLN_54_C_HE22,50.902,-31.44,47.552,9,-20.081674957438793,2.2708914167902723,-1.4518462715681757,-20.012401215201717,-2.8406210117134885,2.186317529291817,53.733628470270595,-31.24950207447458,45.06951756988798,-0.931968,6.274439735944554,3.0832265545572857
9391,GLN_54_A_O,47.3,-31.036,41.961,9367,GLN_54_C_C,58.409,-30.476,45.558,9,-19.3776247652328,-5.82500124286004,-3.737147208047857,-19.632276089065545,4.879405884625441,0.9546233268683959,56.14867834546489,-30.589941860342037,44.82612701491018,0.41126899999999994,11.690247644938925,1.8001791456849996
9333,GLN_54_A_C,48.815,-31.281,44.772,9472,GLN_54_C_CD,52.499,-31.524,49.531,9,-19.716183527698004,-4.6213622277179995,-0.7886557148286661,-20.20257227550423,-1.4603031016443688,4.315275827372321,49.38424894650446,-31.318548179696148,45.50735714886393,0.923631,6.0232039646686415,2.6472108215897605
9608,GLN_54_A_HG3,53.165,-31.515,44.6,9506,GLN_54_C_NE2,51.453,-31.54,47.011,9,-20.279190813744037,-0.3062795413844618,-0.5242238597816126,-20.157590364050087,-2.2475114595450174,1.7031786567270029,52.762077204818425,-31.520883802499736,45.167433913074056,-0.9797499999999999,2.95710838489224,2.709316667717778
9319,GLN_54_A_C,47.506,-31.168,41.479,9402,GLN_54_C_O,60.009,-30.005,46.718,9,-19.528249840511116,-5.582488178138125,-4.196149931500111,-19.275136269993634,6.386610078453234,2.269244058388024,55.62065823669837,-30.41319335125328,44.87919951228208,-0.665163,13.606053762939496,1.7709194737915372
9298,GLN_54_A_C,50.472,-31.542,44.263,9625,GLN_54_C_HE21,52.742,-31.581,45.943,9,-20.105189121075416,-2.9463944253042875,-1.1292559338516157,-20.303445960309134,-0.8651086444072188,0.769629192724691,51.82195578930306,-31.565193073032088,45.26208622292033,-0.9951869999999999,2.8243266454147933,2.795968677748878
9470,GLN_54_A_CD,54.575,-31.399,40.482,9283,GLN_54_C_C,59.643,-30.288,48.939,9,-20.299472726917962,1.5127661162959862,-4.480249837865167,-19.513783752682674,5.780161821018474,4.442295804219336,57.1197789329544,-30.841137057120697,44.728486865823854,0.518125,9.921683022552171,3.7811372841387123
9323,GLN_54_A_C,47.243,-31.132,43.655,9626,GLN_54_C_HE21,53.12,-31.609,45.92,9,-19.45691543552759,-6.058060438818454,-2.0574158602474326,-20.360071142644085,-0.4899197043302402,0.7845907424253883,51.49754078794276,-31.47731494909796,45.29470306018213,-0.669114,6.316397945031642,2.0202097240255505
9719,GLN_54_A_HE22,55.792,-31.222,40.835,9448,GLN_54_C_CG,56.284,-31.236,45.982,9,-20.212345505878478,2.6983152828322727,-4.007059579006163,-20.22660160574329,2.6711894907922336,1.1633301505038702,56.17330071735576,-31.23285002041256,44.82393250453272,0.9690460000000001,5.170480538596,2.9468292391510666
9595,GLN_54_A_HG3,51.169,-31.679,44.307,9353,GLN_54_C_C,57.856,-30.86,45.698,9,-20.29410694510358,-2.269684790439695,-1.0157300520189363,-19.9724129952094,4.287663424288776,1.038365465088021,54.47565580119513,-31.27401254655619,44.9948358336268,-0.6871560000000001,6.879070504072484,2.202326541657157
9693,GLN_54_A_HE22,55.19,-31.399,40.755,9621,GLN_54_C_HE21,53.462,-31.674,45.916,9,-20.343954056383676,2.0956370259892227,-4.147027818841308,-20.450735508098685,-0.1551507383340296,0.8148349524918831,53.745771410616356,-31.628839619259555,45.06846281817651,0.862092,5.449544017622017,3.2026072255618345
9713,GLN_54_A_HE22,56.153,-31.222,41.044,9403,GLN_54_C_O,60.122,-30.144,47.152,9,-20.238106627261377,3.0355855847496547,-3.762954871821622,-19.41916061883039,6.44481946993504,2.71231815341668,58.45949237924765,-30.595545279710517,44.593522663755266,0.7376480000000001,7.363607064475946,2.469242120954755
9696,GLN_54_A_HE22,56.421,-31.222,42.563,9641,GLN_54_C_HE21,51.92,-31.753,46.469,9,-20.247466155503883,3.1497230289651474,-2.224751360234468,-20.409118716632538,-1.7462089230558402,1.2105822146401,53.5061139622501,-31.56588013464679,45.09255895655435,-0.966206,5.983126105975034,2.7058762743905262
9630,GLN_54_A_HE21,53.751,-31.7,44.305,9313,GLN_54_C_C,56.633,-31.272,46.119,9,-20.510016480190313,0.2905318643405924,-0.7591316240341356,-20.28786848471079,3.0010169115982888,1.3345792148108333,54.79594722951968,-31.544816997142814,44.96271487659567,-0.8591890000000001,3.4321573390507654,2.187522475891606
9701,GLN_54_A_HE22,56.564,-31.222,42.171,9696,GLN_54_C_HE22,51.736,-31.795,49.28,9,-20.261070178865847,3.330754025820476,-2.600458305506892,-20.416978012949937,-2.212756495679735,3.9890012964094703,54.65868249940617,-31.448128195493013,44.97648925263495,-0.004875000000000018,8.612537024593859,2.993344645481941
9299,GLN_54_A_C,50.096,-31.748,44.28,9593,GLN_54_C_HG3,54.147,-31.709,45.696,9,-20.282083911410606,-3.3367470622692914,-1.1500898477119872,-20.538931290699892,0.543762918483961,0.6645312458021995,52.6634858457964,-31.723282165394707,45.177447533361565,-0.8577180000000001,4.29152397173778,2.330743230417777
9354,GLN_54_A_C,49.864,-31.753,44.405,9602,GLN_54_C_HG3,55.776,-31.511,45.64,9,-20.268657192173066,-3.5797814766545746,-1.0489562893106417,-20.464901331314895,2.1805097327901466,0.7720506904251366,53.26949468036872,-31.613600522217652,45.116398161409904,-0.315449,6.044463003443736,2.3396599446368853
9318,GLN_54_A_C,47.565,-31.475,41.799,9312,GLN_54_C_C,57.011,-31.292,46.191,9,-19.83652922230147,-5.579205536773854,-3.8719847775605922,-20.33583651237181,3.3673222206230515,1.4440666063341745,54.44506295793949,-31.34171061599588,44.997945216098906,0.528843,10.41873643970324,2.416753604435771
9338,GLN_54_A_C,49.143,-31.731,44.632,9284,GLN_54_C_C,59.607,-30.608,48.623,10,-20.190655640414516,-4.316096087833579,-0.895299036674897,-19.832406391490814,5.751744301649934,4.124138518224065,51.009426072104944,-31.530694526091953,45.343860326239565,0.602968,11.255421182701248,2.545565956190501
9594,GLN_54_A_HG3,51.45,-31.97,44.382,9315,GLN_54_C_C,59.846,-30.572,48.234,10,-20.604948869547513,-2.0204666450811106,-0.9130917841456885,-19.817341173655528,6.030447829229355,3.7610470931995157,53.09015636267134,-31.69690107253281,45.13448717353621,-0.13165299999999996,9.342650801565897,2.8673841876885593
9379,GLN_54_A_C,47.456,-31.597,42.096,9475,GLN_54_C_CD,53.337,-31.996,49.725,10,-19.947821188944594,-5.726267523581337,-3.587448540506437,-20.73509749411526,-0.6840992210757121,4.592021969772603,50.03535826533087,-31.77199812070516,45.44201669889632,0.06480999999999992,9.640902602972405,3.2837462784758245
9638,GLN_54_A_HE21,54.76,-31.85,44.317,9333,GLN_54_C_C,59.846,-30.572,46.586,10,-20.735683755527358,1.2789883864335485,-0.6462025101004321,-19.82914080784888,6.195080881149655,2.12133348197092,55.947549493768626,-31.55159491682338,44.84679744423142,-0.33146,5.713933933814775,2.0900181910685856
9361,GLN_54_A_C,47.456,-31.597,43.744,9660,GLN_54_C_HE21,52.204,-32.053,46.033,10,-19.93602155475124,-5.890900575501638,-1.9477349292778414,-20.732819980934206,-1.4436488234634268,0.8050863729547242,50.81540637945191,-31.91963886036859,45.36356217408708,0.1122189999999999,5.290648447969302,2.261569961055312
9350,GLN_54_A_C,48.188,-31.753,44.405,9323,GLN_54_C_C,60.043,-30.565,47.41,10,-20.142109648844848,-5.242545856258751,-1.2168143757917997,-19.831135774841687,6.308739518972951,2.9609236999670854,51.640905415184854,-31.406981304661354,45.280240891828804,-0.322812,12.287489328581323,1.8870004215726248
9626,GLN_54_A_HE21,54.121,-31.985,44.322,9609,GLN_54_C_HG3,55.21,-31.866,45.431,10,-20.822010971812038,0.6342963467490924,-0.7052853815271641,-20.77763902346975,1.6129340315387284,0.5072583958721824,54.75442519651571,-31.915782737938137,44.96705834980342,-0.9768669999999999,1.5588338590112756,2.281121262757606
9717,GLN_54_A_HE22,56.031,-31.639,41.044,9628,GLN_54_C_HE21,53.857,-32.051,45.828,10,-20.644693832597515,2.8829224474315014,-3.7753569265356237,-20.85710444827124,0.21692810962310316,0.7666725671073595,54.22396066443958,-31.981456396619553,45.020483984048326,0.7408760000000001,5.270927432625122,2.859572701127997
9604,GLN_54_A_HG3,51.776,-32.149,44.6,9699,GLN_54_C_HE22,51.621,-32.142,49.071,10,-20.80648727179833,-1.7323949533138039,-0.6636163889250128,-20.75579181583388,-2.332287065652369,3.7693819670749646,51.75279662115278,-32.14795210547142,45.269305205328564,0.934783,4.473691428786743,2.9828869869202803
9709,GLN_54_A_HE22,56.318,-31.673,41.363,9450,GLN_54_C_CG,56.084,-31.817,46.053,10,-20.697982004260318,3.1332096149337594,-3.429231653629219,-20.790318633859265,2.421611248611311,1.2136870094405434,56.145169014755325,-31.77935752938134,44.827005644433875,0.988504,4.698041293986248,2.8298920036503006
9707,GLN_54_A_HE22,56.474,-31.674,41.755,9427,GLN_54_C_CB,56.895,-31.688,46.474,10,-20.707951303101527,3.248741527624333,-3.023579104973754,-20.71991096678815,3.1939330752319703,1.7138517388476953,56.742695595810986,-31.682935245466396,44.76681595399536,0.492082,4.73776297423161,2.7525130296765044
9376,GLN_54_A_C,47.403,-31.807,42.497,9287,GLN_54_C_C,59.518,-30.994,48.519,10,-20.150343367807924,-5.834835411454135,-3.1938652827434906,-20.21131921224823,5.644561160223954,4.01157809685087,52.77306202977279,-31.4466318258188,45.166295381204435,-0.651248,13.553548539035821,2.7203088320849265
9351,GLN_54_A_C,48.573,-32.009,44.405,9654,GLN_54_C_HE21,51.905,-32.27,46.352,10,-20.426441975140694,-4.880002102170606,-1.1783675996608292,-20.92433471441746,-1.7886132217400998,1.092440981027138,50.302040869169325,-32.144438075286075,45.41533690644438,-0.18402600000000002,3.86796509808452,2.150672796753884
9584,GLN_54_A_HG3,53.235,-32.244,44.456,9338,GLN_54_C_C,59.4,-30.983,46.225,10,-21.012407483611685,-0.27773657854931333,-0.6608094164879957,-20.20786620027344,5.7574949081468665,1.7172993332111128,54.94807979635664,-31.893603629650332,44.947555257056756,-0.06693899999999992,6.536566912378392,2.080199560172561
9426,GLN_54_A_CB,50.771,-32.271,43.815,9714,GLN_54_C_HE22,51.105,-32.276,47.944,10,-20.857873226444458,-2.6602907056563754,-1.545377669799678,-20.858514201365495,-2.741789286927661,2.5963103399859406,50.89562458313942,-32.27286563747215,45.35564342449908,0.327642,4.142489831007438,2.8670022656897034
9468,GLN_54_A_CD,54.354,-32.148,40.782,9477,GLN_54_C_CD,53.331,-32.315,49.425,10,-21.027480605426945,1.2067352651887986,-4.204221493307113,-21.05487362452711,-0.6842761908952879,4.292789292578907,53.84783157253405,-32.23062964553941,45.05845524788684,-0.02849700000000005,8.7049334862479,4.07483505198902
9636,GLN_54_A_HE21,54.555,-32.205,44.389,9332,GLN_54_C_C,59.661,-30.999,46.586,10,-21.07366705106637,1.0414902809476596,-0.5952521241627311,-20.2409423510992,5.979156832768115,2.1026173309996343,55.68157687723144,-31.938910749326066,44.87374136296073,-0.434,5.687924138031378,1.9924825817997494
9362,GLN_54_A_C,47.698,-31.995,43.744,9470,GLN_54_C_CD,52.836,-32.375,49.094,10,-20.351147559121486,-5.680997255106448,-1.9236725814566142,-21.079695436601103,-1.1468512223761325,3.913851015420395,49.39115456451633,-32.12022357620012,45.50701613860692,0.868644,7.427378003037141,2.8241734423806877
9637,GLN_54_A_HE21,54.965,-32.205,44.317,9505,GLN_54_C_NE2,52.166,-32.43,48.874,10,-21.105139903650173,1.4554451563344344,-0.6258269617544725,-21.08552339696958,-1.7937537925378702,3.6278298630625962,54.55319205730681,-32.238103532370836,44.98745687561732,0.621228,5.352688576780837,2.8223627270446863
9461,GLN_54_A_CD,53.366,-32.372,40.679,9643,GLN_54_C_HE21,51.713,-32.451,46.998,10,-21.176973261589023,0.2198383499923966,-4.405754181795682,-21.08569093834434,-2.057359135606319,1.7158836831099102,52.176332818891666,-32.428856447252,45.22679607829616,0.259829,6.532106168763635,3.9376665646292337
9360,GLN_54_A_C,49.485,-32.328,44.105,9604,GLN_54_C_HG3,54.895,-32.274,45.64,10,-20.815532332745455,-3.969428654044694,-1.3856589144501679,-21.15918311867309,1.2485988045053522,0.6834796935577916,53.107964019018766,-32.29183732772144,45.1329574434739,-0.026056000000000024,5.623810185274753,2.2231493003220777
9467,GLN_54_A_CD,53.94,-32.359,40.782,9335,GLN_54_C_C,58.198,-31.595,46.225,10,-21.20661349723499,0.7800017819968617,-4.245777977703238,-20.727345590511444,4.518571278583742,1.5966452689278245,57.03435346702844,-31.803789561106225,44.73751101950113,0.969937,6.952733922709834,3.1112669771101458
9606,GLN_54_A_HG3,52.535,-32.495,44.6,9629,GLN_54_C_HE21,54.019,-32.418,45.968,10,-21.20879949747924,-1.0056306152594814,-0.5877515749456605,-21.2342768914104,0.33582852169884436,0.9220322792101296,53.11271404484058,-32.46502427125827,45.132555804138775,-0.277887,2.0198041984311277,2.387336415358453
9625,GLN_54_A_HE21,54.014,-32.417,44.277,9317,GLN_54_C_C,59.697,-31.199,47.833,10,-21.2450097562737,0.4998725464520377,-0.7609654520879875,-20.434156003610024,5.875130232820991,3.3468648750948073,55.06676175493399,-32.19136849947042,44.93574024292544,0.254067,6.813600296465884,2.781387514540905
9609,GLN_54_A_HG3,51.777,-32.545,44.281,9709,GLN_54_C_HE22,51.489,-32.532,48.36,10,-21.203706195692767,-1.7295690497199123,-0.9810862942216066,-21.139792473530072,-2.4217954934575943,3.0485652523404037,51.70688156681267,-32.5418349318353,45.27410100337192,0.9066500000000001,4.08917522246235,3.0320456678727252
9377,GLN_54_A_C,47.676,-32.183,42.497,9327,GLN_54_C_C,59.697,-31.199,46.987,10,-20.545873416080738,-5.592508353572344,-3.166688492431519,-20.440213340095205,5.95964453010532,2.5051186887480936,54.3875755440054,-31.63361223398209,45.00386084290693,-0.129059,12.869840597303451,2.609425192059136
9358,GLN_54_A_C,48.567,-32.328,44.105,9466,GLN_54_C_CD,54.156,-32.5,49.247,10,-20.746218105552554,-4.880179071990181,-1.4776002768545256,-21.302907435117703,0.1379596489113949,4.198230038450594,50.02199556691662,-32.372777104582156,45.4436271614037,0.964027,7.596490571309888,2.9201894832692354
9591,GLN_54_A_HG3,51.671,-32.628,44.073,9520,GLN_54_C_HB2,56.388,-32.198,46.513,10,-21.279952798473477,-1.820248003750647,-1.1986932400213486,-21.18988136975688,2.6483608787837793,1.7016534276484587,53.62050351149693,-32.450283970756054,45.08143514268656,-0.508946,5.328094312228338,2.7553899085110656
9363,GLN_54_A_C,48.039,-32.314,43.744,9667,GLN_54_C_HE21,53.149,-32.625,45.824,10,-20.694976173728065,-5.3668841443201085,-1.889660268835319,-21.376021744044557,-0.5286150770465524,0.6915313869345782,51.77997132700838,-32.54167946823868,45.266743710406544,-0.279024,5.525868348051732,2.2468045574907083
9462,GLN_54_A_CD,53.351,-32.611,41.011,9321,GLN_54_C_C,59.62,-31.37,47.41,10,-21.411775165175655,0.1536639294885606,-4.077030875437471,-20.601878196003277,5.828026284927145,2.918204771665974,57.00475919375937,-31.88770838100887,44.74052705070445,0.7078850000000001,9.043652083091205,3.777195203185779
9593,GLN_54_A_HG3,51.301,-32.693,43.794,9510,GLN_54_C_NE2,52.384,-32.697,48.698,10,-21.31882610207811,-2.1643841266784443,-1.5133759296677376,-21.369474743764517,-1.5801433186461453,3.4744310426724234,51.62959854860445,-32.69421366038266,45.28194762913781,0.9183569999999999,5.022162980230732,3.087712739265405
9536,GLN_54_A_HB2,50.368,-32.681,43.589,9655,GLN_54_C_HE21,52.008,-32.721,46.352,10,-21.237881647803796,-3.0686267369267757,-1.8107835575684315,-21.38181276951488,-1.7206318841665325,1.1025586312475122,51.38733959073279,-32.70586194123738,45.30633859097238,-0.35996399999999995,3.2133112205324887,2.4642246424132055
9683,GLN_54_A_HE22,55.515,-32.392,41.557,9316,GLN_54_C_C,59.379,-31.537,47.833,10,-21.35289093592171,2.2626394601194395,-3.316946762496427,-20.74717163942007,5.534006544615199,3.3148673582644395,57.447605778283744,-31.964365957444983,44.695983919386336,0.723679,7.419548301615128,3.161402818407332
9611,GLN_54_A_HG3,52.656,-32.745,44.281,9326,GLN_54_C_C,59.379,-31.537,46.987,10,-21.469499633677508,-0.8726792710036712,-0.8931388357257732,-20.75322897590525,5.618520841899527,2.473121171917726,54.43975181327356,-32.42449246014659,44.99895811493653,0.6421969999999999,7.347137469790531,2.7436107800502296
9378,GLN_54_A_C,48.033,-32.479,42.497,9511,GLN_54_C_NE2,52.818,-32.784,48.698,10,-20.867976369513933,-5.260777204936254,-3.1310636076711074,-21.488993625803246,-1.1561690341522777,3.517859638368382,50.286318140141034,-32.622628428995405,45.41713078098529,0.47612299999999996,7.838472491499857,3.088618973724274
9373,GLN_54_A_C,47.947,-32.479,42.92,9634,GLN_54_C_HE21,53.73,-32.748,46.131,10,-20.85845421157789,-5.388355198832569,-2.7188037575988084,-21.540338159565785,0.007799073777176577,1.0551231557994827,52.11317557546603,-32.67279236206128,45.23326124378722,0.255194,6.620118654525758,2.4464836017648204
9627,GLN_54_A_HE21,53.428,-32.77,43.936,9527,GLN_54_C_HB2,57.386,-32.188,46.782,10,-21.555188211548757,-0.0742068976100681,-1.1590962318432458,-21.253338823312404,3.6123652069002237,2.0692589321788173,54.84906510980036,-32.561040956568014,44.95781690310556,-0.10348700000000005,4.909603242625622,2.7189211728616844
9582,GLN_54_A_HG3,52.969,-32.823,43.862,9480,GLN_54_C_CD,54.019,-32.788,48.24,10,-21.573908278103918,-0.5262092894603182,-1.2787181231082616,-21.586943710356252,0.08079672131183313,3.1824457138733475,53.26996496751218,-32.81296783441626,45.11688059787459,0.965956,4.502289306563939,3.1031860049468367
9507,GLN_54_A_NE2,54.127,-32.731,41.517,9325,GLN_54_C_C,58.987,-31.786,46.987,10,-21.586398997586652,0.8638858252178057,-3.495908361692857,-20.971913540227522,5.210731582125256,2.4337513746115653,56.99227649028579,-32.173862904666656,44.74190995923113,0.9084479999999999,7.377907901295596,3.330703728965985
9316,GLN_54_A_C,48.513,-32.672,42.285,9288,GLN_54_C_C,58.798,-31.89,47.791,10,-21.098181112006042,-4.778027038435523,-3.294008547075972,-21.055586791476472,4.935017904542544,3.214733932047542,53.71813417381948,-32.27623773223852,45.071530749737484,0.6746950000000002,11.69225320457952,2.9203380407603277
9574,GLN_54_A_HG3,52.709,-32.912,43.524,9319,GLN_54_C_C,58.872,-31.887,47.41,10,-21.645440518364175,-0.7571403109554039,-1.6410977609393407,-21.060910803257666,5.04672244838224,2.843062370337315,54.964513898828955,-32.53687396620158,44.94618513886895,0.9838650000000001,7.357594036096306,3.135919137838596
9370,GLN_54_A_C,48.91,-32.764,43.343,9458,GLN_54_C_CG,54.684,-32.798,47.103,10,-21.21231663109169,-4.496832596111899,-2.2016076275920256,-21.655267081979204,0.8533715043347794,2.1177607268808942,51.85304199097823,-32.7813300013324,45.25949426499449,0.918789,6.890415952611279,2.5074785183984862
9308,GLN_54_A_C,49.144,-32.813,43.178,9459,GLN_54_C_CG,54.255,-32.874,47.194,10,-21.280025222478407,-4.251913557723405,-2.3423634846185983,-21.698004676223036,0.4129045208858897,2.165303702489088,51.799879254823004,-32.844698030628884,45.2648736230423,0.888702,6.5003306069768545,2.6250475837533824
9656,GLN_54_A_HE21,55.647,-32.657,43.397,9541,GLN_54_C_HB2,55.936,-32.664,46.591,10,-21.61392004972988,2.1896850027850827,-1.4730946944336025,-21.619852081755997,2.1567953881806448,1.7337868257113547,55.779753381756386,-32.66021547983494,44.864177513252265,0.275753,3.2070556590118637,2.448787870366873
9643,GLN_54_A_HE21,55.06,-32.788,44.108,9513,GLN_54_C_NE2,52.931,-33.01,48.339,10,-21.695130143074515,1.526357204187194,-0.8245176732971548,-21.725445243393366,-1.0253383294875462,3.1718828194108872,54.62075520217441,-32.833801946978525,44.98091908858623,0.790267,4.741654352649509,2.6783986382953575
9443,GLN_54_A_CG,52.763,-33.019,42.994,9431,GLN_54_C_CB,54.918,-32.892,48.806,10,-21.760004415195844,-0.658735663770214,-2.163071552383989,-21.754471230181515,0.9082668362590829,3.8355925112859808,53.54007621995682,-32.9732047888935,45.08976194449608,0.7000409999999999,6.199959515996857,3.5245636524535664
9521,GLN_54_A_HB2,49.273,-32.927,42.545,9515,GLN_54_C_NE2,52.359,-33.062,47.929,10,-21.407969361155576,-4.069342532889079,-2.9593109039900516,-21.737041797510578,-1.5558065384082957,2.706633424723467,50.884811362747165,-32.997510218396265,45.35705196922577,0.994498,6.207179472191858,3.1754696926729524
9510,GLN_54_A_NE2,55.44,-32.758,42.226,9656,GLN_54_C_HE21,52.296,-33.083,46.352,10,-21.707383784596225,2.0936409289835662,-2.6589829969952072,-21.764515727898996,-1.4623614795472075,1.1312438842848247,53.234368832155596,-32.985999405072974,45.12054013948028,0.2989970000000001,5.197522198124791,2.7264085251595938
9427,GLN_54_A_CB,52.741,-33.087,42.744,9542,GLN_54_C_HB2,55.544,-32.841,46.93,10,-21.827937420149734,-0.6607445858944274,-2.4140477884499454,-21.764316799670507,1.7206011763580653,2.0317441294485885,54.26301814119624,-32.9534229530024,45.016981783463244,0.645912,5.043800253776906,3.192032776401706
9512,GLN_54_A_NE2,54.902,-32.88,41.816,9430,GLN_54_C_CB,54.918,-32.962,48.44,10,-21.79134590881492,1.5915951972204911,-3.1208579204486853,-21.826890156510185,0.9395207393944247,3.4714020492359574,54.90957459914458,-32.918819820615944,44.951884045853404,0.621306,6.624526851028678,3.087379483229642
9642,GLN_54_A_HE21,54.665,-32.968,44.108,9278,GLN_54_C_CA,58.209,-32.336,48.245,10,-21.844786933477025,1.1208248125207592,-0.8641576076528751,-21.45257868054735,4.271489276140629,3.60726443952818,55.34992182782266,-32.845858184203195,44.90752641131556,0.44623800000000013,5.483988420848465,2.4444135701698326
9631,GLN_54_A_HE21,53.694,-33.082,43.276,9529,GLN_54_C_HB2,57.926,-32.411,47.445,10,-21.891099643102027,0.23196254099752878,-1.7892738139695386,-21.511722521701312,4.064954890822721,2.7829104174388193,55.35014647124284,-32.81941155902553,44.90749211687415,0.21285900000000005,5.978346426897655,3.0966819130582763
9534,GLN_54_A_HB2,49.779,-33.101,43.065,9428,GLN_54_C_CB,55.293,-32.998,49.244,10,-21.6159508784188,-3.632482518458075,-2.3913240940479317,-21.885344482063996,1.2285104037458419,4.308901342204081,51.746957821723115,-33.064239090381314,45.270297675086525,0.965742,8.282200552993146,2.866487866720599
9497,GLN_54_A_NE2,54.334,-33.075,42.327,9429,GLN_54_C_CB,55.308,-33.003,47.495,10,-21.93923826330446,0.9622431311543855,-2.6694004712667536,-21.903985457183232,1.417735551094708,2.570195686361951,54.83022069732002,-33.03831838787778,44.95992460343928,0.9816239999999999,5.259475639262909,3.08020143883093
9520,GLN_54_A_HB2,49.655,-33.176,42.545,9539,GLN_54_C_HB2,56.239,-32.89,46.792,10,-21.68509533271892,-3.7092441853759843,-2.9211615133866564,-21.866640196792364,2.4201823646159384,1.9640235015930858,53.591990583808524,-33.00498248679082,45.08455027482303,0.33471600000000007,7.840144195102534,2.5181625887032726
9429,GLN_54_A_CB,52.49,-33.282,42.497,9657,GLN_54_C_HE21,52.713,-33.283,46.352,10,-22.00519233860328,-0.899876835954706,-2.6850301879985716,-21.995425535204966,-1.0638232183590848,1.172920199609838,52.64520203003306,-33.28269597322885,45.1799767972084,0.452122,3.8614446778375546,3.1528373100265568
9527,GLN_54_A_HB2,51.444,-33.306,43.475,9279,GLN_54_C_CA,57.906,-32.602,48.358,10,-21.943141801691567,-2.0371375795201523,-1.8167193381216749,-21.69412520907955,3.939419284084531,3.689232695151369,53.57617265461057,-33.07371130472827,45.08617286791449,0.5828190000000001,8.129990713401824,3.020909270093069
9660,GLN_54_A_HE21,55.391,-33.041,42.981,9442,GLN_54_C_CB,55.252,-33.139,47.942,10,-21.980463091570197,1.9481407647145685,-1.912811170737803,-22.03216490508382,1.307208406988531,3.009279709701031,55.336982152871414,-33.07908452531369,44.908931939603725,0.24829800000000002,4.963914382823297,2.7451122842615248
9537,GLN_54_A_HB2,50.781,-33.338,43.502,9646,GLN_54_C_HE21,52.492,-33.362,47.16,10,-21.924796036505107,-2.7000260155470053,-1.8562712569322886,-22.051725972745814,-1.3697877034842063,1.954688704075725,51.6144068458098,-33.349690101869925,45.28376636000717,0.49738699999999997,4.038447845398025,2.5403662194033405
9649,GLN_54_A_HE21,54.786,-33.218,43.789,9532,GLN_54_C_HB2,57.801,-32.698,47.723,10,-22.105487069675288,1.2537761567765684,-1.1695448684329808,-21.78646718132182,3.891403215513365,3.0468672093713707,55.62229818747736,-33.07376283333725,44.88020964163713,0.47736300000000004,4.983671437805666,2.4588602018906522
9662,GLN_54_A_HE21,54.786,-33.218,42.589,9523,GLN_54_C_HB2,57.798,-32.736,48.292,10,-22.114079036320934,1.373654592640865,-2.363511090201376,-21.820057187298822,3.8287025092972256,3.6126890302111696,55.977207667121284,-33.02737513427874,44.84446391951948,0.592885,6.467509335130491,2.8059148279632598
9441,GLN_54_A_CB,52.354,-33.443,41.482,9521,GLN_54_C_HB2,55.739,-33.173,47.387,10,-22.162727201946126,-0.9456163923441184,-3.7086183179672876,-22.106812031275528,1.8432276056371084,2.5058303823288997,54.374078306499,-33.28187115428221,45.00594753319841,0.297463,6.811765556740777,3.386161288300559
9531,GLN_54_A_HB2,49.914,-33.393,42.797,9533,GLN_54_C_HB2,57.785,-32.795,48.02,10,-21.919221961653214,-3.4939219796833685,-2.6445840931956233,-21.8798531859094,3.838502872423737,3.340728754742947,53.39176664752151,-33.12877633652421,45.10475952229766,-0.38991800000000004,9.465198043358628,2.7752054785047724
9654,GLN_54_A_HE21,55.007,-33.297,43.397,9561,GLN_54_C_HB2,57.257,-32.909,46.982,10,-22.20375299065836,1.5061995680080167,-1.537474522355613,-21.961089872299265,3.4097212957346072,2.2550165643921227,55.91914919064363,-33.139704939569015,44.85035771042552,0.38735300000000006,4.250325752221823,2.4326269585140006
9442,GLN_54_A_CB,51.961,-33.536,41.081,9534,GLN_54_C_HB2,55.693,-33.278,47.658,10,-22.22865674179591,-1.3025068478049175,-4.147003421017308,-22.206095981631613,1.7625547979837326,2.770814523943094,54.19821076362109,-33.381337519556745,45.02369431734619,0.5634370000000002,7.5664600045199455,3.627490231843516
9438,GLN_54_A_CB,52.252,-33.58,41.905,9438,GLN_54_C_CB,55.673,-33.337,48.788,10,-22.288602346914885,-1.0994585420555092,-3.298021142074329,-22.25532515935243,1.6253524685795862,3.893103706314108,53.82095208537017,-33.46855441194243,45.06170774732618,0.591953,7.690122170681031,3.565755760017149
9519,GLN_54_A_HB2,49.935,-33.536,42.545,9554,GLN_54_C_HB2,55.96,-33.305,47.301,10,-22.065200006221534,-3.4587589172909015,-2.8932766132825596,-22.255734342972428,2.061062329300692,2.4423388219034243,53.20210045106911,-33.410738555320016,45.12397589133356,0.718207,7.679421983456827,2.6524604900089517
9440,GLN_54_A_CB,51.962,-33.692,41.482,9560,GLN_54_C_HB2,56.928,-33.194,46.982,10,-22.3814117662684,-1.35340565211839,-3.7479881152734484,-22.220427603265644,3.061704162581576,2.2219406467305243,55.07971039864136,-33.379350024461665,44.934961577230666,0.797593,7.426921300242783,3.496812398016543
9540,GLN_54_A_HB2,51.096,-33.746,43.293,9439,GLN_54_C_CB,56.129,-33.424,48.788,10,-22.356901587379266,-2.397578790791732,-2.032851179747921,-22.376505166661577,2.0711530158128872,3.9387356897801054,52.809336875308645,-33.63638456708735,45.16361119209637,0.7840950000000001,7.4585385968029945,2.6143427658237215
9550,GLN_54_A_HB2,51.822,-33.819,42.582,9536,GLN_54_C_HB2,56.166,-33.496,48.459,10,-22.48959919703529,-1.6118206963642054,-2.6675964526198084,-22.45344712402936,2.1352667864119717,3.6150640048646996,53.66644775721974,-33.681855288770265,45.0773543897745,0.5712419999999999,7.315312296819595,3.141777108934514
9542,GLN_54_A_HB2,50.338,-33.796,42.974,9537,GLN_54_C_HB2,56.596,-33.44,48.686,10,-22.35180828559278,-3.1215172252521626,-2.426185899023867,-22.428450557604755,2.543441224407687,3.8840134421830577,52.74411596165318,-33.659122837592115,45.170186381106255,0.760778,8.480344568471258,2.4499189772220973
9551,GLN_54_A_HB2,50.15,-33.819,42.166,9557,GLN_54_C_HB2,57.256,-33.305,47.301,10,-22.36633222492067,-3.2290588067949306,-3.248962213355825,-22.353589722538878,3.3468276252237343,2.572138392356635,54.11611002830809,-33.532118413375976,45.03202518932762,0.182352,8.782235307710678,2.5638946080590466
9434,GLN_54_A_CB,51.577,-33.895,41.796,9555,GLN_54_C_HB2,56.377,-33.505,47.301,10,-22.552509134618866,-1.7821295982057996,-3.474215456677328,-22.486644150278398,2.4596005904888147,2.4840151372284374,54.37585679636301,-33.667592885295505,45.005938888328835,0.8229279999999999,7.3141728855695005,3.3631545984064384
9433,GLN_54_A_CB,51.134,-33.913,41.582,9545,GLN_54_C_HB2,56.156,-33.584,48.109,10,-22.53854050013757,-2.201618017008236,-3.7315155611105695,-22.54294458781925,2.153636105363694,3.265783641694325,53.81212917595197,-33.7375510754902,45.062714681688284,0.748978,8.24199332685971,2.92791910963934
9544,GLN_54_A_HB2,51.217,-33.996,42.974,9556,GLN_54_C_HB2,56.839,-33.505,47.301,10,-22.617601723577533,-2.264627446535922,-2.3382384405280336,-22.52152778095718,2.9179521080169324,2.5302862803992574,53.917114976543616,-33.76018419539614,45.05215679535827,0.49958499999999995,7.111321536817193,2.6310614799126335
9548,GLN_54_A_HB2,50.986,-34.165,42.582,9546,GLN_54_C_HB2,56.608,-33.674,48.109,10,-22.771479840610883,-2.467460406918873,-2.751477251968289,-22.666813931344887,2.5952407117696867,3.3110136907273913,53.537559294155,-33.942158375412646,45.090443297544425,1.000501,7.899094505068287,2.5809788855567786
9549,GLN_54_A_HB2,51.438,-34.075,42.582,9547,GLN_54_C_HB2,57.06,-33.584,48.109,10,-22.71586764456061,-2.0122040353044683,-2.706168094450658,-22.611201735294614,3.050497083384091,3.356322848245022,53.947542227907505,-33.855827955549174,45.049136231527,1.000505,7.899094505068287,3.1773138919754986
9553,GLN_54_A_HB2,50.986,-34.165,42.166,9550,GLN_54_C_HB2,56.608,-33.674,47.693,10,-22.774458389048043,-2.4259025491525827,-3.1653855421813355,-22.669792479782043,2.6367985695359764,2.8971054005143446,53.92139366678717,-33.908636020919154,45.05179167490798,1.000501,7.899094505068287,2.565767759712143
9554,GLN_54_A_HB2,51.438,-34.075,42.166,9551,GLN_54_C_HB2,57.06,-33.584,47.693,10,-22.71884619299777,-1.9706461775381783,-3.1200763846637045,-22.61418028373177,3.092054941150381,2.942414558031975,54.33137660053967,-33.82230560105568,45.01048460889056,1.000505,7.899094505068287,3.1761998682183115
9555,GLN_54_A_HB2,50.755,-33.996,41.774,9543,GLN_54_C_HB2,56.839,-33.505,48.501,10,-22.5913100595444,-2.603100528199744,-3.578475805467242,-22.512935814311533,2.7980736721526362,3.724252502167646,53.73627574836667,-33.75540065870348,45.07035798146986,0.425087,9.083428097364997,2.664147772406179
