res,x,y,z,nx,ny,nz
GLU_26_A_N,42.908,2.449,44.993,-0.69,0.307,-0.655
GLU_26_A_N,42.569,2.178,45.519,-0.894,0.167,-0.415
GLU_26_A_N,44.354,3.454,44.92,0.167,0.514,-0.841
GLU_26_A_N,44.822,3.454,44.92,-0.167,0.514,-0.841
GLU_26_A_N,44.868,3.559,44.968,-0.2,0.44,-0.876
GLU_26_A_N,44.441,3.753,45.09,0.14,0.509,-0.849
GLU_26_A_N,44.435,4.132,45.38,0.132,0.708,-0.693
GLU_26_A_N,43.903,3.38,44.826,-0.005,0.371,-0.929
GLU_26_A_N,43.534,3.21,44.818,-0.246,0.261,-0.934
GLU_26_A_N,43.185,3.028,44.916,-0.473,0.142,-0.87
GLU_26_A_N,42.881,2.847,45.114,-0.671,0.023,-0.741
GLU_26_A_N,42.469,2.212,45.707,-0.823,0.143,-0.55
GLU_26_A_N,41.827,1.48,43.847,-0.149,0.904,0.4
GLU_26_A_N,42.724,2.722,45.265,-0.79,0.017,-0.613
GLU_26_A_N,44.209,4.152,45.33,0.289,0.698,-0.655
GLU_26_A_N,44.112,3.843,45.05,0.225,0.492,-0.841
GLU_26_A_N,43.66,3.908,45.05,-0.077,0.535,-0.841
GLU_26_A_N,42.997,3.333,45.05,-0.519,0.152,-0.841
GLU_26_A_N,43.564,3.471,44.873,-0.141,0.244,-0.959
GLU_26_A_CA,42.717,2.041,44.955,-0.936,0.321,-0.142
GLU_26_A_CA,42.709,1.863,44.658,-0.548,0.726,-0.415
GLU_26_A_CA,44.724,3.074,44.633,-0.03,0.611,-0.791
GLU_26_A_CA,44.227,3.209,44.733,0.014,0.596,-0.803
GLU_26_A_CA,43.838,3.042,44.668,-0.212,0.499,-0.84
GLU_26_A_CA,43.455,2.855,44.717,-0.433,0.391,-0.812
GLU_26_A_CA,43.107,2.661,44.875,-0.635,0.279,-0.721
GLU_26_A_CA,43.115,2.268,44.654,-0.588,0.47,-0.659
GLU_26_A_CA,43.092,1.911,44.352,-0.304,0.68,-0.668
GLU_26_A_CA,42.719,1.691,44.232,-0.305,0.883,-0.358
GLU_26_A_CA,44.369,3.007,44.561,0.0,0.623,-0.782
GLU_26_A_CA,43.916,2.916,44.561,-0.239,0.576,-0.782
GLU_26_A_CA,43.531,2.66,44.561,-0.441,0.441,-0.782
GLU_26_A_C,41.357,0.746,45.187,-0.398,0.906,0.142
GLU_26_A_C,41.717,1.163,46.344,-0.936,0.321,-0.142
GLU_26_A_C,41.345,0.593,45.945,-0.67,0.728,0.142
GLU_26_A_C,41.948,1.116,45.178,-0.541,0.829,-0.142
GLU_26_A_C,42.412,1.7,45.466,-0.773,0.479,-0.415
GLU_26_A_C,42.423,1.519,45.084,-0.781,0.608,-0.142
GLU_26_A_C,42.268,1.35,44.686,-0.67,0.728,0.142
GLU_26_A_C,44.886,0.238,48.023,0.437,-0.318,0.841
GLU_26_A_C,44.742,-0.207,48.023,0.541,-0.0,0.841
GLU_26_A_C,44.515,0.005,48.213,0.579,-0.127,0.805
GLU_26_A_C,44.377,-0.413,48.327,0.547,0.193,0.814
GLU_26_A_C,41.631,0.728,46.985,-0.963,0.235,0.131
GLU_26_A_C,41.631,0.936,46.501,-0.951,0.308,0.041
GLU_26_A_C,41.498,0.739,46.071,-0.78,0.624,0.052
GLU_26_A_C,41.163,0.399,46.032,-0.616,0.691,0.377
GLU_26_A_C,42.041,1.417,45.718,-0.754,0.537,-0.378
GLU_26_A_C,41.795,1.238,46.079,-0.868,0.447,-0.214
GLU_26_A_C,41.735,1.025,45.711,-0.668,0.707,-0.232
GLU_26_A_C,41.43,0.762,45.637,-0.608,0.788,0.102
GLU_26_A_O,42.25,-0.292,48.533,-0.739,-0.157,0.655
GLU_26_A_O,41.688,0.823,47.199,-0.976,0.163,0.142
GLU_26_A_O,44.643,0.63,48.308,0.437,-0.318,0.841
GLU_26_A_O,44.386,-0.143,48.289,0.541,-0.0,0.841
GLU_26_A_O,41.657,0.658,47.759,-0.986,0.155,0.062
GLU_26_A_O,41.661,-0.045,48.061,-0.737,0.104,0.667
GLU_26_A_O,41.53,0.184,47.761,-0.869,0.334,0.366
GLU_26_A_O,41.533,0.35,47.397,-0.866,0.501,0.001
GLU_26_A_CB,45.561,-0.244,47.554,0.437,-0.318,0.841
GLU_26_A_CB,45.265,0.513,48.023,0.167,-0.514,0.841
GLU_26_A_CB,47.208,0.657,47.302,0.506,-0.562,0.655
GLU_26_A_CB,47.304,0.315,47.041,0.437,-0.318,0.841
GLU_26_A_CB,47.521,-0.129,46.875,0.282,-0.0,0.959
GLU_26_A_CB,47.794,0.246,46.875,0.087,-0.268,0.959
GLU_26_A_CB,47.089,0.904,47.68,0.519,-0.601,0.607
GLU_26_A_CB,46.955,1.172,47.978,0.444,-0.449,0.776
GLU_26_A_CB,46.36,1.022,44.931,0.214,-0.574,-0.79
GLU_26_A_CB,45.773,0.926,48.31,0.005,-0.655,0.756
GLU_26_A_CB,46.155,1.005,48.307,0.263,-0.601,0.754
GLU_26_A_CB,46.489,1.206,48.282,0.489,-0.465,0.738
GLU_26_A_CB,45.816,0.61,45.072,0.247,-0.538,-0.806
GLU_26_A_CB,45.502,0.335,45.098,0.523,-0.494,-0.695
GLU_26_A_CB,45.675,0.372,47.893,0.133,-0.59,0.797
GLU_26_A_CB,45.23,0.17,47.88,0.192,-0.269,0.944
GLU_26_A_CB,45.783,0.606,48.075,-0.0,-0.623,0.782
GLU_26_A_CB,46.236,0.697,48.075,0.239,-0.576,0.782
GLU_26_A_CB,46.621,0.953,48.075,0.441,-0.441,0.782
GLU_26_A_CB,46.242,0.378,47.775,0.242,-0.744,0.623
GLU_26_A_CB,46.656,0.589,47.775,0.46,-0.633,0.623
GLU_26_A_CB,46.236,0.697,45.105,0.239,-0.576,-0.782
GLU_26_A_CG,47.575,1.341,45.102,0.273,-0.804,-0.528
GLU_26_A_CG,47.68,4.401,45.467,0.366,0.862,-0.35
GLU_26_A_CG,47.876,4.094,45.116,0.473,0.695,-0.542
GLU_26_A_CG,48.019,3.689,44.85,0.551,0.474,-0.687
GLU_26_A_CG,48.098,3.216,44.689,0.594,0.216,-0.775
GLU_26_A_CG,47.08,4.686,45.6,0.428,0.874,-0.23
GLU_26_A_CG,46.865,4.615,45.218,0.284,0.826,-0.488
GLU_26_A_CG,46.534,4.491,44.951,0.059,0.742,-0.668
GLU_26_A_CG,46.135,4.332,44.839,-0.21,0.634,-0.744
GLU_26_A_CG,45.73,4.163,44.899,-0.484,0.52,-0.703
GLU_26_A_CG,47.08,1.085,45.177,0.352,-0.73,-0.586
GLU_26_A_CG,45.536,3.045,44.374,-0.413,0.302,-0.86
GLU_26_A_CG,45.272,2.674,44.3,-0.103,0.41,-0.906
GLU_26_A_CG,45.387,3.363,44.596,-0.503,0.404,-0.764
GLU_26_A_CG,45.125,3.05,44.553,-0.241,0.439,-0.866
GLU_26_A_CG,45.315,3.728,44.879,-0.484,0.527,-0.699
GLU_26_A_CG,47.466,4.507,45.492,0.415,0.882,-0.223
GLU_26_A_CG,47.465,4.351,45.091,0.415,0.8,-0.434
GLU_26_A_CG,47.025,4.507,45.091,0.183,0.882,-0.434
GLU_26_A_CG,47.879,3.704,44.73,0.633,0.46,-0.623
GLU_26_A_CG,47.55,4.033,44.73,0.46,0.633,-0.623
GLU_26_A_CG,47.136,4.244,44.73,0.242,0.744,-0.623
GLU_26_A_CG,46.677,4.316,44.73,0.0,0.782,-0.623
GLU_26_A_CG,45.804,4.033,44.73,-0.46,0.633,-0.623
GLU_26_A_CG,47.515,3.669,44.43,0.441,0.441,-0.782
GLU_26_A_CG,47.13,3.925,44.43,0.239,0.576,-0.782
GLU_26_A_CG,46.677,4.016,44.43,0.0,0.623,-0.782
GLU_26_A_CG,46.224,3.925,44.43,-0.239,0.576,-0.782
GLU_26_A_CG,45.839,3.669,44.43,-0.441,0.441,-0.782
GLU_26_A_CD,48.027,0.923,47.302,-0.079,-0.752,0.655
GLU_26_A_CD,47.589,0.877,47.302,0.234,-0.719,0.655
GLU_26_A_CD,48.528,0.315,47.041,-0.437,-0.318,0.841
GLU_26_A_CD,48.15,0.59,47.041,-0.167,-0.514,0.841
GLU_26_A_CD,47.682,0.59,47.041,0.167,-0.514,0.841
GLU_26_A_CD,48.513,0.816,47.294,0.076,-0.506,0.859
GLU_26_A_CD,48.401,1.124,47.56,0.156,-0.727,0.669
GLU_26_A_CD,48.738,1.207,47.49,0.454,-0.653,0.607
GLU_26_A_CD,48.437,3.001,44.83,0.419,0.154,-0.895
GLU_26_A_CD,48.197,2.791,44.646,0.635,0.083,-0.768
GLU_26_A_CD,47.848,4.501,45.83,0.104,0.928,-0.359
GLU_26_A_CD,48.064,4.253,45.446,0.222,0.792,-0.568
GLU_26_A_CD,48.235,3.893,45.135,0.315,0.596,-0.738
GLU_26_A_CD,48.348,3.45,44.919,0.377,0.354,-0.856
GLU_26_A_CD,47.446,4.647,46.582,-0.01,0.997,0.079
GLU_26_A_CD,47.581,4.631,46.236,0.077,0.986,-0.146
GLU_26_A_CD,47.722,1.19,47.707,0.068,-0.806,0.589
GLU_26_A_CD,47.588,1.458,48.004,-0.008,-0.654,0.757
GLU_26_A_CD,47.33,1.201,47.82,0.266,-0.653,0.709
GLU_26_A_CD,47.187,1.494,48.072,0.18,-0.477,0.86
GLU_26_A_CD,47.456,1.841,48.27,-0.031,-0.49,0.871
GLU_26_A_CD,47.648,2.04,48.394,-0.18,-0.395,0.901
GLU_26_A_CD,48.107,1.974,48.394,0.062,-0.429,0.901
GLU_26_A_CD,47.99,1.605,48.167,-0.0,-0.623,0.782
GLU_26_A_CD,48.443,1.696,48.167,0.239,-0.576,0.782
GLU_26_A_CD,48.828,1.952,48.167,0.441,-0.441,0.782
GLU_26_A_CD,47.99,1.305,47.867,-0.0,-0.782,0.623
GLU_26_A_CD,48.449,1.377,47.867,0.242,-0.744,0.623
GLU_26_A_CD,48.863,1.588,47.867,0.46,-0.633,0.623
GLU_26_A_CD,49.192,1.917,47.867,0.633,-0.46,0.623
GLU_26_A_CD,49.403,2.331,47.867,0.744,-0.242,0.623
GLU_26_A_CD,49.702,2.79,47.506,0.901,0.0,0.434
GLU_26_A_CD,49.638,3.252,47.506,0.868,0.243,0.434
GLU_26_A_CD,49.828,3.022,47.105,0.967,0.122,0.223
GLU_26_A_CD,49.712,3.472,47.105,0.906,0.359,0.223
GLU_26_A_CD,49.489,3.879,47.105,0.789,0.573,0.223
GLU_26_A_CD,49.672,3.673,46.682,0.885,0.465,0.0
GLU_26_A_CD,49.412,4.05,46.682,0.749,0.663,0.0
GLU_26_A_CD,49.069,4.354,46.682,0.568,0.823,0.0
GLU_26_A_CD,48.664,4.567,46.682,0.355,0.935,0.0
GLU_26_A_CD,48.219,4.676,46.682,0.121,0.993,0.0
GLU_26_A_CD,47.761,4.676,46.682,-0.121,0.993,0.0
GLU_26_A_CD,49.712,3.472,46.259,0.906,0.359,-0.223
GLU_26_A_CD,49.489,3.879,46.259,0.789,0.573,-0.223
GLU_26_A_CD,49.171,4.217,46.259,0.621,0.751,-0.223
GLU_26_A_CD,48.779,4.466,46.259,0.415,0.882,-0.223
GLU_26_A_CD,48.337,4.61,46.259,0.183,0.958,-0.223
GLU_26_A_CD,47.874,4.639,46.259,-0.061,0.973,-0.223
GLU_26_A_CD,49.453,3.679,45.858,0.77,0.468,-0.434
GLU_26_A_CD,49.158,4.041,45.858,0.615,0.658,-0.434
GLU_26_A_CD,48.778,4.31,45.858,0.415,0.8,-0.434
GLU_26_A_CD,48.338,4.466,45.858,0.183,0.882,-0.434
GLU_26_A_CD,49.192,3.663,45.497,0.633,0.46,-0.623
GLU_26_A_CD,48.863,3.992,45.497,0.46,0.633,-0.623
GLU_26_A_CD,48.449,4.203,45.497,0.242,0.744,-0.623
GLU_26_A_CD,48.828,3.628,45.197,0.441,0.441,-0.782
GLU_26_A_CD,48.443,3.884,45.197,0.239,0.576,-0.782
GLU_26_A_CD,48.781,3.022,44.97,0.416,0.122,-0.901
GLU_26_A_CD,48.53,3.413,44.97,0.284,0.328,-0.901
GLU_26_A_OE1,47.592,2.227,48.478,-0.167,-0.514,0.841
GLU_26_A_OE1,47.611,4.651,47.205,-0.243,0.96,-0.142
GLU_26_A_OE1,47.85,4.685,47.081,-0.119,0.987,-0.109
GLU_26_A_OE1,48.299,4.671,47.051,0.165,0.978,-0.128
GLU_26_A_OE1,48.727,4.539,47.093,0.436,0.894,-0.102
GLU_26_A_OE1,49.092,4.301,47.203,0.668,0.743,-0.032
GLU_26_A_OE1,49.361,3.981,47.37,0.838,0.54,0.073
GLU_26_A_OE1,49.505,3.609,47.577,0.93,0.305,0.205
GLU_26_A_OE1,49.513,3.222,47.806,0.935,0.059,0.35
GLU_26_A_OE1,49.382,2.857,48.033,0.852,-0.172,0.494
GLU_26_A_OE1,49.126,2.549,48.238,0.69,-0.368,0.624
GLU_26_A_OE1,48.77,2.328,48.399,0.464,-0.508,0.726
GLU_26_A_OE1,48.347,2.215,48.502,0.195,-0.579,0.791
GLU_26_A_OE1,48.692,2.971,48.917,0.437,-0.318,0.841
GLU_26_A_OE1,48.837,3.416,48.917,0.541,0.0,0.841
GLU_26_A_OE1,48.692,3.861,48.917,0.437,0.318,0.841
GLU_26_A_OE1,49.138,3.416,48.656,0.756,0.0,0.655
GLU_26_A_OE1,49.047,3.846,48.656,0.69,0.307,0.655
GLU_26_A_OE1,48.788,4.202,48.656,0.506,0.562,0.655
GLU_26_A_OE1,48.788,2.63,48.656,0.506,-0.562,0.655
GLU_26_A_OE1,49.047,2.986,48.656,0.69,-0.307,0.655
GLU_26_A_OE1,49.332,3.182,48.321,0.894,-0.167,0.415
GLU_26_A_OE1,49.332,3.65,48.321,0.894,0.167,0.415
GLU_26_A_OE1,49.163,4.086,48.321,0.773,0.479,0.415
GLU_26_A_OE1,48.847,4.432,48.321,0.548,0.726,0.415
GLU_26_A_OE1,48.429,4.641,48.321,0.249,0.875,0.415
GLU_26_A_OE1,49.391,3.866,47.938,0.936,0.321,0.142
GLU_26_A_OE1,49.174,4.267,47.938,0.781,0.608,0.142
GLU_26_A_OE1,48.838,4.576,47.938,0.541,0.829,0.142
GLU_26_A_OE1,48.42,4.759,47.938,0.243,0.96,0.142
GLU_26_A_OE1,49.019,4.436,47.54,0.67,0.728,-0.142
GLU_26_A_OE1,48.637,4.685,47.54,0.398,0.906,-0.142
GLU_26_A_OE1,48.194,4.797,47.54,0.082,0.986,-0.142
GLU_26_A_OE2,48.197,1.063,45.501,-0.234,-0.719,-0.655
GLU_26_A_OE2,47.76,1.109,45.501,0.079,-0.752,-0.655
GLU_26_A_OE2,48.526,-0.391,46.495,-0.282,-0.0,-0.959
GLU_26_A_OE2,48.888,-0.391,46.329,-0.541,-0.0,-0.841
GLU_26_A_OE2,48.744,0.053,46.329,-0.437,-0.318,-0.841
GLU_26_A_OE2,48.365,0.328,46.329,-0.167,-0.514,-0.841
GLU_26_A_OE2,48.839,0.395,46.069,-0.506,-0.562,-0.655
GLU_26_A_OE2,48.458,0.615,46.069,-0.234,-0.719,-0.655
GLU_26_A_OE2,48.021,0.661,46.069,0.079,-0.752,-0.655
GLU_26_A_OE2,48.48,0.833,45.733,-0.249,-0.875,-0.415
GLU_26_A_OE2,48.767,2.676,44.915,0.228,0.166,-0.959
GLU_26_A_OE2,48.76,0.738,47.161,0.437,-0.318,0.841
GLU_26_A_OE2,48.978,0.293,46.996,0.282,-0.0,0.959
GLU_26_A_OE2,49.246,0.304,46.924,0.282,-0.0,0.959
GLU_26_A_OE2,49.147,0.481,45.844,-0.167,-0.514,-0.841
GLU_26_A_OE2,49.051,0.065,46.103,-0.657,-0.326,-0.68
GLU_26_A_OE2,48.992,0.456,45.906,-0.356,-0.56,-0.748
GLU_26_A_OE2,48.644,0.732,45.811,-0.366,-0.803,-0.471
GLU_26_A_OE2,49.773,0.302,46.624,0.884,0.179,0.431
GLU_26_A_OE2,49.586,0.701,46.837,0.615,-0.16,0.772
GLU_26_A_OE2,49.619,1.098,46.976,0.591,-0.444,0.673
GLU_26_A_OE2,49.857,1.13,46.684,0.825,-0.412,0.387
GLU_26_A_OE2,49.877,0.388,45.945,0.744,0.141,-0.653
GLU_26_A_OE2,49.463,0.218,45.869,-0.393,-0.326,-0.86
GLU_26_A_OE2,49.925,0.813,46.286,0.984,-0.083,0.16
GLU_26_A_OE2,49.817,0.782,45.872,0.787,-0.14,-0.601
GLU_26_A_OE2,49.45,0.634,45.707,0.112,-0.412,-0.904
GLU_26_A_OE2,50.019,1.215,46.178,0.934,-0.353,-0.044
GLU_26_A_OE2,49.85,1.159,45.729,0.764,-0.41,-0.499
GLU_26_A_OE2,49.458,1.003,45.493,0.367,-0.568,-0.737
GLU_26_A_OE2,49.02,0.818,45.578,-0.076,-0.755,-0.651
GLU_26_A_OE2,49.11,1.443,47.518,0.404,-0.61,0.682
GLU_26_A_OE2,49.413,1.8,47.554,0.596,-0.384,0.705
GLU_26_A_OE2,49.666,2.181,47.449,0.756,-0.142,0.638
GLU_26_A_OE2,49.841,2.547,47.214,0.868,0.09,0.489
GLU_26_A_OE2,49.92,2.86,46.872,0.918,0.288,0.273
GLU_26_A_OE2,49.896,3.085,46.461,0.902,0.431,0.012
GLU_26_A_OE2,49.769,3.2,46.024,0.822,0.504,-0.265
GLU_26_A_OE2,49.555,3.192,45.606,0.686,0.499,-0.529
GLU_26_A_OE2,49.275,3.062,45.253,0.509,0.416,-0.754
GLU_26_A_OE2,48.959,2.823,45.0,0.308,0.265,-0.914
GLU_26_A_OE2,48.74,2.292,44.826,0.212,0.097,-0.972
GLU_26_A_OE2,48.617,1.86,44.844,0.109,-0.269,-0.957
GLU_26_A_OE2,48.411,1.498,45.012,-0.066,-0.577,-0.814
GLU_26_A_OE2,48.285,2.18,44.662,0.46,-0.167,-0.872
GLU_26_A_OE2,48.133,1.812,44.748,0.307,-0.539,-0.785
GLU_26_A_OE2,47.92,1.537,44.96,0.092,-0.816,-0.571
GLU_26_A_OE2,48.254,1.221,45.291,-0.212,-0.718,-0.663
GLU_26_A_OE2,47.87,1.238,45.336,0.0,-0.844,-0.537
GLU_26_A_OE2,48.262,0.944,45.627,-0.18,-0.81,-0.558
GLU_26_A_OE2,47.931,0.796,45.866,0.144,-0.848,-0.51
GLU_26_A_OE2,49.939,2.078,47.155,0.756,0.0,0.655
GLU_26_A_OE2,49.589,1.292,47.155,0.506,-0.562,0.655
GLU_26_A_OE2,49.848,1.648,47.155,0.69,-0.307,0.655
GLU_26_A_OE2,49.964,1.408,46.82,0.773,-0.479,0.415
GLU_26_A_OE2,50.133,1.844,46.82,0.894,-0.167,0.415
GLU_26_A_OE2,50.133,2.312,46.82,0.894,0.167,0.415
GLU_26_A_OE2,50.267,2.078,46.437,0.99,0.0,0.142
GLU_26_A_OE2,50.192,2.528,46.437,0.936,0.321,0.142
GLU_26_A_OE2,50.192,1.628,46.437,0.936,-0.321,0.142
GLU_26_A_OE2,50.1,1.418,46.039,0.871,-0.471,-0.142
GLU_26_A_OE2,50.248,1.85,46.039,0.976,-0.163,-0.142
GLU_26_A_OE2,50.248,2.306,46.039,0.976,0.163,-0.142
GLU_26_A_OE2,50.1,2.738,46.039,0.871,0.471,-0.142
GLU_26_A_OE2,50.154,2.078,45.656,0.91,0.0,-0.415
GLU_26_A_OE2,50.068,2.538,45.656,0.848,0.329,-0.415
GLU_26_A_OE2,49.822,2.936,45.656,0.672,0.613,-0.415
GLU_26_A_OE2,48.532,0.853,45.656,-0.249,-0.875,-0.415
GLU_26_A_OE2,50.068,1.618,45.656,0.848,-0.329,-0.415
GLU_26_A_OE2,48.554,1.072,45.321,-0.234,-0.719,-0.655
GLU_26_A_OE2,48.992,1.026,45.321,0.079,-0.752,-0.655
GLU_26_A_OE2,49.41,1.162,45.321,0.378,-0.654,-0.655
GLU_26_A_OE2,49.737,1.456,45.321,0.611,-0.444,-0.655
GLU_26_A_OE2,49.916,1.858,45.321,0.739,-0.157,-0.655
GLU_26_A_OE2,49.916,2.298,45.321,0.739,0.157,-0.655
GLU_26_A_OE2,49.737,2.7,45.321,0.611,0.444,-0.655
GLU_26_A_OE2,49.638,2.078,45.06,0.541,0.0,-0.841
GLU_26_A_OE2,49.493,2.523,45.06,0.437,0.318,-0.841
GLU_26_A_OE2,48.647,1.358,45.06,-0.167,-0.514,-0.841
GLU_26_A_OE2,49.115,1.358,45.06,0.167,-0.514,-0.841
GLU_26_A_OE2,49.493,1.633,45.06,0.437,-0.318,-0.841
GLU_26_A_OE2,49.2,1.846,44.895,0.228,-0.166,-0.959
GLU_26_A_OE2,49.2,2.31,44.895,0.228,0.166,-0.959
GLU_26_A_HA,43.738,1.341,43.73,0.228,0.166,-0.959
GLU_26_A_HA,43.445,1.128,43.565,0.437,0.318,-0.841
GLU_26_A_HA,43.375,2.077,44.334,-0.506,0.562,-0.655
GLU_26_A_HA,43.016,1.638,43.999,-0.249,0.875,-0.415
GLU_26_A_HA,42.553,1.482,43.616,0.082,0.986,-0.142
GLU_26_A_HA,43.788,0.758,43.585,0.437,0.318,-0.841
GLU_26_A_HA,45.831,0.797,44.962,0.167,-0.514,-0.841
GLU_26_A_HA,45.209,0.699,44.701,0.611,-0.444,-0.655
GLU_26_A_HA,45.022,2.945,44.519,-0.167,0.514,-0.841
GLU_26_A_HA,45.982,1.115,44.809,0.167,-0.514,-0.841
GLU_26_A_HA,45.687,1.311,44.548,0.378,-0.654,-0.655
GLU_26_A_HA,45.361,2.528,44.209,-0.167,0.514,-0.841
GLU_26_A_HA,44.83,2.572,44.239,0.092,0.64,-0.763
GLU_26_A_HA,45.323,2.308,44.11,-0.018,0.323,-0.946
GLU_26_A_HA,45.473,1.904,44.084,0.156,-0.146,-0.977
GLU_26_A_HA,45.616,1.542,44.271,0.322,-0.566,-0.759
GLU_26_A_HA,45.056,1.987,43.986,0.311,0.176,-0.934
GLU_26_A_HA,45.225,1.545,44.078,0.474,-0.251,-0.844
GLU_26_A_HA,45.364,1.206,44.39,0.609,-0.579,-0.542
GLU_26_A_HA,44.386,2.745,44.357,0.005,0.68,-0.733
GLU_26_A_HA,43.988,2.67,44.361,-0.264,0.63,-0.731
GLU_26_A_HA,43.64,2.463,44.384,-0.499,0.489,-0.715
GLU_26_A_HA,44.91,0.829,44.248,0.575,-0.472,-0.668
GLU_26_A_HA,44.919,0.461,44.491,0.818,-0.274,-0.505
GLU_26_A_HA,44.48,1.117,43.869,0.311,-0.247,-0.918
GLU_26_A_HA,44.32,0.67,43.904,0.677,-0.269,-0.685
GLU_26_A_HA,44.004,0.512,43.614,0.651,0.185,-0.736
GLU_26_A_HA,43.277,0.535,42.942,0.683,0.612,-0.399
GLU_26_A_HA,43.653,2.004,44.034,-0.438,0.519,-0.734
GLU_26_A_HA,43.944,1.734,43.819,-0.127,0.23,-0.965
GLU_26_A_HA,43.515,1.648,43.821,-0.07,0.575,-0.815
GLU_26_A_HA,43.715,1.372,43.729,0.244,0.143,-0.959
GLU_26_A_HA,43.218,1.464,43.651,0.142,0.707,-0.693
GLU_26_A_HA,44.706,2.376,44.045,0.267,0.585,-0.766
GLU_26_A_HA,44.276,2.437,44.045,-0.091,0.636,-0.766
GLU_26_A_HA,43.881,2.257,44.045,-0.421,0.486,-0.766
GLU_26_A_HA,45.035,1.257,44.045,0.541,-0.348,-0.766
GLU_26_A_HA,44.591,1.319,43.836,0.171,-0.296,-0.94
GLU_26_A_HA,44.796,1.674,43.836,0.342,-0.0,-0.94
GLU_26_A_HA,44.591,2.029,43.836,0.171,0.296,-0.94
GLU_26_A_HA,44.181,2.029,43.836,-0.171,0.296,-0.94
GLU_26_A_HB2,45.022,0.905,48.308,0.167,-0.514,0.841
GLU_26_A_HB2,45.164,0.749,48.176,0.167,-0.514,0.841
GLU_26_A_HB2,44.786,0.474,48.176,0.437,-0.318,0.841
GLU_26_A_HB2,47.205,1.546,48.098,0.167,-0.514,0.841
GLU_26_A_HB2,47.125,2.227,48.478,0.167,-0.514,0.841
GLU_26_A_HB2,46.746,1.952,48.478,0.437,-0.318,0.841
GLU_26_A_HB2,47.029,1.946,48.368,0.235,-0.314,0.92
GLU_26_A_HB2,46.683,1.67,48.412,0.522,-0.368,0.77
GLU_26_A_HB2,45.269,1.298,48.572,-0.117,-0.508,0.854
GLU_26_A_HB2,45.862,1.212,48.585,0.091,-0.636,0.766
GLU_26_A_HB2,46.257,1.392,48.585,0.421,-0.486,0.766
GLU_26_A_HB2,46.492,1.758,48.585,0.617,-0.181,0.766
GLU_26_A_HB3,45.995,-0.313,45.788,0.167,-0.514,-0.841
GLU_26_A_HB3,45.616,-0.588,45.788,0.437,-0.318,-0.841
GLU_26_A_HB3,45.7,-0.116,45.528,0.378,-0.654,-0.655
GLU_26_A_HB3,45.999,0.363,45.303,0.167,-0.514,-0.841
GLU_26_A_HB3,46.67,-1.271,46.348,0.0,-0.0,-1.0
GLU_26_A_HB3,47.064,-1.271,46.291,-0.282,-0.0,-0.959
GLU_26_A_HB3,46.791,-0.896,46.291,-0.087,-0.268,-0.959
GLU_26_A_HB3,46.35,-1.039,46.291,0.228,-0.166,-0.959
GLU_26_A_HB3,47.282,-0.826,46.126,-0.437,-0.318,-0.841
GLU_26_A_HB3,46.903,-0.551,46.126,-0.167,-0.514,-0.841
GLU_26_A_HB3,46.436,-0.551,46.126,0.167,-0.514,-0.841
GLU_26_A_HB3,46.057,-0.826,46.126,0.437,-0.318,-0.841
GLU_26_A_HB3,46.559,-0.218,45.865,0.079,-0.752,-0.655
GLU_26_A_HB3,46.143,-1.451,47.165,0.69,0.307,0.655
GLU_26_A_HB3,46.876,-0.301,46.904,0.167,-0.514,0.841
GLU_26_A_HB3,46.497,-0.576,46.904,0.437,-0.318,0.841
GLU_26_A_HB3,46.353,-1.02,46.904,0.541,-0.0,0.841
GLU_26_A_HB3,46.497,-1.465,46.904,0.437,0.318,0.841
GLU_26_A_HB3,46.715,-1.02,46.738,0.282,-0.0,0.959
GLU_26_A_HB3,46.988,-1.396,46.738,0.087,0.268,0.959
GLU_26_A_HB3,47.429,-0.789,46.738,-0.228,-0.166,0.959
GLU_26_A_HB3,46.988,-0.645,46.738,0.087,-0.268,0.959
GLU_26_A_HB3,46.28,0.214,47.553,0.234,-0.719,0.655
GLU_26_A_HB3,45.995,-0.348,47.293,0.437,-0.318,0.841
GLU_26_A_HB3,45.85,-0.793,47.293,0.541,-0.0,0.841
GLU_26_A_HB3,47.185,0.213,47.067,0.437,-0.318,0.841
GLU_26_A_HB3,47.403,-0.232,46.902,0.282,-0.0,0.959
GLU_26_A_HB3,47.341,0.973,45.501,0.378,-0.654,-0.655
GLU_26_A_HB3,48.131,-0.391,46.552,0.0,-0.0,-1.0
GLU_26_A_HB3,48.253,-0.016,46.495,-0.087,-0.268,-0.959
GLU_26_A_HB3,47.812,-0.16,46.495,0.228,-0.166,-0.959
GLU_26_A_HB3,48.253,-0.767,46.495,-0.087,0.268,-0.959
GLU_26_A_HB3,47.898,0.328,46.329,0.167,-0.514,-0.841
GLU_26_A_HB3,47.519,0.053,46.329,0.437,-0.318,-0.841
GLU_26_A_HB3,47.602,0.525,46.069,0.378,-0.654,-0.655
GLU_26_A_HB3,47.276,0.23,46.069,0.611,-0.444,-0.655
GLU_26_A_HB3,47.735,-0.714,46.47,0.228,0.166,-0.959
GLU_26_A_HB3,47.297,-0.482,46.304,0.541,-0.0,-0.841
GLU_26_A_HB3,47.442,-0.927,46.304,0.437,0.318,-0.841
GLU_26_A_HB3,47.019,-0.262,46.043,0.739,-0.157,-0.655
GLU_26_A_HB3,47.515,0.717,45.791,0.354,-0.648,-0.675
GLU_26_A_HB3,47.239,0.398,45.886,0.638,-0.564,-0.525
GLU_26_A_HB3,47.043,0.688,45.521,0.591,-0.451,-0.669
GLU_26_A_HB3,46.485,0.264,47.529,0.308,-0.658,0.687
GLU_26_A_HB3,46.795,0.41,47.47,0.518,-0.56,0.647
GLU_26_A_HB3,46.394,0.537,45.263,0.247,-0.474,-0.845
GLU_26_A_HB3,46.202,-0.216,45.763,0.187,-0.671,-0.718
GLU_26_A_HB3,46.025,0.092,45.462,0.164,-0.576,-0.801
GLU_26_A_HB3,45.612,-0.095,45.448,0.44,-0.67,-0.598
GLU_26_A_HB3,46.543,0.1,45.534,0.267,-0.585,-0.766
GLU_26_A_HB3,46.872,0.385,45.534,0.541,-0.348,-0.766
GLU_26_A_HG2,46.105,1.447,44.548,0.079,-0.752,-0.655
GLU_26_A_HG2,45.74,2.803,44.209,-0.437,0.318,-0.841
GLU_26_A_HG2,47.937,1.447,45.078,0.079,-0.752,-0.655
GLU_26_A_HG2,47.48,1.535,44.743,0.405,-0.814,-0.415
GLU_26_A_HG2,48.051,2.688,44.488,0.739,0.157,-0.655
GLU_26_A_HG2,47.991,2.472,44.394,0.747,-0.032,-0.664
GLU_26_A_HG2,47.876,2.065,44.412,0.638,-0.416,-0.648
GLU_26_A_HG2,47.682,1.723,44.57,0.455,-0.738,-0.499
GLU_26_A_HG2,47.944,2.897,44.409,0.771,0.229,-0.594
GLU_26_A_HG2,47.195,1.422,44.71,0.284,-0.863,-0.417
GLU_26_A_HG2,47.736,3.298,44.377,0.65,0.406,-0.642
GLU_26_A_HG2,47.347,3.543,44.257,0.387,0.571,-0.724
GLU_26_A_HG2,46.885,3.607,44.166,0.074,0.615,-0.785
GLU_26_A_HG2,46.43,3.478,44.119,-0.234,0.527,-0.817
GLU_26_A_HG2,46.06,3.179,44.125,-0.483,0.325,-0.813
GLU_26_A_HG2,46.681,1.435,44.517,-0.015,-0.869,-0.495
GLU_26_A_HG2,46.735,1.217,44.867,0.268,-0.774,-0.574
GLU_26_A_HG2,45.992,2.59,43.99,-0.495,0.122,-0.86
GLU_26_A_HG2,46.158,2.139,43.961,-0.333,-0.314,-0.889
GLU_26_A_HG2,46.317,1.736,44.17,-0.179,-0.705,-0.686
GLU_26_A_HG2,45.744,2.237,44.055,-0.18,-0.002,-0.984
GLU_26_A_HG2,45.895,1.841,44.138,-0.005,-0.462,-0.887
GLU_26_A_HG2,46.02,1.536,44.418,0.14,-0.815,-0.562
GLU_26_A_HG2,46.621,1.581,44.264,-0.193,-0.844,-0.5
GLU_26_A_HG2,47.083,1.581,44.264,0.193,-0.844,-0.5
GLU_26_A_HG2,47.5,1.781,44.264,0.54,-0.677,-0.5
GLU_26_A_HG2,47.788,3.045,44.264,0.78,0.376,-0.5
GLU_26_A_HG2,47.623,2.594,43.945,0.643,0.0,-0.766
GLU_26_A_HG2,47.501,3.011,43.945,0.541,0.348,-0.766
GLU_26_A_HG2,47.172,3.296,43.945,0.267,0.585,-0.766
GLU_26_A_HG2,46.742,3.357,43.945,-0.091,0.636,-0.766
GLU_26_A_HG2,46.347,3.177,43.945,-0.421,0.486,-0.766
GLU_26_A_HG2,46.112,2.811,43.945,-0.617,0.181,-0.766
GLU_26_A_HG2,46.742,1.831,43.945,-0.091,-0.636,-0.766
GLU_26_A_HG2,47.172,1.892,43.945,0.267,-0.585,-0.766
GLU_26_A_HG2,47.501,2.177,43.945,0.541,-0.348,-0.766
GLU_26_A_HG2,46.442,2.594,43.736,-0.342,0.0,-0.94
GLU_26_A_HG2,46.647,2.239,43.736,-0.171,-0.296,-0.94
GLU_26_A_HG2,47.057,2.239,43.736,0.171,-0.296,-0.94
GLU_26_A_HG2,47.262,2.594,43.736,0.342,-0.0,-0.94
GLU_26_A_HG2,47.057,2.949,43.736,0.171,0.296,-0.94
GLU_26_A_HG2,46.647,2.949,43.736,-0.171,0.296,-0.94
GLU_26_A_HG3,45.397,3.949,45.011,-0.506,0.562,-0.655
GLU_26_A_HG3,47.225,4.664,45.898,0.398,0.906,-0.142
GLU_26_A_HG3,47.385,4.613,46.807,-0.082,0.986,0.142
GLU_26_A_HG3,47.169,4.694,45.921,0.437,0.885,-0.159
GLU_26_A_HG3,45.317,4.324,45.322,-0.498,0.571,-0.652
GLU_26_A_HG3,44.874,4.312,45.567,-0.21,0.808,-0.55
GLU_26_A_HG3,44.92,4.014,45.272,-0.165,0.515,-0.841
GLU_26_A_HG3,46.495,4.851,45.359,0.193,0.844,-0.5
GLU_26_A_HG3,46.033,4.851,45.359,-0.193,0.844,-0.5
GLU_26_A_HG3,45.616,4.651,45.359,-0.54,0.677,-0.5
GLU_26_A_HG3,46.154,4.601,45.04,-0.091,0.636,-0.766
GLU_26_A_HG3,45.759,4.421,45.04,-0.421,0.486,-0.766
TYR_27_A_C,44.435,-0.929,48.55,0.506,0.562,0.655
TYR_27_A_C,45.091,-1.36,48.15,0.773,0.479,0.415
TYR_27_A_C,45.207,-1.12,47.815,0.69,0.307,0.655
TYR_27_A_C,45.417,-0.689,47.554,0.541,-0.0,0.841
TYR_27_A_C,45.561,-1.134,47.554,0.437,0.318,0.841
TYR_27_A_C,45.144,-0.296,47.816,0.512,-0.112,0.851
TYR_27_A_C,44.813,-0.564,48.034,0.49,0.255,0.834
TYR_27_A_C,44.882,-1.024,48.186,0.7,0.407,0.587
TYR_27_A_C,44.513,-0.838,48.414,0.58,0.475,0.662
TYR_27_A_C,45.001,-1.536,48.496,0.634,0.554,0.539
TYR_27_A_C,44.419,-1.312,48.919,0.641,0.548,0.538
TYR_27_A_C,44.733,-1.297,48.607,0.633,0.46,0.623
TYR_27_A_C,44.994,-1.281,48.246,0.77,0.468,0.434
TYR_27_A_O,41.664,-2.507,49.558,-0.405,0.814,0.415
TYR_27_A_O,41.374,-2.313,48.804,-0.405,0.814,0.415
TYR_27_A_O,41.747,-2.031,48.804,-0.672,0.613,0.415
TYR_27_A_O,41.993,-1.633,48.804,-0.848,0.329,0.415
TYR_27_A_O,43.012,-2.827,50.242,0.167,0.514,0.841
TYR_27_A_O,43.124,-2.482,50.076,0.087,0.268,0.959
TYR_27_A_O,44.23,-3.348,49.946,0.506,0.562,0.655
TYR_27_A_O,44.181,-2.562,49.685,0.541,-0.0,0.841
TYR_27_A_O,44.325,-3.007,49.685,0.437,0.318,0.841
TYR_27_A_O,44.487,-1.627,49.134,0.773,0.479,0.415
TYR_27_A_O,44.861,-1.742,48.799,0.506,0.562,0.655
TYR_27_A_O,44.635,-2.39,49.463,0.36,0.219,0.907
TYR_27_A_O,44.769,-2.048,49.219,0.495,0.564,0.661
TYR_27_A_O,44.429,-2.017,49.474,0.634,0.268,0.725
TYR_27_A_O,44.546,-1.7,49.116,0.731,0.531,0.428
TYR_27_A_O,42.49,-1.121,49.127,-0.665,0.528,0.527
TYR_27_A_O,43.876,-1.001,49.188,0.517,0.63,0.579
TYR_27_A_O,43.888,-2.465,49.886,0.486,0.037,0.873
TYR_27_A_O,43.474,-2.354,50.022,0.167,0.123,0.978
TYR_27_A_O,43.631,-2.734,50.068,0.373,0.321,0.871
TYR_27_A_O,43.207,-2.651,50.13,0.028,0.388,0.921
TYR_27_A_O,42.085,-1.449,48.823,-0.781,0.44,0.442
TYR_27_A_O,41.971,-1.153,48.462,-0.54,0.458,0.706
TYR_27_A_O,42.982,-2.197,50.012,-0.088,0.233,0.968
TYR_27_A_O,42.616,-2.03,49.863,-0.38,0.366,0.85
TYR_27_A_O,42.287,-1.957,49.598,-0.643,0.424,0.638
TYR_27_A_O,42.603,-2.425,50.072,-0.096,0.538,0.837
TYR_27_A_O,42.267,-2.309,49.872,-0.391,0.64,0.662
TYR_27_A_O,41.988,-2.288,49.577,-0.637,0.658,0.402
TYR_27_A_O,42.019,-1.902,49.188,-0.777,0.469,0.42
TYR_27_A_O,41.695,-2.197,49.038,-0.635,0.732,0.248
TYR_27_A_O,43.697,-2.183,49.964,0.282,0.0,0.959
TYR_27_A_O,43.425,-1.808,49.964,0.087,0.268,0.959
TYR_27_A_O,42.984,-1.951,49.964,-0.228,0.166,0.959
TYR_27_A_O,44.06,-2.183,49.799,0.541,0.0,0.841
TYR_27_A_O,43.915,-1.738,49.799,0.437,0.318,0.841
TYR_27_A_O,43.537,-1.463,49.799,0.167,0.514,0.841
TYR_27_A_O,43.069,-1.463,49.799,-0.167,0.514,0.841
TYR_27_A_O,42.691,-1.738,49.799,-0.437,0.318,0.841
TYR_27_A_O,44.27,-1.753,49.538,0.69,0.307,0.655
TYR_27_A_O,44.011,-1.397,49.538,0.506,0.562,0.655
TYR_27_A_O,43.63,-1.177,49.538,0.234,0.719,0.655
TYR_27_A_O,42.774,-1.267,49.538,-0.378,0.654,0.655
TYR_27_A_O,42.447,-1.561,49.538,-0.611,0.444,0.655
TYR_27_A_O,44.386,-1.513,49.203,0.773,0.479,0.415
TYR_27_A_O,42.362,-1.325,49.203,-0.672,0.613,0.415
TYR_27_A_CB,42.495,-4.294,44.805,0.106,-0.648,-0.754
TYR_27_A_CB,42.079,-4.328,44.874,-0.237,-0.677,-0.697
TYR_27_A_CB,42.22,-4.083,44.551,-0.021,-0.837,-0.547
TYR_27_A_CB,41.764,-4.087,44.71,-0.31,-0.839,-0.446
TYR_27_A_CB,42.34,-3.036,43.462,0.12,-0.582,-0.804
TYR_27_A_CB,42.16,-2.801,43.213,0.079,-0.779,-0.622
TYR_27_A_CB,41.113,-3.765,44.615,-0.501,-0.68,-0.536
TYR_27_A_CB,41.429,-3.964,44.662,-0.288,-0.814,-0.504
TYR_27_A_CB,41.928,-3.228,43.574,-0.02,-0.631,-0.775
TYR_27_A_CB,41.506,-3.399,43.818,-0.25,-0.725,-0.642
TYR_27_A_CB,41.112,-3.454,44.146,-0.465,-0.755,-0.463
TYR_27_A_CB,41.195,-3.683,44.398,-0.52,-0.736,-0.434
TYR_27_A_CB,41.609,-3.897,44.398,-0.302,-0.849,-0.434
TYR_27_A_CB,42.065,-3.992,44.398,-0.061,-0.899,-0.434
TYR_27_A_CB,41.723,-3.697,44.037,-0.242,-0.744,-0.623
TYR_27_A_CB,42.182,-3.769,44.037,-0.0,-0.782,-0.623
TYR_27_A_CB,42.182,-3.469,43.737,-0.0,-0.623,-0.782
TYR_27_A_CG,40.604,-2.123,42.663,-0.506,-0.562,-0.655
TYR_27_A_CG,42.16,-2.839,43.258,0.079,-0.752,-0.655
TYR_27_A_CG,41.532,-3.146,43.494,-0.004,-0.815,-0.58
TYR_27_A_CG,41.12,-3.26,43.783,-0.229,-0.877,-0.422
TYR_27_A_CG,40.752,-3.255,44.144,-0.43,-0.874,-0.225
TYR_27_A_CG,40.227,-2.448,43.07,-0.23,-0.597,-0.768
TYR_27_A_CG,40.26,-2.805,43.429,-0.212,-0.793,-0.572
TYR_27_A_CG,40.324,-3.05,43.869,-0.177,-0.927,-0.331
TYR_27_A_CG,40.751,-3.198,43.909,-0.301,-0.927,-0.223
TYR_27_A_CG,40.75,-3.049,43.508,-0.302,-0.849,-0.434
TYR_27_A_CG,41.206,-3.144,43.508,-0.061,-0.899,-0.434
TYR_27_A_CG,40.864,-2.849,43.147,-0.242,-0.744,-0.623
TYR_27_A_CG,41.323,-2.921,43.147,-0.0,-0.782,-0.623
TYR_27_A_CG,41.782,-2.849,43.147,0.242,-0.744,-0.623
TYR_27_A_CD1,40.188,-1.85,42.635,-0.234,-0.719,-0.655
TYR_27_A_CD1,40.524,0.345,45.563,-0.084,0.906,0.415
TYR_27_A_CD1,40.974,0.473,45.563,-0.405,0.814,0.415
TYR_27_A_CD1,40.13,-2.189,42.924,-0.167,-0.514,-0.841
TYR_27_A_CD1,40.369,-0.002,46.018,-0.079,0.752,0.655
TYR_27_A_CD1,40.838,0.364,45.681,-0.309,0.892,0.331
TYR_27_A_CD1,40.375,0.221,45.758,-0.053,0.818,0.572
TYR_27_A_CD1,39.402,-3.166,45.391,-0.714,-0.685,-0.144
TYR_27_A_CD1,39.678,-3.177,44.763,-0.235,-0.959,-0.159
TYR_27_A_CD1,39.332,-3.063,44.96,-0.474,-0.88,-0.023
TYR_27_A_CD1,40.144,-0.704,46.597,-0.508,0.394,0.766
TYR_27_A_CD1,40.366,-0.29,46.391,-0.326,0.732,0.598
TYR_27_A_CD1,39.859,-0.575,46.398,-0.265,0.421,0.868
TYR_27_A_CD1,40.029,-0.259,46.241,-0.158,0.62,0.769
TYR_27_A_CD1,40.268,-0.024,46.038,-0.007,0.768,0.641
TYR_27_A_CD1,40.35,-3.364,44.809,-0.435,-0.859,-0.272
TYR_27_A_CD1,40.111,-3.195,44.47,-0.137,-0.965,-0.223
TYR_27_A_CD1,38.304,-1.898,45.35,-0.958,-0.224,0.179
TYR_27_A_CD1,38.472,-2.356,45.158,-0.845,-0.533,0.049
TYR_27_A_CD1,38.822,-2.742,45.106,-0.608,-0.794,0.015
TYR_27_A_CD1,39.292,-1.043,46.4,-0.29,0.355,0.889
TYR_27_A_CD1,38.854,-1.047,46.164,-0.586,0.352,0.73
TYR_27_A_CD1,38.507,-1.238,45.863,-0.821,0.223,0.526
TYR_27_A_CD1,38.281,-0.885,45.511,-0.713,-0.018,0.701
TYR_27_A_CD1,38.507,-0.535,45.673,-0.589,0.174,0.789
TYR_27_A_CD1,38.798,-0.204,45.747,-0.43,0.355,0.83
TYR_27_A_CD1,39.135,0.089,45.732,-0.245,0.515,0.821
TYR_27_A_CD1,39.5,0.325,45.626,-0.046,0.644,0.764
TYR_27_A_CD1,39.869,0.49,45.437,0.157,0.735,0.66
TYR_27_A_CD1,39.542,-2.093,42.892,-0.023,-0.679,-0.733
TYR_27_A_CD1,39.15,-2.239,43.125,-0.237,-0.759,-0.606
TYR_27_A_CD1,38.788,-2.29,43.434,-0.435,-0.787,-0.437
TYR_27_A_CD1,38.481,-2.242,43.798,-0.604,-0.761,-0.237
TYR_27_A_CD1,38.249,-2.099,44.192,-0.731,-0.683,-0.022
TYR_27_A_CD1,38.109,-1.87,44.588,-0.807,-0.557,0.195
TYR_27_A_CD1,38.071,-1.571,44.96,-0.828,-0.393,0.399
TYR_27_A_CD1,39.629,-0.529,46.327,-0.18,0.395,0.901
TYR_27_A_CD1,39.277,-0.833,46.327,-0.365,0.235,0.901
TYR_27_A_CD1,39.518,-0.185,46.1,-0.239,0.576,0.782
TYR_27_A_CD1,39.133,-0.441,46.1,-0.441,0.441,0.782
TYR_27_A_CD1,38.877,-0.826,46.1,-0.576,0.239,0.782
TYR_27_A_CD1,39.971,0.206,45.8,0.0,0.782,0.623
TYR_27_A_CD1,38.289,-2.162,44.615,-0.885,-0.465,0.0
TYR_27_A_CD1,38.549,-2.539,44.615,-0.749,-0.663,0.0
TYR_27_A_CD1,38.892,-2.843,44.615,-0.568,-0.823,0.0
TYR_27_A_CD1,39.297,-3.056,44.615,-0.355,-0.935,0.0
TYR_27_A_CD1,38.621,-2.547,44.192,-0.711,-0.667,-0.223
TYR_27_A_CD1,38.978,-2.843,44.192,-0.522,-0.823,-0.223
TYR_27_A_CD1,39.399,-3.041,44.192,-0.301,-0.927,-0.223
TYR_27_A_CD1,39.855,-3.128,44.192,-0.061,-0.973,-0.223
TYR_27_A_CD1,38.984,-2.678,43.791,-0.52,-0.736,-0.434
TYR_27_A_CD1,39.398,-2.892,43.791,-0.302,-0.849,-0.434
TYR_27_A_CD1,39.854,-2.987,43.791,-0.061,-0.899,-0.434
TYR_27_A_CD1,39.512,-2.692,43.43,-0.242,-0.744,-0.623
TYR_27_A_CD2,40.632,-1.829,42.281,-0.548,-0.726,-0.415
TYR_27_A_CD2,43.201,0.951,43.304,0.611,0.444,-0.655
TYR_27_A_CD2,43.116,0.714,42.968,0.672,0.613,-0.415
TYR_27_A_CD2,42.946,-2.299,42.861,0.522,-0.725,-0.45
TYR_27_A_CD2,42.621,-2.483,42.879,0.314,-0.842,-0.439
TYR_27_A_CD2,42.252,-2.595,42.899,0.183,-0.897,-0.402
TYR_27_A_CD2,40.837,-2.279,42.638,-0.418,-0.65,-0.634
TYR_27_A_CD2,41.28,-2.523,42.709,-0.175,-0.784,-0.595
TYR_27_A_CD2,41.748,-2.655,42.866,0.081,-0.857,-0.509
TYR_27_A_CD2,42.793,-0.283,41.596,0.714,0.019,-0.7
TYR_27_A_CD2,42.551,-0.654,41.428,0.581,-0.184,-0.793
TYR_27_A_CD2,42.238,-1.002,41.356,0.41,-0.375,-0.832
TYR_27_A_CD2,41.874,-1.304,41.387,0.211,-0.54,-0.815
TYR_27_A_CD2,41.485,-1.54,41.518,-0.002,-0.669,-0.743
TYR_27_A_CD2,41.096,-1.693,41.74,-0.215,-0.753,-0.622
TYR_27_A_CD2,40.733,-1.754,42.038,-0.414,-0.786,-0.458
TYR_27_A_CD2,42.995,0.56,42.332,0.825,0.481,-0.297
TYR_27_A_CD2,41.304,-2.359,42.435,-0.302,-0.849,-0.434
TYR_27_A_CD2,41.76,-2.454,42.435,-0.061,-0.899,-0.434
TYR_27_A_CD2,42.225,-2.422,42.435,0.183,-0.882,-0.434
TYR_27_A_CD2,42.665,-2.266,42.435,0.415,-0.8,-0.434
TYR_27_A_CD2,41.418,-2.159,42.074,-0.242,-0.744,-0.623
TYR_27_A_CD2,41.877,-2.231,42.074,-0.0,-0.782,-0.623
TYR_27_A_CD2,42.336,-2.159,42.074,0.242,-0.744,-0.623
TYR_27_A_CD2,42.75,-1.948,42.074,0.46,-0.633,-0.623
TYR_27_A_CD2,41.877,-1.931,41.774,-0.0,-0.623,-0.782
TYR_27_A_CD2,42.33,-1.84,41.774,0.239,-0.576,-0.782
TYR_27_A_CD2,42.715,-1.584,41.774,0.441,-0.441,-0.782
TYR_27_A_CD2,42.971,-1.199,41.774,0.576,-0.239,-0.782
TYR_27_A_CD2,41.994,-1.562,41.547,0.062,-0.429,-0.901
TYR_27_A_CD2,42.417,-1.369,41.547,0.284,-0.328,-0.901
TYR_27_A_CD2,42.668,-0.978,41.547,0.416,-0.122,-0.901
TYR_27_A_CE1,40.451,0.79,44.804,0.249,0.875,0.415
TYR_27_A_CE1,40.917,0.747,44.804,-0.084,0.906,0.415
TYR_27_A_CE1,39.751,-1.804,42.635,0.079,-0.752,-0.655
TYR_27_A_CE1,40.079,0.606,45.228,0.234,0.719,0.655
TYR_27_A_CE1,41.209,0.678,45.314,-0.292,0.955,0.051
TYR_27_A_CE1,40.824,0.598,45.236,-0.175,0.905,0.389
TYR_27_A_CE1,40.567,0.709,44.937,0.166,0.933,0.32
TYR_27_A_CE1,40.149,0.793,44.989,0.307,0.766,0.565
TYR_27_A_CE1,38.257,1.249,43.862,-0.586,0.79,0.183
TYR_27_A_CE1,38.619,1.392,44.069,-0.359,0.879,0.313
TYR_27_A_CE1,38.515,1.517,43.695,-0.541,0.705,0.458
TYR_27_A_CE1,38.867,1.612,43.832,-0.258,0.782,0.568
TYR_27_A_CE1,37.827,-0.376,42.501,-0.795,-0.152,-0.588
TYR_27_A_CE1,37.676,-0.147,42.707,-0.886,-0.014,-0.464
TYR_27_A_CE1,37.705,0.224,42.555,-0.971,-0.113,-0.213
TYR_27_A_CE1,37.897,-0.595,45.257,-0.484,-0.163,0.86
TYR_27_A_CE1,37.961,-0.153,45.298,-0.44,0.135,0.888
TYR_27_A_CE1,37.984,0.275,45.168,-0.425,0.424,0.8
TYR_27_A_CE1,37.961,0.623,44.886,-0.44,0.659,0.609
TYR_27_A_CE1,37.896,0.836,44.497,-0.484,0.803,0.347
TYR_27_A_CE1,37.8,0.881,44.062,-0.549,0.834,0.052
TYR_27_A_CE1,37.423,-0.358,43.105,-0.804,-0.004,-0.595
TYR_27_A_CE1,37.404,-0.777,43.244,-0.817,-0.287,-0.5
TYR_27_A_CE1,37.428,-1.114,43.528,-0.8,-0.514,-0.308
TYR_27_A_CE1,37.493,-1.318,43.914,-0.756,-0.652,-0.048
TYR_27_A_CE1,37.589,-1.359,44.343,-0.692,-0.68,0.242
TYR_27_A_CE1,37.7,-1.231,44.75,-0.617,-0.593,0.517
TYR_27_A_CE1,38.854,0.325,45.56,-0.18,0.395,0.901
TYR_27_A_CE1,38.502,0.021,45.56,-0.365,0.235,0.901
TYR_27_A_CE1,39.196,0.76,45.333,0.0,0.623,0.782
TYR_27_A_CE1,38.743,0.669,45.333,-0.239,0.576,0.782
TYR_27_A_CE1,38.358,0.413,45.333,-0.441,0.441,0.782
TYR_27_A_CE1,39.655,0.988,45.033,0.242,0.744,0.623
TYR_27_A_CE1,39.196,1.06,45.033,0.0,0.782,0.623
TYR_27_A_CE1,38.737,0.988,45.033,-0.242,0.744,0.623
TYR_27_A_CE1,38.323,0.777,45.033,-0.46,0.633,0.623
TYR_27_A_CE1,39.544,1.251,44.672,0.183,0.882,0.434
TYR_27_A_CE1,39.079,1.283,44.672,-0.061,0.899,0.434
TYR_27_A_CE1,38.623,1.188,44.672,-0.302,0.849,0.434
TYR_27_A_CE1,38.209,0.974,44.672,-0.52,0.736,0.434
TYR_27_A_CE1,37.868,-1.505,44.672,-0.699,-0.569,0.434
TYR_27_A_CE1,37.846,-1.693,44.271,-0.711,-0.667,0.223
TYR_27_A_CE1,38.624,1.337,44.271,-0.301,0.927,0.223
TYR_27_A_CE1,38.203,1.139,44.271,-0.522,0.823,0.223
TYR_27_A_CE1,37.774,-1.685,43.848,-0.749,-0.663,0.0
TYR_27_A_CE1,38.117,-1.989,43.848,-0.568,-0.823,0.0
TYR_27_A_CE1,37.573,-1.317,43.425,-0.854,-0.47,-0.223
TYR_27_A_CE1,37.846,-1.693,43.425,-0.711,-0.667,-0.223
TYR_27_A_CE1,38.203,-1.989,43.425,-0.522,-0.823,-0.223
TYR_27_A_CE1,37.626,-1.107,43.024,-0.826,-0.359,-0.434
TYR_27_A_CE1,37.868,-1.505,43.024,-0.699,-0.569,-0.434
TYR_27_A_CE1,38.209,-1.824,43.024,-0.52,-0.736,-0.434
TYR_27_A_CE1,38.623,-2.038,43.024,-0.302,-0.849,-0.434
TYR_27_A_CE1,37.783,-0.884,42.663,-0.744,-0.242,-0.623
TYR_27_A_CE1,37.994,-1.298,42.663,-0.633,-0.46,-0.623
TYR_27_A_CE1,38.323,-1.627,42.663,-0.46,-0.633,-0.623
TYR_27_A_CE1,38.737,-1.838,42.663,-0.242,-0.744,-0.623
TYR_27_A_CE1,39.196,-1.91,42.663,-0.0,-0.782,-0.623
TYR_27_A_CE1,38.358,-1.263,42.363,-0.441,-0.441,-0.782
TYR_27_A_CE2,40.213,-1.621,42.281,-0.249,-0.875,-0.415
TYR_27_A_CE2,41.747,1.007,44.78,-0.398,0.906,0.142
TYR_27_A_CE2,41.308,1.008,44.397,-0.084,0.906,0.415
TYR_27_A_CE2,41.301,1.224,44.062,-0.079,0.752,0.655
TYR_27_A_CE2,42.839,0.913,42.586,0.871,0.471,-0.142
TYR_27_A_CE2,41.897,1.23,44.303,-0.405,0.814,0.415
TYR_27_A_CE2,41.44,1.318,43.968,-0.079,0.752,0.655
TYR_27_A_CE2,42.056,1.498,43.877,-0.082,0.986,0.142
TYR_27_A_CE2,41.691,1.622,43.514,0.178,0.898,0.402
TYR_27_A_CE2,42.581,1.531,43.84,0.062,0.951,-0.302
TYR_27_A_CE2,42.177,1.534,43.64,0.082,0.994,0.065
TYR_27_A_CE2,42.098,1.605,43.185,0.406,0.898,0.166
TYR_27_A_CE2,42.936,1.356,43.406,0.343,0.783,-0.518
TYR_27_A_CE2,43.129,1.092,43.318,0.663,0.343,-0.665
TYR_27_A_CE2,42.55,1.437,43.227,0.35,0.923,-0.158
TYR_27_A_CE2,42.823,1.184,43.025,0.674,0.623,-0.398
TYR_27_A_CE2,42.503,1.396,42.771,0.653,0.755,-0.065
TYR_27_A_CE2,42.823,0.957,42.625,0.882,0.44,-0.17
TYR_27_A_CE2,40.009,-0.075,40.882,-0.23,-0.145,-0.963
TYR_27_A_CE2,39.987,-0.5,41.007,-0.242,-0.377,-0.894
TYR_27_A_CE2,39.991,-0.885,41.229,-0.24,-0.588,-0.772
TYR_27_A_CE2,40.02,-1.206,41.534,-0.223,-0.764,-0.605
TYR_27_A_CE2,40.074,-1.445,41.904,-0.194,-0.895,-0.403
TYR_27_A_CE2,40.843,1.54,43.796,0.227,0.74,0.633
TYR_27_A_CE2,40.788,1.808,43.405,0.197,0.886,0.419
TYR_27_A_CE2,40.923,1.99,42.88,0.156,0.945,0.288
TYR_27_A_CE2,41.02,2.037,42.509,0.218,0.975,0.049
TYR_27_A_CE2,41.041,2.002,42.123,0.232,0.952,-0.198
TYR_27_A_CE2,40.626,2.196,42.45,0.5,0.861,0.091
TYR_27_A_CE2,40.627,2.124,41.947,0.501,0.802,-0.326
TYR_27_A_CE2,40.379,0.696,40.81,-0.173,0.237,-0.956
TYR_27_A_CE2,40.234,0.362,40.795,-0.261,0.035,-0.965
TYR_27_A_CE2,39.831,0.37,40.864,-0.076,-0.185,-0.98
TYR_27_A_CE2,41.449,1.786,43.315,0.183,0.882,0.434
TYR_27_A_CE2,41.89,1.786,42.914,0.415,0.882,0.223
TYR_27_A_CE2,41.448,1.93,42.914,0.183,0.958,0.223
TYR_27_A_CE2,42.523,1.37,42.491,0.749,0.663,0.0
TYR_27_A_CE2,42.18,1.674,42.491,0.568,0.823,0.0
TYR_27_A_CE2,41.775,1.887,42.491,0.355,0.935,0.0
TYR_27_A_CE2,41.33,1.996,42.491,0.121,0.993,0.0
TYR_27_A_CE2,42.823,0.792,42.068,0.906,0.359,-0.223
TYR_27_A_CE2,41.448,1.93,42.068,0.183,0.958,-0.223
TYR_27_A_CE2,40.528,-1.503,41.667,-0.302,-0.849,-0.434
TYR_27_A_CE2,40.642,-1.303,41.306,-0.242,-0.744,-0.623
TYR_27_A_CE2,41.101,-1.375,41.306,-0.0,-0.782,-0.623
TYR_27_A_CE2,40.263,-0.728,41.006,-0.441,-0.441,-0.782
TYR_27_A_CE2,40.648,-0.984,41.006,-0.239,-0.576,-0.782
TYR_27_A_CE2,41.101,-1.075,41.006,-0.0,-0.623,-0.782
TYR_27_A_CE2,41.554,-0.984,41.006,0.239,-0.576,-0.782
TYR_27_A_CE2,41.939,-0.728,41.006,0.441,-0.441,-0.782
TYR_27_A_CE2,42.195,-0.343,41.006,0.576,-0.239,-0.782
TYR_27_A_CE2,40.407,-0.336,40.779,-0.365,-0.235,-0.901
TYR_27_A_CE2,40.759,-0.64,40.779,-0.18,-0.395,-0.901
TYR_27_A_CE2,41.218,-0.706,40.779,0.062,-0.429,-0.901
TYR_27_A_CE2,41.641,-0.513,40.779,0.284,-0.328,-0.901
TYR_27_A_CE2,40.678,0.11,40.639,-0.223,0.0,-0.975
TYR_27_A_CE2,40.89,-0.256,40.639,-0.111,-0.193,-0.975
TYR_27_A_CE2,41.312,-0.256,40.639,0.111,-0.193,-0.975
TYR_27_A_CZ,40.209,-1.624,42.291,-0.249,-0.875,-0.415
TYR_27_A_CZ,40.473,1.008,44.469,0.234,0.719,0.655
TYR_27_A_CZ,40.863,1.27,44.062,0.234,0.719,0.655
TYR_27_A_CZ,40.703,1.286,44.117,0.348,0.707,0.616
TYR_27_A_CZ,38.126,-0.652,42.23,-0.739,-0.314,-0.596
TYR_27_A_CZ,38.396,-0.983,42.156,-0.591,-0.495,-0.636
TYR_27_A_CZ,38.727,-1.264,42.147,-0.41,-0.649,-0.641
TYR_27_A_CZ,39.101,-1.477,42.205,-0.206,-0.766,-0.609
TYR_27_A_CZ,39.495,-1.612,42.326,0.011,-0.839,-0.543
TYR_27_A_CZ,40.02,1.235,44.464,0.298,0.719,0.628
TYR_27_A_CZ,39.585,1.421,44.356,0.06,0.821,0.568
TYR_27_A_CZ,39.142,1.5,44.174,-0.183,0.864,0.468
TYR_27_A_CZ,39.25,1.892,43.697,-0.209,0.698,0.685
TYR_27_A_CZ,39.729,2.02,43.593,0.095,0.779,0.62
TYR_27_A_CZ,40.156,2.076,43.326,0.365,0.815,0.45
TYR_27_A_CZ,39.476,0.144,40.899,-0.03,-0.206,-0.978
TYR_27_A_CZ,39.137,-0.087,41.012,-0.228,-0.342,-0.912
TYR_27_A_CZ,38.793,-0.238,41.213,-0.43,-0.43,-0.794
TYR_27_A_CZ,38.472,-0.296,41.486,-0.619,-0.465,-0.633
TYR_27_A_CZ,38.197,-0.257,41.809,-0.78,-0.442,-0.444
TYR_27_A_CZ,40.215,1.681,43.973,0.242,0.744,0.623
TYR_27_A_CZ,39.756,1.753,43.973,0.0,0.782,0.623
TYR_27_A_CZ,39.297,1.681,43.973,-0.242,0.744,0.623
TYR_27_A_CZ,40.104,1.944,43.612,0.183,0.882,0.434
TYR_27_A_CZ,38.186,-0.414,41.964,-0.826,-0.359,-0.434
TYR_27_A_CZ,39.639,-1.44,41.964,-0.061,-0.899,-0.434
TYR_27_A_CZ,38.554,-0.605,41.603,-0.633,-0.46,-0.623
TYR_27_A_CZ,38.883,-0.934,41.603,-0.46,-0.633,-0.623
TYR_27_A_CZ,39.297,-1.145,41.603,-0.242,-0.744,-0.623
TYR_27_A_CZ,38.918,-0.57,41.303,-0.441,-0.441,-0.782
TYR_27_A_CZ,39.303,-0.826,41.303,-0.239,-0.576,-0.782
TYR_27_A_CZ,39.414,-0.482,41.076,-0.18,-0.395,-0.901
TYR_27_A_CZ,39.545,-0.098,40.936,-0.111,-0.193,-0.975
TYR_27_A_OH,38.104,1.157,43.659,-0.67,0.728,0.142
TYR_27_A_OH,37.984,-0.104,42.084,-0.773,-0.479,-0.415
TYR_27_A_OH,39.936,1.101,40.888,0.228,0.166,-0.959
TYR_27_A_OH,40.148,1.285,40.98,0.145,0.386,-0.911
TYR_27_A_OH,39.764,1.157,40.844,0.351,0.125,-0.928
TYR_27_A_OH,39.637,0.821,40.784,0.264,-0.073,-0.962
TYR_27_A_OH,37.794,0.237,42.081,-0.883,-0.444,-0.155
TYR_27_A_OH,39.05,0.193,40.898,-0.054,-0.476,-0.878
TYR_27_A_OH,38.65,0.005,41.119,-0.328,-0.604,-0.726
TYR_27_A_OH,38.282,-0.048,41.445,-0.579,-0.641,-0.504
TYR_27_A_OH,37.991,0.039,41.835,-0.778,-0.581,-0.237
TYR_27_A_OH,37.822,1.268,42.851,-0.833,0.334,0.441
TYR_27_A_OH,37.664,0.993,42.611,-0.964,0.107,0.242
TYR_27_A_OH,37.639,0.664,42.386,-0.985,-0.165,0.056
TYR_27_A_OH,37.664,0.778,42.89,-0.965,0.26,0.043
TYR_27_A_OH,37.678,0.329,42.601,-0.951,-0.189,-0.246
TYR_27_A_OH,37.762,1.527,42.589,-0.848,0.329,0.415
TYR_27_A_OH,37.73,1.727,42.206,-0.871,0.471,0.142
TYR_27_A_OH,37.582,1.295,42.206,-0.976,0.163,0.142
TYR_27_A_OH,37.582,0.839,42.206,-0.976,-0.163,0.142
TYR_27_A_OH,37.563,1.067,41.808,-0.99,0.0,-0.142
TYR_27_A_OH,37.638,0.617,41.808,-0.936,-0.321,-0.142
TYR_27_A_OH,37.855,0.216,41.808,-0.781,-0.608,-0.142
TYR_27_A_OH,37.855,1.918,41.808,-0.781,0.608,-0.142
TYR_27_A_OH,37.638,1.517,41.808,-0.936,0.321,-0.142
TYR_27_A_OH,37.866,1.737,41.425,-0.773,0.479,-0.415
TYR_27_A_OH,37.697,1.301,41.425,-0.894,0.167,-0.415
TYR_27_A_OH,37.697,0.833,41.425,-0.894,-0.167,-0.415
TYR_27_A_OH,37.866,0.397,41.425,-0.773,-0.479,-0.415
TYR_27_A_OH,37.891,1.067,41.09,-0.756,0.0,-0.655
TYR_27_A_OH,37.982,0.637,41.09,-0.69,-0.307,-0.655
TYR_27_A_OH,38.241,0.281,41.09,-0.506,-0.562,-0.655
TYR_27_A_OH,38.241,1.853,41.09,-0.506,0.562,-0.655
TYR_27_A_OH,37.982,1.497,41.09,-0.69,0.307,-0.655
TYR_27_A_OH,39.561,1.512,40.829,0.437,0.318,-0.841
TYR_27_A_OH,39.183,1.787,40.829,0.167,0.514,-0.841
TYR_27_A_OH,38.715,1.787,40.829,-0.167,0.514,-0.841
TYR_27_A_OH,38.337,1.512,40.829,-0.437,0.318,-0.841
TYR_27_A_OH,38.192,1.067,40.829,-0.541,0.0,-0.841
TYR_27_A_OH,38.337,0.622,40.829,-0.437,-0.318,-0.841
TYR_27_A_OH,38.715,0.347,40.829,-0.167,-0.514,-0.841
TYR_27_A_OH,38.555,1.067,40.664,-0.282,0.0,-0.959
TYR_27_A_OH,38.827,0.692,40.664,-0.087,-0.268,-0.959
TYR_27_A_OH,39.268,0.835,40.664,0.228,-0.166,-0.959
TYR_27_A_OH,39.268,1.299,40.664,0.228,0.166,-0.959
TYR_27_A_OH,38.827,1.442,40.664,-0.087,0.268,-0.959
TYR_27_A_H,44.511,0.293,44.123,0.541,-0.0,-0.841
TYR_27_A_H,44.233,0.513,43.862,0.739,-0.157,-0.655
TYR_27_A_H,44.233,0.073,43.862,0.739,0.157,-0.655
TYR_27_A_H,44.476,-1.081,44.483,0.611,-0.444,-0.655
TYR_27_A_H,44.297,-1.483,44.483,0.739,-0.157,-0.655
TYR_27_A_H,44.145,-1.243,44.148,0.848,-0.329,-0.415
TYR_27_A_H,45.03,0.297,44.701,0.739,-0.157,-0.655
TYR_27_A_H,45.373,-0.411,45.528,0.611,-0.444,-0.655
TYR_27_A_H,45.194,-0.813,45.528,0.739,-0.157,-0.655
TYR_27_A_H,44.955,-1.033,45.192,0.91,-0.0,-0.415
TYR_27_A_H,45.041,-0.573,45.192,0.848,-0.329,-0.415
TYR_27_A_H,45.178,0.208,44.875,0.703,-0.251,-0.666
TYR_27_A_H,44.995,-0.137,44.741,0.884,-0.157,-0.439
TYR_27_A_H,45.276,-0.126,45.151,0.699,-0.42,-0.578
TYR_27_A_H,45.01,-0.454,44.985,0.871,-0.413,-0.267
TYR_27_A_H,44.791,-1.254,44.864,0.78,-0.075,-0.621
TYR_27_A_H,44.519,-1.042,44.495,0.581,-0.472,-0.664
TYR_27_A_H,44.698,0.147,44.275,0.727,0.015,-0.687
TYR_27_A_H,44.421,-0.269,43.97,0.738,0.044,-0.674
TYR_27_A_H,44.435,-0.709,44.107,0.751,-0.375,-0.544
TYR_27_A_H,44.235,-0.605,43.688,0.923,-0.087,-0.375
TYR_27_A_H,44.157,-0.997,43.85,0.839,-0.504,-0.203
TYR_27_A_H,44.739,-0.65,44.436,0.78,-0.376,-0.5
TYR_27_A_H,44.842,-0.199,44.436,0.866,-0.0,-0.5
TYR_27_A_H,44.574,-0.199,44.117,0.643,0.0,-0.766
TYR_27_A_HA,40.384,-2.577,47.844,-0.67,0.728,0.142
TYR_27_A_HA,40.664,-2.217,47.844,-0.871,0.471,0.142
TYR_27_A_HA,40.719,-1.558,47.461,-0.91,-0.0,0.415
TYR_27_A_HA,40.387,-2.416,47.461,-0.672,0.613,0.415
TYR_27_A_HA,40.633,-2.018,47.461,-0.848,0.329,0.415
TYR_27_A_HA,40.301,-2.18,47.126,-0.611,0.444,0.655
TYR_27_A_HA,40.48,-1.778,47.126,-0.739,0.157,0.655
TYR_27_A_HA,41.197,0.031,46.736,-0.67,0.728,0.142
TYR_27_A_HA,41.477,0.391,46.736,-0.871,0.471,0.142
TYR_27_A_HA,40.826,-0.09,46.353,-0.405,0.814,0.415
TYR_27_A_HA,41.2,0.192,46.353,-0.672,0.613,0.415
TYR_27_A_HA,41.335,-2.089,48.468,-0.378,0.654,0.655
TYR_27_A_HA,41.662,-1.795,48.468,-0.611,0.444,0.655
TYR_27_A_HA,41.418,-1.618,48.207,-0.437,0.318,0.841
TYR_27_A_HA,42.071,-1.133,48.533,-0.611,0.444,0.655
TYR_27_A_HA,42.25,-0.732,48.533,-0.739,0.157,0.655
TYR_27_A_HA,41.972,-0.512,48.272,-0.541,-0.0,0.841
TYR_27_A_HA,41.827,-0.956,48.272,-0.437,0.318,0.841
TYR_27_A_HA,41.26,0.031,47.199,-0.67,0.728,0.142
TYR_27_A_HA,41.54,0.391,47.199,-0.871,0.471,0.142
TYR_27_A_HA,41.581,-1.076,48.195,-0.421,0.174,0.89
TYR_27_A_HA,41.515,-0.51,48.046,-0.444,0.219,0.869
TYR_27_A_HA,41.316,-0.254,47.786,-0.631,0.46,0.625
TYR_27_A_HA,41.248,-0.045,47.434,-0.694,0.657,0.294
TYR_27_A_HA,41.12,-1.329,47.992,-0.546,0.115,0.83
TYR_27_A_HA,40.835,-1.41,47.711,-0.843,0.03,0.537
TYR_27_A_HA,40.772,-1.872,47.725,-0.948,0.225,0.227
TYR_27_A_HA,40.843,-2.121,48.204,-0.627,0.632,0.454
TYR_27_A_HA,40.615,-0.676,47.131,-0.844,0.374,0.385
TYR_27_A_HA,40.826,-0.282,46.935,-0.655,0.726,0.209
TYR_27_A_HA,40.497,-0.499,46.753,-0.62,0.59,0.518
TYR_27_A_HA,40.772,-0.183,46.516,-0.367,0.881,0.299
TYR_27_A_HA,40.569,-1.149,47.256,-0.865,0.026,0.502
TYR_27_A_HA,40.319,-1.105,46.902,-0.707,0.303,0.639
TYR_27_A_HA,40.992,-1.07,47.889,-0.643,0.0,0.766
TYR_27_A_HA,41.114,-0.653,47.889,-0.541,0.348,0.766
TYR_27_A_HA,40.827,-0.619,47.57,-0.78,0.376,0.5
TYR_27_A_HA,40.724,-1.07,47.57,-0.866,0.0,0.5
TYR_27_A_HA,40.927,-0.234,47.178,-0.696,0.696,0.174
TYR_27_A_HB2,43.349,-2.664,43.455,0.437,-0.318,-0.841
TYR_27_A_HB2,42.509,-3.076,43.52,0.167,-0.514,-0.841
TYR_27_A_HB2,42.974,-3.848,44.374,0.084,-0.906,-0.415
TYR_27_A_HB2,44.409,-3.997,45.127,-0.234,-0.719,-0.655
TYR_27_A_HB2,43.972,-3.952,45.127,0.079,-0.752,-0.655
TYR_27_A_HB2,43.553,-4.087,45.127,0.378,-0.654,-0.655
TYR_27_A_HB2,43.965,-3.736,44.791,0.084,-0.906,-0.415
TYR_27_A_HB2,43.515,-3.864,44.791,0.405,-0.814,-0.415
TYR_27_A_HB2,44.189,-2.237,44.339,0.739,0.157,-0.655
TYR_27_A_HB2,43.95,-2.017,44.004,0.91,-0.0,-0.415
TYR_27_A_HB2,44.292,-3.42,44.423,0.291,-0.479,-0.828
TYR_27_A_HB2,44.105,-3.696,44.709,-0.016,-0.934,-0.357
TYR_27_A_HB2,44.108,-2.988,44.143,0.709,-0.151,-0.689
TYR_27_A_HB2,43.95,-3.339,44.177,0.535,-0.537,-0.652
TYR_27_A_HB2,43.782,-3.613,44.39,0.35,-0.839,-0.417
TYR_27_A_HB2,44.172,-2.552,44.215,0.775,0.123,-0.62
TYR_27_A_HB2,43.877,-2.342,43.817,0.84,-0.006,-0.542
TYR_27_A_HB2,43.603,-2.579,43.569,0.573,-0.238,-0.784
TYR_27_A_HB2,43.684,-2.107,43.418,0.781,-0.391,-0.488
TYR_27_A_HB2,43.366,-2.285,43.24,0.426,-0.589,-0.687
TYR_27_A_HB2,43.236,-3.876,44.517,0.269,-0.874,-0.404
TYR_27_A_HB2,43.297,-4.093,44.927,0.561,-0.65,-0.512
TYR_27_A_HB2,42.692,-3.39,43.732,0.022,-0.602,-0.798
TYR_27_A_HB2,42.784,-3.738,44.114,0.084,-0.838,-0.539
TYR_27_A_HB2,43.095,-2.887,43.454,0.2,-0.438,-0.877
TYR_27_A_HB2,42.626,-2.739,43.254,0.083,-0.755,-0.651
TYR_27_A_HB2,43.267,-3.681,44.067,0.193,-0.844,-0.5
TYR_27_A_HB2,43.684,-3.481,44.067,0.54,-0.677,-0.5
TYR_27_A_HB2,42.926,-3.431,43.748,-0.091,-0.636,-0.766
TYR_27_A_HB2,43.356,-3.37,43.748,0.267,-0.585,-0.766
TYR_27_A_HB2,43.685,-3.085,43.748,0.541,-0.348,-0.766
TYR_27_A_HB2,43.241,-3.023,43.539,0.171,-0.296,-0.94
TYR_27_A_HB3,40.887,-3.482,44.488,-0.548,-0.726,-0.415
TYR_27_A_HB3,40.468,-3.274,44.488,-0.249,-0.875,-0.415
TYR_27_A_HB3,40.449,-3.779,45.345,-0.506,-0.562,-0.655
TYR_27_A_HB3,40.068,-3.559,45.345,-0.234,-0.719,-0.655
TYR_27_A_HB3,40.509,-3.549,45.01,-0.548,-0.726,-0.415
TYR_27_A_HB3,40.09,-3.341,45.01,-0.249,-0.875,-0.415
TYR_27_A_HB3,41.34,-4.913,45.702,-0.437,-0.318,-0.841
TYR_27_A_HB3,41.657,-4.256,45.002,-0.234,-0.719,-0.655
TYR_27_A_HB3,41.679,-4.038,44.666,-0.249,-0.875,-0.415
TYR_27_A_HB3,41.524,-4.583,45.396,-0.506,-0.562,-0.655
TYR_27_A_HB3,41.472,-4.269,45.084,-0.292,-0.756,-0.585
TYR_27_A_HB3,40.835,-4.05,45.222,-0.502,-0.651,-0.569
TYR_27_A_HB3,40.787,-4.39,45.577,-0.155,-0.644,-0.749
TYR_27_A_HB3,40.709,-3.621,44.849,-0.564,-0.662,-0.494
TYR_27_A_HB3,40.949,-3.947,44.954,-0.54,-0.677,-0.5
TYR_27_A_HD1,39.941,-1.126,46.618,-0.437,0.318,0.841
TYR_27_A_HD1,39.485,-3.455,45.771,-0.773,-0.479,-0.415
TYR_27_A_HD1,39.16,-2.965,45.388,-0.541,-0.829,-0.142
TYR_27_A_HD1,39.226,-2.724,46.451,-0.739,-0.157,0.655
TYR_27_A_HD1,40.013,-2.698,47.461,-0.405,0.814,0.415
TYR_27_A_HD1,39.974,-2.474,47.126,-0.378,0.654,0.655
TYR_27_A_HD1,40.202,-1.558,46.865,-0.541,-0.0,0.841
TYR_27_A_HD1,40.058,-2.003,46.865,-0.437,0.318,0.841
TYR_27_A_HD1,39.765,-1.79,46.7,-0.228,0.166,0.959
TYR_27_A_HD1,39.545,-2.792,46.921,-0.91,-0.0,0.415
TYR_27_A_HD1,39.306,-2.572,46.586,-0.739,-0.157,0.655
TYR_27_A_HD1,39.842,-2.522,47.109,-0.283,0.689,0.667
TYR_27_A_HD1,39.508,-2.37,46.805,-0.584,0.213,0.783
TYR_27_A_HD1,39.277,-2.073,46.63,-0.418,0.001,0.908
TYR_27_A_HD1,39.568,-1.875,46.685,-0.087,0.226,0.97
TYR_27_A_HD1,39.3,-3.385,46.054,-0.892,-0.383,-0.241
TYR_27_A_HD1,39.265,-3.184,46.424,-0.946,-0.082,0.315
TYR_27_A_HD1,39.119,-2.999,46.068,-0.876,-0.455,0.162
TYR_27_A_HD1,39.222,-2.76,46.439,-0.736,-0.131,0.664
TYR_27_A_HD1,38.971,-2.866,45.673,-0.656,-0.754,0.031
TYR_27_A_HD1,38.925,-2.609,46.147,-0.703,-0.493,0.513
TYR_27_A_HD1,40.013,-1.366,46.747,-0.467,0.181,0.865
TYR_27_A_HD1,39.631,-1.268,46.562,-0.216,0.419,0.882
TYR_27_A_HD1,38.324,-1.515,45.582,-0.93,0.006,0.367
TYR_27_A_HD1,38.173,-1.117,45.366,-0.745,-0.08,0.662
TYR_27_A_HD1,39.32,-1.44,46.583,-0.171,0.296,0.94
TYR_27_A_HD1,39.115,-1.795,46.583,-0.342,0.0,0.94
TYR_27_A_HD1,38.754,-1.795,46.374,-0.643,0.0,0.766
TYR_27_A_HD1,38.876,-2.212,46.374,-0.541,-0.348,0.766
TYR_27_A_HD1,38.876,-1.378,46.374,-0.541,0.348,0.766
TYR_27_A_HD1,38.589,-1.344,46.055,-0.78,0.376,0.5
TYR_27_A_HD1,38.486,-1.795,46.055,-0.866,0.0,0.5
TYR_27_A_HD1,38.589,-2.246,46.055,-0.78,-0.376,0.5
TYR_27_A_HD1,38.343,-1.795,45.663,-0.985,0.0,0.174
TYR_27_A_HD1,38.433,-2.247,45.663,-0.91,-0.377,0.174
TYR_27_A_HD1,38.689,-2.631,45.663,-0.696,-0.696,0.174
TYR_27_A_HD2,42.957,-0.064,41.808,0.739,0.157,-0.655
TYR_27_A_HD2,43.544,0.581,43.324,0.611,0.444,-0.655
TYR_27_A_HD2,43.459,0.345,42.989,0.672,0.613,-0.415
TYR_27_A_HD2,44.08,-0.167,43.526,0.848,0.329,-0.415
TYR_27_A_HD2,44.113,-1.043,43.765,0.871,-0.471,-0.142
TYR_27_A_HD2,44.021,-1.253,43.367,0.936,-0.321,0.142
TYR_27_A_HD2,43.982,0.084,43.457,0.918,0.15,-0.366
TYR_27_A_HD2,43.833,-0.006,43.014,0.773,0.555,-0.307
TYR_27_A_HD2,43.839,-1.674,43.221,0.867,-0.484,-0.116
TYR_27_A_HD2,43.566,-1.911,42.973,0.6,-0.715,-0.359
TYR_27_A_HD2,44.102,-0.507,43.241,0.965,0.213,-0.153
TYR_27_A_HD2,44.117,-0.946,43.378,0.978,-0.205,-0.023
TYR_27_A_HD2,43.215,-0.5,41.898,0.505,0.205,-0.838
TYR_27_A_HD2,43.163,-0.912,41.838,0.47,-0.074,-0.879
TYR_27_A_HD2,43.143,-1.322,41.929,0.456,-0.351,-0.818
TYR_27_A_HD2,43.156,-1.673,42.161,0.465,-0.588,-0.661
TYR_27_A_HD2,43.202,-1.917,42.5,0.496,-0.753,-0.432
TYR_27_A_HD2,43.397,0.147,42.487,0.628,0.642,-0.44
TYR_27_A_HD2,43.281,-0.135,42.091,0.584,0.427,-0.69
TYR_27_A_HD2,42.929,0.005,41.791,0.759,0.108,-0.642
TYR_27_A_HD2,44.025,-1.299,43.252,0.91,-0.377,0.174
TYR_27_A_HD2,44.115,-0.847,42.836,0.985,0.0,-0.174
TYR_27_A_HD2,44.025,-0.395,42.836,0.91,0.377,-0.174
TYR_27_A_HD2,43.769,-1.683,42.836,0.696,-0.696,-0.174
TYR_27_A_HD2,44.025,-1.299,42.836,0.91,-0.377,-0.174
TYR_27_A_HD2,43.581,-1.66,42.444,0.54,-0.677,-0.5
TYR_27_A_HD2,43.869,-1.298,42.444,0.78,-0.376,-0.5
TYR_27_A_HD2,43.972,-0.847,42.444,0.866,-0.0,-0.5
TYR_27_A_HD2,43.869,-0.396,42.444,0.78,0.376,-0.5
TYR_27_A_HD2,43.581,-0.034,42.444,0.54,0.677,-0.5
TYR_27_A_HD2,43.704,-0.847,42.125,0.643,0.0,-0.766
TYR_27_A_HD2,43.582,-0.43,42.125,0.541,0.348,-0.766
TYR_27_A_HD2,43.582,-1.264,42.125,0.541,-0.348,-0.766
TYR_27_A_HE1,37.862,0.945,43.52,-0.67,0.728,0.142
TYR_27_A_HE1,37.673,0.774,43.331,-0.805,0.593,0.006
TYR_27_A_HE1,37.551,0.372,43.022,-0.933,0.174,-0.316
TYR_27_A_HE1,37.413,0.43,43.441,-0.786,0.509,-0.351
TYR_27_A_HE1,37.428,-0.038,43.14,-0.772,0.073,-0.631
TYR_27_A_HE1,37.82,-0.965,45.081,-0.57,-0.387,0.725
TYR_27_A_HE1,37.743,-0.296,45.22,-0.342,0.0,0.94
TYR_27_A_HE1,37.382,-0.296,45.011,-0.643,0.0,0.766
TYR_27_A_HE1,37.504,-0.713,45.011,-0.541,-0.348,0.766
TYR_27_A_HE1,37.504,0.121,45.011,-0.541,0.348,0.766
TYR_27_A_HE1,37.505,0.517,44.692,-0.54,0.677,0.5
TYR_27_A_HE1,37.217,0.155,44.692,-0.78,0.376,0.5
TYR_27_A_HE1,37.114,-0.296,44.692,-0.866,0.0,0.5
TYR_27_A_HE1,37.217,-0.747,44.692,-0.78,-0.376,0.5
TYR_27_A_HE1,37.505,-1.109,44.692,-0.54,-0.677,0.5
TYR_27_A_HE1,36.971,-0.296,44.3,-0.985,0.0,0.174
TYR_27_A_HE1,37.061,-0.748,44.3,-0.91,-0.377,0.174
TYR_27_A_HE1,37.317,-1.132,44.3,-0.696,-0.696,0.174
TYR_27_A_HE1,37.317,0.54,44.3,-0.696,0.696,0.174
TYR_27_A_HE1,37.061,0.156,44.3,-0.91,0.377,0.174
TYR_27_A_HE1,37.317,0.54,43.884,-0.696,0.696,-0.174
TYR_27_A_HE1,37.061,0.156,43.884,-0.91,0.377,-0.174
TYR_27_A_HE1,36.971,-0.296,43.884,-0.985,0.0,-0.174
TYR_27_A_HE1,37.061,-0.748,43.884,-0.91,-0.377,-0.174
TYR_27_A_HE1,37.317,-1.132,43.884,-0.696,-0.696,-0.174
TYR_27_A_HE1,37.114,-0.296,43.492,-0.866,0.0,-0.5
TYR_27_A_HE1,37.217,-0.747,43.492,-0.78,-0.376,-0.5
TYR_27_A_HE1,37.217,0.155,43.492,-0.78,0.376,-0.5
TYR_27_A_HE2,40.377,0.958,40.888,-0.087,0.268,-0.959
TYR_27_A_HE2,41.214,1.865,41.689,0.082,0.986,-0.142
TYR_27_A_HE2,42.964,0.292,41.977,0.848,0.329,-0.415
TYR_27_A_HE2,42.781,0.42,41.593,0.942,0.03,-0.334
TYR_27_A_HE2,42.774,0.828,41.869,0.954,0.276,-0.116
TYR_27_A_HE2,42.613,1.211,42.04,0.845,0.535,-0.001
TYR_27_A_HE2,42.32,1.546,42.101,0.647,0.761,0.04
TYR_27_A_HE2,41.942,1.782,42.043,0.392,0.92,0.001
TYR_27_A_HE2,41.538,1.88,41.875,0.118,0.987,-0.112
TYR_27_A_HE2,40.874,0.697,40.673,-0.33,0.187,-0.925
TYR_27_A_HE2,41.135,0.345,40.582,-0.154,-0.051,-0.987
TYR_27_A_HE2,41.494,0.08,40.608,0.089,-0.23,-0.969
TYR_27_A_HE2,41.897,-0.057,40.747,0.361,-0.323,-0.875
TYR_27_A_HE2,42.28,-0.046,40.978,0.62,-0.315,-0.719
TYR_27_A_HE2,42.584,0.113,41.265,0.826,-0.208,-0.525
TYR_27_A_HE2,41.198,1.813,41.447,-0.025,0.949,-0.314
TYR_27_A_HE2,41.01,1.602,41.121,-0.212,0.74,-0.638
TYR_27_A_HE2,40.756,1.825,41.409,0.141,0.793,-0.593
TYR_27_A_HE2,40.571,1.58,41.185,-0.085,0.492,-0.866
TYR_27_A_HE2,40.846,1.197,40.854,-0.354,0.449,-0.821
TYR_27_A_HE2,40.464,1.023,40.894,-0.149,0.222,-0.964
TYR_27_A_HE2,42.405,1.501,41.895,0.696,0.696,0.174
TYR_27_A_HE2,42.751,0.665,41.479,0.985,0.0,-0.174
TYR_27_A_HE2,42.661,1.117,41.479,0.91,0.377,-0.174
TYR_27_A_HE2,42.405,1.501,41.479,0.696,0.696,-0.174
TYR_27_A_HE2,42.021,1.757,41.479,0.377,0.91,-0.174
TYR_27_A_HE2,41.569,1.847,41.479,0.0,0.985,-0.174
TYR_27_A_HE2,42.608,0.665,41.087,0.866,-0.0,-0.5
TYR_27_A_HE2,42.505,1.116,41.087,0.78,0.376,-0.5
TYR_27_A_HE2,42.217,1.478,41.087,0.54,0.677,-0.5
TYR_27_A_HE2,41.8,1.678,41.087,0.193,0.844,-0.5
TYR_27_A_HE2,41.338,1.678,41.087,-0.193,0.844,-0.5
TYR_27_A_HE2,42.34,0.665,40.768,0.643,0.0,-0.766
TYR_27_A_HE2,42.218,1.082,40.768,0.541,0.348,-0.766
TYR_27_A_HE2,41.889,1.367,40.768,0.267,0.585,-0.766
TYR_27_A_HE2,41.459,1.428,40.768,-0.091,0.636,-0.766
TYR_27_A_HE2,41.064,1.248,40.768,-0.421,0.486,-0.766
TYR_27_A_HE2,42.218,0.248,40.768,0.541,-0.348,-0.766
TYR_27_A_HE2,41.159,0.665,40.559,-0.342,0.0,-0.94
TYR_27_A_HE2,41.774,0.31,40.559,0.171,-0.296,-0.94
TYR_27_A_HE2,41.979,0.665,40.559,0.342,-0.0,-0.94
TYR_27_A_HE2,41.774,1.02,40.559,0.171,0.296,-0.94
TYR_27_A_HE2,41.364,1.02,40.559,-0.171,0.296,-0.94
TYR_27_A_HH,39.839,1.824,41.151,0.437,0.318,-0.841
TYR_27_A_HH,40.218,1.549,41.151,0.167,0.514,-0.841
TYR_27_A_HH,40.23,2.197,43.027,0.548,0.726,0.415
TYR_27_A_HH,40.649,1.988,43.027,0.249,0.875,0.415
TYR_27_A_HH,38.414,1.702,43.357,-0.698,0.466,0.544
TYR_27_A_HH,38.713,1.82,43.528,-0.426,0.574,0.7
TYR_27_A_HH,38.544,2.065,43.266,-0.562,0.314,0.765
TYR_27_A_HH,38.878,2.155,43.395,-0.266,0.394,0.88
TYR_27_A_HH,40.494,2.088,41.643,0.478,0.753,-0.453
TYR_27_A_HH,40.328,1.903,41.355,0.275,0.526,-0.805
TYR_27_A_HH,40.121,2.272,41.488,0.595,0.474,-0.649
TYR_27_A_HH,39.91,1.993,41.234,0.387,0.197,-0.901
TYR_27_A_HH,40.241,2.444,42.643,0.685,0.646,0.336
TYR_27_A_HH,40.317,2.452,42.156,0.752,0.653,-0.091
TYR_27_A_HH,39.353,2.273,43.408,0.043,0.523,0.851
TYR_27_A_HH,39.764,2.357,43.24,0.371,0.589,0.718
TYR_27_A_HH,40.101,2.372,42.94,0.641,0.601,0.478
TYR_27_A_HH,38.048,1.917,42.747,-0.812,0.298,0.502
TYR_27_A_HH,37.933,2.048,42.304,-0.903,0.402,0.148
TYR_27_A_HH,37.998,2.139,41.841,-0.852,0.475,-0.221
TYR_27_A_HH,38.232,2.177,41.428,-0.665,0.506,-0.55
TYR_27_A_HH,38.601,2.156,41.127,-0.37,0.489,-0.79
TYR_27_A_HH,39.049,2.079,40.984,-0.013,0.428,-0.904
TYR_27_A_HH,39.509,1.958,41.019,0.353,0.331,-0.875
TYR_27_A_HH,39.68,2.568,43.139,0.421,0.486,0.766
TYR_27_A_HH,39.285,2.748,43.139,0.091,0.636,0.766
TYR_27_A_HH,39.823,2.798,42.82,0.54,0.677,0.5
TYR_27_A_HH,40.011,2.821,42.428,0.696,0.696,0.174
TYR_27_A_HH,39.627,3.077,42.428,0.377,0.91,0.174
TYR_27_A_HH,38.083,2.437,42.428,-0.91,0.377,0.174
TYR_27_A_HH,40.011,2.821,42.012,0.696,0.696,-0.174
TYR_27_A_HH,39.627,3.077,42.012,0.377,0.91,-0.174
TYR_27_A_HH,38.083,2.437,42.012,-0.91,0.377,-0.174
TYR_27_A_HH,39.823,2.798,41.62,0.54,0.677,-0.5
TYR_27_A_HH,39.406,2.998,41.62,0.193,0.844,-0.5
TYR_27_A_HH,38.944,2.998,41.62,-0.193,0.844,-0.5
TYR_27_A_HH,38.527,2.798,41.62,-0.54,0.677,-0.5
TYR_27_A_HH,38.239,2.436,41.62,-0.78,0.376,-0.5
TYR_27_A_HH,39.824,2.402,41.301,0.541,0.348,-0.766
TYR_27_A_HH,39.495,2.687,41.301,0.267,0.585,-0.766
TYR_27_A_HH,39.065,2.748,41.301,-0.091,0.636,-0.766
TYR_27_A_HH,38.67,2.568,41.301,-0.421,0.486,-0.766
TYR_27_A_HH,39.38,2.34,41.092,0.171,0.296,-0.94
TYR_27_A_HH,38.97,2.34,41.092,-0.171,0.296,-0.94
PHE_28_A_CA,46.342,-2.037,47.5,0.548,0.726,0.415
PHE_28_A_CA,46.761,-2.245,47.5,0.249,0.875,0.415
PHE_28_A_CA,46.402,-1.807,47.165,0.506,0.562,0.655
PHE_28_A_CA,46.783,-2.027,47.165,0.234,0.719,0.655
PHE_28_A_C,46.701,-5.832,45.808,-0.172,-0.879,-0.444
PHE_28_A_C,46.784,-5.992,46.262,-0.119,-0.981,-0.156
PHE_28_A_C,46.258,-5.546,45.399,-0.137,-0.904,-0.405
PHE_28_A_C,46.033,-5.797,45.882,-0.082,-0.814,-0.575
PHE_28_A_C,46.259,-5.956,46.16,0.06,-0.915,-0.4
PHE_28_A_C,46.43,-6.042,46.502,0.168,-0.968,-0.184
PHE_28_A_C,45.928,-6.106,46.313,0.297,-0.807,-0.51
PHE_28_A_C,46.133,-6.193,46.783,0.461,-0.877,-0.134
PHE_28_A_C,46.428,-5.839,45.873,-0.061,-0.899,-0.434
PHE_28_A_O,45.068,-5.004,45.501,-0.506,-0.562,-0.655
PHE_28_A_O,44.695,-4.559,45.388,-0.437,-0.318,-0.841
PHE_28_A_O,44.316,-4.284,45.388,-0.167,-0.514,-0.841
PHE_28_A_O,44.79,-4.217,45.127,-0.506,-0.562,-0.655
PHE_28_A_O,46.498,-2.719,45.202,0.084,0.906,-0.415
PHE_28_A_O,46.964,-2.676,45.202,-0.249,0.875,-0.415
PHE_28_A_O,46.024,-5.517,45.458,-0.249,-0.875,-0.415
PHE_28_A_O,46.812,-5.598,45.371,-0.249,-0.875,-0.415
PHE_28_A_O,47.28,-3.749,44.355,0.228,0.166,-0.959
PHE_28_A_O,47.565,-4.024,44.384,0.102,-0.077,-0.992
PHE_28_A_O,47.265,-4.378,44.371,0.381,-0.257,-0.888
PHE_28_A_O,47.395,-5.063,44.686,0.138,-0.355,-0.925
PHE_28_A_O,47.177,-5.336,44.835,-0.078,-0.625,-0.776
PHE_28_A_O,46.994,-5.532,45.104,-0.26,-0.82,-0.51
PHE_28_A_O,47.002,-5.06,44.601,0.229,-0.602,-0.765
PHE_28_A_O,46.775,-5.325,44.837,0.042,-0.82,-0.57
PHE_28_A_O,46.603,-5.487,45.186,-0.1,-0.954,-0.283
PHE_28_A_O,46.763,-2.862,44.866,-0.048,0.867,-0.496
PHE_28_A_O,46.893,-3.145,44.534,0.061,0.631,-0.773
PHE_28_A_O,47.077,-3.521,44.354,0.214,0.318,-0.924
PHE_28_A_O,45.479,-5.154,45.204,-0.587,-0.668,-0.458
PHE_28_A_O,45.783,-5.374,45.271,-0.326,-0.857,-0.4
PHE_28_A_O,45.72,-5.577,45.652,-0.032,-0.832,-0.554
PHE_28_A_O,46.211,-2.825,44.89,0.091,0.838,-0.539
PHE_28_A_O,45.884,-3.138,44.577,-0.175,0.583,-0.794
PHE_28_A_O,45.747,-2.777,44.842,0.185,0.592,-0.785
PHE_28_A_O,45.423,-3.125,44.658,-0.118,0.266,-0.957
PHE_28_A_O,45.575,-3.603,44.432,-0.339,0.288,-0.895
PHE_28_A_O,45.404,-3.982,44.468,-0.504,-0.078,-0.86
PHE_28_A_O,45.222,-4.279,44.699,-0.679,-0.363,-0.638
PHE_28_A_O,45.055,-3.757,44.576,-0.254,-0.238,-0.937
PHE_28_A_O,44.858,-4.049,44.878,-0.554,-0.682,-0.477
PHE_28_A_O,44.758,-3.38,44.53,0.179,-0.034,-0.983
PHE_28_A_O,44.582,-3.717,44.663,-0.148,-0.662,-0.735
PHE_28_A_O,45.198,-4.734,45.066,-0.702,-0.493,-0.515
PHE_28_A_O,44.954,-4.82,45.401,-0.424,-0.693,-0.583
PHE_28_A_O,46.531,-2.841,44.896,0.084,0.906,-0.415
PHE_28_A_O,45.33,-4.779,44.896,-0.773,-0.479,-0.415
PHE_28_A_O,45.646,-5.125,44.896,-0.548,-0.726,-0.415
PHE_28_A_O,46.064,-5.334,44.896,-0.249,-0.875,-0.415
PHE_28_A_O,46.531,-5.377,44.896,0.084,-0.906,-0.415
PHE_28_A_O,45.446,-4.539,44.561,-0.69,-0.307,-0.655
PHE_28_A_O,45.705,-4.895,44.561,-0.506,-0.562,-0.655
PHE_28_A_O,46.086,-5.115,44.561,-0.234,-0.719,-0.655
PHE_28_A_O,46.524,-5.161,44.561,0.079,-0.752,-0.655
PHE_28_A_O,46.524,-3.057,44.561,0.079,0.752,-0.655
PHE_28_A_O,46.647,-3.389,44.3,0.167,0.514,-0.841
PHE_28_A_O,46.179,-3.389,44.3,-0.167,0.514,-0.841
PHE_28_A_O,45.801,-3.664,44.3,-0.437,0.318,-0.841
PHE_28_A_O,45.656,-4.109,44.3,-0.541,0.0,-0.841
PHE_28_A_O,45.801,-4.554,44.3,-0.437,-0.318,-0.841
PHE_28_A_O,46.179,-4.829,44.3,-0.167,-0.514,-0.841
PHE_28_A_O,46.647,-4.829,44.3,0.167,-0.514,-0.841
PHE_28_A_O,47.025,-4.554,44.3,0.437,-0.318,-0.841
PHE_28_A_O,46.019,-4.109,44.135,-0.282,0.0,-0.959
PHE_28_A_O,46.291,-4.484,44.135,-0.087,-0.268,-0.959
PHE_28_A_O,46.732,-4.341,44.135,0.228,-0.166,-0.959
PHE_28_A_O,46.732,-3.877,44.135,0.228,0.166,-0.959
PHE_28_A_O,46.291,-3.734,44.135,-0.087,0.268,-0.959
PHE_28_A_CB,44.264,-6.704,48.984,-0.084,-0.906,0.415
PHE_28_A_CB,46.802,-6.043,47.588,0.243,-0.96,0.142
PHE_28_A_CB,46.64,-6.073,47.927,0.379,-0.918,0.113
PHE_28_A_CB,46.3,-6.244,48.143,0.644,-0.747,0.166
PHE_28_A_CB,46.872,-6.066,47.285,0.081,-0.996,0.026
PHE_28_A_CB,46.572,-6.117,47.63,0.407,-0.907,0.113
PHE_28_A_CB,46.17,-6.345,47.54,0.583,-0.797,-0.156
PHE_28_A_CB,43.923,-6.875,47.821,-0.24,-0.961,-0.136
PHE_28_A_CB,44.045,-6.907,48.271,-0.174,-0.979,0.109
PHE_28_A_CB,44.175,-6.821,48.711,-0.103,-0.931,0.349
PHE_28_A_CB,44.383,-6.648,49.111,-0.015,-0.88,0.475
PHE_28_A_CB,44.23,-6.504,49.454,0.244,-0.895,0.374
PHE_28_A_CB,44.611,-6.851,48.793,-0.061,-0.899,0.434
PHE_28_A_CB,44.612,-6.992,48.392,-0.061,-0.973,0.223
PHE_28_A_CB,45.075,-6.963,48.392,0.183,-0.958,0.223
PHE_28_A_CB,45.517,-6.819,48.392,0.415,-0.882,0.223
PHE_28_A_CB,44.499,-7.029,47.969,-0.121,-0.993,0.0
PHE_28_A_CB,44.957,-7.029,47.969,0.121,-0.993,0.0
PHE_28_A_CB,45.402,-6.92,47.969,0.355,-0.935,0.0
PHE_28_A_CB,45.807,-6.707,47.969,0.568,-0.823,0.0
PHE_28_A_CB,45.909,-6.57,47.546,0.621,-0.751,-0.223
PHE_28_A_CG,42.101,-6.509,48.641,-0.398,-0.906,0.142
PHE_28_A_CG,43.676,-6.88,48.13,0.011,-0.997,-0.075
PHE_28_A_CG,43.803,-6.852,48.579,0.081,-0.982,0.17
PHE_28_A_CG,43.934,-6.707,49.004,0.152,-0.903,0.401
PHE_28_A_CG,42.452,-6.667,48.997,-0.36,-0.933,-0.022
PHE_28_A_CG,42.945,-6.779,49.14,-0.09,-0.994,0.057
PHE_28_A_CG,43.451,-6.741,49.275,0.187,-0.974,0.13
PHE_28_A_CG,42.943,-6.764,47.564,0.075,-0.982,-0.17
PHE_28_A_CG,42.587,-6.782,47.912,-0.12,-0.993,0.02
PHE_28_A_CG,42.247,-6.666,48.258,-0.306,-0.929,0.209
PHE_28_A_CG,43.175,-6.867,48.792,-0.061,-0.973,0.223
PHE_28_A_CG,43.638,-6.838,48.792,0.183,-0.958,0.223
PHE_28_A_CG,42.617,-6.795,48.369,-0.355,-0.935,0.0
PHE_28_A_CG,43.062,-6.904,48.369,-0.121,-0.993,0.0
PHE_28_A_CG,43.52,-6.904,48.369,0.121,-0.993,0.0
PHE_28_A_CG,43.175,-6.867,47.946,-0.061,-0.973,-0.223
PHE_28_A_CD1,43.148,-6.424,46.505,0.187,-0.829,-0.527
PHE_28_A_CD1,43.115,-6.619,46.937,0.166,-0.954,-0.251
PHE_28_A_CD1,41.102,-5.317,45.907,-0.31,-0.302,-0.902
PHE_28_A_CD1,41.063,-5.72,46.119,-0.331,-0.522,-0.786
PHE_28_A_CD1,41.061,-6.063,46.42,-0.333,-0.71,-0.621
PHE_28_A_CD1,41.097,-6.325,46.793,-0.313,-0.854,-0.417
PHE_28_A_CD1,41.168,-6.49,47.213,-0.274,-0.944,-0.186
PHE_28_A_CD1,41.271,-6.546,47.655,-0.217,-0.975,0.055
PHE_28_A_CD1,41.399,-6.491,48.09,-0.147,-0.945,0.294
PHE_28_A_CD1,41.747,-6.534,48.206,-0.302,-0.849,0.434
PHE_28_A_CD1,41.748,-6.683,47.805,-0.301,-0.927,0.223
PHE_28_A_CD1,42.204,-6.77,47.805,-0.061,-0.973,0.223
PHE_28_A_CD1,41.646,-6.698,47.382,-0.355,-0.935,0.0
PHE_28_A_CD1,42.091,-6.807,47.382,-0.121,-0.993,0.0
PHE_28_A_CD1,42.549,-6.807,47.382,0.121,-0.993,0.0
PHE_28_A_CD1,41.748,-6.683,46.959,-0.301,-0.927,-0.223
PHE_28_A_CD1,42.204,-6.77,46.959,-0.061,-0.973,-0.223
PHE_28_A_CD1,42.667,-6.741,46.959,0.183,-0.958,-0.223
PHE_28_A_CD1,41.747,-6.534,46.558,-0.302,-0.849,-0.434
PHE_28_A_CD1,42.203,-6.629,46.558,-0.061,-0.899,-0.434
PHE_28_A_CD1,42.668,-6.597,46.558,0.183,-0.882,-0.434
PHE_28_A_CD1,41.447,-6.123,46.197,-0.46,-0.633,-0.623
PHE_28_A_CD1,41.861,-6.334,46.197,-0.242,-0.744,-0.623
PHE_28_A_CD1,42.32,-6.406,46.197,-0.0,-0.782,-0.623
PHE_28_A_CD1,41.482,-5.759,45.897,-0.441,-0.441,-0.782
PHE_28_A_CD2,42.919,-3.114,50.503,0.234,0.719,0.655
PHE_28_A_CD2,43.806,-6.629,49.366,0.243,-0.96,0.142
PHE_28_A_CD2,44.596,-3.585,49.94,0.393,0.543,0.742
PHE_28_A_CD2,44.209,-3.553,50.193,0.521,0.708,0.478
PHE_28_A_CD2,43.808,-3.099,50.153,0.542,0.49,0.683
PHE_28_A_CD2,43.389,-2.987,50.291,0.227,0.575,0.786
PHE_28_A_CD2,43.616,-3.293,50.477,0.384,0.72,0.578
PHE_28_A_CD2,43.127,-3.197,50.549,0.085,0.778,0.622
PHE_28_A_CD2,44.162,-6.361,49.987,0.458,-0.834,0.307
PHE_28_A_CD2,43.867,-6.581,49.609,0.354,-0.928,0.12
PHE_28_A_CD2,41.808,-6.502,49.54,-0.253,-0.95,-0.184
PHE_28_A_CD2,41.917,-6.554,50.005,-0.193,-0.979,0.071
PHE_28_A_CD2,42.051,-6.483,50.462,-0.12,-0.94,0.321
PHE_28_A_CD2,42.2,-6.292,50.877,-0.038,-0.835,0.549
PHE_28_A_CD2,42.354,-5.996,51.224,0.046,-0.673,0.738
PHE_28_A_CD2,42.502,-5.615,51.476,0.127,-0.464,0.877
PHE_28_A_CD2,42.634,-5.175,51.618,0.199,-0.223,0.954
PHE_28_A_CD2,42.796,-4.38,51.581,0.288,0.212,0.934
PHE_28_A_CD2,42.84,-4.002,51.433,0.312,0.419,0.853
PHE_28_A_CD2,42.854,-3.663,51.208,0.32,0.605,0.729
PHE_28_A_CD2,42.84,-3.378,50.916,0.312,0.76,0.57
PHE_28_A_CD2,43.044,-5.725,51.417,0.062,-0.429,0.901
PHE_28_A_CD2,43.38,-3.815,51.19,0.239,0.576,0.782
PHE_28_A_CD2,42.927,-6.094,51.19,-0.0,-0.623,0.782
PHE_28_A_CD2,42.927,-6.394,50.89,-0.0,-0.782,0.623
PHE_28_A_CD2,43.386,-6.322,50.89,0.242,-0.744,0.623
PHE_28_A_CD2,43.8,-3.707,50.89,0.46,0.633,0.623
PHE_28_A_CD2,43.386,-3.496,50.89,0.242,0.744,0.623
PHE_28_A_CD2,44.095,-3.658,50.529,0.615,0.658,0.434
PHE_28_A_CD2,42.81,-6.617,50.529,-0.061,-0.899,0.434
PHE_28_A_CD2,43.275,-6.585,50.529,0.183,-0.882,0.434
PHE_28_A_CD2,43.715,-6.429,50.529,0.415,-0.8,0.434
PHE_28_A_CD2,42.355,-6.671,50.128,-0.301,-0.927,0.223
PHE_28_A_CD2,42.811,-6.758,50.128,-0.061,-0.973,0.223
PHE_28_A_CD2,43.274,-6.729,50.128,0.183,-0.958,0.223
PHE_28_A_CD2,43.716,-6.585,50.128,0.415,-0.882,0.223
PHE_28_A_CD2,42.253,-6.686,49.705,-0.355,-0.935,0.0
PHE_28_A_CD2,42.698,-6.795,49.705,-0.121,-0.993,0.0
PHE_28_A_CD2,43.156,-6.795,49.705,0.121,-0.993,0.0
PHE_28_A_CD2,43.601,-6.686,49.705,0.355,-0.935,0.0
PHE_28_A_CD2,42.355,-6.671,49.282,-0.301,-0.927,-0.223
PHE_28_A_CE1,41.433,-6.312,48.667,-0.082,-0.986,0.142
PHE_28_A_CE1,39.076,-4.687,47.941,-0.966,-0.085,-0.245
PHE_28_A_CE1,39.158,-5.137,48.016,-0.921,-0.331,-0.204
PHE_28_A_CE1,39.347,-5.548,48.116,-0.817,-0.556,-0.15
PHE_28_A_CE1,39.633,-5.894,48.232,-0.661,-0.745,-0.086
PHE_28_A_CE1,39.996,-6.152,48.359,-0.462,-0.887,-0.017
PHE_28_A_CE1,40.414,-6.306,48.488,-0.233,-0.971,0.054
PHE_28_A_CE1,40.859,-6.345,48.61,0.01,-0.993,0.121
PHE_28_A_CE1,39.304,-3.684,47.882,-0.841,0.464,-0.278
PHE_28_A_CE1,40.465,-5.122,45.955,-0.087,-0.4,-0.912
PHE_28_A_CE1,40.164,-5.415,46.2,-0.291,-0.598,-0.747
PHE_28_A_CE1,39.818,-5.52,46.527,-0.524,-0.67,-0.526
PHE_28_A_CE1,39.492,-5.418,46.873,-0.744,-0.6,-0.292
PHE_28_A_CE1,39.246,-5.127,47.176,-0.911,-0.404,-0.087
PHE_28_A_CE1,39.126,-4.702,47.38,-0.992,-0.116,0.05
PHE_28_A_CE1,40.444,-6.373,48.149,-0.301,-0.927,0.223
PHE_28_A_CE1,40.9,-6.46,48.149,-0.061,-0.973,0.223
PHE_28_A_CE1,39.334,-5.494,47.726,-0.885,-0.465,0.0
PHE_28_A_CE1,39.594,-5.871,47.726,-0.749,-0.663,0.0
PHE_28_A_CE1,39.937,-6.175,47.726,-0.568,-0.823,0.0
PHE_28_A_CE1,40.342,-6.388,47.726,-0.355,-0.935,0.0
PHE_28_A_CE1,40.787,-6.497,47.726,-0.121,-0.993,0.0
PHE_28_A_CE1,39.393,-5.503,47.303,-0.854,-0.47,-0.223
PHE_28_A_CE1,39.666,-5.879,47.303,-0.711,-0.667,-0.223
PHE_28_A_CE1,40.023,-6.175,47.303,-0.522,-0.823,-0.223
PHE_28_A_CE1,40.444,-6.373,47.303,-0.301,-0.927,-0.223
PHE_28_A_CE1,39.688,-5.691,46.902,-0.699,-0.569,-0.434
PHE_28_A_CE1,40.029,-6.01,46.902,-0.52,-0.736,-0.434
PHE_28_A_CE1,40.443,-6.224,46.902,-0.302,-0.849,-0.434
PHE_28_A_CE1,40.143,-5.813,46.541,-0.46,-0.633,-0.623
PHE_28_A_CE1,40.557,-6.024,46.541,-0.242,-0.744,-0.623
PHE_28_A_CE1,40.563,-5.705,46.241,-0.239,-0.576,-0.782
PHE_28_A_CE1,40.674,-5.361,46.014,-0.18,-0.395,-0.901
PHE_28_A_CE2,41.211,-2.748,49.94,-0.082,0.986,0.142
PHE_28_A_CE2,41.718,-6.361,49.083,-0.243,-0.96,-0.142
PHE_28_A_CE2,42.581,-2.78,50.341,0.199,0.65,0.734
PHE_28_A_CE2,42.218,-2.615,50.193,-0.096,0.784,0.614
PHE_28_A_CE2,41.891,-2.543,49.93,-0.36,0.843,0.4
PHE_28_A_CE2,42.198,-2.869,50.571,0.193,0.855,0.481
PHE_28_A_CE2,41.801,-2.732,50.334,-0.058,0.942,0.332
PHE_28_A_CE2,41.471,-2.707,49.985,-0.267,0.957,0.111
PHE_28_A_CE2,42.715,-4.58,51.639,0.307,0.106,0.946
PHE_28_A_CE2,40.113,-4.606,51.251,-0.906,-0.029,0.422
PHE_28_A_CE2,40.241,-5.033,51.332,-0.819,-0.318,0.477
PHE_28_A_CE2,40.523,-5.37,51.445,-0.629,-0.545,0.554
PHE_28_A_CE2,40.912,-5.563,51.573,-0.366,-0.676,0.64
PHE_28_A_CE2,41.349,-5.581,51.695,-0.071,-0.688,0.722
PHE_28_A_CE2,41.762,-5.421,51.791,0.208,-0.58,0.788
PHE_28_A_CE2,42.086,-5.109,51.847,0.427,-0.369,0.825
PHE_28_A_CE2,42.27,-4.694,51.853,0.552,-0.089,0.829
PHE_28_A_CE2,42.283,-4.244,51.809,0.561,0.216,0.799
PHE_28_A_CE2,42.125,-3.828,51.721,0.454,0.497,0.74
PHE_28_A_CE2,41.82,-3.514,51.603,0.247,0.709,0.66
PHE_28_A_CE2,41.416,-3.352,51.475,-0.025,0.819,0.574
PHE_28_A_CE2,40.979,-3.367,51.356,-0.321,0.808,0.494
PHE_28_A_CE2,40.578,-3.557,51.266,-0.592,0.68,0.433
PHE_28_A_CE2,40.276,-3.892,51.219,-0.796,0.453,0.401
PHE_28_A_CE2,41.037,-6.35,49.333,-0.056,-0.991,-0.118
PHE_28_A_CE2,40.694,-6.307,49.668,-0.243,-0.968,0.065
PHE_28_A_CE2,40.382,-6.141,49.994,-0.414,-0.877,0.244
PHE_28_A_CE2,40.123,-5.864,50.29,-0.556,-0.725,0.405
PHE_28_A_CE2,39.934,-5.495,50.534,-0.66,-0.523,0.539
PHE_28_A_CE2,39.828,-5.06,50.71,-0.717,-0.285,0.636
PHE_28_A_CE2,39.814,-4.589,50.806,-0.725,-0.027,0.688
PHE_28_A_CE2,39.979,-3.843,50.777,-0.635,0.381,0.672
PHE_28_A_CE2,40.16,-3.478,50.668,-0.536,0.581,0.612
PHE_28_A_CE2,40.392,-3.169,50.5,-0.409,0.75,0.52
PHE_28_A_CE2,40.664,-2.934,50.281,-0.26,0.879,0.4
PHE_28_A_CE2,40.962,-2.784,50.023,-0.097,0.961,0.259
PHE_28_A_CE2,42.404,-4.857,51.758,0.416,-0.122,0.901
PHE_28_A_CE2,42.451,-3.787,51.531,0.441,0.441,0.782
PHE_28_A_CE2,41.613,-5.81,51.531,-0.0,-0.623,0.782
PHE_28_A_CE2,42.066,-5.719,51.531,0.239,-0.576,0.782
PHE_28_A_CE2,40.411,-5.498,51.231,-0.633,-0.46,0.623
PHE_28_A_CE2,40.74,-5.827,51.231,-0.46,-0.633,0.623
PHE_28_A_CE2,41.154,-6.038,51.231,-0.242,-0.744,0.623
PHE_28_A_CE2,41.613,-6.11,51.231,-0.0,-0.782,0.623
PHE_28_A_CE2,42.486,-3.423,51.231,0.46,0.633,0.623
PHE_28_A_CE2,42.072,-3.212,51.231,0.242,0.744,0.623
PHE_28_A_CE2,41.613,-3.14,51.231,0.0,0.782,0.623
PHE_28_A_CE2,41.154,-3.212,51.231,-0.242,0.744,0.623
PHE_28_A_CE2,42.401,-3.105,50.87,0.415,0.8,0.434
PHE_28_A_CE2,41.961,-2.949,50.87,0.183,0.882,0.434
PHE_28_A_CE2,41.496,-2.917,50.87,-0.061,0.899,0.434
PHE_28_A_CE2,41.04,-3.012,50.87,-0.302,0.849,0.434
PHE_28_A_CE2,40.626,-3.226,50.87,-0.52,0.736,0.434
PHE_28_A_CE2,40.285,-5.705,50.87,-0.699,-0.569,0.434
PHE_28_A_CE2,40.626,-6.024,50.87,-0.52,-0.736,0.434
PHE_28_A_CE2,41.04,-6.238,50.87,-0.302,-0.849,0.434
PHE_28_A_CE2,41.496,-6.333,50.87,-0.061,-0.899,0.434
PHE_28_A_CE2,40.62,-6.189,50.469,-0.522,-0.823,0.223
PHE_28_A_CE2,41.041,-6.387,50.469,-0.301,-0.927,0.223
PHE_28_A_CE2,41.497,-6.474,50.469,-0.061,-0.973,0.223
PHE_28_A_CE2,41.497,-2.776,50.469,-0.061,0.973,0.223
PHE_28_A_CE2,41.041,-2.863,50.469,-0.301,0.927,0.223
PHE_28_A_CE2,40.939,-6.402,50.046,-0.355,-0.935,0.0
PHE_28_A_CE2,41.384,-6.511,50.046,-0.121,-0.993,0.0
PHE_28_A_CE2,41.497,-6.474,49.623,-0.061,-0.973,-0.223
PHE_28_A_CZ,40.203,-2.718,48.242,-0.541,0.829,-0.142
PHE_28_A_CZ,40.002,-2.827,47.844,-0.398,0.906,0.142
PHE_28_A_CZ,41.155,-6.312,49.078,0.082,-0.986,-0.142
PHE_28_A_CZ,41.214,-2.635,49.558,-0.084,0.906,0.415
PHE_28_A_CZ,40.92,-2.554,49.186,-0.082,0.986,0.142
PHE_28_A_CZ,40.656,-2.396,48.472,-0.494,0.829,0.263
PHE_28_A_CZ,40.454,-2.521,48.163,-0.721,0.688,-0.086
PHE_28_A_CZ,40.6,-2.53,48.932,-0.175,0.972,0.158
PHE_28_A_CZ,40.249,-2.629,48.586,-0.425,0.901,-0.088
PHE_28_A_CZ,41.405,-2.465,49.28,-0.338,0.872,0.355
PHE_28_A_CZ,40.952,-2.552,49.192,-0.104,0.985,0.138
PHE_28_A_CZ,39.874,-4.045,50.774,-0.645,0.277,0.713
PHE_28_A_CZ,38.848,-4.473,48.42,-0.843,-0.112,-0.526
PHE_28_A_CZ,38.819,-4.839,48.672,-0.863,-0.36,-0.355
PHE_28_A_CZ,38.849,-5.089,49.042,-0.843,-0.528,-0.106
PHE_28_A_CZ,38.934,-5.183,49.47,-0.785,-0.592,0.184
PHE_28_A_CZ,39.061,-5.106,49.891,-0.699,-0.54,0.469
PHE_28_A_CZ,39.21,-4.871,50.24,-0.599,-0.381,0.705
PHE_28_A_CZ,39.358,-4.513,50.464,-0.499,-0.139,0.856
PHE_28_A_CZ,39.482,-4.089,50.526,-0.415,0.148,0.898
PHE_28_A_CZ,39.564,-3.663,50.419,-0.36,0.435,0.825
PHE_28_A_CZ,39.589,-3.302,50.158,-0.342,0.68,0.649
PHE_28_A_CZ,39.556,-3.061,49.783,-0.365,0.843,0.396
PHE_28_A_CZ,39.468,-2.977,49.354,-0.424,0.899,0.105
PHE_28_A_CZ,39.339,-3.064,48.935,-0.511,0.841,-0.178
PHE_28_A_CZ,39.19,-3.307,48.592,-0.612,0.676,-0.41
PHE_28_A_CZ,39.042,-3.67,48.377,-0.712,0.431,-0.555
PHE_28_A_CZ,39.488,-3.249,48.117,-0.756,0.594,-0.277
PHE_28_A_CZ,39.782,-2.939,48.253,-0.532,0.828,-0.174
PHE_28_A_CZ,39.98,-2.838,47.854,-0.382,0.914,0.135
PHE_28_A_CZ,39.742,-2.861,47.42,-0.751,0.564,0.344
PHE_28_A_CZ,39.827,-3.615,50.538,-0.441,0.441,0.782
PHE_28_A_CZ,39.571,-4.906,50.538,-0.576,-0.239,0.782
PHE_28_A_CZ,39.463,-5.326,50.238,-0.633,-0.46,0.623
PHE_28_A_CZ,40.206,-3.04,50.238,-0.242,0.744,0.623
PHE_28_A_CZ,39.792,-3.251,50.238,-0.46,0.633,0.623
PHE_28_A_CZ,40.548,-2.745,49.877,-0.061,0.899,0.434
PHE_28_A_CZ,40.092,-2.84,49.877,-0.302,0.849,0.434
PHE_28_A_CZ,39.337,-5.533,49.877,-0.699,-0.569,0.434
PHE_28_A_CZ,39.678,-5.852,49.877,-0.52,-0.736,0.434
PHE_28_A_CZ,39.315,-5.721,49.476,-0.711,-0.667,0.223
PHE_28_A_CZ,39.672,-6.017,49.476,-0.522,-0.823,0.223
PHE_28_A_CZ,40.093,-6.215,49.476,-0.301,-0.927,0.223
PHE_28_A_CZ,40.549,-2.604,49.476,-0.061,0.973,0.223
PHE_28_A_CZ,40.093,-2.691,49.476,-0.301,0.927,0.223
PHE_28_A_CZ,39.991,-2.676,49.053,-0.355,0.935,0.0
PHE_28_A_CZ,39.586,-2.889,49.053,-0.568,0.823,0.0
PHE_28_A_CZ,38.983,-5.336,49.053,-0.885,-0.465,0.0
PHE_28_A_CZ,39.243,-5.713,49.053,-0.749,-0.663,0.0
PHE_28_A_CZ,39.586,-6.017,49.053,-0.568,-0.823,0.0
PHE_28_A_CZ,39.991,-6.23,49.053,-0.355,-0.935,0.0
PHE_28_A_CZ,40.436,-6.339,49.053,-0.121,-0.993,0.0
PHE_28_A_CZ,40.894,-6.339,49.053,0.121,-0.993,0.0
PHE_28_A_CZ,39.042,-5.345,48.63,-0.854,-0.47,-0.223
PHE_28_A_CZ,39.315,-5.721,48.63,-0.711,-0.667,-0.223
PHE_28_A_CZ,39.672,-6.017,48.63,-0.522,-0.823,-0.223
PHE_28_A_CZ,39.672,-2.889,48.63,-0.522,0.823,-0.223
PHE_28_A_CZ,38.969,-4.686,48.229,-0.893,-0.123,-0.434
PHE_28_A_H,44.575,-1.703,44.744,0.541,-0.0,-0.841
PHE_28_A_H,44.72,-2.147,44.744,0.437,0.318,-0.841
PHE_28_A_H,44.297,-1.923,44.483,0.739,0.157,-0.655
PHE_28_A_H,44.938,-2.984,44.662,0.228,0.166,-0.959
PHE_28_A_H,45.379,-3.127,44.662,-0.087,0.268,-0.959
PHE_28_A_H,44.501,-2.752,44.496,0.541,-0.0,-0.841
PHE_28_A_H,45.472,-1.033,45.788,0.541,-0.0,-0.841
PHE_28_A_H,45.194,-1.253,45.528,0.739,0.157,-0.655
PHE_28_A_H,45.373,-1.655,45.528,0.611,0.444,-0.655
PHE_28_A_H,46.35,-1.503,46.291,0.228,0.166,-0.959
PHE_28_A_H,46.791,-1.646,46.291,-0.087,0.268,-0.959
PHE_28_A_H,45.913,-1.271,46.126,0.541,-0.0,-0.841
PHE_28_A_H,46.057,-1.716,46.126,0.437,0.318,-0.841
PHE_28_A_H,46.436,-1.991,46.126,0.167,0.514,-0.841
PHE_28_A_H,45.635,-1.491,45.865,0.739,0.157,-0.655
PHE_28_A_H,45.814,-1.893,45.865,0.611,0.444,-0.655
PHE_28_A_H,46.14,-2.187,45.865,0.378,0.654,-0.655
PHE_28_A_H,46.559,-2.323,45.865,0.079,0.752,-0.655
PHE_28_A_H,45.728,-2.129,45.53,0.672,0.613,-0.415
PHE_28_A_H,46.102,-2.411,45.53,0.405,0.814,-0.415
PHE_28_A_H,46.552,-2.539,45.53,0.084,0.906,-0.415
PHE_28_A_H,45.592,-1.92,45.562,0.77,0.464,-0.439
PHE_28_A_H,45.605,-2.397,45.067,0.524,0.532,-0.665
PHE_28_A_H,45.296,-2.693,44.771,0.245,0.265,-0.933
PHE_28_A_H,45.14,-1.96,45.018,0.531,0.429,-0.731
PHE_28_A_H,44.725,-1.742,44.827,0.433,0.028,-0.901
PHE_28_A_H,44.797,-2.586,44.653,0.329,0.147,-0.933
PHE_28_A_H,44.454,-2.73,44.465,0.574,-0.016,-0.819
PHE_28_A_HA,45.224,-3.484,49.703,0.087,0.268,0.959
PHE_28_A_HA,44.704,-3.282,49.685,0.167,0.514,0.841
PHE_28_A_HA,44.816,-2.937,49.519,0.087,0.268,0.959
PHE_28_A_HA,45.833,-2.033,48.532,0.243,0.96,0.142
PHE_28_A_HA,45.406,-1.706,48.15,0.548,0.726,0.415
PHE_28_A_HA,45.466,-1.476,47.815,0.506,0.562,0.655
PHE_28_A_HA,45.354,-4.207,49.68,0.541,-0.0,0.841
PHE_28_A_HA,45.717,-4.207,49.514,0.282,-0.0,0.959
PHE_28_A_HA,46.254,-4.332,49.302,0.282,-0.0,0.959
PHE_28_A_HA,46.526,-3.957,49.302,0.087,-0.268,0.959
PHE_28_A_HA,46.798,-2.414,48.038,0.243,0.96,0.142
PHE_28_A_HA,47.253,-2.451,48.038,-0.082,0.986,0.142
PHE_28_A_HA,46.172,-2.107,48.043,0.541,0.829,0.142
PHE_28_A_HA,45.963,-1.378,47.325,0.69,0.307,0.655
PHE_28_A_HA,47.151,-2.973,48.603,0.506,0.562,0.655
PHE_28_A_HA,45.84,-1.809,47.889,0.548,0.726,0.415
PHE_28_A_HA,45.641,-1.223,47.553,0.69,0.307,0.655
PHE_28_A_HA,47.283,-2.45,48.046,-0.103,0.985,0.137
PHE_28_A_HA,46.989,-2.536,48.375,0.358,0.795,0.49
PHE_28_A_HA,46.672,-2.467,48.613,0.585,0.745,0.32
PHE_28_A_HA,46.539,-2.334,48.302,0.428,0.903,-0.047
PHE_28_A_HA,46.437,-3.659,49.396,0.33,-0.189,0.925
PHE_28_A_HA,46.637,-3.318,49.308,0.525,0.144,0.839
PHE_28_A_HA,46.791,-3.031,49.067,0.675,0.423,0.604
PHE_28_A_HA,45.96,-3.918,49.483,0.305,-0.251,0.919
PHE_28_A_HA,45.748,-4.324,49.51,0.259,0.083,0.962
PHE_28_A_HA,45.593,-3.531,49.664,0.144,-0.07,0.987
PHE_28_A_HA,45.14,-3.595,49.75,0.147,0.347,0.926
PHE_28_A_HA,45.016,-3.98,49.938,0.556,0.252,0.792
PHE_28_A_HA,45.619,-2.036,48.74,0.193,0.911,0.365
PHE_28_A_HA,45.415,-1.801,48.346,0.542,0.794,0.275
PHE_28_A_HA,45.288,-2.658,49.465,-0.107,0.411,0.905
PHE_28_A_HA,45.429,-2.301,49.21,0.024,0.744,0.667
PHE_28_A_HA,45.028,-2.36,49.323,0.206,0.513,0.833
PHE_28_A_HA,45.13,-2.083,49.01,0.314,0.805,0.504
PHE_28_A_HA,45.282,-3.177,49.631,-0.097,0.252,0.963
PHE_28_A_HA,44.845,-3.304,49.679,0.066,0.53,0.846
PHE_28_A_HA,45.721,-3.237,49.677,-0.0,0.0,1.0
PHE_28_A_HA,46.131,-3.237,49.605,0.342,0.0,0.94
PHE_28_A_HA,45.926,-2.882,49.605,0.171,0.296,0.94
PHE_28_A_HA,45.516,-2.882,49.605,-0.171,0.296,0.94
PHE_28_A_HA,45.926,-3.592,49.605,0.171,-0.296,0.94
PHE_28_A_HA,46.461,-3.02,49.396,0.617,0.181,0.766
PHE_28_A_HA,46.226,-2.654,49.396,0.421,0.486,0.766
PHE_28_A_HA,45.831,-2.474,49.396,0.091,0.636,0.766
PHE_28_A_HA,46.657,-2.786,49.077,0.78,0.376,0.5
PHE_28_A_HA,46.369,-2.424,49.077,0.54,0.677,0.5
PHE_28_A_HA,45.952,-2.224,49.077,0.193,0.844,0.5
PHE_28_A_HA,46.173,-2.145,48.685,0.377,0.91,0.174
PHE_28_A_HB2,43.811,-6.298,46.336,-0.234,-0.719,-0.655
PHE_28_A_HB2,43.699,-6.69,47.23,-0.243,-0.96,-0.142
PHE_28_A_HB2,43.244,-6.653,47.23,0.082,-0.986,-0.142
PHE_28_A_HB2,44.482,-5.415,45.928,-0.087,-0.268,-0.959
PHE_28_A_HB2,44.041,-5.558,45.928,0.228,-0.166,-0.959
PHE_28_A_HB2,44.972,-5.345,45.762,-0.437,-0.318,-0.841
PHE_28_A_HB2,44.594,-5.07,45.762,-0.167,-0.514,-0.841
PHE_28_A_HB2,46.707,-6.056,47.051,0.082,-0.986,-0.142
PHE_28_A_HB2,46.265,-6.168,47.051,0.398,-0.906,-0.142
PHE_28_A_HB2,45.883,-6.417,47.051,0.67,-0.728,-0.142
PHE_28_A_HB2,46.223,-6.152,46.794,0.398,-0.906,-0.142
PHE_28_A_HB2,45.229,-5.649,45.791,-0.176,-0.503,-0.846
PHE_28_A_HB2,44.992,-5.931,45.941,-0.007,-0.301,-0.954
PHE_28_A_HB2,45.286,-6.096,46.055,0.278,-0.462,-0.842
PHE_28_A_HB2,45.488,-6.25,46.226,0.389,-0.553,-0.737
PHE_28_A_HB2,45.744,-6.407,46.625,0.609,-0.688,-0.394
PHE_28_A_HB2,44.319,-6.955,47.467,-0.295,-0.955,-0.03
PHE_28_A_HB2,44.805,-7.02,47.553,0.033,-0.999,0.028
PHE_28_A_HB2,45.29,-6.922,47.496,0.361,-0.932,-0.01
PHE_28_A_HB2,45.681,-6.678,47.306,0.626,-0.768,-0.138
PHE_28_A_HB2,44.289,-5.935,46.013,-0.089,-0.221,-0.971
PHE_28_A_HB2,44.1,-6.262,46.193,-0.274,-0.542,-0.795
PHE_28_A_HB2,43.788,-5.921,45.998,0.113,-0.529,-0.841
PHE_28_A_HB2,43.609,-6.171,46.231,-0.089,-0.81,-0.58
PHE_28_A_HB2,43.962,-6.56,46.545,-0.394,-0.732,-0.556
PHE_28_A_HB2,43.934,-6.727,46.914,-0.419,-0.877,-0.235
PHE_28_A_HB2,43.541,-6.543,46.744,-0.126,-0.9,-0.417
PHE_28_A_HB2,43.538,-6.65,47.149,-0.128,-0.988,-0.085
PHE_28_A_HB2,44.325,-6.95,46.942,-0.377,-0.91,-0.174
PHE_28_A_HB2,44.777,-7.04,46.942,-0.0,-0.985,-0.174
PHE_28_A_HB2,45.229,-6.95,46.942,0.377,-0.91,-0.174
PHE_28_A_HB2,45.613,-6.694,46.942,0.696,-0.696,-0.174
PHE_28_A_HB2,44.546,-6.871,46.55,-0.193,-0.844,-0.5
PHE_28_A_HB2,45.008,-6.871,46.55,0.193,-0.844,-0.5
PHE_28_A_HB2,45.425,-6.671,46.55,0.54,-0.677,-0.5
PHE_28_A_HB2,44.272,-6.441,46.231,-0.421,-0.486,-0.766
PHE_28_A_HB2,44.667,-6.621,46.231,-0.091,-0.636,-0.766
PHE_28_A_HB2,45.097,-6.56,46.231,0.267,-0.585,-0.766
PHE_28_A_HB2,44.572,-6.213,46.022,-0.171,-0.296,-0.94
PHE_28_A_HB2,44.982,-6.213,46.022,0.171,-0.296,-0.94
PHE_28_A_HB3,44.689,-6.489,49.395,-0.084,-0.906,0.415
PHE_28_A_HB3,45.145,-4.637,49.941,0.69,0.307,0.655
PHE_28_A_HB3,45.499,-4.652,49.68,0.437,0.318,0.841
PHE_28_A_HB3,47.316,-5.908,48.177,-0.082,-0.986,0.142
PHE_28_A_HB3,46.862,-5.946,48.177,0.243,-0.96,0.142
PHE_28_A_HB3,46.444,-6.129,48.177,0.541,-0.829,0.142
PHE_28_A_HB3,46.036,-4.777,49.467,0.437,0.318,0.841
PHE_28_A_HB3,46.526,-4.707,49.302,0.087,0.268,0.959
PHE_28_A_HB3,46.72,-5.817,48.821,0.548,-0.726,0.415
PHE_28_A_HB3,47.343,-5.804,48.464,0.103,-0.735,0.67
PHE_28_A_HB3,46.964,-5.886,48.474,0.28,-0.904,0.323
PHE_28_A_HB3,46.675,-5.904,48.741,0.58,-0.664,0.472
PHE_28_A_HB3,46.363,-6.177,48.769,0.709,-0.696,0.112
PHE_28_A_HB3,46.709,-5.672,49.071,0.533,-0.634,0.56
PHE_28_A_HB3,46.63,-5.378,49.315,0.436,-0.279,0.856
PHE_28_A_HB3,46.491,-5.021,49.394,0.269,0.152,0.951
PHE_28_A_HB3,46.38,-5.74,49.357,0.709,-0.327,0.625
PHE_28_A_HB3,46.253,-5.361,49.545,0.583,0.047,0.811
PHE_28_A_HB3,46.076,-4.956,49.53,0.409,0.446,0.796
PHE_28_A_HB3,45.807,-4.77,49.598,0.414,0.358,0.837
PHE_28_A_HB3,45.998,-6.512,48.434,0.641,-0.767,0.003
PHE_28_A_HB3,45.64,-6.726,48.575,0.399,-0.912,0.099
PHE_28_A_HB3,45.268,-6.792,48.802,0.147,-0.956,0.252
PHE_28_A_HB3,44.937,-6.701,49.079,-0.076,-0.895,0.44
PHE_28_A_HB3,45.182,-6.049,49.923,0.172,-0.571,0.803
PHE_28_A_HB3,45.423,-5.633,50.022,0.406,-0.166,0.898
PHE_28_A_HB3,45.502,-5.155,49.944,0.484,0.299,0.822
PHE_28_A_HB3,44.98,-5.721,50.255,0.548,-0.48,0.685
PHE_28_A_HB3,45.134,-5.293,50.265,0.718,-0.006,0.696
PHE_28_A_HB3,45.123,-4.864,50.116,0.706,0.47,0.53
PHE_28_A_HB3,44.886,-6.396,49.598,-0.059,-0.809,0.585
PHE_28_A_HB3,44.62,-6.174,49.938,0.297,-0.736,0.608
PHE_28_A_HB3,45.713,-5.562,49.919,0.342,0.0,0.94
PHE_28_A_HB3,45.413,-6.325,49.71,0.091,-0.636,0.766
PHE_28_A_HB3,45.808,-6.145,49.71,0.421,-0.486,0.766
PHE_28_A_HB3,46.043,-5.779,49.71,0.617,-0.181,0.766
PHE_28_A_HB3,46.043,-5.345,49.71,0.617,0.181,0.766
PHE_28_A_HB3,45.808,-4.979,49.71,0.421,0.486,0.766
PHE_28_A_HB3,45.072,-6.575,49.391,-0.193,-0.844,0.5
PHE_28_A_HB3,45.534,-6.575,49.391,0.193,-0.844,0.5
PHE_28_A_HB3,45.951,-6.375,49.391,0.54,-0.677,0.5
PHE_28_A_HB3,46.239,-6.013,49.391,0.78,-0.376,0.5
PHE_28_A_HB3,45.755,-6.654,48.999,0.377,-0.91,0.174
PHE_28_A_HB3,46.139,-6.398,48.999,0.696,-0.696,0.174
PHE_28_A_HD1,41.942,-4.818,45.263,-0.437,-0.318,-0.841
PHE_28_A_HD1,42.857,-4.396,44.97,0.167,-0.514,-0.841
PHE_28_A_HD1,43.374,-6.252,46.336,0.079,-0.752,-0.655
PHE_28_A_HD1,44.126,-5.07,45.762,0.167,-0.514,-0.841
PHE_28_A_HD1,43.748,-5.345,45.762,0.437,-0.318,-0.841
PHE_28_A_HD1,44.204,-4.629,45.553,-0.087,-0.268,-0.959
PHE_28_A_HD1,43.763,-4.772,45.553,0.228,-0.166,-0.959
PHE_28_A_HD1,43.326,-5.004,45.388,0.541,-0.0,-0.841
PHE_28_A_HD1,43.849,-4.284,45.388,0.167,-0.514,-0.841
PHE_28_A_HD1,43.47,-4.559,45.388,0.437,-0.318,-0.841
PHE_28_A_HD1,43.832,-4.957,45.608,0.274,-0.333,-0.902
PHE_28_A_HD1,43.55,-5.267,45.6,0.578,-0.374,-0.725
PHE_28_A_HD1,43.068,-4.466,45.074,0.389,-0.453,-0.802
PHE_28_A_HD1,43.248,-4.821,45.319,0.596,-0.13,-0.792
PHE_28_A_HD1,43.488,-5.635,45.717,0.483,-0.435,-0.76
PHE_28_A_HD1,43.299,-5.962,45.897,0.298,-0.756,-0.583
PHE_28_A_HD1,41.662,-5.429,45.647,-0.55,-0.298,-0.78
PHE_28_A_HD1,41.89,-5.86,45.758,-0.396,-0.589,-0.705
PHE_28_A_HD1,42.279,-6.142,45.895,-0.133,-0.779,-0.612
PHE_28_A_HD1,42.753,-6.221,46.032,0.188,-0.833,-0.52
PHE_28_A_HD1,42.592,-4.936,45.123,0.037,-0.189,-0.981
PHE_28_A_HD1,42.195,-4.969,45.189,-0.319,-0.219,-0.922
PHE_28_A_HD1,42.343,-4.618,45.022,-0.109,-0.455,-0.884
PHE_28_A_HD1,41.969,-4.621,45.153,-0.457,-0.458,-0.763
PHE_28_A_HD1,41.838,-4.967,45.374,-0.554,-0.258,-0.792
PHE_28_A_HD1,41.585,-4.6,45.361,-0.549,-0.549,-0.63
PHE_28_A_HD1,42.829,-6.055,45.744,0.193,-0.844,-0.5
PHE_28_A_HD1,41.858,-5.259,45.425,-0.617,-0.181,-0.766
PHE_28_A_HD1,42.093,-5.625,45.425,-0.421,-0.486,-0.766
PHE_28_A_HD1,42.488,-5.805,45.425,-0.091,-0.636,-0.766
PHE_28_A_HD1,42.918,-5.744,45.425,0.267,-0.585,-0.766
PHE_28_A_HD1,43.247,-5.459,45.425,0.541,-0.348,-0.766
PHE_28_A_HD1,42.393,-5.397,45.216,-0.171,-0.296,-0.94
PHE_28_A_HD1,42.803,-5.397,45.216,0.171,-0.296,-0.94
PHE_28_A_HD2,44.269,-6.188,50.208,0.548,-0.726,0.415
PHE_28_A_HD2,44.638,-3.895,50.13,0.506,0.562,0.655
PHE_28_A_HD2,44.859,-4.441,50.276,0.894,0.167,0.415
PHE_28_A_HD2,45.053,-4.207,49.941,0.756,-0.0,0.655
PHE_28_A_HD2,44.666,-4.006,50.214,0.486,0.64,0.595
PHE_28_A_HD2,44.681,-4.32,50.556,0.796,0.494,0.35
PHE_28_A_HD2,44.582,-5.848,50.545,0.6,-0.715,0.359
PHE_28_A_HD2,44.823,-5.432,50.643,0.835,-0.31,0.455
PHE_28_A_HD2,44.903,-4.954,50.565,0.912,0.155,0.379
PHE_28_A_HD2,44.053,-6.174,50.618,0.481,-0.815,0.323
PHE_28_A_HD2,43.733,-6.16,50.924,0.264,-0.806,0.53
PHE_28_A_HD2,43.452,-5.979,51.215,0.075,-0.683,0.726
PHE_28_A_HD2,43.254,-5.657,51.447,-0.059,-0.466,0.883
PHE_28_A_HD2,43.169,-5.245,51.584,-0.117,-0.187,0.975
PHE_28_A_HD2,43.324,-4.484,51.539,-0.012,0.327,0.945
PHE_28_A_HD2,43.569,-4.147,51.351,0.154,0.554,0.818
PHE_28_A_HD2,43.884,-3.959,51.077,0.366,0.682,0.633
PHE_28_A_HD2,44.216,-3.949,50.763,0.591,0.689,0.42
PHE_28_A_HD2,43.156,-4.847,51.607,-0.058,0.068,0.996
PHE_28_A_HD2,43.668,-5.014,51.684,-0.0,0.0,1.0
PHE_28_A_HD2,44.078,-5.014,51.612,0.342,0.0,0.94
PHE_28_A_HD2,43.873,-4.659,51.612,0.171,0.296,0.94
PHE_28_A_HD2,43.463,-4.659,51.612,-0.171,0.296,0.94
PHE_28_A_HD2,43.463,-5.369,51.612,-0.171,-0.296,0.94
PHE_28_A_HD2,43.873,-5.369,51.612,0.171,-0.296,0.94
PHE_28_A_HD2,43.778,-5.777,51.403,0.091,-0.636,0.766
PHE_28_A_HD2,44.173,-5.597,51.403,0.421,-0.486,0.766
PHE_28_A_HD2,44.408,-5.231,51.403,0.617,-0.181,0.766
PHE_28_A_HD2,44.408,-4.797,51.403,0.617,0.181,0.766
PHE_28_A_HD2,44.173,-4.431,51.403,0.421,0.486,0.766
PHE_28_A_HD2,43.778,-4.251,51.403,0.091,0.636,0.766
PHE_28_A_HD2,44.707,-5.014,51.084,0.866,0.0,0.5
PHE_28_A_HD2,44.604,-4.563,51.084,0.78,0.376,0.5
PHE_28_A_HD2,44.316,-4.201,51.084,0.54,0.677,0.5
PHE_28_A_HD2,43.899,-6.027,51.084,0.193,-0.844,0.5
PHE_28_A_HD2,44.316,-5.827,51.084,0.54,-0.677,0.5
PHE_28_A_HD2,44.604,-5.465,51.084,0.78,-0.376,0.5
PHE_28_A_HD2,44.76,-4.562,50.692,0.91,0.377,0.174
PHE_28_A_HE1,39.46,-4.125,46.106,-0.756,-0.0,-0.655
PHE_28_A_HE1,39.41,-3.603,47.169,-0.871,0.471,0.142
PHE_28_A_HE1,40.354,-4.121,45.606,-0.437,-0.318,-0.841
PHE_28_A_HE1,40.691,-4.915,45.871,-0.087,-0.268,-0.959
PHE_28_A_HE1,40.803,-4.571,45.706,-0.167,-0.514,-0.841
PHE_28_A_HE1,40.346,-4.538,45.742,-0.153,-0.303,-0.941
PHE_28_A_HE1,39.717,-4.251,45.89,-0.521,-0.126,-0.844
PHE_28_A_HE1,39.547,-3.766,45.911,-0.818,-0.256,-0.515
PHE_28_A_HE1,39.729,-3.544,45.501,-0.53,-0.631,-0.567
PHE_28_A_HE1,39.156,-4.172,47.45,-0.97,0.237,0.049
PHE_28_A_HE1,39.088,-4.286,47.91,-0.965,0.048,-0.259
PHE_28_A_HE1,39.297,-4.047,46.345,-0.889,0.089,-0.449
PHE_28_A_HE1,39.251,-3.79,46.819,-0.936,0.351,0.033
PHE_28_A_HE1,39.287,-3.61,46.416,-0.996,-0.019,-0.087
PHE_28_A_HE1,39.39,-3.371,46.786,-0.857,0.305,0.416
PHE_28_A_HE1,39.08,-4.465,47.182,-0.985,0.0,0.174
PHE_28_A_HE1,39.17,-4.013,47.182,-0.91,0.377,0.174
PHE_28_A_HE1,39.08,-4.465,46.766,-0.985,0.0,-0.174
PHE_28_A_HE1,39.17,-4.917,46.766,-0.91,-0.377,-0.174
PHE_28_A_HE1,39.223,-4.465,46.374,-0.866,0.0,-0.5
PHE_28_A_HE1,39.326,-4.916,46.374,-0.78,-0.376,-0.5
PHE_28_A_HE1,39.614,-5.278,46.374,-0.54,-0.677,-0.5
PHE_28_A_HE1,39.522,-4.682,46.055,-0.617,-0.181,-0.766
PHE_28_A_HE1,39.757,-5.048,46.055,-0.421,-0.486,-0.766
PHE_28_A_HE1,40.057,-4.82,45.846,-0.171,-0.296,-0.94
PHE_28_A_HE2,40.118,-4.234,51.179,-0.873,0.218,0.435
PHE_28_A_HE2,41.328,-4.514,52.283,-0.0,0.0,1.0
PHE_28_A_HE2,41.738,-4.514,52.211,0.342,0.0,0.94
PHE_28_A_HE2,41.533,-4.159,52.211,0.171,0.296,0.94
PHE_28_A_HE2,41.123,-4.159,52.211,-0.171,0.296,0.94
PHE_28_A_HE2,40.918,-4.514,52.211,-0.342,0.0,0.94
PHE_28_A_HE2,41.123,-4.869,52.211,-0.171,-0.296,0.94
PHE_28_A_HE2,41.533,-4.869,52.211,0.171,-0.296,0.94
PHE_28_A_HE2,40.557,-4.514,52.002,-0.643,0.0,0.766
PHE_28_A_HE2,40.679,-4.931,52.002,-0.541,-0.348,0.766
PHE_28_A_HE2,41.008,-5.216,52.002,-0.267,-0.585,0.766
PHE_28_A_HE2,41.438,-5.277,52.002,0.091,-0.636,0.766
PHE_28_A_HE2,41.833,-5.097,52.002,0.421,-0.486,0.766
PHE_28_A_HE2,42.068,-4.731,52.002,0.617,-0.181,0.766
PHE_28_A_HE2,42.068,-4.297,52.002,0.617,0.181,0.766
PHE_28_A_HE2,41.833,-3.931,52.002,0.421,0.486,0.766
PHE_28_A_HE2,41.438,-3.751,52.002,0.091,0.636,0.766
PHE_28_A_HE2,41.008,-3.812,52.002,-0.267,0.585,0.766
PHE_28_A_HE2,40.679,-4.097,52.002,-0.541,0.348,0.766
PHE_28_A_HE2,41.097,-3.501,51.683,-0.193,0.844,0.5
PHE_28_A_HE2,40.68,-3.701,51.683,-0.54,0.677,0.5
PHE_28_A_HE2,40.392,-4.063,51.683,-0.78,0.376,0.5
PHE_28_A_HE2,40.289,-4.514,51.683,-0.866,0.0,0.5
PHE_28_A_HE2,40.392,-4.965,51.683,-0.78,-0.376,0.5
PHE_28_A_HE2,40.68,-5.327,51.683,-0.54,-0.677,0.5
PHE_28_A_HZ,38.93,-4.072,48.308,-0.809,0.166,-0.564
PHE_28_A_HZ,39.237,-4.193,50.44,-0.342,0.0,0.94
PHE_28_A_HZ,38.876,-4.193,50.231,-0.643,0.0,0.766
PHE_28_A_HZ,38.998,-4.61,50.231,-0.541,-0.348,0.766
PHE_28_A_HZ,39.327,-3.491,50.231,-0.267,0.585,0.766
PHE_28_A_HZ,38.998,-3.776,50.231,-0.541,0.348,0.766
PHE_28_A_HZ,38.999,-3.38,49.912,-0.54,0.677,0.5
PHE_28_A_HZ,38.711,-3.742,49.912,-0.78,0.376,0.5
PHE_28_A_HZ,38.608,-4.193,49.912,-0.866,0.0,0.5
PHE_28_A_HZ,38.711,-4.644,49.912,-0.78,-0.376,0.5
PHE_28_A_HZ,38.465,-4.193,49.52,-0.985,0.0,0.174
PHE_28_A_HZ,38.555,-4.645,49.52,-0.91,-0.377,0.174
PHE_28_A_HZ,38.811,-5.029,49.52,-0.696,-0.696,0.174
PHE_28_A_HZ,39.195,-3.101,49.52,-0.377,0.91,0.174
PHE_28_A_HZ,38.811,-3.357,49.52,-0.696,0.696,0.174
PHE_28_A_HZ,38.555,-3.741,49.52,-0.91,0.377,0.174
PHE_28_A_HZ,39.195,-3.101,49.104,-0.377,0.91,-0.174
PHE_28_A_HZ,38.811,-3.357,49.104,-0.696,0.696,-0.174
PHE_28_A_HZ,38.555,-3.741,49.104,-0.91,0.377,-0.174
PHE_28_A_HZ,38.465,-4.193,49.104,-0.985,0.0,-0.174
PHE_28_A_HZ,38.555,-4.645,49.104,-0.91,-0.377,-0.174
PHE_28_A_HZ,38.608,-4.193,48.712,-0.866,0.0,-0.5
PHE_28_A_HZ,38.999,-3.38,48.712,-0.54,0.677,-0.5
PHE_28_A_HZ,38.711,-3.742,48.712,-0.78,0.376,-0.5
THR_29_A_CA,47.698,-6.117,47.588,-0.398,-0.906,0.142
THR_29_A_CA,47.256,-6.005,47.588,-0.082,-0.986,0.142
THR_29_A_CA,47.989,-6.359,47.355,-0.605,-0.734,0.309
THR_29_A_CA,47.876,-6.5,46.363,-0.526,-0.837,0.15
THR_29_A_CA,47.611,-6.24,47.041,-0.447,-0.872,0.2
THR_29_A_CA,47.324,-6.062,47.37,-0.13,-0.945,0.299
THR_29_A_CA,47.848,-6.409,46.967,-0.522,-0.823,0.223
THR_29_A_CA,47.762,-6.409,46.544,-0.568,-0.823,0.0
THR_29_A_C,48.08,-6.366,47.588,-0.67,-0.728,0.142
THR_29_A_C,48.796,-7.199,46.804,-0.871,-0.471,0.142
THR_29_A_C,48.516,-6.839,46.804,-0.67,-0.728,0.142
THR_29_A_C,49.069,-7.735,47.88,-0.896,-0.142,0.422
THR_29_A_C,48.9,-7.371,47.697,-0.898,-0.402,0.178
THR_29_A_C,48.795,-7.047,48.007,-0.7,-0.633,0.331
THR_29_A_C,49.103,-7.103,48.625,-0.806,-0.304,0.508
THR_29_A_C,49.339,-6.938,48.936,-0.59,-0.153,0.793
THR_29_A_C,48.829,-6.913,48.348,-0.704,-0.585,0.403
THR_29_A_C,49.015,-6.704,48.769,-0.582,-0.449,0.678
THR_29_A_C,48.313,-6.654,47.341,-0.699,-0.714,0.042
THR_29_A_C,48.471,-6.051,48.74,-0.585,-0.471,0.661
THR_29_A_C,48.292,-6.322,48.298,-0.669,-0.593,0.449
THR_29_A_C,48.049,-5.984,48.442,-0.402,-0.607,0.686
THR_29_A_C,47.671,-5.94,48.301,-0.225,-0.866,0.447
THR_29_A_C,48.174,-6.417,47.828,-0.717,-0.673,0.184
THR_29_A_C,47.857,-6.134,47.932,-0.468,-0.825,0.317
THR_29_A_C,48.646,-6.391,48.694,-0.633,-0.46,0.623
THR_29_A_C,48.52,-6.598,48.333,-0.699,-0.569,0.434
THR_29_A_C,48.498,-6.786,47.932,-0.711,-0.667,0.223
THR_29_A_C,48.426,-6.778,47.509,-0.749,-0.663,0.0
THR_29_A_O,48.681,-5.929,48.986,-0.611,-0.444,0.655
THR_29_A_O,49.112,-3.854,48.966,-0.079,0.752,0.655
THR_29_A_O,49.235,-3.522,48.705,-0.167,0.514,0.841
THR_29_A_O,49.673,-3.419,48.755,-0.167,0.514,0.841
THR_29_A_O,49.548,-6.932,49.129,-0.739,-0.157,0.655
THR_29_A_O,49.369,-6.53,49.129,-0.611,-0.444,0.655
THR_29_A_O,50.852,-5.702,49.742,0.282,-0.0,0.959
THR_29_A_O,50.809,-3.952,48.979,0.234,0.719,0.655
THR_29_A_O,51.247,-3.998,48.979,-0.079,0.752,0.655
THR_29_A_O,51.215,-4.364,49.297,0.167,0.514,0.841
THR_29_A_O,50.008,-6.273,49.61,-0.167,-0.514,0.841
THR_29_A_O,51.139,-4.184,49.195,0.093,0.66,0.746
THR_29_A_O,50.712,-4.09,49.209,0.303,0.818,0.49
THR_29_A_O,49.779,-7.059,49.332,-0.506,-0.007,0.862
THR_29_A_O,49.94,-6.623,49.447,-0.118,-0.264,0.957
THR_29_A_O,49.579,-6.274,49.504,-0.363,-0.567,0.739
THR_29_A_O,50.048,-3.55,48.89,0.064,0.612,0.788
THR_29_A_O,49.704,-3.824,49.142,-0.189,0.803,0.565
THR_29_A_O,51.143,-5.197,49.736,0.097,0.037,0.995
THR_29_A_O,51.185,-4.77,49.609,0.142,0.489,0.86
THR_29_A_O,50.794,-4.915,49.781,0.38,0.229,0.896
THR_29_A_O,50.85,-4.48,49.524,0.427,0.597,0.679
THR_29_A_O,50.169,-6.048,49.772,-0.042,-0.456,0.889
THR_29_A_O,50.516,-5.743,49.842,0.247,-0.202,0.948
THR_29_A_O,48.963,-6.147,49.118,-0.586,-0.523,0.619
THR_29_A_O,48.749,-5.594,49.367,-0.632,-0.463,0.621
THR_29_A_O,48.822,-5.241,49.587,-0.572,-0.173,0.802
THR_29_A_O,48.935,-4.841,49.662,-0.48,0.155,0.864
THR_29_A_O,49.071,-4.449,49.582,-0.368,0.477,0.798
THR_29_A_O,49.211,-4.12,49.359,-0.252,0.747,0.615
THR_29_A_O,49.922,-5.156,50.079,-0.0,0.0,1.0
THR_29_A_O,50.316,-5.156,50.022,0.282,0.0,0.959
THR_29_A_O,50.044,-4.781,50.022,0.087,0.268,0.959
THR_29_A_O,49.603,-4.924,50.022,-0.228,0.166,0.959
THR_29_A_O,49.603,-5.388,50.022,-0.228,-0.166,0.959
THR_29_A_O,50.044,-5.531,50.022,0.087,-0.268,0.959
THR_29_A_O,49.165,-5.156,49.857,-0.541,0.0,0.841
THR_29_A_O,49.31,-5.601,49.857,-0.437,-0.318,0.841
THR_29_A_O,49.688,-5.876,49.857,-0.167,-0.514,0.841
THR_29_A_O,50.534,-4.711,49.857,0.437,0.318,0.841
THR_29_A_O,50.156,-4.436,49.857,0.167,0.514,0.841
THR_29_A_O,49.688,-4.436,49.857,-0.167,0.514,0.841
THR_29_A_O,49.31,-4.711,49.857,-0.437,0.318,0.841
THR_29_A_O,50.63,-4.37,49.596,0.506,0.562,0.655
THR_29_A_O,50.249,-4.15,49.596,0.234,0.719,0.655
THR_29_A_O,49.811,-4.104,49.596,-0.079,0.752,0.655
THR_29_A_O,49.393,-4.24,49.596,-0.378,0.654,0.655
THR_29_A_O,49.066,-5.778,49.596,-0.611,-0.444,0.655
THR_29_A_O,49.393,-6.072,49.596,-0.378,-0.654,0.655
THR_29_A_CB,49.547,-1.984,44.772,-0.035,0.744,-0.667
THR_29_A_CB,49.907,-2.172,44.629,0.185,0.629,-0.755
THR_29_A_CB,49.697,-2.578,44.207,0.078,0.67,-0.739
THR_29_A_CB,49.33,-2.777,44.065,-0.138,0.553,-0.822
THR_29_A_CB,49.013,-3.074,43.988,-0.324,0.378,-0.867
THR_29_A_CB,48.772,-3.444,43.983,-0.466,0.16,-0.87
THR_29_A_CB,48.629,-3.856,44.049,-0.55,-0.082,-0.831
THR_29_A_CB,48.596,-4.276,44.182,-0.569,-0.329,-0.753
THR_29_A_CB,48.926,-2.104,44.663,0.013,0.792,-0.61
THR_29_A_CB,48.849,-2.445,44.343,-0.039,0.562,-0.827
THR_29_A_CB,48.658,-2.843,44.173,-0.168,0.292,-0.942
THR_29_A_CB,48.387,-3.231,44.182,-0.351,0.03,-0.936
THR_29_A_CB,48.256,-3.923,44.267,-0.392,-0.15,-0.908
THR_29_A_CB,47.961,-4.261,44.434,-0.116,-0.34,-0.933
THR_29_A_CB,49.371,-2.111,44.61,0.0,0.782,-0.623
THR_29_A_CB,49.371,-2.411,44.31,0.0,0.623,-0.782
THR_29_A_CB,48.547,-3.596,44.083,-0.434,0.0,-0.901
THR_29_A_CB,49.029,-2.846,44.083,-0.18,0.395,-0.901
THR_29_A_OG1,48.833,-4.768,44.251,-0.69,-0.307,-0.655
THR_29_A_OG1,49.805,-5.558,44.533,-0.234,-0.719,-0.655
THR_29_A_OG1,50.137,-5.674,44.535,-0.103,-0.633,-0.767
THR_29_A_OG1,49.831,-5.393,44.297,-0.252,-0.836,-0.487
THR_29_A_OG1,50.515,-2.483,44.553,0.309,0.637,-0.706
THR_29_A_OG1,50.832,-2.616,44.668,0.639,0.498,-0.586
THR_29_A_OG1,50.683,-2.783,44.313,0.481,0.748,-0.457
THR_29_A_OG1,50.998,-2.964,44.502,0.746,0.596,-0.298
THR_29_A_OG1,49.995,-2.714,44.082,0.067,0.829,-0.555
THR_29_A_OG1,49.575,-2.899,43.904,-0.221,0.703,-0.677
THR_29_A_OG1,49.214,-3.22,43.811,-0.468,0.482,-0.741
THR_29_A_OG1,48.956,-3.639,43.813,-0.645,0.195,-0.739
THR_29_A_OG1,48.832,-4.106,43.91,-0.73,-0.125,-0.673
THR_29_A_OG1,49.049,-4.913,44.12,-0.595,-0.501,-0.629
THR_29_A_OG1,49.428,-5.233,44.186,-0.274,-0.773,-0.573
THR_29_A_OG1,48.987,-5.314,44.424,-0.265,-0.485,-0.834
THR_29_A_OG1,49.344,-5.551,44.573,0.096,-0.724,-0.683
THR_29_A_OG1,50.989,-3.16,44.05,0.672,0.613,-0.415
THR_29_A_OG1,50.616,-2.878,44.05,0.405,0.814,-0.415
THR_29_A_OG1,49.699,-5.243,44.05,-0.249,-0.875,-0.415
THR_29_A_OG1,48.99,-4.018,43.715,-0.756,0.0,-0.655
THR_29_A_OG1,49.081,-4.448,43.715,-0.69,-0.307,-0.655
THR_29_A_OG1,49.34,-4.804,43.715,-0.506,-0.562,-0.655
THR_29_A_OG1,49.721,-5.024,43.715,-0.234,-0.719,-0.655
THR_29_A_OG1,50.159,-5.07,43.715,0.079,-0.752,-0.655
THR_29_A_OG1,50.904,-3.396,43.715,0.611,0.444,-0.655
THR_29_A_OG1,50.577,-3.102,43.715,0.378,0.654,-0.655
THR_29_A_OG1,50.159,-2.966,43.715,0.079,0.752,-0.655
THR_29_A_OG1,49.721,-3.012,43.715,-0.234,0.719,-0.655
THR_29_A_OG1,50.805,-4.018,43.454,0.541,0.0,-0.841
THR_29_A_OG1,50.66,-3.573,43.454,0.437,0.318,-0.841
THR_29_A_OG1,50.282,-3.298,43.454,0.167,0.514,-0.841
THR_29_A_OG1,49.814,-3.298,43.454,-0.167,0.514,-0.841
THR_29_A_OG1,49.436,-3.573,43.454,-0.437,0.318,-0.841
THR_29_A_OG1,49.291,-4.018,43.454,-0.541,0.0,-0.841
THR_29_A_OG1,49.436,-4.463,43.454,-0.437,-0.318,-0.841
THR_29_A_OG1,49.814,-4.738,43.454,-0.167,-0.514,-0.841
THR_29_A_OG1,50.282,-4.738,43.454,0.167,-0.514,-0.841
THR_29_A_OG1,50.66,-4.463,43.454,0.437,-0.318,-0.841
THR_29_A_OG1,49.654,-4.018,43.289,-0.282,0.0,-0.959
THR_29_A_OG1,49.926,-4.393,43.289,-0.087,-0.268,-0.959
THR_29_A_OG1,50.367,-4.25,43.289,0.228,-0.166,-0.959
THR_29_A_OG1,50.367,-3.786,43.289,0.228,0.166,-0.959
THR_29_A_OG1,49.926,-3.643,43.289,-0.087,0.268,-0.959
THR_29_A_CG2,48.744,-0.836,46.329,-0.437,0.318,-0.841
THR_29_A_CG2,48.839,-1.178,46.069,-0.506,0.562,-0.655
THR_29_A_CG2,49.098,-0.822,46.069,-0.69,0.307,-0.655
THR_29_A_CG2,52.037,-3.307,46.338,0.739,0.157,-0.655
THR_29_A_CG2,51.799,-3.087,46.003,0.91,-0.0,-0.415
THR_29_A_CG2,52.249,-2.741,46.849,0.739,0.157,-0.655
THR_29_A_CG2,52.428,-3.143,46.849,0.611,0.444,-0.655
THR_29_A_CG2,50.872,-1.762,48.258,0.167,0.514,0.841
THR_29_A_CG2,51.34,-1.762,48.258,-0.167,0.514,0.841
THR_29_A_CG2,51.653,-1.484,48.188,-0.378,0.654,0.655
THR_29_A_CG2,51.927,-1.26,47.895,0.084,0.906,-0.415
THR_29_A_CG2,51.488,-1.261,47.512,0.398,0.906,-0.142
THR_29_A_CG2,51.93,-1.373,47.512,0.082,0.986,-0.142
THR_29_A_CG2,51.287,-1.152,47.114,0.541,0.829,0.142
THR_29_A_CG2,52.521,-2.333,47.119,0.541,-0.0,-0.841
THR_29_A_CG2,52.004,-2.333,46.522,0.91,-0.0,-0.415
THR_29_A_CG2,52.361,-1.926,46.953,0.582,0.045,-0.812
THR_29_A_CG2,52.136,-2.203,46.74,0.816,-0.093,-0.571
THR_29_A_CG2,51.916,-2.123,46.37,0.9,0.185,-0.395
THR_29_A_CG2,51.454,-1.245,47.513,0.422,0.895,-0.143
THR_29_A_CG2,50.856,-1.233,47.837,0.195,0.77,0.607
THR_29_A_CG2,51.088,-1.087,47.385,0.389,0.892,0.228
THR_29_A_CG2,50.861,-1.467,48.064,0.188,0.642,0.743
THR_29_A_CG2,51.591,-1.997,48.492,-0.407,0.249,0.879
THR_29_A_CG2,51.234,-1.859,48.307,-0.092,0.584,0.807
THR_29_A_CG2,50.813,-2.045,48.396,0.148,0.283,0.947
THR_29_A_CG2,52.057,-3.187,46.38,0.725,0.071,-0.685
THR_29_A_CG2,51.92,-2.824,46.219,0.909,0.035,-0.415
THR_29_A_CG2,51.668,-2.879,45.659,0.91,0.053,-0.411
THR_29_A_CG2,51.419,-2.647,45.317,0.75,0.201,-0.63
THR_29_A_CG2,50.28,-2.856,48.587,0.146,0.087,0.985
THR_29_A_CG2,49.909,-2.828,48.596,-0.088,0.105,0.991
THR_29_A_CG2,49.741,-3.215,48.667,-0.216,0.368,0.904
THR_29_A_CG2,49.697,-2.309,48.567,0.015,0.009,1.0
THR_29_A_CG2,49.884,-1.854,48.475,0.142,0.317,0.938
THR_29_A_CG2,49.914,-1.417,48.233,0.162,0.612,0.774
THR_29_A_CG2,49.779,-1.081,47.886,0.071,0.839,0.539
THR_29_A_CG2,49.212,-1.115,45.766,-0.513,0.563,-0.648
THR_29_A_CG2,49.132,-0.764,46.058,-0.714,0.266,-0.647
THR_29_A_CG2,49.233,-0.33,46.047,-0.528,0.002,-0.849
THR_29_A_CG2,49.976,-0.761,47.366,0.062,0.829,0.555
THR_29_A_CG2,50.32,-0.698,47.104,0.321,0.876,0.359
THR_29_A_CG2,50.129,-0.436,46.777,0.63,0.707,0.321
THR_29_A_CG2,49.751,-0.117,46.859,0.497,0.424,0.757
THR_29_A_CG2,48.902,-1.539,45.55,-0.453,0.751,-0.48
THR_29_A_CG2,49.134,-1.608,45.303,-0.304,0.707,-0.639
THR_29_A_CG2,50.074,-2.566,48.597,-0.0,0.0,1.0
THR_29_A_CG2,50.497,-2.566,48.549,0.223,0.0,0.975
THR_29_A_CG2,50.285,-2.2,48.549,0.111,0.193,0.975
THR_29_A_CG2,50.614,-1.943,48.409,0.284,0.328,0.901
THR_29_A_CG2,50.191,-1.75,48.409,0.062,0.429,0.901
THR_29_A_CG2,50.527,-1.472,48.182,0.239,0.576,0.782
THR_29_A_CG2,50.533,-1.153,47.882,0.242,0.744,0.623
THR_29_A_CG2,50.074,-1.081,47.882,0.0,0.782,0.623
THR_29_A_CG2,50.422,-0.89,47.521,0.183,0.882,0.434
THR_29_A_CG2,50.863,-0.89,47.12,0.415,0.882,0.223
THR_29_A_CG2,51.786,-2.566,45.873,0.901,0.0,-0.434
THR_29_A_CG2,51.722,-2.104,45.873,0.868,0.243,-0.434
THR_29_A_CG2,49.201,-1.364,45.512,-0.46,0.633,-0.623
THR_29_A_H,46.967,-4.564,49.302,-0.228,0.166,0.959
THR_29_A_H,47.138,-5.609,48.821,0.249,-0.875,0.415
THR_29_A_H,48.016,-5.917,48.486,-0.378,-0.654,0.655
THR_29_A_H,47.598,-5.781,48.486,-0.079,-0.752,0.655
THR_29_A_H,47.532,-3.193,48.603,0.234,0.719,0.655
THR_29_A_H,47.969,-3.239,48.603,-0.079,0.752,0.655
THR_29_A_H,47.625,-2.907,48.342,0.167,0.514,0.841
THR_29_A_H,48.093,-2.907,48.342,-0.167,0.514,0.841
THR_29_A_H,48.354,-5.635,48.986,-0.378,-0.654,0.655
THR_29_A_H,48.674,-3.808,48.966,0.234,0.719,0.655
THR_29_A_H,48.767,-3.522,48.705,0.167,0.514,0.841
THR_29_A_H,48.411,-3.177,48.605,0.008,0.519,0.855
THR_29_A_H,47.957,-3.339,48.731,-0.07,0.823,0.564
THR_29_A_H,48.284,-5.708,48.884,-0.328,-0.602,0.728
THR_29_A_H,47.892,-5.584,48.868,-0.171,-0.804,0.569
THR_29_A_H,48.457,-5.187,49.403,-0.345,-0.358,0.868
THR_29_A_H,48.581,-4.731,49.512,-0.227,0.076,0.971
THR_29_A_H,48.739,-4.287,49.399,-0.076,0.499,0.863
THR_29_A_H,48.897,-3.95,49.088,0.074,0.82,0.568
THR_29_A_H,48.032,-5.285,49.227,-0.109,-0.623,0.775
THR_29_A_H,48.131,-4.85,49.445,-0.019,-0.226,0.974
THR_29_A_H,48.28,-4.377,49.442,0.116,0.206,0.972
THR_29_A_H,48.446,-3.966,49.22,0.268,0.581,0.768
THR_29_A_H,47.198,-4.119,49.337,-0.214,0.14,0.967
THR_29_A_H,47.398,-3.778,49.249,-0.019,0.473,0.881
THR_29_A_H,47.552,-3.492,49.008,0.132,0.752,0.646
THR_29_A_H,46.998,-3.571,49.212,0.267,0.325,0.907
THR_29_A_H,47.188,-3.208,48.836,0.479,0.73,0.488
THR_29_A_H,47.445,-5.449,49.002,0.008,-0.793,0.609
THR_29_A_H,47.354,-5.117,49.279,-0.081,-0.465,0.881
THR_29_A_H,47.198,-4.713,49.368,-0.236,-0.067,0.969
THR_29_A_H,47.031,-5.386,49.144,0.243,-0.58,0.777
THR_29_A_H,46.918,-5.051,49.31,0.108,-0.175,0.979
THR_29_A_H,46.762,-4.693,49.297,-0.081,0.258,0.963
THR_29_A_H,47.795,-4.491,49.517,-0.0,0.0,1.0
THR_29_A_H,48.0,-4.136,49.445,0.171,0.296,0.94
THR_29_A_H,47.59,-4.136,49.445,-0.171,0.296,0.94
THR_29_A_H,47.385,-4.491,49.445,-0.342,0.0,0.94
THR_29_A_H,47.59,-4.846,49.445,-0.171,-0.296,0.94
THR_29_A_H,47.905,-3.728,49.236,0.091,0.636,0.766
THR_29_A_HA,47.231,-5.806,45.371,-0.548,-0.726,-0.415
THR_29_A_HA,48.25,-5.194,44.681,-0.282,-0.0,-0.959
THR_29_A_HA,47.977,-4.819,44.681,-0.087,-0.268,-0.959
THR_29_A_HA,48.764,-7.22,46.4,-0.871,-0.471,0.142
THR_29_A_HA,48.483,-6.86,46.4,-0.67,-0.728,0.142
THR_29_A_HA,48.101,-6.61,46.4,-0.398,-0.906,0.142
THR_29_A_HA,48.478,-4.754,44.512,-0.437,-0.318,-0.841
THR_29_A_HA,49.712,-5.844,44.794,-0.167,-0.514,-0.841
THR_29_A_HA,49.245,-5.844,44.794,0.167,-0.514,-0.841
THR_29_A_HA,48.815,-7.037,45.874,-0.234,-0.719,-0.655
THR_29_A_HA,48.837,-6.819,45.538,-0.249,-0.875,-0.415
THR_29_A_HA,48.569,-7.016,46.001,-0.606,-0.747,-0.274
THR_29_A_HA,48.298,-6.803,45.824,-0.412,-0.899,-0.147
THR_29_A_HA,48.235,-6.738,46.174,-0.493,-0.815,0.304
THR_29_A_HA,48.532,-5.448,44.593,-0.225,-0.118,-0.967
THR_29_A_HA,48.889,-5.751,44.656,0.111,-0.403,-0.908
THR_29_A_HA,49.001,-6.33,44.965,0.132,-0.507,-0.852
THR_29_A_HA,48.783,-6.656,45.261,-0.077,-0.819,-0.569
THR_29_A_HA,47.424,-6.139,45.605,-0.689,-0.66,-0.3
THR_29_A_HA,47.496,-6.275,45.993,-0.627,-0.778,0.036
THR_29_A_HA,47.114,-6.023,45.927,-0.43,-0.874,-0.228
THR_29_A_HA,47.236,-6.102,46.334,-0.331,-0.938,0.102
THR_29_A_HA,47.952,-5.468,44.74,-0.26,-0.065,-0.963
THR_29_A_HA,47.726,-5.752,44.895,-0.47,-0.328,-0.819
THR_29_A_HA,47.536,-5.955,45.174,-0.647,-0.517,-0.56
THR_29_A_HA,47.464,-5.522,44.901,-0.283,-0.492,-0.823
THR_29_A_HA,47.217,-5.772,45.326,-0.539,-0.75,-0.383
THR_29_A_HA,47.671,-6.428,46.031,-0.696,-0.696,0.174
THR_29_A_HA,47.671,-6.428,45.615,-0.696,-0.696,-0.174
THR_29_A_HA,48.055,-6.684,45.615,-0.377,-0.91,-0.174
THR_29_A_HA,47.859,-6.405,45.223,-0.54,-0.677,-0.5
THR_29_A_HA,48.276,-6.605,45.223,-0.193,-0.844,-0.5
THR_29_A_HA,48.002,-6.175,44.904,-0.421,-0.486,-0.766
THR_29_A_HA,48.397,-6.355,44.904,-0.091,-0.636,-0.766
THR_29_A_HA,48.097,-5.592,44.695,-0.342,0.0,-0.94
THR_29_A_HA,48.302,-5.947,44.695,-0.171,-0.296,-0.94
THR_29_A_HA,48.712,-5.947,44.695,0.171,-0.296,-0.94
THR_29_A_HB,46.903,-1.991,46.126,-0.167,0.514,-0.841
THR_29_A_HB,47.282,-1.716,46.126,-0.437,0.318,-0.841
THR_29_A_HB,47.426,-1.271,46.126,-0.541,-0.0,-0.841
THR_29_A_HB,46.996,-2.277,45.865,-0.234,0.719,-0.655
THR_29_A_HB,47.377,-2.057,45.865,-0.506,0.562,-0.655
THR_29_A_HB,47.636,-1.701,45.865,-0.69,0.307,-0.655
THR_29_A_HB,47.018,-2.496,45.53,-0.249,0.875,-0.415
THR_29_A_HB,47.437,-2.287,45.53,-0.548,0.726,-0.415
THR_29_A_HB,47.82,-1.202,46.304,0.167,0.514,-0.841
THR_29_A_HB,48.288,-1.202,46.304,-0.167,0.514,-0.841
THR_29_A_HB,47.525,-1.398,46.043,0.378,0.654,-0.655
THR_29_A_HB,47.943,-1.534,46.043,0.079,0.752,-0.655
THR_29_A_HB,48.381,-1.488,46.043,-0.234,0.719,-0.655
THR_29_A_HB,47.936,-1.75,45.708,0.084,0.906,-0.415
THR_29_A_HB,48.402,-1.707,45.708,-0.249,0.875,-0.415
THR_29_A_HB,47.6,-3.517,44.412,0.0,-0.0,-1.0
THR_29_A_HB,47.994,-3.517,44.355,-0.282,-0.0,-0.959
THR_29_A_HB,49.255,-1.75,45.113,-0.234,0.719,-0.655
THR_29_A_HB,48.896,-1.904,44.978,0.022,0.829,-0.559
THR_29_A_HB,47.534,-2.529,44.866,-0.599,0.629,-0.496
THR_29_A_HB,47.657,-2.796,44.553,-0.485,0.382,-0.787
THR_29_A_HB,47.83,-3.15,44.383,-0.324,0.053,-0.945
THR_29_A_HB,47.222,-2.862,44.733,-0.288,0.671,-0.683
THR_29_A_HB,47.369,-3.169,44.494,-0.144,0.37,-0.918
THR_29_A_HB,47.551,-3.534,44.411,0.035,0.012,-0.999
THR_29_A_HB,46.802,-0.067,45.803,0.395,-0.523,-0.755
THR_29_A_HB,47.944,-1.953,45.276,-0.421,0.824,-0.379
THR_29_A_HB,48.309,-2.01,44.785,-0.193,0.844,-0.5
THR_29_A_HB,47.892,-2.21,44.785,-0.54,0.677,-0.5
THR_29_A_HB,48.43,-2.26,44.466,-0.091,0.636,-0.766
THR_29_A_HB,48.035,-2.44,44.466,-0.421,0.486,-0.766
THR_29_A_HB,48.13,-3.023,44.257,-0.342,0.0,-0.94
THR_29_A_HB,48.335,-2.668,44.257,-0.171,0.296,-0.94
THR_29_A_HG1,51.199,-3.079,44.729,0.672,0.613,-0.415
THR_29_A_HG1,50.414,-5.444,44.336,0.079,-0.752,-0.655
THR_29_A_HG1,52.216,-3.709,46.338,0.611,0.444,-0.655
THR_29_A_HG1,51.885,-3.548,46.003,0.848,0.329,-0.415
THR_29_A_HG1,52.131,-3.945,46.003,0.672,0.613,-0.415
THR_29_A_HG1,52.505,-4.227,46.003,0.405,0.814,-0.415
THR_29_A_HG1,51.706,-3.316,45.62,0.976,0.163,-0.142
THR_29_A_HG1,51.854,-3.747,45.62,0.871,0.471,-0.142
THR_29_A_HG1,52.134,-4.107,45.62,0.67,0.728,-0.142
THR_29_A_HG1,51.791,-5.785,45.105,0.167,-0.514,-0.841
THR_29_A_HG1,51.496,-5.589,44.844,0.378,-0.654,-0.655
THR_29_A_HG1,52.708,-4.501,45.815,0.541,-0.0,-0.841
THR_29_A_HG1,52.43,-4.721,45.554,0.739,0.157,-0.655
THR_29_A_HG1,52.609,-5.122,45.554,0.611,0.444,-0.655
THR_29_A_HG1,52.191,-4.501,45.219,0.91,-0.0,-0.415
THR_29_A_HG1,52.277,-4.961,45.219,0.848,0.329,-0.415
THR_29_A_HG1,52.225,-4.265,45.356,0.824,0.432,-0.367
THR_29_A_HG1,52.104,-4.43,44.957,0.972,-0.05,-0.229
THR_29_A_HG1,52.241,-5.406,45.029,0.523,-0.075,-0.849
THR_29_A_HG1,51.986,-5.673,45.052,0.027,-0.595,-0.804
THR_29_A_HG1,52.136,-5.017,44.92,0.832,0.032,-0.554
THR_29_A_HG1,51.895,-5.351,44.802,0.452,-0.497,-0.741
THR_29_A_HG1,51.89,-4.986,44.555,0.774,-0.375,-0.51
THR_29_A_HG1,51.51,-5.384,44.589,0.368,-0.801,-0.473
THR_29_A_HG1,51.032,-5.497,44.409,0.203,-0.764,-0.613
THR_29_A_HG1,51.218,-5.752,44.789,0.576,-0.538,-0.615
THR_29_A_HG1,51.74,-3.522,45.118,0.859,0.512,-0.026
THR_29_A_HG1,51.527,-3.324,44.827,0.672,0.685,-0.28
THR_29_A_HG1,51.55,-3.107,45.25,0.849,0.39,-0.357
THR_29_A_HG1,51.273,-2.949,44.97,0.62,0.52,-0.588
THR_29_A_HG1,51.281,-3.367,44.27,0.638,0.665,-0.39
THR_29_A_HG1,51.255,-3.66,43.933,0.617,0.431,-0.658
THR_29_A_HG1,51.158,-4.039,43.715,0.54,0.13,-0.831
THR_29_A_HG1,51.002,-4.453,43.644,0.416,-0.199,-0.887
THR_29_A_HG1,50.807,-4.846,43.731,0.261,-0.512,-0.818
THR_29_A_HG1,50.6,-5.168,43.964,0.096,-0.768,-0.633
THR_29_A_HG1,52.061,-4.374,44.671,0.985,0.0,-0.174
THR_29_A_HG1,51.971,-3.922,44.671,0.91,0.377,-0.174
THR_29_A_HG1,51.715,-3.538,44.671,0.696,0.696,-0.174
THR_29_A_HG1,51.527,-5.187,44.279,0.54,-0.677,-0.5
THR_29_A_HG1,51.815,-4.825,44.279,0.78,-0.376,-0.5
THR_29_A_HG1,51.918,-4.374,44.279,0.866,-0.0,-0.5
THR_29_A_HG1,51.815,-3.923,44.279,0.78,0.376,-0.5
THR_29_A_HG1,51.527,-3.561,44.279,0.54,0.677,-0.5
THR_29_A_HG1,51.65,-4.374,43.96,0.643,0.0,-0.766
THR_29_A_HG1,51.528,-3.957,43.96,0.541,0.348,-0.766
THR_29_A_HG1,51.199,-5.076,43.96,0.267,-0.585,-0.766
THR_29_A_HG1,51.528,-4.791,43.96,0.541,-0.348,-0.766
THR_29_A_HG1,51.289,-4.374,43.751,0.342,-0.0,-0.94
THR_29_A_HG21,50.902,-3.665,48.718,0.167,0.514,0.841
THR_29_A_HG21,51.37,-3.665,48.718,-0.167,0.514,0.841
THR_29_A_HG21,51.748,-3.39,48.718,-0.437,0.318,0.841
THR_29_A_HG21,51.014,-3.321,48.552,0.087,0.268,0.959
THR_29_A_HG21,51.455,-3.177,48.552,-0.228,0.166,0.959
THR_29_A_HG21,50.701,-3.179,48.559,0.087,0.268,0.959
THR_29_A_HG21,51.896,-2.309,48.632,-0.541,-0.0,0.841
THR_29_A_HG21,51.531,-2.741,48.502,-0.228,0.166,0.959
THR_29_A_HG21,50.755,-2.666,48.494,0.155,0.084,0.984
THR_29_A_HG22,49.525,-0.684,45.844,-0.437,0.318,-0.841
THR_29_A_HG22,49.621,-1.025,45.583,-0.506,0.562,-0.655
THR_29_A_HG22,49.929,-0.117,46.645,0.773,0.479,0.415
THR_29_A_HG22,50.244,-0.463,46.645,0.548,0.726,0.415
THR_29_A_HG22,50.663,-0.671,46.645,0.249,0.875,0.415
THR_29_A_HG22,50.279,-2.207,44.706,0.167,0.514,-0.841
THR_29_A_HG22,52.442,-1.349,47.367,-0.243,0.96,-0.142
THR_29_A_HG22,51.344,-1.166,46.968,0.541,0.829,0.142
THR_29_A_HG22,51.762,-1.349,46.968,0.243,0.96,0.142
THR_29_A_HG22,52.709,-1.623,47.157,0.228,0.166,-0.959
THR_29_A_HG22,51.994,-1.611,46.731,0.739,0.157,-0.655
THR_29_A_HG22,51.841,-1.851,46.395,0.848,0.329,-0.415
THR_29_A_HG22,51.662,-1.619,46.013,0.976,0.163,-0.142
THR_29_A_HG22,51.853,-1.528,46.562,0.84,0.098,-0.534
THR_29_A_HG22,51.464,-1.098,46.471,0.658,0.743,0.123
THR_29_A_HG22,51.641,-1.362,46.213,0.893,0.391,-0.221
THR_29_A_HG22,51.399,-2.08,45.388,0.746,0.014,-0.665
THR_29_A_HG22,51.66,-1.884,45.847,0.923,0.146,-0.355
THR_29_A_HG22,49.637,-1.286,45.328,-0.445,0.551,-0.706
THR_29_A_HG22,50.955,-0.861,46.833,0.447,0.839,0.312
THR_29_A_HG22,50.642,-1.846,44.907,0.218,0.182,-0.959
THR_29_A_HG22,50.977,-1.987,45.029,0.535,0.049,-0.843
THR_29_A_HG22,50.728,-2.243,44.816,0.449,0.362,-0.817
THR_29_A_HG22,51.0,-2.4,44.979,0.745,0.192,-0.639
THR_29_A_HG22,49.936,-1.512,45.039,-0.313,0.407,-0.858
THR_29_A_HG22,50.245,-1.673,44.917,-0.056,0.273,-0.96
THR_29_A_HG22,49.908,-1.852,44.859,-0.059,0.532,-0.845
THR_29_A_HG22,50.241,-2.036,44.787,0.194,0.392,-0.899
THR_29_A_HG22,50.653,-0.539,46.348,0.432,0.865,0.253
THR_29_A_HG22,50.634,-0.532,45.904,0.411,0.873,-0.263
THR_29_A_HG22,50.36,-0.636,45.57,0.092,0.753,-0.652
THR_29_A_HG22,49.955,-0.802,45.496,-0.379,0.559,-0.737
THR_29_A_HG22,50.336,-0.286,46.041,0.666,0.711,-0.226
THR_29_A_HG22,50.092,-0.379,45.742,0.166,0.522,-0.837
THR_29_A_HG22,49.727,-0.532,45.767,-0.581,0.209,-0.786
THR_29_A_HG22,50.105,0.038,46.157,0.873,0.488,-0.03
THR_29_A_HG22,49.835,-0.064,45.828,0.097,0.195,-0.976
THR_29_A_HG22,51.305,-0.898,46.324,0.696,0.696,0.174
THR_29_A_HG22,50.921,-0.642,46.324,0.377,0.91,0.174
THR_29_A_HG22,51.561,-1.282,45.908,0.91,0.377,-0.174
THR_29_A_HG22,51.305,-0.898,45.908,0.696,0.696,-0.174
THR_29_A_HG22,50.921,-0.642,45.908,0.377,0.91,-0.174
THR_29_A_HG22,51.508,-1.734,45.516,0.866,-0.0,-0.5
THR_29_A_HG22,51.405,-1.283,45.516,0.78,0.376,-0.5
THR_29_A_HG22,51.117,-0.921,45.516,0.54,0.677,-0.5
THR_29_A_HG22,50.7,-0.721,45.516,0.193,0.844,-0.5
THR_29_A_HG22,51.24,-1.734,45.197,0.643,0.0,-0.766
THR_29_A_HG22,51.118,-1.317,45.197,0.541,0.348,-0.766
THR_29_A_HG22,50.789,-1.032,45.197,0.267,0.585,-0.766
THR_29_A_HG22,50.359,-0.971,45.197,-0.091,0.636,-0.766
THR_29_A_HG22,49.964,-1.151,45.197,-0.421,0.486,-0.766
THR_29_A_HG22,50.879,-1.734,44.988,0.342,-0.0,-0.94
THR_29_A_HG22,50.674,-1.379,44.988,0.171,0.296,-0.94
THR_29_A_HG22,50.264,-1.379,44.988,-0.171,0.296,-0.94
THR_29_A_HG23,47.227,-2.288,47.5,-0.084,0.906,0.415
THR_29_A_HG23,47.677,-2.16,47.5,-0.405,0.814,0.415
THR_29_A_HG23,48.051,-1.878,47.5,-0.672,0.613,0.415
THR_29_A_HG23,48.297,-1.48,47.5,-0.848,0.329,0.415
THR_29_A_HG23,47.22,-2.073,47.165,-0.079,0.752,0.655
THR_29_A_HG23,47.639,-1.937,47.165,-0.378,0.654,0.655
THR_29_A_HG23,47.966,-1.642,47.165,-0.611,0.444,0.655
THR_29_A_HG23,48.144,-1.24,47.165,-0.739,0.157,0.655
THR_29_A_HG23,47.866,-1.02,46.904,-0.541,-0.0,0.841
THR_29_A_HG23,46.876,-1.74,46.904,0.167,0.514,0.841
THR_29_A_HG23,47.343,-1.74,46.904,-0.167,0.514,0.841
THR_29_A_HG23,47.722,-1.465,46.904,-0.437,0.318,0.841
THR_29_A_HG23,47.429,-1.252,46.738,-0.228,0.166,0.959
THR_29_A_HG23,48.616,-2.187,48.342,-0.541,-0.0,0.841
THR_29_A_HG23,48.471,-2.632,48.342,-0.437,0.318,0.841
THR_29_A_HG23,47.737,-2.562,48.176,0.087,0.268,0.959
THR_29_A_HG23,48.178,-2.419,48.176,-0.228,0.166,0.959
THR_29_A_HG23,48.445,-1.046,47.302,-0.378,0.654,0.655
THR_29_A_HG23,48.772,-0.751,47.302,-0.611,0.444,0.655
THR_29_A_HG23,48.673,-0.129,47.041,-0.541,-0.0,0.841
THR_29_A_HG23,48.528,-0.574,47.041,-0.437,0.318,0.841
THR_29_A_HG23,48.235,-0.361,46.875,-0.228,0.166,0.959
THR_29_A_HG23,48.235,0.102,46.875,-0.228,-0.166,0.959
THR_29_A_HG23,48.879,-3.177,48.54,0.087,0.268,0.959
THR_29_A_HG23,49.32,-3.034,48.54,-0.228,0.166,0.959
THR_29_A_HG23,49.139,-0.426,47.161,0.167,0.514,0.841
THR_29_A_HG23,49.406,-0.416,47.089,0.167,0.514,0.841
THR_29_A_HG23,49.003,-0.994,47.721,-0.274,0.786,0.554
THR_29_A_HG23,49.063,-0.684,47.386,0.221,0.698,0.681
THR_29_A_HG23,48.838,-2.467,48.464,-0.297,0.012,0.955
THR_29_A_HG23,48.437,-2.748,48.375,-0.413,0.401,0.818
THR_29_A_HG23,46.909,0.058,47.156,0.369,-0.486,0.792
THR_29_A_HG23,48.423,-1.358,47.612,-0.712,0.525,0.466
THR_29_A_HG23,48.442,-2.08,48.217,-0.544,0.223,0.809
THR_29_A_HG23,48.301,-1.86,47.965,-0.711,0.483,0.511
THR_29_A_HG23,47.98,-2.121,47.851,-0.601,0.75,0.276
THR_29_A_HG23,47.716,-2.401,48.084,-0.161,0.698,0.698
THR_29_A_HG23,49.359,-2.13,48.597,-0.0,0.0,1.0
THR_29_A_HG23,49.564,-1.775,48.525,0.171,0.296,0.94
THR_29_A_HG23,49.154,-1.775,48.525,-0.171,0.296,0.94
THR_29_A_HG23,48.949,-2.13,48.525,-0.342,0.0,0.94
THR_29_A_HG23,49.469,-1.367,48.316,0.091,0.636,0.766
THR_29_A_HG23,49.039,-1.428,48.316,-0.267,0.585,0.766
THR_29_A_HG23,48.71,-1.713,48.316,-0.541,0.348,0.766
THR_29_A_HG23,49.59,-1.117,47.997,0.193,0.844,0.5
THR_29_A_HG23,49.128,-1.117,47.997,-0.193,0.844,0.5
THR_29_A_HG23,48.711,-1.317,47.997,-0.54,0.677,0.5
THR_29_A_HG23,48.423,-1.679,47.997,-0.78,0.376,0.5
LEU_30_A_CA,52.768,-7.664,49.24,0.541,-0.0,0.841
LEU_30_A_CA,53.13,-7.664,49.074,0.282,-0.0,0.959
LEU_30_A_CA,53.403,-8.039,49.074,0.087,0.268,0.959
LEU_30_A_CA,53.403,-7.289,49.074,0.087,-0.268,0.959
LEU_30_A_O,52.122,-7.355,45.481,-0.087,-0.268,-0.959
LEU_30_A_O,52.612,-7.285,45.315,-0.437,-0.318,-0.841
LEU_30_A_O,52.419,-6.505,45.271,-0.282,-0.0,-0.959
LEU_30_A_O,52.146,-6.13,45.271,-0.087,-0.268,-0.959
LEU_30_A_O,52.852,-4.945,45.815,0.437,0.318,-0.841
LEU_30_A_O,53.231,-5.22,45.815,0.167,0.514,-0.841
LEU_30_A_O,53.699,-5.22,45.815,-0.167,0.514,-0.841
LEU_30_A_O,52.936,-5.417,45.554,0.378,0.654,-0.655
LEU_30_A_O,53.354,-5.553,45.554,0.079,0.752,-0.655
LEU_30_A_O,53.335,-7.978,45.485,-0.167,-0.514,-0.841
LEU_30_A_O,53.809,-7.911,45.225,-0.506,-0.562,-0.655
LEU_30_A_O,54.061,-5.553,45.595,0.167,0.514,-0.841
LEU_30_A_O,54.528,-5.553,45.595,-0.167,0.514,-0.841
LEU_30_A_O,54.184,-5.886,45.334,0.079,0.752,-0.655
LEU_30_A_O,53.915,-5.351,45.697,-0.029,0.5,-0.866
LEU_30_A_O,53.959,-5.687,45.475,0.239,0.609,-0.756
LEU_30_A_O,54.031,-6.371,44.764,-0.355,0.626,-0.695
LEU_30_A_O,53.811,-6.809,44.659,-0.57,0.199,-0.797
LEU_30_A_O,53.744,-7.299,44.738,-0.635,-0.28,-0.72
LEU_30_A_O,53.848,-7.724,44.982,-0.533,-0.695,-0.482
LEU_30_A_O,53.898,-6.016,45.131,0.053,0.697,-0.715
LEU_30_A_O,53.636,-6.311,44.936,-0.165,0.452,-0.877
LEU_30_A_O,53.455,-6.705,44.86,-0.316,0.124,-0.941
LEU_30_A_O,53.382,-7.135,44.913,-0.377,-0.234,-0.896
LEU_30_A_O,53.429,-7.536,45.088,-0.337,-0.568,-0.751
LEU_30_A_O,52.918,-7.606,45.303,-0.258,-0.445,-0.858
LEU_30_A_O,52.891,-8.049,45.531,0.15,-0.463,-0.873
LEU_30_A_O,53.265,-5.744,45.323,0.079,0.671,-0.737
LEU_30_A_O,53.091,-6.051,45.127,-0.084,0.385,-0.919
LEU_30_A_O,52.826,-6.355,45.106,-0.33,0.102,-0.938
LEU_30_A_O,52.789,-5.854,45.185,0.132,0.245,-0.96
LEU_30_A_O,52.473,-6.184,45.214,-0.32,-0.229,-0.919
LEU_30_A_O,52.589,-5.485,45.236,0.508,0.367,-0.779
LEU_30_A_O,52.376,-5.782,45.131,0.109,-0.189,-0.976
LEU_30_A_O,52.579,-6.927,45.213,-0.399,-0.147,-0.905
LEU_30_A_O,52.17,-7.13,45.391,-0.121,-0.428,-0.895
LEU_30_A_O,53.618,-5.709,45.372,0.079,0.752,-0.655
LEU_30_A_O,52.895,-7.206,45.111,-0.437,-0.318,-0.841
LEU_30_A_O,53.113,-6.761,44.946,-0.282,0.0,-0.959
LEU_30_A_CG,49.39,-9.425,49.681,-0.73,-0.209,0.65
LEU_30_A_CG,49.252,-9.844,49.445,-0.726,-0.048,0.685
LEU_30_A_CG,48.981,-9.935,49.193,-0.651,0.206,0.73
LEU_30_A_CD1,50.825,-12.04,48.068,-0.082,-0.986,0.142
LEU_30_A_CD1,50.828,-12.153,47.686,-0.084,-0.906,0.415
LEU_30_A_CD1,49.927,-11.949,48.499,-0.084,-0.906,0.415
LEU_30_A_CD1,50.429,-9.945,45.698,0.107,0.038,-0.993
LEU_30_A_CD1,50.725,-10.245,45.776,0.294,-0.151,-0.944
LEU_30_A_CD1,50.343,-12.052,48.189,0.098,-0.974,0.203
LEU_30_A_CD1,50.091,-11.996,48.416,-0.046,-0.942,0.333
LEU_30_A_CD1,48.744,-9.229,48.632,-0.801,0.409,0.437
LEU_30_A_CD1,48.845,-8.85,48.226,-0.735,0.655,0.174
LEU_30_A_CD1,48.717,-8.806,47.734,-0.767,0.623,0.152
LEU_30_A_CD1,48.982,-8.48,47.922,-0.833,0.39,0.392
LEU_30_A_CD1,49.005,-8.114,47.677,-0.973,0.129,0.193
LEU_30_A_CD1,49.821,-9.943,45.616,0.142,0.019,-0.99
LEU_30_A_CD1,49.435,-10.219,45.633,-0.119,-0.168,-0.979
LEU_30_A_CD1,49.008,-10.359,45.787,-0.408,-0.263,-0.874
LEU_30_A_CD1,48.614,-10.34,46.053,-0.675,-0.25,-0.695
LEU_30_A_CD1,48.321,-10.163,46.383,-0.872,-0.131,-0.471
LEU_30_A_CD1,48.181,-9.861,46.722,-0.968,0.074,-0.242
LEU_30_A_CD1,48.217,-9.484,47.01,-0.943,0.329,-0.047
LEU_30_A_CD1,48.423,-9.099,47.198,-0.804,0.589,0.08
LEU_30_A_CD1,48.479,-9.929,48.765,-0.647,0.435,0.627
LEU_30_A_CD1,48.213,-9.954,48.395,-0.827,0.418,0.376
LEU_30_A_CD1,48.033,-10.139,48.019,-0.948,0.293,0.122
LEU_30_A_CD1,47.969,-10.454,47.696,-0.992,0.08,-0.097
LEU_30_A_CD1,48.029,-10.851,47.478,-0.951,-0.188,-0.244
LEU_30_A_CD1,48.205,-11.264,47.399,-0.832,-0.468,-0.297
LEU_30_A_CD1,48.468,-11.629,47.473,-0.654,-0.715,-0.247
LEU_30_A_CD1,48.777,-11.888,47.687,-0.445,-0.89,-0.102
LEU_30_A_CD1,49.083,-11.998,48.008,-0.239,-0.964,0.115
LEU_30_A_CD1,49.336,-11.943,48.384,-0.067,-0.927,0.369
LEU_30_A_CD1,48.551,-9.24,48.327,-0.699,0.569,0.434
LEU_30_A_CD1,48.309,-9.638,48.327,-0.826,0.359,0.434
LEU_30_A_CD1,49.762,-12.028,48.327,-0.061,-0.899,0.434
LEU_30_A_CD1,49.307,-12.082,47.926,-0.301,-0.927,0.223
LEU_30_A_CD1,49.763,-12.169,47.926,-0.061,-0.973,0.223
LEU_30_A_CD1,50.226,-12.14,47.926,0.183,-0.958,0.223
LEU_30_A_CD1,48.529,-9.052,47.926,-0.711,0.667,0.223
LEU_30_A_CD1,48.256,-9.428,47.926,-0.854,0.47,0.223
LEU_30_A_CD1,48.085,-9.859,47.926,-0.944,0.242,0.223
LEU_30_A_CD1,48.457,-9.06,47.503,-0.749,0.663,0.0
LEU_30_A_CD1,48.197,-9.437,47.503,-0.885,0.465,0.0
LEU_30_A_CD1,48.034,-9.865,47.503,-0.971,0.239,0.0
LEU_30_A_CD1,47.979,-10.32,47.503,-1.0,0.0,0.0
LEU_30_A_CD1,49.205,-12.097,47.503,-0.355,-0.935,0.0
LEU_30_A_CD1,49.65,-12.206,47.503,-0.121,-0.993,0.0
LEU_30_A_CD1,48.027,-10.32,47.08,-0.975,0.0,-0.223
LEU_30_A_CD1,48.085,-10.781,47.08,-0.944,-0.242,-0.223
LEU_30_A_CD1,48.256,-11.212,47.08,-0.854,-0.47,-0.223
LEU_30_A_CD1,48.529,-11.588,47.08,-0.711,-0.667,-0.223
LEU_30_A_CD1,48.886,-11.884,47.08,-0.522,-0.823,-0.223
LEU_30_A_CD1,49.307,-12.082,47.08,-0.301,-0.927,-0.223
LEU_30_A_CD1,48.085,-9.859,47.08,-0.944,0.242,-0.223
LEU_30_A_CD1,48.183,-10.553,46.679,-0.893,-0.123,-0.434
LEU_30_A_CD1,48.309,-11.002,46.679,-0.826,-0.359,-0.434
LEU_30_A_CD1,48.551,-11.4,46.679,-0.699,-0.569,-0.434
LEU_30_A_CD1,48.892,-11.719,46.679,-0.52,-0.736,-0.434
LEU_30_A_CD1,49.306,-11.933,46.679,-0.302,-0.849,-0.434
LEU_30_A_CD1,48.466,-10.779,46.318,-0.744,-0.242,-0.623
LEU_30_A_CD1,48.677,-11.193,46.318,-0.633,-0.46,-0.623
LEU_30_A_CD1,49.006,-11.522,46.318,-0.46,-0.633,-0.623
LEU_30_A_CD1,49.42,-11.733,46.318,-0.242,-0.744,-0.623
LEU_30_A_CD1,48.785,-10.773,46.018,-0.576,-0.239,-0.782
LEU_30_A_CD1,49.041,-11.158,46.018,-0.441,-0.441,-0.782
LEU_30_A_CD1,49.426,-11.414,46.018,-0.239,-0.576,-0.782
LEU_30_A_CD1,49.185,-10.766,45.791,-0.365,-0.235,-0.901
LEU_30_A_CD1,49.537,-11.07,45.791,-0.18,-0.395,-0.901
LEU_30_A_CD1,50.67,-10.552,45.791,0.416,-0.122,-0.901
LEU_30_A_CD1,50.302,-10.32,45.651,0.223,0.0,-0.975
LEU_30_A_CD1,50.09,-9.954,45.651,0.111,0.193,-0.975
LEU_30_A_CD1,49.668,-10.686,45.651,-0.111,-0.193,-0.975
LEU_30_A_CD1,50.09,-10.686,45.651,0.111,-0.193,-0.975
LEU_30_A_CD2,51.051,-12.077,48.467,-0.243,-0.96,-0.142
LEU_30_A_CD2,51.267,-12.152,48.068,-0.398,-0.906,0.142
LEU_30_A_CD2,53.522,-12.3,48.86,0.689,0.328,0.646
LEU_30_A_CD2,53.206,-12.134,49.093,0.469,-0.324,0.822
LEU_30_A_CD2,53.211,-11.681,49.21,0.911,-0.115,0.395
LEU_30_A_CD2,52.715,-11.907,49.674,0.531,-0.753,0.389
LEU_30_A_CD2,53.075,-11.547,49.611,0.817,-0.466,0.339
LEU_30_A_CD2,51.861,-12.524,48.185,-0.486,-0.792,0.37
LEU_30_A_CD2,51.923,-12.368,48.642,-0.119,-0.949,0.291
LEU_30_A_CD2,51.324,-12.219,48.713,-0.282,-0.947,-0.157
LEU_30_A_CD2,51.596,-12.291,48.917,-0.099,-0.995,-0.02
LEU_30_A_CD2,53.379,-10.247,48.838,0.99,-0.087,-0.108
LEU_30_A_CD2,53.376,-9.901,49.142,0.988,0.131,0.083
LEU_30_A_CD2,50.634,-12.114,49.496,-0.34,-0.93,-0.137
LEU_30_A_CD2,50.971,-12.204,49.811,-0.112,-0.991,0.077
LEU_30_A_CD2,51.233,-12.129,50.193,0.065,-0.94,0.335
LEU_30_A_CD2,51.375,-11.902,50.579,0.161,-0.787,0.596
LEU_30_A_CD2,51.375,-11.562,50.903,0.161,-0.557,0.815
LEU_30_A_CD2,51.232,-11.166,51.11,0.064,-0.289,0.955
LEU_30_A_CD2,50.969,-10.78,51.166,-0.113,-0.028,0.993
LEU_30_A_CD2,50.633,-10.47,51.061,-0.341,0.182,0.922
LEU_30_A_CD2,50.278,-10.288,50.813,-0.581,0.305,0.755
LEU_30_A_CD2,49.965,-10.265,50.464,-0.793,0.321,0.518
LEU_30_A_CD2,49.979,-9.689,50.251,-0.744,0.156,0.65
LEU_30_A_CD2,50.252,-9.423,50.415,-0.567,0.328,0.756
LEU_30_A_CD2,50.565,-9.153,50.459,-0.365,0.502,0.784
LEU_30_A_CD2,50.887,-8.904,50.378,-0.156,0.663,0.732
LEU_30_A_CD2,50.818,-12.081,48.722,-0.242,-0.954,-0.177
LEU_30_A_CD2,50.566,-12.024,48.95,-0.385,-0.922,-0.048
LEU_30_A_CD2,50.221,-11.913,48.784,-0.294,-0.932,0.212
LEU_30_A_CD2,51.536,-10.419,51.262,-0.0,0.0,1.0
LEU_30_A_CD2,51.959,-10.419,51.214,0.223,0.0,0.975
LEU_30_A_CD2,51.325,-10.053,51.214,-0.111,0.193,0.975
LEU_30_A_CD2,51.113,-10.419,51.214,-0.223,0.0,0.975
LEU_30_A_CD2,51.325,-10.785,51.214,-0.111,-0.193,0.975
LEU_30_A_CD2,51.747,-10.785,51.214,0.111,-0.193,0.975
LEU_30_A_CD2,51.653,-11.235,51.074,0.062,-0.429,0.901
LEU_30_A_CD2,52.076,-11.042,51.074,0.284,-0.328,0.901
LEU_30_A_CD2,51.194,-9.669,51.074,-0.18,0.395,0.901
LEU_30_A_CD2,50.842,-9.973,51.074,-0.365,0.235,0.901
LEU_30_A_CD2,51.083,-9.325,50.847,-0.239,0.576,0.782
LEU_30_A_CD2,50.698,-9.581,50.847,-0.441,0.441,0.782
LEU_30_A_CD2,50.442,-9.966,50.847,-0.576,0.239,0.782
LEU_30_A_CD2,51.989,-11.513,50.847,0.239,-0.576,0.782
LEU_30_A_CD2,52.374,-11.257,50.847,0.441,-0.441,0.782
LEU_30_A_CD2,52.63,-10.872,50.847,0.576,-0.239,0.782
LEU_30_A_CD2,51.995,-11.832,50.547,0.242,-0.744,0.623
LEU_30_A_CD2,52.409,-11.621,50.547,0.46,-0.633,0.623
LEU_30_A_CD2,52.738,-11.292,50.547,0.633,-0.46,0.623
LEU_30_A_CD2,52.949,-10.878,50.547,0.744,-0.242,0.623
LEU_30_A_CD2,51.077,-9.006,50.547,-0.242,0.744,0.623
LEU_30_A_CD2,50.123,-9.96,50.547,-0.744,0.242,0.623
LEU_30_A_CD2,51.884,-12.095,50.186,0.183,-0.882,0.434
LEU_30_A_CD2,52.324,-11.939,50.186,0.415,-0.8,0.434
LEU_30_A_CD2,52.704,-11.67,50.186,0.615,-0.658,0.434
LEU_30_A_CD2,52.999,-11.308,50.186,0.77,-0.468,0.434
LEU_30_A_CD2,53.184,-10.881,50.186,0.868,-0.243,0.434
LEU_30_A_CD2,51.42,-12.268,49.785,-0.061,-0.973,0.223
LEU_30_A_CD2,51.883,-12.239,49.785,0.183,-0.958,0.223
LEU_30_A_CD2,52.325,-12.095,49.785,0.415,-0.882,0.223
LEU_30_A_CD2,53.258,-11.101,49.785,0.906,-0.359,0.223
LEU_30_A_CD2,53.374,-10.651,49.785,0.967,-0.122,0.223
LEU_30_A_CD2,53.436,-10.419,49.362,1.0,0.0,0.0
LEU_30_A_CD2,53.381,-9.964,49.362,0.971,0.239,0.0
LEU_30_A_CD2,50.862,-12.196,49.362,-0.355,-0.935,0.0
LEU_30_A_CD2,51.307,-12.305,49.362,-0.121,-0.993,0.0
LEU_30_A_CD2,51.765,-12.305,49.362,0.121,-0.993,0.0
LEU_30_A_CD2,53.381,-10.874,49.362,0.971,-0.239,0.0
LEU_30_A_CD2,50.964,-12.181,48.939,-0.301,-0.927,-0.223
LEU_30_A_H,49.873,-6.564,44.959,-0.282,-0.0,-0.959
LEU_30_A_H,49.6,-6.189,44.959,-0.087,-0.268,-0.959
LEU_30_A_H,49.101,-7.599,46.135,-0.437,-0.318,-0.841
LEU_30_A_H,49.455,-7.613,45.874,-0.69,-0.307,-0.655
LEU_30_A_H,49.196,-7.257,45.874,-0.506,-0.562,-0.655
LEU_30_A_H,50.151,-8.372,45.751,-0.087,-0.268,-0.959
LEU_30_A_H,50.263,-8.028,45.586,-0.167,-0.514,-0.841
LEU_30_A_H,50.525,-6.496,44.82,0.0,-0.0,-1.0
LEU_30_A_H,51.681,-7.498,45.481,0.228,-0.166,-0.959
LEU_30_A_H,51.387,-7.285,45.315,0.437,-0.318,-0.841
LEU_30_A_H,52.025,-6.505,45.327,0.0,-0.0,-1.0
LEU_30_A_H,51.705,-6.273,45.271,0.228,-0.166,-0.959
LEU_30_A_H,51.268,-6.505,45.105,0.541,-0.0,-0.841
LEU_30_A_H,51.412,-6.06,45.105,0.437,-0.318,-0.841
LEU_30_A_H,51.762,-6.895,45.301,0.184,-0.17,-0.968
LEU_30_A_H,51.361,-7.161,45.246,0.456,-0.407,-0.791
LEU_30_A_H,50.894,-6.109,44.805,0.301,-0.326,-0.896
LEU_30_A_H,51.168,-6.451,45.034,0.612,-0.039,-0.79
LEU_30_A_H,51.042,-7.509,45.203,0.341,-0.367,-0.866
LEU_30_A_H,50.612,-7.731,45.262,-0.08,-0.584,-0.808
LEU_30_A_H,50.243,-6.449,44.833,-0.179,-0.079,-0.981
LEU_30_A_H,50.009,-6.039,44.8,-0.379,-0.375,-0.846
LEU_30_A_H,49.716,-7.572,45.519,-0.65,-0.469,-0.598
LEU_30_A_H,50.04,-7.72,45.404,-0.316,-0.622,-0.717
LEU_30_A_H,50.096,-8.061,45.626,-0.047,-0.49,-0.87
LEU_30_A_H,49.704,-8.282,45.786,-0.372,-0.095,-0.923
LEU_30_A_H,49.725,-6.753,45.033,-0.385,-0.204,-0.9
LEU_30_A_H,49.506,-7.079,45.328,-0.594,-0.516,-0.617
LEU_30_A_H,49.262,-6.686,45.174,-0.25,-0.553,-0.795
LEU_30_A_H,49.092,-6.919,45.532,-0.432,-0.803,-0.411
LEU_30_A_H,49.978,-7.331,45.088,-0.421,-0.486,-0.766
LEU_30_A_H,50.373,-7.511,45.088,-0.091,-0.636,-0.766
LEU_30_A_H,51.132,-7.165,45.088,0.541,-0.348,-0.766
LEU_30_A_H,50.073,-6.748,44.879,-0.342,0.0,-0.94
LEU_30_A_H,50.278,-7.103,44.879,-0.171,-0.296,-0.94
LEU_30_A_H,50.688,-7.103,44.879,0.171,-0.296,-0.94
LEU_30_A_H,50.893,-6.748,44.879,0.342,-0.0,-0.94
LEU_30_A_HA,51.124,-6.077,49.742,0.087,0.268,0.959
LEU_30_A_HA,51.565,-5.934,49.742,-0.228,0.166,0.959
LEU_30_A_HA,50.531,-6.992,49.61,-0.541,-0.0,0.841
LEU_30_A_HA,50.387,-6.548,49.61,-0.437,-0.318,0.841
LEU_30_A_HA,50.387,-7.437,49.61,-0.437,0.318,0.841
LEU_30_A_HA,50.093,-7.224,49.444,-0.228,0.166,0.959
LEU_30_A_HA,50.093,-6.761,49.444,-0.228,-0.166,0.959
LEU_30_A_HA,51.283,-7.999,49.897,-0.228,0.166,0.959
LEU_30_A_HA,52.319,-7.997,49.671,0.69,0.307,0.655
LEU_30_A_HA,52.529,-7.567,49.41,0.541,-0.0,0.841
LEU_30_A_HA,51.58,-7.986,49.945,-0.228,0.166,0.959
LEU_30_A_HA,51.922,-7.776,49.894,0.307,0.176,0.935
LEU_30_A_HA,52.239,-7.789,49.685,0.747,0.159,0.645
LEU_30_A_HA,51.662,-7.44,49.936,0.103,-0.122,0.987
LEU_30_A_HA,52.094,-7.4,49.786,0.546,-0.081,0.834
LEU_30_A_HA,52.298,-6.853,49.726,0.559,-0.165,0.813
LEU_30_A_HA,51.986,-6.629,49.887,0.27,0.042,0.962
LEU_30_A_HA,51.655,-6.376,49.885,-0.037,0.277,0.96
LEU_30_A_HA,50.86,-7.319,49.829,-0.369,-0.023,0.929
LEU_30_A_HA,50.412,-7.529,49.662,-0.455,0.383,0.804
LEU_30_A_HA,50.733,-6.668,49.763,-0.445,-0.012,0.895
LEU_30_A_HA,51.06,-6.381,49.829,-0.141,0.254,0.957
LEU_30_A_HA,50.622,-6.204,49.762,-0.103,-0.11,0.989
LEU_30_A_HA,50.946,-5.927,49.736,0.214,0.161,0.963
LEU_30_A_HA,51.476,-6.961,50.022,-0.0,0.0,1.0
LEU_30_A_HA,51.886,-6.961,49.95,0.342,0.0,0.94
LEU_30_A_HA,51.271,-6.606,49.95,-0.171,0.296,0.94
LEU_30_A_HA,51.066,-6.961,49.95,-0.342,0.0,0.94
LEU_30_A_HA,51.271,-7.316,49.95,-0.171,-0.296,0.94
LEU_30_A_HA,52.216,-7.178,49.741,0.617,-0.181,0.766
LEU_30_A_HB2,50.424,-8.747,45.751,-0.282,-0.0,-0.959
LEU_30_A_HB2,50.786,-8.747,45.586,-0.541,-0.0,-0.841
LEU_30_A_HB2,50.642,-8.303,45.586,-0.437,-0.318,-0.841
LEU_30_A_HB2,51.426,-10.692,46.012,0.0,-0.0,-1.0
LEU_30_A_HB2,51.82,-10.692,45.955,-0.282,-0.0,-0.959
LEU_30_A_HB2,51.547,-10.316,45.955,-0.087,-0.268,-0.959
LEU_30_A_HB2,51.107,-10.46,45.955,0.228,-0.166,-0.959
LEU_30_A_HB2,51.66,-9.972,45.789,-0.167,-0.514,-0.841
LEU_30_A_HB2,52.0,-7.73,45.538,0.0,-0.0,-1.0
LEU_30_A_HB2,51.681,-7.962,45.481,0.228,0.166,-0.959
LEU_30_A_HB2,52.954,-10.117,45.991,0.0,-0.0,-1.0
LEU_30_A_HB2,53.349,-10.117,45.934,-0.282,-0.0,-0.959
LEU_30_A_HB2,53.076,-9.742,45.934,-0.087,-0.268,-0.959
LEU_30_A_HB2,52.635,-9.885,45.934,0.228,-0.166,-0.959
LEU_30_A_HB2,52.635,-10.349,45.934,0.228,0.166,-0.959
LEU_30_A_HB2,52.342,-9.672,45.769,0.437,-0.318,-0.841
LEU_30_A_HB2,53.293,-8.429,45.694,-0.087,-0.268,-0.959
LEU_30_A_HB2,52.852,-8.573,45.694,0.228,-0.166,-0.959
LEU_30_A_HB2,53.395,-9.358,46.0,0.0,-0.0,-1.0
LEU_30_A_HB2,53.79,-9.358,45.943,-0.282,-0.0,-0.959
LEU_30_A_HB2,53.517,-8.983,45.943,-0.087,-0.268,-0.959
LEU_30_A_HB2,53.076,-9.126,45.943,0.228,-0.166,-0.959
LEU_30_A_HB2,53.076,-9.59,45.943,0.228,0.166,-0.959
LEU_30_A_HB2,53.517,-9.733,45.943,-0.087,0.268,-0.959
LEU_30_A_HB2,54.008,-8.913,45.777,-0.437,-0.318,-0.841
LEU_30_A_HB2,53.629,-8.638,45.777,-0.167,-0.514,-0.841
LEU_30_A_HB2,53.161,-8.638,45.777,0.167,-0.514,-0.841
LEU_30_A_HB2,52.783,-8.913,45.777,0.437,-0.318,-0.841
LEU_30_A_HB2,52.577,-8.977,45.67,0.585,-0.272,-0.764
LEU_30_A_HB2,52.016,-10.443,45.857,-0.422,-0.177,-0.889
LEU_30_A_HB2,52.064,-10.026,45.758,0.082,-0.254,-0.964
LEU_30_A_HB2,51.646,-9.829,45.692,-0.157,-0.616,-0.772
LEU_30_A_HB2,52.417,-8.142,45.492,0.099,-0.062,-0.993
LEU_30_A_HB2,52.406,-8.631,45.521,0.497,-0.047,-0.867
LEU_30_A_HB2,51.465,-8.286,45.366,0.038,0.188,-0.981
LEU_30_A_HB2,51.035,-8.508,45.425,-0.382,-0.029,-0.924
LEU_30_A_HB2,51.039,-7.999,45.356,-0.022,-0.216,-0.976
LEU_30_A_HB2,50.658,-8.173,45.519,-0.449,-0.411,-0.794
LEU_30_A_HB2,51.016,-9.446,45.56,-0.312,-0.318,-0.895
LEU_30_A_HB2,51.269,-9.703,45.628,-0.095,-0.538,-0.838
LEU_30_A_HB2,50.857,-9.827,45.705,-0.004,-0.257,-0.966
LEU_30_A_HB2,51.128,-10.065,45.828,0.213,-0.447,-0.869
LEU_30_A_HB2,50.781,-9.076,45.579,-0.436,-0.059,-0.898
LEU_30_A_HB2,50.442,-9.396,45.703,-0.084,-0.128,-0.988
LEU_30_A_HB2,51.526,-9.627,45.53,-0.091,-0.636,-0.766
LEU_30_A_HB2,52.285,-9.281,45.53,0.541,-0.348,-0.766
LEU_30_A_HB2,51.226,-8.864,45.321,-0.342,0.0,-0.94
LEU_30_A_HB2,51.431,-9.219,45.321,-0.171,-0.296,-0.94
LEU_30_A_HB2,51.841,-9.219,45.321,0.171,-0.296,-0.94
LEU_30_A_HB2,52.046,-8.864,45.321,0.342,-0.0,-0.94
LEU_30_A_HB2,51.841,-8.509,45.321,0.171,0.296,-0.94
LEU_30_A_HB3,53.262,-10.291,47.869,0.871,-0.471,-0.142
LEU_30_A_HB3,53.17,-10.501,47.471,0.936,-0.321,0.142
LEU_30_A_HB3,53.901,-8.192,49.298,0.541,-0.829,0.142
LEU_30_A_HB3,53.566,-8.501,49.298,0.781,-0.608,0.142
LEU_30_A_HB3,53.348,-8.902,49.298,0.936,-0.321,0.142
LEU_30_A_HB3,53.892,-8.336,48.916,0.548,-0.726,0.415
LEU_30_A_HB3,53.576,-8.682,48.916,0.773,-0.479,0.415
LEU_30_A_HB3,53.407,-9.118,48.916,0.894,-0.167,0.415
LEU_30_A_HB3,53.951,-8.566,48.581,0.506,-0.562,0.655
LEU_30_A_HB3,53.693,-8.922,48.581,0.69,-0.307,0.655
LEU_30_A_HB3,54.527,-8.368,48.0,0.541,-0.829,0.142
LEU_30_A_HB3,54.191,-8.676,48.0,0.781,-0.608,0.142
LEU_30_A_HB3,54.517,-8.511,47.618,0.548,-0.726,0.415
LEU_30_A_HB3,54.202,-8.857,47.618,0.773,-0.479,0.415
LEU_30_A_HB3,53.413,-10.022,47.254,0.871,-0.471,-0.142
LEU_30_A_HB3,53.538,-9.83,46.856,0.781,-0.608,0.142
LEU_30_A_HB3,53.321,-10.231,46.856,0.936,-0.321,0.142
LEU_30_A_HB3,53.549,-10.011,46.473,0.773,-0.479,0.415
LEU_30_A_HB3,53.924,-9.895,46.138,0.506,-0.562,0.655
LEU_30_A_HB3,54.03,-9.181,47.221,0.67,-0.728,-0.142
LEU_30_A_HB3,53.75,-9.541,47.221,0.871,-0.471,-0.142
LEU_30_A_HB3,54.21,-9.041,46.822,0.541,-0.829,0.142
LEU_30_A_HB3,53.875,-9.35,46.822,0.781,-0.608,0.142
LEU_30_A_HB3,54.201,-9.185,46.44,0.548,-0.726,0.415
LEU_30_A_HB3,53.886,-9.531,46.44,0.773,-0.479,0.415
LEU_30_A_HB3,54.002,-9.771,46.105,0.69,-0.307,0.655
LEU_30_A_HB3,53.997,-8.611,48.511,0.473,-0.529,0.705
LEU_30_A_HB3,53.895,-9.041,48.275,0.817,-0.367,0.444
LEU_30_A_HB3,54.237,-8.88,47.534,0.748,-0.463,0.476
LEU_30_A_HB3,53.973,-9.28,47.586,0.868,-0.494,0.049
LEU_30_A_HB3,53.518,-9.938,47.942,0.779,-0.624,0.052
LEU_30_A_HB3,53.377,-10.139,48.239,0.926,-0.365,0.092
LEU_30_A_HB3,53.586,-9.726,48.296,0.843,-0.46,0.279
LEU_30_A_HB3,53.583,-9.43,48.555,0.84,-0.206,0.502
LEU_30_A_HB3,53.443,-9.822,48.703,0.965,-0.166,0.202
LEU_30_A_HB3,53.38,-9.497,48.943,0.915,0.094,0.393
LEU_30_A_HB3,53.722,-9.431,48.333,0.78,-0.376,0.5
LEU_30_A_HB3,53.878,-9.432,47.941,0.91,-0.377,0.174
LEU_30_A_HB3,53.622,-9.816,47.525,0.696,-0.696,-0.174
LEU_30_A_HG,49.548,-7.372,49.129,-0.739,0.157,0.655
LEU_30_A_HG,49.126,-8.383,48.669,-0.936,0.321,-0.142
LEU_30_A_HG,49.034,-8.593,48.271,-0.871,0.471,0.142
LEU_30_A_HG,49.182,-8.162,48.271,-0.976,0.163,0.142
LEU_30_A_HG,49.182,-7.705,48.271,-0.976,-0.163,0.142
LEU_30_A_HG,49.089,-7.933,47.889,-0.91,-0.0,0.415
LEU_30_A_HG,50.73,-8.487,50.063,0.167,0.514,0.841
LEU_30_A_HG,51.198,-8.487,50.063,-0.167,0.514,0.841
LEU_30_A_HG,50.842,-8.142,49.897,0.087,0.268,0.959
LEU_30_A_HG,50.395,-7.998,49.889,-0.037,0.462,0.886
LEU_30_A_HG,49.965,-9.11,50.173,-0.429,0.042,0.902
LEU_30_A_HG,50.335,-8.791,50.225,-0.127,0.303,0.944
LEU_30_A_HG,50.712,-8.511,50.082,0.18,0.531,0.828
LEU_30_A_HG,49.732,-7.846,49.582,-0.472,0.556,0.684
LEU_30_A_HG,50.008,-7.447,49.484,-0.167,0.325,0.931
LEU_30_A_HG,48.996,-9.094,49.111,-0.931,0.038,0.362
LEU_30_A_HG,48.983,-8.74,48.756,-0.942,0.328,0.072
LEU_30_A_HG,49.175,-8.164,48.87,-0.951,0.309,0.03
LEU_30_A_HG,49.327,-7.994,49.215,-0.805,0.472,0.36
LEU_30_A_HG,49.276,-7.761,48.874,-0.93,0.166,0.329
LEU_30_A_HG,49.485,-7.614,49.151,-0.695,0.33,0.639
LEU_30_A_HG,49.181,-7.509,48.563,-0.955,-0.16,0.25
LEU_30_A_HG,49.321,-7.351,48.88,-0.8,0.014,0.599
LEU_30_A_HG,50.0,-8.463,50.115,-0.171,0.296,0.94
LEU_30_A_HG,49.795,-8.818,50.115,-0.342,0.0,0.94
LEU_30_A_HG,49.434,-8.818,49.906,-0.643,0.0,0.766
LEU_30_A_HG,49.885,-8.116,49.906,-0.267,0.585,0.766
LEU_30_A_HG,49.556,-8.401,49.906,-0.541,0.348,0.766
LEU_30_A_HG,49.269,-8.367,49.587,-0.78,0.376,0.5
LEU_30_A_HG,49.166,-8.818,49.587,-0.866,0.0,0.5
LEU_30_A_HG,49.023,-8.818,49.195,-0.985,0.0,0.174
LEU_30_A_HG,49.113,-8.366,49.195,-0.91,0.377,0.174
LEU_30_A_HD11,48.912,-7.651,46.4,-0.976,-0.163,0.142
LEU_30_A_HD11,49.101,-8.488,46.135,-0.437,0.318,-0.841
LEU_30_A_HD11,49.245,-8.043,46.135,-0.541,-0.0,-0.841
LEU_30_A_HD11,48.796,-8.518,46.804,-0.871,0.471,0.142
LEU_30_A_HD11,48.944,-8.087,46.804,-0.976,0.163,0.142
LEU_30_A_HD11,48.944,-7.631,46.804,-0.976,-0.163,0.142
LEU_30_A_HD11,50.325,-9.576,45.719,0.0,-0.0,-1.0
LEU_30_A_HD11,50.029,-8.747,45.808,0.0,-0.0,-1.0
LEU_30_A_HD11,50.151,-9.123,45.751,-0.087,0.268,-0.959
LEU_30_A_HD11,48.821,-8.593,47.199,-0.871,0.471,0.142
LEU_30_A_HD11,48.969,-8.162,47.199,-0.976,0.163,0.142
LEU_30_A_HD11,49.847,-8.738,45.796,0.13,-0.007,-0.991
LEU_30_A_HD11,49.237,-8.877,45.846,-0.307,0.463,-0.831
LEU_30_A_HD11,49.561,-9.025,45.731,0.026,0.31,-0.95
LEU_30_A_HD11,49.961,-9.381,45.688,0.15,0.158,-0.976
LEU_30_A_HD11,48.846,-8.789,46.128,-0.57,0.507,-0.647
LEU_30_A_HD11,48.666,-8.758,46.44,-0.8,0.547,-0.245
LEU_30_A_HD11,48.844,-8.393,46.502,-0.928,0.367,0.069
LEU_30_A_HD11,48.308,-9.243,46.538,-0.91,0.377,-0.174
LEU_30_A_HD11,48.218,-9.695,46.538,-0.985,0.0,-0.174
LEU_30_A_HD11,48.361,-9.695,46.146,-0.866,0.0,-0.5
LEU_30_A_HD11,48.464,-9.244,46.146,-0.78,0.376,-0.5
LEU_30_A_HD11,48.895,-9.112,45.827,-0.421,0.486,-0.766
LEU_30_A_HD11,48.66,-9.478,45.827,-0.617,0.181,-0.766
LEU_30_A_HD11,48.66,-9.912,45.827,-0.617,-0.181,-0.766
LEU_30_A_HD11,48.99,-9.695,45.618,-0.342,0.0,-0.94
LEU_30_A_HD11,49.195,-10.05,45.618,-0.171,-0.296,-0.94
LEU_30_A_HD11,49.605,-9.34,45.618,0.171,0.296,-0.94
LEU_30_A_HD11,49.195,-9.34,45.618,-0.171,0.296,-0.94
LEU_30_A_HD12,51.402,-11.255,45.912,-0.087,0.268,-0.959
LEU_30_A_HD12,50.714,-12.22,47.505,-0.084,-0.906,0.415
LEU_30_A_HD12,51.252,-12.114,46.03,-0.506,-0.562,-0.655
LEU_30_A_HD12,50.991,-12.348,46.365,-0.46,-0.64,-0.615
LEU_30_A_HD12,50.935,-12.501,46.73,-0.53,-0.833,-0.155
LEU_30_A_HD12,51.004,-12.498,47.124,-0.443,-0.829,0.341
LEU_30_A_HD12,50.548,-12.268,46.55,-0.229,-0.884,-0.407
LEU_30_A_HD12,50.556,-12.357,46.999,-0.221,-0.974,0.047
LEU_30_A_HD12,50.701,-12.26,47.422,-0.074,-0.877,0.475
LEU_30_A_HD12,51.262,-11.52,45.86,-0.183,0.095,-0.979
LEU_30_A_HD12,51.127,-11.889,45.96,-0.359,-0.39,-0.848
LEU_30_A_HD12,50.789,-11.556,45.913,-0.005,-0.259,-0.966
LEU_30_A_HD12,50.691,-11.96,46.14,-0.105,-0.671,-0.734
LEU_30_A_HD12,50.538,-10.932,45.801,0.239,-0.109,-0.965
LEU_30_A_HD12,50.143,-11.208,45.816,-0.028,-0.295,-0.955
LEU_30_A_HD12,49.839,-11.529,46.006,-0.233,-0.513,-0.826
LEU_30_A_HD12,49.68,-11.839,46.338,-0.341,-0.722,-0.602
LEU_30_A_HD12,49.694,-12.083,46.753,-0.332,-0.887,-0.321
LEU_30_A_HD12,49.878,-12.217,47.178,-0.207,-0.978,-0.034
LEU_30_A_HD12,50.201,-12.217,47.536,0.011,-0.978,0.208
LEU_30_A_HD12,49.973,-12.219,46.803,-0.377,-0.91,-0.174
LEU_30_A_HD12,50.194,-12.14,46.411,-0.193,-0.844,-0.5
LEU_30_A_HD12,50.315,-11.89,46.092,-0.091,-0.636,-0.766
LEU_30_A_HD12,50.22,-11.482,45.883,-0.171,-0.296,-0.94
LEU_30_A_HD13,48.905,-9.638,49.044,-0.739,0.157,0.655
LEU_30_A_HD13,49.541,-11.802,48.688,-0.084,-0.906,0.415
LEU_30_A_HD13,49.176,-10.192,49.371,-0.541,-0.0,0.841
LEU_30_A_HD13,49.471,-11.624,49.15,-0.322,-0.87,0.374
LEU_30_A_HD13,49.248,-11.29,49.398,-0.575,-0.491,0.655
LEU_30_A_HD13,49.195,-10.833,49.502,-0.635,0.026,0.772
LEU_30_A_HD13,49.055,-11.514,49.076,-0.264,-0.682,0.682
LEU_30_A_HD13,48.896,-11.06,49.278,-0.416,-0.247,0.875
LEU_30_A_HD13,48.941,-10.541,49.297,-0.373,0.25,0.894
LEU_30_A_HD13,48.825,-10.276,49.188,-0.421,0.26,0.869
LEU_30_A_HD13,48.676,-10.771,49.231,-0.342,0.0,0.94
LEU_30_A_HD13,48.315,-10.771,49.022,-0.643,0.0,0.766
LEU_30_A_HD13,48.437,-11.188,49.022,-0.541,-0.348,0.766
LEU_30_A_HD13,48.766,-11.473,49.022,-0.267,-0.585,0.766
LEU_30_A_HD13,48.437,-10.354,49.022,-0.541,0.348,0.766
LEU_30_A_HD13,48.15,-10.32,48.703,-0.78,0.376,0.5
LEU_30_A_HD13,48.047,-10.771,48.703,-0.866,0.0,0.5
LEU_30_A_HD13,48.15,-11.222,48.703,-0.78,-0.376,0.5
LEU_30_A_HD13,48.438,-11.584,48.703,-0.54,-0.677,0.5
LEU_30_A_HD13,48.855,-11.784,48.703,-0.193,-0.844,0.5
LEU_30_A_HD13,47.904,-10.771,48.311,-0.985,0.0,0.174
LEU_30_A_HD13,47.994,-11.223,48.311,-0.91,-0.377,0.174
LEU_30_A_HD13,48.25,-11.607,48.311,-0.696,-0.696,0.174
LEU_30_A_HD13,48.634,-11.863,48.311,-0.377,-0.91,0.174
LEU_30_A_HD13,47.994,-10.319,48.311,-0.91,0.377,0.174
LEU_30_A_HD13,47.904,-10.771,47.895,-0.985,0.0,-0.174
LEU_30_A_HD13,47.994,-11.223,47.895,-0.91,-0.377,-0.174
LEU_30_A_HD13,48.25,-11.607,47.895,-0.696,-0.696,-0.174
LEU_30_A_HD13,48.634,-11.863,47.895,-0.377,-0.91,-0.174
LEU_30_A_HD21,52.518,-8.583,50.006,0.548,0.726,0.415
LEU_30_A_HD21,51.495,-8.474,50.111,-0.167,0.514,0.841
LEU_30_A_HD21,52.757,-8.68,49.836,0.548,0.726,0.415
LEU_30_A_HD21,52.817,-8.45,49.501,0.506,0.562,0.655
LEU_30_A_HD21,53.198,-8.67,49.501,0.234,0.719,0.655
LEU_30_A_HD21,52.912,-8.109,49.24,0.437,0.318,0.841
LEU_30_A_HD21,53.291,-8.384,49.24,0.167,0.514,0.841
LEU_30_A_HD21,53.758,-8.384,49.24,-0.167,0.514,0.841
LEU_30_A_HD21,53.292,-9.124,49.697,0.976,-0.163,-0.142
LEU_30_A_HD21,53.292,-9.58,49.697,0.976,0.163,-0.142
LEU_30_A_HD21,53.273,-9.352,49.298,0.99,-0.0,0.142
LEU_30_A_HD21,53.203,-9.183,50.099,0.857,0.396,0.33
LEU_30_A_HD21,52.921,-8.874,50.053,0.431,0.864,0.26
LEU_30_A_HD21,54.416,-7.821,49.349,-0.637,0.112,0.763
LEU_30_A_HD21,53.354,-9.905,49.728,0.991,0.132,-0.01
LEU_30_A_HD21,53.336,-10.231,50.018,0.979,-0.088,0.186
LEU_30_A_HD21,53.185,-10.465,50.353,0.877,-0.247,0.413
LEU_30_A_HD21,52.925,-10.574,50.686,0.701,-0.32,0.637
LEU_30_A_HD21,52.592,-10.542,50.966,0.476,-0.299,0.827
LEU_30_A_HD21,52.237,-10.373,51.154,0.236,-0.185,0.954
LEU_30_A_HD21,51.91,-10.093,51.222,0.015,0.005,1.0
LEU_30_A_HD21,51.659,-9.742,51.159,-0.155,0.242,0.958
LEU_30_A_HD21,51.522,-9.371,50.976,-0.248,0.493,0.834
LEU_30_A_HD21,51.517,-9.034,50.699,-0.251,0.721,0.646
LEU_30_A_HD21,51.968,-8.719,50.476,-0.115,0.791,0.601
LEU_30_A_HD21,52.399,-8.679,50.327,0.328,0.832,0.448
LEU_30_A_HD21,52.081,-8.439,50.174,0.194,0.65,0.735
LEU_30_A_HD21,52.398,-8.452,49.965,0.634,0.632,0.445
LEU_30_A_HD21,51.816,-8.155,50.027,-0.007,0.388,0.922
LEU_30_A_HD21,52.148,-8.124,49.912,0.507,0.436,0.744
LEU_30_A_HD21,52.166,-9.849,51.243,-0.0,0.0,1.0
LEU_30_A_HD21,52.576,-9.849,51.171,0.342,0.0,0.94
LEU_30_A_HD21,52.371,-9.494,51.171,0.171,0.296,0.94
LEU_30_A_HD21,51.961,-9.494,51.171,-0.171,0.296,0.94
LEU_30_A_HD21,52.371,-10.204,51.171,0.171,-0.296,0.94
LEU_30_A_HD21,52.906,-10.066,50.962,0.617,-0.181,0.766
LEU_30_A_HD21,52.906,-9.632,50.962,0.617,0.181,0.766
LEU_30_A_HD21,52.671,-9.266,50.962,0.421,0.486,0.766
LEU_30_A_HD21,52.276,-9.086,50.962,0.091,0.636,0.766
LEU_30_A_HD21,51.846,-9.147,50.962,-0.267,0.585,0.766
LEU_30_A_HD21,53.205,-9.849,50.643,0.866,0.0,0.5
LEU_30_A_HD21,53.102,-9.398,50.643,0.78,0.376,0.5
LEU_30_A_HD21,52.814,-9.036,50.643,0.54,0.677,0.5
LEU_30_A_HD21,52.397,-8.836,50.643,0.193,0.844,0.5
LEU_30_A_HD21,51.935,-8.836,50.643,-0.193,0.844,0.5
LEU_30_A_HD21,53.102,-10.3,50.643,0.78,-0.376,0.5
LEU_30_A_HD21,53.348,-9.849,50.251,0.985,0.0,0.174
LEU_30_A_HD21,53.258,-9.397,50.251,0.91,0.377,0.174
LEU_30_A_HD22,49.454,-10.412,49.632,-0.739,0.157,0.655
LEU_30_A_HD22,49.454,-9.972,49.632,-0.739,-0.157,0.655
LEU_30_A_HD22,49.802,-10.373,50.229,-0.848,0.329,0.415
LEU_30_A_HD22,49.57,-9.94,49.775,-0.758,-0.078,0.648
LEU_30_A_HD22,49.837,-11.88,48.637,-0.16,-0.909,0.384
LEU_30_A_HD22,49.913,-11.764,49.689,-0.638,-0.77,-0.011
LEU_30_A_HD22,49.667,-11.395,49.963,-0.874,-0.417,0.251
LEU_30_A_HD22,49.608,-10.89,50.078,-0.93,0.067,0.361
LEU_30_A_HD22,49.585,-11.511,49.549,-0.643,-0.684,0.344
LEU_30_A_HD22,49.442,-11.1,49.732,-0.805,-0.219,0.551
LEU_30_A_HD22,49.482,-10.63,49.75,-0.759,0.313,0.571
LEU_30_A_HD22,50.823,-10.991,51.162,-0.0,0.0,1.0
LEU_30_A_HD22,50.413,-10.991,51.09,-0.342,0.0,0.94
LEU_30_A_HD22,50.618,-11.346,51.09,-0.171,-0.296,0.94
LEU_30_A_HD22,51.028,-11.346,51.09,0.171,-0.296,0.94
LEU_30_A_HD22,50.052,-10.991,50.881,-0.643,0.0,0.766
LEU_30_A_HD22,50.174,-11.408,50.881,-0.541,-0.348,0.766
LEU_30_A_HD22,50.503,-11.693,50.881,-0.267,-0.585,0.766
LEU_30_A_HD22,50.933,-11.754,50.881,0.091,-0.636,0.766
LEU_30_A_HD22,50.174,-10.574,50.881,-0.541,0.348,0.766
LEU_30_A_HD22,49.887,-10.54,50.562,-0.78,0.376,0.5
LEU_30_A_HD22,49.784,-10.991,50.562,-0.866,0.0,0.5
LEU_30_A_HD22,49.887,-11.442,50.562,-0.78,-0.376,0.5
LEU_30_A_HD22,50.175,-11.804,50.562,-0.54,-0.677,0.5
LEU_30_A_HD22,50.592,-12.004,50.562,-0.193,-0.844,0.5
LEU_30_A_HD22,51.054,-12.004,50.562,0.193,-0.844,0.5
LEU_30_A_HD22,49.731,-11.443,50.17,-0.91,-0.377,0.174
LEU_30_A_HD22,49.987,-11.827,50.17,-0.696,-0.696,0.174
LEU_30_A_HD22,50.371,-12.083,50.17,-0.377,-0.91,0.174
LEU_30_A_HD22,50.823,-12.173,50.17,-0.0,-0.985,0.174
LEU_30_A_HD22,50.371,-12.083,49.754,-0.377,-0.91,-0.174
LEU_30_A_HD23,53.307,-10.423,48.567,0.976,-0.163,-0.142
LEU_30_A_HD23,51.87,-12.316,48.85,-0.082,-0.986,0.142
LEU_30_A_HD23,53.235,-11.607,49.182,0.894,-0.167,0.415
LEU_30_A_HD23,53.52,-12.271,48.847,0.69,0.307,0.655
LEU_30_A_HD23,53.207,-10.951,48.251,0.91,-0.0,-0.415
LEU_30_A_HD23,53.114,-10.723,47.869,0.976,-0.163,-0.142
LEU_30_A_HD23,53.114,-11.179,47.869,0.976,0.163,-0.142
LEU_30_A_HD23,53.262,-11.61,47.869,0.871,0.471,-0.142
LEU_30_A_HD23,53.095,-10.951,47.471,0.99,-0.0,0.142
LEU_30_A_HD23,53.17,-11.401,47.471,0.936,0.321,0.142
LEU_30_A_HD23,53.387,-11.802,47.471,0.781,0.608,0.142
LEU_30_A_HD23,53.229,-11.185,47.088,0.894,0.167,0.415
LEU_30_A_HD23,53.398,-11.621,47.088,0.773,0.479,0.415
LEU_30_A_HD23,52.533,-12.421,48.684,-0.084,-0.906,0.415
LEU_30_A_HD23,52.526,-12.637,48.349,-0.079,-0.752,0.655
LEU_30_A_HD23,53.568,-11.998,47.917,0.67,0.728,-0.142
LEU_30_A_HD23,53.561,-11.947,48.077,0.675,0.692,-0.256
LEU_30_A_HD23,53.429,-11.672,48.389,0.917,0.396,-0.046
LEU_30_A_HD23,53.26,-11.26,48.291,0.89,0.201,-0.409
LEU_30_A_HD23,52.908,-12.369,48.931,-0.113,-0.812,0.573
LEU_30_A_HD23,52.706,-12.164,49.238,0.249,-0.793,0.556
LEU_30_A_HD23,53.406,-11.869,48.838,0.9,0.205,0.384
LEU_30_A_HD23,53.353,-11.449,48.818,0.997,0.034,0.07
LEU_30_A_HD23,52.308,-12.544,48.439,-0.162,-0.836,0.525
LEU_30_A_HD23,52.329,-12.36,48.835,0.062,-0.95,0.307
LEU_30_A_HD23,53.265,-10.504,48.255,0.96,-0.22,-0.172
LEU_30_A_HD23,53.29,-10.757,48.546,0.989,0.076,-0.127
LEU_30_A_HD23,51.967,-12.29,49.22,0.054,-0.993,0.104
LEU_30_A_HD23,52.307,-12.179,49.473,0.284,-0.918,0.275
LEU_30_A_HD23,53.308,-11.166,49.283,0.961,-0.233,0.147
LEU_30_A_HD23,53.357,-10.853,48.916,0.995,-0.022,-0.101
LEU_30_A_HD23,52.163,-12.32,49.041,-0.0,-0.985,0.174
LEU_30_A_HD23,53.345,-11.138,48.625,0.985,0.0,-0.174
GLN_31_A_N,53.714,-6.627,49.313,-0.167,-0.514,0.841
GLN_31_A_N,53.246,-6.627,49.313,0.167,-0.514,0.841
GLN_31_A_N,53.358,-6.972,49.147,0.087,-0.268,0.959
GLN_31_A_N,53.771,-6.469,49.426,-0.167,-0.514,0.841
GLN_31_A_C,57.243,-4.489,49.837,0.167,-0.514,0.841
GLN_31_A_C,56.864,-4.764,49.837,0.437,-0.318,0.841
GLN_31_A_C,56.72,-5.209,49.837,0.541,-0.0,0.841
GLN_31_A_C,57.082,-5.209,49.671,0.282,-0.0,0.959
GLN_31_A_C,57.355,-4.834,49.671,0.087,-0.268,0.959
GLN_31_A_C,56.404,-4.648,50.252,0.391,-0.534,0.75
GLN_31_A_C,56.196,-4.99,50.139,0.107,-0.29,0.951
GLN_31_A_C,56.423,-5.361,50.006,0.377,-0.025,0.926
GLN_31_A_C,57.356,-5.593,49.65,0.105,0.119,0.987
GLN_31_A_C,56.964,-5.87,49.753,0.398,-0.089,0.913
GLN_31_A_C,56.505,-6.368,49.933,0.495,-0.019,0.869
GLN_31_A_C,56.049,-6.232,50.103,0.206,0.067,0.976
GLN_31_A_C,55.547,-6.177,50.122,-0.112,0.102,0.988
GLN_31_A_C,55.061,-6.208,49.988,-0.421,0.082,0.904
GLN_31_A_C,54.995,-5.718,50.003,-0.38,-0.241,0.893
GLN_31_A_C,55.403,-5.646,50.129,-0.118,-0.195,0.974
GLN_31_A_C,55.803,-5.482,50.148,0.138,-0.09,0.986
GLN_31_A_C,55.086,-5.302,50.213,-0.171,-0.506,0.846
GLN_31_A_C,55.446,-5.197,50.277,0.127,-0.418,0.899
GLN_31_A_C,55.78,-5.018,50.247,0.404,-0.27,0.874
GLN_31_A_C,55.776,-5.758,50.14,-0.0,0.0,1.0
GLN_31_A_C,56.199,-5.758,50.092,0.223,0.0,0.975
GLN_31_A_C,56.567,-5.99,49.952,0.416,-0.122,0.901
GLN_31_A_C,56.567,-5.526,49.952,0.416,0.122,0.901
GLN_31_A_O,54.093,-6.902,49.313,-0.437,-0.318,0.841
GLN_31_A_O,54.56,-7.444,49.501,-0.739,-0.157,0.655
GLN_31_A_O,54.281,-7.664,49.24,-0.541,-0.0,0.841
GLN_31_A_O,54.137,-7.219,49.24,-0.437,-0.318,0.841
GLN_31_A_O,54.137,-8.109,49.24,-0.437,0.318,0.841
GLN_31_A_O,53.844,-7.896,49.074,-0.228,0.166,0.959
GLN_31_A_O,53.844,-7.432,49.074,-0.228,-0.166,0.959
GLN_31_A_O,54.319,-8.009,49.298,0.243,-0.96,0.142
GLN_31_A_O,54.777,-8.084,48.916,-0.084,-0.906,0.415
GLN_31_A_O,54.311,-8.127,48.916,0.249,-0.875,0.415
GLN_31_A_O,54.572,-6.968,49.687,-0.739,-0.157,0.655
GLN_31_A_O,54.816,-6.182,49.849,-0.541,-0.0,0.841
GLN_31_A_O,54.379,-5.95,49.683,-0.228,-0.166,0.959
GLN_31_A_O,55.17,-8.147,48.399,0.082,-0.986,-0.142
GLN_31_A_O,55.399,-8.147,48.0,-0.082,-0.986,0.142
GLN_31_A_O,54.944,-8.184,48.0,0.243,-0.96,0.142
GLN_31_A_O,56.806,-6.57,49.715,0.541,-0.0,0.841
GLN_31_A_O,55.82,-8.172,48.438,0.082,-0.986,-0.142
GLN_31_A_O,56.048,-8.172,48.039,-0.082,-0.986,0.142
GLN_31_A_O,56.741,-7.993,48.642,0.249,-0.875,0.415
GLN_31_A_O,56.682,-8.082,48.515,0.292,-0.812,0.506
GLN_31_A_O,56.08,-8.171,48.551,0.081,-0.997,-0.007
GLN_31_A_O,56.337,-8.096,48.771,0.318,-0.928,0.194
GLN_31_A_O,55.677,-8.186,47.976,-0.05,-0.983,0.179
GLN_31_A_O,55.806,-8.164,48.353,0.092,-0.992,-0.082
GLN_31_A_O,56.621,-7.843,49.204,0.421,-0.823,0.381
GLN_31_A_O,56.717,-7.481,49.576,0.501,-0.524,0.689
GLN_31_A_O,56.774,-6.985,49.745,0.548,-0.113,0.829
GLN_31_A_O,55.168,-8.167,48.771,-0.092,-0.992,0.09
GLN_31_A_O,54.659,-8.149,48.781,0.0,-0.859,0.512
GLN_31_A_O,54.416,-8.388,48.438,0.445,-0.834,0.327
GLN_31_A_O,54.615,-6.669,49.769,-0.591,-0.032,0.806
GLN_31_A_O,54.438,-6.269,49.681,-0.27,0.063,0.961
GLN_31_A_O,53.292,-8.943,49.769,0.793,0.224,0.566
GLN_31_A_O,54.957,-7.929,49.41,-0.218,-0.831,0.512
GLN_31_A_O,54.726,-7.585,49.598,-0.529,-0.368,0.765
GLN_31_A_O,55.68,-6.83,50.237,-0.0,0.0,1.0
GLN_31_A_O,56.074,-6.83,50.18,0.282,0.0,0.959
GLN_31_A_O,55.802,-6.455,50.18,0.087,0.268,0.959
GLN_31_A_O,55.361,-6.598,50.18,-0.228,0.166,0.959
GLN_31_A_O,55.361,-7.062,50.18,-0.228,-0.166,0.959
GLN_31_A_O,55.802,-7.205,50.18,0.087,-0.268,0.959
GLN_31_A_O,54.923,-6.83,50.015,-0.541,0.0,0.841
GLN_31_A_O,55.068,-7.275,50.015,-0.437,-0.318,0.841
GLN_31_A_O,55.446,-7.55,50.015,-0.167,-0.514,0.841
GLN_31_A_O,55.914,-7.55,50.015,0.167,-0.514,0.841
GLN_31_A_O,56.292,-7.275,50.015,0.437,-0.318,0.841
GLN_31_A_O,56.437,-6.83,50.015,0.541,0.0,0.841
GLN_31_A_O,54.645,-7.05,49.754,-0.739,-0.157,0.655
GLN_31_A_O,54.824,-7.452,49.754,-0.611,-0.444,0.655
GLN_31_A_O,55.151,-7.746,49.754,-0.378,-0.654,0.655
GLN_31_A_O,55.569,-7.882,49.754,-0.079,-0.752,0.655
GLN_31_A_O,56.007,-7.836,49.754,0.234,-0.719,0.655
GLN_31_A_O,56.388,-7.616,49.754,0.506,-0.562,0.655
GLN_31_A_O,55.562,-8.098,49.419,-0.084,-0.906,0.415
GLN_31_A_O,56.029,-8.055,49.419,0.249,-0.875,0.415
GLN_31_A_O,56.447,-7.846,49.419,0.548,-0.726,0.415
GLN_31_A_O,55.566,-8.211,49.036,-0.082,-0.986,0.142
GLN_31_A_O,56.02,-8.173,49.036,0.243,-0.96,0.142
GLN_31_A_O,55.794,-8.211,48.638,0.082,-0.986,-0.142
GLN_31_A_CB,53.422,-3.245,50.42,-0.608,-0.072,0.791
GLN_31_A_CB,53.748,-3.191,50.616,-0.402,-0.038,0.915
GLN_31_A_CB,53.082,-3.522,50.118,-0.636,-0.088,0.767
GLN_31_A_CB,53.594,-4.492,50.304,-0.377,-0.334,0.864
GLN_31_A_CB,53.237,-4.111,50.191,-0.604,-0.092,0.792
GLN_31_A_CB,53.159,-4.58,50.125,-0.312,-0.009,0.95
GLN_31_A_CB,52.862,-4.265,49.936,-0.552,0.246,0.796
GLN_31_A_CB,53.775,-3.584,50.647,-0.434,0.0,0.901
GLN_31_A_CB,53.414,-3.584,50.42,-0.623,0.0,0.782
GLN_31_A_CB,53.505,-4.037,50.42,-0.576,-0.239,0.782
GLN_31_A_CB,53.761,-4.422,50.42,-0.441,-0.441,0.782
GLN_31_A_CG,53.678,-2.521,47.276,-0.282,-0.0,-0.959
GLN_31_A_CG,54.041,-2.521,47.11,-0.541,-0.0,-0.841
GLN_31_A_CG,53.672,-2.333,47.284,-0.282,-0.0,-0.959
GLN_31_A_CG,54.035,-2.333,47.119,-0.541,-0.0,-0.841
GLN_31_A_CG,57.542,-1.169,48.643,0.437,0.318,-0.841
GLN_31_A_CG,57.298,-1.346,48.382,0.611,0.444,-0.655
GLN_31_A_CG,57.335,-2.455,47.488,0.611,0.444,-0.655
GLN_31_A_CG,57.48,-1.811,48.184,0.611,0.444,-0.655
GLN_31_A_CG,57.807,-2.106,48.184,0.378,0.654,-0.655
GLN_31_A_CG,57.395,-2.047,47.848,0.672,0.613,-0.415
GLN_31_A_CG,56.879,-1.371,47.603,0.839,0.38,-0.39
GLN_31_A_CG,56.664,-1.489,47.199,0.71,0.309,-0.633
GLN_31_A_CG,56.673,-1.088,47.354,0.867,0.098,-0.489
GLN_31_A_CG,56.417,-1.189,47.017,0.684,0.026,-0.729
GLN_31_A_CG,54.334,-2.166,46.885,-0.561,-0.035,-0.827
GLN_31_A_CG,54.351,-2.689,46.846,-0.607,0.14,-0.782
GLN_31_A_CG,54.407,-3.085,46.661,-0.481,0.428,-0.765
GLN_31_A_CG,56.964,-1.574,47.552,0.77,0.468,-0.434
GLN_31_A_CG,56.914,-2.004,47.191,0.744,0.242,-0.623
GLN_31_A_CG,54.316,-2.463,46.891,-0.623,0.0,-0.782
GLN_31_A_CD,53.028,-1.391,47.214,0.0,-0.0,-1.0
GLN_31_A_CD,53.423,-1.391,47.157,-0.282,-0.0,-0.959
GLN_31_A_CD,53.278,-2.333,47.341,0.0,-0.0,-1.0
GLN_31_A_CD,53.4,-1.958,47.284,-0.087,-0.268,-0.959
GLN_31_A_CD,52.959,-2.101,47.284,0.228,-0.166,-0.959
GLN_31_A_CD,53.89,-1.888,47.119,-0.437,-0.318,-0.841
GLN_31_A_CD,57.019,-0.806,49.035,0.548,0.726,0.415
GLN_31_A_CD,56.498,-1.07,50.092,0.234,0.719,0.655
GLN_31_A_CD,55.737,-1.189,50.381,0.167,0.514,0.841
GLN_31_A_CD,56.251,-1.467,50.57,-0.079,0.752,0.655
GLN_31_A_CD,55.907,-1.134,50.309,0.167,0.514,0.841
GLN_31_A_CD,56.178,-1.05,50.215,0.209,0.62,0.756
GLN_31_A_CD,56.098,-0.671,49.978,0.519,0.434,0.736
GLN_31_A_CD,56.747,-0.394,48.759,0.815,0.563,0.137
GLN_31_A_CD,57.055,-0.984,49.608,0.522,0.853,0.006
GLN_31_A_CD,56.634,-0.75,49.687,0.493,0.724,0.482
GLN_31_A_CD,56.407,-0.457,49.588,0.655,0.514,0.553
GLN_31_A_CD,56.638,-0.483,49.214,0.82,0.495,0.287
GLN_31_A_CD,54.775,-1.573,46.62,-0.257,-0.035,-0.966
GLN_31_A_CD,54.473,-1.82,46.768,-0.452,-0.194,-0.87
GLN_31_A_CD,54.064,-1.928,47.026,-0.561,-0.289,-0.775
GLN_31_A_CD,55.188,-0.451,50.318,0.458,0.295,0.838
GLN_31_A_CD,55.086,0.015,50.11,0.396,0.582,0.71
GLN_31_A_CD,53.671,0.284,47.886,-0.559,0.621,-0.549
GLN_31_A_CD,53.352,-0.112,47.914,-0.763,0.369,-0.532
GLN_31_A_CD,55.049,0.473,49.672,0.32,0.742,0.59
GLN_31_A_CD,54.984,0.726,49.259,0.278,0.903,0.326
GLN_31_A_CD,53.378,-0.658,47.427,-0.709,0.428,-0.56
GLN_31_A_CD,53.607,-1.0,47.092,-0.511,0.133,-0.849
GLN_31_A_CD,53.279,-1.31,47.189,-0.179,-0.058,-0.982
GLN_31_A_CD,52.83,-1.257,47.244,-0.118,0.653,-0.748
GLN_31_A_CD,53.769,-1.542,47.043,-0.423,-0.23,-0.876
GLN_31_A_CD,53.454,-1.79,47.219,-0.126,-0.388,-0.913
GLN_31_A_CD,53.046,-1.712,47.202,0.093,-0.109,-0.99
GLN_31_A_CD,52.711,-1.939,47.159,0.405,-0.282,-0.87
GLN_31_A_CD,55.493,-0.413,50.183,0.284,0.328,0.901
GLN_31_A_CD,55.791,-0.198,49.956,0.441,0.441,0.782
GLN_31_A_CD,55.406,0.058,49.956,0.239,0.576,0.782
GLN_31_A_CD,56.155,-0.163,49.656,0.633,0.46,0.623
GLN_31_A_CD,55.826,0.166,49.656,0.46,0.633,0.623
GLN_31_A_CD,55.412,0.377,49.656,0.242,0.744,0.623
GLN_31_A_CD,56.416,-0.147,49.295,0.77,0.468,0.434
GLN_31_A_CD,56.121,0.215,49.295,0.615,0.658,0.434
GLN_31_A_CD,55.741,0.484,49.295,0.415,0.8,0.434
GLN_31_A_CD,55.301,0.64,49.295,0.183,0.882,0.434
GLN_31_A_CD,53.625,0.044,47.647,-0.699,0.569,-0.434
GLN_31_A_CD,53.383,-0.354,47.647,-0.826,0.359,-0.434
GLN_31_A_CD,53.751,-0.163,47.286,-0.633,0.46,-0.623
GLN_31_A_CD,53.859,-0.583,46.986,-0.576,0.239,-0.782
GLN_31_A_CD,54.129,-1.036,46.759,-0.434,0.0,-0.901
GLN_31_A_CD,54.259,-1.482,46.759,-0.365,-0.235,-0.901
GLN_31_A_CD,54.259,-0.59,46.759,-0.365,0.235,-0.901
GLN_31_A_CD,54.53,-1.036,46.619,-0.223,0.0,-0.975
GLN_31_A_OE1,54.0,0.466,47.792,-0.548,0.726,-0.415
GLN_31_A_OE1,55.106,-1.241,46.581,0.0,-0.0,-1.0
GLN_31_A_OE1,55.228,-0.866,46.524,-0.087,-0.268,-0.959
GLN_31_A_OE1,56.795,-0.457,48.751,0.781,0.608,0.142
GLN_31_A_OE1,57.13,-0.766,48.751,0.541,0.829,0.142
GLN_31_A_OE1,57.548,-0.949,48.751,0.243,0.96,0.142
GLN_31_A_OE1,56.805,-0.276,48.369,0.773,0.479,0.415
GLN_31_A_OE1,57.121,-0.622,48.369,0.548,0.726,0.415
GLN_31_A_OE1,57.54,-0.831,48.369,0.249,0.875,0.415
GLN_31_A_OE1,56.339,-0.932,46.913,0.739,-0.157,-0.655
GLN_31_A_OE1,57.397,-0.724,48.643,0.541,-0.0,-0.841
GLN_31_A_OE1,57.119,-0.504,48.382,0.739,-0.157,-0.655
GLN_31_A_OE1,57.119,-0.944,48.382,0.739,0.157,-0.655
GLN_31_A_OE1,56.88,-0.724,48.047,0.91,-0.0,-0.415
GLN_31_A_OE1,56.966,-1.184,48.047,0.848,0.329,-0.415
GLN_31_A_OE1,56.787,-0.496,47.665,0.976,-0.163,-0.142
GLN_31_A_OE1,56.83,-0.11,47.953,0.969,0.247,-0.013
GLN_31_A_OE1,56.818,-0.453,47.785,0.954,-0.194,-0.228
GLN_31_A_OE1,56.205,-0.868,46.767,0.621,-0.187,-0.761
GLN_31_A_OE1,55.872,-0.869,46.577,0.339,-0.188,-0.922
GLN_31_A_OE1,55.495,-0.896,46.512,0.02,-0.211,-0.977
GLN_31_A_OE1,56.722,-0.681,47.459,0.951,-0.113,-0.287
GLN_31_A_OE1,56.528,-0.787,47.093,0.808,-0.192,-0.557
GLN_31_A_OE1,54.127,0.383,47.438,-0.684,0.604,-0.408
GLN_31_A_OE1,54.159,0.081,47.098,-0.664,0.413,-0.623
GLN_31_A_OE1,54.319,-0.24,46.819,-0.562,0.209,-0.8
GLN_31_A_OE1,54.593,-0.55,46.627,-0.389,0.013,-0.921
GLN_31_A_OE1,54.953,-0.817,46.543,-0.161,-0.156,-0.975
GLN_31_A_OE1,56.515,0.1,48.658,0.828,0.425,0.365
GLN_31_A_OE1,56.214,0.397,48.817,0.638,0.613,0.466
GLN_31_A_OE1,55.838,0.644,48.867,0.4,0.77,0.498
GLN_31_A_OE1,55.425,0.817,48.803,0.138,0.879,0.457
GLN_31_A_OE1,54.997,0.997,48.456,-0.067,0.942,0.33
GLN_31_A_OE1,54.671,0.995,48.096,-0.341,0.94,0.027
GLN_31_A_OE1,54.36,0.785,47.787,-0.602,0.764,-0.232
GLN_31_A_OE1,54.516,0.973,48.564,0.026,0.999,-0.031
GLN_31_A_OE1,54.219,0.874,48.252,-0.269,0.901,-0.341
GLN_31_A_OE1,53.964,0.601,48.016,-0.522,0.63,-0.575
GLN_31_A_OE1,56.506,0.494,48.333,0.773,0.479,0.415
GLN_31_A_OE1,56.19,0.84,48.333,0.548,0.726,0.415
GLN_31_A_OE1,55.772,1.049,48.333,0.249,0.875,0.415
GLN_31_A_OE1,55.305,1.092,48.333,-0.084,0.906,0.415
GLN_31_A_OE1,56.734,0.274,47.95,0.936,0.321,0.142
GLN_31_A_OE1,56.517,0.675,47.95,0.781,0.608,0.142
GLN_31_A_OE1,56.181,0.984,47.95,0.541,0.829,0.142
GLN_31_A_OE1,55.763,1.167,47.95,0.243,0.96,0.142
GLN_31_A_OE1,55.309,1.205,47.95,-0.082,0.986,0.142
GLN_31_A_OE1,54.866,1.093,47.95,-0.398,0.906,0.142
GLN_31_A_OE1,56.79,-0.404,47.552,0.976,-0.163,-0.142
GLN_31_A_OE1,56.79,0.052,47.552,0.976,0.163,-0.142
GLN_31_A_OE1,56.642,0.484,47.552,0.871,0.471,-0.142
GLN_31_A_OE1,56.362,0.844,47.552,0.67,0.728,-0.142
GLN_31_A_OE1,55.98,1.093,47.552,0.398,0.906,-0.142
GLN_31_A_OE1,55.537,1.205,47.552,0.082,0.986,-0.142
GLN_31_A_OE1,55.083,1.167,47.552,-0.243,0.96,-0.142
GLN_31_A_OE1,54.665,0.984,47.552,-0.541,0.829,-0.142
GLN_31_A_OE1,56.696,-0.176,47.169,0.91,0.0,-0.415
GLN_31_A_OE1,56.61,0.284,47.169,0.848,0.329,-0.415
GLN_31_A_OE1,56.364,0.682,47.169,0.672,0.613,-0.415
GLN_31_A_OE1,55.991,0.964,47.169,0.405,0.814,-0.415
GLN_31_A_OE1,55.541,1.092,47.169,0.084,0.906,-0.415
GLN_31_A_OE1,55.074,1.049,47.169,-0.249,0.875,-0.415
GLN_31_A_OE1,54.656,0.84,47.169,-0.548,0.726,-0.415
GLN_31_A_OE1,54.34,0.494,47.169,-0.773,0.479,-0.415
GLN_31_A_OE1,56.458,-0.396,46.834,0.739,-0.157,-0.655
GLN_31_A_OE1,56.458,0.044,46.834,0.739,0.157,-0.655
GLN_31_A_OE1,56.279,0.446,46.834,0.611,0.444,-0.655
GLN_31_A_OE1,55.952,0.74,46.834,0.378,0.654,-0.655
GLN_31_A_OE1,55.534,0.876,46.834,0.079,0.752,-0.655
GLN_31_A_OE1,55.096,0.83,46.834,-0.234,0.719,-0.655
GLN_31_A_OE1,54.715,0.61,46.834,-0.506,0.562,-0.655
GLN_31_A_OE1,54.456,0.254,46.834,-0.69,0.307,-0.655
GLN_31_A_OE1,56.18,-0.176,46.573,0.541,0.0,-0.841
GLN_31_A_OE1,56.035,0.269,46.573,0.437,0.318,-0.841
GLN_31_A_OE1,55.657,0.544,46.573,0.167,0.514,-0.841
GLN_31_A_OE1,55.189,0.544,46.573,-0.167,0.514,-0.841
GLN_31_A_OE1,54.811,0.269,46.573,-0.437,0.318,-0.841
GLN_31_A_OE1,54.666,-0.176,46.573,-0.541,0.0,-0.841
GLN_31_A_OE1,56.035,-0.621,46.573,0.437,-0.318,-0.841
GLN_31_A_OE1,55.029,-0.176,46.408,-0.282,0.0,-0.959
GLN_31_A_OE1,55.301,-0.551,46.408,-0.087,-0.268,-0.959
GLN_31_A_OE1,55.742,-0.408,46.408,0.228,-0.166,-0.959
GLN_31_A_OE1,55.742,0.056,46.408,0.228,0.166,-0.959
GLN_31_A_OE1,55.301,0.199,46.408,-0.087,0.268,-0.959
GLN_31_A_NE2,52.312,-1.028,48.523,-0.848,0.329,0.415
GLN_31_A_NE2,51.98,-1.19,48.188,-0.611,0.444,0.655
GLN_31_A_NE2,55.512,-1.517,50.689,0.234,0.719,0.655
GLN_31_A_NE2,55.227,-0.955,50.428,0.437,0.318,0.841
GLN_31_A_NE2,55.605,-1.23,50.428,0.167,0.514,0.841
GLN_31_A_NE2,55.079,-1.293,50.692,0.277,0.445,0.852
GLN_31_A_NE2,55.008,-0.871,50.539,0.594,0.257,0.762
GLN_31_A_NE2,53.612,0.008,50.621,-0.145,0.269,0.952
GLN_31_A_NE2,54.064,0.19,50.539,0.204,0.409,0.89
GLN_31_A_NE2,54.452,0.343,50.275,0.502,0.526,0.686
GLN_31_A_NE2,52.508,-0.45,49.47,-0.994,-0.083,0.066
GLN_31_A_NE2,52.502,-0.987,49.721,-0.989,0.15,-0.001
GLN_31_A_NE2,54.273,-0.929,50.901,0.374,0.194,0.907
GLN_31_A_NE2,53.934,-0.704,50.922,0.113,0.367,0.923
GLN_31_A_NE2,53.563,-0.557,50.84,-0.173,0.48,0.86
GLN_31_A_NE2,52.49,-0.922,49.179,-0.993,0.092,0.076
GLN_31_A_NE2,54.209,-0.468,50.828,0.141,0.244,0.959
GLN_31_A_NE2,54.776,-0.606,50.651,0.519,0.152,0.841
GLN_31_A_NE2,54.529,-0.221,50.651,0.354,0.409,0.841
GLN_31_A_NE2,54.8,-0.032,50.371,0.534,0.534,0.655
GLN_31_A_H,51.565,-5.47,49.742,-0.228,-0.166,0.959
GLN_31_A_H,51.977,-4.56,49.558,-0.378,0.654,0.655
GLN_31_A_H,52.304,-4.266,49.558,-0.611,0.444,0.655
GLN_31_A_H,51.682,-4.364,49.297,-0.167,0.514,0.841
GLN_31_A_H,52.061,-4.089,49.297,-0.437,0.318,0.841
GLN_31_A_H,53.093,-6.289,49.616,0.234,-0.719,0.655
GLN_31_A_H,53.186,-6.575,49.355,0.167,-0.514,0.841
GLN_31_A_H,52.808,-6.85,49.355,0.437,-0.318,0.841
GLN_31_A_H,52.701,-4.365,49.873,-0.437,0.318,0.841
GLN_31_A_H,54.317,-5.338,49.879,-0.167,-0.514,0.841
GLN_31_A_H,53.85,-5.338,49.879,0.167,-0.514,0.841
GLN_31_A_H,53.471,-5.613,49.879,0.437,-0.318,0.841
GLN_31_A_H,53.962,-5.683,49.714,0.087,-0.268,0.959
GLN_31_A_H,53.447,-5.737,49.849,0.437,-0.318,0.841
GLN_31_A_H,53.938,-5.806,49.683,0.087,-0.268,0.959
GLN_31_A_H,54.02,-6.284,49.586,-0.166,-0.307,0.937
GLN_31_A_H,53.784,-5.939,49.675,0.197,-0.173,0.965
GLN_31_A_H,53.361,-6.016,49.761,0.305,-0.499,0.811
GLN_31_A_H,53.626,-5.11,50.07,0.075,-0.429,0.9
GLN_31_A_H,53.189,-5.212,50.094,0.158,-0.083,0.984
GLN_31_A_H,53.023,-5.029,50.116,0.031,0.05,0.998
GLN_31_A_H,52.719,-4.704,50.019,-0.233,0.331,0.914
GLN_31_A_H,52.384,-4.455,49.756,-0.458,0.488,0.743
GLN_31_A_H,52.749,-6.264,49.779,0.237,-0.586,0.775
GLN_31_A_H,52.436,-6.04,49.94,-0.052,-0.378,0.924
GLN_31_A_H,52.105,-5.787,49.938,-0.358,-0.144,0.923
GLN_31_A_H,52.36,-6.438,49.806,0.268,-0.287,0.919
GLN_31_A_H,52.047,-6.206,49.884,-0.047,-0.054,0.997
GLN_31_A_H,51.742,-5.966,49.803,-0.354,0.189,0.916
GLN_31_A_H,51.885,-5.245,49.87,-0.432,0.071,0.899
GLN_31_A_H,51.929,-4.791,49.735,-0.39,0.505,0.77
GLN_31_A_H,51.541,-5.008,49.715,-0.154,0.295,0.943
GLN_31_A_H,51.589,-4.634,49.495,-0.101,0.707,0.7
GLN_31_A_H,52.711,-5.345,50.167,-0.0,0.0,1.0
GLN_31_A_H,52.506,-4.99,50.095,-0.171,0.296,0.94
GLN_31_A_H,52.301,-5.345,50.095,-0.342,0.0,0.94
GLN_31_A_H,52.506,-5.7,50.095,-0.171,-0.296,0.94
GLN_31_A_H,52.916,-5.7,50.095,0.171,-0.296,0.94
GLN_31_A_H,53.216,-5.928,49.886,0.421,-0.486,0.766
GLN_31_A_HA,52.46,-3.532,46.599,0.437,0.318,-0.841
GLN_31_A_HA,52.838,-3.807,46.599,0.167,0.514,-0.841
GLN_31_A_HA,53.306,-3.807,46.599,-0.167,0.514,-0.841
GLN_31_A_HA,52.543,-4.004,46.338,0.378,0.654,-0.655
GLN_31_A_HA,52.962,-4.14,46.338,0.079,0.752,-0.655
GLN_31_A_HA,53.399,-4.094,46.338,-0.234,0.719,-0.655
GLN_31_A_HA,53.78,-3.874,46.338,-0.506,0.562,-0.655
GLN_31_A_HA,53.284,-2.521,47.332,0.0,-0.0,-1.0
GLN_31_A_HA,52.965,-2.753,47.276,0.228,0.166,-0.959
GLN_31_A_HA,53.406,-2.896,47.276,-0.087,0.268,-0.959
GLN_31_A_HA,52.672,-2.966,47.11,0.437,0.318,-0.841
GLN_31_A_HA,53.05,-3.241,47.11,0.167,0.514,-0.841
GLN_31_A_HA,53.518,-3.241,47.11,-0.167,0.514,-0.841
GLN_31_A_HA,53.896,-2.966,47.11,-0.437,0.318,-0.841
GLN_31_A_HA,52.755,-3.437,46.849,0.378,0.654,-0.655
GLN_31_A_HA,53.173,-3.573,46.849,0.079,0.752,-0.655
GLN_31_A_HA,53.611,-3.527,46.849,-0.234,0.719,-0.655
GLN_31_A_HA,53.992,-3.307,46.849,-0.506,0.562,-0.655
GLN_31_A_HA,53.465,-4.501,46.037,0.0,-0.0,-1.0
GLN_31_A_HA,53.859,-4.501,45.98,-0.282,-0.0,-0.959
GLN_31_A_HA,53.146,-4.732,45.98,0.228,0.166,-0.959
GLN_31_A_HA,53.587,-4.876,45.98,-0.087,0.268,-0.959
GLN_31_A_HA,54.416,-5.209,45.76,-0.087,0.268,-0.959
GLN_31_A_HA,55.566,-3.704,46.167,-0.087,0.268,-0.959
GLN_31_A_HA,55.21,-4.049,46.001,0.167,0.514,-0.841
GLN_31_A_HA,55.678,-4.049,46.001,-0.167,0.514,-0.841
GLN_31_A_HA,54.442,-3.272,46.506,-0.506,0.562,-0.655
GLN_31_A_HA,54.789,-4.799,45.746,-0.282,-0.0,-0.959
GLN_31_A_HA,55.007,-5.244,45.581,-0.437,0.318,-0.841
GLN_31_A_HA,55.315,-4.444,45.707,-0.133,0.596,-0.792
GLN_31_A_HA,55.122,-4.715,45.63,-0.379,0.251,-0.891
GLN_31_A_HA,54.878,-4.37,45.788,-0.027,0.292,-0.956
GLN_31_A_HA,54.693,-4.718,45.768,-0.213,-0.058,-0.975
GLN_31_A_HA,54.175,-3.435,46.539,-0.481,0.672,-0.562
GLN_31_A_HA,54.494,-3.509,46.265,-0.278,0.623,-0.731
GLN_31_A_HA,54.872,-3.696,46.096,0.079,0.447,-0.891
GLN_31_A_HA,54.201,-4.737,45.843,-0.233,0.061,-0.971
GLN_31_A_HA,54.235,-5.131,45.784,0.042,0.213,-0.976
GLN_31_A_HA,53.863,-4.192,46.044,-0.346,0.38,-0.858
GLN_31_A_HA,53.516,-4.476,46.036,-0.037,-0.018,-0.999
GLN_31_A_HA,53.783,-3.74,46.464,-0.422,0.689,-0.589
GLN_31_A_HA,54.484,-3.745,46.06,-0.091,0.636,-0.766
GLN_31_A_HA,54.089,-3.925,46.06,-0.421,0.486,-0.766
GLN_31_A_HA,54.184,-4.508,45.851,-0.342,0.0,-0.94
GLN_31_A_HA,54.389,-4.153,45.851,-0.171,0.296,-0.94
GLN_31_A_HB2,51.665,-3.862,48.979,-0.378,0.654,0.655
GLN_31_A_HB2,51.992,-3.567,48.979,-0.611,0.444,0.655
GLN_31_A_HB2,52.171,-3.165,48.979,-0.739,0.157,0.655
GLN_31_A_HB2,52.483,-3.864,49.558,-0.739,0.157,0.655
GLN_31_A_HB2,52.486,-2.509,49.264,-0.91,-0.0,0.415
GLN_31_A_HB2,52.247,-2.729,48.929,-0.739,0.157,0.655
GLN_31_A_HB2,52.247,-2.289,48.929,-0.739,-0.157,0.655
GLN_31_A_HB2,51.969,-2.509,48.668,-0.541,-0.0,0.841
GLN_31_A_HB2,52.846,-3.92,49.873,-0.541,-0.0,0.841
GLN_31_A_HB2,52.841,-3.044,49.99,-0.675,-0.103,0.731
GLN_31_A_HB2,52.599,-2.856,49.668,-0.898,0.071,0.434
GLN_31_A_HB2,52.697,-3.685,49.777,-0.682,-0.062,0.729
GLN_31_A_HB2,52.46,-4.033,49.589,-0.723,0.278,0.633
GLN_31_A_HB2,52.425,-3.389,49.46,-0.826,0.092,0.556
GLN_31_A_HB2,52.158,-3.575,49.175,-0.73,0.449,0.515
GLN_31_A_HB2,52.796,-3.242,49.941,-0.643,0.0,0.766
GLN_31_A_HB2,52.528,-3.242,49.622,-0.866,0.0,0.5
GLN_31_A_HB3,54.168,-4.978,50.166,-0.079,-0.752,0.655
GLN_31_A_HB3,55.26,-2.981,51.285,-0.739,0.157,0.655
GLN_31_A_HB3,54.982,-2.761,51.024,-0.541,-0.0,0.841
GLN_31_A_HB3,54.838,-3.206,51.024,-0.437,0.318,0.841
GLN_31_A_HB3,54.544,-2.993,50.859,-0.228,0.166,0.959
GLN_31_A_HB3,54.625,-5.138,50.148,-0.378,-0.654,0.655
GLN_31_A_HB3,54.708,-5.609,49.887,-0.437,-0.318,0.841
GLN_31_A_HB3,55.997,-4.171,50.889,0.249,-0.875,0.415
GLN_31_A_HB3,56.019,-4.39,50.553,0.234,-0.719,0.655
GLN_31_A_HB3,55.638,-4.61,50.553,0.506,-0.562,0.655
GLN_31_A_HB3,56.112,-4.676,50.292,0.167,-0.514,0.841
GLN_31_A_HB3,55.719,-4.122,51.149,0.086,-0.841,0.534
GLN_31_A_HB3,55.381,-3.865,51.343,-0.356,-0.505,0.787
GLN_31_A_HB3,55.174,-3.446,51.337,-0.625,0.043,0.779
GLN_31_A_HB3,55.353,-4.317,51.0,0.165,-0.617,0.77
GLN_31_A_HB3,55.064,-4.066,51.151,-0.13,-0.361,0.923
GLN_31_A_HB3,54.863,-3.708,51.169,-0.335,0.004,0.942
GLN_31_A_HB3,54.794,-3.32,51.051,-0.406,0.4,0.822
GLN_31_A_HB3,54.866,-4.99,50.428,-0.152,-0.749,0.645
GLN_31_A_HB3,55.387,-4.838,50.522,0.304,-0.616,0.727
GLN_31_A_HB3,53.999,-4.379,50.582,-0.524,-0.436,0.732
GLN_31_A_HB3,53.95,-3.999,50.699,-0.557,-0.178,0.811
GLN_31_A_HB3,54.036,-3.614,50.775,-0.499,0.082,0.863
GLN_31_A_HB3,54.361,-3.282,50.881,-0.356,0.23,0.906
GLN_31_A_HB3,54.337,-2.873,50.811,-0.08,0.08,0.994
GLN_31_A_HB3,54.234,-4.754,50.44,-0.359,-0.683,0.636
GLN_31_A_HB3,53.821,-4.76,50.26,-0.294,-0.407,0.865
GLN_31_A_HB3,54.502,-3.854,51.073,-0.342,0.0,0.94
GLN_31_A_HB3,54.707,-4.209,51.073,-0.171,-0.296,0.94
GLN_31_A_HB3,54.141,-3.854,50.864,-0.643,0.0,0.766
GLN_31_A_HB3,54.263,-4.271,50.864,-0.541,-0.348,0.766
GLN_31_A_HB3,54.592,-4.556,50.864,-0.267,-0.585,0.766
GLN_31_A_HB3,55.022,-4.617,50.864,0.091,-0.636,0.766
GLN_31_A_HB3,54.681,-4.867,50.545,-0.193,-0.844,0.5
GLN_31_A_HG3,55.444,-3.329,46.223,0.0,-0.0,-1.0
GLN_31_A_HG3,55.566,-2.954,46.167,-0.087,-0.268,-0.959
GLN_31_A_HG3,54.491,-2.486,46.767,-0.541,-0.0,-0.841
GLN_31_A_HG3,54.596,-2.091,46.727,-0.541,-0.0,-0.841
GLN_31_A_HG3,56.339,-1.372,46.913,0.739,0.157,-0.655
GLN_31_A_HG3,56.518,-1.774,46.913,0.611,0.444,-0.655
GLN_31_A_HG3,56.915,-2.219,47.13,0.739,0.157,-0.655
GLN_31_A_HG3,57.093,-2.621,47.13,0.611,0.444,-0.655
GLN_31_A_HG3,57.42,-2.915,47.13,0.378,0.654,-0.655
GLN_31_A_HG3,56.967,-2.999,46.721,0.437,0.318,-0.841
GLN_31_A_HG3,56.27,-3.409,46.214,0.437,0.318,-0.841
GLN_31_A_HG3,56.675,-2.719,46.598,0.646,0.118,-0.754
GLN_31_A_HG3,55.964,-3.754,46.052,-0.371,0.304,-0.878
GLN_31_A_HG3,56.034,-3.353,46.159,0.09,0.212,-0.973
GLN_31_A_HG3,55.658,-3.105,46.189,-0.153,-0.16,-0.975
GLN_31_A_HG3,56.474,-2.853,46.408,0.556,0.079,-0.828
GLN_31_A_HG3,56.685,-2.03,46.922,0.734,0.35,-0.581
GLN_31_A_HG3,56.183,-1.736,46.605,0.517,0.436,-0.736
GLN_31_A_HG3,55.676,-1.756,46.423,0.04,0.417,-0.908
GLN_31_A_HG3,55.883,-1.313,46.595,0.331,0.129,-0.935
GLN_31_A_HG3,55.368,-1.358,46.551,-0.187,0.084,-0.979
GLN_31_A_HG3,55.16,-1.875,46.457,-0.293,0.327,-0.898
GLN_31_A_HG3,54.861,-2.076,46.544,-0.537,0.163,-0.828
GLN_31_A_HG3,54.889,-2.818,46.387,-0.56,0.129,-0.818
GLN_31_A_HG3,55.267,-3.004,46.218,-0.203,-0.047,-0.978
GLN_31_A_HG3,54.889,-3.267,46.272,-0.258,0.309,-0.916
GLN_31_A_HG3,55.26,-3.467,46.204,0.131,0.099,-0.986
GLN_31_A_HG3,56.612,-2.165,46.713,0.78,0.376,-0.5
GLN_31_A_HG3,56.447,-2.616,46.394,0.643,0.0,-0.766
GLN_31_A_HG3,56.325,-2.199,46.394,0.541,0.348,-0.766
GLN_31_A_HG3,54.936,-2.399,46.394,-0.617,0.181,-0.766
GLN_31_A_HG3,55.266,-2.616,46.185,-0.342,0.0,-0.94
GLN_31_A_HG3,56.086,-2.616,46.185,0.342,-0.0,-0.94
GLN_31_A_HG3,55.881,-2.261,46.185,0.171,0.296,-0.94
GLN_31_A_HG3,55.471,-2.261,46.185,-0.171,0.296,-0.94
GLN_31_A_HE21,52.174,-2.089,48.893,-0.739,-0.157,0.655
GLN_31_A_HE21,52.473,-1.27,49.237,-0.976,0.163,0.142
GLN_31_A_HE21,52.293,-1.502,48.855,-0.848,0.329,0.415
GLN_31_A_HE21,51.962,-1.664,48.519,-0.611,0.444,0.655
GLN_31_A_HE21,52.579,-2.281,49.646,-0.976,-0.163,0.142
GLN_31_A_HE21,53.153,-2.73,50.371,-0.611,-0.444,0.655
GLN_31_A_HE21,54.487,-1.383,50.892,0.437,0.318,0.841
GLN_31_A_HE21,54.865,-1.658,50.892,0.167,0.514,0.841
GLN_31_A_HE21,52.549,-0.762,49.816,-0.976,0.163,0.142
GLN_31_A_HE21,54.838,-2.316,51.024,-0.437,-0.318,0.841
GLN_31_A_HE21,54.544,-2.529,50.859,-0.228,-0.166,0.959
GLN_31_A_HE21,54.103,-2.386,50.859,0.087,-0.268,0.959
GLN_31_A_HE21,55.025,-1.919,51.074,0.053,0.701,0.711
GLN_31_A_HE21,54.567,-1.883,51.045,-0.036,0.089,0.995
GLN_31_A_HE21,54.198,-1.704,51.076,0.227,-0.039,0.973
GLN_31_A_HE21,54.415,-1.4,50.939,0.489,0.33,0.808
GLN_31_A_HE21,54.015,-2.615,50.802,-0.109,-0.247,0.963
GLN_31_A_HE21,53.972,-2.223,50.934,0.181,-0.384,0.905
GLN_31_A_HE21,53.793,-2.76,50.706,-0.199,-0.279,0.939
GLN_31_A_HE21,53.348,-2.483,50.708,-0.343,-0.59,0.731
GLN_31_A_HE21,52.948,-0.589,50.57,-0.603,0.454,0.656
GLN_31_A_HE21,52.679,-0.701,50.283,-0.85,0.351,0.393
GLN_31_A_HE21,52.545,-0.843,49.925,-0.973,0.221,0.064
GLN_31_A_HE21,52.853,-2.407,50.354,-0.683,-0.558,0.471
GLN_31_A_HE21,52.611,-2.219,50.032,-0.907,-0.384,0.174
GLN_31_A_HE21,52.747,-2.625,49.999,-0.839,-0.258,0.48
GLN_31_A_HE21,52.597,-2.427,49.656,-0.989,-0.059,0.135
GLN_31_A_HE21,52.42,-1.621,49.692,-1.0,-0.02,0.021
GLN_31_A_HE21,52.377,-1.6,49.254,-0.908,0.399,0.13
GLN_31_A_HE21,53.599,-1.493,51.22,-0.0,0.0,1.0
GLN_31_A_HE21,54.009,-1.493,51.148,0.342,0.0,0.94
GLN_31_A_HE21,53.804,-1.138,51.148,0.171,0.296,0.94
GLN_31_A_HE21,53.394,-1.138,51.148,-0.171,0.296,0.94
GLN_31_A_HE21,53.189,-1.493,51.148,-0.342,0.0,0.94
GLN_31_A_HE21,53.394,-1.848,51.148,-0.171,-0.296,0.94
GLN_31_A_HE21,53.804,-1.848,51.148,0.171,-0.296,0.94
GLN_31_A_HE21,52.828,-1.493,50.939,-0.643,0.0,0.766
GLN_31_A_HE21,52.95,-1.91,50.939,-0.541,-0.348,0.766
GLN_31_A_HE21,53.279,-2.195,50.939,-0.267,-0.585,0.766
GLN_31_A_HE21,53.279,-0.791,50.939,-0.267,0.585,0.766
GLN_31_A_HE21,52.95,-1.076,50.939,-0.541,0.348,0.766
GLN_31_A_HE21,52.663,-1.042,50.62,-0.78,0.376,0.5
GLN_31_A_HE21,52.56,-1.493,50.62,-0.866,0.0,0.5
GLN_31_A_HE21,52.663,-1.944,50.62,-0.78,-0.376,0.5
GLN_31_A_HE21,52.951,-2.306,50.62,-0.54,-0.677,0.5
GLN_31_A_HE21,52.417,-1.493,50.228,-0.985,0.0,0.174
GLN_31_A_HE21,52.507,-1.945,50.228,-0.91,-0.377,0.174
GLN_31_A_HE21,52.507,-1.041,50.228,-0.91,0.377,0.174
GLN_31_A_HE22,52.491,-0.796,48.905,-0.976,0.163,0.142
GLN_31_A_HE22,52.657,-0.437,48.491,-0.437,0.318,-0.841
GLN_31_A_HE22,52.372,-0.998,48.23,-0.234,0.719,-0.655
GLN_31_A_HE22,52.753,-0.778,48.23,-0.506,0.562,-0.655
GLN_31_A_HE22,53.011,-0.422,48.23,-0.69,0.307,-0.655
GLN_31_A_HE22,52.393,-1.217,47.895,-0.249,0.875,-0.415
GLN_31_A_HE22,52.812,-1.008,47.895,-0.548,0.726,-0.415
GLN_31_A_HE22,53.127,-0.662,47.895,-0.773,0.479,-0.415
GLN_31_A_HE22,52.385,-1.335,47.512,-0.243,0.96,-0.142
GLN_31_A_HE22,54.759,0.414,49.926,0.506,0.562,0.655
GLN_31_A_HE22,54.35,1.033,49.021,0.394,0.916,-0.074
GLN_31_A_HE22,54.043,1.031,48.682,0.107,0.914,-0.392
GLN_31_A_HE22,53.75,0.833,48.391,-0.167,0.729,-0.664
GLN_31_A_HE22,53.277,0.296,48.205,-0.506,0.353,-0.787
GLN_31_A_HE22,53.031,-0.072,48.304,-0.704,0.057,-0.708
GLN_31_A_HE22,54.64,0.76,49.624,0.59,0.726,0.353
GLN_31_A_HE22,54.527,0.934,49.24,0.499,0.866,0.045
GLN_31_A_HE22,53.128,-0.115,50.497,-0.448,0.179,0.876
GLN_31_A_HE22,52.805,-0.205,50.263,-0.744,0.096,0.661
GLN_31_A_HE22,52.6,-0.334,49.935,-0.933,-0.022,0.359
GLN_31_A_HE22,51.59,-1.236,47.904,-0.201,0.958,0.205
GLN_31_A_HE22,52.505,-0.191,48.938,-0.983,0.026,-0.179
GLN_31_A_HE22,52.676,-0.083,48.605,-0.745,0.176,-0.644
GLN_31_A_HE22,52.607,-0.508,48.487,-0.402,0.369,-0.838
GLN_31_A_HE22,53.827,0.455,50.506,0.171,0.296,0.94
GLN_31_A_HE22,53.417,0.455,50.506,-0.171,0.296,0.94
GLN_31_A_HE22,52.851,0.1,50.297,-0.643,0.0,0.766
GLN_31_A_HE22,54.127,0.683,50.297,0.421,0.486,0.766
GLN_31_A_HE22,53.732,0.863,50.297,0.091,0.636,0.766
GLN_31_A_HE22,53.302,0.802,50.297,-0.267,0.585,0.766
GLN_31_A_HE22,52.973,0.517,50.297,-0.541,0.348,0.766
GLN_31_A_HE22,54.27,0.913,49.978,0.54,0.677,0.5
GLN_31_A_HE22,53.853,1.113,49.978,0.193,0.844,0.5
GLN_31_A_HE22,53.391,1.113,49.978,-0.193,0.844,0.5
GLN_31_A_HE22,52.974,0.913,49.978,-0.54,0.677,0.5
GLN_31_A_HE22,52.686,0.551,49.978,-0.78,0.376,0.5
GLN_31_A_HE22,52.583,0.1,49.978,-0.866,0.0,0.5
GLN_31_A_HE22,52.44,0.1,49.586,-0.985,0.0,0.174
GLN_31_A_HE22,54.074,1.192,49.586,0.377,0.91,0.174
GLN_31_A_HE22,53.622,1.282,49.586,0.0,0.985,0.174
GLN_31_A_HE22,53.17,1.192,49.586,-0.377,0.91,0.174
GLN_31_A_HE22,52.786,0.936,49.586,-0.696,0.696,0.174
GLN_31_A_HE22,52.53,0.552,49.586,-0.91,0.377,0.174
GLN_31_A_HE22,54.074,1.192,49.17,0.377,0.91,-0.174
GLN_31_A_HE22,53.622,1.282,49.17,0.0,0.985,-0.174
GLN_31_A_HE22,53.17,1.192,49.17,-0.377,0.91,-0.174
GLN_31_A_HE22,52.786,0.936,49.17,-0.696,0.696,-0.174
GLN_31_A_HE22,52.53,0.552,49.17,-0.91,0.377,-0.174
GLN_31_A_HE22,52.44,0.1,49.17,-0.985,0.0,-0.174
GLN_31_A_HE22,53.853,1.113,48.778,0.193,0.844,-0.5
GLN_31_A_HE22,53.391,1.113,48.778,-0.193,0.844,-0.5
GLN_31_A_HE22,52.974,0.913,48.778,-0.54,0.677,-0.5
GLN_31_A_HE22,52.686,0.551,48.778,-0.78,0.376,-0.5
GLN_31_A_HE22,53.512,0.863,48.459,-0.091,0.636,-0.766
GLN_31_A_HE22,53.117,0.683,48.459,-0.421,0.486,-0.766
GLN_31_A_HE22,52.882,0.317,48.459,-0.617,0.181,-0.766
ILE_32_A_C,58.006,-4.293,50.098,-0.378,-0.654,0.655
ILE_32_A_C,58.233,-5.209,49.837,-0.541,-0.0,0.841
ILE_32_A_C,58.089,-4.764,49.837,-0.437,-0.318,0.841
ILE_32_A_C,57.71,-4.489,49.837,-0.167,-0.514,0.841
ILE_32_A_C,57.796,-4.977,49.671,-0.228,-0.166,0.959
ILE_32_A_O,58.26,-5.426,49.855,-0.541,-0.0,0.841
ILE_32_A_O,58.862,-4.322,50.865,-0.672,-0.613,0.415
ILE_32_A_O,58.955,-4.96,50.53,-0.739,-0.157,0.655
ILE_32_A_O,58.777,-4.558,50.53,-0.611,-0.444,0.655
ILE_32_A_O,58.45,-4.264,50.53,-0.378,-0.654,0.655
ILE_32_A_O,58.504,-4.347,50.488,-0.672,-0.613,0.415
ILE_32_A_O,58.598,-4.985,50.153,-0.739,-0.157,0.655
ILE_32_A_O,58.419,-4.583,50.153,-0.611,-0.444,0.655
ILE_32_A_O,58.092,-4.289,50.153,-0.378,-0.654,0.655
ILE_32_A_O,58.32,-5.205,49.892,-0.541,-0.0,0.841
ILE_32_A_O,60.065,-4.556,51.517,-0.672,-0.613,0.415
ILE_32_A_O,59.692,-4.274,51.517,-0.405,-0.814,0.415
ILE_32_A_O,59.98,-4.792,51.182,-0.611,-0.444,0.655
ILE_32_A_O,59.653,-4.498,51.182,-0.378,-0.654,0.655
ILE_32_A_O,59.235,-4.362,51.182,-0.079,-0.752,0.655
ILE_32_A_O,59.737,-4.969,50.921,-0.437,-0.318,0.841
ILE_32_A_O,59.358,-4.694,50.921,-0.167,-0.514,0.841
ILE_32_A_O,59.443,-5.182,50.755,-0.228,-0.166,0.959
ILE_32_A_O,59.136,-5.331,50.627,-0.483,-0.048,0.874
ILE_32_A_O,59.357,-4.97,50.791,-0.166,-0.317,0.934
ILE_32_A_O,59.13,-4.632,50.89,-0.478,-0.547,0.687
ILE_32_A_O,59.193,-4.357,51.184,-0.049,-0.755,0.653
ILE_32_A_O,58.728,-6.432,49.989,-0.57,-0.461,0.68
ILE_32_A_O,58.299,-6.404,49.699,-0.515,-0.099,0.851
ILE_32_A_O,58.5,-5.805,50.049,-0.7,-0.136,0.701
ILE_32_A_O,58.159,-5.578,49.805,-0.469,0.108,0.877
ILE_32_A_O,57.776,-5.805,49.667,-0.182,-0.136,0.974
ILE_32_A_O,58.718,-5.856,50.296,-0.739,-0.157,0.655
ILE_32_A_CG1,58.046,-5.566,43.573,0.084,0.906,-0.415
ILE_32_A_CG1,57.391,-5.613,43.347,-0.153,0.879,-0.451
ILE_32_A_CG1,57.514,-5.366,43.725,0.11,0.77,-0.628
ILE_32_A_CG1,58.694,-5.54,43.569,-0.002,0.999,-0.05
ILE_32_A_CG1,58.204,-5.529,43.656,-0.029,0.88,-0.475
ILE_32_A_CG1,58.306,-5.289,44.251,0.473,0.806,-0.357
ILE_32_A_CG1,58.028,-5.302,43.993,0.28,0.796,-0.536
ILE_32_A_CG1,57.042,-5.657,43.32,-0.13,0.892,-0.432
ILE_32_A_CG1,56.848,-5.474,43.653,-0.215,0.718,-0.662
ILE_32_A_CG1,58.183,-4.622,45.19,0.044,0.788,-0.615
ILE_32_A_CG1,58.472,-4.812,45.069,0.313,0.611,-0.727
ILE_32_A_CG1,58.091,-4.865,44.798,0.347,0.819,-0.457
ILE_32_A_CG1,58.43,-5.128,44.723,0.573,0.644,-0.507
ILE_32_A_CG1,57.343,-4.667,44.715,0.282,0.882,-0.378
ILE_32_A_CG1,57.063,-4.782,44.405,0.093,0.804,-0.587
ILE_32_A_CG1,56.702,-4.947,44.231,-0.151,0.693,-0.705
ILE_32_A_CG1,56.312,-5.137,44.218,-0.414,0.564,-0.714
ILE_32_A_CG1,55.951,-5.325,44.368,-0.658,0.437,-0.613
ILE_32_A_CG1,56.085,-5.64,43.928,-0.596,0.616,-0.515
ILE_32_A_CG1,56.535,-5.485,43.75,-0.315,0.713,-0.626
ILE_32_A_CG1,56.254,-5.756,43.531,-0.427,0.832,-0.355
ILE_32_A_CG1,56.679,-5.697,43.384,-0.094,0.878,-0.47
ILE_32_A_CG1,55.979,-5.972,43.269,-0.52,0.853,-0.045
ILE_32_A_CG1,56.364,-5.839,43.117,-0.193,0.966,-0.174
ILE_32_A_CG1,55.714,-5.742,44.286,-0.646,0.566,-0.512
ILE_32_A_CG1,57.979,-4.993,44.411,0.415,0.8,-0.434
ILE_32_A_CG1,57.539,-4.837,44.411,0.183,0.882,-0.434
ILE_32_A_CG1,57.65,-5.1,44.05,0.242,0.744,-0.623
ILE_32_A_CG1,57.191,-5.028,44.05,0.0,0.782,-0.623
ILE_32_A_CG1,56.732,-5.1,44.05,-0.242,0.744,-0.623
ILE_32_A_CG1,56.318,-5.311,44.05,-0.46,0.633,-0.623
ILE_32_A_CG2,59.083,-8.554,48.245,-0.073,-0.296,0.952
ILE_32_A_CG2,58.485,-9.133,48.011,-0.087,-0.304,0.949
ILE_32_A_CG2,58.561,-9.58,47.928,0.136,-0.059,0.989
ILE_32_A_CG2,58.219,-9.499,47.923,-0.178,0.016,0.984
ILE_32_A_CG2,58.507,-8.576,48.249,-0.046,-0.449,0.893
ILE_32_A_CG2,58.625,-8.172,48.483,0.254,-0.569,0.782
ILE_32_A_CG2,58.411,-8.861,48.112,-0.18,-0.395,0.901
ILE_32_A_CD1,54.362,-8.928,45.516,-0.69,-0.307,-0.655
ILE_32_A_CD1,54.103,-8.572,45.516,-0.506,-0.562,-0.655
ILE_32_A_CD1,54.647,-9.124,45.181,-0.894,-0.167,-0.415
ILE_32_A_CD1,54.478,-8.688,45.181,-0.773,-0.479,-0.415
ILE_32_A_CD1,55.0,-9.01,44.231,-0.894,-0.167,-0.415
ILE_32_A_CD1,54.831,-8.573,44.231,-0.773,-0.479,-0.415
ILE_32_A_CD1,54.697,-8.723,44.612,-0.841,-0.403,-0.361
ILE_32_A_CD1,54.908,-9.045,44.409,-0.828,-0.142,-0.543
ILE_32_A_CD1,54.831,-9.42,44.578,-0.937,0.096,-0.337
ILE_32_A_CD1,54.442,-8.169,44.477,-0.786,-0.524,-0.328
ILE_32_A_CD1,54.391,-8.415,44.96,-0.794,-0.486,-0.366
ILE_32_A_H,57.346,-3.274,46.721,0.167,0.514,-0.841
ILE_32_A_H,57.469,-3.606,46.46,0.079,0.752,-0.655
ILE_32_A_H,56.649,-3.684,46.214,0.167,0.514,-0.841
ILE_32_A_H,56.772,-4.017,45.953,0.079,0.752,-0.655
ILE_32_A_H,57.408,-4.135,45.988,0.079,0.752,-0.655
ILE_32_A_H,57.687,-3.736,46.317,-0.103,0.669,-0.736
ILE_32_A_H,57.32,-3.828,46.239,0.141,0.532,-0.835
ILE_32_A_H,56.977,-3.924,46.074,0.162,0.656,-0.737
ILE_32_A_H,57.074,-4.211,45.771,0.318,0.806,-0.5
ILE_32_A_H,56.893,-3.511,46.363,0.256,0.548,-0.796
ILE_32_A_H,56.509,-3.291,46.346,0.267,0.233,-0.935
ILE_32_A_H,57.145,-3.715,46.273,0.267,0.585,-0.766
ILE_32_A_HA,57.169,-6.57,49.549,0.282,-0.0,0.959
ILE_32_A_HA,57.207,-7.95,48.642,-0.084,-0.906,0.415
ILE_32_A_HA,57.201,-8.166,48.307,-0.079,-0.752,0.655
ILE_32_A_HA,58.19,-6.098,49.713,-0.437,-0.318,0.841
ILE_32_A_HA,57.897,-6.311,49.548,-0.228,-0.166,0.959
ILE_32_A_HA,57.456,-6.168,49.548,0.087,-0.268,0.959
ILE_32_A_HA,57.996,-8.274,48.426,-0.079,-0.752,0.655
ILE_32_A_HA,59.091,-7.917,48.661,-0.079,-0.752,0.655
ILE_32_A_HA,58.653,-7.963,48.661,0.234,-0.719,0.655
ILE_32_A_HA,59.214,-8.25,48.401,-0.167,-0.514,0.841
ILE_32_A_HA,58.747,-8.25,48.401,0.167,-0.514,0.841
ILE_32_A_HA,58.214,-7.186,49.494,0.087,-0.268,0.959
ILE_32_A_HA,58.528,-7.7,49.11,0.192,-0.773,0.604
ILE_32_A_HA,58.318,-7.203,49.484,0.013,-0.256,0.967
ILE_32_A_HA,58.114,-6.867,49.57,-0.132,-0.15,0.98
ILE_32_A_HA,58.237,-8.059,48.719,0.147,-0.817,0.557
ILE_32_A_HA,57.748,-8.119,48.599,-0.191,-0.84,0.508
ILE_32_A_HA,57.603,-8.368,48.236,-0.367,-0.607,0.705
ILE_32_A_HA,57.41,-7.821,49.001,-0.143,-0.838,0.526
ILE_32_A_HA,57.501,-7.48,49.352,-0.059,-0.525,0.849
ILE_32_A_HA,57.555,-7.012,49.511,-0.009,-0.094,0.996
ILE_32_A_HA,57.054,-7.634,49.264,0.191,-0.728,0.658
ILE_32_A_HA,57.127,-7.229,49.519,0.261,-0.337,0.904
ILE_32_A_HA,57.157,-6.748,49.565,0.29,0.127,0.948
ILE_32_A_HA,57.743,-7.281,49.474,-0.171,-0.296,0.94
ILE_32_A_HA,58.058,-7.689,49.265,0.091,-0.636,0.766
ILE_32_A_HA,57.717,-7.939,48.946,-0.193,-0.844,0.5
ILE_32_A_HA,58.179,-7.939,48.946,0.193,-0.844,0.5
ILE_32_A_HB,58.999,-4.946,45.191,0.167,0.514,-0.841
ILE_32_A_HB,58.704,-5.143,44.93,0.378,0.654,-0.655
ILE_32_A_HB,59.131,-5.297,44.911,0.079,0.752,-0.655
ILE_32_A_HB,58.674,-5.385,44.575,0.405,0.814,-0.415
ILE_32_A_HB,59.124,-5.513,44.575,0.084,0.906,-0.415
ILE_32_A_HB,58.685,-5.514,44.193,0.398,0.906,-0.142
ILE_32_A_HB,59.127,-5.626,44.193,0.082,0.986,-0.142
ILE_32_A_HB,59.678,-5.575,44.212,-0.243,0.96,-0.142
ILE_32_A_HG12,55.771,-4.335,45.74,-0.234,0.719,-0.655
ILE_32_A_HG12,55.102,-5.586,45.32,-0.506,0.562,-0.655
ILE_32_A_HG12,55.361,-5.23,45.32,-0.69,0.307,-0.655
ILE_32_A_HG12,55.477,-5.47,44.985,-0.773,0.479,-0.415
ILE_32_A_HG12,56.765,-4.232,45.618,0.084,0.906,-0.415
ILE_32_A_HG12,56.768,-4.345,45.236,0.082,0.986,-0.142
ILE_32_A_HG12,57.808,-4.635,45.143,0.084,0.906,-0.415
ILE_32_A_HG12,57.401,-4.351,45.652,0.084,0.906,-0.415
ILE_32_A_HG12,57.613,-4.453,45.413,0.075,0.895,-0.439
ILE_32_A_HG12,57.402,-4.551,45.095,0.374,0.845,-0.382
ILE_32_A_HG12,56.938,-4.336,45.384,0.191,0.951,-0.244
ILE_32_A_HG12,56.423,-4.356,45.247,-0.188,0.928,-0.321
ILE_32_A_HG12,56.128,-4.288,45.581,-0.488,0.685,-0.541
ILE_32_A_HG12,56.239,-3.98,45.846,-0.056,0.66,-0.749
ILE_32_A_HG12,55.636,-5.412,44.719,-0.779,0.424,-0.462
ILE_32_A_HG12,55.477,-5.792,44.516,-0.532,0.654,-0.538
ILE_32_A_HG12,55.877,-4.655,45.156,-0.534,0.746,-0.398
ILE_32_A_HG12,55.654,-4.967,45.066,-0.759,0.431,-0.488
ILE_32_A_HG12,55.514,-4.718,45.415,-0.481,0.541,-0.69
ILE_32_A_HG12,55.353,-5.019,45.399,-0.685,0.157,-0.711
ILE_32_A_HG12,56.716,-4.363,45.097,0.0,0.985,-0.174
ILE_32_A_HG12,56.947,-4.532,44.705,0.193,0.844,-0.5
ILE_32_A_HG12,56.485,-4.532,44.705,-0.193,0.844,-0.5
ILE_32_A_HG12,56.068,-4.732,44.705,-0.54,0.677,-0.5
ILE_32_A_HG12,55.78,-5.094,44.705,-0.78,0.376,-0.5
ILE_32_A_HG12,56.606,-4.782,44.386,-0.091,0.636,-0.766
ILE_32_A_HG12,56.211,-4.962,44.386,-0.421,0.486,-0.766
ILE_32_A_HG21,60.166,-9.42,46.982,0.548,-0.726,0.415
ILE_32_A_HG21,60.225,-9.65,46.647,0.506,-0.562,0.655
ILE_32_A_HG21,60.808,-9.287,46.67,0.234,-0.719,0.655
ILE_32_A_HG21,60.831,-9.011,47.086,0.249,-0.875,0.415
ILE_32_A_HG22,57.324,-8.498,48.046,-0.167,-0.514,0.841
ILE_32_A_HG22,57.17,-9.822,47.389,-0.91,-0.0,0.415
ILE_32_A_HG22,56.932,-9.602,47.053,-0.739,-0.157,0.655
ILE_32_A_HG22,56.753,-9.2,47.053,-0.611,-0.444,0.655
ILE_32_A_HG22,58.12,-8.607,48.165,-0.167,-0.514,0.841
ILE_32_A_HG22,57.301,-9.683,47.607,-0.76,-0.006,0.65
ILE_32_A_HG22,57.715,-9.614,47.872,-0.282,0.073,0.957
ILE_32_A_HG22,57.427,-9.278,47.77,-0.501,-0.219,0.837
ILE_32_A_HG22,57.955,-9.232,47.922,0.011,-0.175,0.985
ILE_32_A_HG22,57.743,-8.764,48.041,-0.187,-0.379,0.906
ILE_32_A_HG22,57.183,-8.889,47.775,-0.502,-0.446,0.741
ILE_32_A_HG22,57.181,-8.473,48.042,-0.065,-0.532,0.844
ILE_32_A_HG22,56.734,-8.329,48.11,-0.182,-0.846,0.501
ILE_32_A_HG22,57.731,-9.043,47.951,-0.171,-0.296,0.94
ILE_32_A_HG22,57.287,-9.105,47.742,-0.541,-0.348,0.766
ILE_32_A_HD11,55.402,-8.26,47.618,-0.084,-0.906,0.415
ILE_32_A_HD11,54.936,-8.303,47.618,0.249,-0.875,0.415
ILE_32_A_HD11,55.395,-8.475,47.283,-0.079,-0.752,0.655
ILE_32_A_HD11,54.958,-8.521,47.283,0.234,-0.719,0.655
ILE_32_A_HD11,54.628,-8.858,46.822,0.243,-0.96,0.142
ILE_32_A_HD11,55.086,-8.933,46.44,-0.084,-0.906,0.415
ILE_32_A_HD11,54.62,-8.976,46.44,0.249,-0.875,0.415
ILE_32_A_HD11,55.079,-9.149,46.105,-0.079,-0.752,0.655
ILE_32_A_HD11,54.641,-9.195,46.105,0.234,-0.719,0.655
ILE_32_A_HD11,54.26,-9.415,46.105,0.506,-0.562,0.655
ILE_32_A_HD11,55.202,-9.481,45.844,-0.167,-0.514,0.841
ILE_32_A_HD11,54.734,-9.481,45.844,0.167,-0.514,0.841
ILE_32_A_HD11,55.691,-9.099,46.474,-0.405,-0.814,0.415
ILE_32_A_HD11,55.653,-9.323,46.139,-0.378,-0.654,0.655
ILE_32_A_HD11,56.502,-8.413,47.657,-0.405,-0.814,0.415
ILE_32_A_HD11,56.051,-8.285,47.657,-0.084,-0.906,0.415
ILE_32_A_HD11,56.463,-8.637,47.321,-0.378,-0.654,0.655
ILE_32_A_HD11,56.045,-8.501,47.321,-0.079,-0.752,0.655
ILE_32_A_HD11,56.426,-8.906,47.053,-0.378,-0.654,0.655
ILE_32_A_HD11,56.007,-8.77,47.053,-0.079,-0.752,0.655
ILE_32_A_HD11,55.908,-8.876,46.924,-0.079,-0.752,0.655
ILE_32_A_HD11,55.945,-8.907,46.895,-0.105,-0.73,0.675
ILE_32_A_HD11,55.704,-8.508,47.311,-0.069,-0.753,0.654
ILE_32_A_HD11,55.823,-8.299,47.626,0.079,-0.896,0.437
ILE_32_A_HD11,55.313,-8.776,46.938,-0.089,-0.854,0.512
ILE_32_A_HD11,54.938,-8.616,47.195,0.248,-0.651,0.718
ILE_32_A_HD11,54.53,-8.831,47.18,0.47,-0.815,0.339
ILE_32_A_HD11,55.561,-8.862,46.88,-0.193,-0.844,0.5
ILE_32_A_HD12,53.879,-8.018,45.268,-0.506,-0.562,-0.655
ILE_32_A_HD12,54.253,-8.134,44.933,-0.773,-0.479,-0.415
ILE_32_A_HD12,54.621,-5.84,45.334,-0.234,0.719,-0.655
ILE_32_A_HD12,54.643,-6.058,44.998,-0.249,0.875,-0.415
ILE_32_A_HD12,55.162,-5.816,44.985,-0.548,0.726,-0.415
ILE_32_A_HD12,54.62,-8.266,44.265,-0.773,-0.479,-0.415
ILE_32_A_HD12,54.631,-8.085,43.883,-0.781,-0.608,-0.142
ILE_32_A_HD12,55.24,-6.264,43.965,-0.249,0.875,-0.415
ILE_32_A_HD12,55.659,-6.055,43.965,-0.548,0.726,-0.415
ILE_32_A_HD12,55.232,-6.382,43.582,-0.243,0.96,-0.142
ILE_32_A_HD12,55.649,-6.199,43.582,-0.541,0.829,-0.142
ILE_32_A_HD12,55.448,-6.308,43.184,-0.398,0.906,0.142
ILE_32_A_HD12,55.052,-6.464,43.479,-0.444,0.885,-0.138
ILE_32_A_HD12,54.743,-6.726,43.423,-0.767,0.611,-0.197
ILE_32_A_HD12,54.754,-6.511,43.843,-0.527,0.718,-0.455
ILE_32_A_HD12,54.492,-6.853,43.802,-0.776,0.394,-0.494
ILE_32_A_HD12,55.087,-6.035,44.504,-0.387,0.869,-0.309
ILE_32_A_HD12,54.397,-7.84,44.024,-0.809,-0.504,-0.302
ILE_32_A_HD12,54.29,-7.46,43.942,-0.915,-0.129,-0.383
ILE_32_A_HD12,54.359,-7.072,43.857,-0.847,0.255,-0.467
ILE_32_A_HD12,54.396,-7.535,43.572,-0.99,-0.075,-0.119
ILE_32_A_HD12,54.542,-7.04,43.463,-0.811,0.528,-0.251
ILE_32_A_HD12,54.512,-6.239,44.613,-0.385,0.856,-0.345
ILE_32_A_HD12,54.265,-6.517,44.429,-0.614,0.598,-0.515
ILE_32_A_HD12,54.094,-6.888,44.357,-0.772,0.255,-0.582
ILE_32_A_HD12,54.025,-7.294,44.407,-0.836,-0.121,-0.535
ILE_32_A_HD12,54.069,-7.672,44.572,-0.795,-0.471,-0.383
ILE_32_A_HD12,54.766,-6.153,44.512,-0.377,0.91,-0.174
ILE_32_A_HD12,54.179,-7.245,44.12,-0.866,0.0,-0.5
ILE_32_A_HD12,54.987,-6.232,44.12,-0.193,0.844,-0.5
ILE_32_A_HD12,54.57,-6.432,44.12,-0.54,0.677,-0.5
ILE_32_A_HD12,54.282,-6.794,44.12,-0.78,0.376,-0.5
ARG_33_A_CA,61.868,-1.751,47.674,0.405,0.814,-0.415
ARG_33_A_C,62.971,-2.973,49.027,0.69,0.307,0.655
ARG_33_A_C,62.989,-2.915,48.981,0.69,0.307,0.655
ARG_33_A_C,62.321,-1.992,47.292,0.082,0.986,-0.142
ARG_33_A_C,63.921,-3.152,47.965,0.789,0.411,0.456
ARG_33_A_C,63.765,-2.799,47.81,0.7,0.611,0.368
ARG_33_A_C,63.554,-2.51,47.598,0.581,0.775,0.248
ARG_33_A_C,63.301,-2.302,47.342,0.437,0.893,0.102
ARG_33_A_C,63.156,-2.791,48.748,0.685,0.402,0.607
ARG_33_A_C,63.207,-2.521,48.407,0.719,0.583,0.379
ARG_33_A_C,63.101,-2.275,48.06,0.648,0.747,0.148
ARG_33_A_C,62.853,-2.085,47.754,0.482,0.874,-0.057
ARG_33_A_C,62.495,-1.975,47.527,0.243,0.947,-0.209
ARG_33_A_C,62.964,-2.307,48.702,0.896,0.338,0.289
ARG_33_A_C,62.873,-2.045,48.338,0.811,0.582,-0.05
ARG_33_A_C,62.597,-1.855,48.025,0.554,0.759,-0.342
ARG_33_A_C,62.19,-1.776,47.828,0.175,0.833,-0.525
ARG_33_A_C,63.419,-3.009,48.651,0.633,0.46,0.623
ARG_33_A_C,63.68,-2.993,48.29,0.77,0.468,0.434
ARG_33_A_C,63.385,-2.631,48.29,0.615,0.658,0.434
ARG_33_A_C,63.398,-2.455,47.889,0.621,0.751,0.223
ARG_33_A_C,62.891,-2.105,47.466,0.355,0.935,0.0
ARG_33_A_O,63.208,-3.628,49.296,0.506,0.562,0.655
ARG_33_A_O,63.235,-3.405,49.062,0.506,0.562,0.655
ARG_33_A_O,62.914,-4.614,49.755,0.541,-0.0,0.841
ARG_33_A_O,64.042,-3.595,48.117,0.773,0.479,0.415
ARG_33_A_O,64.343,-4.825,48.17,0.894,-0.167,0.415
ARG_33_A_O,64.343,-5.293,48.17,0.894,0.167,0.415
ARG_33_A_O,64.141,-3.848,48.257,0.832,0.455,0.316
ARG_33_A_O,64.187,-5.419,48.59,0.843,0.106,0.528
ARG_33_A_O,64.231,-4.979,48.445,0.974,-0.057,0.219
ARG_33_A_O,64.32,-4.597,48.314,0.937,-0.052,0.347
ARG_33_A_O,64.287,-4.237,48.297,0.909,0.25,0.333
ARG_33_A_O,63.735,-5.085,49.27,0.752,-0.127,0.647
ARG_33_A_O,63.423,-4.868,49.536,0.491,0.055,0.87
ARG_33_A_O,63.135,-5.179,49.769,0.382,0.404,0.831
ARG_33_A_O,63.486,-3.374,48.844,0.574,0.55,0.606
ARG_33_A_O,63.803,-3.456,48.5,0.775,0.498,0.388
ARG_33_A_O,63.184,-4.277,49.621,0.476,0.083,0.875
ARG_33_A_O,63.241,-3.86,49.451,0.524,0.432,0.734
ARG_33_A_O,62.906,-3.923,49.79,0.748,0.158,0.644
ARG_33_A_O,62.89,-3.562,49.589,0.733,0.514,0.446
ARG_33_A_O,63.646,-4.548,49.423,0.541,0.0,0.841
ARG_33_A_O,63.501,-4.103,49.423,0.437,0.318,0.841
ARG_33_A_O,63.947,-4.548,49.162,0.756,0.0,0.655
ARG_33_A_O,63.856,-4.118,49.162,0.69,0.307,0.655
ARG_33_A_O,63.597,-3.762,49.162,0.506,0.562,0.655
ARG_33_A_O,64.141,-4.782,48.827,0.894,-0.167,0.415
ARG_33_A_O,64.141,-4.314,48.827,0.894,0.167,0.415
ARG_33_A_O,63.972,-3.878,48.827,0.773,0.479,0.415
ARG_33_A_CB,60.287,-3.762,51.317,0.234,-0.719,0.655
ARG_33_A_CB,59.906,-3.982,51.317,0.506,-0.562,0.655
ARG_33_A_CB,59.647,-4.338,51.317,0.69,-0.307,0.655
ARG_33_A_CB,60.38,-4.049,51.056,0.167,-0.514,0.841
ARG_33_A_CB,60.001,-4.324,51.056,0.437,-0.318,0.841
ARG_33_A_CB,60.492,-4.394,50.891,0.087,-0.268,0.959
ARG_33_A_CB,62.551,-2.543,49.744,0.99,-0.0,0.142
ARG_33_A_CB,62.685,-2.777,49.362,0.894,0.167,0.415
ARG_33_A_CB,62.482,-2.695,50.073,0.952,0.001,0.307
ARG_33_A_CB,62.562,-2.838,49.83,0.967,0.122,0.223
ARG_33_A_CG,62.36,-2.089,50.781,0.915,-0.25,0.317
ARG_33_A_CG,62.424,-2.395,50.39,0.917,-0.219,0.332
ARG_33_A_CG,62.535,-2.339,50.003,0.967,-0.2,0.159
ARG_33_A_CG,60.905,-0.81,48.061,0.106,0.626,-0.772
ARG_33_A_CG,61.339,-0.964,48.084,0.384,0.527,-0.758
ARG_33_A_CG,61.049,-1.138,47.754,0.306,0.78,-0.546
ARG_33_A_CG,61.404,-1.334,47.797,0.597,0.619,-0.511
ARG_33_A_CG,61.299,0.186,50.273,0.358,0.932,0.05
ARG_33_A_CG,60.825,0.291,50.119,0.068,0.997,-0.044
ARG_33_A_CG,60.32,0.244,50.066,-0.24,0.968,-0.076
ARG_33_A_CG,60.98,0.32,50.503,0.282,0.931,-0.231
ARG_33_A_CG,60.532,0.347,50.408,-0.057,0.951,-0.303
ARG_33_A_CG,60.086,0.236,50.409,-0.395,0.868,-0.302
ARG_33_A_CG,62.433,-1.62,50.778,0.947,-0.035,0.319
ARG_33_A_CG,61.682,-0.029,50.433,0.537,0.834,0.131
ARG_33_A_CG,59.964,0.125,49.562,-0.264,0.963,0.047
ARG_33_A_CG,60.277,0.141,49.165,-0.053,0.974,-0.222
ARG_33_A_CG,60.478,-0.036,48.734,0.083,0.854,-0.513
ARG_33_A_CG,60.526,-0.369,48.356,0.116,0.629,-0.769
ARG_33_A_CG,61.451,0.176,49.814,0.355,0.935,0.0
ARG_33_A_CG,61.006,0.285,49.814,0.121,0.993,0.0
ARG_33_A_CG,60.548,0.285,49.814,-0.121,0.993,0.0
ARG_33_A_CG,60.103,0.176,49.814,-0.355,0.935,0.0
ARG_33_A_CG,61.124,0.219,49.391,0.183,0.958,-0.223
ARG_33_A_CG,60.661,0.248,49.391,-0.061,0.973,-0.223
ARG_33_A_CG,61.125,0.075,48.99,0.183,0.882,-0.434
ARG_33_A_CG,60.66,0.107,48.99,-0.061,0.899,-0.434
ARG_33_A_CG,61.236,-0.188,48.629,0.242,0.744,-0.623
ARG_33_A_CG,60.777,-0.116,48.629,0.0,0.782,-0.623
ARG_33_A_CG,61.23,-0.507,48.329,0.239,0.576,-0.782
ARG_33_A_CG,60.777,-0.416,48.329,0.0,0.623,-0.782
ARG_33_A_CD,62.335,-1.047,51.07,0.977,0.197,0.082
ARG_33_A_CD,62.186,-0.616,51.023,0.886,0.461,0.054
ARG_33_A_CD,61.934,-0.256,50.893,0.731,0.681,-0.026
ARG_33_A_CD,62.368,-1.312,51.066,0.994,0.084,0.072
ARG_33_A_CD,61.474,0.098,50.714,0.506,0.854,-0.12
ARG_33_A_CD,61.516,-0.907,52.846,0.697,0.352,0.624
ARG_33_A_CD,61.27,-0.575,52.846,0.542,0.562,0.625
ARG_33_A_CD,61.243,-0.852,53.191,0.744,0.549,0.381
ARG_33_A_CD,60.983,-0.593,53.183,0.535,0.757,0.375
ARG_33_A_CD,59.264,-0.225,50.424,-0.677,0.683,-0.275
ARG_33_A_CD,59.584,0.01,50.396,-0.482,0.826,-0.292
ARG_33_A_CD,59.431,-0.154,50.089,-0.595,0.803,-0.049
ARG_33_A_CD,59.745,0.016,50.051,-0.358,0.93,-0.078
ARG_33_A_CD,58.896,-0.336,51.189,-0.694,0.71,-0.116
ARG_33_A_CD,59.009,-0.219,51.645,-0.641,0.766,0.042
ARG_33_A_CD,58.689,-0.438,51.735,-0.505,0.842,-0.188
ARG_33_A_CD,58.881,-0.496,50.71,-0.645,0.711,-0.28
ARG_33_A_CD,61.883,-0.962,52.499,0.744,0.242,0.623
ARG_33_A_CD,61.672,-0.548,52.499,0.633,0.46,0.623
ARG_33_A_CD,62.118,-0.959,52.138,0.868,0.243,0.434
ARG_33_A_CD,61.933,-0.532,52.138,0.77,0.468,0.434
ARG_33_A_CD,62.308,-1.189,51.737,0.967,0.122,0.223
ARG_33_A_CD,62.192,-0.739,51.737,0.906,0.359,0.223
ARG_33_A_CD,61.969,-0.332,51.737,0.789,0.573,0.223
ARG_33_A_CD,62.37,-1.421,51.314,1.0,0.0,0.0
ARG_33_A_CD,62.315,-0.966,51.314,0.971,0.239,0.0
ARG_33_A_CD,62.152,-0.538,51.314,0.885,0.465,0.0
ARG_33_A_CD,61.892,-0.161,51.314,0.749,0.663,0.0
ARG_33_A_CD,59.048,-0.161,51.314,-0.749,0.663,0.0
ARG_33_A_CD,59.477,0.143,50.891,-0.522,0.823,-0.223
ARG_33_A_CD,59.12,-0.153,50.891,-0.711,0.667,-0.223
ARG_33_A_NE,58.739,-0.42,51.671,-0.541,0.829,-0.142
ARG_33_A_NE,58.628,-0.596,51.036,-0.524,0.791,-0.315
ARG_33_A_NE,58.197,-0.672,51.665,-0.413,0.862,-0.293
ARG_33_A_NE,58.224,-0.818,50.99,-0.455,0.883,-0.121
ARG_33_A_CZ,59.856,-3.609,52.035,0.541,-0.829,0.142
ARG_33_A_CZ,59.52,-3.918,52.035,0.781,-0.608,0.142
ARG_33_A_CZ,59.846,-3.752,51.652,0.548,-0.726,0.415
ARG_33_A_CZ,59.531,-4.098,51.652,0.773,-0.479,0.415
ARG_33_A_CZ,59.681,-4.145,51.899,-0.398,-0.906,0.142
ARG_33_A_CZ,59.239,-4.033,51.899,-0.082,-0.986,0.142
ARG_33_A_CZ,59.242,-4.146,51.517,-0.084,-0.906,0.415
ARG_33_A_CZ,59.661,-3.764,52.449,0.67,-0.728,-0.142
ARG_33_A_CZ,58.933,-4.15,51.426,-0.338,-0.891,0.304
ARG_33_A_CZ,59.01,-4.044,51.836,0.082,-0.979,0.187
ARG_33_A_CZ,58.459,-3.982,51.991,-0.207,-0.95,-0.233
ARG_33_A_CZ,59.24,-0.278,52.736,-0.141,0.91,0.391
ARG_33_A_CZ,58.963,-0.254,52.329,-0.365,0.929,0.062
ARG_33_A_CZ,58.803,-0.327,52.732,-0.06,0.993,0.099
ARG_33_A_CZ,58.556,-0.391,52.235,-0.215,0.953,-0.212
ARG_33_A_CZ,60.559,-3.057,52.75,0.442,-0.814,0.376
ARG_33_A_CZ,60.148,-3.347,52.719,0.648,-0.757,0.083
ARG_33_A_CZ,58.465,-0.451,52.065,-0.253,0.932,-0.258
ARG_33_A_CZ,57.768,-0.962,51.563,-0.511,0.769,-0.384
ARG_33_A_CZ,56.923,-1.193,52.818,-0.61,0.792,0.01
ARG_33_A_CZ,56.935,-1.275,52.326,-0.603,0.742,-0.294
ARG_33_A_CZ,57.321,-1.185,51.753,-0.607,0.717,-0.342
ARG_33_A_CZ,57.282,-1.347,51.331,-0.327,0.917,-0.23
ARG_33_A_CZ,58.115,-0.819,53.962,-0.242,0.744,0.623
ARG_33_A_CZ,58.457,-0.524,53.601,-0.061,0.899,0.434
ARG_33_A_CZ,58.001,-0.619,53.601,-0.302,0.849,0.434
ARG_33_A_CZ,57.587,-0.833,53.601,-0.52,0.736,0.434
ARG_33_A_CZ,58.921,-0.412,53.2,0.183,0.958,0.223
ARG_33_A_CZ,58.458,-0.383,53.2,-0.061,0.973,0.223
ARG_33_A_CZ,58.002,-0.47,53.2,-0.301,0.927,0.223
ARG_33_A_CZ,57.581,-0.668,53.2,-0.522,0.823,0.223
ARG_33_A_CZ,57.224,-0.964,53.2,-0.711,0.667,0.223
ARG_33_A_CZ,58.345,-0.346,52.777,-0.121,0.993,0.0
ARG_33_A_CZ,57.9,-0.455,52.777,-0.355,0.935,0.0
ARG_33_A_CZ,57.495,-0.668,52.777,-0.568,0.823,0.0
ARG_33_A_CZ,57.152,-0.972,52.777,-0.749,0.663,0.0
ARG_33_A_CZ,58.002,-0.47,52.354,-0.301,0.927,-0.223
ARG_33_A_CZ,57.581,-0.668,52.354,-0.522,0.823,-0.223
ARG_33_A_CZ,57.224,-0.964,52.354,-0.711,0.667,-0.223
ARG_33_A_CZ,58.001,-0.619,51.953,-0.302,0.849,-0.434
ARG_33_A_CZ,57.587,-0.833,51.953,-0.52,0.736,-0.434
ARG_33_A_NH1,60.42,-3.036,53.078,0.541,-0.829,0.142
ARG_33_A_NH1,60.646,-2.878,53.267,0.551,-0.816,0.177
ARG_33_A_NH1,58.552,-0.712,54.002,-0.252,0.886,0.39
ARG_33_A_NH1,58.946,-0.567,53.725,-0.009,0.976,0.218
ARG_33_A_NH1,59.413,-0.714,54.515,0.075,0.907,0.415
ARG_33_A_NH1,59.3,-0.589,54.105,0.0,0.99,0.142
ARG_33_A_NH2,56.908,-1.431,52.068,-0.548,0.726,-0.415
ARG_33_A_NH2,56.899,-1.574,51.686,-0.541,0.829,-0.142
ARG_33_A_NH2,56.697,-1.683,51.287,-0.398,0.906,0.142
ARG_33_A_NH2,56.258,-1.682,50.905,-0.084,0.906,0.415
ARG_33_A_NH2,56.708,-1.554,50.905,-0.405,0.814,0.415
ARG_33_A_NH2,56.077,-1.947,52.332,-0.754,0.655,-0.039
ARG_33_A_NH2,56.366,-1.734,52.104,-0.532,0.819,-0.215
ARG_33_A_NH2,56.458,-1.494,52.612,-0.582,0.801,-0.142
ARG_33_A_H,57.832,-3.267,46.794,0.084,0.906,-0.415
ARG_33_A_H,57.957,-2.553,47.749,0.167,0.514,-0.841
ARG_33_A_H,58.425,-2.553,47.749,-0.167,0.514,-0.841
ARG_33_A_H,57.662,-2.75,47.488,0.378,0.654,-0.655
ARG_33_A_H,58.08,-2.886,47.488,0.079,0.752,-0.655
ARG_33_A_H,58.518,-2.84,47.488,-0.234,0.719,-0.655
ARG_33_A_H,58.073,-3.101,47.153,0.084,0.906,-0.415
ARG_33_A_H,58.539,-3.058,47.153,-0.249,0.875,-0.415
ARG_33_A_H,58.958,-2.85,47.153,-0.548,0.726,-0.415
ARG_33_A_H,58.531,-3.177,46.77,-0.243,0.96,-0.142
ARG_33_A_H,58.949,-2.993,46.77,-0.541,0.829,-0.142
ARG_33_A_H,57.907,-3.56,46.46,-0.234,0.719,-0.655
ARG_33_A_H,58.253,-4.374,45.478,-0.234,0.719,-0.655
ARG_33_A_H,57.845,-4.089,45.988,-0.234,0.719,-0.655
ARG_33_A_H,58.226,-3.869,45.988,-0.506,0.562,-0.655
ARG_33_A_H,59.905,-2.984,46.077,-0.167,0.514,-0.841
ARG_33_A_H,60.256,-4.111,45.596,0.0,-0.0,-1.0
ARG_33_A_H,60.65,-4.111,45.539,-0.282,-0.0,-0.959
ARG_33_A_H,59.85,-4.553,45.509,0.228,0.166,-0.959
ARG_33_A_H,60.291,-4.696,45.509,-0.087,0.268,-0.959
ARG_33_A_H,59.557,-4.766,45.344,0.437,0.318,-0.841
ARG_33_A_H,59.936,-5.041,45.344,0.167,0.514,-0.841
ARG_33_A_H,60.403,-5.041,45.344,-0.167,0.514,-0.841
ARG_33_A_H,60.782,-4.766,45.344,-0.437,0.318,-0.841
ARG_33_A_H,59.641,-5.237,45.083,0.378,0.654,-0.655
ARG_33_A_H,60.059,-5.373,45.083,0.079,0.752,-0.655
ARG_33_A_H,60.496,-5.327,45.083,-0.234,0.719,-0.655
ARG_33_A_H,59.602,-5.461,44.747,0.405,0.814,-0.415
ARG_33_A_H,60.052,-5.589,44.747,0.084,0.906,-0.415
ARG_33_A_H,60.078,-3.559,45.615,-0.16,0.307,-0.938
ARG_33_A_H,60.216,-3.898,45.579,0.028,-0.153,-0.988
ARG_33_A_H,59.677,-3.469,45.692,0.038,0.574,-0.818
ARG_33_A_H,59.802,-3.863,45.542,0.165,0.172,-0.971
ARG_33_A_H,59.064,-2.987,46.437,-0.446,0.847,-0.288
ARG_33_A_H,59.392,-3.082,46.067,-0.134,0.757,-0.64
ARG_33_A_H,58.702,-4.059,45.538,-0.326,0.385,-0.863
ARG_33_A_H,58.987,-4.247,45.419,-0.055,0.207,-0.977
ARG_33_A_H,58.852,-4.666,45.286,0.272,0.314,-0.909
ARG_33_A_H,58.349,-3.612,46.093,-0.576,0.58,-0.576
ARG_33_A_H,58.025,-3.813,46.152,-0.362,0.522,-0.773
ARG_33_A_H,58.46,-3.88,45.771,-0.53,0.486,-0.695
ARG_33_A_H,58.276,-4.198,45.632,-0.25,0.594,-0.765
ARG_33_A_H,58.442,-3.331,46.378,-0.475,0.788,-0.391
ARG_33_A_H,58.847,-3.093,46.404,-0.377,0.91,-0.174
ARG_33_A_H,59.068,-3.172,46.012,-0.193,0.844,-0.5
ARG_33_A_H,58.651,-3.372,46.012,-0.54,0.677,-0.5
ARG_33_A_H,59.189,-3.422,45.693,-0.091,0.636,-0.766
ARG_33_A_H,58.794,-3.602,45.693,-0.421,0.486,-0.766
ARG_33_A_H,59.709,-4.185,45.484,0.342,-0.0,-0.94
ARG_33_A_H,59.504,-3.83,45.484,0.171,0.296,-0.94
ARG_33_A_H,59.094,-3.83,45.484,-0.171,0.296,-0.94
ARG_33_A_HA,58.899,-2.62,47.488,-0.506,0.562,-0.655
ARG_33_A_HA,59.274,-2.504,47.153,-0.773,0.479,-0.415
ARG_33_A_HA,58.218,-2.457,47.848,0.084,0.906,-0.415
ARG_33_A_HA,58.684,-2.414,47.848,-0.249,0.875,-0.415
ARG_33_A_HA,59.103,-2.205,47.848,-0.548,0.726,-0.415
ARG_33_A_HA,59.419,-1.86,47.848,-0.773,0.479,-0.415
ARG_33_A_HA,59.43,-2.04,47.466,-0.781,0.608,-0.142
ARG_33_A_HA,60.283,-2.709,46.077,-0.437,0.318,-0.841
ARG_33_A_HA,60.379,-3.051,45.816,-0.506,0.562,-0.655
ARG_33_A_HA,60.499,-1.158,47.578,0.084,0.906,-0.415
ARG_33_A_HA,61.457,-1.643,47.173,0.67,0.728,-0.142
ARG_33_A_HA,61.415,-1.586,47.28,0.67,0.728,-0.142
ARG_33_A_HA,61.831,-1.915,47.04,0.398,0.906,-0.142
ARG_33_A_HA,60.818,-1.257,47.369,0.168,0.946,-0.278
ARG_33_A_HA,61.189,-1.389,47.388,0.492,0.831,-0.261
ARG_33_A_HA,61.36,-1.664,46.781,0.476,0.849,-0.231
ARG_33_A_HA,61.021,-1.67,46.482,0.153,0.843,-0.515
ARG_33_A_HA,60.689,-1.868,46.247,-0.162,0.655,-0.738
ARG_33_A_HA,60.433,-2.22,46.124,-0.406,0.321,-0.856
ARG_33_A_HA,60.353,-1.255,47.345,-0.137,0.938,-0.319
ARG_33_A_HA,59.986,-1.392,47.335,-0.497,0.804,-0.328
ARG_33_A_HA,59.689,-1.633,47.423,-0.787,0.567,-0.242
ARG_33_A_HA,59.913,-1.182,47.733,-0.445,0.653,-0.612
ARG_33_A_HA,59.541,-1.541,47.886,-0.861,0.251,-0.442
ARG_33_A_HA,59.539,-2.359,46.696,-0.786,0.399,-0.473
ARG_33_A_HA,59.867,-2.455,46.326,-0.474,0.308,-0.825
ARG_33_A_HA,59.481,-2.74,46.4,-0.497,0.625,-0.602
ARG_33_A_HA,59.837,-2.9,46.136,-0.119,0.454,-0.883
ARG_33_A_HA,57.218,-2.022,47.61,0.739,0.411,-0.534
ARG_33_A_HA,59.425,-2.114,47.235,-0.838,0.476,-0.266
ARG_33_A_HA,61.05,-1.378,47.112,0.377,0.91,-0.174
ARG_33_A_HA,60.598,-1.288,47.112,0.0,0.985,-0.174
ARG_33_A_HA,59.762,-1.634,47.112,-0.696,0.696,-0.174
ARG_33_A_HA,60.829,-1.457,46.72,0.193,0.844,-0.5
ARG_33_A_HA,60.367,-1.457,46.72,-0.193,0.844,-0.5
ARG_33_A_HA,59.95,-1.657,46.72,-0.54,0.677,-0.5
ARG_33_A_HA,59.662,-2.019,46.72,-0.78,0.376,-0.5
ARG_33_A_HA,60.488,-1.707,46.401,-0.091,0.636,-0.766
ARG_33_A_HA,60.093,-1.887,46.401,-0.421,0.486,-0.766
ARG_33_A_HB3,62.605,-3.291,50.014,0.936,0.321,0.142
ARG_33_A_HB3,62.833,-3.512,49.632,0.773,0.479,0.415
ARG_33_A_HB3,61.061,-3.475,51.442,-0.079,-0.752,0.655
ARG_33_A_HB3,61.184,-3.808,51.181,-0.167,-0.514,0.841
ARG_33_A_HB3,62.171,-2.728,50.99,0.99,-0.0,0.142
ARG_33_A_HB3,62.305,-2.494,50.608,0.894,-0.167,0.415
ARG_33_A_HB3,62.305,-2.962,50.608,0.894,0.167,0.415
ARG_33_A_HB3,61.238,-4.521,50.913,-0.228,-0.166,0.959
ARG_33_A_HB3,61.977,-5.096,50.532,0.541,-0.0,0.841
ARG_33_A_HB3,62.613,-4.614,50.016,0.756,-0.0,0.655
ARG_33_A_HB3,62.47,-4.602,50.213,0.858,-0.008,0.514
ARG_33_A_HB3,62.288,-4.354,50.53,0.698,-0.349,0.626
ARG_33_A_HB3,62.634,-3.959,50.182,0.868,-0.144,0.474
ARG_33_A_HB3,62.689,-3.566,50.022,0.919,0.222,0.326
ARG_33_A_HB3,61.421,-3.884,51.167,0.002,-0.452,0.892
ARG_33_A_HB3,61.808,-3.778,51.132,0.375,-0.35,0.858
ARG_33_A_HB3,62.119,-3.564,50.992,0.675,-0.143,0.723
ARG_33_A_HB3,62.299,-3.277,50.773,0.849,0.133,0.512
ARG_33_A_HB3,61.673,-3.513,51.352,0.369,-0.584,0.723
ARG_33_A_HB3,62.045,-3.256,51.185,0.796,-0.289,0.532
ARG_33_A_HB3,62.197,-2.898,50.901,0.971,0.122,0.206
ARG_33_A_HB3,61.79,-4.422,50.865,0.412,-0.376,0.83
ARG_33_A_HB3,61.424,-4.353,50.975,-0.002,-0.298,0.955
ARG_33_A_HB3,61.251,-4.739,50.897,-0.238,-0.01,0.971
ARG_33_A_HB3,62.446,-3.055,50.364,0.902,0.252,0.35
ARG_33_A_HB3,62.449,-2.721,50.192,0.975,0.02,0.222
ARG_33_A_HB3,61.963,-4.235,50.883,0.421,-0.486,0.766
ARG_33_A_HB3,62.198,-3.869,50.883,0.617,-0.181,0.766
ARG_33_A_HB3,62.497,-3.652,50.564,0.866,0.0,0.5
ARG_33_A_HB3,62.394,-4.103,50.564,0.78,-0.376,0.5
ARG_33_A_HG2,62.645,-2.034,49.699,0.936,-0.321,0.142
ARG_33_A_HG2,62.704,-2.25,49.316,0.894,-0.167,0.415
ARG_33_A_HG2,61.907,-1.527,48.009,0.378,0.654,-0.655
ARG_33_A_HG2,62.805,-2.115,49.114,0.957,-0.033,0.29
ARG_33_A_HG2,62.816,-1.855,48.776,0.968,0.241,-0.067
ARG_33_A_HG2,62.641,-1.639,48.453,0.783,0.469,-0.408
ARG_33_A_HG2,62.315,-1.511,48.21,0.44,0.604,-0.665
ARG_33_A_HG2,62.834,-1.645,49.208,0.988,-0.135,-0.072
ARG_33_A_HG2,62.745,-1.385,48.848,0.903,0.112,-0.415
ARG_33_A_HG2,62.472,-1.198,48.539,0.643,0.29,-0.709
ARG_33_A_HG2,62.07,-1.12,48.344,0.261,0.364,-0.894
ARG_33_A_HG2,62.681,-1.822,49.99,0.924,-0.31,0.226
ARG_33_A_HG2,62.629,-1.483,50.323,0.889,-0.08,0.451
ARG_33_A_HG2,61.903,-0.051,50.0,0.398,0.887,0.233
ARG_33_A_HG2,61.727,0.053,49.56,0.279,0.958,-0.065
ARG_33_A_HG2,61.628,-0.033,49.092,0.212,0.9,-0.381
ARG_33_A_HG2,61.623,-0.294,48.683,0.209,0.723,-0.658
ARG_33_A_HG2,61.713,-0.683,48.405,0.27,0.46,-0.846
ARG_33_A_HG2,62.547,-1.009,50.433,0.826,0.17,0.538
ARG_33_A_HG2,62.419,-0.639,50.392,0.719,0.478,0.504
ARG_33_A_HG2,62.203,-0.331,50.281,0.539,0.735,0.411
ARG_33_A_HG2,62.349,-0.836,50.727,0.887,0.34,0.311
ARG_33_A_HG2,62.166,-0.475,50.646,0.749,0.614,0.25
ARG_33_A_HG2,61.901,-0.196,50.496,0.548,0.826,0.136
ARG_33_A_HG2,62.777,-1.177,50.132,0.866,0.0,0.5
ARG_33_A_HG2,62.674,-0.726,50.132,0.78,0.376,0.5
ARG_33_A_HG2,62.386,-0.364,50.132,0.54,0.677,0.5
ARG_33_A_HG2,62.83,-1.629,49.74,0.91,-0.377,0.174
ARG_33_A_HG2,62.92,-1.177,49.74,0.985,0.0,0.174
ARG_33_A_HG2,62.83,-0.725,49.74,0.91,0.377,0.174
ARG_33_A_HG2,62.574,-0.341,49.74,0.696,0.696,0.174
ARG_33_A_HG2,62.19,-0.085,49.74,0.377,0.91,0.174
ARG_33_A_HG2,62.92,-1.177,49.324,0.985,0.0,-0.174
ARG_33_A_HG2,62.83,-0.725,49.324,0.91,0.377,-0.174
ARG_33_A_HG2,62.574,-0.341,49.324,0.696,0.696,-0.174
ARG_33_A_HG2,62.19,-0.085,49.324,0.377,0.91,-0.174
ARG_33_A_HG2,62.777,-1.177,48.932,0.866,-0.0,-0.5
ARG_33_A_HG2,62.674,-0.726,48.932,0.78,0.376,-0.5
ARG_33_A_HG2,62.386,-0.364,48.932,0.54,0.677,-0.5
ARG_33_A_HG2,61.969,-0.164,48.932,0.193,0.844,-0.5
ARG_33_A_HG2,62.387,-0.76,48.613,0.541,0.348,-0.766
ARG_33_A_HG2,62.058,-0.475,48.613,0.267,0.585,-0.766
ARG_33_A_HG3,58.003,-0.987,48.751,-0.082,0.986,0.142
ARG_33_A_HG3,58.445,-0.875,48.751,-0.398,0.906,0.142
ARG_33_A_HG3,58.725,-0.81,49.417,-0.67,0.728,0.142
ARG_33_A_HG3,58.154,-0.724,48.865,0.0,-0.0,-1.0
ARG_33_A_HG3,57.835,-0.956,48.809,0.228,0.166,-0.959
ARG_33_A_HG3,58.276,-1.099,48.809,-0.087,0.268,-0.959
ARG_33_A_HG3,57.92,-1.444,48.643,0.167,0.514,-0.841
ARG_33_A_HG3,58.766,-1.169,48.643,-0.437,0.318,-0.841
ARG_33_A_HG3,58.458,-1.564,48.61,-0.087,0.268,-0.959
ARG_33_A_HG3,58.102,-1.909,48.445,0.167,0.514,-0.841
ARG_33_A_HG3,58.57,-1.909,48.445,-0.167,0.514,-0.841
ARG_33_A_HG3,58.948,-1.634,48.445,-0.437,0.318,-0.841
ARG_33_A_HG3,58.225,-2.241,48.184,0.079,0.752,-0.655
ARG_33_A_HG3,58.663,-2.195,48.184,-0.234,0.719,-0.655
ARG_33_A_HG3,59.044,-1.975,48.184,-0.506,0.562,-0.655
ARG_33_A_HG3,59.303,-1.62,48.184,-0.69,0.307,-0.655
ARG_33_A_HG3,59.008,-0.565,49.846,-0.67,0.728,0.142
ARG_33_A_HG3,60.383,-0.61,48.174,0.167,0.514,-0.841
ARG_33_A_HG3,60.506,-0.943,47.913,0.079,0.752,-0.655
ARG_33_A_HG3,60.142,-0.737,48.05,0.014,0.568,-0.823
ARG_33_A_HG3,59.775,-0.875,48.041,-0.346,0.434,-0.832
ARG_33_A_HG3,59.478,-1.116,48.129,-0.636,0.198,-0.746
ARG_33_A_HG3,59.398,-0.15,49.761,-0.572,0.799,0.186
ARG_33_A_HG3,58.971,-0.558,49.649,-0.753,0.646,0.129
ARG_33_A_HG3,57.175,-1.623,47.945,0.765,0.482,-0.427
ARG_33_A_HG3,56.946,-0.37,48.17,0.886,0.433,-0.168
ARG_33_A_HG3,59.013,-0.493,48.855,-0.676,0.672,-0.303
ARG_33_A_HG3,59.063,-0.703,48.576,-0.603,0.367,-0.708
ARG_33_A_HG3,58.891,-0.571,49.203,-0.754,0.653,0.065
ARG_33_A_HG3,59.571,0.031,49.449,-0.377,0.91,0.174
ARG_33_A_HG3,59.187,-0.225,49.449,-0.696,0.696,0.174
ARG_33_A_HG3,60.023,0.121,49.033,0.0,0.985,-0.174
ARG_33_A_HG3,59.571,0.031,49.033,-0.377,0.91,-0.174
ARG_33_A_HG3,59.187,-0.225,49.033,-0.696,0.696,-0.174
ARG_33_A_HG3,60.254,-0.048,48.641,0.193,0.844,-0.5
ARG_33_A_HG3,59.792,-0.048,48.641,-0.193,0.844,-0.5
ARG_33_A_HG3,59.375,-0.248,48.641,-0.54,0.677,-0.5
ARG_33_A_HG3,59.913,-0.298,48.322,-0.091,0.636,-0.766
ARG_33_A_HG3,59.518,-0.478,48.322,-0.421,0.486,-0.766
ARG_33_A_HG3,59.283,-0.844,48.322,-0.617,0.181,-0.766
ARG_33_A_HD2,60.829,-2.972,52.696,0.249,-0.875,0.415
ARG_33_A_HD2,60.573,-3.18,52.165,0.243,-0.96,0.142
ARG_33_A_HD2,60.155,-3.363,52.165,0.541,-0.829,0.142
ARG_33_A_HD2,60.564,-3.298,51.782,0.249,-0.875,0.415
ARG_33_A_HD2,60.586,-3.517,51.447,0.234,-0.719,0.655
ARG_33_A_HD2,61.304,-2.786,52.814,0.234,-0.719,0.655
ARG_33_A_HD2,61.681,-1.203,52.791,0.69,0.307,0.655
ARG_33_A_HD2,62.438,-1.907,50.686,0.894,-0.167,0.415
ARG_33_A_HD2,61.068,-3.26,51.777,-0.084,-0.906,0.415
ARG_33_A_HD2,62.246,-2.278,50.99,0.936,-0.321,0.142
ARG_33_A_HD2,61.4,-3.341,51.65,0.129,-0.825,0.55
ARG_33_A_HD2,61.842,-3.167,51.564,0.635,-0.626,0.452
ARG_33_A_HD2,62.115,-2.848,51.329,0.948,-0.259,0.183
ARG_33_A_HD2,61.506,-3.155,51.973,0.275,-0.91,0.31
ARG_33_A_HD2,61.863,-2.991,51.883,0.62,-0.752,0.224
ARG_33_A_HD2,62.114,-2.735,51.7,0.862,-0.505,0.047
ARG_33_A_HD2,62.215,-2.431,51.454,0.959,-0.212,-0.189
ARG_33_A_HD2,62.286,-2.16,51.44,0.968,-0.199,-0.154
ARG_33_A_HD2,62.243,-2.256,51.09,0.939,-0.338,0.071
ARG_33_A_HD2,61.925,-1.223,52.558,0.715,0.343,0.609
ARG_33_A_HD2,62.163,-1.292,52.221,0.876,0.296,0.381
ARG_33_A_HD2,62.309,-1.484,51.879,0.975,0.167,0.15
ARG_33_A_HD2,62.344,-1.772,51.579,0.998,-0.029,-0.053
ARG_33_A_HD2,61.461,-2.57,52.968,0.428,-0.618,0.659
ARG_33_A_HD2,61.716,-2.146,53.023,0.668,-0.219,0.711
ARG_33_A_HD2,61.769,-1.654,52.96,0.718,0.242,0.652
ARG_33_A_HD2,61.389,-2.282,53.328,0.728,-0.499,0.471
ARG_33_A_HD2,61.54,-1.836,53.325,0.883,-0.036,0.467
ARG_33_A_HD2,61.487,-1.381,53.214,0.829,0.435,0.353
ARG_33_A_HD2,61.148,-2.872,52.761,0.192,-0.82,0.539
ARG_33_A_HD2,60.967,-2.742,53.086,0.474,-0.75,0.461
ARG_33_A_HD2,60.911,-3.083,52.403,0.103,-0.946,0.308
ARG_33_A_HD2,61.686,-2.557,52.847,0.421,-0.486,0.766
ARG_33_A_HD2,61.921,-2.191,52.847,0.617,-0.181,0.766
ARG_33_A_HD2,62.22,-1.974,52.528,0.866,0.0,0.5
ARG_33_A_HD2,62.117,-1.523,52.528,0.78,0.376,0.5
ARG_33_A_HD2,61.412,-2.987,52.528,0.193,-0.844,0.5
ARG_33_A_HD2,61.829,-2.787,52.528,0.54,-0.677,0.5
ARG_33_A_HD2,62.117,-2.425,52.528,0.78,-0.376,0.5
ARG_33_A_HD2,61.633,-3.066,52.136,0.377,-0.91,0.174
ARG_33_A_HD2,62.017,-2.81,52.136,0.696,-0.696,0.174
ARG_33_A_HD2,62.273,-2.426,52.136,0.91,-0.377,0.174
ARG_33_A_HD2,62.363,-1.974,52.136,0.985,0.0,0.174
ARG_33_A_HD2,62.363,-1.974,51.72,0.985,0.0,-0.174
ARG_33_A_HD2,62.273,-2.426,51.72,0.91,-0.377,-0.174
ARG_33_A_HD3,59.976,-0.296,53.05,-0.405,0.814,0.415
ARG_33_A_HD3,59.938,-0.072,52.714,-0.378,0.654,0.655
ARG_33_A_HD3,59.193,-0.076,51.739,-0.67,0.728,0.142
ARG_33_A_HD3,61.025,-0.32,52.792,0.506,0.562,0.655
ARG_33_A_HD3,61.11,0.397,50.878,0.493,0.782,-0.382
ARG_33_A_HD3,60.704,0.487,50.746,0.155,0.857,-0.492
ARG_33_A_HD3,60.271,0.447,50.701,-0.205,0.823,-0.53
ARG_33_A_HD3,61.484,0.21,51.186,0.684,0.704,-0.191
ARG_33_A_HD3,61.615,0.094,51.626,0.773,0.625,0.106
ARG_33_A_HD3,61.551,-0.025,52.08,0.73,0.545,0.413
ARG_33_A_HD3,61.301,-0.126,52.47,0.561,0.476,0.677
ARG_33_A_HD3,59.353,0.135,51.502,-0.757,0.653,0.023
ARG_33_A_HD3,59.511,0.236,51.116,-0.65,0.721,-0.239
ARG_33_A_HD3,59.804,0.314,50.813,-0.452,0.774,-0.444
ARG_33_A_HD3,60.763,0.016,52.719,0.316,0.537,0.782
ARG_33_A_HD3,60.248,0.1,52.702,-0.179,0.618,0.766
ARG_33_A_HD3,60.461,-0.162,52.985,0.108,0.786,0.608
ARG_33_A_HD3,59.997,-0.198,52.906,-0.42,0.745,0.518
ARG_33_A_HD3,59.717,0.123,52.419,-0.481,0.623,0.617
ARG_33_A_HD3,59.454,0.146,52.033,-0.715,0.643,0.274
ARG_33_A_HD3,59.35,-0.083,52.374,-0.451,0.819,0.356
ARG_33_A_HD3,59.146,-0.135,51.963,-0.637,0.771,-0.018
ARG_33_A_HD3,60.979,0.218,52.51,0.421,0.486,0.766
ARG_33_A_HD3,60.584,0.398,52.51,0.091,0.636,0.766
ARG_33_A_HD3,60.154,0.337,52.51,-0.267,0.585,0.766
ARG_33_A_HD3,61.122,0.448,52.191,0.54,0.677,0.5
ARG_33_A_HD3,60.705,0.648,52.191,0.193,0.844,0.5
ARG_33_A_HD3,60.243,0.648,52.191,-0.193,0.844,0.5
ARG_33_A_HD3,59.826,0.448,52.191,-0.54,0.677,0.5
ARG_33_A_HD3,61.31,0.471,51.799,0.696,0.696,0.174
ARG_33_A_HD3,60.926,0.727,51.799,0.377,0.91,0.174
ARG_33_A_HD3,60.474,0.817,51.799,0.0,0.985,0.174
ARG_33_A_HD3,60.022,0.727,51.799,-0.377,0.91,0.174
ARG_33_A_HD3,59.638,0.471,51.799,-0.696,0.696,0.174
ARG_33_A_HD3,61.31,0.471,51.383,0.696,0.696,-0.174
ARG_33_A_HD3,60.926,0.727,51.383,0.377,0.91,-0.174
ARG_33_A_HD3,60.474,0.817,51.383,0.0,0.985,-0.174
ARG_33_A_HD3,60.022,0.727,51.383,-0.377,0.91,-0.174
ARG_33_A_HD3,59.638,0.471,51.383,-0.696,0.696,-0.174
ARG_33_A_HD3,60.705,0.648,50.991,0.193,0.844,-0.5
ARG_33_A_HD3,60.243,0.648,50.991,-0.193,0.844,-0.5
ARG_33_A_HD3,59.826,0.448,50.991,-0.54,0.677,-0.5
ARG_33_A_HE,58.135,-1.015,50.198,-0.249,0.875,-0.415
ARG_33_A_HE,57.672,-1.171,49.816,0.082,0.986,-0.142
ARG_33_A_HE,58.126,-1.133,49.816,-0.243,0.96,-0.142
ARG_33_A_HE,58.544,-0.95,49.816,-0.541,0.829,-0.142
ARG_33_A_HE,57.028,-0.95,49.417,0.541,0.829,0.142
ARG_33_A_HE,57.446,-1.133,49.417,0.243,0.96,0.142
ARG_33_A_HE,57.9,-1.171,49.417,-0.082,0.986,0.142
ARG_33_A_HE,58.343,-1.059,49.417,-0.398,0.906,0.142
ARG_33_A_HE,57.438,-1.015,49.035,0.249,0.875,0.415
ARG_33_A_HE,57.904,-1.058,49.035,-0.084,0.906,0.415
ARG_33_A_HE,57.592,-1.08,51.59,-0.548,0.726,-0.415
ARG_33_A_HE,57.583,-1.223,51.208,-0.541,0.829,-0.142
ARG_33_A_HE,56.939,-1.444,50.81,-0.082,0.986,0.142
ARG_33_A_HE,57.381,-1.332,50.81,-0.398,0.906,0.142
ARG_33_A_HE,56.942,-1.331,50.427,-0.084,0.906,0.415
ARG_33_A_HE,58.058,-0.893,51.238,-0.541,0.829,-0.142
ARG_33_A_HE,58.828,-0.705,50.244,-0.541,0.829,-0.142
ARG_33_A_HE,58.372,-0.96,50.114,-0.418,0.836,-0.355
ARG_33_A_HE,58.541,-0.787,50.488,-0.337,0.887,-0.317
ARG_33_A_HE,57.962,-0.964,51.119,-0.473,0.879,-0.058
ARG_33_A_HE,57.74,-1.081,50.604,-0.477,0.876,0.074
ARG_33_A_HE,57.939,-1.025,50.317,-0.266,0.936,-0.231
ARG_33_A_HE,57.687,-1.132,50.004,0.071,0.958,-0.277
ARG_33_A_HE,57.223,-1.092,50.027,0.073,0.968,0.24
ARG_33_A_HE,58.088,-0.909,50.55,-0.377,0.91,-0.174
ARG_33_A_HH11,59.523,-0.537,53.432,-0.082,0.986,0.142
ARG_33_A_HH11,59.526,-0.424,53.05,-0.084,0.906,0.415
ARG_33_A_HH11,61.336,-1.223,53.509,0.936,0.321,0.142
ARG_33_A_HH11,60.965,-0.55,53.127,0.548,0.726,0.415
ARG_33_A_HH11,60.65,-0.405,53.289,0.396,0.838,0.375
ARG_33_A_HH11,60.185,-0.329,53.274,-0.134,0.924,0.357
ARG_33_A_HH11,60.395,-0.431,53.647,0.155,0.979,0.135
ARG_33_A_HH11,59.882,-0.471,53.559,-0.338,0.94,0.051
ARG_33_A_HH11,61.258,-1.061,53.575,0.881,0.461,0.104
ARG_33_A_HH11,61.049,-0.776,53.575,0.701,0.706,0.104
ARG_33_A_HH11,61.356,-2.019,53.714,0.926,-0.31,0.217
ARG_33_A_HH11,61.409,-1.527,53.651,0.976,0.152,0.159
ARG_33_A_HH11,59.693,-0.718,54.508,-0.06,0.862,0.503
ARG_33_A_HH11,59.582,-0.568,54.058,-0.145,0.977,0.157
ARG_33_A_HH11,61.13,-1.176,54.42,0.78,0.376,0.5
ARG_33_A_HH11,60.842,-0.814,54.42,0.54,0.677,0.5
ARG_33_A_HH11,60.425,-0.614,54.42,0.193,0.844,0.5
ARG_33_A_HH11,59.963,-0.614,54.42,-0.193,0.844,0.5
ARG_33_A_HH11,61.376,-1.627,54.028,0.985,0.0,0.174
ARG_33_A_HH11,61.286,-1.175,54.028,0.91,0.377,0.174
ARG_33_A_HH11,61.03,-0.791,54.028,0.696,0.696,0.174
ARG_33_A_HH11,60.646,-0.535,54.028,0.377,0.91,0.174
ARG_33_A_HH11,60.194,-0.445,54.028,0.0,0.985,0.174
ARG_33_A_HH21,55.667,-2.078,51.488,-0.405,0.814,0.415
ARG_33_A_HH21,55.209,-1.99,51.153,-0.079,0.752,0.655
ARG_33_A_HH21,55.26,-2.541,51.285,-0.739,-0.157,0.655
ARG_33_A_HH21,55.957,-1.779,51.024,-0.084,0.906,0.415
ARG_33_A_HH21,56.46,-4.015,51.271,-0.082,-0.986,0.142
ARG_33_A_HH21,56.92,-3.94,51.214,0.398,-0.906,-0.142
ARG_33_A_HH21,57.591,-3.828,50.815,-0.082,-0.986,0.142
ARG_33_A_HH21,57.136,-3.866,50.815,0.243,-0.96,0.142
ARG_33_A_HH21,56.719,-4.049,50.815,0.541,-0.829,0.142
ARG_33_A_HH21,57.594,-3.941,50.433,-0.084,-0.906,0.415
ARG_33_A_HH21,57.128,-3.984,50.433,0.249,-0.875,0.415
ARG_33_A_HH21,56.709,-4.193,50.433,0.548,-0.726,0.415
ARG_33_A_HH21,57.587,-4.157,50.098,-0.079,-0.752,0.655
ARG_33_A_HH21,57.15,-4.203,50.098,0.234,-0.719,0.655
ARG_33_A_HH21,56.769,-4.423,50.098,0.506,-0.562,0.655
ARG_33_A_HH21,58.261,-3.837,51.646,-0.243,-0.96,-0.142
ARG_33_A_HH21,57.806,-3.799,51.646,0.082,-0.986,-0.142
ARG_33_A_HH21,58.477,-3.911,51.247,-0.398,-0.906,0.142
ARG_33_A_HH21,58.035,-3.799,51.247,-0.082,-0.986,0.142
ARG_33_A_HH21,58.488,-4.04,50.865,-0.405,-0.814,0.415
ARG_33_A_HH21,58.038,-3.912,50.865,-0.084,-0.906,0.415
ARG_33_A_HH21,57.449,-3.824,51.269,0.082,-0.986,-0.142
ARG_33_A_HH21,57.678,-3.824,50.871,-0.082,-0.986,0.142
ARG_33_A_HH21,58.131,-4.065,50.488,-0.405,-0.814,0.415
ARG_33_A_HH21,56.51,-4.035,51.187,-0.117,-0.972,0.202
ARG_33_A_HH21,55.419,-3.088,51.548,-0.853,0.233,0.467
ARG_33_A_HH21,56.101,-1.91,51.753,-0.453,0.887,0.094
ARG_33_A_HH21,55.966,-1.877,51.328,-0.09,0.976,0.199
ARG_33_A_HH21,55.801,-2.188,51.954,-0.726,0.634,0.265
ARG_33_A_HH21,55.66,-2.108,51.545,-0.401,0.836,0.375
ARG_33_A_HH21,55.26,-2.194,51.334,-0.531,0.311,0.788
GLY_34_A_N,62.274,-2.027,47.04,0.082,0.986,-0.142
GLY_34_A_N,63.237,-2.068,46.376,0.169,0.974,0.151
GLY_34_A_N,63.108,-2.038,46.03,0.084,0.994,-0.075
GLY_34_A_N,62.941,-2.128,47.004,0.296,0.949,0.11
GLY_34_A_N,62.595,-2.053,46.898,0.083,0.996,0.044
GLY_34_A_N,62.58,-1.939,46.168,0.179,0.97,0.165
GLY_34_A_N,62.675,-1.989,46.478,0.0,0.99,0.142
GLY_34_A_CA,64.512,-3.369,47.521,0.437,0.318,0.841
GLY_34_A_CA,65.783,-4.431,45.303,0.929,-0.371,0.022
GLY_34_A_CA,65.883,-4.014,45.373,0.992,-0.105,0.067
GLY_34_A_CA,65.869,-3.58,45.364,0.983,0.172,0.061
GLY_34_A_CA,65.548,-4.926,45.405,0.875,-0.484,0.001
GLY_34_A_CA,63.527,-2.573,44.389,-0.228,0.801,-0.554
GLY_34_A_CA,63.881,-2.56,44.325,-0.035,0.808,-0.589
GLY_34_A_CA,64.587,-3.578,47.556,0.514,0.262,0.817
GLY_34_A_CA,64.227,-3.602,47.864,0.641,0.484,0.596
GLY_34_A_CA,63.601,-2.117,46.454,-0.017,0.944,0.33
GLY_34_A_CA,63.478,-2.04,46.09,-0.088,0.989,0.119
GLY_34_A_CA,64.432,-3.143,47.469,0.424,0.405,0.81
GLY_34_A_CA,64.275,-2.79,47.315,0.336,0.605,0.722
GLY_34_A_CA,64.065,-2.501,47.103,0.216,0.769,0.602
GLY_34_A_CA,63.812,-2.293,46.846,0.073,0.887,0.456
GLY_34_A_CA,64.079,-2.989,47.619,0.586,0.529,0.614
GLY_34_A_CA,63.899,-2.674,47.44,0.477,0.719,0.505
GLY_34_A_CA,63.672,-2.431,47.21,0.34,0.866,0.367
GLY_34_A_CA,63.411,-2.273,46.944,0.183,0.961,0.206
GLY_34_A_CA,63.318,-2.041,45.608,-0.056,0.996,-0.072
GLY_34_A_CA,63.288,-2.135,45.182,-0.075,0.935,-0.348
GLY_34_A_CA,63.203,-2.347,44.81,-0.13,0.797,-0.589
GLY_34_A_CA,65.092,-3.397,47.223,0.576,0.239,0.782
GLY_34_A_CA,64.836,-3.012,47.223,0.441,0.441,0.782
GLY_34_A_CA,64.451,-2.756,47.223,0.239,0.576,0.782
GLY_34_A_CA,65.411,-3.391,46.923,0.744,0.242,0.623
GLY_34_A_CA,65.2,-2.977,46.923,0.633,0.46,0.623
GLY_34_A_CA,64.871,-2.648,46.923,0.46,0.633,0.623
GLY_34_A_CA,64.457,-2.437,46.923,0.242,0.744,0.623
GLY_34_A_CA,65.71,-3.85,46.562,0.901,0.0,0.434
GLY_34_A_CA,65.646,-3.388,46.562,0.868,0.243,0.434
GLY_34_A_CA,65.461,-2.961,46.562,0.77,0.468,0.434
GLY_34_A_CA,63.881,-2.142,46.562,-0.061,0.899,0.434
GLY_34_A_CA,65.836,-4.082,46.161,0.967,-0.122,0.223
GLY_34_A_CA,65.836,-3.618,46.161,0.967,0.122,0.223
GLY_34_A_CA,65.72,-3.168,46.161,0.906,0.359,0.223
GLY_34_A_CA,65.898,-3.85,45.738,1.0,0.0,0.0
GLY_34_A_CA,65.843,-3.395,45.738,0.971,0.239,0.0
GLY_34_A_CA,65.68,-4.733,45.738,0.885,-0.465,0.0
GLY_34_A_CA,65.843,-4.305,45.738,0.971,-0.239,0.0
GLY_34_A_CA,63.539,-2.437,44.553,-0.242,0.744,-0.623
GLY_34_A_C,65.342,-5.649,45.011,0.894,-0.167,0.415
GLY_34_A_C,65.627,-6.313,44.675,0.69,0.307,0.655
GLY_34_A_C,63.445,-3.15,43.209,-0.258,0.852,-0.455
GLY_34_A_C,65.402,-5.244,45.229,0.851,-0.456,0.26
GLY_34_A_C,63.658,-2.719,44.071,-0.1,0.923,-0.372
GLY_34_A_C,64.015,-2.737,44.025,0.094,0.913,-0.398
GLY_34_A_C,62.472,-3.89,43.205,-0.79,0.452,-0.414
GLY_34_A_C,62.856,-3.486,43.154,-0.546,0.709,-0.447
GLY_34_A_C,62.706,-3.777,42.789,-0.726,0.671,-0.148
GLY_34_A_C,63.111,-3.499,42.734,-0.396,0.898,-0.192
GLY_34_A_C,62.045,-4.234,43.649,-0.763,0.469,-0.444
GLY_34_A_C,62.942,-2.91,44.032,-0.3,0.854,-0.425
GLY_34_A_C,62.542,-3.226,43.892,-0.558,0.651,-0.515
GLY_34_A_C,62.197,-3.624,43.937,-0.779,0.396,-0.486
GLY_34_A_C,62.503,-2.897,44.261,-0.262,0.649,-0.714
GLY_34_A_C,62.169,-3.217,44.218,-0.54,0.384,-0.749
GLY_34_A_C,61.909,-3.583,44.338,-0.756,0.08,-0.65
GLY_34_A_C,63.672,-2.891,43.595,-0.061,0.899,-0.434
GLY_34_A_C,63.216,-2.986,43.595,-0.302,0.849,-0.434
GLY_34_A_C,62.802,-3.2,43.595,-0.52,0.736,-0.434
GLY_34_A_C,62.461,-3.519,43.595,-0.699,0.569,-0.434
GLY_34_A_C,62.219,-3.917,43.595,-0.826,0.359,-0.434
GLY_34_A_O,61.508,-4.345,44.777,-0.894,0.167,-0.415
GLY_34_A_O,61.566,-4.561,44.395,-0.936,0.321,-0.142
GLY_34_A_O,60.878,-5.107,45.083,-0.506,0.562,-0.655
GLY_34_A_O,61.136,-4.751,45.083,-0.69,0.307,-0.655
GLY_34_A_O,60.518,-5.546,44.747,-0.249,0.875,-0.415
GLY_34_A_O,60.937,-5.337,44.747,-0.548,0.726,-0.415
GLY_34_A_O,61.252,-4.991,44.747,-0.773,0.479,-0.415
GLY_34_A_O,60.927,-5.481,44.365,-0.541,0.829,-0.142
GLY_34_A_O,61.263,-5.172,44.365,-0.781,0.608,-0.142
GLY_34_A_O,61.108,-5.34,43.967,-0.67,0.728,0.142
GLY_34_A_O,61.431,-5.071,43.193,-0.249,0.875,-0.415
GLY_34_A_O,61.85,-4.862,43.193,-0.548,0.726,-0.415
GLY_34_A_O,61.841,-5.006,42.811,-0.541,0.829,-0.142
GLY_34_A_O,61.933,-4.14,44.01,-0.773,0.479,-0.415
GLY_34_A_O,62.219,-4.407,43.238,-0.773,0.479,-0.415
GLY_34_A_O,61.68,-4.411,44.167,-0.848,0.447,-0.284
GLY_34_A_O,61.593,-4.252,44.587,-0.955,0.101,-0.28
GLY_34_A_O,61.495,-4.818,43.924,-0.829,0.552,-0.086
GLY_34_A_O,61.699,-4.712,43.577,-0.639,0.651,-0.409
GLY_34_A_O,61.54,-4.995,43.267,-0.327,0.821,-0.468
GLY_34_A_H,60.638,-2.695,45.816,-0.69,0.307,-0.655
GLY_34_A_H,60.868,-4.556,45.373,-0.437,0.318,-0.841
GLY_34_A_H,61.013,-4.111,45.373,-0.541,-0.0,-0.841
GLY_34_A_H,60.868,-3.666,45.373,-0.437,-0.318,-0.841
GLY_34_A_H,61.314,-4.111,45.112,-0.756,-0.0,-0.655
GLY_34_A_H,61.222,-3.681,45.112,-0.69,-0.307,-0.655
GLY_34_A_H,61.222,-4.542,45.112,-0.69,0.307,-0.655
GLY_34_A_H,62.038,-1.986,46.619,0.243,0.96,0.142
GLY_34_A_H,62.794,-2.557,44.607,0.079,0.752,-0.655
GLY_34_A_H,63.231,-2.511,44.607,-0.234,0.719,-0.655
GLY_34_A_H,63.253,-2.729,44.272,-0.249,0.875,-0.415
GLY_34_A_H,61.817,-3.9,44.345,-0.69,0.307,-0.655
GLY_34_A_H,61.607,-3.806,44.616,-0.796,0.015,-0.605
GLY_34_A_H,61.342,-3.629,44.936,-0.776,-0.344,-0.529
GLY_34_A_H,62.406,-2.532,44.568,0.083,0.584,-0.807
GLY_34_A_H,62.064,-2.801,44.448,-0.217,0.348,-0.912
GLY_34_A_H,61.77,-3.141,44.486,-0.475,0.05,-0.879
GLY_34_A_H,62.824,-2.01,45.411,0.287,0.931,-0.227
GLY_34_A_H,62.772,-2.148,45.051,0.245,0.818,-0.521
GLY_34_A_H,62.674,-2.382,44.757,0.165,0.627,-0.762
GLY_34_A_H,61.893,-1.842,46.179,0.095,0.975,0.199
GLY_34_A_H,61.554,-1.847,45.88,-0.228,0.97,-0.085
GLY_34_A_H,61.222,-2.046,45.645,-0.543,0.781,-0.308
GLY_34_A_H,60.966,-2.397,45.522,-0.787,0.447,-0.426
GLY_34_A_H,61.452,-1.791,46.337,0.133,0.976,-0.17
GLY_34_A_H,61.129,-1.889,46.08,-0.209,0.872,-0.442
GLY_34_A_H,60.846,-2.154,45.907,-0.509,0.592,-0.625
GLY_34_A_H,60.66,-2.532,45.854,-0.706,0.191,-0.682
GLY_34_A_H,60.896,-2.925,45.277,-0.833,0.185,-0.522
GLY_34_A_H,61.021,-3.319,45.127,-0.706,-0.216,-0.675
GLY_34_A_H,60.708,-3.277,45.401,-0.611,0.106,-0.785
GLY_34_A_H,60.847,-3.616,45.364,-0.422,-0.354,-0.835
GLY_34_A_H,60.372,-3.279,45.629,-0.459,0.438,-0.773
GLY_34_A_H,60.47,-3.587,45.512,-0.312,-0.025,-0.95
GLY_34_A_H,62.507,-1.863,45.882,0.377,0.91,0.174
GLY_34_A_H,62.055,-1.773,45.882,0.0,0.985,0.174
GLY_34_A_H,62.507,-1.863,45.466,0.377,0.91,-0.174
GLY_34_A_H,62.055,-1.773,45.466,0.0,0.985,-0.174
GLY_34_A_H,61.603,-1.863,45.466,-0.377,0.91,-0.174
GLY_34_A_H,61.016,-2.955,45.074,-0.866,0.0,-0.5
GLY_34_A_H,62.286,-1.942,45.074,0.193,0.844,-0.5
GLY_34_A_H,61.824,-1.942,45.074,-0.193,0.844,-0.5
GLY_34_A_H,61.407,-2.142,45.074,-0.54,0.677,-0.5
GLY_34_A_H,61.119,-2.504,45.074,-0.78,0.376,-0.5
GLY_34_A_H,62.375,-2.253,44.755,0.267,0.585,-0.766
GLY_34_A_H,61.945,-2.192,44.755,-0.091,0.636,-0.766
GLY_34_A_H,61.55,-2.372,44.755,-0.421,0.486,-0.766
GLY_34_A_H,61.315,-2.738,44.755,-0.617,0.181,-0.766
GLY_34_A_H,61.315,-3.172,44.755,-0.617,-0.181,-0.766
GLY_34_A_H,61.645,-2.955,44.546,-0.342,0.0,-0.94
GLY_34_A_H,61.85,-2.6,44.546,-0.171,0.296,-0.94
GLY_34_A_HA2,64.029,-2.727,44.05,0.084,0.906,-0.415
GLY_34_A_HA2,64.226,-2.775,43.988,0.084,0.906,-0.415
GLY_34_A_HA2,65.84,-3.393,45.184,0.936,0.321,0.142
GLY_34_A_HA2,65.728,-2.834,45.179,0.967,0.254,-0.031
GLY_34_A_HA2,65.535,-2.511,44.938,0.78,0.567,-0.265
GLY_34_A_HA2,65.201,-2.336,44.697,0.456,0.737,-0.498
GLY_34_A_HA2,64.796,-2.345,44.508,0.063,0.729,-0.682
GLY_34_A_HA2,65.766,-3.089,45.745,0.984,0.166,0.067
GLY_34_A_HA2,65.633,-2.932,46.172,0.894,0.272,0.356
GLY_34_A_HA2,65.356,-2.708,46.483,0.706,0.424,0.567
GLY_34_A_HA2,64.982,-2.454,46.626,0.453,0.595,0.663
GLY_34_A_HA2,64.575,-2.216,46.576,0.178,0.757,0.629
GLY_34_A_HA2,64.206,-2.034,46.341,-0.071,0.88,0.47
GLY_34_A_HA2,63.938,-1.939,45.962,-0.252,0.944,0.214
GLY_34_A_HA2,63.818,-1.948,45.503,-0.334,0.938,-0.096
GLY_34_A_HA2,63.866,-2.059,45.045,-0.301,0.863,-0.406
GLY_34_A_HA2,64.073,-2.253,44.666,-0.161,0.731,-0.663
GLY_34_A_HA2,65.494,-2.478,46.173,0.78,0.376,0.5
GLY_34_A_HA2,65.206,-2.116,46.173,0.54,0.677,0.5
GLY_34_A_HA2,64.789,-1.916,46.173,0.193,0.844,0.5
GLY_34_A_HA2,64.327,-1.916,46.173,-0.193,0.844,0.5
GLY_34_A_HA2,65.65,-2.477,45.781,0.91,0.377,0.174
GLY_34_A_HA2,65.394,-2.093,45.781,0.696,0.696,0.174
GLY_34_A_HA2,65.01,-1.837,45.781,0.377,0.91,0.174
GLY_34_A_HA2,64.558,-1.747,45.781,0.0,0.985,0.174
GLY_34_A_HA2,64.106,-1.837,45.781,-0.377,0.91,0.174
GLY_34_A_HA2,65.65,-2.477,45.365,0.91,0.377,-0.174
GLY_34_A_HA2,65.394,-2.093,45.365,0.696,0.696,-0.174
GLY_34_A_HA2,65.01,-1.837,45.365,0.377,0.91,-0.174
GLY_34_A_HA2,64.558,-1.747,45.365,0.0,0.985,-0.174
GLY_34_A_HA2,64.106,-1.837,45.365,-0.377,0.91,-0.174
GLY_34_A_HA2,65.206,-2.116,44.973,0.54,0.677,-0.5
GLY_34_A_HA2,64.789,-1.916,44.973,0.193,0.844,-0.5
GLY_34_A_HA2,64.327,-1.916,44.973,-0.193,0.844,-0.5
GLY_34_A_HA2,64.448,-2.166,44.654,-0.091,0.636,-0.766
GLY_34_A_HA3,64.537,-5.059,47.835,0.756,-0.0,0.655
GLY_34_A_HA3,64.838,-5.059,47.574,0.541,-0.0,0.841
GLY_34_A_HA3,64.489,-3.946,47.763,0.69,0.307,0.655
GLY_34_A_HA3,64.843,-3.96,47.502,0.437,0.318,0.841
GLY_34_A_HA3,65.312,-5.306,45.902,0.871,-0.471,-0.142
GLY_34_A_HA3,65.22,-5.516,45.503,0.936,-0.321,0.142
GLY_34_A_HA3,65.278,-5.732,45.121,0.894,-0.167,0.415
GLY_34_A_HA3,65.278,-6.2,45.121,0.894,0.167,0.415
GLY_34_A_HA3,65.564,-6.396,44.786,0.69,0.307,0.655
GLY_34_A_HA3,64.903,-5.872,46.481,0.871,-0.471,-0.142
GLY_34_A_HA3,65.028,-5.681,46.083,0.781,-0.608,0.142
GLY_34_A_HA3,64.811,-6.082,46.083,0.936,-0.321,0.142
GLY_34_A_HA3,65.096,-5.615,45.983,0.781,-0.608,0.142
GLY_34_A_HA3,65.107,-5.796,45.6,0.773,-0.479,0.415
GLY_34_A_HA3,65.245,-5.46,46.681,0.785,-0.619,0.029
GLY_34_A_HA3,65.272,-5.25,47.067,0.812,-0.408,0.417
GLY_34_A_HA3,65.091,-5.03,47.402,0.63,-0.187,0.754
GLY_34_A_HA3,65.108,-5.676,47.06,0.952,-0.292,0.091
GLY_34_A_HA3,65.039,-5.484,47.383,0.865,-0.049,0.5
GLY_34_A_HA3,64.802,-5.306,47.625,0.566,0.176,0.805
GLY_34_A_HA3,65.072,-3.82,47.335,0.525,0.26,0.81
GLY_34_A_HA3,65.395,-3.856,47.063,0.743,0.235,0.626
GLY_34_A_HA3,65.629,-4.014,46.747,0.902,0.128,0.413
GLY_34_A_HA3,65.743,-4.274,46.432,0.979,-0.047,0.2
GLY_34_A_HA3,65.72,-4.598,46.16,0.964,-0.267,0.016
GLY_34_A_HA3,65.565,-4.944,45.97,0.859,-0.5,-0.113
GLY_34_A_HA3,64.844,-4.399,47.643,0.554,0.089,0.828
GLY_34_A_HA3,64.458,-4.096,47.887,0.712,0.415,0.567
GLY_34_A_HA3,65.27,-4.7,47.37,0.617,-0.181,0.766
GLY_34_A_HA3,65.27,-4.266,47.37,0.617,0.181,0.766
GLY_34_A_HA3,65.569,-4.483,47.051,0.866,0.0,0.5
GLY_34_A_HA3,65.466,-4.934,47.051,0.78,-0.376,0.5
GLY_34_A_HA3,65.622,-4.935,46.659,0.91,-0.377,0.174
GLY_34_A_HA3,65.712,-4.483,46.659,0.985,0.0,0.174
GLY_34_A_HA3,65.622,-4.935,46.243,0.91,-0.377,-0.174
ARG_35_A_N,63.991,-3.126,42.904,-0.243,0.96,-0.142
ARG_35_A_N,64.49,-3.02,42.768,-0.243,0.96,-0.142
ARG_35_A_N,64.245,-3.052,42.877,-0.249,0.953,-0.174
ARG_35_A_N,64.114,-2.938,43.447,-0.093,0.955,-0.282
ARG_35_A_CA,63.756,-3.21,41.602,-0.437,0.898,-0.053
ARG_35_A_CA,63.959,-3.116,41.729,-0.404,0.911,-0.077
ARG_35_A_CA,64.308,-3.067,42.532,-0.113,0.993,0.026
ARG_35_A_CA,63.63,-3.246,42.548,-0.39,0.921,0.017
ARG_35_A_CA,63.266,-3.392,42.831,-0.506,0.822,-0.261
ARG_35_A_CA,63.299,-3.387,41.959,-0.393,0.92,0.003
ARG_35_A_CA,63.76,-3.156,42.114,-0.355,0.935,0.0
ARG_35_A_CB,66.846,-3.87,42.415,0.854,0.235,0.465
ARG_35_A_CB,66.853,-4.246,42.493,0.858,-0.001,0.514
ARG_35_A_CB,67.047,-4.174,40.053,0.906,0.181,-0.382
ARG_35_A_CB,67.033,-4.501,39.774,0.984,0.149,-0.1
ARG_35_A_CB,66.591,-3.015,40.296,0.756,0.619,-0.211
ARG_35_A_CB,66.803,-3.38,40.162,0.799,0.493,-0.345
ARG_35_A_CB,66.913,-3.705,40.055,0.859,0.316,-0.403
ARG_35_A_CB,64.485,-2.715,41.201,-0.467,0.856,0.223
ARG_35_A_CB,64.377,-2.917,41.78,-0.457,0.864,0.21
ARG_35_A_CB,66.965,-4.353,42.335,0.782,-0.0,0.623
ARG_35_A_CB,67.192,-4.353,41.974,0.901,0.0,0.434
ARG_35_A_CB,67.128,-3.891,41.974,0.868,0.243,0.434
ARG_35_A_CB,67.318,-4.121,41.573,0.967,0.122,0.223
ARG_35_A_CB,67.202,-3.671,41.573,0.906,0.359,0.223
ARG_35_A_CB,64.487,-2.789,41.573,-0.522,0.823,0.223
ARG_35_A_CB,67.325,-3.898,41.15,0.971,0.239,0.0
ARG_35_A_CB,67.162,-3.47,41.15,0.885,0.465,0.0
ARG_35_A_CB,67.202,-3.671,40.727,0.906,0.359,-0.223
ARG_35_A_CB,66.979,-3.264,40.727,0.789,0.573,-0.223
ARG_35_A_CB,67.128,-3.891,40.326,0.868,0.243,-0.434
ARG_35_A_CB,66.943,-3.464,40.326,0.77,0.468,-0.434
ARG_35_A_CG,64.279,-2.809,38.449,-0.487,0.722,-0.492
ARG_35_A_CG,64.044,-3.138,38.314,-0.634,0.515,-0.576
ARG_35_A_CG,63.926,-3.528,38.194,-0.709,0.27,-0.652
ARG_35_A_CG,65.099,-2.361,40.624,-0.065,0.975,0.214
ARG_35_A_CG,66.748,-3.48,39.805,0.917,0.364,-0.16
ARG_35_A_CG,66.827,-3.817,39.709,0.96,0.18,-0.213
ARG_35_A_CG,64.64,-2.519,40.82,-0.234,0.889,0.394
ARG_35_A_CG,63.581,-4.182,38.382,-0.794,0.09,-0.602
ARG_35_A_CG,66.676,-3.628,39.098,0.895,0.392,-0.211
ARG_35_A_CG,63.897,-2.964,40.921,-0.539,0.722,0.434
ARG_35_A_CG,63.724,-3.201,41.199,-0.583,0.795,0.165
ARG_35_A_CG,63.476,-2.954,40.321,-0.571,0.723,0.389
ARG_35_A_CG,63.487,-2.811,39.894,-0.564,0.82,0.101
ARG_35_A_CG,63.481,-2.843,39.445,-0.567,0.798,-0.203
ARG_35_A_CG,63.461,-3.045,39.043,-0.581,0.661,-0.475
ARG_35_A_CG,63.429,-3.387,38.751,-0.603,0.43,-0.672
ARG_35_A_CG,63.39,-3.814,38.615,-0.629,0.141,-0.765
ARG_35_A_CG,64.355,-2.464,40.566,-0.302,0.849,0.434
ARG_35_A_CG,63.941,-2.678,40.566,-0.52,0.736,0.434
ARG_35_A_CG,64.356,-2.315,40.165,-0.301,0.927,0.223
ARG_35_A_CG,63.935,-2.513,40.165,-0.522,0.823,0.223
ARG_35_A_CG,64.254,-2.3,39.742,-0.355,0.935,0.0
ARG_35_A_CG,63.849,-2.513,39.742,-0.568,0.823,0.0
ARG_35_A_CG,66.65,-3.395,39.319,0.906,0.359,-0.223
ARG_35_A_CG,63.935,-2.513,39.319,-0.522,0.823,-0.223
ARG_35_A_CG,63.941,-2.678,38.918,-0.52,0.736,-0.434
ARG_35_A_CG,64.055,-2.875,38.557,-0.46,0.633,-0.623
ARG_35_A_CG,63.726,-3.204,38.557,-0.633,0.46,-0.623
ARG_35_A_CD,67.01,-4.4,39.357,0.932,0.342,0.115
ARG_35_A_CD,64.258,-5.278,37.156,-0.734,-0.078,-0.674
ARG_35_A_CD,67.216,-4.676,38.729,0.94,0.263,0.216
ARG_35_A_CD,67.056,-4.257,38.642,0.85,0.5,0.167
ARG_35_A_CD,64.149,-4.264,37.488,-0.81,0.246,-0.533
ARG_35_A_CD,64.134,-4.7,37.315,-0.772,0.149,-0.617
ARG_35_A_CD,64.228,-5.013,37.18,-0.718,-0.033,-0.696
ARG_35_A_CD,63.788,-4.259,38.057,-0.796,0.334,-0.506
ARG_35_A_CD,66.849,-3.986,39.053,0.875,0.482,0.038
ARG_35_A_CD,63.524,-5.25,38.135,-0.931,0.189,-0.312
ARG_35_A_CD,63.693,-5.324,37.768,-0.817,0.139,-0.56
ARG_35_A_CD,63.929,-5.501,37.483,-0.658,0.019,-0.753
ARG_35_A_CD,63.534,-4.702,38.308,-0.915,0.117,-0.387
ARG_35_A_CD,63.346,-4.737,38.709,-0.876,-0.185,-0.444
ARG_35_A_CD,67.075,-4.457,39.149,0.906,0.359,0.223
ARG_35_A_CD,63.783,-4.457,37.902,-0.826,0.359,-0.434
ARG_35_A_CD,63.657,-4.906,37.902,-0.893,0.123,-0.434
ARG_35_A_CD,63.868,-5.139,37.541,-0.782,0.0,-0.623
ARG_35_A_CD,63.94,-4.68,37.541,-0.744,0.242,-0.623
ARG_35_A_NE,66.944,-4.072,38.564,0.781,0.608,0.142
ARG_35_A_NE,66.955,-3.891,38.182,0.773,0.479,0.415
ARG_35_A_NE,64.281,-5.06,37.123,-0.756,-0.0,-0.655
ARG_35_A_NE,64.475,-4.826,36.788,-0.894,-0.167,-0.415
ARG_35_A_NE,64.477,-3.953,36.819,-0.884,0.017,-0.466
ARG_35_A_NE,64.3,-4.559,37.081,-0.892,0.049,-0.45
ARG_35_A_NE,64.415,-4.258,36.863,-0.897,0.15,-0.415
ARG_35_A_CZ,65.319,-4.224,35.35,-0.796,0.279,-0.536
ARG_35_A_CZ,67.397,-5.11,38.494,0.864,0.286,0.414
ARG_35_A_CZ,64.683,-4.47,36.361,-0.88,0.2,-0.43
ARG_35_A_CZ,64.584,-4.783,36.509,-0.941,0.007,-0.339
ARG_35_A_CZ,67.099,-3.743,37.787,0.613,0.649,0.451
ARG_35_A_CZ,64.946,-4.113,36.068,-0.806,0.346,-0.48
ARG_35_A_CZ,67.035,-3.419,37.255,0.539,0.793,0.284
ARG_35_A_CZ,64.588,-5.28,36.537,-0.97,-0.076,-0.233
ARG_35_A_CZ,64.482,-5.451,36.879,-0.868,-0.185,-0.461
ARG_35_A_CZ,67.545,-4.679,38.11,0.705,0.265,0.658
ARG_35_A_CZ,67.385,-4.26,38.023,0.614,0.502,0.609
ARG_35_A_CZ,67.277,-4.48,38.363,0.81,0.399,0.43
ARG_35_A_CZ,67.074,-4.099,38.254,0.688,0.627,0.364
ARG_35_A_CZ,64.672,-5.767,36.573,-0.912,-0.305,-0.274
ARG_35_A_CZ,64.903,-6.23,36.642,-0.762,-0.606,-0.229
ARG_35_A_CZ,64.579,-6.044,36.996,-0.708,-0.437,-0.555
ARG_35_A_CZ,64.828,-6.404,37.121,-0.495,-0.744,-0.449
ARG_35_A_CZ,67.375,-3.946,37.754,0.46,0.633,0.623
ARG_35_A_CZ,67.29,-3.628,37.393,0.415,0.8,0.434
ARG_35_A_CZ,64.65,-5.148,36.146,-0.975,0.0,-0.223
ARG_35_A_CZ,64.708,-5.609,36.146,-0.944,-0.242,-0.223
ARG_35_A_CZ,64.879,-6.04,36.146,-0.854,-0.47,-0.223
ARG_35_A_CZ,64.932,-4.466,35.745,-0.826,0.359,-0.434
ARG_35_A_CZ,64.806,-4.915,35.745,-0.893,0.123,-0.434
ARG_35_A_CZ,64.806,-5.381,35.745,-0.893,-0.123,-0.434
ARG_35_A_CZ,64.932,-5.83,35.745,-0.826,-0.359,-0.434
ARG_35_A_CZ,65.017,-5.148,35.384,-0.782,0.0,-0.623
ARG_35_A_CZ,65.089,-4.689,35.384,-0.744,0.242,-0.623
ARG_35_A_NH1,65.227,-6.594,36.692,-0.781,-0.608,-0.142
ARG_35_A_H,65.602,-4.856,45.015,0.936,-0.321,0.142
ARG_35_A_H,65.83,-4.635,44.632,0.773,-0.479,0.415
ARG_35_A_H,65.823,-4.821,44.452,0.773,-0.479,0.415
ARG_35_A_H,65.654,-5.257,44.452,0.894,-0.167,0.415
ARG_35_A_H,65.848,-5.491,44.117,0.756,-0.0,0.655
ARG_35_A_H,65.939,-5.921,44.117,0.69,0.307,0.655
ARG_35_A_H,65.939,-5.061,44.117,0.69,-0.307,0.655
ARG_35_A_H,66.149,-5.491,43.856,0.541,-0.0,0.841
ARG_35_A_H,64.755,-2.726,43.987,-0.249,0.875,-0.415
ARG_35_A_H,64.747,-2.844,43.605,-0.243,0.96,-0.142
ARG_35_A_H,64.866,-2.897,43.055,-0.243,0.96,-0.142
ARG_35_A_H,65.083,-2.822,42.656,-0.398,0.906,0.142
ARG_35_A_H,66.649,-3.647,42.796,0.936,0.321,0.142
ARG_35_A_H,66.598,-4.596,43.087,0.99,-0.0,0.142
ARG_35_A_H,66.541,-4.892,43.527,0.92,-0.017,0.391
ARG_35_A_H,66.539,-4.517,43.706,0.922,-0.285,0.264
ARG_35_A_H,66.603,-4.385,43.38,0.986,-0.151,-0.067
ARG_35_A_H,66.526,-3.297,43.16,0.897,0.439,-0.054
ARG_35_A_H,66.23,-2.927,43.199,0.621,0.783,-0.017
ARG_35_A_H,65.803,-2.723,43.181,0.222,0.974,-0.034
ARG_35_A_H,65.333,-2.726,43.111,-0.216,0.971,-0.099
ARG_35_A_H,66.674,-3.909,43.186,0.999,0.01,-0.034
ARG_35_A_H,66.674,-4.319,42.877,0.936,-0.198,0.292
ARG_35_A_H,64.801,-2.856,43.331,-0.245,0.959,-0.145
ARG_35_A_H,66.077,-3.171,44.448,0.717,0.495,0.491
ARG_35_A_H,65.884,-2.848,44.207,0.53,0.808,0.257
ARG_35_A_H,65.551,-2.673,43.967,0.206,0.978,0.024
ARG_35_A_H,65.146,-2.682,43.777,-0.186,0.969,-0.16
ARG_35_A_H,65.77,-2.867,44.688,0.809,0.574,0.122
ARG_35_A_H,65.519,-2.629,44.458,0.533,0.836,-0.13
ARG_35_A_H,65.167,-2.55,44.253,0.146,0.923,-0.356
ARG_35_A_H,64.787,-2.646,44.116,-0.272,0.818,-0.507
ARG_35_A_H,66.127,-4.259,44.566,0.73,-0.358,0.582
ARG_35_A_H,66.183,-3.711,44.605,0.779,0.12,0.616
ARG_35_A_H,65.943,-4.182,44.944,0.9,-0.273,0.339
ARG_35_A_H,65.982,-3.802,44.972,0.932,0.038,0.361
ARG_35_A_H,65.919,-3.427,44.928,0.88,0.346,0.325
ARG_35_A_H,66.55,-3.848,44.18,0.866,0.0,0.5
ARG_35_A_H,66.447,-3.397,44.18,0.78,0.376,0.5
ARG_35_A_H,66.447,-4.299,44.18,0.78,-0.376,0.5
ARG_35_A_H,66.603,-4.3,43.788,0.91,-0.377,0.174
ARG_35_A_H,66.693,-3.848,43.788,0.985,0.0,0.174
ARG_35_A_H,66.603,-3.396,43.788,0.91,0.377,0.174
ARG_35_A_H,66.347,-3.012,43.788,0.696,0.696,0.174
ARG_35_A_H,65.963,-2.756,43.788,0.377,0.91,0.174
ARG_35_A_H,66.603,-3.396,43.372,0.91,0.377,-0.174
ARG_35_A_H,65.511,-2.666,43.372,0.0,0.985,-0.174
ARG_35_A_H,65.059,-2.756,43.372,-0.377,0.91,-0.174
ARG_35_A_HA,61.739,-5.038,41.852,-0.548,0.726,-0.415
ARG_35_A_HA,61.693,-5.593,41.182,-0.234,0.719,-0.655
ARG_35_A_HA,62.074,-5.373,41.182,-0.506,0.562,-0.655
ARG_35_A_HA,62.333,-5.017,41.182,-0.69,0.307,-0.655
ARG_35_A_HA,62.134,-5.603,40.847,-0.548,0.726,-0.415
ARG_35_A_HA,62.449,-5.257,40.847,-0.773,0.479,-0.415
ARG_35_A_HA,62.618,-4.82,40.847,-0.894,0.167,-0.415
ARG_35_A_HA,62.677,-5.036,40.464,-0.936,0.321,-0.142
ARG_35_A_HA,62.176,-4.697,42.811,-0.781,0.608,-0.142
ARG_35_A_HA,61.639,-5.115,42.412,-0.398,0.906,0.142
ARG_35_A_HA,62.021,-4.865,42.412,-0.67,0.728,0.142
ARG_35_A_HA,62.301,-4.505,42.412,-0.871,0.471,0.142
ARG_35_A_HA,63.248,-3.431,41.63,-0.243,0.96,-0.142
ARG_35_A_HA,63.114,-3.511,42.267,-0.398,0.906,0.142
ARG_35_A_HA,62.534,-3.995,42.397,-0.834,0.526,0.163
ARG_35_A_HA,62.862,-3.65,42.353,-0.55,0.826,0.125
ARG_35_A_HA,62.959,-3.604,41.29,-0.525,0.837,-0.156
ARG_35_A_HA,62.682,-3.915,41.145,-0.787,0.543,-0.294
ARG_35_A_HA,62.573,-4.319,41.003,-0.89,0.162,-0.427
ARG_35_A_HA,62.23,-4.417,41.904,-0.9,0.436,0.017
ARG_35_A_HA,62.012,-4.796,41.797,-0.743,0.553,-0.376
ARG_35_A_HA,61.71,-4.991,42.023,-0.528,0.846,-0.067
ARG_35_A_HA,62.3,-4.601,41.379,-0.839,0.261,-0.476
ARG_35_A_HA,62.16,-5.024,41.332,-0.567,0.312,-0.762
ARG_35_A_HA,61.795,-5.176,41.504,-0.479,0.671,-0.565
ARG_35_A_HA,62.992,-3.509,42.036,-0.377,0.91,0.174
ARG_35_A_HA,62.608,-3.765,42.036,-0.696,0.696,0.174
ARG_35_A_HA,62.352,-4.149,42.036,-0.91,0.377,0.174
ARG_35_A_HA,62.992,-3.509,41.62,-0.377,0.91,-0.174
ARG_35_A_HA,62.608,-3.765,41.62,-0.696,0.696,-0.174
ARG_35_A_HA,62.352,-4.149,41.62,-0.91,0.377,-0.174
ARG_35_A_HB2,64.707,-2.946,42.37,-0.398,0.906,0.142
ARG_35_A_HB2,64.869,-2.543,41.173,-0.398,0.906,0.142
ARG_35_A_HB2,66.524,-2.75,40.787,0.672,0.613,-0.415
ARG_35_A_HB2,66.707,-3.431,42.414,0.894,0.167,0.415
ARG_35_A_HB2,66.636,-3.13,42.416,0.818,0.32,0.478
ARG_35_A_HB2,66.341,-2.761,42.455,0.543,0.664,0.514
ARG_35_A_HB2,65.913,-2.556,42.437,0.143,0.855,0.498
ARG_35_A_HB2,65.444,-2.559,42.367,-0.295,0.852,0.432
ARG_35_A_HB2,66.413,-3.044,42.801,0.769,0.589,0.246
ARG_35_A_HB2,66.061,-2.765,42.811,0.409,0.876,0.257
ARG_35_A_HB2,65.624,-2.667,42.768,-0.039,0.976,0.213
ARG_35_A_HB2,65.195,-2.771,42.682,-0.478,0.87,0.124
ARG_35_A_HB2,66.748,-2.929,40.888,0.732,0.599,-0.325
ARG_35_A_HB2,66.97,-3.136,41.208,0.882,0.459,-0.108
ARG_35_A_HB2,67.04,-3.321,41.603,0.929,0.334,0.158
ARG_35_A_HB2,66.948,-3.455,42.013,0.867,0.243,0.436
ARG_35_A_HB2,64.88,-2.597,41.662,-0.531,0.824,0.198
ARG_35_A_HB2,65.613,-2.295,41.016,-0.102,0.985,-0.138
ARG_35_A_HB2,66.008,-2.35,40.913,0.271,0.933,-0.236
ARG_35_A_HB2,66.345,-2.561,40.802,0.588,0.734,-0.34
ARG_35_A_HB2,65.711,-2.307,40.574,0.162,0.982,0.095
ARG_35_A_HB2,66.063,-2.435,40.472,0.529,0.848,-0.012
ARG_35_A_HB2,66.331,-2.696,40.371,0.81,0.575,-0.118
ARG_35_A_HB2,65.166,-2.402,41.149,-0.373,0.928,-0.004
ARG_35_A_HB2,64.633,-2.959,42.904,-0.214,0.967,-0.135
ARG_35_A_HB2,66.749,-2.94,42.141,0.78,0.376,0.5
ARG_35_A_HB2,66.461,-2.578,42.141,0.54,0.677,0.5
ARG_35_A_HB2,66.044,-2.378,42.141,0.193,0.844,0.5
ARG_35_A_HB2,65.582,-2.378,42.141,-0.193,0.844,0.5
ARG_35_A_HB2,66.905,-2.939,41.749,0.91,0.377,0.174
ARG_35_A_HB2,66.649,-2.555,41.749,0.696,0.696,0.174
ARG_35_A_HB2,66.265,-2.299,41.749,0.377,0.91,0.174
ARG_35_A_HB2,65.813,-2.209,41.749,0.0,0.985,0.174
ARG_35_A_HB2,65.361,-2.299,41.749,-0.377,0.91,0.174
ARG_35_A_HB2,66.905,-2.939,41.333,0.91,0.377,-0.174
ARG_35_A_HB2,66.649,-2.555,41.333,0.696,0.696,-0.174
ARG_35_A_HB2,66.265,-2.299,41.333,0.377,0.91,-0.174
ARG_35_A_HB2,65.813,-2.209,41.333,0.0,0.985,-0.174
ARG_35_A_HB2,65.361,-2.299,41.333,-0.377,0.91,-0.174
ARG_35_A_HB3,67.044,-4.52,39.833,0.976,0.163,-0.142
ARG_35_A_HB3,67.399,-6.75,41.65,0.541,-0.0,-0.841
ARG_35_A_HB3,67.3,-6.128,41.389,0.611,-0.444,-0.655
ARG_35_A_HB3,67.121,-6.53,41.389,0.739,-0.157,-0.655
ARG_35_A_HB3,67.121,-6.97,41.389,0.739,0.157,-0.655
ARG_35_A_HB3,66.882,-6.75,41.053,0.91,-0.0,-0.415
ARG_35_A_HB3,66.968,-7.21,41.053,0.848,0.329,-0.415
ARG_35_A_HB3,67.214,-5.892,41.053,0.672,-0.613,-0.415
ARG_35_A_HB3,66.968,-6.29,41.053,0.848,-0.329,-0.415
ARG_35_A_HB3,66.937,-6.09,40.671,0.871,-0.471,-0.142
ARG_35_A_HB3,66.789,-6.522,40.671,0.976,-0.163,-0.142
ARG_35_A_HB3,67.327,-5.851,41.67,0.99,-0.0,0.142
ARG_35_A_HB3,67.376,-5.372,41.729,0.942,-0.13,0.311
ARG_35_A_HB3,67.266,-5.127,41.969,0.838,0.1,0.536
ARG_35_A_HB3,67.11,-5.323,42.329,0.786,0.421,0.453
ARG_35_A_HB3,67.339,-5.102,40.357,0.924,-0.008,-0.382
ARG_35_A_HB3,67.268,-5.595,40.546,0.858,-0.472,-0.204
ARG_35_A_HB3,67.232,-4.553,41.921,0.842,0.094,0.531
ARG_35_A_HB3,67.37,-4.329,41.512,0.935,0.246,0.255
ARG_35_A_HB3,67.399,-4.265,41.031,0.955,0.289,-0.07
ARG_35_A_HB3,67.314,-4.373,40.565,0.897,0.216,-0.386
ARG_35_A_HB3,67.426,-4.959,41.724,0.866,0.0,0.5
ARG_35_A_HB3,67.569,-4.959,41.332,0.985,0.0,0.174
ARG_35_A_HB3,67.479,-4.507,41.332,0.91,0.377,0.174
ARG_35_A_HB3,67.569,-4.959,40.916,0.985,0.0,-0.174
ARG_35_A_HB3,67.479,-4.507,40.916,0.91,0.377,-0.174
ARG_35_A_HB3,67.479,-5.411,40.916,0.91,-0.377,-0.174
ARG_35_A_HB3,67.426,-4.959,40.524,0.866,-0.0,-0.5
ARG_35_A_HG2,62.451,-5.382,40.659,-0.773,0.479,-0.415
ARG_35_A_HG2,62.679,-5.162,40.277,-0.936,0.321,-0.142
ARG_35_A_HG2,62.752,-4.586,40.464,-0.99,-0.0,-0.142
ARG_35_A_HG2,62.733,-4.358,40.066,-0.976,-0.163,0.142
ARG_35_A_HG2,62.815,-5.807,40.43,-0.541,-0.0,-0.841
ARG_35_A_HG2,62.671,-5.362,40.43,-0.437,-0.318,-0.841
ARG_35_A_HG2,63.116,-5.807,40.169,-0.756,-0.0,-0.655
ARG_35_A_HG2,63.025,-5.376,40.169,-0.69,-0.307,-0.655
ARG_35_A_HG2,62.766,-5.02,40.169,-0.506,-0.562,-0.655
ARG_35_A_HG2,63.31,-5.572,39.834,-0.894,-0.167,-0.415
ARG_35_A_HG2,63.141,-5.136,39.834,-0.773,-0.479,-0.415
ARG_35_A_HG2,63.369,-5.357,39.452,-0.936,-0.321,-0.142
ARG_35_A_HG2,63.152,-4.955,39.452,-0.781,-0.608,-0.142
ARG_35_A_HG2,63.597,-3.056,40.643,-0.672,0.613,0.415
ARG_35_A_HG2,63.123,-4.789,39.149,-0.815,-0.455,-0.359
ARG_35_A_HG2,63.223,-4.327,38.753,-0.693,-0.151,-0.705
ARG_35_A_HG2,63.104,-3.377,40.53,-0.629,0.674,0.387
ARG_35_A_HG2,62.827,-3.688,40.384,-0.89,0.381,0.249
ARG_35_A_HG2,62.719,-4.092,40.243,-0.993,-0.0,0.116
ARG_35_A_HG2,62.92,-3.669,40.836,-0.757,0.651,0.05
ARG_35_A_HG2,62.734,-4.014,40.697,-0.952,0.29,-0.095
ARG_35_A_HG2,62.72,-4.41,40.576,-0.967,-0.126,-0.222
ARG_35_A_HG2,61.134,-6.144,40.354,0.302,0.688,-0.66
ARG_35_A_HG2,62.805,-4.633,39.748,-0.892,-0.391,-0.227
ARG_35_A_HG2,63.193,-3.167,40.348,-0.54,0.677,0.5
ARG_35_A_HG2,62.659,-3.98,39.956,-0.985,0.0,0.174
ARG_35_A_HG2,63.005,-3.144,39.956,-0.696,0.696,0.174
ARG_35_A_HG2,62.749,-3.528,39.956,-0.91,0.377,0.174
ARG_35_A_HG2,63.005,-3.144,39.54,-0.696,0.696,-0.174
ARG_35_A_HG2,62.749,-3.528,39.54,-0.91,0.377,-0.174
ARG_35_A_HG2,62.659,-3.98,39.54,-0.985,0.0,-0.174
ARG_35_A_HG2,62.749,-4.432,39.54,-0.91,-0.377,-0.174
ARG_35_A_HG2,62.802,-3.98,39.148,-0.866,0.0,-0.5
ARG_35_A_HG2,62.905,-4.431,39.148,-0.78,-0.376,-0.5
ARG_35_A_HG2,63.193,-3.167,39.148,-0.54,0.677,-0.5
ARG_35_A_HG2,62.905,-3.529,39.148,-0.78,0.376,-0.5
ARG_35_A_HG2,63.101,-3.763,38.829,-0.617,0.181,-0.766
ARG_35_A_HG2,63.101,-4.197,38.829,-0.617,-0.181,-0.766
ARG_35_A_HG3,66.566,-3.085,39.984,0.871,0.471,-0.142
ARG_35_A_HG3,65.126,-2.265,40.342,-0.084,0.906,0.415
ARG_35_A_HG3,64.654,-2.569,38.47,-0.548,0.726,-0.415
ARG_35_A_HG3,65.426,-2.189,40.243,0.032,0.91,0.414
ARG_35_A_HG3,65.821,-2.244,40.14,0.405,0.858,0.316
ARG_35_A_HG3,66.157,-2.456,40.03,0.722,0.659,0.212
ARG_35_A_HG3,66.479,-2.93,39.791,0.933,0.361,-0.004
ARG_35_A_HG3,66.223,-2.664,38.743,0.827,0.478,-0.296
ARG_35_A_HG3,65.865,-2.343,38.642,0.493,0.778,-0.39
ARG_35_A_HG3,65.393,-2.224,38.571,0.053,0.888,-0.457
ARG_35_A_HG3,64.915,-2.336,38.545,-0.394,0.784,-0.48
ARG_35_A_HG3,66.53,-3.066,39.401,0.943,0.315,-0.111
ARG_35_A_HG3,64.872,-2.194,40.139,-0.178,0.904,0.388
ARG_35_A_HG3,64.559,-2.189,39.787,-0.391,0.908,0.15
ARG_35_A_HG3,64.398,-2.268,39.352,-0.499,0.854,-0.144
ARG_35_A_HG3,64.417,-2.42,38.907,-0.486,0.752,-0.445
ARG_35_A_HG3,65.531,-2.089,40.026,0.193,0.844,0.5
ARG_35_A_HG3,65.069,-2.089,40.026,-0.193,0.844,0.5
ARG_35_A_HG3,66.392,-2.65,39.634,0.91,0.377,0.174
ARG_35_A_HG3,66.136,-2.266,39.634,0.696,0.696,0.174
ARG_35_A_HG3,65.752,-2.01,39.634,0.377,0.91,0.174
ARG_35_A_HG3,65.3,-1.92,39.634,0.0,0.985,0.174
ARG_35_A_HG3,64.848,-2.01,39.634,-0.377,0.91,0.174
ARG_35_A_HG3,66.392,-2.65,39.218,0.91,0.377,-0.174
ARG_35_A_HG3,66.136,-2.266,39.218,0.696,0.696,-0.174
ARG_35_A_HG3,65.752,-2.01,39.218,0.377,0.91,-0.174
ARG_35_A_HG3,65.3,-1.92,39.218,0.0,0.985,-0.174
ARG_35_A_HG3,64.848,-2.01,39.218,-0.377,0.91,-0.174
ARG_35_A_HG3,65.531,-2.089,38.826,0.193,0.844,-0.5
ARG_35_A_HG3,65.069,-2.089,38.826,-0.193,0.844,-0.5
ARG_35_A_HG3,64.652,-2.289,38.826,-0.54,0.677,-0.5
ARG_35_A_HD2,67.296,-5.16,38.874,0.936,0.321,0.142
ARG_35_A_HD2,67.355,-4.944,38.491,0.894,0.167,0.415
ARG_35_A_HD2,67.161,-4.995,39.427,0.936,0.321,0.142
ARG_35_A_HD2,66.09,-7.146,40.583,0.672,-0.613,-0.415
ARG_35_A_HD2,65.843,-7.544,40.583,0.848,-0.329,-0.415
ARG_35_A_HD2,66.092,-6.985,40.2,0.67,-0.728,-0.142
ARG_35_A_HD2,65.812,-7.345,40.2,0.871,-0.471,-0.142
ARG_35_A_HD2,65.664,-7.776,40.2,0.976,-0.163,-0.142
ARG_35_A_HD2,66.273,-6.844,39.802,0.541,-0.829,0.142
ARG_35_A_HD2,65.937,-7.153,39.802,0.781,-0.608,0.142
ARG_35_A_HD2,65.72,-7.554,39.802,0.936,-0.321,0.142
ARG_35_A_HD2,66.263,-6.988,39.42,0.548,-0.726,0.415
ARG_35_A_HD2,65.948,-7.334,39.42,0.773,-0.479,0.415
ARG_35_A_HD2,65.779,-7.77,39.42,0.894,-0.167,0.415
ARG_35_A_HD2,67.399,-6.485,41.33,0.079,-0.752,-0.655
ARG_35_A_HD2,66.98,-6.62,41.33,0.378,-0.654,-0.655
ARG_35_A_HD2,67.392,-6.269,40.995,0.084,-0.906,-0.415
ARG_35_A_HD2,66.942,-6.397,40.995,0.405,-0.814,-0.415
ARG_35_A_HD2,66.568,-6.679,40.995,0.672,-0.613,-0.415
ARG_35_A_HD2,66.322,-7.077,40.995,0.848,-0.329,-0.415
ARG_35_A_HD2,67.395,-6.156,40.612,0.082,-0.986,-0.142
ARG_35_A_HD2,66.953,-6.268,40.612,0.398,-0.906,-0.142
ARG_35_A_HD2,66.571,-6.517,40.612,0.67,-0.728,-0.142
ARG_35_A_HD2,66.291,-6.877,40.612,0.871,-0.471,-0.142
ARG_35_A_HD2,67.169,-6.193,40.214,0.243,-0.96,0.142
ARG_35_A_HD2,66.751,-6.377,40.214,0.541,-0.829,0.142
ARG_35_A_HD2,66.416,-6.686,40.214,0.781,-0.608,0.142
ARG_35_A_HD2,66.742,-6.521,39.832,0.548,-0.726,0.415
ARG_35_A_HD2,66.789,-6.978,40.671,0.976,0.163,-0.142
ARG_35_A_HD2,66.77,-6.75,40.273,0.99,-0.0,0.142
ARG_35_A_HD2,66.845,-6.3,40.273,0.936,-0.321,0.142
ARG_35_A_HD2,67.385,-5.463,38.838,0.986,0.141,0.093
ARG_35_A_HD2,67.249,-5.482,40.083,0.988,-0.154,-0.031
ARG_35_A_HD2,67.055,-5.911,40.26,0.786,-0.599,0.152
ARG_35_A_HD2,67.272,-5.375,39.619,0.972,0.187,0.146
ARG_35_A_HD2,67.202,-5.868,39.808,0.905,-0.276,0.323
ARG_35_A_HD2,66.881,-6.716,39.266,0.564,-0.73,0.387
ARG_35_A_HD2,66.594,-6.675,39.749,0.508,-0.8,0.318
ARG_35_A_HD2,67.227,-5.023,39.148,0.945,0.294,0.143
ARG_35_A_HD2,67.142,-6.159,39.703,0.78,-0.376,0.5
ARG_35_A_HD2,67.298,-6.16,39.311,0.91,-0.377,0.174
ARG_35_A_HD2,67.388,-5.708,39.311,0.985,0.0,0.174
ARG_35_A_HD2,67.298,-5.256,39.311,0.91,0.377,0.174
ARG_35_A_HD3,63.023,-6.698,40.378,-0.437,-0.318,-0.841
ARG_35_A_HD3,63.377,-6.712,40.117,-0.69,-0.307,-0.655
ARG_35_A_HD3,63.118,-6.356,40.117,-0.506,-0.562,-0.655
ARG_35_A_HD3,62.737,-6.136,40.117,-0.234,-0.719,-0.655
ARG_35_A_HD3,63.662,-6.908,39.781,-0.894,-0.167,-0.415
ARG_35_A_HD3,63.493,-6.472,39.781,-0.773,-0.479,-0.415
ARG_35_A_HD3,63.178,-6.126,39.781,-0.548,-0.726,-0.415
ARG_35_A_HD3,63.796,-7.142,39.399,-0.99,-0.0,-0.142
ARG_35_A_HD3,63.721,-6.693,39.399,-0.936,-0.321,-0.142
ARG_35_A_HD3,63.504,-6.291,39.399,-0.781,-0.608,-0.142
ARG_35_A_HD3,63.777,-6.914,39.001,-0.976,-0.163,0.142
ARG_35_A_HD3,63.629,-6.483,39.001,-0.871,-0.471,0.142
ARG_35_A_HD3,63.025,-6.237,40.169,-0.69,0.307,-0.655
ARG_35_A_HD3,63.141,-6.477,39.834,-0.773,0.479,-0.415
ARG_35_A_HD3,63.31,-6.041,39.834,-0.894,0.167,-0.415
ARG_35_A_HD3,63.444,-5.807,39.452,-0.99,-0.0,-0.142
ARG_35_A_HD3,63.369,-6.256,39.452,-0.936,0.321,-0.142
ARG_35_A_HD3,63.425,-6.035,39.053,-0.976,0.163,0.142
ARG_35_A_HD3,63.425,-5.578,39.053,-0.976,-0.163,0.142
ARG_35_A_HD3,64.341,-7.702,38.801,-0.437,-0.318,-0.841
ARG_35_A_HD3,64.696,-7.716,38.54,-0.69,-0.307,-0.655
ARG_35_A_HD3,64.437,-7.361,38.54,-0.506,-0.562,-0.655
ARG_35_A_HD3,64.025,-5.71,37.411,-0.541,-0.0,-0.841
ARG_35_A_HD3,64.519,-5.476,36.815,-0.894,-0.167,-0.415
ARG_35_A_HD3,64.563,-6.71,37.64,-0.234,-0.719,-0.655
ARG_35_A_HD3,64.901,-6.429,37.074,-0.548,-0.726,-0.415
ARG_35_A_HD3,64.858,-7.584,38.305,-0.437,-0.318,-0.841
ARG_35_A_HD3,64.954,-7.242,38.044,-0.506,-0.562,-0.655
ARG_35_A_HD3,64.573,-7.022,38.044,-0.234,-0.719,-0.655
ARG_35_A_HD3,65.013,-7.012,37.709,-0.548,-0.726,-0.415
ARG_35_A_HD3,64.327,-7.012,38.182,-0.427,-0.811,-0.4
ARG_35_A_HD3,64.196,-5.938,37.309,-0.572,-0.182,-0.8
ARG_35_A_HD3,64.392,-6.332,37.368,-0.397,-0.533,-0.747
ARG_35_A_HD3,63.381,-5.469,38.689,-0.999,0.031,-0.031
ARG_35_A_HD3,63.347,-5.265,39.173,-0.92,-0.387,0.057
ARG_35_A_HD3,63.677,-6.699,38.648,-0.877,-0.481,-0.023
ARG_35_A_HD3,63.94,-6.899,38.333,-0.556,-0.725,-0.407
ARG_35_A_HD3,64.085,-7.223,38.613,-0.255,-0.66,-0.707
ARG_35_A_HD3,63.832,-7.464,38.934,-0.799,-0.128,-0.587
ARG_35_A_HD3,61.422,-6.725,40.168,0.465,0.157,-0.871
ARG_35_A_HD3,63.428,-6.149,38.945,-0.967,-0.255,0.003
ARG_35_A_HD3,63.363,-5.837,38.702,-0.985,0.0,0.174
ARG_35_A_HD3,63.453,-6.289,38.702,-0.91,-0.377,0.174
ARG_35_A_HD3,63.363,-5.837,38.286,-0.985,0.0,-0.174
ARG_35_A_HD3,63.453,-6.289,38.286,-0.91,-0.377,-0.174
ARG_35_A_HD3,63.709,-6.673,38.286,-0.696,-0.696,-0.174
ARG_35_A_HD3,63.506,-5.837,37.894,-0.866,0.0,-0.5
ARG_35_A_HD3,63.609,-6.288,37.894,-0.78,-0.376,-0.5
ARG_35_A_HD3,63.897,-6.65,37.894,-0.54,-0.677,-0.5
ARG_35_A_HD3,64.314,-6.85,37.894,-0.193,-0.844,-0.5
ARG_35_A_HD3,63.805,-6.054,37.575,-0.617,-0.181,-0.766
ARG_35_A_HD3,64.04,-6.42,37.575,-0.421,-0.486,-0.766
ARG_35_A_HE,64.645,-2.713,38.088,-0.541,0.829,-0.142
ARG_35_A_HE,63.879,-3.969,38.102,-0.69,0.307,-0.655
ARG_35_A_HE,64.165,-3.773,37.766,-0.894,0.167,-0.415
ARG_35_A_HE,64.267,-4.154,37.323,-0.894,0.167,-0.415
ARG_35_A_HE,64.645,-3.898,36.575,-0.756,-0.0,-0.655
ARG_35_A_HE,67.032,-3.514,37.465,0.548,0.726,0.415
ARG_35_A_HE,65.065,-3.785,36.108,-0.69,0.307,-0.655
ARG_35_A_HE,66.623,-3.007,37.051,0.781,0.608,0.142
ARG_35_A_HE,66.958,-3.316,37.051,0.541,0.829,0.142
ARG_35_A_HE,66.427,-2.771,37.022,0.684,0.729,0.024
ARG_35_A_HE,66.059,-2.567,36.808,0.328,0.927,-0.183
ARG_35_A_HE,65.65,-2.585,36.574,-0.068,0.91,-0.41
ARG_35_A_HE,65.294,-2.821,36.372,-0.412,0.682,-0.604
ARG_35_A_HE,65.074,-3.22,36.251,-0.626,0.295,-0.722
ARG_35_A_HE,64.722,-3.883,36.478,-0.811,-0.011,-0.586
ARG_35_A_HE,66.654,-3.068,37.223,0.759,0.651,0.02
ARG_35_A_HE,64.294,-3.804,37.334,-0.962,0.052,-0.267
ARG_35_A_HE,66.299,-2.817,37.994,0.774,0.587,0.24
ARG_35_A_HE,65.94,-2.495,37.892,0.439,0.886,0.145
ARG_35_A_HE,65.468,-2.377,37.821,-0.001,0.997,0.079
ARG_35_A_HE,64.99,-2.489,37.796,-0.447,0.893,0.055
ARG_35_A_HE,66.066,-2.597,38.32,0.678,0.73,-0.081
ARG_35_A_HE,65.66,-2.383,38.235,0.264,0.95,-0.167
ARG_35_A_HE,65.197,-2.379,38.188,-0.211,0.953,-0.215
ARG_35_A_HE,64.78,-2.588,38.189,-0.638,0.74,-0.214
ARG_35_A_HE,64.534,-2.846,37.708,-0.761,0.648,-0.008
ARG_35_A_HE,64.307,-3.31,37.543,-0.957,0.25,-0.149
ARG_35_A_HE,64.262,-3.128,37.987,-0.79,0.509,-0.342
ARG_35_A_HE,64.147,-3.659,37.835,-0.882,0.085,-0.464
ARG_35_A_HE,66.342,-2.684,37.579,0.696,0.696,0.174
ARG_35_A_HE,65.958,-2.428,37.579,0.377,0.91,0.174
ARG_35_A_HE,65.506,-2.338,37.579,0.0,0.985,0.174
ARG_35_A_HE,65.054,-2.428,37.579,-0.377,0.91,0.174
ARG_35_A_HE,65.958,-2.428,37.163,0.377,0.91,-0.174
ARG_35_A_HE,65.506,-2.338,37.163,0.0,0.985,-0.174
ARG_35_A_HE,65.054,-2.428,37.163,-0.377,0.91,-0.174
ARG_35_A_HE,64.67,-2.684,37.163,-0.696,0.696,-0.174
ARG_35_A_HE,64.414,-3.068,37.163,-0.91,0.377,-0.174
ARG_35_A_HE,64.324,-3.52,37.163,-0.985,0.0,-0.174
ARG_35_A_HE,64.467,-3.52,36.771,-0.866,0.0,-0.5
ARG_35_A_HE,65.275,-2.507,36.771,-0.193,0.844,-0.5
ARG_35_A_HE,64.858,-2.707,36.771,-0.54,0.677,-0.5
ARG_35_A_HE,64.57,-3.069,36.771,-0.78,0.376,-0.5
ARG_35_A_HE,65.001,-2.937,36.452,-0.421,0.486,-0.766
ARG_35_A_HE,64.766,-3.303,36.452,-0.617,0.181,-0.766
ARG_35_A_HH11,65.319,-7.045,37.305,-0.773,-0.479,-0.415
ARG_35_A_HH11,65.003,-8.028,38.305,-0.541,-0.0,-0.841
ARG_35_A_HH11,65.213,-7.598,38.044,-0.69,-0.307,-0.655
ARG_35_A_HH11,65.329,-7.358,37.709,-0.773,-0.479,-0.415
ARG_35_A_HH21,65.182,-4.025,35.773,-0.773,0.479,-0.415
ARG_35_A_HH21,65.351,-3.589,35.773,-0.894,0.167,-0.415
ARG_35_A_HH21,65.456,-4.067,35.18,-0.894,0.167,-0.415
ARG_35_A_HH21,65.466,-3.751,35.256,-0.959,0.112,-0.261
ARG_35_A_HH21,66.493,-2.577,36.052,0.018,0.934,0.357
ARG_35_A_HH21,66.084,-2.595,35.818,-0.378,0.917,0.13
ARG_35_A_HH21,65.728,-2.831,35.616,-0.722,0.689,-0.064
ARG_35_A_HH21,65.508,-3.23,35.495,-0.936,0.302,-0.182
ARG_35_A_HH21,66.445,-2.711,36.528,0.38,0.901,0.206
ARG_35_A_HH21,66.073,-2.622,36.314,-0.027,0.999,-0.029
ARG_35_A_HH21,65.707,-2.743,36.105,-0.428,0.866,-0.257
ARG_35_A_HH21,65.431,-3.047,35.951,-0.731,0.533,-0.426
ARG_35_A_HH21,65.309,-3.463,35.887,-0.864,0.077,-0.497
ARG_35_A_HH21,65.597,-3.095,35.101,-0.91,0.377,-0.174
ARG_35_A_HH21,65.507,-3.547,35.101,-0.985,0.0,-0.174
GLU_36_A_CA,65.996,-7.784,40.918,0.739,-0.157,-0.655
GLU_36_A_CA,65.757,-8.004,40.583,0.91,-0.0,-0.415
GLU_36_A_CA,66.752,-7.537,41.591,0.541,-0.0,-0.841
GLU_36_A_CA,67.275,-6.817,41.591,0.167,-0.514,-0.841
GLU_36_A_CA,66.897,-7.092,41.591,0.437,-0.318,-0.841
GLU_36_A_CA,66.653,-6.915,41.33,0.611,-0.444,-0.655
GLU_36_A_CA,66.474,-7.317,41.33,0.739,-0.157,-0.655
GLU_36_A_CA,66.376,-7.536,41.235,0.809,-0.001,-0.587
GLU_36_A_CB,65.886,-6.669,44.675,0.506,0.562,0.655
GLU_36_A_CB,66.267,-6.889,44.675,0.234,0.719,0.655
GLU_36_A_CB,65.822,-6.752,44.786,0.506,0.562,0.655
GLU_36_A_CB,66.203,-6.972,44.786,0.234,0.719,0.655
GLU_36_A_CB,65.317,-5.351,46.104,0.783,-0.616,-0.086
GLU_36_A_CB,66.413,-7.181,44.973,0.001,0.692,0.722
GLU_36_A_OE1,67.397,-5.662,41.173,0.927,-0.346,-0.147
GLU_36_A_OE1,66.992,-6.399,39.718,0.72,-0.615,0.321
GLU_36_A_H,66.673,-5.046,43.087,0.936,0.321,0.142
GLU_36_A_H,66.732,-4.83,42.704,0.894,0.167,0.415
GLU_36_A_H,66.901,-5.266,42.704,0.773,0.479,0.415
GLU_36_A_H,67.346,-6.079,42.068,0.976,0.163,-0.142
GLU_36_A_H,67.494,-6.511,42.068,0.871,0.471,-0.142
GLU_36_A_H,67.402,-6.301,41.67,0.936,0.321,0.142
GLU_36_A_H,67.503,-6.395,42.316,0.864,0.388,-0.319
GLU_36_A_H,67.353,-5.934,42.292,0.958,0.271,-0.091
GLU_36_A_H,67.243,-5.689,42.532,0.855,0.501,0.135
GLU_36_A_H,67.044,-6.047,43.545,0.485,0.603,0.633
GLU_36_A_H,67.312,-6.072,43.247,0.73,0.58,0.361
GLU_36_A_H,67.487,-6.212,42.914,0.89,0.452,0.057
GLU_36_A_H,66.794,-5.69,43.468,0.599,0.425,0.679
GLU_36_A_H,66.925,-5.546,43.168,0.731,0.571,0.375
GLU_36_A_H,66.712,-5.155,43.115,0.908,0.4,0.122
GLU_36_A_H,67.159,-5.661,42.872,0.696,0.696,0.174
GLU_36_A_H,67.415,-6.045,42.456,0.91,0.377,-0.174
GLU_36_A_HB2,66.198,-6.277,44.117,0.506,0.562,0.655
GLU_36_A_HB2,66.579,-6.497,44.117,0.234,0.719,0.655
GLU_36_A_HB2,67.017,-6.543,44.117,-0.079,0.752,0.655
GLU_36_A_HB2,66.294,-5.936,43.856,0.437,0.318,0.841
GLU_36_A_HB2,66.672,-6.211,43.856,0.167,0.514,0.841
GLU_36_A_HB2,65.818,-6.118,44.359,0.69,0.307,0.655
GLU_36_A_HB2,66.076,-6.473,44.359,0.506,0.562,0.655
GLU_36_A_HB2,66.457,-6.693,44.359,0.234,0.719,0.655
GLU_36_A_HB2,66.895,-6.739,44.359,-0.079,0.752,0.655
GLU_36_A_HB2,67.438,-6.481,43.935,0.204,0.912,0.355
GLU_36_A_HB2,67.362,-6.297,43.582,0.491,0.785,0.376
GLU_36_A_HB2,67.578,-6.377,43.274,0.705,0.706,0.073
ARG_37_A_H,64.736,-6.532,46.083,0.99,-0.0,0.142
ARG_37_A_H,64.87,-6.298,45.7,0.894,-0.167,0.415
ARG_37_A_H,64.87,-6.766,45.7,0.894,0.167,0.415
ARG_37_A_H,64.828,-7.055,46.087,0.936,0.321,0.142
ARG_37_A_H,65.045,-7.456,46.087,0.781,0.608,0.142
ARG_37_A_H,65.056,-7.276,45.704,0.773,0.479,0.415
ARG_37_A_H,65.372,-7.622,45.704,0.548,0.726,0.415
ARG_37_A_H,65.172,-7.036,45.369,0.69,0.307,0.655
ARG_37_A_H,65.431,-7.392,45.369,0.506,0.562,0.655
ARG_37_A_H,65.812,-7.612,45.369,0.234,0.719,0.655
ARG_37_A_H,65.132,-6.466,45.265,0.756,-0.0,0.655
ARG_37_A_H,65.223,-6.036,45.265,0.69,-0.307,0.655
ARG_37_A_H,65.433,-6.466,45.004,0.541,-0.0,0.841
ARG_37_A_H,65.577,-6.911,45.004,0.437,0.318,0.841
ARG_37_A_H,65.956,-7.186,45.004,0.167,0.514,0.841
ARG_37_A_HG3,64.512,-5.729,48.17,0.773,0.479,0.415
ARG_37_A_HG3,64.628,-5.489,47.835,0.69,0.307,0.655
ARG_37_A_HG3,64.849,-6.532,46.864,0.91,-0.0,-0.415
ARG_37_A_HG3,64.934,-6.072,46.864,0.848,-0.329,-0.415
ARG_37_A_HG3,64.755,-6.304,46.481,0.976,-0.163,-0.142
ARG_37_A_HG3,64.755,-6.76,46.481,0.976,0.163,-0.142
ARG_37_A_HG3,64.951,-7.065,46.868,0.848,0.329,-0.415
ARG_37_A_HG3,64.92,-7.265,46.485,0.871,0.471,-0.142
ARG_37_A_HG3,65.038,-7.168,46.969,0.848,0.329,-0.415
ARG_37_A_HG3,65.046,-7.018,47.076,0.842,0.221,-0.492
ARG_37_A_HG3,65.008,-6.115,47.087,0.953,-0.151,-0.261
ARG_37_A_HG3,65.032,-5.933,47.423,0.984,0.079,0.163
ARG_37_A_HG3,64.874,-5.742,47.714,0.785,0.321,0.531
ARG_37_A_HG3,65.097,-6.385,47.446,0.959,0.214,-0.184
ARG_37_A_HG3,65.018,-6.163,47.817,0.88,0.436,0.189
ARG_37_A_HG3,64.746,-5.958,48.095,0.606,0.642,0.469
ARG_37_A_HG3,64.421,-5.666,48.29,0.839,0.433,0.33
ARG_37_A_HD2,62.704,-5.044,50.016,0.69,0.307,0.655
ARG_37_A_HD2,63.058,-5.059,49.755,0.437,0.318,0.841
ARG_37_A_HD2,62.434,-5.019,50.293,0.594,0.127,0.795
ARG_37_A_HH11,59.556,-4.769,51.317,0.756,-0.0,0.655
ARG_37_A_HH11,59.857,-4.769,51.056,0.541,-0.0,0.841
ARG_37_A_HH11,60.219,-4.769,50.891,0.282,-0.0,0.959
PHE_38_A_CB,61.256,-5.639,41.182,0.079,0.752,-0.655
PHE_38_A_CB,61.525,-5.467,41.342,-0.113,0.629,-0.769
PHE_38_A_CB,61.085,-5.462,41.386,0.028,0.876,-0.481
PHE_38_A_CB,60.841,-5.64,41.022,0.375,0.753,-0.541
PHE_38_A_CB,60.246,-5.565,40.634,0.425,0.817,-0.391
PHE_38_A_CB,60.146,-5.678,40.164,0.702,0.678,-0.219
PHE_38_A_CB,59.709,-5.226,41.175,0.133,0.979,-0.152
PHE_38_A_CB,59.937,-5.331,40.932,0.263,0.92,-0.291
PHE_38_A_CB,59.779,-5.36,40.561,0.508,0.842,-0.18
PHE_38_A_CB,60.114,-5.234,41.34,0.183,0.958,-0.223
PHE_38_A_CB,60.555,-5.534,40.939,0.415,0.8,-0.434
PHE_38_A_CG,57.343,-5.44,41.491,-0.405,0.814,0.415
PHE_38_A_CG,58.601,-5.317,42.013,-0.148,0.939,0.312
PHE_38_A_CG,58.77,-5.236,41.724,-0.039,0.991,0.125
PHE_38_A_CG,57.607,-5.335,41.561,-0.378,0.847,0.374
PHE_38_A_CG,57.972,-5.213,41.546,-0.18,0.913,0.366
PHE_38_A_CG,58.349,-5.162,41.494,0.025,0.941,0.338
PHE_38_A_CG,57.342,-5.626,42.041,-0.265,0.923,0.28
PHE_38_A_CG,57.926,-5.554,42.307,-0.184,0.905,0.385
PHE_38_A_CG,57.605,-5.71,42.61,-0.306,0.949,0.076
PHE_38_A_CG,57.729,-5.671,43.047,-0.044,0.989,-0.144
PHE_38_A_CG,58.25,-5.342,42.006,-0.061,0.899,0.434
PHE_38_A_CG,57.794,-5.437,42.006,-0.302,0.849,0.434
PHE_38_A_CD1,56.891,-5.702,41.939,-0.082,0.986,0.142
PHE_38_A_CD1,56.888,-5.812,42.925,-0.243,0.96,-0.142
PHE_38_A_CD1,56.662,-5.849,42.527,-0.082,0.986,0.142
PHE_38_A_CD1,57.517,-5.725,42.915,-0.243,0.96,-0.142
PHE_38_A_CD1,57.291,-5.763,42.516,-0.082,0.986,0.142
PHE_38_A_CD1,57.047,-5.786,42.554,-0.134,0.984,0.115
PHE_38_A_CD1,56.895,-5.806,42.951,-0.248,0.955,-0.161
PHE_38_A_CD1,56.652,-5.736,42.093,0.007,0.969,0.245
PHE_38_A_CD1,57.167,-5.723,42.302,-0.061,0.973,0.223
PHE_38_A_CD2,57.304,-5.216,41.156,-0.378,0.654,0.655
PHE_38_A_CD2,58.206,-6.764,38.068,0.228,-0.166,-0.959
PHE_38_A_CD2,58.206,-7.228,38.068,0.228,0.166,-0.959
PHE_38_A_CD2,59.739,-8.385,39.924,0.541,-0.0,-0.841
PHE_38_A_CD2,59.461,-8.165,39.663,0.739,-0.157,-0.655
PHE_38_A_CD2,59.461,-8.605,39.663,0.739,0.157,-0.655
PHE_38_A_CD2,59.222,-8.385,39.328,0.91,-0.0,-0.415
PHE_38_A_CD2,59.308,-7.925,39.328,0.848,-0.329,-0.415
PHE_38_A_CD2,58.51,-7.277,38.13,0.228,0.166,-0.959
PHE_38_A_CD2,58.515,-7.416,38.099,0.225,0.265,-0.938
PHE_38_A_CD2,58.795,-7.035,38.248,0.421,-0.057,-0.905
PHE_38_A_CD2,59.033,-7.582,38.403,0.791,0.084,-0.605
PHE_38_A_CD2,59.365,-7.547,38.985,0.822,-0.418,-0.387
PHE_38_A_CD2,59.273,-7.311,38.679,0.758,-0.252,-0.602
PHE_38_A_CD2,59.033,-5.117,41.251,0.111,0.973,0.202
PHE_38_A_CD2,59.085,-5.018,40.796,0.42,0.865,0.275
PHE_38_A_CD2,59.712,-7.32,39.323,0.688,-0.482,-0.542
PHE_38_A_CD2,59.235,-5.051,40.656,0.472,0.854,0.219
PHE_38_A_CD2,59.463,-5.156,40.412,0.602,0.795,0.08
PHE_38_A_CD2,57.733,-5.136,41.296,-0.242,0.792,0.56
PHE_38_A_CD2,58.106,-5.049,41.262,-0.039,0.839,0.542
PHE_38_A_CD2,58.484,-5.034,41.193,0.166,0.848,0.504
PHE_38_A_CD2,58.122,-5.947,38.062,0.36,0.239,-0.902
PHE_38_A_CD2,58.098,-6.469,37.998,0.346,-0.047,-0.937
PHE_38_A_CD2,57.147,-5.033,40.896,-0.174,0.74,0.65
PHE_38_A_CD2,57.307,-4.763,40.535,-0.087,0.888,0.452
PHE_38_A_CD2,57.478,-4.604,40.117,0.007,0.975,0.224
PHE_38_A_CD2,57.649,-4.567,39.672,0.1,0.995,-0.02
PHE_38_A_CD2,57.806,-4.655,39.229,0.187,0.947,-0.263
PHE_38_A_CD2,57.94,-4.862,38.819,0.26,0.833,-0.488
PHE_38_A_CD2,58.042,-5.173,38.47,0.316,0.663,-0.679
PHE_38_A_CD2,58.115,-4.959,41.137,0.0,0.782,0.623
PHE_38_A_CD2,57.656,-5.031,41.137,-0.242,0.744,0.623
PHE_38_A_CD2,58.463,-4.768,40.776,0.183,0.882,0.434
PHE_38_A_CD2,57.998,-4.736,40.776,-0.061,0.899,0.434
PHE_38_A_CD2,57.542,-4.831,40.776,-0.302,0.849,0.434
PHE_38_A_CD2,58.904,-4.768,40.375,0.415,0.882,0.223
PHE_38_A_CD2,58.462,-4.624,40.375,0.183,0.958,0.223
PHE_38_A_CD2,57.999,-4.595,40.375,-0.061,0.973,0.223
PHE_38_A_CD2,59.194,-4.88,39.952,0.568,0.823,0.0
PHE_38_A_CD2,58.789,-4.667,39.952,0.355,0.935,0.0
PHE_38_A_CD2,58.344,-4.558,39.952,0.121,0.993,0.0
PHE_38_A_CD2,57.886,-4.558,39.952,-0.121,0.993,0.0
PHE_38_A_CD2,58.462,-4.624,39.529,0.183,0.958,-0.223
PHE_38_A_CD2,58.463,-4.768,39.128,0.183,0.882,-0.434
PHE_38_A_CD2,59.578,-7.333,39.128,0.77,-0.468,-0.434
PHE_38_A_CD2,58.538,-6.444,38.1,0.223,0.0,-0.975
PHE_38_A_CE1,55.459,-6.179,42.802,-0.405,0.814,0.415
PHE_38_A_CE1,56.887,-5.576,41.505,-0.084,0.906,0.415
PHE_38_A_CE1,55.215,-8.792,40.286,-0.548,-0.726,-0.415
PHE_38_A_CE1,55.758,-9.358,39.904,-0.936,-0.321,-0.142
PHE_38_A_CE1,55.684,-9.796,42.289,-0.506,-0.562,-0.655
PHE_38_A_CE1,56.059,-9.912,41.954,-0.773,-0.479,-0.415
PHE_38_A_CE1,55.743,-9.566,41.954,-0.548,-0.726,-0.415
PHE_38_A_CE1,56.069,-9.731,41.571,-0.781,-0.608,-0.142
PHE_38_A_CE1,55.734,-9.422,41.571,-0.541,-0.829,-0.142
PHE_38_A_CE1,55.914,-9.563,41.173,-0.67,-0.728,0.142
PHE_38_A_CE1,55.636,-9.339,40.494,-0.781,-0.608,-0.142
PHE_38_A_CE1,55.625,-9.314,40.447,-0.773,-0.625,-0.108
PHE_38_A_CE1,55.295,-9.002,40.514,-0.59,-0.719,-0.369
PHE_38_A_CE1,55.949,-9.757,40.797,-0.695,-0.59,0.411
PHE_38_A_CE1,55.659,-9.427,40.821,-0.708,-0.706,0.028
PHE_38_A_CE1,55.542,-9.306,41.261,-0.404,-0.911,0.08
PHE_38_A_CE1,56.037,-5.924,42.839,-0.272,0.952,0.14
PHE_38_A_CE1,56.462,-5.865,42.691,0.061,0.998,0.025
PHE_38_A_CE1,55.666,-5.965,42.593,-0.297,0.848,0.439
PHE_38_A_CE1,56.117,-5.81,42.414,-0.017,0.945,0.327
PHE_38_A_CE1,55.314,-9.223,41.653,-0.471,-0.88,-0.063
PHE_38_A_CE1,55.586,-9.429,41.88,-0.435,-0.824,-0.363
PHE_38_A_CE1,55.551,-9.61,42.229,-0.64,-0.603,-0.475
PHE_38_A_CE1,54.096,-7.014,41.226,-0.971,0.063,0.231
PHE_38_A_CE1,54.231,-6.599,41.414,-0.897,0.29,0.333
PHE_38_A_CE1,54.477,-6.22,41.561,-0.762,0.498,0.414
PHE_38_A_CE1,54.818,-5.903,41.656,-0.576,0.672,0.466
PHE_38_A_CE1,55.229,-5.668,41.694,-0.351,0.8,0.487
PHE_38_A_CE1,55.683,-5.532,41.672,-0.102,0.874,0.475
PHE_38_A_CE1,56.151,-5.505,41.591,0.154,0.889,0.43
PHE_38_A_CE1,54.888,-8.569,40.258,-0.537,-0.788,-0.3
PHE_38_A_CE1,54.575,-8.362,40.429,-0.709,-0.675,-0.206
PHE_38_A_CE1,54.329,-8.092,40.619,-0.844,-0.527,-0.102
PHE_38_A_CE1,54.16,-7.773,40.819,-0.936,-0.352,0.008
PHE_38_A_CE1,55.116,-6.277,42.669,-0.49,0.752,0.441
PHE_38_A_CE1,54.723,-6.611,42.596,-0.752,0.529,0.393
PHE_38_A_CE1,54.935,-6.548,43.029,-0.656,0.744,0.127
PHE_38_A_CE1,54.668,-6.895,42.987,-0.901,0.424,0.088
PHE_38_A_CE1,54.328,-7.002,42.264,-0.823,0.446,0.35
PHE_38_A_CE1,54.152,-7.193,41.907,-0.942,0.317,0.109
PHE_38_A_CE1,54.081,-7.509,41.607,-0.99,0.104,-0.093
PHE_38_A_CE1,54.125,-7.901,41.41,-0.961,-0.161,-0.227
PHE_38_A_CE1,54.277,-8.31,41.346,-0.858,-0.438,-0.27
PHE_38_A_CE1,54.515,-8.674,41.424,-0.697,-0.683,-0.217
PHE_38_A_CE1,54.801,-8.936,41.633,-0.504,-0.861,-0.076
PHE_38_A_CE1,54.086,-7.441,41.071,-0.986,-0.142,0.091
PHE_38_A_CE1,55.876,-5.735,42.233,-0.061,0.899,0.434
PHE_38_A_CE1,55.42,-5.83,42.233,-0.302,0.849,0.434
PHE_38_A_CE1,55.006,-6.044,42.233,-0.52,0.736,0.434
PHE_38_A_CE1,54.665,-6.363,42.233,-0.699,0.569,0.434
PHE_38_A_CE1,54.423,-6.761,42.233,-0.826,0.359,0.434
PHE_38_A_CE1,56.34,-5.623,41.832,0.183,0.958,0.223
PHE_38_A_CE1,54.37,-6.551,41.832,-0.854,0.47,0.223
PHE_38_A_CE1,54.199,-6.982,41.832,-0.944,0.242,0.223
PHE_38_A_CE1,54.093,-7.443,41.409,-1.0,0.0,0.0
PHE_38_A_CE1,54.914,-9.007,41.409,-0.568,-0.823,0.0
PHE_38_A_CE1,55.319,-9.22,41.409,-0.355,-0.935,0.0
PHE_38_A_CE1,54.37,-8.335,40.986,-0.854,-0.47,-0.223
PHE_38_A_CE1,54.643,-8.711,40.986,-0.711,-0.667,-0.223
PHE_38_A_CE1,55.0,-9.007,40.986,-0.522,-0.823,-0.223
PHE_38_A_CE1,55.006,-8.842,40.585,-0.52,-0.736,-0.434
PHE_38_A_CE2,56.885,-5.353,41.156,-0.079,0.752,0.655
PHE_38_A_CE2,55.876,-7.768,38.428,-0.437,-0.318,-0.841
PHE_38_A_CE2,56.322,-8.213,38.167,-0.756,-0.0,-0.655
PHE_38_A_CE2,56.23,-7.783,38.167,-0.69,-0.307,-0.655
PHE_38_A_CE2,56.515,-8.447,37.832,-0.894,0.167,-0.415
PHE_38_A_CE2,57.768,-6.996,37.902,0.541,-0.0,-0.841
PHE_38_A_CE2,57.913,-7.441,37.902,0.437,0.318,-0.841
PHE_38_A_CE2,57.026,-7.487,37.727,-0.282,-0.0,-0.959
PHE_38_A_CE2,56.754,-7.112,37.727,-0.087,-0.268,-0.959
PHE_38_A_CE2,56.634,-7.989,37.784,-0.587,0.16,-0.793
PHE_38_A_CE2,56.512,-7.645,37.879,-0.5,-0.086,-0.862
PHE_38_A_CE2,56.304,-7.814,38.098,-0.743,-0.285,-0.605
PHE_38_A_CE2,56.533,-7.227,37.794,-0.239,-0.266,-0.934
PHE_38_A_CE2,56.18,-7.414,38.017,-0.49,-0.4,-0.775
PHE_38_A_CE2,57.253,-7.853,37.584,-0.444,0.261,-0.857
PHE_38_A_CE2,57.579,-7.325,37.752,0.346,0.244,-0.906
PHE_38_A_CE2,57.225,-7.417,37.688,-0.102,0.127,-0.987
PHE_38_A_CE2,57.295,-6.951,37.708,0.197,-0.082,-0.977
PHE_38_A_CE2,56.833,-7.158,37.73,-0.144,-0.235,-0.961
PHE_38_A_CE2,58.066,-5.679,38.133,0.389,0.363,-0.846
PHE_38_A_CE2,55.469,-5.447,38.407,-0.841,0.406,-0.359
PHE_38_A_CE2,55.666,-5.072,38.565,-0.708,0.66,-0.252
PHE_38_A_CE2,56.002,-4.783,38.65,-0.481,0.855,-0.195
PHE_38_A_CE2,56.426,-4.625,38.649,-0.194,0.961,-0.195
PHE_38_A_CE2,56.869,-4.625,38.563,0.105,0.962,-0.254
PHE_38_A_CE2,57.262,-4.782,38.405,0.371,0.856,-0.36
PHE_38_A_CE2,57.543,-5.07,38.2,0.561,0.661,-0.499
PHE_38_A_CE2,57.666,-5.445,37.98,0.644,0.407,-0.647
PHE_38_A_CE2,57.613,-5.847,37.781,0.608,0.136,-0.782
PHE_38_A_CE2,57.392,-6.212,37.634,0.459,-0.111,-0.882
PHE_38_A_CE2,57.037,-6.483,37.562,0.219,-0.294,-0.93
PHE_38_A_CE2,56.606,-6.616,37.576,-0.072,-0.384,-0.92
PHE_38_A_CE2,56.166,-6.591,37.675,-0.37,-0.367,-0.854
PHE_38_A_CE2,55.787,-6.411,37.843,-0.626,-0.246,-0.74
PHE_38_A_CE2,55.529,-6.105,38.052,-0.8,-0.039,-0.599
PHE_38_A_CE2,55.191,-6.366,38.383,-0.597,0.111,-0.794
PHE_38_A_CE2,55.344,-6.84,38.289,-0.513,-0.148,-0.845
PHE_38_A_CE2,55.571,-7.292,38.315,-0.389,-0.396,-0.832
PHE_38_A_CE2,56.41,-5.148,40.973,0.07,0.778,0.624
PHE_38_A_CE2,56.104,-4.951,40.661,-0.097,0.886,0.453
PHE_38_A_CE2,55.81,-4.865,40.291,-0.258,0.933,0.25
PHE_38_A_CE2,55.549,-4.898,39.89,-0.401,0.916,0.031
PHE_38_A_CE2,55.338,-5.045,39.484,-0.516,0.835,-0.191
PHE_38_A_CE2,55.193,-5.298,39.103,-0.596,0.696,-0.4
PHE_38_A_CE2,55.123,-5.638,38.773,-0.635,0.51,-0.581
PHE_38_A_CE2,56.816,-4.838,40.651,0.0,0.782,0.623
PHE_38_A_CE2,56.699,-4.615,40.29,-0.061,0.899,0.434
PHE_38_A_CE2,56.243,-4.71,40.29,-0.302,0.849,0.434
PHE_38_A_CE2,57.163,-4.503,39.889,0.183,0.958,0.223
PHE_38_A_CE2,56.7,-4.474,39.889,-0.061,0.973,0.223
PHE_38_A_CE2,56.244,-4.561,39.889,-0.301,0.927,0.223
PHE_38_A_CE2,57.045,-4.437,39.466,0.121,0.993,0.0
PHE_38_A_CE2,56.587,-4.437,39.466,-0.121,0.993,0.0
PHE_38_A_CE2,56.142,-4.546,39.466,-0.355,0.935,0.0
PHE_38_A_CE2,55.737,-4.759,39.466,-0.568,0.823,0.0
PHE_38_A_CE2,57.163,-4.503,39.043,0.183,0.958,-0.223
PHE_38_A_CE2,56.7,-4.474,39.043,-0.061,0.973,-0.223
PHE_38_A_CE2,56.244,-4.561,39.043,-0.301,0.927,-0.223
PHE_38_A_CE2,55.823,-4.759,39.043,-0.522,0.823,-0.223
PHE_38_A_CE2,55.466,-5.055,39.043,-0.711,0.667,-0.223
PHE_38_A_CE2,57.604,-4.803,38.642,0.415,0.8,-0.434
PHE_38_A_CE2,55.722,-6.776,37.981,-0.576,-0.239,-0.782
PHE_38_A_CE2,55.978,-7.161,37.981,-0.441,-0.441,-0.782
PHE_38_A_CE2,56.122,-6.769,37.754,-0.365,-0.235,-0.901
PHE_38_A_CE2,57.607,-6.555,37.754,0.416,-0.122,-0.901
PHE_38_A_CZ,56.421,-5.533,41.505,0.249,0.875,0.415
PHE_38_A_CZ,55.541,-8.957,39.904,-0.781,-0.608,-0.142
PHE_38_A_CZ,55.205,-8.648,39.904,-0.541,-0.829,-0.142
PHE_38_A_CZ,56.021,-8.213,38.428,-0.541,-0.0,-0.841
PHE_38_A_CZ,55.735,-8.75,39.033,-0.69,-0.307,-0.655
PHE_38_A_CZ,55.477,-8.394,39.033,-0.506,-0.562,-0.655
PHE_38_A_CZ,55.536,-8.313,38.92,-0.506,-0.562,-0.655
PHE_38_A_CZ,56.08,-8.865,38.584,-0.894,-0.167,-0.415
PHE_38_A_CZ,56.177,-8.835,38.268,-0.964,-0.189,-0.189
PHE_38_A_CZ,56.039,-8.464,38.428,-0.783,-0.131,-0.608
PHE_38_A_CZ,55.75,-8.343,38.737,-0.658,-0.541,-0.524
PHE_38_A_CZ,55.464,-7.966,38.683,-0.372,-0.487,-0.79
PHE_38_A_CZ,55.658,-8.994,39.321,-0.86,-0.391,-0.329
PHE_38_A_CZ,55.655,-9.102,39.662,-0.863,-0.505,0.03
PHE_38_A_CZ,55.498,-8.629,39.218,-0.659,-0.529,-0.535
PHE_38_A_CZ,55.425,-8.771,39.578,-0.724,-0.655,-0.214
PHE_38_A_CZ,55.163,-8.474,39.427,-0.506,-0.762,-0.404
PHE_38_A_CZ,55.159,-8.614,39.868,-0.509,-0.853,-0.117
PHE_38_A_CZ,55.103,-6.139,38.504,-0.593,0.243,-0.767
PHE_38_A_CZ,53.904,-6.821,40.755,-0.861,-0.039,0.508
PHE_38_A_CZ,53.952,-6.377,40.737,-0.828,0.261,0.495
PHE_38_A_CZ,54.051,-5.98,40.557,-0.761,0.53,0.374
PHE_38_A_CZ,54.186,-5.692,40.243,-0.67,0.724,0.162
PHE_38_A_CZ,54.337,-5.556,39.845,-0.568,0.816,-0.107
PHE_38_A_CZ,54.48,-5.595,39.423,-0.472,0.79,-0.392
PHE_38_A_CZ,54.592,-5.802,39.043,-0.396,0.65,-0.649
PHE_38_A_CZ,54.657,-6.145,38.764,-0.352,0.418,-0.838
PHE_38_A_CZ,54.665,-6.571,38.629,-0.347,0.13,-0.929
PHE_38_A_CZ,54.613,-7.014,38.659,-0.381,-0.17,-0.909
PHE_38_A_CZ,54.511,-7.406,38.849,-0.45,-0.434,-0.78
PHE_38_A_CZ,54.374,-7.685,39.17,-0.543,-0.623,-0.563
PHE_38_A_CZ,54.223,-7.809,39.572,-0.645,-0.706,-0.291
PHE_38_A_CZ,54.082,-7.758,39.993,-0.74,-0.672,-0.007
PHE_38_A_CZ,53.972,-7.54,40.368,-0.815,-0.525,0.246
PHE_38_A_CZ,55.747,-5.331,41.386,0.0,0.782,0.623
PHE_38_A_CZ,55.288,-5.403,41.386,-0.242,0.744,0.623
PHE_38_A_CZ,54.874,-5.614,41.386,-0.46,0.633,0.623
PHE_38_A_CZ,55.63,-5.108,41.025,-0.061,0.899,0.434
PHE_38_A_CZ,55.174,-5.203,41.025,-0.302,0.849,0.434
PHE_38_A_CZ,54.76,-5.417,41.025,-0.52,0.736,0.434
PHE_38_A_CZ,54.419,-5.736,41.025,-0.699,0.569,0.434
PHE_38_A_CZ,54.177,-6.134,41.025,-0.826,0.359,0.434
PHE_38_A_CZ,54.051,-6.583,41.025,-0.893,0.123,0.434
PHE_38_A_CZ,55.631,-4.967,40.624,-0.061,0.973,0.223
PHE_38_A_CZ,55.175,-5.054,40.624,-0.301,0.927,0.223
PHE_38_A_CZ,54.754,-5.252,40.624,-0.522,0.823,0.223
PHE_38_A_CZ,54.397,-5.548,40.624,-0.711,0.667,0.223
PHE_38_A_CZ,55.073,-5.039,40.201,-0.355,0.935,0.0
PHE_38_A_CZ,54.668,-5.252,40.201,-0.568,0.823,0.0
PHE_38_A_CZ,54.325,-8.076,40.201,-0.749,-0.663,0.0
PHE_38_A_CZ,54.397,-8.084,39.778,-0.711,-0.667,-0.223
PHE_38_A_CZ,54.754,-8.38,39.778,-0.522,-0.823,-0.223
PHE_38_A_CZ,54.754,-5.252,39.778,-0.522,0.823,-0.223
PHE_38_A_CZ,54.76,-5.417,39.377,-0.52,0.736,-0.434
PHE_38_A_CZ,54.76,-8.215,39.377,-0.52,-0.736,-0.434
PHE_38_A_CZ,54.874,-8.018,39.016,-0.46,-0.633,-0.623
PHE_38_A_CZ,54.874,-5.614,39.016,-0.46,0.633,-0.623
PHE_38_A_CZ,54.909,-7.654,38.716,-0.441,-0.441,-0.782
PHE_38_A_CZ,54.923,-6.816,38.489,-0.434,0.0,-0.901
PHE_38_A_CZ,55.053,-7.262,38.489,-0.365,-0.235,-0.901
PHE_38_A_CZ,55.405,-7.566,38.489,-0.18,-0.395,-0.901
PHE_38_A_HB2,58.902,-5.588,43.794,0.243,0.96,0.142
PHE_38_A_HB2,59.356,-5.626,43.794,-0.082,0.986,0.142
PHE_38_A_HB2,59.359,-5.513,43.412,-0.084,0.906,0.415
PHE_38_A_HB2,58.049,-5.679,43.19,0.082,0.986,-0.142
PHE_38_A_HB2,58.504,-5.641,43.19,-0.243,0.96,-0.142
PHE_38_A_HB2,58.278,-5.679,42.792,-0.082,0.986,0.142
PHE_38_A_HB2,58.72,-5.567,42.792,-0.398,0.906,0.142
PHE_38_A_HB2,58.281,-5.566,42.409,-0.084,0.906,0.415
PHE_38_A_HB2,58.731,-5.437,42.409,-0.405,0.814,0.415
PHE_38_A_HB2,58.83,-5.229,41.699,-0.082,0.986,0.142
PHE_38_A_HB2,59.559,-5.188,41.38,0.082,0.986,-0.142
PHE_38_A_HB2,59.613,-5.59,44.365,0.398,0.906,-0.142
PHE_38_A_HB2,60.055,-5.702,44.365,0.082,0.986,-0.142
PHE_38_A_HB2,60.51,-5.664,44.365,-0.243,0.96,-0.142
PHE_38_A_HB2,59.829,-5.664,43.967,0.243,0.96,0.142
PHE_38_A_HB2,60.284,-5.702,43.967,-0.082,0.986,0.142
PHE_38_A_HB2,60.726,-5.59,43.967,-0.398,0.906,0.142
PHE_38_A_HB2,59.821,-5.546,43.584,0.249,0.875,0.415
PHE_38_A_HB2,60.287,-5.589,43.584,-0.084,0.906,0.415
PHE_38_A_HB2,60.737,-5.461,43.584,-0.405,0.814,0.415
PHE_38_A_HB2,60.28,-5.373,43.249,-0.079,0.752,0.655
PHE_38_A_HB2,60.854,-5.289,41.852,0.084,0.906,-0.415
PHE_38_A_HB2,61.32,-5.246,41.852,-0.249,0.875,-0.415
PHE_38_A_HB2,60.968,-5.227,42.811,0.082,0.986,-0.142
PHE_38_A_HB2,61.423,-5.189,42.811,-0.243,0.96,-0.142
PHE_38_A_HB2,60.742,-5.189,42.412,0.243,0.96,0.142
PHE_38_A_HB2,61.197,-5.227,42.412,-0.082,0.986,0.142
PHE_38_A_HB2,61.35,-5.187,41.947,-0.27,0.833,-0.483
PHE_38_A_HB2,60.958,-5.194,42.112,0.009,0.991,-0.131
PHE_38_A_HB2,60.569,-5.213,41.886,0.288,0.851,-0.439
PHE_38_A_HB2,61.061,-5.167,43.313,-0.365,0.928,0.069
PHE_38_A_HB2,60.892,-5.214,42.838,0.136,0.977,-0.162
PHE_38_A_HB2,60.276,-5.231,43.064,0.041,0.848,0.529
PHE_38_A_HB2,60.465,-5.133,42.742,0.242,0.952,0.187
PHE_38_A_HB2,59.92,-5.143,41.595,0.061,0.943,-0.326
PHE_38_A_HB2,60.257,-5.199,41.618,0.289,0.906,-0.31
PHE_38_A_HB2,59.501,-4.343,45.421,0.191,0.105,-0.976
PHE_38_A_HB2,59.797,-5.334,43.24,-0.02,0.813,0.582
PHE_38_A_HB2,59.013,-5.243,42.252,-0.442,0.886,0.141
PHE_38_A_HB2,59.461,-5.097,41.823,-0.195,0.959,-0.206
PHE_38_A_HB2,59.461,-5.176,41.383,0.152,0.978,-0.144
PHE_38_A_HB2,59.221,-5.334,42.991,-0.379,0.852,0.363
PHE_38_A_HB2,58.782,-5.55,43.09,-0.442,0.894,-0.07
PHE_38_A_HB2,60.111,-5.12,42.924,0.193,0.844,0.5
PHE_38_A_HB2,59.649,-5.12,42.924,-0.193,0.844,0.5
PHE_38_A_HB2,60.332,-5.041,42.532,0.377,0.91,0.174
PHE_38_A_HB2,59.88,-4.951,42.532,0.0,0.985,0.174
PHE_38_A_HB2,59.428,-5.041,42.532,-0.377,0.91,0.174
PHE_38_A_HB2,60.332,-5.041,42.116,0.377,0.91,-0.174
PHE_38_A_HB2,59.88,-4.951,42.116,0.0,0.985,-0.174
PHE_38_A_HB2,59.428,-5.041,42.116,-0.377,0.91,-0.174
PHE_38_A_HB3,60.21,-7.138,39.624,0.437,-0.318,-0.841
PHE_38_A_HB3,60.509,-8.373,40.153,0.0,-0.0,-1.0
PHE_38_A_HB3,60.631,-7.998,40.096,-0.087,-0.268,-0.959
PHE_38_A_HB3,60.19,-8.141,40.096,0.228,-0.166,-0.959
PHE_38_A_HB3,60.19,-8.605,40.096,0.228,0.166,-0.959
PHE_38_A_HB3,60.631,-8.748,40.096,-0.087,0.268,-0.959
PHE_38_A_HB3,60.275,-7.653,39.93,0.167,-0.514,-0.841
PHE_38_A_HB3,59.897,-7.928,39.93,0.437,-0.318,-0.841
PHE_38_A_HB3,59.653,-7.751,39.669,0.611,-0.444,-0.655
PHE_38_A_HB3,60.561,-5.869,40.439,0.405,0.814,-0.415
PHE_38_A_HB3,61.25,-5.98,40.659,0.084,0.906,-0.415
PHE_38_A_HB3,61.716,-5.937,40.659,-0.249,0.875,-0.415
PHE_38_A_HB3,62.135,-5.728,40.659,-0.548,0.726,-0.415
PHE_38_A_HB3,62.41,-7.142,40.6,0.0,-0.0,-1.0
PHE_38_A_HB3,62.805,-7.142,40.543,-0.282,-0.0,-0.959
PHE_38_A_HB3,62.532,-6.767,40.543,-0.087,-0.268,-0.959
PHE_38_A_HB3,62.091,-6.911,40.543,0.228,-0.166,-0.959
PHE_38_A_HB3,62.091,-7.374,40.543,0.228,0.166,-0.959
PHE_38_A_HB3,62.532,-7.518,40.543,-0.087,0.268,-0.959
PHE_38_A_HB3,61.653,-7.142,40.378,0.541,-0.0,-0.841
PHE_38_A_HB3,61.798,-7.587,40.378,0.437,0.318,-0.841
PHE_38_A_HB3,62.176,-7.862,40.378,0.167,0.514,-0.841
PHE_38_A_HB3,62.644,-6.423,40.378,-0.167,-0.514,-0.841
PHE_38_A_HB3,62.176,-6.423,40.378,0.167,-0.514,-0.841
PHE_38_A_HB3,61.798,-6.698,40.378,0.437,-0.318,-0.841
PHE_38_A_HB3,61.509,-8.011,40.187,0.0,-0.0,-1.0
PHE_38_A_HB3,61.19,-7.779,40.13,0.228,-0.166,-0.959
PHE_38_A_HB3,61.19,-8.242,40.13,0.228,0.166,-0.959
PHE_38_A_HB3,61.631,-8.386,40.13,-0.087,0.268,-0.959
PHE_38_A_HB3,62.058,-5.807,40.652,0.0,-0.0,-1.0
PHE_38_A_HB3,62.453,-5.807,40.596,-0.282,-0.0,-0.959
PHE_38_A_HB3,61.739,-6.038,40.596,0.228,0.166,-0.959
PHE_38_A_HB3,62.18,-6.182,40.596,-0.087,0.268,-0.959
PHE_38_A_HB3,61.446,-6.251,40.43,0.437,0.318,-0.841
PHE_38_A_HB3,61.824,-6.526,40.43,0.167,0.514,-0.841
PHE_38_A_HB3,62.292,-6.526,40.43,-0.167,0.514,-0.841
PHE_38_A_HB3,62.671,-6.251,40.43,-0.437,0.318,-0.841
PHE_38_A_HB3,62.766,-6.593,40.169,-0.506,0.562,-0.655
PHE_38_A_HB3,60.753,-8.166,40.116,-0.174,-0.148,-0.974
PHE_38_A_HB3,60.797,-7.722,40.007,0.152,-0.331,-0.931
PHE_38_A_HB3,61.722,-8.067,40.17,-0.152,0.04,-0.988
PHE_38_A_HB3,61.522,-7.691,40.19,0.314,0.122,-0.942
PHE_38_A_HB3,61.107,-7.573,40.055,0.287,-0.313,-0.905
PHE_38_A_HB3,60.696,-6.084,40.148,0.466,0.723,-0.51
PHE_38_A_HB3,60.745,-6.482,39.861,0.514,0.335,-0.79
PHE_38_A_HB3,60.605,-6.935,39.727,0.377,-0.107,-0.92
PHE_38_A_HB3,60.404,-6.126,39.733,0.758,0.441,-0.482
PHE_38_A_HB3,60.36,-6.533,39.532,0.709,-0.012,-0.705
PHE_38_A_HB3,60.152,-6.938,39.493,0.478,-0.461,-0.748
PHE_38_A_HB3,60.387,-7.403,39.8,0.206,-0.423,-0.882
PHE_38_A_HB3,59.943,-7.507,39.696,0.405,-0.618,-0.674
PHE_38_A_HB3,61.273,-6.999,40.041,0.643,0.0,-0.766
PHE_38_A_HB3,61.151,-6.582,40.041,0.541,0.348,-0.766
PHE_38_A_HB3,60.707,-7.354,39.832,0.171,-0.296,-0.94
PHE_38_A_HB3,60.912,-6.999,39.832,0.342,-0.0,-0.94
PHE_38_A_HD2,59.732,-5.341,40.11,0.541,0.829,0.142
PHE_38_A_HD2,59.966,-6.961,39.363,0.611,-0.444,-0.655
PHE_38_A_HD2,60.19,-5.749,40.056,0.67,0.728,-0.142
PHE_38_A_HD2,59.859,-5.401,39.889,0.701,0.699,0.141
PHE_38_A_HD2,60.123,-5.735,39.566,0.876,0.473,-0.094
PHE_38_A_HD2,60.172,-6.133,39.279,0.924,0.086,-0.374
PHE_38_A_HD2,60.032,-6.586,39.145,0.787,-0.356,-0.504
PHE_38_A_HD2,59.564,-6.926,38.781,0.667,-0.476,-0.573
PHE_38_A_HD2,58.651,-5.891,38.189,0.05,0.224,-0.973
PHE_38_A_HD2,58.837,-6.298,38.174,0.176,-0.052,-0.983
PHE_38_A_HD2,59.095,-6.64,38.308,0.35,-0.283,-0.893
PHE_38_A_HD2,59.423,-5.035,39.879,0.572,0.802,0.169
PHE_38_A_HD2,59.141,-4.855,39.6,0.382,0.924,-0.019
PHE_38_A_HD2,58.882,-4.825,39.252,0.207,0.945,-0.255
PHE_38_A_HD2,58.685,-4.948,38.884,0.073,0.861,-0.503
PHE_38_A_HD2,58.577,-5.208,38.552,0.0,0.686,-0.728
PHE_38_A_HD2,58.527,-5.527,38.319,0.036,0.474,-0.88
PHE_38_A_HD2,59.776,-5.211,39.582,0.696,0.696,0.174
PHE_38_A_HD2,59.392,-4.955,39.582,0.377,0.91,0.174
PHE_38_A_HD2,60.032,-5.595,39.166,0.91,0.377,-0.174
PHE_38_A_HD2,59.776,-5.211,39.166,0.696,0.696,-0.174
PHE_38_A_HD2,59.392,-4.955,39.166,0.377,0.91,-0.174
PHE_38_A_HD2,59.876,-6.498,38.774,0.78,-0.376,-0.5
PHE_38_A_HD2,59.979,-6.047,38.774,0.866,-0.0,-0.5
PHE_38_A_HD2,59.876,-5.596,38.774,0.78,0.376,-0.5
PHE_38_A_HD2,59.588,-5.234,38.774,0.54,0.677,-0.5
PHE_38_A_HD2,59.171,-5.034,38.774,0.193,0.844,-0.5
PHE_38_A_HD2,59.711,-6.047,38.455,0.643,0.0,-0.766
PHE_38_A_HD2,59.589,-5.63,38.455,0.541,0.348,-0.766
PHE_38_A_HD2,59.26,-5.345,38.455,0.267,0.585,-0.766
PHE_38_A_HD2,58.83,-5.284,38.455,-0.091,0.636,-0.766
PHE_38_A_HD2,59.589,-6.464,38.455,0.541,-0.348,-0.766
PHE_38_A_HD2,59.35,-6.047,38.246,0.342,-0.0,-0.94
PHE_38_A_HD2,59.145,-5.692,38.246,0.171,0.296,-0.94
PHE_38_A_HE1,54.625,-6.961,42.912,-0.871,0.471,0.142
PHE_38_A_HE1,55.059,-8.794,43.848,-0.936,-0.321,-0.142
PHE_38_A_HE1,54.842,-8.393,43.848,-0.781,-0.608,-0.142
PHE_38_A_HE1,55.115,-9.016,43.45,-0.976,-0.163,0.142
PHE_38_A_HE1,54.967,-8.584,43.45,-0.871,-0.471,0.142
PHE_38_A_HE1,54.936,-8.784,43.067,-0.848,-0.329,0.415
PHE_38_A_HE1,54.966,-9.07,42.85,-0.871,-0.471,0.142
PHE_38_A_HE1,55.351,-9.867,42.723,-0.69,-0.307,-0.655
PHE_38_A_HE1,55.467,-9.627,42.388,-0.773,-0.479,-0.415
PHE_38_A_HE1,55.152,-9.281,42.388,-0.548,-0.726,-0.415
PHE_38_A_HE1,55.143,-9.137,42.006,-0.541,-0.829,-0.142
PHE_38_A_HE1,55.115,-9.463,42.905,-0.976,-0.19,0.103
PHE_38_A_HE1,55.004,-9.204,42.539,-0.778,-0.618,-0.116
PHE_38_A_HE1,54.695,-8.825,42.554,-0.676,-0.646,0.354
PHE_38_A_HE1,54.687,-8.614,42.822,-0.67,-0.45,0.591
PHE_38_A_HE1,54.449,-7.874,43.244,-0.919,-0.326,0.222
PHE_38_A_HE1,54.424,-7.359,43.132,-0.95,0.301,0.086
PHE_38_A_HE1,54.313,-7.9,42.865,-0.876,-0.148,0.459
PHE_38_A_HE1,54.293,-7.506,42.779,-0.896,0.241,0.374
PHE_38_A_HE1,54.447,-7.143,42.699,-0.743,0.601,0.294
PHE_38_A_HE1,54.156,-7.835,42.611,-0.866,0.0,0.5
PHE_38_A_HE1,54.259,-8.286,42.611,-0.78,-0.376,0.5
PHE_38_A_HE1,54.013,-7.835,42.219,-0.985,0.0,0.174
PHE_38_A_HE1,54.103,-8.287,42.219,-0.91,-0.377,0.174
PHE_38_A_HE1,54.359,-8.671,42.219,-0.696,-0.696,0.174
PHE_38_A_HE1,54.103,-7.383,42.219,-0.91,0.377,0.174
PHE_38_A_HE1,54.013,-7.835,41.803,-0.985,0.0,-0.174
PHE_38_A_HE1,54.103,-8.287,41.803,-0.91,-0.377,-0.174
PHE_38_A_HE1,54.359,-8.671,41.803,-0.696,-0.696,-0.174
PHE_38_A_HE2,55.412,-5.805,38.268,-0.842,0.195,-0.503
PHE_38_A_HE2,56.632,-4.649,38.314,0.0,0.985,-0.174
PHE_38_A_HE2,56.18,-4.739,38.314,-0.377,0.91,-0.174
PHE_38_A_HE2,55.796,-4.995,38.314,-0.696,0.696,-0.174
PHE_38_A_HE2,55.593,-5.831,37.922,-0.866,0.0,-0.5
PHE_38_A_HE2,57.28,-5.018,37.922,0.54,0.677,-0.5
PHE_38_A_HE2,56.863,-4.818,37.922,0.193,0.844,-0.5
PHE_38_A_HE2,56.401,-4.818,37.922,-0.193,0.844,-0.5
PHE_38_A_HE2,55.984,-5.018,37.922,-0.54,0.677,-0.5
PHE_38_A_HE2,55.696,-5.38,37.922,-0.78,0.376,-0.5
PHE_38_A_HE2,57.403,-5.831,37.603,0.643,0.0,-0.766
PHE_38_A_HE2,57.281,-5.414,37.603,0.541,0.348,-0.766
PHE_38_A_HE2,56.952,-5.129,37.603,0.267,0.585,-0.766
PHE_38_A_HE2,56.522,-5.068,37.603,-0.091,0.636,-0.766
PHE_38_A_HE2,56.127,-5.248,37.603,-0.421,0.486,-0.766
PHE_38_A_HE2,55.892,-5.614,37.603,-0.617,0.181,-0.766
PHE_38_A_HE2,55.892,-6.048,37.603,-0.617,-0.181,-0.766
PHE_38_A_HE2,56.222,-5.831,37.394,-0.342,0.0,-0.94
PHE_38_A_HE2,56.427,-6.186,37.394,-0.171,-0.296,-0.94
PHE_38_A_HE2,56.837,-6.186,37.394,0.171,-0.296,-0.94
PHE_38_A_HE2,57.042,-5.831,37.394,0.342,-0.0,-0.94
PHE_38_A_HE2,56.837,-5.476,37.394,0.171,0.296,-0.94
PHE_38_A_HE2,56.427,-5.476,37.394,-0.171,0.296,-0.94
PHE_38_A_HZ,53.926,-7.074,40.733,-0.879,-0.161,0.45
PHE_38_A_HZ,53.793,-6.271,40.448,-0.78,0.376,0.5
PHE_38_A_HZ,53.69,-6.722,40.448,-0.866,0.0,0.5
PHE_38_A_HZ,53.793,-7.173,40.448,-0.78,-0.376,0.5
PHE_38_A_HZ,53.547,-6.722,40.056,-0.985,0.0,0.174
PHE_38_A_HZ,53.637,-7.174,40.056,-0.91,-0.377,0.174
PHE_38_A_HZ,53.893,-7.558,40.056,-0.696,-0.696,0.174
PHE_38_A_HZ,53.893,-5.886,40.056,-0.696,0.696,0.174
PHE_38_A_HZ,53.637,-6.27,40.056,-0.91,0.377,0.174
PHE_38_A_HZ,53.893,-5.886,39.64,-0.696,0.696,-0.174
PHE_38_A_HZ,53.637,-6.27,39.64,-0.91,0.377,-0.174
PHE_38_A_HZ,53.547,-6.722,39.64,-0.985,0.0,-0.174
PHE_38_A_HZ,53.637,-7.174,39.64,-0.91,-0.377,-0.174
PHE_38_A_HZ,53.893,-7.558,39.64,-0.696,-0.696,-0.174
PHE_38_A_HZ,53.69,-6.722,39.248,-0.866,0.0,-0.5
PHE_38_A_HZ,53.793,-7.173,39.248,-0.78,-0.376,-0.5
PHE_38_A_HZ,54.081,-7.535,39.248,-0.54,-0.677,-0.5
PHE_38_A_HZ,54.081,-5.909,39.248,-0.54,0.677,-0.5
PHE_38_A_HZ,53.793,-6.271,39.248,-0.78,0.376,-0.5
PHE_38_A_HZ,54.224,-6.139,38.929,-0.421,0.486,-0.766
PHE_38_A_HZ,53.989,-6.505,38.929,-0.617,0.181,-0.766
PHE_38_A_HZ,53.989,-6.939,38.929,-0.617,-0.181,-0.766
PHE_38_A_HZ,54.224,-7.305,38.929,-0.421,-0.486,-0.766
PHE_38_A_HZ,54.319,-6.722,38.72,-0.342,0.0,-0.94
GLU_39_A_CA,60.743,-9.093,39.93,-0.167,0.514,-0.841
GLU_39_A_CA,59.884,-8.83,39.924,0.437,0.318,-0.841
GLU_39_A_CA,60.262,-9.105,39.924,0.167,0.514,-0.841
GLU_39_A_CA,59.967,-9.301,39.663,0.378,0.654,-0.655
GLU_39_A_CA,60.385,-9.437,39.663,0.079,0.752,-0.655
GLU_39_A_CA,60.823,-9.391,39.663,-0.234,0.719,-0.655
GLU_39_A_CA,60.378,-9.653,39.328,0.084,0.906,-0.415
GLU_39_A_CA,61.966,-9.398,39.216,-0.238,0.615,-0.752
GLU_39_A_CA,61.889,-9.692,39.006,-0.187,0.533,-0.825
GLU_39_A_CA,61.37,-9.674,39.087,-0.109,0.717,-0.689
GLU_39_A_CA,61.324,-9.146,39.672,-0.225,0.686,-0.692
GLU_39_A_CA,61.004,-8.919,39.943,-0.353,0.39,-0.85
GLU_39_A_CA,61.07,-8.484,40.069,-0.044,0.214,-0.976
GLU_39_A_CA,61.408,-9.323,39.428,-0.242,0.744,-0.623
GLU_39_A_CB,62.196,-9.517,39.012,-0.407,0.558,-0.723
GLU_39_A_OE1,64.787,-8.147,38.54,-0.756,-0.0,-0.655
GLU_39_A_OE1,65.645,-8.004,39.802,0.99,-0.0,0.142
GLU_39_A_HA,60.647,-9.794,39.005,0.084,0.906,-0.415
GLU_39_A_HA,60.208,-9.795,38.623,0.398,0.906,-0.142
GLU_39_A_HB2,62.644,-7.862,40.378,-0.167,0.514,-0.841
GLU_39_A_HB2,63.023,-7.587,40.378,-0.437,0.318,-0.841
GLU_39_A_HB2,63.167,-7.142,40.378,-0.541,-0.0,-0.841
GLU_39_A_HB2,63.468,-7.142,40.117,-0.756,-0.0,-0.655
GLU_39_A_HB2,62.3,-8.195,40.117,0.079,0.752,-0.655
GLU_39_A_HB2,62.737,-8.149,40.117,-0.234,0.719,-0.655
GLU_39_A_HB2,63.118,-7.929,40.117,-0.506,0.562,-0.655
GLU_39_A_HB2,63.377,-7.573,40.117,-0.69,0.307,-0.655
GLU_39_A_HB2,62.759,-8.367,39.781,-0.249,0.875,-0.415
GLU_39_A_HB2,63.178,-8.159,39.781,-0.548,0.726,-0.415
GLU_39_A_HB2,63.493,-7.813,39.781,-0.773,0.479,-0.415
GLU_39_A_HB2,63.662,-7.377,39.781,-0.894,0.167,-0.415
GLU_39_A_HB2,63.504,-7.994,39.399,-0.781,0.608,-0.142
GLU_39_A_HB2,63.721,-7.592,39.399,-0.936,0.321,-0.142
GLU_39_A_HB2,61.743,-8.73,39.965,-0.167,0.514,-0.841
GLU_39_A_HB2,62.122,-8.456,39.965,-0.437,0.318,-0.841
GLU_39_A_HB2,61.836,-9.017,39.704,-0.234,0.719,-0.655
GLU_39_A_HB2,62.217,-8.797,39.704,-0.506,0.562,-0.655
GLU_39_A_HB2,62.34,-9.323,39.08,-0.506,0.562,-0.655
GLU_39_A_HB2,64.123,-8.147,38.966,-0.282,-0.0,-0.959
GLU_39_A_HB2,63.851,-8.522,38.966,-0.087,0.268,-0.959
GLU_39_A_HB2,63.963,-8.867,38.801,-0.167,0.514,-0.841
GLU_39_A_HB2,64.341,-8.592,38.801,-0.437,0.318,-0.841
GLU_39_A_HB2,64.486,-8.147,38.801,-0.541,-0.0,-0.841
GLU_39_A_HB2,63.872,-7.913,38.996,-0.102,-0.167,-0.981
GLU_39_A_HB2,63.509,-8.189,39.126,-0.568,0.391,-0.724
GLU_39_A_HB2,63.234,-8.496,39.092,-0.372,0.61,-0.7
GLU_39_A_HB2,63.61,-8.683,38.911,0.085,0.383,-0.92
GLU_39_A_HB2,62.579,-9.266,38.936,-0.524,0.435,-0.732
GLU_39_A_HB2,62.357,-9.047,39.283,-0.578,0.564,-0.59
GLU_39_A_HB2,62.626,-8.539,39.563,-0.475,0.728,-0.494
GLU_39_A_HB2,62.267,-8.543,39.837,-0.542,0.38,-0.75
GLU_39_A_HB2,62.096,-8.23,40.071,-0.096,0.507,-0.856
GLU_39_A_HB2,62.743,-8.651,39.239,-0.54,0.677,-0.5
GLU_39_A_HB2,62.886,-8.881,38.92,-0.421,0.486,-0.766
GLU_39_A_HB2,63.186,-9.109,38.711,-0.171,0.296,-0.94
LYS_40_A_C,60.809,-14.726,45.57,-0.541,-0.0,0.841
LYS_40_A_C,60.371,-14.494,45.405,-0.228,-0.166,0.959
LYS_40_A_C,59.876,-14.276,45.424,0.087,-0.268,0.959
LYS_40_A_C,60.912,-14.006,45.867,-0.611,-0.444,0.655
LYS_40_A_C,60.669,-14.183,45.606,-0.437,-0.318,0.841
LYS_40_A_C,60.29,-13.908,45.606,-0.167,-0.514,0.841
LYS_40_A_O,59.468,-16.411,44.816,0.781,-0.608,0.142
LYS_40_A_O,60.213,-16.037,44.433,0.249,-0.875,0.415
LYS_40_A_O,59.794,-16.246,44.433,0.548,-0.726,0.415
LYS_40_A_O,59.479,-16.591,44.433,0.773,-0.479,0.415
LYS_40_A_O,60.742,-15.51,45.408,-0.082,-0.986,0.142
LYS_40_A_O,60.287,-15.547,45.408,0.243,-0.96,0.142
LYS_40_A_O,60.745,-15.623,45.026,-0.084,-0.906,0.415
LYS_40_A_O,60.279,-15.666,45.026,0.249,-0.875,0.415
LYS_40_A_O,59.86,-15.874,45.026,0.548,-0.726,0.415
LYS_40_A_O,59.874,-16.338,44.162,0.548,-0.726,0.415
LYS_40_A_O,60.371,-16.147,44.058,0.249,-0.875,0.415
LYS_40_A_O,60.392,-16.365,43.723,0.234,-0.719,0.655
LYS_40_A_O,60.485,-16.652,43.462,0.167,-0.514,0.841
LYS_40_A_O,61.401,-15.806,44.46,-0.082,-0.986,0.142
LYS_40_A_O,61.404,-15.918,44.078,-0.084,-0.906,0.415
LYS_40_A_O,60.938,-15.962,44.078,0.249,-0.875,0.415
LYS_40_A_O,61.816,-16.27,43.743,-0.378,-0.654,0.655
LYS_40_A_O,61.397,-16.134,43.743,-0.079,-0.752,0.655
LYS_40_A_O,60.96,-16.18,43.743,0.234,-0.719,0.655
LYS_40_A_O,61.053,-16.467,43.482,0.167,-0.514,0.841
LYS_40_A_O,60.751,-16.036,44.068,0.383,-0.822,0.422
LYS_40_A_O,61.078,-15.762,44.819,-0.102,-0.968,0.231
LYS_40_A_O,60.595,-15.738,44.813,0.023,-0.823,0.568
LYS_40_A_O,60.205,-15.939,44.641,0.288,-0.825,0.485
LYS_40_A_O,59.847,-15.977,44.889,0.557,-0.653,0.513
LYS_40_A_O,60.546,-15.952,44.465,0.249,-0.875,0.415
LYS_40_A_CD,61.326,-14.726,46.166,-0.91,-0.0,0.415
LYS_40_A_CD,61.087,-14.946,45.831,-0.739,0.157,0.655
LYS_40_A_CD,61.087,-14.506,45.831,-0.739,-0.157,0.655
LYS_40_A_CD,61.244,-14.168,46.203,-0.848,-0.329,0.415
LYS_40_A_CD,62.126,-15.717,47.334,-0.803,-0.407,0.435
LYS_40_A_CD,62.028,-15.971,46.77,-0.819,-0.495,0.29
LYS_40_A_CD,62.138,-16.364,46.583,-0.958,-0.231,0.171
LYS_40_A_CD,61.625,-14.682,47.192,-0.951,-0.146,0.272
LYS_40_A_CD,61.862,-15.084,47.45,-0.791,-0.418,0.446
LYS_40_A_CD,61.686,-15.644,46.387,-0.826,-0.478,0.299
LYS_40_A_CD,61.453,-14.4,46.687,-0.951,-0.102,0.291
LYS_40_A_CD,59.297,-15.326,45.71,0.574,0.154,0.804
LYS_40_A_CD,61.424,-14.926,46.416,-0.945,-0.132,0.299
LYS_40_A_CD,61.747,-15.31,47.1,-0.826,-0.359,0.434
LYS_40_A_CD,61.465,-14.628,46.699,-0.975,0.0,0.223
LYS_40_A_CD,61.523,-15.089,46.699,-0.944,-0.242,0.223
LYS_40_A_CD,61.694,-15.52,46.699,-0.854,-0.47,0.223
LYS_40_A_CE,65.785,-16.935,46.158,0.771,-0.501,-0.394
LYS_40_A_CE,64.471,-17.117,45.452,0.214,-0.678,-0.703
LYS_40_A_NZ,63.377,-17.955,47.947,-0.313,-0.908,0.277
LYS_40_A_NZ,63.261,-18.168,47.268,-0.301,-0.868,0.394
LYS_40_A_HA,63.974,-15.61,43.4,0.611,0.444,-0.655
LYS_40_A_HG2,64.442,-16.345,42.273,0.492,0.801,0.341
LYS_40_A_HD2,61.581,-14.179,47.179,-0.976,-0.163,0.142
LYS_40_A_HD2,61.402,-13.947,46.797,-0.848,-0.329,0.415
LYS_40_A_HD2,61.155,-13.55,46.797,-0.672,-0.613,0.415
LYS_40_A_HD2,61.615,-14.093,47.363,-0.945,-0.024,0.327
LYS_40_A_HD2,61.768,-14.338,47.796,-0.866,0.0,0.5
LYS_40_A_HD2,61.871,-14.789,47.796,-0.78,-0.376,0.5
LYS_40_A_HD2,61.625,-14.338,47.404,-0.985,0.0,0.174
LYS_40_A_HD3,61.184,-15.622,45.408,-0.398,-0.906,0.142
LYS_40_A_HD3,61.499,-15.46,46.128,-0.848,-0.329,0.415
LYS_40_A_HD3,61.168,-15.298,45.793,-0.611,-0.444,0.655
LYS_40_A_HD3,60.924,-15.475,45.532,-0.437,-0.318,0.841
LYS_40_A_HD3,60.19,-15.545,45.366,0.087,-0.268,0.959
LYS_40_A_HD3,62.045,-16.026,44.859,-0.541,-0.829,-0.142
LYS_40_A_HD3,61.627,-15.843,44.859,-0.243,-0.96,-0.142
LYS_40_A_HD3,61.844,-15.918,44.46,-0.398,-0.906,0.142
LYS_40_A_HD3,61.855,-16.047,44.078,-0.405,-0.814,0.415
LYS_40_A_HD3,62.49,-16.599,45.262,-0.773,-0.479,-0.415
LYS_40_A_HD3,62.175,-16.254,45.262,-0.548,-0.726,-0.415
LYS_40_A_HD3,62.501,-16.419,44.88,-0.781,-0.608,-0.142
LYS_40_A_HD3,62.166,-16.11,44.88,-0.541,-0.829,-0.142
LYS_40_A_HD3,62.626,-16.61,44.481,-0.871,-0.471,0.142
LYS_40_A_HD3,62.346,-16.25,44.481,-0.67,-0.728,0.142
LYS_40_A_HD3,62.595,-16.81,44.099,-0.848,-0.329,0.415
LYS_40_A_HD3,62.349,-16.412,44.099,-0.672,-0.613,0.415
LYS_40_A_HD3,62.1,-16.559,45.922,-0.911,-0.383,-0.156
LYS_40_A_HD3,62.089,-16.396,46.368,-0.923,-0.208,0.324
LYS_40_A_HD3,62.005,-16.261,45.54,-0.679,-0.682,-0.27
LYS_40_A_HD3,61.87,-16.132,46.013,-0.809,-0.559,0.183
LYS_40_A_HD3,61.701,-15.956,45.313,-0.547,-0.828,-0.122
LYS_40_A_HD3,61.295,-15.717,45.237,-0.477,-0.838,0.264
LYS_40_A_HD3,59.458,-16.036,45.543,0.736,-0.39,0.554
LYS_40_A_HD3,61.472,-15.711,45.834,-0.703,-0.622,0.346
LYS_40_A_HE2,64.641,-15.954,44.276,0.437,0.318,-0.841
LYS_40_A_HE2,64.218,-15.729,44.015,0.739,0.157,-0.655
LYS_40_A_HE2,64.397,-16.131,44.015,0.611,0.444,-0.655
LYS_40_A_HE2,64.066,-15.969,43.68,0.848,0.329,-0.415
LYS_40_A_HE2,64.312,-16.367,43.68,0.672,0.613,-0.415
LYS_40_A_HE2,64.563,-16.63,44.856,0.084,-0.906,-0.415
LYS_40_A_HE2,64.566,-16.517,44.474,0.082,-0.986,-0.142
LYS_40_A_HE2,64.34,-16.555,44.075,0.243,-0.96,0.142
LYS_40_A_HE2,65.134,-16.878,45.273,0.084,-0.906,-0.415
LYS_40_A_HE2,65.325,-16.941,45.47,0.288,-0.838,-0.464
LYS_40_A_HE2,65.676,-16.83,45.669,0.626,-0.731,-0.272
LYS_40_A_HE2,65.425,-17.186,45.871,0.531,-0.591,-0.606
LYS_40_A_HE2,65.7,-17.036,46.103,0.831,-0.428,-0.355
LYS_40_A_HE2,64.891,-16.889,45.259,0.045,-0.83,-0.556
LYS_40_A_HE2,65.287,-16.324,44.613,0.455,-0.479,-0.751
LYS_40_A_HE2,65.048,-16.602,44.795,0.137,-0.85,-0.508
LYS_40_A_HE2,64.761,-16.517,44.487,-0.058,-0.987,-0.152
LYS_40_A_HE2,65.309,-16.761,45.081,0.193,-0.844,-0.5
LYS_40_A_HZ1,62.659,-17.036,45.262,-0.894,-0.167,-0.415
LYS_40_A_HZ1,62.793,-17.27,44.88,-0.99,-0.0,-0.142
LYS_40_A_HZ1,62.718,-16.82,44.88,-0.936,-0.321,-0.142
LYS_40_A_HZ1,62.774,-17.498,44.481,-0.976,0.163,0.142
LYS_40_A_HZ1,62.774,-17.042,44.481,-0.976,-0.163,0.142
LYS_40_A_HZ1,62.681,-17.27,44.099,-0.91,-0.0,0.415
LYS_40_A_HZ1,63.253,-17.556,45.266,-0.167,-0.514,-0.841
LYS_40_A_HZ1,63.346,-17.269,45.005,-0.234,-0.719,-0.655
LYS_40_A_HZ1,62.909,-17.223,45.005,0.079,-0.752,-0.655
LYS_40_A_HZ1,63.368,-17.051,44.67,-0.249,-0.875,-0.415
LYS_40_A_HZ1,62.902,-17.008,44.67,0.084,-0.906,-0.415
LYS_40_A_HZ1,62.452,-17.136,44.67,0.405,-0.814,-0.415
LYS_40_A_HZ1,63.777,-17.116,44.288,-0.541,-0.829,-0.142
LYS_40_A_HZ1,63.359,-16.932,44.288,-0.243,-0.96,-0.142
LYS_40_A_HZ1,62.905,-16.895,44.288,0.082,-0.986,-0.142
LYS_40_A_HZ1,62.463,-17.007,44.288,0.398,-0.906,-0.142
LYS_40_A_HZ1,63.011,-17.928,47.484,-0.405,-0.814,0.415
LYS_40_A_HZ1,62.289,-16.641,46.935,-0.91,-0.0,0.415
LYS_40_A_HZ1,62.203,-16.181,46.935,-0.848,-0.329,0.415
LYS_40_A_HZ1,64.477,-16.869,45.209,0.079,-0.752,-0.655
LYS_40_A_HZ1,64.059,-17.005,45.209,0.378,-0.654,-0.655
LYS_40_A_HZ1,63.732,-17.299,45.209,0.611,-0.444,-0.655
LYS_40_A_HZ1,64.02,-16.781,44.874,0.405,-0.814,-0.415
LYS_40_A_HZ1,63.647,-17.063,44.874,0.672,-0.613,-0.415
LYS_40_A_HZ1,64.031,-16.652,44.492,0.398,-0.906,-0.142
LYS_40_A_HZ1,63.649,-16.901,44.492,0.67,-0.728,-0.142
LYS_40_A_HZ1,64.248,-16.578,44.093,0.243,-0.96,0.142
LYS_40_A_HZ1,63.83,-16.761,44.093,0.541,-0.829,0.142
LYS_40_A_HZ1,63.494,-17.07,44.093,0.781,-0.608,0.142
LYS_40_A_HZ1,62.215,-16.763,46.764,-0.953,0.071,0.295
LYS_40_A_HZ1,64.209,-17.491,45.63,0.52,-0.506,-0.688
LYS_40_A_HZ1,64.076,-18.065,45.947,0.35,-0.693,-0.63
LYS_40_A_HZ1,63.877,-18.312,46.247,0.167,-0.92,-0.356
LYS_40_A_HZ1,63.673,-18.4,46.624,-0.019,-1.0,-0.011
LYS_40_A_HZ1,63.498,-18.314,47.016,-0.178,-0.921,0.347
LYS_40_A_HZ1,62.612,-17.696,47.357,-0.699,-0.548,0.46
LYS_40_A_HZ1,62.39,-17.32,47.272,-0.901,-0.204,0.382
LYS_40_A_HZ1,62.341,-16.897,47.144,-0.947,0.182,0.266
LYS_40_A_HZ1,62.272,-17.01,45.82,-0.87,-0.147,-0.47
LYS_40_A_HZ1,62.137,-16.882,46.293,-1.0,-0.024,-0.017
LYS_40_A_HZ1,61.735,-17.933,43.354,0.11,-0.367,0.924
LYS_40_A_HZ1,62.7,-17.595,45.408,-0.579,-0.608,-0.543
LYS_40_A_HZ1,62.377,-17.677,47.049,-0.78,-0.376,0.5
LYS_40_A_HZ1,62.665,-18.039,47.049,-0.54,-0.677,0.5
LYS_40_A_HZ1,63.082,-18.239,47.049,-0.193,-0.844,0.5
LYS_40_A_HZ1,62.131,-17.226,46.657,-0.985,0.0,0.174
LYS_40_A_HZ1,62.221,-17.678,46.657,-0.91,-0.377,0.174
LYS_40_A_HZ1,62.477,-18.062,46.657,-0.696,-0.696,0.174
LYS_40_A_HZ1,62.861,-18.318,46.657,-0.377,-0.91,0.174
LYS_40_A_HZ1,63.313,-18.408,46.657,-0.0,-0.985,0.174
LYS_40_A_HZ1,62.131,-17.226,46.241,-0.985,0.0,-0.174
LYS_40_A_HZ1,62.221,-17.678,46.241,-0.91,-0.377,-0.174
LYS_40_A_HZ1,62.477,-18.062,46.241,-0.696,-0.696,-0.174
LYS_40_A_HZ1,62.861,-18.318,46.241,-0.377,-0.91,-0.174
LYS_40_A_HZ1,63.313,-18.408,46.241,-0.0,-0.985,-0.174
LYS_40_A_HZ1,62.274,-17.226,45.849,-0.866,0.0,-0.5
LYS_40_A_HZ1,62.377,-17.677,45.849,-0.78,-0.376,-0.5
LYS_40_A_HZ1,62.665,-18.039,45.849,-0.54,-0.677,-0.5
LYS_40_A_HZ1,63.082,-18.239,45.849,-0.193,-0.844,-0.5
LYS_40_A_HZ1,63.544,-18.239,45.849,0.193,-0.844,-0.5
LYS_40_A_HZ1,63.203,-17.989,45.53,-0.091,-0.636,-0.766
LYS_40_A_HZ1,63.633,-17.928,45.53,0.267,-0.585,-0.766
LYS_40_A_HZ1,63.962,-17.643,45.53,0.541,-0.348,-0.766
LYS_40_A_HZ2,63.805,-18.334,47.302,-0.398,-0.906,0.142
LYS_40_A_HZ2,64.703,-17.48,45.845,0.167,-0.514,-0.841
LYS_40_A_HZ2,65.018,-17.426,45.869,0.167,-0.514,-0.841
LYS_40_A_HZ2,65.221,-17.596,46.018,0.362,-0.369,-0.856
LYS_40_A_HZ2,65.572,-17.485,46.218,0.7,-0.262,-0.664
LYS_40_A_HZ2,65.84,-17.287,46.553,0.903,-0.144,-0.405
LYS_40_A_HZ2,63.892,-18.297,47.589,-0.416,-0.841,0.345
LYS_40_A_HZ2,64.173,-18.121,48.079,-0.279,-0.727,0.627
LYS_40_A_HZ2,64.471,-17.915,48.315,-0.006,-0.538,0.843
LYS_40_A_HZ2,64.75,-17.6,48.416,0.249,-0.25,0.936
LYS_40_A_HZ2,64.568,-17.978,46.04,0.141,-0.476,-0.868
LYS_40_A_HZ2,64.383,-18.291,46.282,-0.028,-0.762,-0.647
LYS_40_A_HZ2,64.177,-18.462,46.628,-0.216,-0.919,-0.331
LYS_40_A_HZ2,63.984,-18.463,47.021,-0.392,-0.919,0.028
LYS_40_A_HZ2,65.204,-17.537,48.305,0.342,0.0,0.94
LYS_40_A_HZ2,64.999,-17.892,48.305,0.171,-0.296,0.94
LYS_40_A_HZ2,64.474,-18.239,48.096,-0.267,-0.585,0.766
LYS_40_A_HZ2,64.904,-18.3,48.096,0.091,-0.636,0.766
LYS_40_A_HZ2,65.299,-18.12,48.096,0.421,-0.486,0.766
LYS_40_A_HZ2,65.534,-17.754,48.096,0.617,-0.181,0.766
LYS_40_A_HZ2,64.563,-18.55,47.777,-0.193,-0.844,0.5
LYS_40_A_HZ2,65.025,-18.55,47.777,0.193,-0.844,0.5
LYS_40_A_HZ2,65.442,-18.35,47.777,0.54,-0.677,0.5
LYS_40_A_HZ2,65.73,-17.988,47.777,0.78,-0.376,0.5
LYS_40_A_HZ2,64.342,-18.629,47.385,-0.377,-0.91,0.174
LYS_40_A_HZ2,64.794,-18.719,47.385,-0.0,-0.985,0.174
LYS_40_A_HZ2,65.246,-18.629,47.385,0.377,-0.91,0.174
LYS_40_A_HZ2,65.63,-18.373,47.385,0.696,-0.696,0.174
LYS_40_A_HZ2,65.886,-17.989,47.385,0.91,-0.377,0.174
LYS_40_A_HZ2,65.976,-17.537,46.969,0.985,0.0,-0.174
LYS_40_A_HZ2,64.342,-18.629,46.969,-0.377,-0.91,-0.174
LYS_40_A_HZ2,64.794,-18.719,46.969,-0.0,-0.985,-0.174
LYS_40_A_HZ2,65.246,-18.629,46.969,0.377,-0.91,-0.174
LYS_40_A_HZ2,65.63,-18.373,46.969,0.696,-0.696,-0.174
LYS_40_A_HZ2,65.886,-17.989,46.969,0.91,-0.377,-0.174
LYS_40_A_HZ2,64.563,-18.55,46.577,-0.193,-0.844,-0.5
LYS_40_A_HZ2,65.025,-18.55,46.577,0.193,-0.844,-0.5
LYS_40_A_HZ2,65.442,-18.35,46.577,0.54,-0.677,-0.5
LYS_40_A_HZ2,65.73,-17.988,46.577,0.78,-0.376,-0.5
LYS_40_A_HZ2,65.833,-17.537,46.577,0.866,-0.0,-0.5
LYS_40_A_HZ2,64.684,-18.3,46.258,-0.091,-0.636,-0.766
LYS_40_A_HZ2,65.114,-18.239,46.258,0.267,-0.585,-0.766
LYS_40_A_HZ2,65.443,-17.954,46.258,0.541,-0.348,-0.766
LYS_40_A_HZ2,64.999,-17.892,46.049,0.171,-0.296,-0.94
LYS_40_A_HZ3,62.401,-16.641,47.716,-0.99,-0.0,-0.142
LYS_40_A_HZ3,62.382,-16.413,47.317,-0.976,-0.163,0.142
LYS_40_A_HZ3,63.986,-17.812,48.443,0.097,-0.806,0.583
LYS_40_A_HZ3,64.28,-17.546,48.615,0.367,-0.563,0.741
LYS_40_A_HZ3,62.397,-16.356,47.845,-0.996,0.049,0.07
LYS_40_A_HZ3,62.375,-15.86,47.76,-0.904,-0.051,0.424
LYS_40_A_HZ3,62.845,-17.709,47.809,-0.598,-0.783,0.173
LYS_40_A_HZ3,62.55,-17.381,47.751,-0.867,-0.483,0.12
LYS_40_A_HZ3,62.411,-16.972,47.642,-0.994,-0.11,0.021
LYS_40_A_HZ3,62.546,-16.095,48.297,-0.882,0.28,0.379
LYS_40_A_HZ3,63.564,-16.722,49.224,-0.0,0.0,1.0
LYS_40_A_HZ3,63.154,-16.722,49.152,-0.342,0.0,0.94
LYS_40_A_HZ3,63.359,-17.077,49.152,-0.171,-0.296,0.94
LYS_40_A_HZ3,63.769,-17.077,49.152,0.171,-0.296,0.94
LYS_40_A_HZ3,62.793,-16.722,48.943,-0.643,0.0,0.766
LYS_40_A_HZ3,62.915,-17.139,48.943,-0.541,-0.348,0.766
LYS_40_A_HZ3,63.244,-17.424,48.943,-0.267,-0.585,0.766
LYS_40_A_HZ3,63.674,-17.485,48.943,0.091,-0.636,0.766
LYS_40_A_HZ3,64.069,-17.305,48.943,0.421,-0.486,0.766
LYS_40_A_HZ3,62.915,-16.305,48.943,-0.541,0.348,0.766
LYS_40_A_HZ3,62.628,-16.271,48.624,-0.78,0.376,0.5
LYS_40_A_HZ3,62.525,-16.722,48.624,-0.866,0.0,0.5
LYS_40_A_HZ3,62.628,-17.173,48.624,-0.78,-0.376,0.5
LYS_40_A_HZ3,62.916,-17.535,48.624,-0.54,-0.677,0.5
LYS_40_A_HZ3,63.333,-17.735,48.624,-0.193,-0.844,0.5
LYS_40_A_HZ3,63.795,-17.735,48.624,0.193,-0.844,0.5
LYS_40_A_HZ3,62.382,-16.722,48.232,-0.985,0.0,0.174
LYS_40_A_HZ3,62.472,-17.174,48.232,-0.91,-0.377,0.174
LYS_40_A_HZ3,62.728,-17.558,48.232,-0.696,-0.696,0.174
LYS_40_A_HZ3,63.112,-17.814,48.232,-0.377,-0.91,0.174
LYS_40_A_HZ3,62.382,-16.722,47.816,-0.985,0.0,-0.174
ILE_41_A_CG2,54.933,-11.504,45.919,-0.167,0.514,0.841
ILE_41_A_CG2,54.051,-11.857,43.743,-0.936,0.321,-0.142
ILE_41_A_CG2,55.214,-11.63,46.068,-0.167,0.514,0.841
ILE_41_A_CG2,55.594,-11.829,46.356,-0.378,0.654,0.655
ILE_41_A_CG2,55.92,-11.535,46.356,-0.611,0.444,0.655
ILE_41_A_CG2,55.588,-11.027,42.55,-0.437,0.318,-0.841
ILE_41_A_CG2,55.733,-10.582,42.55,-0.541,-0.0,-0.841
ILE_41_A_CG2,56.034,-10.582,42.289,-0.756,-0.0,-0.655
ILE_41_A_CG2,55.942,-10.152,42.289,-0.69,-0.307,-0.655
ILE_41_A_CG2,55.942,-11.012,42.289,-0.69,0.307,-0.655
ILE_41_A_CG2,56.059,-11.253,41.954,-0.773,0.479,-0.415
ILE_41_A_CG2,55.672,-9.938,42.401,-0.497,-0.46,-0.735
ILE_41_A_CG2,55.541,-10.229,42.623,-0.634,-0.161,-0.757
ILE_41_A_CG2,55.568,-10.624,42.64,-0.423,0.03,-0.906
ILE_41_A_CG2,55.289,-10.911,42.726,-0.453,0.325,-0.83
ILE_41_A_CG2,55.916,-11.251,46.199,-0.566,0.405,0.718
ILE_41_A_CG2,55.664,-11.103,45.97,-0.333,0.458,0.824
ILE_41_A_CG2,55.037,-11.456,42.596,-0.414,0.462,-0.784
ILE_41_A_CG2,55.276,-11.002,45.816,-0.237,0.276,0.931
ILE_41_A_CG2,54.516,-10.668,43.804,-0.751,0.502,-0.429
ILE_41_A_CG2,54.292,-10.904,44.051,-0.902,0.343,-0.262
ILE_41_A_CG2,54.998,-10.742,43.014,-0.629,0.387,-0.674
ILE_41_A_CG2,54.842,-10.602,43.319,-0.751,0.495,-0.437
ILE_41_A_CG2,55.042,-10.197,43.308,-0.924,0.334,-0.185
ILE_41_A_CG2,55.181,-9.913,42.954,-0.904,-0.111,-0.413
ILE_41_A_CG2,54.156,-11.618,43.555,-0.917,0.331,-0.222
ILE_41_A_CG2,54.363,-11.447,43.224,-0.78,0.444,-0.44
ILE_41_A_CG2,54.641,-11.413,42.902,-0.597,0.466,-0.653
ILE_41_A_CG2,54.237,-11.742,43.038,-0.691,0.655,-0.307
ILE_41_A_CG2,54.598,-11.745,42.648,-0.354,0.652,-0.67
ILE_41_A_CG2,54.049,-11.472,44.135,-0.897,0.339,-0.284
ILE_41_A_CG2,53.79,-11.796,44.385,-0.75,0.277,-0.601
ILE_41_A_CG2,54.304,-11.008,43.821,-0.854,0.47,-0.223
ILE_41_A_CG2,54.133,-11.439,43.821,-0.944,0.242,-0.223
ILE_41_A_CG2,54.599,-10.82,43.42,-0.699,0.569,-0.434
ILE_41_A_CG2,54.357,-11.218,43.42,-0.826,0.359,-0.434
ILE_41_A_CG2,54.725,-11.027,43.059,-0.633,0.46,-0.623
ILE_41_A_CG2,55.089,-11.062,42.759,-0.441,0.441,-0.782
ILE_41_A_CD1,56.006,-11.771,46.691,-0.672,0.613,0.415
ILE_41_A_CD1,56.252,-11.373,46.691,-0.848,0.329,0.415
ILE_41_A_CD1,58.586,-13.736,46.789,0.548,-0.726,0.415
ILE_41_A_CD1,57.373,-11.894,48.244,-0.462,-0.267,0.845
ILE_41_A_CD1,57.793,-11.984,48.366,-0.178,-0.328,0.928
ILE_41_A_CD1,58.235,-11.925,48.399,0.12,-0.288,0.95
ILE_41_A_CD1,58.63,-11.726,48.339,0.387,-0.153,0.909
ILE_41_A_CD1,56.825,-10.889,47.538,-0.833,0.413,0.368
ILE_41_A_CD1,56.825,-11.288,47.784,-0.833,0.143,0.534
ILE_41_A_CD1,56.524,-10.783,46.762,-0.865,0.337,0.371
ILE_41_A_CD1,58.649,-13.519,47.212,0.482,-0.789,0.381
ILE_41_A_CD1,58.52,-13.357,47.565,0.395,-0.681,0.617
ILE_41_A_CD1,58.272,-13.175,47.834,0.23,-0.559,0.797
ILE_41_A_CD1,57.939,-12.994,47.986,0.006,-0.438,0.899
ILE_41_A_CD1,58.265,-13.642,47.495,0.619,-0.517,0.591
ILE_41_A_CD1,57.995,-13.443,47.79,0.358,-0.325,0.876
ILE_41_A_CD1,57.608,-13.252,47.909,-0.015,-0.14,0.99
ILE_41_A_CD1,57.603,-12.84,48.024,-0.139,-0.347,0.927
ILE_41_A_CD1,56.34,-11.198,46.739,-0.868,0.367,0.333
ILE_41_A_CD1,56.198,-11.126,46.403,-0.715,0.474,0.515
ILE_41_A_CD1,56.718,-10.636,47.031,-0.794,0.418,0.442
ILE_41_A_CD1,57.356,-12.543,48.077,-0.237,-0.266,0.935
ILE_41_A_CD1,57.124,-12.239,48.056,-0.38,-0.077,0.922
ILE_41_A_CD1,56.956,-12.611,47.998,-0.104,-0.011,0.995
ILE_41_A_CD1,56.746,-12.348,47.933,-0.267,0.192,0.944
ILE_41_A_CD1,56.574,-11.641,47.583,-0.721,0.293,0.628
ILE_41_A_CD1,56.375,-11.496,47.174,-0.844,0.383,0.375
ILE_41_A_CD1,56.261,-11.862,47.378,-0.642,0.568,0.515
ILE_41_A_CD1,56.118,-11.788,46.981,-0.752,0.625,0.208
ILE_41_A_CD1,57.927,-12.182,48.332,-0.111,-0.193,0.975
ILE_41_A_CD1,58.349,-12.182,48.332,0.111,-0.193,0.975
ILE_41_A_CD1,57.444,-12.262,48.192,-0.365,-0.235,0.901
ILE_41_A_CD1,57.796,-12.566,48.192,-0.18,-0.395,0.901
ILE_41_A_CD1,58.255,-12.632,48.192,0.062,-0.429,0.901
ILE_41_A_CD1,58.678,-12.439,48.192,0.284,-0.328,0.901
ILE_41_A_CD1,58.929,-12.048,48.192,0.416,-0.122,0.901
ILE_41_A_CD1,58.591,-12.91,47.965,0.239,-0.576,0.782
ILE_41_A_CD1,58.976,-12.654,47.965,0.441,-0.441,0.782
ILE_41_A_CD1,59.232,-12.269,47.965,0.576,-0.239,0.782
ILE_41_A_CD1,59.011,-13.018,47.665,0.46,-0.633,0.623
ILE_41_A_CD1,56.568,-11.134,47.304,-0.826,0.359,0.434
ILE_41_A_CD1,58.926,-13.336,47.304,0.415,-0.8,0.434
ILE_41_A_CD1,58.927,-13.492,46.903,0.415,-0.882,0.223
ILE_41_A_HG13,56.159,-10.019,46.139,-0.739,-0.157,0.655
ILE_41_A_HG13,55.98,-9.617,46.139,-0.611,-0.444,0.655
ILE_41_A_HG13,55.881,-10.239,45.878,-0.541,-0.0,0.841
ILE_41_A_HG13,55.736,-9.794,45.878,-0.437,-0.318,0.841
ILE_41_A_HG13,56.632,-10.618,46.841,-0.848,0.329,0.415
ILE_41_A_HG13,56.48,-9.938,46.506,-0.739,-0.157,0.655
ILE_41_A_HG13,56.301,-9.536,46.506,-0.611,-0.444,0.655
ILE_41_A_HG13,56.385,-10.923,46.542,-0.848,0.329,0.415
ILE_41_A_HG13,56.054,-11.085,46.207,-0.611,0.444,0.655
ILE_41_A_HG13,56.233,-10.683,46.207,-0.739,0.157,0.655
ILE_41_A_HG13,55.81,-10.908,45.946,-0.437,0.318,0.841
ILE_41_A_HG13,56.5,-10.341,46.521,-0.754,0.131,0.644
ILE_41_A_HG22,53.711,-10.117,45.769,-0.541,-0.0,-0.841
ILE_41_A_HG22,53.921,-10.547,45.508,-0.69,0.307,-0.655
ILE_41_A_HG22,54.037,-10.787,45.172,-0.773,0.479,-0.415
ILE_41_A_HG22,54.206,-10.351,45.172,-0.894,0.167,-0.415
ILE_41_A_HG22,54.265,-10.567,44.79,-0.936,0.321,-0.142
ILE_41_A_HG22,53.629,-10.078,45.777,-0.167,0.514,-0.841
ILE_41_A_HG22,54.008,-9.803,45.777,-0.437,0.318,-0.841
ILE_41_A_HG22,54.152,-9.358,45.777,-0.541,-0.0,-0.841
ILE_41_A_HG22,54.453,-9.358,45.516,-0.756,-0.0,-0.655
ILE_41_A_HG22,54.103,-10.145,45.516,-0.506,0.562,-0.655
ILE_41_A_HG22,54.362,-9.789,45.516,-0.69,0.307,-0.655
ILE_41_A_HG22,54.478,-10.029,45.181,-0.773,0.479,-0.415
ILE_41_A_HG22,54.647,-9.592,45.181,-0.894,0.167,-0.415
ILE_41_A_HG22,54.781,-9.358,44.799,-0.99,-0.0,-0.142
ILE_41_A_HG22,54.489,-10.209,44.799,-0.781,0.608,-0.142
ILE_41_A_HG22,54.706,-9.808,44.799,-0.936,0.321,-0.142
ILE_41_A_HG22,54.019,-10.236,45.877,0.437,-0.318,0.841
ILE_41_A_HG22,54.237,-10.681,45.712,0.282,-0.0,0.959
ILE_41_A_HG22,54.51,-11.056,45.712,0.087,0.268,0.959
ILE_41_A_HG22,54.951,-10.913,45.712,-0.228,0.166,0.959
ILE_41_A_HG22,54.356,-9.756,45.844,0.437,-0.318,0.841
ILE_41_A_HG22,54.574,-10.201,45.678,0.282,-0.0,0.959
ILE_41_A_HG22,55.287,-9.969,45.678,-0.228,-0.166,0.959
ILE_41_A_HG22,54.846,-9.826,45.678,0.087,-0.268,0.959
ILE_41_A_HG22,54.452,-11.478,45.903,0.167,0.514,0.841
ILE_41_A_HG22,55.005,-10.99,45.737,-0.228,0.166,0.959
ILE_41_A_HG22,53.973,-11.302,44.575,-0.773,0.479,-0.415
ILE_41_A_HG22,54.201,-11.082,44.193,-0.936,0.321,-0.142
ILE_41_A_HG22,54.831,-9.914,44.231,-0.773,0.479,-0.415
ILE_41_A_HG22,55.0,-9.478,44.231,-0.894,0.167,-0.415
ILE_41_A_HG22,55.134,-9.244,43.848,-0.99,-0.0,-0.142
ILE_41_A_HG22,55.059,-9.694,43.848,-0.936,0.321,-0.142
ILE_41_A_HG22,55.115,-9.472,43.45,-0.976,0.163,0.142
ILE_41_A_HG22,54.83,-10.4,43.63,-0.773,0.479,-0.415
ILE_41_A_HG22,55.133,-9.729,43.248,-0.99,-0.0,-0.142
ILE_41_A_HG22,55.516,-10.693,45.779,-0.228,0.166,0.959
ILE_41_A_HG22,55.443,-10.471,45.712,-0.228,0.166,0.959
ILE_41_A_HG22,55.443,-10.007,45.712,-0.228,-0.166,0.959
ILE_41_A_HG22,54.86,-9.751,44.333,-0.794,0.362,-0.488
ILE_41_A_HG22,54.626,-10.084,44.422,-0.791,0.569,-0.225
ILE_41_A_HG22,54.761,-10.2,43.925,-0.757,0.508,-0.41
ILE_41_A_HG22,54.18,-10.839,44.559,-0.915,0.349,-0.204
ILE_41_A_HG22,53.995,-11.16,44.672,-0.789,0.377,-0.485
ILE_41_A_HG22,53.745,-11.238,44.95,-0.604,0.634,-0.483
ILE_41_A_HG22,52.442,-9.323,45.656,0.502,-0.282,-0.818
ILE_41_A_HG22,54.34,-10.417,44.717,-0.854,0.499,-0.147
ILE_41_A_HG22,55.185,-10.671,45.72,-0.171,0.296,0.94
ILE_41_A_HG22,54.298,-10.574,44.384,-0.91,0.377,-0.174
ILE_41_A_HG22,54.454,-10.575,43.992,-0.78,0.376,-0.5
ILE_41_A_HG23,54.81,-11.618,42.627,-0.506,0.562,-0.655
ILE_41_A_HG23,54.549,-12.224,42.09,0.079,0.752,-0.655
ILE_41_A_HG23,54.986,-12.178,42.09,-0.234,0.719,-0.655
ILE_41_A_HG23,55.367,-11.958,42.09,-0.506,0.562,-0.655
ILE_41_A_HG23,55.008,-12.397,41.755,-0.249,0.875,-0.415
ILE_41_A_HG23,55.427,-12.188,41.755,-0.548,0.726,-0.415
ILE_41_A_HG23,55.742,-11.843,41.755,-0.773,0.479,-0.415
ILE_41_A_HG23,55.417,-12.332,41.373,-0.541,0.829,-0.142
ILE_41_A_HG23,55.753,-12.023,41.373,-0.781,0.608,-0.142
ILE_41_A_HG23,55.533,-11.645,42.23,-0.506,0.562,-0.655
ILE_41_A_HG23,55.908,-11.529,41.895,-0.773,0.479,-0.415
ILE_41_A_HG23,55.918,-11.71,41.512,-0.781,0.608,-0.142
ILE_41_A_HG23,54.822,-11.833,42.428,-0.316,0.618,-0.72
ILE_41_A_HG23,54.66,-12.13,42.195,-0.0,0.684,-0.73
ILE_41_A_HD11,57.459,-12.665,47.702,-0.0,0.0,1.0
ILE_41_A_HD11,57.869,-12.665,47.63,0.342,0.0,0.94
ILE_41_A_HD11,57.664,-12.31,47.63,0.171,0.296,0.94
ILE_41_A_HD11,57.254,-12.31,47.63,-0.171,0.296,0.94
ILE_41_A_HD11,58.199,-12.882,47.421,0.617,-0.181,0.766
ILE_41_A_HD11,58.199,-12.448,47.421,0.617,0.181,0.766
ILE_41_A_HD11,57.964,-12.082,47.421,0.421,0.486,0.766
ILE_41_A_HD11,57.139,-11.963,47.421,-0.267,0.585,0.766
ILE_41_A_HD11,58.498,-12.665,47.102,0.866,0.0,0.5
ILE_41_A_HD11,58.395,-13.116,47.102,0.78,-0.376,0.5
ILE_41_A_HD11,58.551,-13.117,46.71,0.91,-0.377,0.174
ILE_41_A_HD12,58.874,-13.676,46.496,0.548,-0.726,0.415
ILE_41_A_HD12,58.933,-13.906,46.161,0.506,-0.562,0.655
ILE_41_A_HD12,59.649,-13.426,46.185,0.249,-0.875,0.415
ILE_41_A_HD12,59.23,-13.635,46.185,0.548,-0.726,0.415
ILE_41_A_HD12,59.671,-13.645,45.85,0.234,-0.719,0.655
ILE_41_A_HD12,59.289,-13.865,45.85,0.506,-0.562,0.655
ILE_41_A_HD12,59.764,-13.931,45.589,0.167,-0.514,0.841
ILE_41_A_HD12,60.57,-12.831,46.9,0.282,-0.0,0.959
ILE_41_A_HD12,59.716,-13.285,46.585,0.243,-0.96,0.142
ILE_41_A_HD12,60.997,-13.77,46.203,-0.672,-0.613,0.415
ILE_41_A_HD12,60.624,-13.488,46.203,-0.405,-0.814,0.415
ILE_41_A_HD12,60.174,-13.36,46.203,-0.084,-0.906,0.415
ILE_41_A_HD12,60.585,-13.712,45.867,-0.378,-0.654,0.655
ILE_41_A_HD12,60.167,-13.576,45.867,-0.079,-0.752,0.655
ILE_41_A_HD12,60.782,-13.268,46.797,-0.405,-0.814,0.415
ILE_41_A_HD12,60.332,-13.139,46.797,-0.084,-0.906,0.415
ILE_41_A_HD12,59.866,-13.183,46.797,0.249,-0.875,0.415
ILE_41_A_HD12,59.811,-13.192,46.812,0.288,-0.868,0.404
ILE_41_A_HD12,60.254,-12.995,46.965,0.147,-0.529,0.836
ILE_41_A_HD12,59.913,-12.925,47.133,0.39,-0.579,0.716
ILE_41_A_HD12,60.094,-12.601,47.172,0.622,-0.165,0.765
ILE_41_A_HD12,59.215,-13.323,47.002,0.344,-0.871,0.351
ILE_41_A_HD12,59.316,-13.058,47.36,0.412,-0.692,0.593
ILE_41_A_HD12,59.459,-12.684,47.578,0.509,-0.439,0.741
ILE_41_A_HD12,59.622,-12.261,47.622,0.619,-0.152,0.77
ILE_41_A_HD12,59.659,-12.791,47.404,0.421,-0.486,0.766
ILE_41_A_HD12,59.894,-12.425,47.404,0.617,-0.181,0.766
ILE_41_A_HD13,56.691,-12.311,47.912,-0.228,0.166,0.959
ILE_41_A_HD13,56.832,-11.669,47.86,-0.739,0.157,0.655
ILE_41_A_HD13,57.084,-10.282,47.389,-0.848,0.329,0.415
ILE_41_A_HD13,56.985,-10.389,47.259,-0.848,0.329,0.415
ILE_41_A_HD13,56.833,-10.149,46.924,-0.739,0.157,0.655
ILE_41_A_HD13,56.833,-9.709,46.924,-0.739,-0.157,0.655
ILE_41_A_HD13,58.453,-9.98,47.983,0.213,0.227,0.95
ILE_41_A_HD13,58.371,-10.352,48.156,0.271,0.493,0.827
ILE_41_A_HD13,58.035,-10.272,48.15,-0.046,0.568,0.821
ILE_41_A_HD13,57.243,-10.379,47.827,-0.718,0.491,0.493
ILE_41_A_HD13,57.703,-10.303,48.122,-0.273,0.565,0.778
ILE_41_A_HD13,57.496,-10.003,47.85,-0.55,0.298,0.78
ILE_41_A_HD13,57.971,-9.961,47.987,-0.001,0.346,0.938
ILE_41_A_HD13,57.033,-11.619,48.068,-0.693,-0.09,0.715
ILE_41_A_HD13,56.757,-11.806,47.822,-0.685,0.255,0.682
ILE_41_A_HD13,56.601,-12.178,47.851,-0.385,0.31,0.87
ILE_41_A_HD13,57.788,-10.895,48.527,-0.171,0.296,0.94
ILE_41_A_HD13,57.583,-11.25,48.527,-0.342,0.0,0.94
ILE_41_A_HD13,57.788,-11.605,48.527,-0.171,-0.296,0.94
ILE_41_A_HD13,58.198,-11.605,48.527,0.171,-0.296,0.94
ILE_41_A_HD13,57.222,-11.25,48.318,-0.643,0.0,0.766
ILE_41_A_HD13,57.344,-11.667,48.318,-0.541,-0.348,0.766
ILE_41_A_HD13,58.103,-10.487,48.318,0.091,0.636,0.766
ILE_41_A_HD13,57.673,-10.548,48.318,-0.267,0.585,0.766
ILE_41_A_HD13,57.344,-10.833,48.318,-0.541,0.348,0.766
ILE_41_A_HD13,57.057,-10.799,47.999,-0.78,0.376,0.5
ILE_41_A_HD13,56.954,-11.25,47.999,-0.866,0.0,0.5
ARG_42_A_CA,57.002,-14.284,38.395,-0.655,-0.31,-0.689
ARG_42_A_CA,56.65,-14.461,38.744,-0.557,-0.189,-0.809
ARG_42_A_O,56.401,-14.94,38.925,-0.282,-0.0,-0.959
ARG_42_A_O,56.619,-15.385,38.759,-0.437,0.318,-0.841
ARG_42_A_O,56.764,-14.94,38.759,-0.541,-0.0,-0.841
ARG_42_A_O,57.008,-14.981,38.592,-0.541,-0.0,-0.841
ARG_42_A_CD,55.814,-10.036,39.505,-0.976,0.163,0.142
ARG_42_A_CD,56.02,-9.414,38.698,-0.894,0.167,-0.415
ARG_42_A_CD,55.707,-10.261,38.441,-0.89,0.453,-0.058
ARG_42_A_CD,55.686,-10.792,39.697,-0.927,0.277,0.251
ARG_42_A_CD,55.591,-11.07,39.469,-0.991,0.089,0.097
ARG_42_A_CD,55.8,-10.245,39.63,-0.95,0.169,0.263
ARG_42_A_CD,55.889,-9.966,39.983,-0.962,-0.16,0.223
ARG_42_A_CD,55.786,-9.539,40.088,-0.94,-0.335,-0.065
ARG_42_A_CD,55.494,-11.087,38.899,-0.963,0.1,0.25
ARG_42_A_CD,55.512,-10.792,38.672,-0.951,0.29,0.103
ARG_42_A_CD,55.839,-9.903,38.744,-0.903,0.382,-0.197
ARG_42_A_CD,55.754,-10.071,39.168,-0.959,0.273,0.078
ARG_42_A_CD,55.83,-9.66,39.092,-0.983,0.086,-0.165
ARG_42_A_CD,55.827,-9.779,39.468,-0.985,-0.021,0.169
ARG_42_A_CD,55.838,-9.25,39.06,-0.902,-0.085,-0.422
ARG_42_A_CD,55.772,-9.379,39.388,-0.972,-0.221,-0.078
ARG_42_A_CD,55.632,-10.514,39.318,-0.944,0.242,0.223
ARG_42_A_CD,55.581,-10.52,38.895,-0.971,0.239,0.0
ARG_42_A_NE,56.214,-9.099,38.202,-0.99,-0.0,-0.142
ARG_42_A_NE,56.139,-9.549,38.202,-0.936,0.321,-0.142
ARG_42_A_NE,56.047,-9.759,37.804,-0.871,0.471,0.142
ARG_42_A_NE,56.195,-9.327,37.804,-0.976,0.163,0.142
ARG_42_A_NE,55.796,-10.126,38.019,-0.734,0.676,0.069
ARG_42_A_NE,55.291,-10.819,37.786,-0.819,0.562,0.118
ARG_42_A_NE,55.569,-10.346,37.833,-0.801,0.582,0.142
ARG_42_A_CZ,56.346,-8.883,37.832,-0.773,0.479,-0.415
ARG_42_A_CZ,56.357,-9.064,37.45,-0.781,0.608,-0.142
ARG_42_A_CZ,56.202,-9.233,37.051,-0.67,0.728,0.142
ARG_42_A_CZ,56.697,-8.897,36.655,-0.356,0.927,-0.12
ARG_42_A_CZ,56.344,-9.084,36.878,-0.608,0.793,0.039
ARG_42_A_CZ,56.628,-8.83,37.07,-0.584,0.761,-0.284
ARG_42_A_CZ,56.421,-9.0,37.289,-0.827,0.562,-0.028
ARG_42_A_CZ,56.694,-8.604,37.364,-0.631,0.599,-0.494
ARG_42_A_CZ,56.545,-8.439,37.767,-0.915,0.162,-0.369
ARG_42_A_CZ,55.715,-10.081,37.481,-0.79,0.561,0.249
ARG_42_A_CZ,55.528,-10.337,37.295,-0.905,0.403,0.134
ARG_42_A_CZ,55.451,-10.336,35.814,-0.932,0.361,-0.019
ARG_42_A_CZ,55.63,-10.023,35.633,-0.822,0.554,-0.131
ARG_42_A_CZ,55.886,-9.78,35.437,-0.664,0.704,-0.252
ARG_42_A_CZ,56.203,-9.623,35.241,-0.469,0.801,-0.373
ARG_42_A_CZ,55.358,-10.682,36.863,-0.968,0.249,0.026
ARG_42_A_CZ,55.338,-10.709,36.176,-0.975,0.217,0.043
ARG_42_A_CZ,56.037,-9.459,37.254,-0.782,0.579,0.23
ARG_42_A_CZ,56.161,-9.414,37.712,-0.952,0.225,0.208
ARG_42_A_CZ,56.254,-9.024,37.893,-0.936,0.268,-0.226
ARG_42_A_CZ,55.899,-9.46,36.884,-0.711,0.667,0.223
ARG_42_A_CZ,55.626,-9.836,36.884,-0.854,0.47,0.223
ARG_42_A_CZ,55.455,-10.267,36.884,-0.944,0.242,0.223
ARG_42_A_CZ,56.575,-8.951,36.461,-0.355,0.935,0.0
ARG_42_A_CZ,56.17,-9.164,36.461,-0.568,0.823,0.0
ARG_42_A_CZ,55.827,-9.468,36.461,-0.749,0.663,0.0
ARG_42_A_CZ,55.567,-9.845,36.461,-0.885,0.465,0.0
ARG_42_A_CZ,55.404,-10.273,36.461,-0.971,0.239,0.0
ARG_42_A_CZ,56.677,-8.966,36.038,-0.301,0.927,-0.223
ARG_42_A_CZ,56.256,-9.164,36.038,-0.522,0.823,-0.223
ARG_42_A_CZ,55.899,-9.46,36.038,-0.711,0.667,-0.223
ARG_42_A_CZ,55.626,-9.836,36.038,-0.854,0.47,-0.223
ARG_42_A_CZ,56.262,-9.329,35.637,-0.52,0.736,-0.434
ARG_42_A_NH1,57.996,-7.912,37.641,0.378,0.654,-0.655
ARG_42_A_NH1,57.244,-7.932,37.561,-0.437,0.318,-0.841
ARG_42_A_NH1,56.959,-8.493,37.3,-0.234,0.719,-0.655
ARG_42_A_NH1,57.34,-8.273,37.3,-0.506,0.562,-0.655
ARG_42_A_NH1,56.98,-8.712,36.965,-0.249,0.875,-0.415
ARG_42_A_NH1,57.399,-8.503,36.965,-0.548,0.726,-0.415
ARG_42_A_NH1,56.972,-8.831,36.583,-0.243,0.96,-0.142
ARG_42_A_NH1,57.39,-8.647,36.583,-0.541,0.829,-0.142
ARG_42_A_NH1,57.188,-8.792,36.226,-0.373,0.914,-0.157
ARG_42_A_NH1,58.086,-8.369,36.684,-0.015,0.99,-0.143
ARG_42_A_NH1,57.458,-8.42,37.021,-0.59,0.667,-0.455
ARG_42_A_NH1,57.648,-8.051,37.333,-0.055,0.703,-0.709
ARG_42_A_NH2,55.199,-10.802,35.351,-0.866,0.5,0.035
ARG_42_A_NH2,55.261,-10.869,34.837,-0.818,0.448,-0.36
ARG_42_A_NH2,55.839,-9.891,35.092,-0.582,0.801,-0.142
ARG_42_A_NH2,55.511,-10.219,35.092,-0.801,0.582,-0.142
ARG_42_A_HA,56.129,-14.515,39.013,-0.282,-0.0,-0.959
ARG_42_A_HA,56.026,-14.421,39.039,-0.282,-0.0,-0.959
ARG_42_A_HA,55.754,-14.046,39.039,-0.087,-0.268,-0.959
ARG_42_A_HA,56.244,-13.976,38.873,-0.437,-0.318,-0.841
ARG_42_A_HA,55.866,-13.701,38.873,-0.167,-0.514,-0.841
ARG_42_A_HA,55.959,-13.414,38.612,-0.234,-0.719,-0.655
ARG_42_A_HA,56.46,-13.648,38.548,-0.506,-0.562,-0.655
ARG_42_A_HB3,57.049,-13.095,36.985,-0.548,-0.726,-0.415
ARG_42_A_HB3,56.918,-14.008,38.371,-0.69,-0.307,-0.655
ARG_42_A_HB3,57.035,-13.768,38.036,-0.773,-0.479,-0.415
ARG_42_A_HB3,56.719,-13.422,38.036,-0.548,-0.726,-0.415
ARG_42_A_HB3,57.218,-14.551,38.331,-0.69,-0.307,-0.655
ARG_42_A_HB3,57.334,-14.311,37.996,-0.773,-0.479,-0.415
ARG_42_A_HB3,57.274,-14.093,37.827,-0.849,-0.447,-0.283
ARG_42_A_HB3,57.249,-14.301,38.123,-0.713,-0.486,-0.506
ARG_42_A_HB3,57.203,-13.707,37.446,-0.804,-0.448,-0.391
ARG_42_A_HB3,56.897,-13.426,37.663,-0.675,-0.723,-0.149
ARG_42_A_HB3,57.282,-13.277,36.916,-0.715,-0.596,-0.366
ARG_42_A_HB3,57.22,-13.025,36.569,-0.261,-0.812,-0.521
ARG_42_A_HB3,57.252,-13.958,37.658,-0.91,-0.377,-0.174
ARG_42_A_HD2,55.598,-12.192,40.974,-0.67,0.728,0.142
ARG_42_A_HD2,55.878,-11.832,40.974,-0.871,0.471,0.142
ARG_42_A_HD2,55.601,-12.03,40.592,-0.672,0.613,0.415
ARG_42_A_HD2,55.847,-11.632,40.592,-0.848,0.329,0.415
ARG_42_A_HD2,55.308,-12.594,40.139,-0.773,0.479,-0.415
ARG_42_A_HD2,55.611,-11.923,39.757,-0.99,-0.0,-0.142
ARG_42_A_HD2,55.319,-12.774,39.757,-0.781,0.608,-0.142
ARG_42_A_HD2,55.536,-12.373,39.757,-0.936,0.321,-0.142
ARG_42_A_HD2,55.444,-12.583,39.358,-0.871,0.471,0.142
ARG_42_A_HD2,55.592,-12.151,39.358,-0.976,0.163,0.142
ARG_42_A_HD2,55.592,-11.695,39.358,-0.976,-0.163,0.142
ARG_42_A_HD2,56.044,-11.518,41.114,-0.871,0.471,0.142
ARG_42_A_HD2,56.012,-11.319,40.731,-0.848,0.329,0.415
ARG_42_A_HD2,56.228,-10.816,41.954,-0.894,0.167,-0.415
ARG_42_A_HD2,56.228,-10.348,41.954,-0.894,-0.167,-0.415
ARG_42_A_HD2,56.362,-10.582,41.571,-0.99,-0.0,-0.142
ARG_42_A_HD2,56.287,-10.132,41.571,-0.936,-0.321,-0.142
ARG_42_A_HD2,56.287,-11.032,41.571,-0.936,0.321,-0.142
ARG_42_A_HD2,56.195,-11.242,41.173,-0.871,0.471,0.142
ARG_42_A_HD2,56.343,-10.81,41.173,-0.976,0.163,0.142
ARG_42_A_HD2,56.343,-10.354,41.173,-0.976,-0.163,0.142
ARG_42_A_HD2,56.195,-9.923,41.173,-0.871,-0.471,0.142
ARG_42_A_HD2,56.249,-10.582,40.79,-0.91,-0.0,0.415
ARG_42_A_HD2,56.163,-10.122,40.79,-0.848,-0.329,0.415
ARG_42_A_HD2,56.163,-11.042,40.79,-0.848,0.329,0.415
ARG_42_A_HD2,56.011,-10.802,40.455,-0.739,0.157,0.655
ARG_42_A_HD2,55.91,-10.418,40.096,-0.976,0.163,0.142
ARG_42_A_HD2,55.91,-9.962,40.096,-0.976,-0.163,0.142
ARG_42_A_HD2,55.879,-10.762,40.246,-0.864,0.248,0.438
ARG_42_A_HD2,56.067,-10.453,40.504,-0.779,-0.093,0.62
ARG_42_A_HD2,55.962,-10.038,40.476,-0.923,-0.269,0.273
ARG_42_A_HD2,55.573,-11.518,39.386,-0.995,-0.051,0.08
ARG_42_A_HD2,55.486,-11.468,38.964,-0.933,0.152,0.327
ARG_42_A_HD2,55.592,-11.655,39.925,-0.998,0.047,0.052
ARG_42_A_HD2,55.533,-12.087,40.031,-0.934,0.117,-0.338
ARG_42_A_HD2,54.107,-12.465,41.354,0.245,0.895,-0.373
ARG_42_A_HD2,55.69,-11.537,40.271,-0.886,0.232,0.401
ARG_42_A_HD2,55.584,-11.381,39.872,-0.985,0.0,0.174
ARG_42_A_HD2,55.674,-10.929,39.872,-0.91,0.377,0.174
ARG_42_A_HE,55.034,-13.177,39.378,-0.781,0.608,-0.142
ARG_42_A_HE,55.159,-12.985,38.979,-0.871,0.471,0.142
ARG_42_A_HE,55.214,-12.326,38.597,-0.91,-0.0,0.415
ARG_42_A_HE,55.037,-13.77,39.214,-0.541,-0.0,-0.841
ARG_42_A_HE,54.892,-13.325,39.214,-0.437,-0.318,-0.841
ARG_42_A_HE,55.246,-13.339,38.953,-0.69,-0.307,-0.655
ARG_42_A_HE,55.363,-13.099,38.618,-0.773,-0.479,-0.415
ARG_42_A_HE,55.373,-12.919,38.235,-0.781,-0.608,-0.142
ARG_42_A_HE,55.499,-11.923,38.976,-0.91,-0.0,0.415
ARG_42_A_HE,55.413,-12.383,38.976,-0.848,0.329,0.415
ARG_42_A_HE,55.26,-12.143,38.641,-0.739,0.157,0.655
ARG_42_A_HE,55.98,-13.196,38.277,-0.249,-0.875,-0.415
ARG_42_A_HE,55.26,-11.133,36.713,-0.936,0.321,-0.142
ARG_42_A_HE,56.63,-12.886,36.985,-0.249,-0.875,-0.415
ARG_42_A_HE,56.164,-12.843,36.985,0.084,-0.906,-0.415
ARG_42_A_HE,57.039,-12.951,36.603,-0.541,-0.829,-0.142
ARG_42_A_HE,56.621,-12.768,36.603,-0.243,-0.96,-0.142
ARG_42_A_HE,56.167,-12.73,36.603,0.082,-0.986,-0.142
ARG_42_A_HE,55.468,-10.801,38.368,-0.871,0.471,0.142
ARG_42_A_HE,56.71,-13.278,37.654,-0.541,-0.829,-0.142
ARG_42_A_HE,56.292,-13.095,37.654,-0.243,-0.96,-0.142
ARG_42_A_HE,56.606,-13.153,37.431,-0.377,-0.844,-0.381
ARG_42_A_HE,56.172,-13.062,37.584,-0.157,-0.983,-0.092
ARG_42_A_HE,55.287,-11.688,38.648,-0.791,0.07,0.608
ARG_42_A_HE,55.338,-10.95,38.218,-0.778,0.577,0.25
ARG_42_A_HE,55.175,-11.174,36.979,-0.875,0.35,-0.333
ARG_42_A_HE,55.892,-12.807,36.873,-0.087,-0.938,-0.334
ARG_42_A_HE,55.479,-12.675,36.878,-0.484,-0.811,-0.33
ARG_42_A_HE,55.163,-12.379,36.887,-0.788,-0.526,-0.32
ARG_42_A_HE,55.004,-11.976,36.9,-0.941,-0.138,-0.308
ARG_42_A_HE,55.032,-11.544,36.913,-0.914,0.278,-0.295
ARG_42_A_HE,55.602,-12.65,36.449,-0.409,-0.912,-0.027
ARG_42_A_HE,55.217,-12.328,36.46,-0.827,-0.562,-0.015
ARG_42_A_HE,55.059,-11.851,36.475,-0.999,-0.045,0.001
ARG_42_A_HE,55.174,-11.362,36.49,-0.874,0.485,0.017
ARG_42_A_HE,54.602,-14.785,38.996,0.007,0.526,-0.85
ARG_42_A_HE,55.403,-12.897,37.909,-0.565,-0.822,-0.074
ARG_42_A_HE,54.095,-13.765,39.509,-0.235,0.568,-0.788
ARG_42_A_HE,55.054,-12.475,38.164,-0.92,-0.352,0.172
ARG_42_A_HE,55.047,-11.394,38.243,-0.78,0.376,0.5
ARG_42_A_HE,54.944,-11.845,38.243,-0.866,0.0,0.5
ARG_42_A_HE,54.801,-11.845,37.851,-0.985,0.0,0.174
ARG_42_A_HE,54.891,-12.297,37.851,-0.91,-0.377,0.174
ARG_42_A_HE,54.891,-11.393,37.851,-0.91,0.377,0.174
ARG_42_A_HE,54.891,-11.393,37.435,-0.91,0.377,-0.174
ARG_42_A_HE,54.801,-11.845,37.435,-0.985,0.0,-0.174
ARG_42_A_HE,54.891,-12.297,37.435,-0.91,-0.377,-0.174
ARG_42_A_HE,55.147,-12.681,37.435,-0.696,-0.696,-0.174
ARG_42_A_HE,55.531,-12.937,37.435,-0.377,-0.91,-0.174
ARG_42_A_HE,55.983,-13.027,37.435,-0.0,-0.985,-0.174
ARG_42_A_HH11,59.64,-9.007,39.663,0.611,0.444,-0.655
ARG_42_A_HH11,59.308,-8.845,39.328,0.848,0.329,-0.415
ARG_42_A_HH11,59.555,-9.243,39.328,0.672,0.613,-0.415
ARG_42_A_HH11,59.928,-9.525,39.328,0.405,0.814,-0.415
ARG_42_A_HH11,59.129,-8.157,38.946,0.976,-0.163,-0.142
ARG_42_A_HH11,59.129,-8.613,38.946,0.976,0.163,-0.142
ARG_42_A_HH11,59.277,-9.045,38.946,0.871,0.471,-0.142
ARG_42_A_HH11,59.557,-9.405,38.946,0.67,0.728,-0.142
ARG_42_A_HH11,59.939,-9.654,38.946,0.398,0.906,-0.142
ARG_42_A_HH11,59.11,-8.385,38.547,0.99,-0.0,0.142
ARG_42_A_HH11,59.185,-8.835,38.547,0.936,0.321,0.142
ARG_42_A_HH11,59.402,-9.236,38.547,0.781,0.608,0.142
ARG_42_A_HH11,59.738,-9.545,38.547,0.541,0.829,0.142
ARG_42_A_HH11,59.413,-9.056,38.165,0.773,0.479,0.415
ARG_42_A_HH11,59.045,-8.569,36.779,0.398,0.906,-0.142
ARG_42_A_HH11,59.888,-9.615,38.012,0.856,0.507,-0.105
ARG_42_A_HH11,59.062,-8.575,36.787,0.385,0.911,-0.148
ARG_42_A_HH11,58.823,-8.474,36.826,0.285,0.952,-0.111
ARG_42_A_HH11,58.898,-8.363,37.388,0.348,0.891,-0.29
ARG_42_A_HH11,58.596,-8.115,37.659,0.167,0.765,-0.623
ARG_42_A_HH11,58.732,-7.824,37.997,0.467,0.506,-0.725
ARG_42_A_HH11,59.338,-8.68,37.86,0.802,0.564,0.197
ARG_42_A_HH11,59.049,-8.26,37.924,0.78,0.568,-0.263
ARG_42_A_HH11,59.098,-8.087,38.39,0.973,0.141,-0.181
ARG_42_A_HH11,59.707,-9.112,37.601,0.91,0.377,0.174
ARG_42_A_HH11,59.451,-8.728,37.601,0.696,0.696,0.174
ARG_42_A_HH11,59.707,-9.112,37.185,0.91,0.377,-0.174
ARG_42_A_HH11,59.451,-8.728,37.185,0.696,0.696,-0.174
ARG_42_A_HH11,59.067,-8.472,37.185,0.377,0.91,-0.174
ARG_42_A_HH21,55.259,-10.819,35.741,-0.871,0.471,0.142
ARG_42_A_HH21,55.168,-11.343,36.314,-0.871,0.471,0.142
ARG_42_A_HH21,55.317,-10.911,36.314,-0.976,0.163,0.142
ARG_42_A_HH21,56.396,-12.73,36.204,-0.082,-0.986,0.142
ARG_42_A_HH21,56.869,-12.84,36.42,-0.42,-0.908,-0.012
ARG_42_A_HH21,56.732,-12.779,36.014,0.087,-0.988,-0.125
ARG_42_A_HH21,56.274,-12.797,35.919,0.006,-0.938,0.346
ARG_42_A_HH21,55.889,-12.781,36.016,-0.085,-0.957,0.277
ARG_42_A_HH21,55.477,-12.649,36.021,-0.482,-0.829,0.282
ARG_42_A_HH21,55.161,-12.353,36.031,-0.787,-0.544,0.292
ARG_42_A_HH21,55.002,-11.95,36.044,-0.94,-0.157,0.304
ARG_42_A_HH21,55.03,-11.518,36.057,-0.913,0.259,0.316
ARG_42_A_HH21,55.212,-10.897,35.734,-0.837,0.527,0.147
ARG_42_A_HH21,54.795,-11.774,35.513,-0.985,0.0,0.174
ARG_42_A_HH21,54.885,-12.226,35.513,-0.91,-0.377,0.174
ARG_42_A_HH21,55.141,-12.61,35.513,-0.696,-0.696,0.174
ARG_42_A_HH21,55.525,-12.866,35.513,-0.377,-0.91,0.174
ARG_42_A_HH21,55.977,-12.956,35.513,-0.0,-0.985,0.174
ARG_42_A_HH21,54.885,-11.322,35.513,-0.91,0.377,0.174
ARG_42_A_HH21,54.885,-11.322,35.097,-0.91,0.377,-0.174
ARG_42_A_HH21,54.795,-11.774,35.097,-0.985,0.0,-0.174
ARG_42_A_HH21,54.885,-12.226,35.097,-0.91,-0.377,-0.174
ARG_42_A_HH21,55.141,-12.61,35.097,-0.696,-0.696,-0.174
ARG_42_A_HH21,54.938,-11.774,34.705,-0.866,0.0,-0.5
ARG_42_A_HH21,55.041,-11.323,34.705,-0.78,0.376,-0.5
GLU_43_A_C,59.908,-19.198,41.554,0.398,-0.906,-0.142
GLU_43_A_C,59.975,-19.173,42.213,0.436,-0.89,0.133
GLU_43_A_C,59.95,-19.051,42.64,0.42,-0.813,0.404
GLU_43_A_C,59.941,-18.797,43.005,0.414,-0.652,0.635
GLU_43_A_C,59.947,-18.44,43.269,0.418,-0.425,0.803
GLU_43_A_C,59.97,-18.017,43.403,0.433,-0.157,0.888
GLU_43_A_C,59.931,-19.211,41.747,0.439,-0.897,-0.057
GLU_43_A_C,59.53,-19.491,41.849,0.676,-0.735,-0.041
GLU_43_A_C,59.446,-19.49,42.337,0.623,-0.734,0.269
GLU_43_A_C,59.216,-19.42,42.771,0.478,-0.69,0.543
GLU_43_A_C,59.226,-18.879,43.418,0.438,-0.669,0.601
GLU_43_A_C,59.455,-18.453,43.587,0.583,-0.399,0.708
GLU_43_A_C,59.101,-18.662,43.817,0.709,-0.554,0.436
GLU_43_A_C,59.229,-18.247,43.946,0.813,-0.219,0.54
GLU_43_A_C,59.623,-17.947,43.642,0.631,-0.175,0.756
GLU_43_A_C,59.461,-17.662,43.883,0.819,-0.111,0.563
GLU_43_A_C,59.604,-18.927,43.143,0.46,-0.633,0.623
GLU_43_A_C,59.519,-19.245,42.782,0.415,-0.8,0.434
GLU_43_A_C,59.81,-19.289,41.958,0.568,-0.823,0.0
GLU_43_A_O,58.412,-20.301,42.023,0.541,-0.829,0.142
GLU_43_A_O,58.402,-20.445,41.641,0.548,-0.726,0.415
GLU_43_A_O,58.398,-20.269,42.236,0.541,-0.829,0.142
GLU_43_A_O,58.329,-20.042,43.29,0.894,-0.167,0.415
GLU_43_A_O,58.873,-19.49,42.955,0.506,-0.562,0.655
GLU_43_A_O,59.35,-19.515,41.2,0.67,-0.728,-0.142
GLU_43_A_O,59.949,-19.191,40.802,0.243,-0.96,0.142
GLU_43_A_O,59.531,-19.375,40.802,0.541,-0.829,0.142
GLU_43_A_O,59.195,-19.684,40.802,0.781,-0.608,0.142
GLU_43_A_O,59.522,-19.519,40.419,0.548,-0.726,0.415
GLU_43_A_O,59.206,-19.864,40.419,0.773,-0.479,0.415
GLU_43_A_O,59.507,-19.453,41.525,0.67,-0.728,-0.142
GLU_43_A_O,60.106,-19.129,41.126,0.243,-0.96,0.142
GLU_43_A_O,59.055,-19.953,41.49,0.756,-0.651,-0.069
GLU_43_A_O,58.805,-20.153,41.76,0.535,-0.828,0.169
GLU_43_A_O,58.801,-20.302,41.321,0.767,-0.577,0.282
GLU_43_A_O,58.532,-20.436,41.514,0.456,-0.732,0.506
GLU_43_A_O,58.699,-20.067,42.441,0.527,-0.816,0.239
GLU_43_A_O,58.794,-19.808,42.763,0.616,-0.574,0.54
GLU_43_A_O,58.513,-19.894,43.05,0.762,-0.272,0.587
GLU_43_A_O,58.345,-20.333,43.039,0.901,-0.426,0.076
GLU_43_A_O,58.943,-19.631,42.793,0.506,-0.562,0.655
GLU_43_A_O,59.002,-19.861,42.458,0.548,-0.726,0.415
GLU_43_A_O,58.993,-20.005,42.075,0.541,-0.829,0.142
GLU_43_A_O,59.329,-19.696,42.075,0.781,-0.608,0.142
GLU_43_A_O,59.174,-19.865,41.677,0.67,-0.728,-0.142
GLU_43_A_CB,61.046,-19.157,41.36,-0.181,-0.966,0.183
GLU_43_A_CB,60.631,-19.073,41.567,-0.062,-0.996,0.072
GLU_43_A_CB,60.311,-19.075,41.825,0.22,-0.969,0.111
GLU_43_A_CG,62.685,-18.994,41.466,0.234,-0.719,0.655
GLU_43_A_CG,62.769,-18.977,41.459,0.173,-0.731,0.66
GLU_43_A_CG,63.158,-19.064,39.34,0.385,-0.778,-0.496
GLU_43_A_CG,62.369,-19.418,41.049,0.233,-0.738,0.633
GLU_43_A_CG,62.73,-19.23,39.179,0.477,-0.611,-0.632
GLU_43_A_CG,62.198,-19.063,41.579,0.232,-0.828,0.511
GLU_43_A_CG,62.537,-19.137,41.369,0.242,-0.744,0.623
GLU_43_A_CD,63.155,-19.053,41.303,-0.014,-0.862,0.506
GLU_43_A_CD,63.445,-19.142,39.624,0.242,-0.857,-0.454
GLU_43_A_CD,63.471,-19.277,40.019,0.258,-0.946,-0.198
GLU_43_A_CD,63.409,-19.32,40.43,0.218,-0.973,0.069
GLU_43_A_CD,63.265,-19.266,40.819,0.125,-0.939,0.322
GLU_43_A_CD,63.437,-19.096,41.265,-0.061,-0.899,0.434
GLU_43_A_CD,63.902,-19.064,41.265,0.183,-0.882,0.434
GLU_43_A_CD,63.901,-19.208,40.864,0.183,-0.958,0.223
GLU_43_A_CD,64.343,-19.064,40.864,0.415,-0.882,0.223
GLU_43_A_CD,64.735,-18.815,40.864,0.621,-0.751,0.223
GLU_43_A_CD,65.053,-18.477,40.864,0.789,-0.573,0.223
GLU_43_A_CD,63.783,-19.274,40.441,0.121,-0.993,0.0
GLU_43_A_CD,64.228,-19.165,40.441,0.355,-0.935,0.0
GLU_43_A_CD,64.633,-18.952,40.441,0.568,-0.823,0.0
GLU_43_A_CD,64.976,-18.648,40.441,0.749,-0.663,0.0
GLU_43_A_CD,63.901,-19.208,40.018,0.183,-0.958,-0.223
GLU_43_A_CD,64.343,-19.064,40.018,0.415,-0.882,-0.223
GLU_43_A_CD,63.902,-19.064,39.617,0.183,-0.882,-0.434
GLU_43_A_OE1,63.048,-18.663,41.903,-0.084,-0.906,0.415
GLU_43_A_OE1,63.576,-17.007,43.889,-0.398,-0.906,0.142
GLU_43_A_OE1,63.134,-16.895,43.889,-0.082,-0.986,0.142
GLU_43_A_OE1,63.587,-17.136,43.507,-0.405,-0.814,0.415
GLU_43_A_OE1,63.137,-17.008,43.507,-0.084,-0.906,0.415
GLU_43_A_OE1,63.548,-17.359,43.172,-0.378,-0.654,0.655
GLU_43_A_OE1,63.13,-17.223,43.172,-0.079,-0.752,0.655
GLU_43_A_OE1,63.253,-17.556,42.911,-0.167,-0.514,0.841
GLU_43_A_OE1,62.897,-17.901,42.745,0.087,-0.268,0.959
GLU_43_A_OE1,63.889,-15.846,43.065,0.672,0.613,-0.415
GLU_43_A_OE1,63.892,-16.007,42.683,0.67,0.728,-0.142
GLU_43_A_OE1,64.072,-16.148,42.284,0.541,0.829,0.142
GLU_43_A_OE1,63.821,-16.905,43.711,0.548,-0.726,0.415
GLU_43_A_OE1,63.505,-17.251,43.711,0.773,-0.479,0.415
GLU_43_A_OE1,63.88,-17.135,43.376,0.506,-0.562,0.655
GLU_43_A_OE1,63.976,-17.476,43.115,0.437,-0.318,0.841
GLU_43_A_OE1,63.886,-15.737,43.297,0.976,0.163,-0.142
GLU_43_A_OE1,64.035,-16.169,43.297,0.871,0.471,-0.142
GLU_43_A_OE1,64.315,-16.529,43.297,0.67,0.728,-0.142
GLU_43_A_OE1,63.943,-15.959,42.899,0.936,0.321,0.142
GLU_43_A_OE1,64.16,-16.36,42.899,0.781,0.608,0.142
GLU_43_A_OE1,64.495,-16.669,42.899,0.541,0.829,0.142
GLU_43_A_OE1,64.486,-16.525,42.516,0.548,0.726,0.415
GLU_43_A_OE1,64.332,-16.673,43.693,0.249,-0.875,0.415
GLU_43_A_OE1,64.354,-16.892,43.357,0.234,-0.719,0.655
GLU_43_A_OE1,64.558,-16.775,43.341,0.975,-0.156,0.157
GLU_43_A_OE1,64.643,-16.966,42.995,0.914,-0.02,0.404
GLU_43_A_OE1,64.407,-17.138,43.131,0.196,-0.543,0.817
GLU_43_A_OE1,64.745,-16.747,42.542,0.674,0.593,0.441
GLU_43_A_OE1,64.835,-17.159,42.696,0.777,0.118,0.618
GLU_43_A_OE1,64.573,-17.465,42.896,0.476,-0.234,0.848
GLU_43_A_OE1,65.086,-18.364,41.129,0.815,-0.577,0.044
GLU_43_A_OE1,64.778,-18.68,41.218,0.621,-0.778,0.1
GLU_43_A_OE1,64.399,-18.883,41.347,0.38,-0.907,0.183
GLU_43_A_OE1,63.984,-18.955,41.505,0.117,-0.952,0.283
GLU_43_A_OE1,63.574,-18.887,41.675,-0.144,-0.909,0.391
GLU_43_A_OE1,63.554,-17.65,45.33,0.231,-0.565,-0.792
GLU_43_A_OE1,63.899,-17.817,42.968,-0.015,-0.446,0.895
GLU_43_A_OE1,63.329,-18.541,42.294,-0.227,-0.82,0.526
GLU_43_A_OE1,63.35,-18.149,42.674,-0.209,-0.488,0.848
GLU_43_A_OE1,62.97,-18.339,42.498,0.06,-0.696,0.715
GLU_43_A_OE1,62.956,-17.92,42.736,0.045,-0.254,0.966
GLU_43_A_OE1,63.775,-18.229,42.762,-0.167,-0.514,0.841
GLU_43_A_OE1,64.243,-18.229,42.762,0.167,-0.514,0.841
GLU_43_A_OE1,64.621,-17.954,42.762,0.437,-0.318,0.841
GLU_43_A_OE1,65.067,-17.509,42.501,0.756,0.0,0.655
GLU_43_A_OE1,63.898,-18.561,42.501,-0.079,-0.752,0.655
GLU_43_A_OE1,64.336,-18.515,42.501,0.234,-0.719,0.655
GLU_43_A_OE1,64.717,-18.295,42.501,0.506,-0.562,0.655
GLU_43_A_OE1,64.976,-17.939,42.501,0.69,-0.307,0.655
GLU_43_A_OE1,63.891,-18.777,42.166,-0.084,-0.906,0.415
GLU_43_A_OE1,64.358,-18.734,42.166,0.249,-0.875,0.415
GLU_43_A_OE1,64.776,-18.525,42.166,0.548,-0.726,0.415
GLU_43_A_OE1,65.092,-18.179,42.166,0.773,-0.479,0.415
GLU_43_A_OE1,65.261,-17.743,42.166,0.894,-0.167,0.415
GLU_43_A_OE1,65.261,-17.275,42.166,0.894,0.167,0.415
GLU_43_A_OE1,65.092,-16.839,42.166,0.773,0.479,0.415
GLU_43_A_OE1,65.395,-17.509,41.783,0.99,0.0,0.142
GLU_43_A_OE1,64.349,-18.852,41.783,0.243,-0.96,0.142
GLU_43_A_OE1,64.767,-18.669,41.783,0.541,-0.829,0.142
GLU_43_A_OE1,65.103,-18.36,41.783,0.781,-0.608,0.142
GLU_43_A_OE1,65.32,-17.959,41.783,0.936,-0.321,0.142
GLU_43_A_OE1,65.228,-18.169,41.385,0.871,-0.471,-0.142
GLU_43_A_HB3,60.252,-17.575,43.316,0.282,-0.0,0.959
GLU_43_A_HB3,60.325,-17.372,43.297,0.282,-0.0,0.959
GLU_43_A_HB3,60.597,-16.997,43.297,0.087,-0.268,0.959
GLU_43_A_HB3,60.733,-19.051,41.781,-0.082,-0.986,0.142
GLU_43_A_HB3,61.899,-16.742,43.482,-0.437,-0.318,0.841
GLU_43_A_HB3,61.521,-16.467,43.482,-0.167,-0.514,0.841
GLU_43_A_HB3,61.606,-16.955,43.316,-0.228,-0.166,0.959
GLU_43_A_HB3,61.165,-16.811,43.316,0.087,-0.268,0.959
GLU_43_A_HB3,61.266,-19.124,41.639,-0.082,-0.986,0.142
GLU_43_A_HB3,62.582,-18.706,41.903,0.249,-0.875,0.415
GLU_43_A_HB3,62.604,-18.925,41.568,0.234,-0.719,0.655
GLU_43_A_HB3,61.724,-19.071,41.896,0.243,-0.96,0.142
GLU_43_A_HB3,62.443,-17.49,43.764,-0.739,0.157,0.655
GLU_43_A_HB3,62.443,-17.05,43.764,-0.739,-0.157,0.655
GLU_43_A_HB3,62.264,-16.648,43.764,-0.611,-0.444,0.655
GLU_43_A_HB3,62.164,-17.27,43.503,-0.541,-0.0,0.841
GLU_43_A_HB3,62.02,-16.825,43.503,-0.437,-0.318,0.841
GLU_43_A_HB3,62.02,-17.715,43.503,-0.437,0.318,0.841
GLU_43_A_HB3,61.727,-17.502,43.337,-0.228,0.166,0.959
GLU_43_A_HB3,61.727,-17.038,43.337,-0.228,-0.166,0.959
GLU_43_A_HB3,62.081,-17.256,44.288,0.67,-0.728,-0.142
GLU_43_A_HB3,62.679,-16.932,43.889,0.243,-0.96,0.142
GLU_43_A_HB3,62.261,-17.116,43.889,0.541,-0.829,0.142
GLU_43_A_HB3,61.926,-17.424,43.889,0.781,-0.608,0.142
GLU_43_A_HB3,62.671,-17.051,43.507,0.249,-0.875,0.415
GLU_43_A_HB3,62.252,-17.259,43.507,0.548,-0.726,0.415
GLU_43_A_HB3,61.936,-17.605,43.507,0.773,-0.479,0.415
GLU_43_A_HB3,62.692,-17.269,43.172,0.234,-0.719,0.655
GLU_43_A_HB3,62.311,-17.489,43.172,0.506,-0.562,0.655
GLU_43_A_HB3,62.053,-17.845,43.172,0.69,-0.307,0.655
GLU_43_A_HB3,62.785,-17.556,42.911,0.167,-0.514,0.841
GLU_43_A_HB3,62.407,-17.831,42.911,0.437,-0.318,0.841
GLU_43_A_HB3,62.581,-18.528,42.376,0.307,-0.829,0.467
GLU_43_A_HB3,62.599,-18.191,42.703,0.327,-0.458,0.827
GLU_43_A_HB3,62.259,-18.49,42.693,0.568,-0.588,0.576
GLU_43_A_HB3,62.244,-18.046,42.946,0.554,-0.164,0.816
GLU_43_A_HB3,61.502,-19.114,41.87,0.075,-0.994,0.082
GLU_43_A_HB3,62.15,-18.839,42.088,0.558,-0.78,0.283
GLU_43_A_HB3,61.057,-19.094,41.85,-0.126,-0.991,0.035
GLU_43_A_HB3,61.1,-17.431,43.281,-0.067,0.101,0.993
GLU_43_A_HB3,60.767,-19.032,42.303,-0.135,-0.98,0.143
GLU_43_A_HB3,60.745,-18.866,42.745,-0.155,-0.836,0.526
GLU_43_A_HB3,60.743,-18.536,43.084,-0.156,-0.551,0.82
GLU_43_A_HB3,60.763,-18.099,43.264,-0.139,-0.172,0.975
GLU_43_A_HB3,60.346,-18.978,42.514,0.144,-0.924,0.356
GLU_43_A_HB3,60.333,-18.716,42.927,0.133,-0.711,0.691
GLU_43_A_HB3,60.343,-18.31,43.201,0.141,-0.381,0.913
GLU_43_A_HB3,60.374,-17.829,43.291,0.167,0.008,0.986
GLU_43_A_HB3,61.301,-17.93,43.368,-0.0,0.0,1.0
GLU_43_A_HB3,61.096,-18.285,43.296,-0.171,-0.296,0.94
GLU_43_A_HB3,61.506,-18.285,43.296,0.171,-0.296,0.94
GLU_43_A_HB3,60.981,-18.632,43.087,-0.267,-0.585,0.766
GLU_43_A_HB3,61.411,-18.693,43.087,0.091,-0.636,0.766
GLU_43_A_HB3,61.806,-18.513,43.087,0.421,-0.486,0.766
GLU_43_A_HB3,62.041,-18.147,43.087,0.617,-0.181,0.766
GLU_43_A_HB3,61.07,-18.943,42.768,-0.193,-0.844,0.5
GLU_43_A_HB3,61.532,-18.943,42.768,0.193,-0.844,0.5
GLU_43_A_HB3,61.949,-18.743,42.768,0.54,-0.677,0.5
GLU_43_A_HB3,61.301,-19.112,42.376,-0.0,-0.985,0.174
GLU_43_A_HB3,61.753,-19.022,42.376,0.377,-0.91,0.174
GLU_43_A_HG2,60.403,-19.154,40.802,-0.082,-0.986,0.142
GLU_43_A_HG2,60.857,-19.395,40.419,-0.405,-0.814,0.415
GLU_43_A_HG2,60.406,-19.267,40.419,-0.084,-0.906,0.415
GLU_43_A_HG2,59.94,-19.31,40.419,0.249,-0.875,0.415
GLU_43_A_HG2,60.4,-19.483,40.084,-0.079,-0.752,0.655
GLU_43_A_HG2,59.962,-19.529,40.084,0.234,-0.719,0.655
GLU_43_A_HG2,61.054,-19.72,40.011,-0.405,-0.814,0.415
GLU_43_A_HG2,61.016,-19.944,39.676,-0.378,-0.654,0.655
GLU_43_A_HG2,60.597,-19.808,39.676,-0.079,-0.752,0.655
GLU_43_A_HG2,60.16,-19.854,39.676,0.234,-0.719,0.655
GLU_43_A_HG2,60.72,-20.14,39.415,-0.167,-0.514,0.841
GLU_43_A_HG2,60.253,-20.14,39.415,0.167,-0.514,0.841
GLU_43_A_HG2,61.014,-19.333,40.744,-0.405,-0.814,0.415
GLU_43_A_HG2,60.579,-19.086,41.155,-0.082,-0.986,0.142
GLU_43_A_HG2,61.032,-19.327,40.773,-0.405,-0.814,0.415
GLU_43_A_HG2,61.559,-19.952,39.416,0.405,-0.814,-0.415
GLU_43_A_HG2,60.908,-20.432,39.034,0.871,-0.471,-0.142
GLU_43_A_HG2,63.026,-19.463,39.894,0.578,-0.791,-0.201
GLU_43_A_HG2,62.953,-19.514,40.38,0.519,-0.832,0.197
GLU_43_A_HG2,62.755,-19.413,40.821,0.356,-0.749,0.558
GLU_43_A_HG2,61.752,-19.434,41.096,-0.103,-0.765,0.635
GLU_43_A_HG2,61.808,-19.173,41.5,0.183,-0.886,0.425
GLU_43_A_HG2,61.37,-19.471,40.875,-0.412,-0.742,0.529
GLU_43_A_HG2,61.395,-19.277,41.211,-0.174,-0.877,0.448
GLU_43_A_HG2,61.806,-19.968,39.711,0.132,-0.976,-0.172
GLU_43_A_HG2,61.474,-19.921,40.067,-0.286,-0.917,0.277
GLU_43_A_HG2,61.159,-19.948,39.772,-0.481,-0.652,0.587
GLU_43_A_HG2,61.116,-20.221,39.437,0.355,-0.825,0.44
GLU_43_A_HG2,61.906,-19.689,39.205,0.249,-0.706,-0.664
GLU_43_A_HG2,61.493,-19.914,39.246,0.453,-0.842,-0.294
GLU_43_A_HG2,61.215,-19.976,38.9,0.742,-0.501,-0.445
GLU_43_A_HG2,62.092,-19.565,40.976,0.091,-0.636,0.766
GLU_43_A_HG2,61.334,-19.615,40.657,-0.54,-0.677,0.5
GLU_43_A_HG2,61.751,-19.815,40.657,-0.193,-0.844,0.5
GLU_43_A_HG2,62.213,-19.815,40.657,0.193,-0.844,0.5
GLU_43_A_HG2,62.63,-19.615,40.657,0.54,-0.677,0.5
GLU_43_A_HG2,61.53,-19.894,40.265,-0.377,-0.91,0.174
GLU_43_A_HG2,61.982,-19.984,40.265,-0.0,-0.985,0.174
GLU_43_A_HG2,62.434,-19.894,40.265,0.377,-0.91,0.174
GLU_43_A_HG2,61.982,-19.984,39.849,-0.0,-0.985,-0.174
GLU_43_A_HG2,62.434,-19.894,39.849,0.377,-0.91,-0.174
GLU_43_A_HG2,62.818,-19.638,39.849,0.696,-0.696,-0.174
GLU_43_A_HG2,62.213,-19.815,39.457,0.193,-0.844,-0.5
GLU_43_A_HG2,62.63,-19.615,39.457,0.54,-0.677,-0.5
GLU_43_A_HG2,62.302,-19.504,39.138,0.267,-0.585,-0.766
TYR_44_A_N,59.559,-16.684,44.162,0.773,-0.479,0.415
TYR_44_A_N,59.39,-17.12,44.162,0.894,-0.167,0.415
TYR_44_A_N,59.394,-17.341,44.077,0.894,-0.167,0.415
TYR_44_A_N,59.889,-17.575,43.481,0.541,-0.0,0.841
TYR_44_A_N,60.011,-16.585,43.723,0.506,-0.562,0.655
TYR_44_A_N,59.753,-16.941,43.723,0.69,-0.307,0.655
TYR_44_A_N,60.107,-16.927,43.462,0.437,-0.318,0.841
TYR_44_A_CA,59.355,-17.583,44.09,0.894,-0.167,0.415
TYR_44_A_CA,59.256,-17.804,44.205,0.893,-0.277,0.354
TYR_44_A_CA,58.973,-17.57,45.033,0.836,-0.327,0.44
TYR_44_A_CA,59.152,-17.287,44.799,0.934,-0.173,0.312
TYR_44_A_CA,59.096,-17.688,44.747,0.868,-0.243,0.434
TYR_44_A_O,53.917,-19.069,44.229,-0.541,-0.0,0.841
TYR_44_A_O,53.479,-19.301,44.063,-0.228,0.166,0.959
TYR_44_A_O,54.379,-19.367,44.397,-0.437,-0.318,0.841
TYR_44_A_O,54.085,-19.581,44.232,-0.228,-0.166,0.959
TYR_44_A_O,54.182,-17.482,44.355,-0.91,-0.0,0.415
TYR_44_A_O,54.096,-17.022,44.355,-0.848,-0.329,0.415
TYR_44_A_O,53.764,-18.104,44.02,-0.611,0.444,0.655
TYR_44_A_O,53.943,-17.702,44.02,-0.739,0.157,0.655
TYR_44_A_O,53.943,-17.262,44.02,-0.739,-0.157,0.655
TYR_44_A_O,53.665,-17.482,43.759,-0.541,-0.0,0.841
TYR_44_A_O,53.521,-17.927,43.759,-0.437,0.318,0.841
TYR_44_A_O,54.829,-20.052,44.665,-0.739,0.157,0.655
TYR_44_A_O,54.829,-19.612,44.665,-0.739,-0.157,0.655
TYR_44_A_O,54.551,-19.832,44.405,-0.541,-0.0,0.841
TYR_44_A_O,54.406,-19.387,44.405,-0.437,-0.318,0.841
TYR_44_A_O,54.796,-17.128,45.221,-0.611,-0.444,0.655
TYR_44_A_O,54.697,-17.75,44.96,-0.541,-0.0,0.841
TYR_44_A_O,56.535,-18.398,45.268,-0.437,-0.318,0.841
TYR_44_A_O,56.156,-18.123,45.268,-0.167,-0.514,0.841
TYR_44_A_O,56.242,-18.611,45.102,-0.228,-0.166,0.959
TYR_44_A_O,55.801,-18.468,45.102,0.087,-0.268,0.959
TYR_44_A_O,55.71,-17.743,45.377,-0.167,-0.514,0.841
TYR_44_A_O,55.37,-17.753,45.318,-0.228,-0.414,0.881
TYR_44_A_O,55.031,-17.596,45.226,-0.543,-0.267,0.796
TYR_44_A_O,55.057,-18.056,45.146,-0.295,-0.079,0.952
TYR_44_A_O,54.729,-17.862,44.987,-0.564,0.08,0.822
TYR_44_A_O,54.922,-19.574,44.769,-0.671,-0.114,0.733
TYR_44_A_O,54.854,-19.155,44.841,-0.469,-0.34,0.815
TYR_44_A_O,55.89,-18.072,45.26,-0.138,-0.42,0.897
TYR_44_A_O,55.526,-18.255,45.171,-0.035,-0.149,0.988
TYR_44_A_O,55.046,-19.05,44.974,-0.341,-0.26,0.903
TYR_44_A_O,55.454,-18.864,45.083,-0.002,-0.105,0.994
TYR_44_A_O,54.252,-17.757,44.539,-0.831,0.135,0.539
TYR_44_A_O,54.498,-17.821,44.826,-0.634,0.084,0.769
TYR_44_A_O,54.396,-17.397,44.752,-0.766,-0.175,0.619
TYR_44_A_O,54.67,-17.445,44.983,-0.521,-0.218,0.825
TYR_44_A_O,53.996,-18.294,44.351,-0.746,0.129,0.654
TYR_44_A_O,53.641,-18.188,43.975,-0.523,0.504,0.687
TYR_44_A_O,54.293,-18.983,44.525,-0.603,-0.326,0.729
TYR_44_A_O,53.976,-19.059,44.268,-0.582,-0.007,0.813
TYR_44_A_O,53.834,-19.431,44.199,-0.275,-0.006,0.962
TYR_44_A_O,54.985,-18.564,45.106,-0.228,-0.166,0.959
TYR_44_A_O,54.547,-18.332,44.941,-0.541,0.0,0.841
TYR_44_A_O,54.692,-18.777,44.941,-0.437,-0.318,0.841
TYR_44_A_O,54.269,-18.112,44.68,-0.739,0.157,0.655
TYR_44_A_O,54.269,-18.552,44.68,-0.739,-0.157,0.655
TYR_44_A_O,54.448,-18.954,44.68,-0.611,-0.444,0.655
TYR_44_A_CB,56.452,-17.927,45.529,-0.378,-0.654,0.655
TYR_44_A_CB,56.044,-17.323,45.973,-0.405,-0.814,0.415
TYR_44_A_CB,56.005,-17.547,45.638,-0.378,-0.654,0.655
TYR_44_A_CB,59.251,-16.812,44.816,0.936,-0.321,0.142
TYR_44_A_CB,59.254,-15.92,45.793,0.756,-0.0,0.655
TYR_44_A_CB,59.26,-16.292,45.712,0.877,-0.207,0.433
TYR_44_A_CB,59.18,-15.995,45.888,0.808,0.053,0.587
TYR_44_A_CB,59.538,-16.281,44.93,0.765,-0.581,0.279
TYR_44_A_CB,59.337,-16.457,45.282,0.922,-0.31,0.232
TYR_44_A_CB,59.07,-17.218,45.176,0.893,-0.405,0.194
TYR_44_A_CB,59.207,-16.921,44.931,0.968,-0.243,0.06
TYR_44_A_CB,58.398,-15.634,46.688,0.709,0.232,0.665
TYR_44_A_CB,56.28,-17.346,46.167,-0.456,-0.724,0.517
TYR_44_A_CB,56.712,-17.891,45.76,-0.379,-0.748,0.545
TYR_44_A_CB,56.346,-17.68,45.757,-0.464,-0.701,0.542
TYR_44_A_CB,56.032,-17.751,45.485,-0.397,-0.509,0.764
TYR_44_A_CB,56.559,-17.424,46.311,-0.46,-0.633,0.623
TYR_44_A_CB,58.917,-16.222,46.311,0.782,-0.0,0.623
TYR_44_A_CB,58.845,-15.763,46.311,0.744,0.242,0.623
TYR_44_A_CB,56.445,-17.621,45.95,-0.52,-0.736,0.434
TYR_44_A_CB,56.859,-17.835,45.95,-0.302,-0.849,0.434
TYR_44_A_CB,59.08,-16.684,45.95,0.868,-0.243,0.434
TYR_44_A_CB,58.931,-17.311,45.549,0.789,-0.573,0.223
TYR_44_A_CB,59.154,-16.904,45.549,0.906,-0.359,0.223
TYR_44_A_CG,54.624,-16.397,46.031,-0.672,-0.613,0.415
TYR_44_A_CG,54.881,-16.892,45.557,-0.672,-0.613,0.415
TYR_44_A_CG,56.118,-17.095,46.422,-0.21,-0.803,0.558
TYR_44_A_CG,54.911,-16.564,46.345,-0.672,-0.684,0.283
TYR_44_A_CG,55.295,-16.801,46.474,-0.463,-0.813,0.353
TYR_44_A_CG,55.734,-16.935,46.572,-0.226,-0.885,0.407
TYR_44_A_CG,55.52,-17.181,45.908,-0.335,-0.822,0.46
TYR_44_A_CG,55.111,-16.991,45.797,-0.601,-0.699,0.388
TYR_44_A_CG,55.279,-17.35,45.535,-0.454,-0.583,0.674
TYR_44_A_CG,54.959,-17.161,45.38,-0.728,-0.42,0.541
TYR_44_A_CG,54.614,-16.537,45.804,-0.582,-0.7,0.414
TYR_44_A_CG,55.614,-17.034,46.316,-0.302,-0.849,0.434
TYR_44_A_CD1,53.787,-16.408,44.714,-0.67,-0.728,0.142
TYR_44_A_CD1,53.79,-16.57,44.332,-0.672,-0.613,0.415
TYR_44_A_CD1,53.705,-16.806,43.996,-0.611,-0.444,0.655
TYR_44_A_CD1,53.378,-16.512,43.996,-0.378,-0.654,0.655
TYR_44_A_CD1,54.231,-16.987,44.732,-0.817,-0.414,0.401
TYR_44_A_CD1,54.474,-17.05,45.015,-0.617,-0.466,0.634
TYR_44_A_CD1,54.202,-16.697,45.074,-0.628,-0.674,0.389
TYR_44_A_CD1,54.528,-16.755,45.349,-0.42,-0.711,0.564
TYR_44_A_CD1,53.693,-16.273,45.118,-0.505,-0.844,0.181
TYR_44_A_CD1,53.907,-16.201,45.609,-0.388,-0.804,0.45
TYR_44_A_CD1,54.179,-16.498,45.426,-0.52,-0.736,0.434
TYR_44_A_CD2,56.616,-13.649,48.154,0.437,0.318,0.841
TYR_44_A_CD2,56.834,-13.204,47.989,0.282,-0.0,0.959
TYR_44_A_CD2,54.553,-16.166,46.435,-0.67,-0.728,0.142
TYR_44_A_CD2,56.82,-13.8,48.133,0.292,0.426,0.856
TYR_44_A_CD2,56.27,-16.829,47.159,-0.08,-0.938,0.339
TYR_44_A_CD2,56.603,-16.666,47.47,0.131,-0.834,0.536
TYR_44_A_CD2,55.063,-16.594,46.691,-0.549,-0.827,0.121
TYR_44_A_CD2,55.477,-16.781,46.806,-0.325,-0.928,0.183
TYR_44_A_CD2,55.933,-16.86,46.886,-0.078,-0.971,0.227
TYR_44_A_CD2,54.473,-16.101,47.012,-0.553,-0.833,0.01
TYR_44_A_CD2,54.614,-16.12,47.449,-0.476,-0.843,0.249
TYR_44_A_CD2,54.811,-16.041,47.858,-0.368,-0.8,0.473
TYR_44_A_CD2,55.051,-15.87,48.212,-0.237,-0.706,0.667
TYR_44_A_CD2,55.318,-15.616,48.488,-0.09,-0.567,0.818
TYR_44_A_CD2,55.596,-15.296,48.67,0.062,-0.392,0.918
TYR_44_A_CD2,55.866,-14.931,48.744,0.21,-0.192,0.959
TYR_44_A_CD2,56.381,-14.024,48.483,0.492,0.305,0.816
TYR_44_A_CD2,55.696,-15.701,48.51,-0.18,-0.395,0.901
TYR_44_A_CD2,56.578,-14.328,48.51,0.284,0.328,0.901
TYR_44_A_CD2,55.585,-16.045,48.283,-0.239,-0.576,0.782
TYR_44_A_CD2,56.038,-16.136,48.283,-0.0,-0.623,0.782
TYR_44_A_CD2,55.165,-16.153,47.983,-0.46,-0.633,0.623
TYR_44_A_CD2,55.579,-16.364,47.983,-0.242,-0.744,0.623
TYR_44_A_CD2,56.038,-16.436,47.983,-0.0,-0.782,0.623
TYR_44_A_CD2,55.051,-16.35,47.622,-0.52,-0.736,0.434
TYR_44_A_CD2,55.465,-16.564,47.622,-0.302,-0.849,0.434
TYR_44_A_CD2,55.921,-16.659,47.622,-0.061,-0.899,0.434
TYR_44_A_CD2,56.386,-16.627,47.622,0.183,-0.882,0.434
TYR_44_A_CD2,55.045,-16.515,47.221,-0.522,-0.823,0.223
TYR_44_A_CD2,55.466,-16.713,47.221,-0.301,-0.927,0.223
TYR_44_A_CD2,55.922,-16.8,47.221,-0.061,-0.973,0.223
TYR_44_A_CE1,53.03,-15.949,44.34,-0.67,-0.728,0.142
TYR_44_A_CE1,53.279,-16.509,43.958,-0.848,-0.329,0.415
TYR_44_A_CE1,53.032,-16.111,43.958,-0.672,-0.613,0.415
TYR_44_A_CE1,52.659,-15.829,43.958,-0.405,-0.814,0.415
TYR_44_A_CE1,52.947,-16.347,43.622,-0.611,-0.444,0.655
TYR_44_A_CE1,52.62,-16.053,43.622,-0.378,-0.654,0.655
TYR_44_A_CE1,53.406,-16.159,44.714,-0.398,-0.906,0.142
TYR_44_A_CE1,53.417,-16.288,44.332,-0.405,-0.814,0.415
TYR_44_A_CE1,54.164,-16.036,46.048,-0.405,-0.814,0.415
TYR_44_A_CE1,52.238,-14.562,45.624,-0.971,-0.239,0.004
TYR_44_A_CE1,52.405,-14.976,45.79,-0.88,-0.465,0.095
TYR_44_A_CE1,52.68,-15.332,45.945,-0.729,-0.661,0.179
TYR_44_A_CE1,53.047,-15.607,46.077,-0.529,-0.811,0.252
TYR_44_A_CE1,53.479,-15.781,46.178,-0.292,-0.906,0.307
TYR_44_A_CE1,52.228,-14.575,44.453,-0.976,-0.213,-0.053
TYR_44_A_CE1,52.204,-14.08,44.59,-0.992,0.121,0.04
TYR_44_A_CE1,52.21,-13.882,45.05,-0.98,0.128,-0.15
TYR_44_A_CE1,52.18,-14.18,45.273,-0.999,-0.051,-0.015
TYR_44_A_CE1,52.12,-13.813,45.442,-0.949,-0.121,-0.29
TYR_44_A_CE1,52.13,-14.075,45.664,-0.942,-0.308,-0.131
TYR_44_A_CE1,52.468,-18.05,43.686,-0.035,0.596,0.802
TYR_44_A_CE1,53.193,-16.059,44.662,-0.553,-0.826,0.105
TYR_44_A_CE1,51.131,-16.816,43.482,0.393,0.132,0.91
TYR_44_A_CE1,50.946,-16.529,43.415,0.099,0.588,0.803
TYR_44_A_CE1,52.668,-15.642,44.659,-0.705,-0.706,0.069
TYR_44_A_CE1,52.401,-15.229,44.562,-0.94,-0.341,-0.017
TYR_44_A_CE1,53.081,-15.761,45.796,-0.52,-0.736,0.434
TYR_44_A_CE1,53.495,-15.975,45.796,-0.302,-0.849,0.434
TYR_44_A_CE1,52.274,-14.823,45.395,-0.944,-0.242,0.223
TYR_44_A_CE1,52.445,-15.254,45.395,-0.854,-0.47,0.223
TYR_44_A_CE1,52.718,-15.63,45.395,-0.711,-0.667,0.223
TYR_44_A_CE1,53.075,-15.926,45.395,-0.522,-0.823,0.223
TYR_44_A_CE1,53.496,-16.124,45.395,-0.301,-0.927,0.223
TYR_44_A_CE1,52.168,-14.362,44.972,-1.0,0.0,0.0
TYR_44_A_CE1,52.223,-14.817,44.972,-0.971,-0.239,0.0
TYR_44_A_CE1,52.386,-15.245,44.972,-0.885,-0.465,0.0
TYR_44_A_CE1,52.646,-15.622,44.972,-0.749,-0.663,0.0
TYR_44_A_CE1,52.989,-15.926,44.972,-0.568,-0.823,0.0
TYR_44_A_CE1,52.274,-14.823,44.549,-0.944,-0.242,-0.223
TYR_44_A_CE2,54.621,-12.36,47.519,-0.082,0.986,0.142
TYR_44_A_CE2,54.153,-15.907,46.431,-0.398,-0.906,0.142
TYR_44_A_CE2,56.262,-13.635,48.415,0.69,0.307,0.655
TYR_44_A_CE2,55.179,-12.294,47.073,-0.082,0.986,0.142
TYR_44_A_CE2,55.621,-12.182,47.073,-0.398,0.906,0.142
TYR_44_A_CE2,55.182,-12.181,46.691,-0.084,0.906,0.415
TYR_44_A_CE2,55.632,-12.053,46.691,-0.405,0.814,0.415
TYR_44_A_CE2,55.908,-12.502,47.86,-0.079,0.752,0.655
TYR_44_A_CE2,56.233,-12.325,47.776,-0.311,0.626,0.715
TYR_44_A_CE2,56.019,-12.616,47.974,0.031,0.623,0.782
TYR_44_A_CE2,55.588,-12.6,48.008,0.15,0.822,0.549
TYR_44_A_CE2,56.661,-12.835,48.014,0.107,0.148,0.983
TYR_44_A_CE2,56.376,-13.044,48.126,0.31,0.298,0.903
TYR_44_A_CE2,56.166,-12.78,48.062,0.147,0.501,0.853
TYR_44_A_CE2,56.236,-13.377,48.325,0.563,0.33,0.758
TYR_44_A_CE2,56.005,-13.073,48.304,0.419,0.519,0.745
TYR_44_A_CE2,56.087,-12.191,47.586,-0.372,0.685,0.626
TYR_44_A_CE2,55.915,-12.065,47.234,-0.515,0.79,0.332
TYR_44_A_CE2,55.681,-12.294,47.506,-0.228,0.877,0.424
TYR_44_A_CE2,55.538,-12.22,47.109,-0.338,0.934,0.117
TYR_44_A_CE2,55.455,-12.476,47.83,0.079,0.889,0.451
TYR_44_A_CE2,55.256,-12.33,47.421,-0.045,0.979,0.198
TYR_44_A_CE2,55.898,-13.914,48.825,0.694,0.085,0.715
TYR_44_A_CE2,55.884,-13.505,48.703,0.685,0.361,0.633
TYR_44_A_CE2,55.714,-13.133,48.578,0.57,0.612,0.548
TYR_44_A_CE2,55.412,-12.853,48.466,0.365,0.802,0.472
TYR_44_A_CE2,55.02,-12.703,48.383,0.101,0.904,0.417
TYR_44_A_CE2,53.686,-14.063,48.652,-0.801,-0.016,0.598
TYR_44_A_CE2,53.882,-14.454,48.786,-0.669,-0.28,0.689
TYR_44_A_CE2,54.224,-14.734,48.902,-0.437,-0.469,0.767
TYR_44_A_CE2,54.658,-14.858,48.981,-0.145,-0.553,0.821
TYR_44_A_CE2,55.111,-14.805,49.01,0.162,-0.518,0.84
TYR_44_A_CE2,55.511,-14.585,48.984,0.432,-0.369,0.823
TYR_44_A_CE2,53.746,-15.731,46.875,-0.381,-0.921,0.082
TYR_44_A_CE2,53.482,-15.522,47.223,-0.526,-0.806,0.272
TYR_44_A_CE2,53.286,-15.208,47.536,-0.633,-0.635,0.443
TYR_44_A_CE2,53.171,-14.814,47.792,-0.696,-0.419,0.584
TYR_44_A_CE2,53.146,-14.366,47.974,-0.71,-0.173,0.683
TYR_44_A_CE2,54.614,-12.282,47.156,0.094,0.967,0.236
TYR_44_A_CE2,53.316,-13.958,48.204,-0.728,0.009,0.685
TYR_44_A_CE2,53.13,-13.631,48.063,-0.51,-0.041,0.859
TYR_44_A_CE2,54.61,-12.441,47.879,0.073,0.945,0.319
TYR_44_A_CE2,54.156,-12.334,47.751,0.25,0.968,-0.024
TYR_44_A_CE2,53.892,-12.229,48.099,0.586,0.794,0.162
TYR_44_A_CE2,55.045,-15.025,48.902,0.062,-0.429,0.901
TYR_44_A_CE2,55.468,-14.832,48.902,0.284,-0.328,0.901
TYR_44_A_CE2,53.834,-14.662,48.675,-0.576,-0.239,0.782
TYR_44_A_CE2,54.09,-15.047,48.675,-0.441,-0.441,0.782
TYR_44_A_CE2,54.475,-15.303,48.675,-0.239,-0.576,0.782
TYR_44_A_CE2,54.928,-15.394,48.675,-0.0,-0.623,0.782
TYR_44_A_CE2,53.443,-14.209,48.375,-0.782,0.0,0.623
TYR_44_A_CE2,53.515,-14.668,48.375,-0.744,-0.242,0.623
TYR_44_A_CE2,53.726,-15.082,48.375,-0.633,-0.46,0.623
TYR_44_A_CE2,54.055,-15.411,48.375,-0.46,-0.633,0.623
TYR_44_A_CE2,54.469,-15.622,48.375,-0.242,-0.744,0.623
TYR_44_A_CE2,55.276,-12.533,48.014,0.183,0.882,0.434
TYR_44_A_CE2,53.358,-14.891,48.014,-0.826,-0.359,0.434
TYR_44_A_CE2,53.6,-15.289,48.014,-0.699,-0.569,0.434
TYR_44_A_CE2,53.941,-15.608,48.014,-0.52,-0.736,0.434
TYR_44_A_CE2,54.355,-15.822,48.014,-0.302,-0.849,0.434
TYR_44_A_CE2,53.578,-15.477,47.613,-0.711,-0.667,0.223
TYR_44_A_CE2,53.935,-15.773,47.613,-0.522,-0.823,0.223
TYR_44_A_CE2,54.356,-15.971,47.613,-0.301,-0.927,0.223
TYR_44_A_CE2,54.812,-12.36,47.613,-0.061,0.973,0.223
TYR_44_A_CE2,53.849,-15.773,47.19,-0.568,-0.823,0.0
TYR_44_A_CZ,53.713,-11.967,47.088,0.548,0.726,0.415
TYR_44_A_CZ,54.132,-12.176,47.088,0.249,0.875,0.415
TYR_44_A_CZ,53.748,-12.139,47.519,0.541,0.829,0.142
TYR_44_A_CZ,54.166,-12.322,47.519,0.243,0.96,0.142
TYR_44_A_CZ,55.097,-12.178,46.665,-0.084,0.906,0.415
TYR_44_A_CZ,55.091,-11.962,46.329,-0.079,0.752,0.655
TYR_44_A_CZ,52.08,-14.218,46.084,-0.928,-0.336,-0.16
TYR_44_A_CZ,52.117,-14.344,46.526,-0.907,-0.41,0.1
TYR_44_A_CZ,52.243,-14.361,46.97,-0.833,-0.42,0.361
TYR_44_A_CZ,52.446,-14.269,47.373,-0.713,-0.366,0.598
TYR_44_A_CZ,52.708,-14.076,47.7,-0.559,-0.253,0.789
TYR_44_A_CZ,52.863,-14.342,47.747,-0.576,-0.239,0.782
TYR_44_A_CZ,52.755,-14.762,47.447,-0.633,-0.46,0.623
TYR_44_A_CZ,52.387,-14.571,47.086,-0.826,-0.359,0.434
TYR_44_A_CZ,52.629,-14.969,47.086,-0.699,-0.569,0.434
TYR_44_A_CZ,52.97,-15.288,47.086,-0.52,-0.736,0.434
TYR_44_A_CZ,52.334,-14.781,46.685,-0.854,-0.47,0.223
TYR_44_A_CZ,52.607,-15.157,46.685,-0.711,-0.667,0.223
TYR_44_A_CZ,52.964,-15.453,46.685,-0.522,-0.823,0.223
TYR_44_A_CZ,53.385,-15.651,46.685,-0.301,-0.927,0.223
TYR_44_A_CZ,52.275,-14.772,46.262,-0.885,-0.465,0.0
TYR_44_A_CZ,52.535,-15.149,46.262,-0.749,-0.663,0.0
TYR_44_A_OH,51.649,-12.401,48.068,-0.67,-0.728,0.142
TYR_44_A_OH,51.652,-12.563,47.686,-0.672,-0.613,0.415
TYR_44_A_OH,51.278,-12.281,47.686,-0.405,-0.814,0.415
TYR_44_A_OH,53.272,-13.067,48.349,-0.611,-0.444,0.655
TYR_44_A_OH,52.945,-12.773,48.349,-0.378,-0.654,0.655
TYR_44_A_OH,53.028,-13.244,48.088,-0.437,-0.318,0.841
TYR_44_A_OH,52.65,-12.969,48.088,-0.167,-0.514,0.841
TYR_44_A_OH,52.803,-13.749,47.855,-0.437,-0.318,0.841
TYR_44_A_OH,52.771,-13.574,47.9,-0.339,-0.265,0.903
TYR_44_A_OH,51.964,-13.604,45.7,-0.838,-0.27,-0.474
TYR_44_A_OH,51.946,-14.043,46.385,-0.824,-0.56,-0.09
TYR_44_A_OH,52.023,-14.111,46.802,-0.772,-0.606,0.195
TYR_44_A_OH,52.178,-14.075,47.201,-0.666,-0.582,0.468
TYR_44_A_OH,52.397,-13.941,47.545,-0.516,-0.49,0.703
TYR_44_A_OH,52.66,-13.72,47.802,-0.336,-0.338,0.879
TYR_44_A_OH,52.477,-13.177,47.943,-0.283,-0.384,0.879
TYR_44_A_OH,52.536,-12.812,48.181,-0.086,-0.627,0.774
TYR_44_A_OH,52.047,-13.144,47.717,-0.619,-0.349,0.704
TYR_44_A_OH,52.214,-12.825,48.055,-0.327,-0.623,0.711
TYR_44_A_OH,51.558,-12.959,46.146,-0.865,-0.204,-0.458
TYR_44_A_OH,51.49,-13.147,46.593,-0.926,-0.372,-0.057
TYR_44_A_OH,51.574,-13.143,47.076,-0.85,-0.368,0.375
TYR_44_A_OH,51.277,-12.721,46.471,-0.75,-0.561,-0.35
TYR_44_A_OH,51.284,-12.801,46.875,-0.742,-0.657,0.136
TYR_44_A_OH,51.415,-12.714,47.255,-0.584,-0.553,0.594
TYR_44_A_OH,52.307,-13.48,47.768,-0.437,-0.318,0.841
TYR_44_A_OH,52.063,-13.657,47.507,-0.611,-0.444,0.655
TYR_44_A_OH,51.732,-13.495,47.172,-0.848,-0.329,0.415
TYR_44_A_OH,51.978,-13.893,47.172,-0.672,-0.613,0.415
TYR_44_A_OH,51.7,-13.695,46.789,-0.871,-0.471,0.142
TYR_44_A_OH,51.608,-13.485,46.391,-0.936,-0.321,-0.142
TYR_44_A_OH,51.825,-13.886,46.391,-0.781,-0.608,-0.142
TYR_44_A_OH,51.667,-13.269,46.008,-0.894,-0.167,-0.415
TYR_44_A_OH,51.836,-13.705,46.008,-0.773,-0.479,-0.415
TYR_44_A_HA,57.937,-19.608,44.856,0.69,-0.307,0.655
TYR_44_A_HA,57.376,-18.256,45.672,-0.079,-0.752,0.655
TYR_44_A_HA,57.5,-18.589,45.411,-0.167,-0.514,0.841
TYR_44_A_HA,57.144,-18.933,45.246,0.087,-0.268,0.959
TYR_44_A_HA,58.426,-19.279,43.876,0.781,-0.608,0.142
TYR_44_A_HA,58.209,-19.68,43.876,0.936,-0.321,0.142
TYR_44_A_HA,58.752,-19.114,43.494,0.548,-0.726,0.415
TYR_44_A_HA,58.437,-19.46,43.494,0.773,-0.479,0.415
TYR_44_A_HA,58.268,-19.896,43.494,0.894,-0.167,0.415
TYR_44_A_HA,59.401,-18.123,43.785,0.69,-0.307,0.655
TYR_44_A_HA,58.809,-18.881,44.101,0.736,-0.667,0.112
TYR_44_A_HA,59.004,-18.517,44.246,0.905,-0.353,0.237
TYR_44_A_HA,57.777,-18.534,45.493,-0.021,-0.569,0.822
TYR_44_A_HA,58.185,-18.453,45.46,0.362,-0.492,0.791
TYR_44_A_HA,58.525,-18.253,45.326,0.682,-0.304,0.665
TYR_44_A_HA,57.949,-18.218,45.763,0.2,-0.755,0.625
TYR_44_A_HA,58.31,-18.082,45.682,0.575,-0.614,0.541
TYR_44_A_HA,58.577,-17.848,45.515,0.854,-0.37,0.366
TYR_44_A_HA,58.978,-18.069,44.731,0.893,-0.211,0.398
TYR_44_A_HA,58.467,-19.221,44.41,0.757,-0.646,0.096
TYR_44_A_HA,58.341,-19.202,44.757,0.62,-0.626,0.473
TYR_44_A_HA,58.06,-19.542,44.771,0.603,-0.354,0.715
TYR_44_A_HA,58.115,-19.959,44.519,0.933,-0.106,0.344
TYR_44_A_HA,58.056,-19.098,45.088,0.366,-0.565,0.74
TYR_44_A_HA,57.697,-18.939,45.267,0.022,-0.411,0.911
TYR_44_A_HA,57.707,-19.334,45.119,0.331,-0.27,0.904
TYR_44_A_HA,57.356,-19.178,45.198,-0.065,-0.094,0.994
TYR_44_A_HA,58.329,-18.757,45.236,0.421,-0.486,0.766
TYR_44_A_HA,58.472,-18.987,44.917,0.54,-0.677,0.5
TYR_44_A_HA,58.76,-18.625,44.917,0.78,-0.376,0.5
TYR_44_A_HA,58.66,-19.01,44.525,0.696,-0.696,0.174
TYR_44_A_HA,58.916,-18.626,44.525,0.91,-0.377,0.174
TYR_44_A_HB2,56.465,-17.075,46.68,-0.405,-0.814,0.415
TYR_44_A_HB2,57.241,-17.994,45.997,-0.405,-0.814,0.415
TYR_44_A_HB2,57.203,-18.218,45.661,-0.378,-0.654,0.655
TYR_44_A_HB2,57.018,-17.888,45.977,-0.405,-0.814,0.415
TYR_44_A_HB2,56.979,-18.112,45.642,-0.378,-0.654,0.655
TYR_44_A_HB2,58.227,-15.871,46.917,0.756,-0.0,0.655
TYR_44_A_HB2,58.679,-17.515,45.828,0.781,-0.608,0.142
TYR_44_A_HB2,58.69,-17.696,45.446,0.773,-0.479,0.415
TYR_44_A_HB2,57.728,-18.036,46.111,0.014,-0.924,0.381
TYR_44_A_HB2,58.136,-17.955,46.078,0.397,-0.848,0.35
TYR_44_A_HB2,58.476,-17.755,45.943,0.717,-0.66,0.224
TYR_44_A_HB2,56.819,-17.636,46.279,-0.512,-0.734,0.446
TYR_44_A_HB2,58.615,-16.303,46.642,0.702,0.168,0.692
TYR_44_A_HB2,58.839,-16.586,46.388,0.854,-0.023,0.52
TYR_44_A_HB2,58.908,-16.938,46.133,0.9,-0.262,0.347
TYR_44_A_HB2,58.811,-17.309,45.914,0.835,-0.513,0.199
TYR_44_A_HB2,57.559,-16.912,47.235,0.031,-0.385,0.922
TYR_44_A_HB2,57.925,-16.694,47.218,0.386,-0.173,0.906
TYR_44_A_HB2,58.193,-16.4,47.063,0.646,0.112,0.755
TYR_44_A_HB2,57.561,-16.48,47.469,0.352,-0.531,0.771
TYR_44_A_HB2,57.862,-16.237,47.387,0.684,-0.263,0.681
TYR_44_A_HB2,58.046,-15.949,47.188,0.886,0.055,0.461
TYR_44_A_HB2,56.74,-20.067,45.515,0.161,0.597,0.786
TYR_44_A_HB2,56.865,-17.261,46.805,-0.505,-0.629,0.591
TYR_44_A_HB2,57.149,-17.122,47.071,-0.259,-0.508,0.822
TYR_44_A_HB2,56.726,-16.935,47.103,-0.192,-0.77,0.609
TYR_44_A_HB2,57.042,-16.746,47.32,0.065,-0.616,0.785
TYR_44_A_HB2,57.485,-17.165,47.136,-0.171,-0.296,0.94
TYR_44_A_HB2,57.895,-17.165,47.136,0.171,-0.296,0.94
TYR_44_A_HB2,57.37,-17.512,46.927,-0.267,-0.585,0.766
TYR_44_A_HB2,57.8,-17.573,46.927,0.091,-0.636,0.766
TYR_44_A_HB2,58.195,-17.393,46.927,0.421,-0.486,0.766
TYR_44_A_HB2,58.43,-17.027,46.927,0.617,-0.181,0.766
TYR_44_A_HB2,58.43,-16.593,46.927,0.617,0.181,0.766
TYR_44_A_HB2,58.729,-16.81,46.608,0.866,0.0,0.5
TYR_44_A_HB2,57.042,-17.623,46.608,-0.54,-0.677,0.5
TYR_44_A_HB2,57.459,-17.823,46.608,-0.193,-0.844,0.5
TYR_44_A_HB2,57.921,-17.823,46.608,0.193,-0.844,0.5
TYR_44_A_HB2,58.338,-17.623,46.608,0.54,-0.677,0.5
TYR_44_A_HB2,58.626,-17.261,46.608,0.78,-0.376,0.5
TYR_44_A_HB2,58.526,-17.646,46.216,0.696,-0.696,0.174
TYR_44_A_HB2,58.782,-17.262,46.216,0.91,-0.377,0.174
TYR_44_A_HB3,59.422,-15.499,45.629,0.541,-0.0,0.841
TYR_44_A_HB3,59.784,-15.499,45.463,0.282,-0.0,0.959
TYR_44_A_HB3,60.498,-15.267,45.463,-0.228,-0.166,0.959
TYR_44_A_HB3,58.522,-14.713,46.209,0.756,-0.0,0.655
TYR_44_A_HB3,58.613,-15.144,46.209,0.69,0.307,0.655
TYR_44_A_HB3,58.613,-14.283,46.209,0.69,-0.307,0.655
TYR_44_A_HB3,59.44,-15.171,45.57,0.437,0.318,0.841
TYR_44_A_HB3,59.658,-14.726,45.405,0.282,-0.0,0.959
TYR_44_A_HB3,59.931,-15.101,45.405,0.087,0.268,0.959
TYR_44_A_HB3,60.371,-14.958,45.405,-0.228,0.166,0.959
TYR_44_A_HB3,59.031,-14.221,45.85,0.69,-0.307,0.655
TYR_44_A_HB3,59.385,-14.206,45.589,0.437,-0.318,0.841
TYR_44_A_HB3,59.241,-14.651,45.589,0.541,-0.0,0.841
TYR_44_A_HB3,58.926,-15.47,46.077,0.692,0.252,0.677
TYR_44_A_HB3,59.014,-15.327,45.956,0.617,0.181,0.766
TYR_44_A_HD2,57.967,-14.752,47.171,0.99,-0.0,0.142
TYR_44_A_HD2,58.042,-14.302,47.171,0.936,-0.321,0.142
TYR_44_A_HD2,58.27,-14.082,46.789,0.773,-0.479,0.415
TYR_44_A_HD2,58.101,-14.518,46.789,0.894,-0.167,0.415
TYR_44_A_HD2,58.101,-14.986,46.789,0.894,0.167,0.415
TYR_44_A_HD2,58.295,-14.752,46.454,0.756,-0.0,0.655
TYR_44_A_HD2,58.387,-15.182,46.454,0.69,0.307,0.655
TYR_44_A_HD2,58.387,-14.322,46.454,0.69,-0.307,0.655
TYR_44_A_HD2,58.109,-14.032,47.37,0.85,-0.388,0.355
TYR_44_A_HD2,57.943,-13.866,47.69,0.654,-0.193,0.731
TYR_44_A_HD2,57.642,-13.688,47.878,0.301,0.017,0.953
TYR_44_A_HD2,57.907,-14.295,47.648,0.874,-0.051,0.482
TYR_44_A_HD2,57.668,-14.118,47.908,0.591,0.158,0.791
TYR_44_A_HD2,57.326,-13.949,48.013,0.187,0.357,0.915
TYR_44_A_HD2,57.932,-14.73,47.611,0.977,0.11,0.183
TYR_44_A_HD2,57.746,-14.544,47.968,0.795,0.292,0.532
TYR_44_A_HD2,57.41,-14.345,48.179,0.467,0.487,0.738
TYR_44_A_HD2,58.129,-15.231,46.888,0.874,0.342,0.345
TYR_44_A_HD2,58.012,-15.326,47.375,0.985,0.013,0.175
TYR_44_A_HD2,57.231,-16.317,47.794,0.265,-0.81,0.523
TYR_44_A_HD2,57.597,-16.099,47.777,0.621,-0.598,0.507
TYR_44_A_HD2,57.864,-15.805,47.622,0.88,-0.313,0.356
TYR_44_A_HD2,56.658,-16.315,48.005,0.133,-0.832,0.538
TYR_44_A_HD2,56.429,-16.052,48.327,-0.022,-0.655,0.756
TYR_44_A_HD2,56.321,-15.657,48.565,-0.095,-0.387,0.917
TYR_44_A_HD2,56.354,-15.197,48.68,-0.073,-0.077,0.994
TYR_44_A_HD2,56.847,-14.361,48.441,0.261,0.488,0.833
TYR_44_A_HD2,56.507,-14.756,48.658,0.07,0.194,0.979
TYR_44_A_HD2,56.183,-14.407,48.677,0.416,0.157,0.896
TYR_44_A_HD2,56.795,-15.188,48.732,-0.0,0.0,1.0
TYR_44_A_HD2,57.205,-15.188,48.66,0.342,0.0,0.94
TYR_44_A_HD2,57.0,-14.833,48.66,0.171,0.296,0.94
TYR_44_A_HD2,56.59,-15.543,48.66,-0.171,-0.296,0.94
TYR_44_A_HD2,57.0,-15.543,48.66,0.171,-0.296,0.94
TYR_44_A_HD2,56.905,-15.951,48.451,0.091,-0.636,0.766
TYR_44_A_HD2,57.3,-15.771,48.451,0.421,-0.486,0.766
TYR_44_A_HD2,57.535,-15.405,48.451,0.617,-0.181,0.766
TYR_44_A_HD2,57.535,-14.971,48.451,0.617,0.181,0.766
TYR_44_A_HD2,57.3,-14.605,48.451,0.421,0.486,0.766
TYR_44_A_HD2,57.834,-15.188,48.132,0.866,0.0,0.5
TYR_44_A_HD2,57.731,-14.737,48.132,0.78,0.376,0.5
TYR_44_A_HD2,57.026,-16.201,48.132,0.193,-0.844,0.5
TYR_44_A_HD2,57.443,-16.001,48.132,0.54,-0.677,0.5
TYR_44_A_HD2,57.731,-15.639,48.132,0.78,-0.376,0.5
TYR_44_A_HD2,57.977,-15.188,47.74,0.985,0.0,0.174
TYR_44_A_HE1,52.36,-14.899,43.643,-0.99,-0.0,-0.142
TYR_44_A_HE1,52.193,-15.558,43.244,-0.871,0.471,0.142
TYR_44_A_HE1,52.341,-15.127,43.244,-0.976,0.163,0.142
TYR_44_A_HE1,52.341,-14.671,43.244,-0.976,-0.163,0.142
TYR_44_A_HE1,52.248,-14.899,42.862,-0.91,-0.0,0.415
TYR_44_A_HE1,52.323,-14.844,44.345,-0.936,-0.321,-0.142
TYR_44_A_HE1,52.379,-15.522,43.947,-0.976,0.163,0.142
TYR_44_A_HE1,52.379,-15.066,43.947,-0.976,-0.163,0.142
TYR_44_A_HE1,52.2,-15.754,43.564,-0.848,0.329,0.415
TYR_44_A_HE1,52.405,-14.094,43.226,-0.936,0.321,-0.142
TYR_44_A_HE1,52.313,-14.304,42.827,-0.871,0.471,0.142
TYR_44_A_HE1,52.923,-12.817,44.198,-0.773,0.479,-0.415
TYR_44_A_HE1,52.934,-12.997,43.816,-0.781,0.608,-0.142
TYR_44_A_HE1,52.779,-13.166,43.417,-0.67,0.728,0.142
TYR_44_A_HE1,52.595,-13.361,43.654,-0.756,0.644,-0.119
TYR_44_A_HE1,52.434,-13.685,43.527,-0.912,0.33,-0.243
TYR_44_A_HE1,52.535,-13.271,44.166,-0.738,0.622,-0.262
TYR_44_A_HE1,52.341,-13.527,44.385,-0.926,0.375,-0.05
TYR_44_A_HE1,52.444,-13.166,44.553,-0.865,0.34,-0.37
TYR_44_A_HE1,52.333,-13.409,44.779,-0.992,0.059,-0.109
TYR_44_A_HE1,52.293,-14.279,43.574,-0.976,0.021,-0.217
TYR_44_A_HE1,52.368,-14.219,43.104,-0.91,0.411,-0.056
TYR_44_A_HE1,52.215,-14.53,42.797,-0.92,0.2,0.337
TYR_44_A_HE1,50.849,-16.279,43.137,0.066,0.871,0.487
TYR_44_A_HE1,52.304,-14.753,43.917,-0.973,-0.219,-0.071
TYR_44_A_HE1,52.524,-13.342,43.976,-0.696,0.696,-0.174
TYR_44_A_HE1,52.268,-13.726,43.976,-0.91,0.377,-0.174
TYR_44_A_HE1,52.178,-14.178,43.976,-0.985,0.0,-0.174
TYR_44_A_HE2,53.537,-13.881,48.443,-0.739,0.157,0.655
TYR_44_A_HE2,53.537,-13.441,48.443,-0.739,-0.157,0.655
TYR_44_A_HE2,53.358,-13.04,48.443,-0.611,-0.444,0.655
TYR_44_A_HE2,53.981,-12.418,48.334,0.548,0.726,0.415
TYR_44_A_HE2,54.4,-12.627,48.334,0.249,0.875,0.415
TYR_44_A_HE2,55.785,-14.286,48.911,0.586,-0.143,0.798
TYR_44_A_HE2,53.832,-13.542,48.845,-0.772,0.026,0.635
TYR_44_A_HE2,53.774,-13.126,48.824,-0.514,-0.106,0.851
TYR_44_A_HE2,54.563,-12.808,48.708,0.074,0.876,0.477
TYR_44_A_HE2,54.214,-12.639,48.538,0.382,0.884,0.27
TYR_44_A_HE2,54.107,-13.331,49.035,-0.464,0.264,0.846
TYR_44_A_HE2,54.389,-13.048,48.986,-0.122,0.607,0.786
TYR_44_A_HE2,54.13,-12.779,48.787,0.255,0.67,0.697
TYR_44_A_HE2,53.708,-12.677,48.855,0.11,0.064,0.992
TYR_44_A_HE2,54.827,-13.906,49.421,-0.0,0.0,1.0
TYR_44_A_HE2,55.237,-13.906,49.349,0.342,0.0,0.94
TYR_44_A_HE2,55.032,-13.551,49.349,0.171,0.296,0.94
TYR_44_A_HE2,54.622,-13.551,49.349,-0.171,0.296,0.94
TYR_44_A_HE2,54.417,-13.906,49.349,-0.342,0.0,0.94
TYR_44_A_HE2,54.622,-14.261,49.349,-0.171,-0.296,0.94
TYR_44_A_HE2,55.032,-14.261,49.349,0.171,-0.296,0.94
TYR_44_A_HE2,54.056,-13.906,49.14,-0.643,0.0,0.766
TYR_44_A_HE2,54.178,-14.323,49.14,-0.541,-0.348,0.766
TYR_44_A_HE2,54.507,-14.608,49.14,-0.267,-0.585,0.766
TYR_44_A_HE2,54.937,-14.669,49.14,0.091,-0.636,0.766
TYR_44_A_HE2,55.332,-14.489,49.14,0.421,-0.486,0.766
TYR_44_A_HE2,55.567,-14.123,49.14,0.617,-0.181,0.766
TYR_44_A_HE2,55.567,-13.689,49.14,0.617,0.181,0.766
TYR_44_A_HE2,55.332,-13.323,49.14,0.421,0.486,0.766
TYR_44_A_HE2,54.937,-13.143,49.14,0.091,0.636,0.766
TYR_44_A_HE2,54.507,-13.204,49.14,-0.267,0.585,0.766
TYR_44_A_HE2,54.178,-13.489,49.14,-0.541,0.348,0.766
TYR_44_A_HE2,55.475,-13.093,48.821,0.54,0.677,0.5
TYR_44_A_HE2,55.058,-12.893,48.821,0.193,0.844,0.5
TYR_44_A_HE2,53.788,-13.906,48.821,-0.866,0.0,0.5
TYR_44_A_HH,51.547,-11.067,45.955,-0.087,0.268,-0.959
TYR_44_A_HH,52.038,-11.136,45.789,-0.437,0.318,-0.841
TYR_44_A_HH,52.134,-11.478,45.528,-0.506,0.562,-0.655
TYR_44_A_HH,51.511,-12.469,46.03,-0.69,-0.307,-0.655
TYR_44_A_HH,51.796,-12.666,45.694,-0.894,-0.167,-0.415
TYR_44_A_HH,53.076,-10.492,45.934,-0.087,0.268,-0.959
TYR_44_A_HH,52.72,-10.837,45.769,0.167,0.514,-0.841
TYR_44_A_HH,53.188,-10.837,45.769,-0.167,0.514,-0.841
TYR_44_A_HH,53.567,-10.562,45.769,-0.437,0.318,-0.841
TYR_44_A_HH,52.844,-11.169,45.508,0.079,0.752,-0.655
TYR_44_A_HH,53.281,-11.123,45.508,-0.234,0.719,-0.655
TYR_44_A_HH,53.662,-10.903,45.508,-0.506,0.562,-0.655
TYR_44_A_HH,53.722,-11.133,45.172,-0.548,0.726,-0.415
TYR_44_A_HH,53.246,-10.681,46.856,0.99,-0.0,0.142
TYR_44_A_HH,53.38,-10.447,46.473,0.894,-0.167,0.415
TYR_44_A_HH,53.38,-10.915,46.473,0.894,0.167,0.415
TYR_44_A_HH,53.549,-11.351,46.473,0.773,0.479,0.415
TYR_44_A_HH,53.574,-10.681,46.138,0.756,-0.0,0.655
TYR_44_A_HH,53.665,-11.111,46.138,0.69,0.307,0.655
TYR_44_A_HH,53.924,-11.467,46.138,0.506,0.562,0.655
TYR_44_A_HH,53.665,-10.251,46.138,0.69,-0.307,0.655
TYR_44_A_HH,53.875,-10.681,45.877,0.541,-0.0,0.841
TYR_44_A_HH,54.019,-11.126,45.877,0.437,0.318,0.841
TYR_44_A_HH,53.185,-10.825,47.124,0.99,-0.0,0.142
TYR_44_A_HH,53.488,-11.496,46.742,0.773,0.479,0.415
TYR_44_A_HH,53.804,-11.842,46.742,0.548,0.726,0.415
TYR_44_A_HH,52.196,-13.092,45.208,-0.894,-0.167,-0.415
TYR_44_A_HH,53.932,-11.8,46.515,0.548,0.726,0.415
TYR_44_A_HH,54.351,-12.009,46.515,0.249,0.875,0.415
TYR_44_A_HH,54.372,-11.79,46.18,0.234,0.719,0.655
TYR_44_A_HH,54.81,-11.836,46.18,-0.079,0.752,0.655
TYR_44_A_HH,52.807,-12.576,44.533,-0.69,0.307,-0.655
TYR_44_A_HH,53.978,-11.544,46.164,0.506,0.562,0.655
TYR_44_A_HH,53.599,-11.418,44.911,-0.506,0.562,-0.655
TYR_44_A_HH,52.974,-12.127,44.722,-0.167,0.514,-0.841
TYR_44_A_HH,53.067,-12.414,44.461,-0.234,0.719,-0.655
TYR_44_A_HH,53.448,-12.194,44.461,-0.506,0.562,-0.655
TYR_44_A_HH,53.707,-11.838,44.461,-0.69,0.307,-0.655
TYR_44_A_HH,53.507,-12.424,44.125,-0.548,0.726,-0.415
TYR_44_A_HH,53.823,-12.078,44.125,-0.773,0.479,-0.415
TYR_44_A_HH,52.885,-12.405,44.554,-0.476,0.509,-0.717
TYR_44_A_HH,52.565,-12.332,44.799,-0.518,0.133,-0.845
TYR_44_A_HH,53.479,-11.707,44.73,-0.49,0.507,-0.71
TYR_44_A_HH,53.056,-11.901,44.815,-0.226,0.353,-0.908
TYR_44_A_HH,53.434,-11.456,44.987,-0.388,0.588,-0.71
TYR_44_A_HH,53.093,-11.41,45.168,-0.138,0.757,-0.639
TYR_44_A_HH,52.486,-12.794,44.714,-0.703,0.281,-0.654
TYR_44_A_HH,52.311,-13.024,44.911,-0.905,0.015,-0.426
TYR_44_A_HH,52.243,-12.628,45.003,-0.721,-0.044,-0.691
TYR_44_A_HH,52.12,-12.899,45.254,-0.84,-0.305,-0.448
TYR_44_A_HH,51.882,-12.881,45.602,-0.83,-0.172,-0.531
TYR_44_A_HH,52.542,-11.311,45.391,-0.259,0.664,-0.701
TYR_44_A_HH,52.223,-11.126,45.677,-0.57,0.31,-0.761
TYR_44_A_HH,52.322,-10.715,45.761,-0.103,0.238,-0.966
TYR_44_A_HH,51.921,-11.832,45.452,-0.653,0.319,-0.687
TYR_44_A_HH,51.764,-12.264,45.568,-0.814,-0.122,-0.568
TYR_44_A_HH,51.54,-11.877,45.736,-0.541,-0.029,-0.84
TYR_44_A_HH,51.456,-12.223,45.931,-0.652,-0.483,-0.585
TYR_44_A_HH,51.89,-12.32,45.371,-0.866,0.0,-0.5
TYR_44_A_HH,52.819,-11.557,45.052,-0.091,0.636,-0.766
TYR_44_A_HH,52.424,-11.737,45.052,-0.421,0.486,-0.766
TYR_44_A_HH,52.189,-12.103,45.052,-0.617,0.181,-0.766
ASN_45_A_C,53.655,-18.339,39.096,-0.507,-0.106,-0.855
ASN_45_A_C,53.767,-17.92,38.929,-0.297,-0.361,-0.884
ASN_45_A_C,53.4,-17.954,39.151,-0.594,-0.389,-0.705
ASN_45_A_O,51.892,-17.922,40.808,-0.282,-0.0,-0.959
ASN_45_A_O,52.11,-18.367,40.643,-0.437,0.318,-0.841
ASN_45_A_O,52.255,-17.922,40.643,-0.541,-0.0,-0.841
ASN_45_A_O,52.556,-17.922,40.382,-0.756,-0.0,-0.655
ASN_45_A_O,52.464,-18.352,40.382,-0.69,0.307,-0.655
ASN_45_A_O,52.581,-18.592,40.047,-0.773,0.479,-0.415
ASN_45_A_O,52.75,-18.156,40.047,-0.894,0.167,-0.415
ASN_45_A_O,52.205,-19.562,40.091,-0.541,-0.0,-0.841
ASN_45_A_O,52.506,-19.562,39.83,-0.756,-0.0,-0.655
ASN_45_A_O,52.415,-19.993,39.83,-0.69,0.307,-0.655
ASN_45_A_O,53.326,-18.499,39.342,-0.541,-0.0,-0.841
ASN_45_A_O,52.883,-18.15,39.732,-0.88,0.041,-0.473
ASN_45_A_O,53.097,-18.266,39.472,-0.643,-0.087,-0.761
ASN_45_A_O,52.858,-18.59,39.662,-0.693,0.243,-0.679
ASN_45_A_O,53.166,-18.703,39.414,-0.426,0.146,-0.893
ASN_45_A_O,52.739,-19.498,39.548,-0.705,0.097,-0.703
ASN_45_A_O,52.379,-19.153,39.979,-0.717,0.177,-0.674
ASN_45_A_O,52.59,-19.291,39.707,-0.756,0.0,-0.655
ASN_45_A_O,52.681,-18.861,39.707,-0.69,0.307,-0.655
ASN_45_A_CB,54.514,-14.49,39.214,-0.167,0.514,-0.841
ASN_45_A_CB,54.892,-14.215,39.214,-0.437,0.318,-0.841
ASN_45_A_CB,53.423,-15.72,38.644,-0.358,0.448,-0.819
ASN_45_A_CB,53.802,-15.859,38.481,-0.102,0.354,-0.93
ASN_45_A_CB,54.137,-16.127,38.41,0.125,0.173,-0.977
ASN_45_A_CB,53.998,-14.774,39.01,-0.009,0.596,-0.803
ASN_45_A_CB,53.662,-15.003,38.904,-0.192,0.471,-0.861
ASN_45_A_CB,53.338,-15.27,38.886,-0.369,0.326,-0.871
ASN_45_A_CB,54.247,-14.955,38.847,0.0,0.623,-0.782
ASN_45_A_CB,55.038,-15.908,38.62,0.416,0.122,-0.901
ASN_45_A_CB,54.787,-15.517,38.62,0.284,0.328,-0.901
ASN_45_A_CB,54.364,-15.324,38.62,0.062,0.429,-0.901
ASN_45_A_CB,53.905,-15.39,38.62,-0.18,0.395,-0.901
ASN_45_A_CB,54.67,-16.14,38.48,0.223,0.0,-0.975
ASN_45_A_CB,54.458,-15.774,38.48,0.111,0.193,-0.975
ASN_45_A_CG,54.674,-13.77,39.379,-0.282,-0.0,-0.959
ASN_45_A_CG,54.402,-14.145,39.379,-0.087,0.268,-0.959
ASN_45_A_CG,54.046,-14.49,39.214,0.167,0.514,-0.841
ASN_45_A_CG,53.752,-13.839,39.502,0.01,0.622,-0.783
ASN_45_A_CG,53.984,-14.202,39.335,0.211,0.309,-0.927
ASN_45_A_CG,52.692,-15.46,39.133,-0.488,0.041,-0.872
ASN_45_A_CG,52.466,-15.674,39.295,-0.635,-0.097,-0.766
ASN_45_A_CG,52.62,-13.28,40.666,-0.473,0.803,-0.362
ASN_45_A_CG,53.091,-13.196,40.472,-0.171,0.857,-0.486
ASN_45_A_CG,53.633,-14.653,39.072,0.04,0.372,-0.927
ASN_45_A_CG,53.301,-14.902,39.009,-0.141,0.236,-0.962
ASN_45_A_CG,52.989,-15.183,39.036,-0.311,0.083,-0.947
ASN_45_A_CG,51.933,-13.739,40.628,-0.462,0.869,-0.176
ASN_45_A_CG,51.952,-13.875,40.228,-0.451,0.783,-0.429
ASN_45_A_CG,51.978,-14.122,39.884,-0.434,0.627,-0.647
ASN_45_A_CG,52.008,-14.456,39.627,-0.415,0.414,-0.81
ASN_45_A_CG,52.041,-14.851,39.479,-0.394,0.164,-0.904
ASN_45_A_CG,52.072,-15.272,39.451,-0.374,-0.103,-0.922
ASN_45_A_CG,52.332,-13.497,40.496,-0.522,0.823,-0.223
ASN_45_A_CG,53.208,-13.353,40.095,-0.061,0.899,-0.434
ASN_45_A_CG,52.752,-13.448,40.095,-0.302,0.849,-0.434
ASN_45_A_CG,52.338,-13.662,40.095,-0.52,0.736,-0.434
ASN_45_A_CG,53.325,-13.576,39.734,0.0,0.782,-0.623
ASN_45_A_CG,52.866,-13.648,39.734,-0.242,0.744,-0.623
ASN_45_A_CG,52.452,-13.859,39.734,-0.46,0.633,-0.623
ASN_45_A_CG,53.325,-13.876,39.434,0.0,0.623,-0.782
ASN_45_A_CG,52.872,-13.967,39.434,-0.239,0.576,-0.782
ASN_45_A_CG,52.487,-14.223,39.434,-0.441,0.441,-0.782
ASN_45_A_CG,52.501,-15.061,39.207,-0.434,0.0,-0.901
ASN_45_A_CG,53.442,-14.245,39.207,0.062,0.429,-0.901
ASN_45_A_CG,52.983,-14.311,39.207,-0.18,0.395,-0.901
ASN_45_A_CG,52.631,-14.615,39.207,-0.365,0.235,-0.901
ASN_45_A_CG,53.114,-14.695,39.067,-0.111,0.193,-0.975
ASN_45_A_OD1,50.695,-16.38,40.784,-0.541,-0.0,-0.841
ASN_45_A_OD1,51.374,-17.014,40.781,-0.087,-0.268,-0.959
ASN_45_A_OD1,51.865,-16.944,40.616,-0.437,-0.318,-0.841
ASN_45_A_OD1,51.486,-16.669,40.616,-0.167,-0.514,-0.841
ASN_45_A_OD1,51.96,-16.602,40.355,-0.506,-0.562,-0.655
ASN_45_A_OD1,51.579,-16.382,40.355,-0.234,-0.719,-0.655
ASN_45_A_OD1,52.02,-16.372,40.02,-0.548,-0.726,-0.415
ASN_45_A_OD1,50.816,-15.3,41.587,-0.848,0.329,0.415
ASN_45_A_OD1,51.915,-15.757,42.862,-0.672,0.613,0.415
ASN_45_A_OD1,52.162,-15.359,42.862,-0.848,0.329,0.415
ASN_45_A_OD1,51.83,-15.521,42.527,-0.611,0.444,0.655
ASN_45_A_OD1,52.009,-15.119,42.527,-0.739,0.157,0.655
ASN_45_A_OD1,51.586,-15.344,42.266,-0.437,0.318,0.841
ASN_45_A_OD1,52.032,-13.639,40.979,-0.541,0.829,-0.142
ASN_45_A_OD1,51.95,-14.266,42.11,-0.611,0.444,0.655
ASN_45_A_OD1,52.058,-14.421,42.373,-0.688,0.555,0.467
ASN_45_A_OD1,51.695,-14.684,42.183,-0.548,0.311,0.776
ASN_45_A_OD1,52.173,-15.942,39.527,-0.574,-0.216,-0.79
ASN_45_A_OD1,52.103,-16.281,39.787,-0.643,-0.551,-0.531
ASN_45_A_OD1,51.831,-15.968,39.761,-0.42,-0.498,-0.759
ASN_45_A_OD1,51.836,-16.304,40.104,-0.417,-0.774,-0.476
ASN_45_A_OD1,51.716,-14.142,41.836,-0.544,0.558,0.627
ASN_45_A_OD1,51.681,-13.92,41.498,-0.574,0.745,0.34
ASN_45_A_OD1,51.772,-13.775,41.13,-0.496,0.868,0.029
ASN_45_A_OD1,51.277,-15.173,42.067,-0.499,0.29,0.817
ASN_45_A_OD1,50.972,-15.16,41.779,-0.775,0.302,0.556
ASN_45_A_OD1,50.965,-15.544,42.074,-0.54,0.593,0.597
ASN_45_A_OD1,50.752,-15.59,41.802,-0.802,0.536,0.262
ASN_45_A_OD1,50.745,-15.235,41.337,-0.946,0.221,0.238
ASN_45_A_OD1,50.698,-15.425,40.888,-0.987,0.056,-0.153
ASN_45_A_OD1,50.843,-15.723,40.526,-0.861,-0.203,-0.467
ASN_45_A_OD1,50.588,-15.671,41.27,-0.909,0.408,-0.077
ASN_45_A_OD1,50.631,-15.888,40.909,-0.861,0.166,-0.482
ASN_45_A_OD1,50.83,-16.17,40.665,-0.637,-0.15,-0.756
ASN_45_A_OD1,50.411,-15.915,41.616,-0.707,0.706,0.038
ASN_45_A_OD1,50.371,-16.074,41.238,-0.753,0.519,-0.403
ASN_45_A_OD1,50.493,-16.325,40.934,-0.611,0.227,-0.758
ASN_45_A_OD1,51.132,-16.014,40.299,-0.641,-0.439,-0.63
ASN_45_A_OD1,51.419,-16.234,40.262,-0.363,-0.652,-0.666
ASN_45_A_OD1,51.323,-16.528,40.54,-0.05,-0.615,-0.787
ASN_45_A_OD1,50.91,-16.664,40.661,-0.246,-0.161,-0.956
ASN_45_A_OD1,51.489,-14.707,42.071,-0.437,0.318,0.841
ASN_45_A_OD1,51.245,-14.53,41.81,-0.611,0.444,0.655
ASN_45_A_OD1,51.066,-14.932,41.81,-0.739,0.157,0.655
ASN_45_A_OD1,51.16,-14.294,41.475,-0.672,0.613,0.415
ASN_45_A_OD1,50.914,-14.692,41.475,-0.848,0.329,0.415
ASN_45_A_OD1,51.544,-13.883,41.092,-0.398,0.906,0.142
ASN_45_A_OD1,51.162,-14.132,41.092,-0.67,0.728,0.142
ASN_45_A_OD1,50.882,-14.492,41.092,-0.871,0.471,0.142
ASN_45_A_OD1,50.734,-14.924,41.092,-0.976,0.163,0.142
ASN_45_A_OD1,50.715,-15.152,40.694,-0.99,0.0,-0.142
ASN_45_A_OD1,51.343,-13.992,40.694,-0.541,0.829,-0.142
ASN_45_A_OD1,51.007,-14.301,40.694,-0.781,0.608,-0.142
ASN_45_A_OD1,50.79,-14.702,40.694,-0.936,0.321,-0.142
ASN_45_A_OD1,51.334,-14.136,40.311,-0.548,0.726,-0.415
ASN_45_A_OD1,51.018,-14.482,40.311,-0.773,0.479,-0.415
ASN_45_A_OD1,50.849,-14.918,40.311,-0.894,0.167,-0.415
ASN_45_A_OD1,50.849,-15.386,40.311,-0.894,-0.167,-0.415
ASN_45_A_OD1,51.043,-15.152,39.976,-0.756,0.0,-0.655
ASN_45_A_OD1,51.134,-15.582,39.976,-0.69,-0.307,-0.655
ASN_45_A_OD1,51.393,-15.938,39.976,-0.506,-0.562,-0.655
ASN_45_A_OD1,51.393,-14.366,39.976,-0.506,0.562,-0.655
ASN_45_A_OD1,51.134,-14.722,39.976,-0.69,0.307,-0.655
ASN_45_A_OD1,51.489,-14.707,39.715,-0.437,0.318,-0.841
ASN_45_A_OD1,51.344,-15.152,39.715,-0.541,0.0,-0.841
ASN_45_A_OD1,51.489,-15.597,39.715,-0.437,-0.318,-0.841
ASN_45_A_OD1,51.707,-15.152,39.55,-0.282,0.0,-0.959
ASN_45_A_ND2,53.83,-13.378,40.095,0.079,0.752,-0.655
ASN_45_A_ND2,54.268,-13.332,40.095,-0.234,0.719,-0.655
ASN_45_A_ND2,54.289,-13.551,39.76,-0.249,0.875,-0.415
ASN_45_A_ND2,54.708,-13.342,39.76,-0.548,0.726,-0.415
ASN_45_A_ND2,54.699,-13.486,39.378,-0.541,0.829,-0.142
ASN_45_A_ND2,55.058,-12.519,40.688,-0.541,0.829,-0.142
ASN_45_A_ND2,54.552,-12.93,40.474,-0.234,0.719,-0.655
ASN_45_A_ND2,54.993,-12.94,40.139,-0.548,0.726,-0.415
ASN_45_A_ND2,54.983,-13.083,39.757,-0.541,0.829,-0.142
ASN_45_A_ND2,54.695,-12.725,40.645,-0.357,0.811,-0.463
ASN_45_A_ND2,54.303,-12.929,40.528,-0.056,0.718,-0.693
ASN_45_A_ND2,53.817,-12.603,41.01,0.101,0.823,-0.559
ASN_45_A_ND2,53.462,-12.759,40.84,-0.171,0.703,-0.69
ASN_45_A_ND2,53.366,-13.194,40.355,-0.184,0.821,-0.541
ASN_45_A_ND2,53.66,-13.283,40.19,-0.002,0.766,-0.643
ASN_45_A_ND2,53.962,-12.919,40.526,0.0,0.756,-0.655
ASN_45_A_ND2,53.528,-13.006,40.526,-0.289,0.698,-0.655
ASN_45_A_HB2,55.77,-15.936,38.811,0.0,-0.0,-1.0
ASN_45_A_HB2,55.046,-14.268,39.134,0.0,-0.0,-1.0
ASN_45_A_HB2,55.44,-14.268,39.077,-0.282,-0.0,-0.959
ASN_45_A_HB2,55.167,-13.893,39.077,-0.087,-0.268,-0.959
ASN_45_A_HB2,55.167,-14.644,39.077,-0.087,0.268,-0.959
ASN_45_A_HB2,54.812,-14.988,38.912,0.167,0.514,-0.841
ASN_45_A_HB2,56.129,-15.315,38.925,-0.087,0.268,-0.959
ASN_45_A_HB2,55.857,-14.891,39.013,-0.087,0.268,-0.959
ASN_45_A_HB2,55.632,-14.421,39.095,0.0,-0.0,-1.0
ASN_45_A_HB2,56.035,-15.923,38.786,-0.19,-0.01,-0.982
ASN_45_A_HB2,55.68,-15.613,38.814,0.146,0.132,-0.98
ASN_45_A_HB2,54.959,-15.261,38.775,0.144,0.418,-0.897
ASN_45_A_HB2,55.149,-15.7,38.69,0.272,0.121,-0.955
ASN_45_A_HB2,55.344,-15.318,38.792,0.171,0.296,-0.94
ASN_45_A_HB3,52.009,-17.389,40.616,-0.541,-0.0,-0.841
ASN_45_A_HB3,52.219,-16.958,40.355,-0.69,-0.307,-0.655
ASN_45_A_HB3,52.335,-16.718,40.02,-0.773,-0.479,-0.415
ASN_45_A_HB3,52.563,-16.939,39.637,-0.936,-0.321,-0.142
ASN_45_A_HB3,52.11,-17.477,40.643,-0.437,-0.318,-0.841
ASN_45_A_HB3,52.464,-17.492,40.382,-0.69,-0.307,-0.655
ASN_45_A_HB3,52.75,-17.688,40.047,-0.894,-0.167,-0.415
ASN_45_A_HB3,52.581,-17.252,40.047,-0.773,-0.479,-0.415
ASN_45_A_HB3,52.808,-17.472,39.664,-0.936,-0.321,-0.142
ASN_45_A_HB3,52.333,-15.811,39.4,-0.541,-0.0,-0.841
ASN_45_A_HB3,53.166,-15.512,38.888,-0.437,0.318,-0.841
ASN_45_A_HB3,53.277,-17.713,39.082,-0.506,-0.562,-0.655
ASN_45_A_HB3,53.821,-17.526,38.705,-0.032,-0.564,-0.825
ASN_45_A_HB3,53.445,-17.604,38.863,-0.357,-0.631,-0.689
ASN_45_A_HB3,52.84,-17.43,39.396,-0.849,-0.474,-0.233
ASN_45_A_HB3,53.071,-17.554,39.115,-0.624,-0.595,-0.507
ASN_45_A_HB3,53.004,-17.837,39.449,-0.798,-0.295,-0.526
ASN_45_A_HB3,53.264,-17.932,39.24,-0.497,-0.405,-0.768
ASN_45_A_HB3,52.877,-15.854,38.913,-0.62,0.323,-0.715
ASN_45_A_HB3,52.578,-16.326,39.123,-0.863,0.058,-0.501
ASN_45_A_HB3,52.505,-16.677,39.394,-0.93,-0.268,-0.25
ASN_45_A_HB3,52.355,-16.303,39.467,-0.795,-0.259,-0.548
ASN_45_A_HB3,52.359,-16.598,39.769,-0.791,-0.564,-0.237
ASN_45_A_HB3,52.629,-17.026,39.271,-0.91,-0.377,-0.174
ASN_45_A_HB3,52.682,-16.574,38.879,-0.866,0.0,-0.5
ASN_45_A_HB3,52.785,-17.025,38.879,-0.78,-0.376,-0.5
ASN_45_A_HB3,53.073,-17.387,38.879,-0.54,-0.677,-0.5
ASN_45_A_HB3,53.216,-15.991,38.56,-0.421,0.486,-0.766
ASN_45_A_HB3,52.981,-16.357,38.56,-0.617,0.181,-0.766
ASN_45_A_HB3,52.981,-16.791,38.56,-0.617,-0.181,-0.766
ASN_45_A_HB3,53.216,-17.157,38.56,-0.421,-0.486,-0.766
ASN_45_A_HB3,53.611,-17.337,38.56,-0.091,-0.636,-0.766
ASN_45_A_HB3,53.311,-16.574,38.351,-0.342,0.0,-0.94
ASN_45_A_HB3,53.516,-16.929,38.351,-0.171,-0.296,-0.94
ASN_45_A_HB3,53.926,-16.929,38.351,0.171,-0.296,-0.94
ASN_45_A_HB3,54.131,-16.574,38.351,0.342,-0.0,-0.94
ASN_45_A_HB3,53.926,-16.219,38.351,0.171,0.296,-0.94
ASN_45_A_HB3,53.516,-16.219,38.351,-0.171,0.296,-0.94
ASN_45_A_HD22,52.461,-13.872,42.827,-0.976,0.163,0.142
ASN_45_A_HD22,52.367,-13.644,42.445,-0.91,-0.0,0.415
ASN_45_A_HD22,52.281,-14.104,42.445,-0.848,0.329,0.415
ASN_45_A_HD22,52.782,-13.004,43.035,-0.672,0.613,0.415
ASN_45_A_HD22,53.498,-12.568,43.743,-0.541,0.829,-0.142
ASN_45_A_HD22,53.834,-12.259,43.743,-0.781,0.608,-0.142
ASN_45_A_HD22,53.297,-12.676,43.345,-0.398,0.906,0.142
ASN_45_A_HD22,53.679,-12.427,43.345,-0.67,0.728,0.142
ASN_45_A_HD22,53.308,-12.547,42.962,-0.405,0.814,0.415
ASN_45_A_HD22,53.178,-13.002,40.709,-0.234,0.719,-0.655
ASN_45_A_HD22,54.183,-12.627,41.07,0.084,0.906,-0.415
ASN_45_A_HD22,54.649,-12.584,41.07,-0.249,0.875,-0.415
ASN_45_A_HD22,54.542,-12.44,41.755,0.084,0.906,-0.415
ASN_45_A_HD22,54.545,-12.553,41.373,0.082,0.986,-0.142
ASN_45_A_HD22,55.0,-12.515,41.373,-0.243,0.96,-0.142
ASN_45_A_HD22,55.216,-12.441,40.974,-0.398,0.906,0.142
ASN_45_A_HD22,53.921,-12.06,43.008,-0.69,0.722,0.057
ASN_45_A_HD22,54.196,-11.944,42.638,-0.381,0.852,-0.358
ASN_45_A_HD22,53.795,-12.124,42.59,-0.375,0.927,0.013
ASN_45_A_HD22,54.116,-12.126,42.244,-0.01,0.925,-0.381
ASN_45_A_HD22,53.376,-12.278,42.564,-0.301,0.877,0.374
ASN_45_A_HD22,53.677,-12.151,42.159,-0.011,1.0,-0.016
ASN_45_A_HD22,54.273,-12.194,42.087,0.076,0.876,-0.477
ASN_45_A_HD22,54.118,-12.335,41.734,0.387,0.831,-0.4
ASN_45_A_HD22,52.624,-13.052,42.832,-0.776,0.423,0.468
ASN_45_A_HD22,52.462,-13.375,42.705,-0.933,0.109,0.344
ASN_45_A_HD22,52.576,-13.389,43.173,-0.907,0.404,0.121
ASN_45_A_HD22,52.492,-13.712,43.049,-0.999,0.049,-0.016
ASN_45_A_HD22,52.554,-13.044,41.122,-0.693,0.532,-0.486
ASN_45_A_HD22,52.931,-12.929,40.886,-0.389,0.626,-0.676
ASN_45_A_HD22,52.949,-12.652,42.838,-0.522,0.685,0.508
ASN_45_A_HD22,52.975,-12.85,43.196,-0.81,0.503,0.3
ASN_45_A_HD22,52.236,-13.522,42.174,-0.915,0.115,0.386
ASN_45_A_HD22,52.203,-13.313,41.855,-0.946,0.311,0.085
ASN_45_A_HD22,52.289,-13.177,41.508,-0.865,0.44,-0.241
ASN_45_A_HD22,51.998,-13.656,41.66,-0.8,0.556,0.224
ASN_45_A_HD22,52.163,-13.491,41.164,-0.634,0.723,-0.275
ASN_45_A_HD22,52.789,-12.521,42.543,-0.54,0.677,0.5
ASN_45_A_HD22,52.501,-12.883,42.543,-0.78,0.376,0.5
ASN_45_A_HD22,52.985,-12.242,42.151,-0.377,0.91,0.174
ASN_45_A_HD22,52.601,-12.498,42.151,-0.696,0.696,0.174
ASN_45_A_HD22,52.345,-12.882,42.151,-0.91,0.377,0.174
ASN_45_A_HD22,53.437,-12.152,41.735,0.0,0.985,-0.174
ASN_45_A_HD22,52.985,-12.242,41.735,-0.377,0.91,-0.174
ASN_45_A_HD22,52.601,-12.498,41.735,-0.696,0.696,-0.174
ASN_45_A_HD22,52.345,-12.882,41.735,-0.91,0.377,-0.174
ASN_45_A_HD22,53.668,-12.321,41.343,0.193,0.844,-0.5
ASN_45_A_HD22,53.206,-12.321,41.343,-0.193,0.844,-0.5
ASN_45_A_HD22,52.789,-12.521,41.343,-0.54,0.677,-0.5
ASN_45_A_HD22,52.501,-12.883,41.343,-0.78,0.376,-0.5
ASN_45_A_HD22,53.327,-12.571,41.024,-0.091,0.636,-0.766
GLU_46_A_C,57.252,-22.395,41.461,0.67,-0.728,-0.142
GLU_46_A_C,57.097,-22.563,41.062,0.781,-0.608,0.142
GLU_46_A_C,56.995,-22.516,39.64,0.398,-0.906,-0.142
GLU_46_A_C,56.872,-22.548,39.434,0.343,-0.934,-0.104
GLU_46_A_C,56.792,-22.675,39.829,0.543,-0.793,-0.277
GLU_46_A_C,56.464,-22.646,39.167,0.21,-0.968,-0.139
GLU_46_A_C,56.524,-22.745,39.625,0.444,-0.825,-0.349
GLU_46_A_C,56.868,-22.844,41.108,0.74,-0.671,-0.042
GLU_46_A_C,56.46,-23.151,40.973,0.477,-0.869,-0.129
GLU_46_A_C,57.028,-22.664,40.28,0.572,-0.804,-0.162
GLU_46_A_C,57.164,-22.57,40.718,0.658,-0.744,0.115
GLU_46_A_C,55.871,-23.155,39.834,0.435,-0.774,-0.46
GLU_46_A_C,55.897,-23.317,40.299,0.451,-0.877,-0.166
GLU_46_A_C,56.277,-23.22,40.708,0.355,-0.935,0.0
GLU_46_A_C,56.682,-23.007,40.708,0.568,-0.823,0.0
GLU_46_A_C,56.392,-23.119,40.285,0.415,-0.882,-0.223
GLU_46_A_C,56.784,-22.87,40.285,0.621,-0.751,-0.223
GLU_46_A_C,56.391,-22.963,39.884,0.415,-0.8,-0.434
GLU_46_A_O,54.69,-23.843,40.164,0.405,-0.814,-0.415
GLU_46_A_O,54.316,-24.125,40.164,0.672,-0.613,-0.415
GLU_46_A_O,54.701,-23.714,39.782,0.398,-0.906,-0.142
GLU_46_A_O,54.869,-23.885,40.456,0.405,-0.814,-0.415
GLU_46_A_O,55.441,-22.878,39.101,0.405,-0.814,-0.415
GLU_46_A_O,55.067,-23.16,39.101,0.672,-0.613,-0.415
GLU_46_A_O,55.452,-22.749,38.719,0.398,-0.906,-0.142
GLU_46_A_O,55.521,-23.766,41.102,0.672,-0.613,-0.415
GLU_46_A_O,55.905,-23.355,40.72,0.398,-0.906,-0.142
GLU_46_A_O,55.523,-23.604,40.72,0.67,-0.728,-0.142
GLU_46_A_O,55.797,-22.881,39.376,0.405,-0.814,-0.415
GLU_46_A_O,55.341,-23.684,40.453,0.478,-0.847,-0.232
GLU_46_A_O,55.381,-23.822,40.907,0.772,-0.573,-0.276
GLU_46_A_O,55.178,-24.208,41.037,0.595,-0.473,-0.65
GLU_46_A_O,55.183,-23.359,39.481,0.51,-0.693,-0.51
GLU_46_A_O,55.008,-23.584,39.729,0.363,-0.882,-0.302
GLU_46_A_O,54.809,-23.581,39.303,0.659,-0.727,-0.194
GLU_46_A_O,54.611,-23.742,39.534,0.462,-0.886,0.034
GLU_46_A_O,55.387,-23.619,40.236,0.398,-0.906,-0.142
GLU_46_A_O,55.398,-23.49,39.853,0.405,-0.814,-0.415
GLU_46_A_CB,57.211,-22.442,39.242,0.243,-0.96,0.142
GLU_46_A_CB,57.764,-22.401,39.251,-0.082,-0.986,0.142
GLU_46_A_CB,59.037,-20.301,40.419,0.894,-0.167,0.415
GLU_46_A_CB,59.581,-19.749,40.084,0.506,-0.562,0.655
GLU_46_A_CB,59.322,-20.104,40.084,0.69,-0.307,0.655
GLU_46_A_CG,57.767,-22.513,38.868,-0.084,-0.906,0.415
GLU_46_A_CG,58.171,-22.685,38.754,-0.373,-0.783,0.497
GLU_46_A_CG,57.808,-22.696,38.517,-0.132,-0.918,0.374
GLU_46_A_CG,57.351,-22.758,38.308,0.041,-0.907,0.418
GLU_46_A_CG,57.346,-22.543,38.799,0.004,-0.937,0.35
GLU_46_A_CG,57.198,-22.455,39.185,0.252,-0.95,0.183
GLU_46_A_CG,57.516,-22.631,38.625,-0.061,-0.899,0.434
GLU_46_A_CD,60.955,-20.327,38.807,0.837,-0.547,0.02
GLU_46_A_CD,60.87,-20.497,38.386,0.989,-0.129,-0.078
GLU_46_A_CD,60.869,-20.792,38.104,0.989,0.082,0.123
GLU_46_A_CD,60.807,-20.995,38.376,0.942,-0.069,0.327
GLU_46_A_CD,60.933,-21.06,37.969,0.967,0.122,0.223
GLU_46_A_OE1,58.302,-22.977,37.934,-0.398,-0.906,0.142
GLU_46_A_OE1,58.591,-22.924,38.868,-0.672,-0.613,0.415
GLU_46_A_OE1,58.217,-22.642,38.868,-0.405,-0.814,0.415
GLU_46_A_OE1,59.73,-20.86,39.415,0.541,-0.0,0.841
GLU_46_A_OE1,59.874,-21.305,39.415,0.437,0.318,0.841
GLU_46_A_OE1,60.092,-20.86,39.25,0.282,-0.0,0.959
GLU_46_A_OE1,60.365,-20.485,39.25,0.087,-0.268,0.959
GLU_46_A_OE1,60.741,-21.092,38.635,0.99,-0.0,0.142
GLU_46_A_OE1,60.816,-20.642,38.635,0.936,-0.321,0.142
GLU_46_A_OE1,60.588,-20.752,39.201,-0.072,-0.077,0.994
GLU_46_A_OE1,60.612,-21.183,39.093,0.715,-0.137,0.685
GLU_46_A_OE1,60.587,-21.572,39.121,0.733,0.14,0.665
GLU_46_A_OE1,60.141,-21.368,39.335,0.247,0.362,0.899
GLU_46_A_OE1,60.901,-21.526,38.219,0.973,0.145,0.178
GLU_46_A_OE1,58.734,-22.804,39.213,-0.468,-0.709,0.528
GLU_46_A_OE1,59.078,-22.704,39.489,-0.177,-0.624,0.761
GLU_46_A_OE1,59.408,-22.448,39.663,0.102,-0.408,0.907
GLU_46_A_OE1,59.669,-22.08,39.703,0.323,-0.097,0.942
GLU_46_A_OE1,59.815,-21.663,39.604,0.446,0.255,0.858
GLU_46_A_OE1,58.635,-22.519,39.603,-0.133,-0.867,0.48
GLU_46_A_OE1,58.948,-22.354,39.812,0.182,-0.701,0.69
GLU_46_A_OE1,59.223,-22.065,39.911,0.457,-0.411,0.789
GLU_46_A_OE1,59.411,-21.701,39.884,0.646,-0.046,0.762
GLU_46_A_OE1,59.482,-21.325,39.735,0.717,0.332,0.613
GLU_46_A_OE1,58.472,-22.954,38.613,-0.606,-0.734,0.305
GLU_46_A_OE1,58.508,-23.066,38.264,-0.584,-0.808,0.077
GLU_46_A_OE1,59.989,-22.148,39.615,0.282,0.0,0.959
GLU_46_A_OE1,59.717,-22.523,39.615,0.087,-0.268,0.959
GLU_46_A_OE1,59.361,-22.868,39.45,-0.167,-0.514,0.841
GLU_46_A_OE1,59.829,-22.868,39.45,0.167,-0.514,0.841
GLU_46_A_OE1,60.207,-22.593,39.45,0.437,-0.318,0.841
GLU_46_A_OE1,60.352,-22.148,39.45,0.541,0.0,0.841
GLU_46_A_OE1,60.207,-21.703,39.45,0.437,0.318,0.841
GLU_46_A_OE1,60.653,-22.148,39.189,0.756,0.0,0.655
GLU_46_A_OE1,59.066,-23.064,39.189,-0.378,-0.654,0.655
GLU_46_A_OE1,59.484,-23.2,39.189,-0.079,-0.752,0.655
GLU_46_A_OE1,59.922,-23.154,39.189,0.234,-0.719,0.655
GLU_46_A_OE1,60.303,-22.934,39.189,0.506,-0.562,0.655
GLU_46_A_OE1,60.562,-22.578,39.189,0.69,-0.307,0.655
GLU_46_A_OE1,58.654,-23.006,38.854,-0.672,-0.613,0.415
GLU_46_A_OE1,59.027,-23.288,38.854,-0.405,-0.814,0.415
GLU_46_A_OE1,59.477,-23.416,38.854,-0.084,-0.906,0.415
GLU_46_A_OE1,59.944,-23.373,38.854,0.249,-0.875,0.415
GLU_46_A_OE1,60.362,-23.164,38.854,0.548,-0.726,0.415
GLU_46_A_OE1,60.678,-22.818,38.854,0.773,-0.479,0.415
GLU_46_A_OE1,60.847,-22.382,38.854,0.894,-0.167,0.415
GLU_46_A_OE1,60.847,-21.914,38.854,0.894,0.167,0.415
GLU_46_A_OE1,60.981,-22.148,38.471,0.99,0.0,0.142
GLU_46_A_OE1,60.906,-21.698,38.471,0.936,0.321,0.142
GLU_46_A_OE1,58.656,-23.168,38.471,-0.67,-0.728,0.142
GLU_46_A_OE1,59.038,-23.417,38.471,-0.398,-0.906,0.142
GLU_46_A_OE1,59.481,-23.529,38.471,-0.082,-0.986,0.142
GLU_46_A_OE1,59.935,-23.491,38.471,0.243,-0.96,0.142
GLU_46_A_OE1,60.353,-23.308,38.471,0.541,-0.829,0.142
GLU_46_A_OE1,60.689,-22.999,38.471,0.781,-0.608,0.142
GLU_46_A_OE1,60.906,-22.598,38.471,0.936,-0.321,0.142
GLU_46_A_OE1,58.837,-23.308,38.073,-0.541,-0.829,-0.142
GLU_46_A_OE1,59.255,-23.491,38.073,-0.243,-0.96,-0.142
GLU_46_A_OE1,59.709,-23.529,38.073,0.082,-0.986,-0.142
GLU_46_A_OE1,60.152,-23.417,38.073,0.398,-0.906,-0.142
GLU_46_A_OE1,60.534,-23.168,38.073,0.67,-0.728,-0.142
GLU_46_A_OE1,60.814,-22.808,38.073,0.871,-0.471,-0.142
GLU_46_A_OE1,60.962,-22.376,38.073,0.976,-0.163,-0.142
GLU_46_A_OE2,60.898,-20.133,38.413,0.91,-0.0,-0.415
GLU_46_A_HB3,57.433,-22.254,41.062,0.541,-0.829,0.142
GLU_46_A_HB3,57.842,-22.19,40.68,0.249,-0.875,0.415
GLU_46_A_HB3,57.574,-22.383,39.832,0.082,-0.986,-0.142
GLU_46_A_HB3,57.132,-22.495,39.832,0.398,-0.906,-0.142
GLU_46_A_HB3,57.973,-21.467,41.32,0.69,-0.307,0.655
GLU_46_A_HB3,58.462,-20.675,41.306,0.506,-0.562,0.655
GLU_46_A_HB3,58.203,-21.031,41.306,0.69,-0.307,0.655
GLU_46_A_HB3,57.847,-22.384,39.398,-0.082,-0.986,0.142
GLU_46_A_HB3,58.951,-20.138,40.843,0.936,-0.321,0.142
GLU_46_A_HB3,59.01,-20.822,40.461,0.894,0.167,0.415
GLU_46_A_HB3,59.41,-20.262,39.921,0.69,-0.307,0.655
GLU_46_A_HB3,59.235,-20.626,40.011,0.894,-0.167,0.415
GLU_46_A_HB3,59.235,-21.094,40.011,0.894,0.167,0.415
GLU_46_A_HB3,59.428,-20.86,39.676,0.756,-0.0,0.655
GLU_46_A_HB3,59.52,-21.291,39.676,0.69,0.307,0.655
GLU_46_A_HB3,59.779,-20.074,39.676,0.506,-0.562,0.655
GLU_46_A_HB3,59.52,-20.43,39.676,0.69,-0.307,0.655
GLU_46_A_HB3,59.874,-20.415,39.415,0.437,-0.318,0.841
GLU_46_A_HB3,58.839,-20.524,40.923,0.91,-0.244,0.335
GLU_46_A_HB3,58.632,-20.689,41.147,0.659,-0.444,0.607
GLU_46_A_HB3,58.802,-20.972,40.826,0.766,-0.099,0.635
GLU_46_A_HB3,58.507,-21.119,41.038,0.473,-0.245,0.846
GLU_46_A_HB3,58.188,-22.412,39.772,-0.078,-0.989,0.129
GLU_46_A_HB3,58.513,-22.318,40.032,0.227,-0.9,0.373
GLU_46_A_HB3,58.824,-22.077,40.196,0.519,-0.673,0.526
GLU_46_A_HB3,59.07,-21.73,40.234,0.75,-0.347,0.562
GLU_46_A_HB3,59.208,-21.337,40.141,0.88,0.022,0.475
GLU_46_A_HB3,58.067,-22.062,40.791,0.309,-0.776,0.549
GLU_46_A_HB3,58.227,-21.739,40.999,0.47,-0.45,0.759
GLU_46_A_HB3,57.856,-21.931,41.167,0.628,-0.616,0.475
GLU_46_A_HB3,57.929,-21.611,41.311,0.722,-0.205,0.661
GLU_46_A_HB3,57.537,-22.147,41.389,0.688,-0.716,0.123
GLU_46_A_HB3,57.674,-21.869,41.567,0.865,-0.357,0.353
GLU_46_A_HB3,57.731,-22.392,40.041,0.071,-0.997,0.008
GLU_46_A_HB3,57.846,-22.312,40.416,0.17,-0.928,0.331
GLU_46_A_HB3,57.423,-22.451,40.362,0.386,-0.919,0.078
GLU_46_A_HB3,57.53,-22.298,40.734,0.472,-0.797,0.377
GLU_46_A_HB3,58.504,-21.781,40.835,0.421,-0.486,0.766
GLU_46_A_HB3,58.739,-21.415,40.835,0.617,-0.181,0.766
GLU_46_A_HB3,59.038,-21.198,40.516,0.866,0.0,0.5
GLU_46_A_HB3,58.23,-22.211,40.516,0.193,-0.844,0.5
GLU_46_A_HB3,58.647,-22.011,40.516,0.54,-0.677,0.5
GLU_46_A_HB3,58.935,-21.649,40.516,0.78,-0.376,0.5
GLU_46_A_HB3,57.999,-22.38,40.124,-0.0,-0.985,0.174
GLU_46_A_HG2,55.894,-22.637,38.719,0.082,-0.986,-0.142
GLU_46_A_HG2,56.25,-22.64,38.993,0.082,-0.986,-0.142
GLU_46_A_HG2,56.479,-22.64,38.595,-0.082,-0.986,0.142
GLU_46_A_HG2,56.806,-22.558,38.938,0.243,-0.96,0.142
GLU_46_A_HG2,57.263,-22.633,38.555,-0.084,-0.906,0.415
GLU_46_A_HG2,57.86,-22.865,37.934,-0.082,-0.986,0.142
GLU_46_A_HG2,56.811,-22.722,38.403,-0.038,-0.913,0.406
GLU_46_A_HG2,56.788,-22.58,38.842,0.255,-0.944,0.21
ALA_47_A_CA,57.48,-22.174,41.833,0.897,-0.442,-0.001
ALA_47_A_CA,57.563,-21.809,41.998,0.983,-0.063,0.17
ALA_47_A_CA,57.324,-22.561,42.043,0.84,-0.42,-0.345
ALA_47_A_CA,57.52,-22.164,42.298,0.975,-0.146,-0.169
ALA_47_A_CA,57.648,-22.123,42.803,0.946,-0.077,-0.316
ALA_47_A_CA,57.623,-22.478,42.961,0.93,-0.293,-0.22
ALA_47_A_CA,57.531,-22.781,43.185,0.874,-0.479,-0.083
ALA_47_A_CA,57.468,-22.778,42.62,0.906,-0.359,-0.223
ALA_47_A_CA,57.584,-22.328,42.62,0.967,-0.122,-0.223
ALA_47_A_C,53.944,-20.831,44.564,-0.167,0.514,0.841
ALA_47_A_C,54.125,-22.409,45.157,-0.288,-0.154,0.945
ALA_47_A_C,54.088,-21.854,45.132,-0.311,0.197,0.93
ALA_47_A_C,54.095,-21.241,44.899,-0.283,0.479,0.831
ALA_47_A_C,53.751,-22.879,45.004,-0.117,-0.069,0.991
ALA_47_A_C,53.442,-22.744,44.939,-0.313,0.016,0.95
ALA_47_A_C,53.679,-21.112,44.723,-0.096,0.51,0.855
ALA_47_A_C,53.46,-20.816,44.558,0.179,0.504,0.845
ALA_47_A_C,53.292,-22.092,44.93,-0.26,-0.047,0.964
ALA_47_A_C,53.468,-21.577,44.904,-0.147,0.283,0.948
ALA_47_A_C,52.987,-21.7,44.912,0.089,0.02,0.996
ALA_47_A_C,53.109,-21.251,44.797,0.19,0.391,0.901
ALA_47_A_C,53.799,-22.208,45.097,-0.223,0.0,0.975
ALA_47_A_C,53.88,-21.458,44.957,-0.18,0.395,0.901
ALA_47_A_O,52.924,-24.348,44.472,-0.228,-0.166,0.959
ALA_47_A_O,52.483,-24.205,44.472,0.087,-0.268,0.959
ALA_47_A_O,52.777,-23.229,44.673,-0.541,-0.0,0.841
ALA_47_A_O,51.898,-23.604,44.508,0.087,0.268,0.959
ALA_47_A_O,52.339,-23.461,44.508,-0.228,0.166,0.959
ALA_47_A_O,52.339,-22.997,44.508,-0.228,-0.166,0.959
ALA_47_A_O,53.038,-22.385,44.811,-0.228,-0.166,0.959
ALA_47_A_O,53.892,-24.248,44.68,0.087,-0.268,0.959
ALA_47_A_O,54.196,-22.89,45.054,-0.228,-0.166,0.959
ALA_47_A_O,54.593,-23.532,44.783,0.167,-0.514,0.841
ALA_47_A_O,54.432,-24.252,44.618,0.282,-0.0,0.959
ALA_47_A_O,54.705,-24.627,44.618,0.087,0.268,0.959
ALA_47_A_O,55.146,-24.02,44.618,-0.228,-0.166,0.959
ALA_47_A_O,54.705,-23.877,44.618,0.087,-0.268,0.959
ALA_47_A_O,54.528,-24.618,44.643,0.213,0.261,0.942
ALA_47_A_O,54.265,-24.322,44.655,0.108,-0.07,0.992
ALA_47_A_O,54.296,-23.917,44.709,0.379,-0.239,0.894
ALA_47_A_O,54.478,-23.142,45.041,-0.116,-0.441,0.89
ALA_47_A_O,54.16,-23.374,44.951,0.111,-0.275,0.955
ALA_47_A_O,53.962,-23.086,45.0,-0.06,-0.026,0.998
ALA_47_A_O,53.5,-24.113,44.729,-0.148,-0.348,0.926
ALA_47_A_O,53.208,-24.511,44.554,-0.431,-0.049,0.901
ALA_47_A_O,52.929,-22.951,44.77,-0.404,0.008,0.915
ALA_47_A_O,52.848,-22.535,44.762,-0.092,-0.058,0.994
ALA_47_A_O,52.884,-23.627,44.715,-0.361,-0.181,0.915
ALA_47_A_O,52.462,-23.592,44.573,-0.316,0.26,0.913
ALA_47_A_O,52.218,-23.912,44.605,0.114,0.023,0.993
ALA_47_A_O,53.693,-23.247,45.006,-0.0,0.0,1.0
ALA_47_A_O,53.374,-23.015,44.949,-0.228,0.166,0.959
ALA_47_A_O,53.374,-23.479,44.949,-0.228,-0.166,0.959
ALA_47_A_O,53.815,-23.622,44.949,0.087,-0.268,0.959
ALA_47_A_O,52.936,-23.247,44.784,-0.541,0.0,0.841
ALA_47_A_CB,54.65,-20.454,44.665,-0.611,0.444,0.655
ALA_47_A_CB,56.074,-24.063,44.479,0.437,-0.318,0.841
ALA_47_A_CB,56.805,-23.406,44.364,0.541,-0.829,0.142
ALA_47_A_CB,57.716,-19.741,45.023,0.609,-0.106,0.786
ALA_47_A_CB,57.387,-19.594,45.187,0.244,0.057,0.968
ALA_47_A_CB,57.455,-20.011,45.219,0.511,0.214,0.833
ALA_47_A_CB,57.061,-19.836,45.308,0.147,0.376,0.915
ALA_47_A_CB,57.607,-20.423,45.258,0.687,0.382,0.619
ALA_47_A_CB,57.17,-20.228,45.476,0.399,0.51,0.762
ALA_47_A_CB,57.44,-23.006,43.838,0.699,-0.708,-0.1
ALA_47_A_CB,57.185,-23.218,44.096,0.544,-0.837,0.058
ALA_47_A_CB,57.188,-23.276,43.711,0.727,-0.665,0.171
ALA_47_A_CB,56.917,-23.438,43.919,0.522,-0.788,0.328
ALA_47_A_CB,55.345,-20.236,45.36,-0.581,0.464,0.669
ALA_47_A_CB,55.765,-20.161,45.56,-0.297,0.515,0.804
ALA_47_A_CB,56.225,-20.059,45.572,0.014,0.583,0.812
ALA_47_A_CB,56.461,-23.057,45.458,0.257,-0.855,0.45
ALA_47_A_CB,56.675,-22.745,45.755,0.401,-0.644,0.651
ALA_47_A_CB,56.713,-22.341,46.012,0.427,-0.371,0.825
ALA_47_A_CB,56.567,-21.916,46.184,0.328,-0.083,0.941
ALA_47_A_CB,56.265,-21.546,46.239,0.124,0.167,0.978
ALA_47_A_CB,55.859,-21.297,46.168,-0.15,0.335,0.93
ALA_47_A_CB,55.423,-21.214,45.983,-0.445,0.391,0.806
ALA_47_A_CB,55.034,-21.311,45.718,-0.708,0.325,0.626
ALA_47_A_CB,56.712,-23.361,44.716,0.384,-0.853,0.353
ALA_47_A_CB,56.292,-23.619,44.65,0.282,-0.634,0.72
ALA_47_A_CB,56.265,-23.989,44.392,0.703,-0.404,0.585
ALA_47_A_CB,55.013,-20.323,45.053,-0.736,0.421,0.531
ALA_47_A_CB,55.11,-19.911,44.958,-0.652,0.199,0.731
ALA_47_A_CB,54.701,-21.042,45.206,-0.716,0.337,0.612
ALA_47_A_CB,54.428,-20.912,44.844,-0.513,0.572,0.641
ALA_47_A_CB,56.759,-21.513,46.168,0.223,0.0,0.975
ALA_47_A_CB,56.547,-21.147,46.168,0.111,0.193,0.975
ALA_47_A_CB,56.125,-21.147,46.168,-0.111,0.193,0.975
ALA_47_A_CB,56.876,-22.136,46.028,0.284,-0.328,0.901
ALA_47_A_CB,57.127,-21.745,46.028,0.416,-0.122,0.901
ALA_47_A_CB,57.127,-21.281,46.028,0.416,0.122,0.901
ALA_47_A_CB,56.876,-20.89,46.028,0.284,0.328,0.901
ALA_47_A_CB,56.453,-20.697,46.028,0.062,0.429,0.901
ALA_47_A_CB,55.994,-20.763,46.028,-0.18,0.395,0.901
ALA_47_A_CB,57.521,-21.513,45.801,0.623,0.0,0.782
ALA_47_A_CB,57.43,-21.06,45.801,0.576,0.239,0.782
ALA_47_A_CB,57.174,-20.675,45.801,0.441,0.441,0.782
ALA_47_A_CB,56.789,-20.419,45.801,0.239,0.576,0.782
ALA_47_A_CB,56.336,-20.328,45.801,0.0,0.623,0.782
ALA_47_A_CB,55.883,-20.419,45.801,-0.239,0.576,0.782
ALA_47_A_CB,55.498,-20.675,45.801,-0.441,0.441,0.782
ALA_47_A_CB,57.174,-22.351,45.801,0.441,-0.441,0.782
ALA_47_A_CB,57.43,-21.966,45.801,0.576,-0.239,0.782
ALA_47_A_CB,56.795,-22.926,45.501,0.242,-0.744,0.623
ALA_47_A_CB,57.209,-22.715,45.501,0.46,-0.633,0.623
ALA_47_A_CB,57.538,-22.386,45.501,0.633,-0.46,0.623
ALA_47_A_CB,57.749,-21.054,45.501,0.744,0.242,0.623
ALA_47_A_CB,57.538,-20.64,45.501,0.633,0.46,0.623
ALA_47_A_CB,55.134,-20.64,45.501,-0.633,0.46,0.623
ALA_47_A_CB,54.923,-21.054,45.501,-0.744,0.242,0.623
ALA_47_A_CB,56.684,-23.189,45.14,0.183,-0.882,0.434
ALA_47_A_CB,57.124,-23.033,45.14,0.415,-0.8,0.434
ALA_47_A_CB,57.504,-22.764,45.14,0.615,-0.658,0.434
ALA_47_A_CB,57.125,-23.189,44.739,0.415,-0.882,0.223
ALA_47_A_CB,57.517,-22.94,44.739,0.621,-0.751,0.223
ALA_47_A_CB,57.415,-23.077,44.316,0.568,-0.823,0.0
ALA_47_A_H,57.728,-21.222,42.469,0.871,-0.471,-0.142
ALA_47_A_H,57.58,-21.653,42.469,0.976,-0.163,-0.142
ALA_47_A_H,57.629,-21.448,42.037,0.936,-0.321,0.142
ALA_47_A_H,57.857,-21.227,41.655,0.773,-0.479,0.415
ALA_47_A_H,57.688,-21.663,41.655,0.894,-0.167,0.415
ALA_47_A_H,58.076,-20.61,42.023,0.781,-0.608,0.142
ALA_47_A_H,58.087,-20.791,41.641,0.773,-0.479,0.415
ALA_47_A_H,58.218,-20.41,42.634,0.67,-0.728,-0.142
ALA_47_A_H,57.938,-20.77,42.634,0.871,-0.471,-0.142
ALA_47_A_H,58.063,-20.578,42.236,0.781,-0.608,0.142
ALA_47_A_HA,56.469,-24.55,42.732,0.611,-0.444,-0.655
ALA_47_A_HA,56.384,-24.314,42.396,0.672,-0.613,-0.415
ALA_47_A_HA,56.053,-24.122,41.933,0.437,-0.318,-0.841
ALA_47_A_HA,56.137,-23.651,41.672,0.378,-0.654,-0.655
ALA_47_A_HA,55.81,-23.945,41.672,0.611,-0.444,-0.655
ALA_47_A_HA,56.098,-23.427,41.337,0.405,-0.814,-0.415
ALA_47_A_HA,55.725,-23.709,41.337,0.672,-0.613,-0.415
ALA_47_A_HA,56.109,-23.298,40.954,0.398,-0.906,-0.142
ALA_47_A_HA,56.999,-22.961,41.841,0.848,-0.329,-0.415
ALA_47_A_HA,56.968,-22.761,41.459,0.871,-0.471,-0.142
ALA_47_A_HA,57.316,-23.234,43.114,0.936,-0.321,0.142
ALA_47_A_HA,56.89,-23.38,44.178,0.541,-0.829,0.142
ALA_47_A_HA,56.88,-23.524,43.796,0.548,-0.726,0.415
ALA_47_A_HA,56.565,-23.87,43.796,0.773,-0.479,0.415
ALA_47_A_HA,56.396,-24.307,43.796,0.894,-0.167,0.415
ALA_47_A_HA,56.396,-24.775,43.796,0.894,0.167,0.415
ALA_47_A_HA,56.59,-24.541,43.461,0.756,-0.0,0.655
ALA_47_A_HA,56.681,-24.11,43.461,0.69,-0.307,0.655
ALA_47_A_HA,56.544,-24.812,42.919,0.558,-0.257,-0.789
ALA_47_A_HA,56.744,-24.323,43.261,0.913,-0.228,0.339
ALA_47_A_HA,56.696,-24.416,42.884,0.82,-0.41,-0.4
ALA_47_A_HA,56.921,-23.986,43.151,0.828,-0.503,0.246
ALA_47_A_HA,56.875,-24.077,42.783,0.775,-0.607,-0.175
ALA_47_A_HA,56.631,-24.171,42.505,0.496,-0.715,-0.493
ALA_47_A_HA,57.208,-23.389,43.346,0.865,-0.435,0.252
ALA_47_A_HA,56.99,-23.57,43.568,0.683,-0.586,0.436
ALA_47_A_HA,57.371,-23.11,42.854,0.95,-0.309,-0.048
ALA_47_A_HA,57.255,-23.04,42.31,0.871,-0.262,-0.416
ALA_47_A_HA,56.886,-23.266,41.86,0.727,-0.369,-0.579
ALA_47_A_HA,56.539,-23.528,41.744,0.421,-0.6,-0.68
ALA_47_A_HA,56.66,-23.165,41.434,0.633,-0.67,-0.387
ALA_47_A_HA,56.255,-23.379,41.371,0.294,-0.849,-0.44
ALA_47_A_HA,56.425,-24.045,42.111,0.465,-0.613,-0.639
ALA_47_A_HA,56.262,-24.425,42.337,0.759,-0.533,-0.373
ALA_47_A_HA,57.233,-23.544,43.039,0.91,-0.377,0.174
ALA_47_A_HA,56.977,-23.928,42.623,0.696,-0.696,-0.174
ALA_47_A_HA,57.233,-23.544,42.623,0.91,-0.377,-0.174
ALA_47_A_HA,56.789,-23.905,42.231,0.54,-0.677,-0.5
ALA_47_A_HA,57.077,-23.543,42.231,0.78,-0.376,-0.5
ALA_47_A_HA,56.461,-23.794,41.912,0.267,-0.585,-0.766
ALA_47_A_HB1,56.242,-19.075,45.102,-0.228,0.166,0.959
ALA_47_A_HB1,56.44,-19.854,45.4,0.167,0.514,0.841
ALA_47_A_HB1,56.552,-19.509,45.235,0.087,0.268,0.959
ALA_47_A_HB1,56.993,-18.902,45.235,-0.228,-0.166,0.959
ALA_47_A_HB1,56.769,-18.796,45.215,-0.228,-0.166,0.959
ALA_47_A_HB1,55.356,-19.799,45.147,-0.563,0.275,0.78
ALA_47_A_HB1,55.741,-19.623,45.251,-0.207,0.437,0.875
ALA_47_A_HB1,55.41,-19.336,45.076,-0.298,0.095,0.95
ALA_47_A_HB1,55.804,-19.184,45.093,0.085,0.243,0.966
ALA_47_A_HB1,55.451,-20.039,45.333,-0.541,0.348,0.766
ALA_47_A_HB2,54.49,-22.677,45.219,-0.437,-0.318,0.841
ALA_47_A_HB2,55.394,-23.112,45.379,-0.405,-0.814,0.415
ALA_47_A_HB2,55.682,-23.63,45.044,-0.611,-0.444,0.655
ALA_47_A_HB2,55.355,-23.336,45.044,-0.378,-0.654,0.655
ALA_47_A_HB2,54.937,-23.2,45.044,-0.079,-0.752,0.655
ALA_47_A_HB2,55.583,-24.252,44.783,-0.541,-0.0,0.841
ALA_47_A_HB2,55.439,-23.807,44.783,-0.437,-0.318,0.841
ALA_47_A_HB2,55.06,-23.532,44.783,-0.167,-0.514,0.841
ALA_47_A_HB2,54.353,-21.518,45.128,-0.437,0.318,0.841
ALA_47_A_HB2,56.157,-23.23,45.22,0.249,-0.875,0.415
ALA_47_A_HB2,55.797,-23.669,44.885,0.506,-0.562,0.655
ALA_47_A_HB2,55.539,-24.025,44.885,0.69,-0.307,0.655
ALA_47_A_HB2,55.482,-25.435,45.328,0.152,0.754,0.64
ALA_47_A_HB2,55.768,-23.196,45.48,-0.052,-0.846,0.531
ALA_47_A_HB2,54.77,-22.305,45.608,-0.748,-0.228,0.623
ALA_47_A_HB2,54.738,-21.831,45.587,-0.776,0.181,0.605
ALA_47_A_HB2,54.443,-22.1,45.341,-0.569,-0.001,0.822
ALA_47_A_HB2,54.487,-21.616,45.254,-0.533,0.388,0.752
ALA_47_A_HB2,55.047,-22.848,45.518,-0.523,-0.651,0.55
ALA_47_A_HB2,54.615,-22.719,45.278,-0.527,-0.288,0.8
ALA_47_A_HB2,55.881,-22.012,46.367,-0.0,0.0,1.0
ALA_47_A_HB2,56.291,-22.012,46.295,0.342,0.0,0.94
ALA_47_A_HB2,56.086,-21.657,46.295,0.171,0.296,0.94
ALA_47_A_HB2,55.676,-21.657,46.295,-0.171,0.296,0.94
ALA_47_A_HB2,55.471,-22.012,46.295,-0.342,0.0,0.94
ALA_47_A_HB2,55.676,-22.367,46.295,-0.171,-0.296,0.94
ALA_47_A_HB2,56.086,-22.367,46.295,0.171,-0.296,0.94
ALA_47_A_HB2,55.11,-22.012,46.086,-0.643,0.0,0.766
ALA_47_A_HB2,55.232,-22.429,46.086,-0.541,-0.348,0.766
ALA_47_A_HB2,55.561,-22.714,46.086,-0.267,-0.585,0.766
ALA_47_A_HB2,55.991,-22.775,46.086,0.091,-0.636,0.766
ALA_47_A_HB2,56.386,-22.595,46.086,0.421,-0.486,0.766
ALA_47_A_HB2,55.232,-21.595,46.086,-0.541,0.348,0.766
ALA_47_A_HB2,54.945,-21.561,45.767,-0.78,0.376,0.5
ALA_47_A_HB2,54.945,-22.463,45.767,-0.78,-0.376,0.5
ALA_47_A_HB2,55.233,-22.825,45.767,-0.54,-0.677,0.5
ALA_47_A_HB2,55.65,-23.025,45.767,-0.193,-0.844,0.5
ALA_47_A_HB2,56.112,-23.025,45.767,0.193,-0.844,0.5
ALA_47_A_HB3,57.912,-21.661,43.186,0.739,-0.157,-0.655
ALA_47_A_HB3,57.673,-21.881,42.851,0.91,-0.0,-0.415
ALA_47_A_HB3,57.759,-21.421,42.851,0.848,-0.329,-0.415
ALA_47_A_HB3,57.846,-20.038,44.856,0.756,-0.0,0.655
ALA_47_A_HB3,57.937,-20.469,44.856,0.69,0.307,0.655
ALA_47_A_HB3,58.121,-21.209,43.352,0.739,-0.157,-0.655
ALA_47_A_HB3,57.969,-20.969,43.017,0.848,-0.329,-0.415
ALA_47_A_HB3,58.134,-20.13,43.876,0.99,-0.0,0.142
ALA_47_A_HB3,58.362,-20.935,44.071,0.871,0.471,-0.142
ALA_47_A_HB3,58.247,-20.42,43.471,0.953,0.103,0.286
ALA_47_A_HB3,58.255,-20.88,43.505,0.966,-0.035,-0.257
ALA_47_A_HB3,58.348,-21.169,43.709,0.899,0.171,-0.403
ALA_47_A_HB3,58.337,-20.906,44.0,0.888,0.45,-0.092
ALA_47_A_HB3,57.965,-20.347,44.78,0.67,0.22,0.709
ALA_47_A_HB3,58.285,-20.761,44.428,0.887,0.454,0.083
ALA_47_A_HB3,58.159,-20.743,44.774,0.75,0.474,0.46
ALA_47_A_HB3,57.765,-22.783,44.095,0.558,-0.813,-0.164
ALA_47_A_HB3,57.746,-22.798,44.569,0.545,-0.824,0.156
ALA_47_A_HB3,57.749,-22.62,45.008,0.547,-0.704,0.453
ALA_47_A_HB3,57.775,-22.281,45.338,0.564,-0.474,0.676
ALA_47_A_HB3,57.818,-21.837,45.501,0.593,-0.174,0.786
ALA_47_A_HB3,57.871,-21.367,45.468,0.629,0.144,0.764
ALA_47_A_HB3,57.925,-20.952,45.246,0.666,0.424,0.614
ALA_47_A_HB3,58.006,-22.023,43.361,0.69,-0.27,-0.672
ALA_47_A_HB3,57.931,-22.448,43.607,0.627,-0.624,-0.467
ALA_47_A_HB3,57.771,-22.347,43.231,0.825,-0.386,-0.413
ALA_47_A_HB3,57.626,-22.734,43.552,0.715,-0.678,-0.17
ALA_47_A_HB3,58.156,-21.849,45.275,0.617,-0.181,0.766
ALA_47_A_HB3,58.156,-21.415,45.275,0.617,0.181,0.766
ALA_47_A_HB3,58.455,-21.632,44.956,0.866,0.0,0.5
ALA_47_A_HB3,58.352,-21.181,44.956,0.78,0.376,0.5
ALA_47_A_HB3,58.064,-22.445,44.956,0.54,-0.677,0.5
ALA_47_A_HB3,58.352,-22.083,44.956,0.78,-0.376,0.5
ALA_47_A_HB3,58.252,-22.468,44.564,0.696,-0.696,0.174
ALA_47_A_HB3,58.508,-22.084,44.564,0.91,-0.377,0.174
ALA_47_A_HB3,58.598,-21.632,44.564,0.985,0.0,0.174
ALA_47_A_HB3,58.508,-21.18,44.564,0.91,0.377,0.174
ALA_47_A_HB3,58.598,-21.632,44.148,0.985,0.0,-0.174
ALA_47_A_HB3,58.508,-21.18,44.148,0.91,0.377,-0.174
ALA_47_A_HB3,58.252,-22.468,44.148,0.696,-0.696,-0.174
ALA_47_A_HB3,58.508,-22.084,44.148,0.91,-0.377,-0.174
ALA_47_A_HB3,58.064,-22.445,43.756,0.54,-0.677,-0.5
ALA_47_A_HB3,58.352,-22.083,43.756,0.78,-0.376,-0.5
ALA_47_A_HB3,58.455,-21.632,43.756,0.866,-0.0,-0.5
ALA_47_A_HB3,58.187,-21.632,43.437,0.643,0.0,-0.766
LEU_48_A_N,53.644,-20.188,44.232,0.087,0.268,0.959
LEU_48_A_N,54.003,-20.614,44.436,-0.167,0.514,0.841
LEU_48_A_N,54.406,-20.277,44.405,-0.437,0.318,0.841
LEU_48_A_N,54.113,-20.064,44.239,-0.228,0.166,0.959
LEU_48_A_CA,52.227,-19.953,44.554,0.167,0.514,0.841
LEU_48_A_CA,52.926,-19.789,44.229,0.167,0.514,0.841
LEU_48_A_CA,53.453,-19.53,44.117,-0.209,0.329,0.921
LEU_48_A_CA,53.274,-19.882,44.229,0.126,0.316,0.94
LEU_48_A_CA,52.853,-19.879,44.307,0.22,0.579,0.786
LEU_48_A_CA,53.071,-20.798,44.665,0.339,0.285,0.896
LEU_48_A_CA,52.565,-20.787,44.881,0.42,0.307,0.854
LEU_48_A_CA,52.255,-20.504,44.862,0.211,0.498,0.841
LEU_48_A_CA,52.448,-19.845,44.437,0.264,0.502,0.823
LEU_48_A_CA,52.084,-20.053,44.643,0.178,0.448,0.876
LEU_48_A_CA,51.859,-19.759,44.582,0.43,0.375,0.821
LEU_48_A_CA,52.637,-20.488,44.754,0.284,0.328,0.901
LEU_48_A_CA,52.935,-20.273,44.527,0.441,0.441,0.782
LEU_48_A_CA,52.55,-20.017,44.527,0.239,0.576,0.782
LEU_48_A_CB,52.548,-19.514,44.229,0.437,0.318,0.841
LEU_48_A_CB,53.038,-19.444,44.063,0.087,0.268,0.959
LEU_48_A_CB,52.529,-19.513,44.238,0.451,0.317,0.835
LEU_48_A_CB,51.895,-19.137,44.405,0.452,0.269,0.851
LEU_48_A_CG,51.062,-17.849,43.979,0.498,0.652,0.572
LEU_48_A_CG,51.47,-18.075,43.873,0.408,0.756,0.511
LEU_48_A_CG,49.078,-18.324,44.318,-0.55,0.393,0.737
LEU_48_A_CG,48.895,-18.873,44.476,-0.543,0.393,0.742
LEU_48_A_CG,49.11,-18.903,44.646,-0.576,0.239,0.782
LEU_48_A_CD1,50.064,-16.215,41.554,-0.535,0.797,-0.281
LEU_48_A_CD1,50.111,-16.45,41.163,-0.489,0.567,-0.663
LEU_48_A_CD1,50.327,-16.755,40.898,-0.278,0.268,-0.922
LEU_48_A_CD1,49.77,-16.251,41.979,-0.219,0.967,-0.13
LEU_48_A_CD1,49.688,-16.383,41.588,-0.274,0.877,-0.394
LEU_48_A_CD1,49.731,-16.599,41.229,-0.245,0.732,-0.636
LEU_48_A_CD1,49.894,-16.868,40.951,-0.135,0.55,-0.825
LEU_48_A_CD1,49.451,-17.747,44.253,-0.254,0.36,0.897
LEU_48_A_CD1,49.922,-17.532,44.209,0.033,0.491,0.87
LEU_48_A_CD1,50.42,-17.482,44.067,0.337,0.522,0.784
LEU_48_A_CD1,49.208,-17.93,44.228,-0.353,0.279,0.893
LEU_48_A_CD1,48.591,-18.569,40.915,-0.77,-0.225,-0.597
LEU_48_A_CD1,48.614,-18.116,40.834,-0.755,0.081,-0.651
LEU_48_A_CD1,48.816,-17.71,40.76,-0.618,0.356,-0.701
LEU_48_A_CD1,49.166,-17.416,40.704,-0.381,0.555,-0.739
LEU_48_A_CD1,49.605,-17.282,40.674,-0.084,0.646,-0.759
LEU_48_A_CD1,48.082,-18.828,41.719,-0.876,-0.167,-0.452
LEU_48_A_CD1,48.363,-18.974,41.34,-0.753,-0.19,-0.629
LEU_48_A_CD1,48.484,-19.43,41.254,-0.614,0.083,-0.785
LEU_48_A_CD1,48.575,-17.801,43.895,-0.398,0.143,0.906
LEU_48_A_CD1,48.631,-17.375,43.778,-0.361,0.431,0.827
LEU_48_A_CD1,48.63,-17.019,43.512,-0.361,0.672,0.647
LEU_48_A_CD1,48.574,-16.787,43.136,-0.399,0.829,0.393
LEU_48_A_CD1,48.471,-16.715,42.709,-0.469,0.877,0.104
LEU_48_A_CD1,48.337,-16.814,42.296,-0.559,0.81,-0.175
LEU_48_A_CD1,48.193,-17.068,41.961,-0.657,0.638,-0.401
LEU_48_A_CD1,48.06,-17.44,41.755,-0.747,0.387,-0.541
LEU_48_A_CD1,47.959,-17.871,41.71,-0.815,0.096,-0.571
LEU_48_A_CD1,47.905,-18.296,41.832,-0.851,-0.191,-0.488
LEU_48_A_CD1,49.854,-17.314,44.109,0.062,0.429,0.901
LEU_48_A_CD1,49.395,-17.38,44.109,-0.18,0.395,0.901
LEU_48_A_CD1,49.043,-17.684,44.109,-0.365,0.235,0.901
LEU_48_A_CD1,50.19,-17.036,43.882,0.239,0.576,0.782
LEU_48_A_CD1,49.737,-16.945,43.882,0.0,0.623,0.782
LEU_48_A_CD1,49.284,-17.036,43.882,-0.239,0.576,0.782
LEU_48_A_CD1,48.899,-17.292,43.882,-0.441,0.441,0.782
LEU_48_A_CD1,49.737,-16.645,43.582,0.0,0.782,0.623
LEU_48_A_CD1,49.278,-16.717,43.582,-0.242,0.744,0.623
LEU_48_A_CD1,48.864,-16.928,43.582,-0.46,0.633,0.623
LEU_48_A_CD1,49.62,-16.422,43.221,-0.061,0.899,0.434
LEU_48_A_CD1,49.164,-16.517,43.221,-0.302,0.849,0.434
LEU_48_A_CD1,49.165,-16.368,42.82,-0.301,0.927,0.223
LEU_48_A_CD1,48.744,-16.566,42.82,-0.522,0.823,0.223
LEU_48_A_CD1,49.508,-16.244,42.397,-0.121,0.993,0.0
LEU_48_A_CD1,49.063,-16.353,42.397,-0.355,0.935,0.0
LEU_48_A_CD1,48.658,-16.566,42.397,-0.568,0.823,0.0
LEU_48_A_CD1,49.165,-16.368,41.974,-0.301,0.927,-0.223
LEU_48_A_CD1,48.744,-16.566,41.974,-0.522,0.823,-0.223
LEU_48_A_CD1,49.164,-16.517,41.573,-0.302,0.849,-0.434
LEU_48_A_CD1,48.75,-16.731,41.573,-0.52,0.736,-0.434
LEU_48_A_CD1,48.409,-17.05,41.573,-0.699,0.569,-0.434
LEU_48_A_CD1,48.167,-17.448,41.573,-0.826,0.359,-0.434
LEU_48_A_CD1,48.041,-18.363,41.573,-0.893,-0.123,-0.434
LEU_48_A_CD1,48.252,-18.13,41.212,-0.782,0.0,-0.623
LEU_48_A_CD1,48.324,-18.589,41.212,-0.744,-0.242,-0.623
LEU_48_A_CD1,49.278,-16.717,41.212,-0.242,0.744,-0.623
LEU_48_A_CD1,48.864,-16.928,41.212,-0.46,0.633,-0.623
LEU_48_A_CD1,48.535,-17.257,41.212,-0.633,0.46,-0.623
LEU_48_A_CD1,48.324,-17.671,41.212,-0.744,0.242,-0.623
LEU_48_A_CD1,49.284,-17.036,40.912,-0.239,0.576,-0.782
LEU_48_A_CD1,48.899,-17.292,40.912,-0.441,0.441,-0.782
LEU_48_A_CD1,48.643,-17.677,40.912,-0.576,0.239,-0.782
LEU_48_A_CD2,47.342,-21.816,43.0,-0.756,-0.0,-0.655
LEU_48_A_CD2,47.536,-22.05,42.665,-0.894,0.167,-0.415
LEU_48_A_CD2,47.536,-21.582,42.665,-0.894,-0.167,-0.415
LEU_48_A_CD2,47.67,-21.816,42.283,-0.99,-0.0,-0.142
LEU_48_A_CD2,48.684,-22.373,44.618,0.087,0.268,0.959
LEU_48_A_CD2,50.257,-21.005,44.709,-0.046,-0.143,0.989
LEU_48_A_CD2,49.956,-20.738,44.77,0.241,-0.098,0.966
LEU_48_A_CD2,48.132,-19.232,41.694,-0.777,0.027,-0.628
LEU_48_A_CD2,47.901,-19.486,41.914,-0.747,0.303,-0.591
LEU_48_A_CD2,49.519,-20.199,44.955,0.02,-0.114,0.993
LEU_48_A_CD2,49.178,-19.849,44.924,-0.201,0.113,0.973
LEU_48_A_CD2,48.932,-19.463,44.749,-0.361,0.363,0.859
LEU_48_A_CD2,47.602,-20.718,41.913,-0.91,-0.119,-0.397
LEU_48_A_CD2,47.653,-20.328,41.819,-0.876,0.145,-0.46
LEU_48_A_CD2,47.835,-19.987,41.699,-0.752,0.375,-0.542
LEU_48_A_CD2,47.647,-19.357,42.416,-0.87,0.333,-0.364
LEU_48_A_CD2,47.666,-18.93,42.678,-0.987,0.076,-0.142
LEU_48_A_CD2,48.191,-20.606,44.759,-0.286,-0.24,0.928
LEU_48_A_CD2,48.385,-20.216,44.848,-0.155,0.023,0.988
LEU_48_A_CD2,48.498,-19.791,44.788,-0.079,0.311,0.947
LEU_48_A_CD2,47.316,-19.747,42.888,-0.878,0.34,-0.337
LEU_48_A_CD2,47.196,-20.229,42.968,-0.959,0.015,-0.283
LEU_48_A_CD2,47.58,-21.217,42.203,-0.922,-0.222,-0.317
LEU_48_A_CD2,47.712,-21.449,41.814,-0.951,0.128,-0.28
LEU_48_A_CD2,47.642,-21.877,41.666,-0.966,0.25,0.066
LEU_48_A_CD2,48.552,-21.3,44.695,-0.188,-0.271,0.944
LEU_48_A_CD2,48.144,-21.508,44.581,-0.269,0.068,0.961
LEU_48_A_CD2,48.182,-21.951,44.648,0.076,0.194,0.978
LEU_48_A_CD2,47.233,-20.842,42.908,-0.959,-0.042,-0.279
LEU_48_A_CD2,47.345,-21.128,42.736,-0.873,-0.262,-0.411
LEU_48_A_CD2,47.23,-21.432,43.041,-0.676,-0.275,-0.684
LEU_48_A_CD2,46.881,-21.463,43.352,-0.637,0.198,-0.745
LEU_48_A_CD2,49.107,-20.425,44.976,-0.0,0.0,1.0
LEU_48_A_CD2,48.896,-20.059,44.928,-0.111,0.193,0.975
LEU_48_A_CD2,48.684,-20.425,44.928,-0.223,0.0,0.975
LEU_48_A_CD2,48.896,-20.791,44.928,-0.111,-0.193,0.975
LEU_48_A_CD2,49.318,-20.791,44.928,0.111,-0.193,0.975
LEU_48_A_CD2,48.413,-20.871,44.788,-0.365,-0.235,0.901
LEU_48_A_CD2,48.765,-21.175,44.788,-0.18,-0.395,0.901
LEU_48_A_CD2,49.647,-21.048,44.788,0.284,-0.328,0.901
LEU_48_A_CD2,48.765,-19.675,44.788,-0.18,0.395,0.901
LEU_48_A_CD2,47.255,-20.425,42.653,-0.975,0.0,-0.223
LEU_48_A_CD2,47.484,-19.533,42.653,-0.854,0.47,-0.223
LEU_48_A_CD2,47.313,-19.964,42.653,-0.944,0.242,-0.223
LEU_48_A_CD2,47.537,-19.743,42.252,-0.826,0.359,-0.434
LEU_48_A_CD2,47.411,-20.192,42.252,-0.893,0.123,-0.434
LEU_48_A_CD2,47.411,-20.658,42.252,-0.893,-0.123,-0.434
LEU_48_A_CD2,47.694,-19.966,41.891,-0.744,0.242,-0.623
LEU_48_A_HA,50.427,-21.304,44.674,-0.228,-0.166,0.959
LEU_48_A_HA,50.612,-20.643,44.779,-0.228,-0.166,0.959
LEU_48_A_HA,50.694,-22.895,44.818,0.087,0.268,0.959
LEU_48_A_HA,51.135,-22.288,44.818,-0.228,-0.166,0.959
LEU_48_A_HA,50.893,-22.074,44.734,-0.541,-0.0,0.841
LEU_48_A_HA,50.455,-22.306,44.568,-0.228,0.166,0.959
LEU_48_A_HA,50.455,-21.843,44.568,-0.228,-0.166,0.959
LEU_48_A_HA,52.254,-22.509,44.673,-0.167,-0.514,0.841
LEU_48_A_HA,51.786,-22.509,44.673,0.167,-0.514,0.841
LEU_48_A_HA,51.407,-22.784,44.673,0.437,-0.318,0.841
LEU_48_A_HA,51.263,-23.229,44.673,0.541,-0.0,0.841
LEU_48_A_HA,51.625,-23.229,44.508,0.282,-0.0,0.959
LEU_48_A_HA,51.898,-22.854,44.508,0.087,-0.268,0.959
LEU_48_A_HA,51.575,-20.065,44.807,0.437,0.318,0.841
LEU_48_A_HA,51.954,-20.34,44.807,0.167,0.514,0.841
LEU_48_A_HA,52.597,-22.241,44.811,0.087,-0.268,0.959
LEU_48_A_HA,52.452,-22.403,44.761,-0.064,-0.383,0.921
LEU_48_A_HA,52.35,-22.036,44.935,0.263,-0.415,0.871
LEU_48_A_HA,52.514,-21.779,44.997,0.295,-0.27,0.916
LEU_48_A_HA,52.664,-21.34,44.975,0.427,0.114,0.897
LEU_48_A_HA,51.256,-20.835,45.035,-0.348,0.185,0.919
LEU_48_A_HA,51.671,-20.56,45.005,0.057,0.454,0.889
LEU_48_A_HA,51.258,-20.393,44.972,0.005,0.102,0.995
LEU_48_A_HA,51.607,-20.155,44.829,0.415,0.382,0.826
LEU_48_A_HA,51.548,-22.184,44.933,-0.052,-0.473,0.879
LEU_48_A_HA,51.182,-22.454,44.811,-0.261,-0.047,0.964
LEU_48_A_HA,50.851,-21.541,44.817,-0.523,-0.191,0.831
LEU_48_A_HA,51.13,-21.936,44.899,-0.473,-0.249,0.845
LEU_48_A_HA,50.858,-22.207,44.719,-0.516,0.095,0.852
LEU_48_A_HA,50.927,-21.224,44.902,-0.525,0.012,0.851
LEU_48_A_HA,50.65,-20.968,44.772,-0.255,0.066,0.965
LEU_48_A_HA,51.822,-21.343,45.272,-0.0,0.0,1.0
LEU_48_A_HA,52.232,-21.343,45.2,0.342,0.0,0.94
LEU_48_A_HA,52.027,-20.988,45.2,0.171,0.296,0.94
LEU_48_A_HA,51.617,-20.988,45.2,-0.171,0.296,0.94
LEU_48_A_HA,51.412,-21.343,45.2,-0.342,0.0,0.94
LEU_48_A_HA,51.617,-21.698,45.2,-0.171,-0.296,0.94
LEU_48_A_HA,52.027,-21.698,45.2,0.171,-0.296,0.94
LEU_48_A_HA,51.173,-21.76,44.991,-0.541,-0.348,0.766
LEU_48_A_HA,51.932,-22.106,44.991,0.091,-0.636,0.766
LEU_48_A_HB2,51.714,-18.022,43.672,0.234,0.719,0.655
LEU_48_A_HB2,52.151,-18.068,43.672,-0.079,0.752,0.655
LEU_48_A_HB2,51.905,-18.745,44.229,0.437,0.318,0.841
LEU_48_A_HB2,52.202,-18.021,43.622,-0.079,0.752,0.655
LEU_48_A_HB2,53.126,-16.749,43.622,-0.739,-0.157,0.655
LEU_48_A_HB2,52.848,-16.969,43.362,-0.541,-0.0,0.841
LEU_48_A_HB2,52.704,-16.524,43.362,-0.437,-0.318,0.841
LEU_48_A_HB2,51.857,-17.689,43.362,0.167,0.514,0.841
LEU_48_A_HB2,52.325,-17.689,43.362,-0.167,0.514,0.841
LEU_48_A_HB2,52.704,-17.414,43.362,-0.437,0.318,0.841
LEU_48_A_HB2,52.41,-17.201,43.196,-0.228,0.166,0.959
LEU_48_A_HB2,53.142,-18.202,43.759,-0.167,0.514,0.841
LEU_48_A_HB2,53.227,-17.714,43.594,-0.228,0.166,0.959
LEU_48_A_HB2,53.461,-16.983,43.735,-0.437,-0.318,0.841
LEU_48_A_HB2,52.615,-18.148,43.735,0.167,0.514,0.841
LEU_48_A_HB2,53.168,-17.66,43.57,-0.228,0.166,0.959
LEU_48_A_HB2,53.168,-17.196,43.57,-0.228,-0.166,0.959
LEU_48_A_HB2,53.248,-18.516,43.958,-0.211,0.287,0.934
LEU_48_A_HB2,52.791,-18.312,43.815,0.084,0.593,0.801
LEU_48_A_HB2,52.389,-18.931,44.134,0.284,0.264,0.922
LEU_48_A_HB2,52.117,-18.496,44.032,0.175,0.492,0.853
LEU_48_A_HB2,51.649,-18.386,44.114,0.358,0.717,0.599
LEU_48_A_HB2,51.957,-18.19,43.811,0.098,0.715,0.693
LEU_48_A_HB2,52.489,-18.63,44.037,0.171,0.296,0.94
LEU_48_A_HB2,52.394,-18.222,43.828,0.091,0.636,0.766
LEU_48_A_HB3,51.613,-19.015,40.497,-0.167,0.514,-0.841
LEU_48_A_HB3,50.436,-20.749,40.825,-0.437,0.318,-0.841
LEU_48_A_HB3,50.581,-20.304,40.825,-0.541,-0.0,-0.841
LEU_48_A_HB3,50.436,-19.859,40.825,-0.437,-0.318,-0.841
LEU_48_A_HB3,50.791,-20.735,40.564,-0.69,0.307,-0.655
LEU_48_A_HB3,51.313,-19.925,40.337,-0.282,-0.0,-0.959
LEU_48_A_HB3,51.53,-20.369,40.171,-0.437,0.318,-0.841
LEU_48_A_HB3,51.626,-20.711,39.91,-0.506,0.562,-0.655
LEU_48_A_HB3,52.06,-20.007,40.091,-0.437,0.318,-0.841
LEU_48_A_HB3,52.156,-20.349,39.83,-0.506,0.562,-0.655
LEU_48_A_HB3,51.775,-20.233,40.115,-0.437,0.318,-0.841
LEU_48_A_HB3,51.871,-20.574,39.854,-0.506,0.562,-0.655
LEU_48_A_HB3,50.923,-20.495,40.498,-0.764,0.143,-0.629
LEU_48_A_HB3,51.033,-20.05,40.446,-0.501,-0.019,-0.865
LEU_48_A_HB3,52.082,-19.525,40.161,-0.453,-0.027,-0.891
LEU_48_A_HB3,51.664,-19.309,40.344,-0.206,0.288,-0.935
LEU_48_A_HB3,51.175,-19.099,40.485,-0.029,0.328,-0.944
LEU_48_A_HB3,50.945,-19.406,40.461,-0.249,0.035,-0.968
LEU_48_A_HB3,50.717,-19.691,40.582,-0.466,-0.237,-0.852
LEU_48_A_HB3,50.615,-19.146,40.489,-0.013,-0.151,-0.988
LEU_48_A_HB3,50.305,-19.526,40.706,-0.344,-0.556,-0.757
LEU_48_A_HB3,51.121,-19.689,40.381,-0.342,0.0,-0.94
LEU_48_A_HB3,51.326,-19.334,40.381,-0.171,0.296,-0.94
LEU_48_A_HG,48.951,-19.123,44.62,-0.437,0.318,0.841
LEU_48_A_HG,50.527,-20.155,44.945,-0.167,-0.514,0.841
LEU_48_A_HG,50.171,-20.5,44.779,0.087,-0.268,0.959
LEU_48_A_HG,51.403,-19.234,44.815,0.756,-0.0,0.655
LEU_48_A_HG,51.849,-19.679,44.554,0.437,0.318,0.841
LEU_48_A_HG,51.548,-19.619,44.726,0.561,0.138,0.816
LEU_48_A_HG,51.403,-19.291,44.816,0.756,0.041,0.654
LEU_48_A_HG,50.864,-20.201,44.976,-0.068,-0.267,0.961
LEU_48_A_HG,51.235,-19.955,44.949,0.368,0.022,0.93
LEU_48_A_HG,50.86,-19.777,45.112,0.289,-0.339,0.895
LEU_48_A_HG,51.25,-19.51,44.951,0.67,-0.079,0.739
LEU_48_A_HG,51.41,-18.542,44.509,0.68,0.525,0.512
LEU_48_A_HG,51.502,-18.806,44.585,0.725,0.361,0.587
LEU_48_A_HG,51.078,-18.126,44.356,0.534,0.739,0.41
LEU_48_A_HG,49.34,-18.634,44.722,-0.641,0.396,0.658
LEU_48_A_HG,49.724,-18.171,44.673,-0.45,0.664,0.598
LEU_48_A_HG,50.129,-17.988,44.635,-0.114,0.816,0.566
LEU_48_A_HG,50.555,-17.945,44.513,0.24,0.852,0.465
LEU_48_A_HG,49.808,-17.866,44.425,-0.207,0.613,0.763
LEU_48_A_HG,50.253,-17.744,44.339,0.128,0.704,0.698
LEU_48_A_HG,50.69,-17.777,44.173,0.458,0.68,0.573
LEU_48_A_HG,50.006,-19.975,45.041,-0.066,-0.476,0.877
LEU_48_A_HG,49.675,-19.694,45.079,-0.337,-0.246,0.909
LEU_48_A_HG,49.409,-19.362,44.986,-0.554,0.026,0.832
LEU_48_A_HG,50.354,-19.111,45.413,-0.0,0.0,1.0
LEU_48_A_HG,50.764,-19.111,45.341,0.342,0.0,0.94
LEU_48_A_HG,50.559,-18.756,45.341,0.171,0.296,0.94
LEU_48_A_HG,50.149,-18.756,45.341,-0.171,0.296,0.94
LEU_48_A_HG,49.944,-19.111,45.341,-0.342,0.0,0.94
LEU_48_A_HG,50.149,-19.466,45.341,-0.171,-0.296,0.94
LEU_48_A_HG,50.559,-19.466,45.341,0.171,-0.296,0.94
LEU_48_A_HG,49.583,-19.111,45.132,-0.643,0.0,0.766
LEU_48_A_HG,51.094,-19.328,45.132,0.617,-0.181,0.766
LEU_48_A_HG,51.094,-18.894,45.132,0.617,0.181,0.766
LEU_48_A_HG,50.859,-18.528,45.132,0.421,0.486,0.766
LEU_48_A_HG,50.464,-18.348,45.132,0.091,0.636,0.766
LEU_48_A_HG,50.034,-18.409,45.132,-0.267,0.585,0.766
LEU_48_A_HG,49.705,-18.694,45.132,-0.541,0.348,0.766
LEU_48_A_HG,51.29,-18.66,44.813,0.78,0.376,0.5
LEU_48_A_HG,51.002,-18.298,44.813,0.54,0.677,0.5
LEU_48_A_HG,50.585,-18.098,44.813,0.193,0.844,0.5
LEU_48_A_HG,50.123,-18.098,44.813,-0.193,0.844,0.5
LEU_48_A_HG,49.706,-18.298,44.813,-0.54,0.677,0.5
LEU_48_A_HD11,48.683,-19.314,41.071,-0.756,-0.0,-0.655
LEU_48_A_HD11,48.592,-18.883,41.071,-0.69,-0.307,-0.655
LEU_48_A_HD11,49.917,-19.939,41.001,-0.087,-0.268,-0.959
LEU_48_A_HD11,49.561,-19.594,40.835,0.167,-0.514,-0.841
LEU_48_A_HD11,50.172,-17.099,40.784,-0.167,0.514,-0.841
LEU_48_A_HD11,50.55,-16.825,40.784,-0.437,0.318,-0.841
LEU_48_A_HD11,51.252,-17.389,40.838,0.0,-0.0,-1.0
LEU_48_A_HD11,51.647,-17.389,40.781,-0.282,-0.0,-0.959
LEU_48_A_HD11,50.933,-17.157,40.781,0.228,-0.166,-0.959
LEU_48_A_HD11,50.933,-17.62,40.781,0.228,0.166,-0.959
LEU_48_A_HD11,50.64,-17.834,40.616,0.437,0.318,-0.841
LEU_48_A_HD11,51.498,-17.922,40.865,0.0,-0.0,-1.0
LEU_48_A_HD11,51.62,-17.547,40.808,-0.087,-0.268,-0.959
LEU_48_A_HD11,51.179,-17.69,40.808,0.228,-0.166,-0.959
LEU_48_A_HD11,51.179,-18.154,40.808,0.228,0.166,-0.959
LEU_48_A_HD11,51.62,-18.297,40.808,-0.087,0.268,-0.959
LEU_48_A_HD11,50.058,-19.584,40.825,-0.167,-0.514,-0.841
LEU_48_A_HD11,50.844,-17.088,40.743,0.292,-0.215,-0.932
LEU_48_A_HD11,50.445,-17.27,40.665,0.086,0.272,-0.958
LEU_48_A_HD11,50.486,-17.737,40.557,0.547,0.249,-0.799
LEU_48_A_HD11,50.514,-18.598,40.418,0.443,-0.03,-0.896
LEU_48_A_HD11,50.284,-18.905,40.393,0.224,-0.323,-0.92
LEU_48_A_HD11,50.055,-19.19,40.514,0.006,-0.595,-0.804
LEU_48_A_HD11,48.944,-19.053,40.727,-0.628,-0.391,-0.673
LEU_48_A_HD11,49.426,-19.275,40.617,-0.164,-0.605,-0.779
LEU_48_A_HD11,49.079,-19.469,40.821,-0.339,-0.292,-0.894
LEU_48_A_HD11,49.537,-19.637,40.855,0.184,-0.484,-0.855
LEU_48_A_HD11,48.788,-18.771,40.724,-0.78,-0.376,-0.5
LEU_48_A_HD11,50.373,-17.903,40.405,0.541,0.348,-0.766
LEU_48_A_HD11,50.044,-17.618,40.405,0.267,0.585,-0.766
LEU_48_A_HD11,49.614,-17.557,40.405,-0.091,0.636,-0.766
LEU_48_A_HD11,49.219,-17.737,40.405,-0.421,0.486,-0.766
LEU_48_A_HD11,48.984,-18.103,40.405,-0.617,0.181,-0.766
LEU_48_A_HD11,48.984,-18.537,40.405,-0.617,-0.181,-0.766
LEU_48_A_HD11,49.219,-18.903,40.405,-0.421,-0.486,-0.766
LEU_48_A_HD11,49.614,-19.083,40.405,-0.091,-0.636,-0.766
LEU_48_A_HD11,49.314,-18.32,40.196,-0.342,0.0,-0.94
LEU_48_A_HD11,49.519,-18.675,40.196,-0.171,-0.296,-0.94
LEU_48_A_HD11,49.929,-18.675,40.196,0.171,-0.296,-0.94
LEU_48_A_HD11,50.134,-18.32,40.196,0.342,-0.0,-0.94
LEU_48_A_HD11,49.929,-17.965,40.196,0.171,0.296,-0.94
LEU_48_A_HD11,49.519,-17.965,40.196,-0.171,0.296,-0.94
LEU_48_A_HD12,47.67,-18.823,42.678,-0.99,-0.0,-0.142
LEU_48_A_HD12,48.54,-18.472,43.977,-0.437,0.318,0.841
LEU_48_A_HD12,47.953,-18.698,41.962,-0.894,-0.167,-0.415
LEU_48_A_HD12,47.711,-18.561,42.361,-0.916,-0.236,-0.325
LEU_48_A_HD12,48.1,-18.19,43.722,-0.513,0.127,0.849
LEU_48_A_HD12,47.747,-18.262,43.375,-0.858,0.057,0.51
LEU_48_A_HD12,47.61,-18.427,42.923,-0.992,-0.105,0.068
LEU_48_A_HD12,47.861,-18.645,43.698,-0.679,0.415,0.606
LEU_48_A_HD12,47.627,-18.759,43.316,-0.941,0.288,0.18
LEU_48_A_HD12,47.617,-18.941,42.891,-0.952,0.084,-0.295
LEU_48_A_HD12,48.304,-17.92,43.807,-0.342,0.0,0.94
LEU_48_A_HD12,47.943,-17.92,43.598,-0.643,0.0,0.766
LEU_48_A_HD12,48.394,-17.218,43.598,-0.267,0.585,0.766
LEU_48_A_HD12,48.065,-17.503,43.598,-0.541,0.348,0.766
LEU_48_A_HD12,48.066,-17.107,43.279,-0.54,0.677,0.5
LEU_48_A_HD12,47.778,-17.469,43.279,-0.78,0.376,0.5
LEU_48_A_HD12,47.675,-17.92,43.279,-0.866,0.0,0.5
LEU_48_A_HD12,47.532,-17.92,42.887,-0.985,0.0,0.174
LEU_48_A_HD12,48.262,-16.828,42.887,-0.377,0.91,0.174
LEU_48_A_HD12,47.878,-17.084,42.887,-0.696,0.696,0.174
LEU_48_A_HD12,47.622,-17.468,42.887,-0.91,0.377,0.174
LEU_48_A_HD12,47.878,-17.084,42.471,-0.696,0.696,-0.174
LEU_48_A_HD12,47.622,-17.468,42.471,-0.91,0.377,-0.174
LEU_48_A_HD12,47.532,-17.92,42.471,-0.985,0.0,-0.174
LEU_48_A_HD12,47.675,-17.92,42.079,-0.866,0.0,-0.5
LEU_48_A_HD12,47.778,-18.371,42.079,-0.78,-0.376,-0.5
LEU_48_A_HD12,47.778,-17.469,42.079,-0.78,0.376,-0.5
LEU_48_A_HD13,49.968,-16.183,42.368,-0.243,0.96,-0.142
LEU_48_A_HD13,50.567,-15.859,41.97,-0.67,0.728,0.142
LEU_48_A_HD13,50.719,-17.27,43.797,0.437,0.318,0.841
LEU_48_A_HD13,50.841,-17.312,43.754,0.437,0.318,0.841
LEU_48_A_HD13,51.333,-17.802,43.672,0.506,0.562,0.655
LEU_48_A_HD13,52.202,-15.917,43.622,-0.079,-0.752,0.655
LEU_48_A_HD13,52.325,-16.249,43.362,-0.167,-0.514,0.841
LEU_48_A_HD13,51.857,-16.249,43.362,0.167,-0.514,0.841
LEU_48_A_HD13,51.479,-16.524,43.362,0.437,-0.318,0.841
LEU_48_A_HD13,51.334,-16.969,43.362,0.541,-0.0,0.841
LEU_48_A_HD13,51.479,-17.414,43.362,0.437,0.318,0.841
LEU_48_A_HD13,51.697,-16.969,43.196,0.282,-0.0,0.959
LEU_48_A_HD13,51.969,-17.344,43.196,0.087,0.268,0.959
LEU_48_A_HD13,52.41,-16.737,43.196,-0.228,-0.166,0.959
LEU_48_A_HD13,51.969,-16.594,43.196,0.087,-0.268,0.959
LEU_48_A_HD13,51.913,-15.918,43.244,-0.67,0.728,0.142
LEU_48_A_HD13,51.092,-16.167,42.862,-0.084,0.906,0.415
LEU_48_A_HD13,51.542,-16.039,42.862,-0.405,0.814,0.415
LEU_48_A_HD13,51.085,-15.951,42.527,-0.079,0.752,0.655
LEU_48_A_HD13,51.503,-15.815,42.527,-0.378,0.654,0.655
LEU_48_A_HD13,51.123,-16.347,43.229,-0.079,0.752,0.655
LEU_48_A_HD13,51.541,-16.211,43.229,-0.378,0.654,0.655
LEU_48_A_HD13,51.868,-15.916,43.229,-0.611,0.444,0.655
LEU_48_A_HD13,52.411,-15.347,44.156,-0.999,0.038,-0.007
LEU_48_A_HD13,50.74,-15.855,42.298,-0.379,0.815,0.438
LEU_48_A_HD13,50.461,-16.051,42.583,-0.18,0.955,0.234
LEU_48_A_HD13,50.222,-16.103,42.278,-0.424,0.902,-0.078
LEU_48_A_HD13,51.012,-17.284,43.648,0.534,0.248,0.808
LEU_48_A_HD13,50.867,-17.551,43.859,0.419,0.488,0.766
LEU_48_A_HD13,50.547,-17.088,43.798,0.298,0.386,0.873
LEU_48_A_HD13,50.194,-16.789,43.7,0.06,0.588,0.807
LEU_48_A_HD13,49.925,-16.515,43.426,-0.123,0.773,0.622
LEU_48_A_HD13,49.784,-16.311,43.024,-0.218,0.911,0.35
LEU_48_A_HD13,49.797,-16.213,42.562,-0.209,0.977,0.037
LEU_48_A_HD13,50.507,-16.524,43.512,0.091,0.636,0.766
LEU_48_A_HD13,50.628,-16.274,43.193,0.193,0.844,0.5
LEU_48_A_HD13,50.166,-16.274,43.193,-0.193,0.844,0.5
LEU_48_A_HD21,49.986,-21.16,44.674,0.087,-0.268,0.959
LEU_48_A_HD21,49.056,-22.717,44.786,-0.167,0.514,0.841
LEU_48_A_HD21,49.141,-22.229,44.62,-0.228,0.166,0.959
LEU_48_A_HD21,49.141,-21.765,44.62,-0.228,-0.166,0.959
LEU_48_A_HD21,49.902,-22.794,44.734,0.167,0.514,0.841
LEU_48_A_HD21,50.37,-22.794,44.734,-0.167,0.514,0.841
LEU_48_A_HD21,49.742,-22.074,44.568,0.282,-0.0,0.959
LEU_48_A_HD21,50.014,-22.449,44.568,0.087,0.268,0.959
LEU_48_A_HD21,50.014,-21.699,44.568,0.087,-0.268,0.959
LEU_48_A_HD21,49.965,-21.431,44.629,0.102,-0.075,0.992
LEU_48_A_HD21,49.439,-21.846,44.643,0.033,-0.115,0.993
LEU_48_A_HD21,49.167,-22.224,44.626,-0.247,0.162,0.955
LEU_48_A_HD21,49.4,-22.593,44.764,0.061,0.419,0.906
LEU_48_A_HD21,49.202,-21.412,44.724,-0.055,-0.315,0.948
LEU_48_A_HD21,49.537,-21.292,44.739,0.171,-0.233,0.957
LEU_48_A_HD22,47.322,-20.814,44.328,-0.541,-0.0,0.841
LEU_48_A_HD22,47.177,-21.259,44.328,-0.437,0.318,0.841
LEU_48_A_HD22,46.795,-21.083,43.698,-0.69,0.307,-0.655
LEU_48_A_HD22,47.08,-20.887,43.363,-0.894,0.167,-0.415
LEU_48_A_HD22,47.327,-21.978,44.692,0.167,0.514,0.841
LEU_48_A_HD22,47.439,-21.633,44.526,0.087,0.268,0.959
LEU_48_A_HD22,47.88,-21.026,44.526,-0.228,-0.166,0.959
LEU_48_A_HD22,47.367,-19.494,43.06,-0.773,0.479,-0.415
LEU_48_A_HD22,48.469,-18.947,44.246,-0.378,0.654,0.655
LEU_48_A_HD22,48.796,-18.653,44.246,-0.611,0.444,0.655
LEU_48_A_HD22,47.921,-18.995,44.071,-0.384,0.702,0.599
LEU_48_A_HD22,47.567,-19.067,43.725,-0.73,0.632,0.26
LEU_48_A_HD22,47.43,-19.232,43.273,-0.864,0.47,-0.181
LEU_48_A_HD22,48.535,-18.93,44.269,-0.425,0.642,0.638
LEU_48_A_HD22,48.336,-19.227,44.466,-0.143,0.646,0.749
LEU_48_A_HD22,47.633,-20.693,44.544,-0.415,-0.204,0.887
LEU_48_A_HD22,47.235,-20.451,44.283,-0.731,-0.013,0.682
LEU_48_A_HD22,47.05,-20.324,43.937,-0.954,0.141,0.266
LEU_48_A_HD22,47.032,-20.407,43.534,-0.975,0.04,-0.22
LEU_48_A_HD22,46.932,-20.715,43.946,-0.869,0.42,0.26
LEU_48_A_HD22,46.959,-20.839,43.586,-0.808,0.133,-0.575
LEU_48_A_HD22,46.71,-21.057,43.986,-0.711,0.664,0.232
LEU_48_A_HD22,48.02,-19.758,44.76,-0.171,0.296,0.94
LEU_48_A_HD22,47.815,-20.113,44.76,-0.342,0.0,0.94
LEU_48_A_HD22,48.02,-20.468,44.76,-0.171,-0.296,0.94
LEU_48_A_HD22,47.454,-20.113,44.551,-0.643,0.0,0.766
LEU_48_A_HD22,47.905,-19.411,44.551,-0.267,0.585,0.766
LEU_48_A_HD22,47.576,-19.696,44.551,-0.541,0.348,0.766
LEU_48_A_HD22,47.577,-19.3,44.232,-0.54,0.677,0.5
LEU_48_A_HD22,47.289,-19.662,44.232,-0.78,0.376,0.5
LEU_48_A_HD22,47.186,-20.113,44.232,-0.866,0.0,0.5
LEU_48_A_HD22,47.043,-20.113,43.84,-0.985,0.0,0.174
LEU_48_A_HD22,47.389,-19.277,43.84,-0.696,0.696,0.174
LEU_48_A_HD22,47.133,-19.661,43.84,-0.91,0.377,0.174
LEU_48_A_HD22,47.133,-19.661,43.424,-0.91,0.377,-0.174
LEU_48_A_HD22,47.043,-20.113,43.424,-0.985,0.0,-0.174
LEU_48_A_HD23,47.778,-21.226,41.535,-0.99,-0.0,-0.142
LEU_48_A_HD23,48.652,-21.106,40.896,0.0,-0.0,-1.0
LEU_48_A_HD23,48.774,-21.481,40.839,-0.087,0.268,-0.959
LEU_48_A_HD23,48.418,-21.826,40.673,0.167,0.514,-0.841
LEU_48_A_HD23,48.886,-21.826,40.673,-0.167,0.514,-0.841
LEU_48_A_HD23,49.264,-21.551,40.673,-0.437,0.318,-0.841
LEU_48_A_HD23,48.541,-22.158,40.413,0.079,0.752,-0.655
LEU_48_A_HD23,47.631,-21.036,42.003,-0.894,-0.167,-0.415
LEU_48_A_HD23,47.765,-21.27,41.621,-0.99,-0.0,-0.142
LEU_48_A_HD23,48.01,-19.624,41.731,-0.69,0.307,-0.655
LEU_48_A_HD23,49.795,-20.314,41.057,0.0,-0.0,-1.0
LEU_48_A_HD23,50.189,-20.314,41.001,-0.282,-0.0,-0.959
LEU_48_A_HD23,49.476,-20.082,41.001,0.228,-0.166,-0.959
LEU_48_A_HD23,49.476,-20.546,41.001,0.228,0.166,-0.959
LEU_48_A_HD23,49.917,-20.689,41.001,-0.087,0.268,-0.959
LEU_48_A_HD23,49.561,-21.034,40.835,0.167,0.514,-0.841
LEU_48_A_HD23,50.029,-21.034,40.835,-0.167,0.514,-0.841
LEU_48_A_HD23,49.39,-21.456,40.633,-0.527,0.25,-0.812
LEU_48_A_HD23,49.308,-21.08,40.79,-0.091,0.324,-0.942
LEU_48_A_HD23,48.886,-20.973,40.87,-0.167,-0.095,-0.981
LEU_48_A_HD23,48.217,-19.805,41.362,-0.649,0.403,-0.645
LEU_48_A_HD23,48.745,-19.687,41.005,-0.486,0.062,-0.872
LEU_48_A_HD23,49.18,-19.888,40.906,0.012,-0.167,-0.986
LEU_48_A_HD23,48.802,-20.125,40.933,-0.142,0.177,-0.974
LEU_48_A_HD23,49.31,-20.311,40.97,0.347,-0.002,-0.938
LEU_48_A_HD23,47.904,-20.939,41.289,-0.809,0.04,-0.586
LEU_48_A_HD23,48.273,-20.921,40.986,-0.422,0.059,-0.905
LEU_48_A_HD23,48.029,-21.287,41.043,-0.607,0.342,-0.717
LEU_48_A_HD23,48.374,-21.34,40.879,-0.098,0.265,-0.959
LEU_48_A_HD23,47.801,-21.651,41.024,-0.736,0.549,-0.396
LEU_48_A_HD23,48.074,-21.638,40.799,-0.28,0.572,-0.771
LEU_48_A_HD23,47.783,-20.635,41.447,-0.866,0.0,-0.5
LEU_48_A_HD23,47.886,-20.184,41.447,-0.78,0.376,-0.5
LEU_48_A_HD23,48.082,-20.418,41.128,-0.617,0.181,-0.766
LEU_48_A_HD23,48.412,-20.635,40.919,-0.342,0.0,-0.94
LEU_48_A_HD23,48.617,-20.28,40.919,-0.171,0.296,-0.94
GLU_49_A_CA,51.686,-20.941,39.575,-0.548,0.726,-0.415
GLU_49_A_CA,50.975,-21.254,39.633,-0.459,0.841,-0.285
GLU_49_A_CA,50.869,-21.131,40.094,-0.726,0.597,-0.341
GLU_49_A_CA,51.118,-20.75,40.177,-0.561,0.481,-0.673
GLU_49_A_CA,50.518,-21.575,39.33,-0.397,0.886,-0.239
GLU_49_A_CA,51.115,-21.27,39.372,-0.301,0.927,-0.223
GLU_49_A_CA,50.694,-21.468,39.372,-0.522,0.823,-0.223
GLU_49_A_HA,48.979,-22.112,40.413,-0.234,0.719,-0.655
GLU_49_A_HA,49.36,-21.892,40.413,-0.506,0.562,-0.655
GLU_49_A_HA,49.0,-22.331,40.077,-0.249,0.875,-0.415
GLU_49_A_HA,49.419,-22.122,40.077,-0.548,0.726,-0.415
GLU_49_A_HA,48.992,-22.449,39.695,-0.243,0.96,-0.142
GLU_49_A_HA,49.41,-22.266,39.695,-0.541,0.829,-0.142
GLU_49_A_HA,50.122,-21.321,40.574,-0.234,0.719,-0.655
GLU_49_A_HA,50.144,-21.539,40.239,-0.249,0.875,-0.415
GLU_49_A_HA,50.532,-21.091,40.564,-0.506,0.562,-0.655
GLU_49_A_HA,50.591,-21.32,40.228,-0.548,0.726,-0.415
GLU_49_A_HA,50.611,-21.454,39.817,-0.541,0.829,-0.142
GLU_49_A_HA,49.94,-21.775,39.723,-0.543,0.82,-0.179
GLU_49_A_HA,49.689,-21.842,40.081,-0.741,0.526,-0.418
GLU_49_A_HA,49.696,-21.557,40.383,-0.368,0.664,-0.651
GLU_49_A_HA,49.582,-22.218,39.296,-0.65,0.692,-0.313
GLU_49_A_HA,49.25,-22.564,39.117,-0.348,0.726,-0.594
GLU_49_A_HA,50.195,-21.678,39.388,-0.377,0.91,-0.174
GLU_49_A_HA,49.811,-21.934,39.388,-0.696,0.696,-0.174
GLU_49_A_HA,49.999,-21.957,38.996,-0.54,0.677,-0.5
GLU_49_A_HB2,51.93,-20.804,39.519,-0.548,0.726,-0.415
GLU_49_A_HB3,54.319,-23.963,39.782,0.67,-0.728,-0.142
GLU_49_A_HB3,54.039,-24.323,39.782,0.871,-0.471,-0.142
GLU_49_A_HB3,54.5,-23.822,39.383,0.541,-0.829,0.142
GLU_49_A_HB3,54.164,-24.131,39.383,0.781,-0.608,0.142
GLU_49_A_HB3,54.506,-23.872,39.097,0.721,-0.677,0.149
GLU_49_A_HB3,53.912,-24.481,39.458,0.838,-0.542,-0.061
LEU_50_A_N,54.05,-25.46,40.289,0.739,0.157,-0.655
LEU_50_A_N,53.898,-24.78,39.954,0.848,-0.329,-0.415
LEU_50_A_N,54.07,-24.523,40.164,0.848,-0.329,-0.415
LEU_50_A_N,53.99,-25.164,40.241,0.782,-0.055,-0.62
LEU_50_A_CA,53.734,-25.71,39.998,0.541,-0.0,-0.841
LEU_50_A_CA,53.456,-25.49,39.737,0.739,-0.157,-0.655
LEU_50_A_CA,54.573,-26.408,40.818,0.739,-0.157,-0.655
LEU_50_A_CA,53.749,-24.849,39.682,0.771,-0.468,-0.431
LEU_50_A_CA,53.873,-25.091,40.058,0.865,-0.106,-0.49
LEU_50_A_CA,53.903,-25.566,40.126,0.661,0.043,-0.749
LEU_50_A_CA,54.558,-26.036,40.754,0.762,0.021,-0.647
LEU_50_A_CA,54.548,-26.388,40.784,0.757,-0.172,-0.63
LEU_50_A_CA,54.161,-25.4,40.43,0.762,0.187,-0.62
LEU_50_A_CA,54.362,-26.088,40.489,0.782,-0.0,-0.623
LEU_50_A_CA,54.29,-25.629,40.489,0.744,0.242,-0.623
LEU_50_A_CA,54.062,-26.088,40.189,0.623,0.0,-0.782
LEU_50_A_CB,55.19,-26.439,41.275,0.59,-0.017,-0.807
LEU_50_A_CB,54.784,-25.847,40.981,0.585,0.108,-0.804
LEU_50_A_CB,54.798,-26.2,40.986,0.592,-0.085,-0.801
LEU_50_A_CB,55.182,-26.031,41.234,0.623,0.0,-0.782
LEU_50_A_CG,56.185,-26.842,42.1,0.705,0.264,-0.658
LEU_50_A_CG,55.906,-26.401,42.0,0.805,0.243,-0.541
LEU_50_A_CG,56.021,-26.937,41.854,0.744,0.242,-0.623
LEU_50_A_CD1,56.074,-24.812,44.436,0.438,0.217,0.873
LEU_50_A_CD1,56.269,-25.218,44.462,0.7,0.473,0.535
LEU_50_A_CD1,56.197,-25.534,44.84,0.35,0.733,0.584
LEU_50_A_CD1,56.453,-28.669,43.072,0.608,-0.605,-0.514
LEU_50_A_CD1,56.469,-28.847,43.402,0.62,-0.736,-0.27
LEU_50_A_CD1,56.163,-29.15,43.343,0.768,-0.641,0.009
LEU_50_A_CD1,56.029,-29.35,42.94,0.951,-0.249,-0.181
LEU_50_A_CD1,54.71,-27.152,45.758,-0.512,-0.2,0.835
LEU_50_A_CD1,55.101,-27.128,45.93,-0.248,-0.183,0.951
LEU_50_A_CD1,55.497,-26.982,45.996,0.02,-0.085,0.996
LEU_50_A_CD1,55.843,-26.736,45.948,0.254,0.081,0.964
LEU_50_A_CD1,56.09,-26.424,45.793,0.421,0.292,0.859
LEU_50_A_CD1,56.204,-26.09,45.552,0.498,0.518,0.696
LEU_50_A_CD1,56.168,-25.781,45.259,0.473,0.727,0.498
LEU_50_A_CD1,56.583,-27.755,42.465,0.709,-0.221,-0.67
LEU_50_A_CD1,56.484,-28.219,42.636,0.645,-0.521,-0.56
LEU_50_A_CD1,54.733,-28.085,45.535,-0.323,-0.371,0.871
LEU_50_A_CD1,54.489,-27.626,45.553,-0.461,-0.111,0.881
LEU_50_A_CD1,54.309,-28.011,45.441,-0.181,-0.133,0.974
LEU_50_A_CD1,54.089,-27.559,45.382,-0.313,0.14,0.939
LEU_50_A_CD1,55.678,-27.235,45.997,-0.0,0.0,1.0
LEU_50_A_CD1,56.101,-27.235,45.949,0.223,0.0,0.975
LEU_50_A_CD1,55.467,-27.601,45.949,-0.111,-0.193,0.975
LEU_50_A_CD1,55.889,-27.601,45.949,0.111,-0.193,0.975
LEU_50_A_CD1,54.984,-27.681,45.809,-0.365,-0.235,0.901
LEU_50_A_CD1,55.336,-27.985,45.809,-0.18,-0.395,0.901
LEU_50_A_CD1,56.218,-27.858,45.809,0.284,-0.328,0.901
LEU_50_A_CD1,56.469,-27.467,45.809,0.416,-0.122,0.901
LEU_50_A_CD1,56.469,-27.003,45.809,0.416,0.122,0.901
LEU_50_A_CD1,56.218,-26.612,45.809,0.284,0.328,0.901
LEU_50_A_CD1,56.863,-27.235,45.582,0.623,0.0,0.782
LEU_50_A_CD1,56.772,-26.782,45.582,0.576,0.239,0.782
LEU_50_A_CD1,56.516,-26.397,45.582,0.441,0.441,0.782
LEU_50_A_CD1,56.772,-27.688,45.582,0.576,-0.239,0.782
LEU_50_A_CD1,57.091,-27.694,45.282,0.744,-0.242,0.623
LEU_50_A_CD1,57.163,-27.235,45.282,0.782,-0.0,0.623
LEU_50_A_CD1,57.091,-26.776,45.282,0.744,0.242,0.623
LEU_50_A_CD1,56.88,-26.362,45.282,0.633,0.46,0.623
LEU_50_A_CD1,56.551,-26.033,45.282,0.46,0.633,0.623
LEU_50_A_CD1,57.39,-27.235,44.921,0.901,0.0,0.434
LEU_50_A_CD1,57.326,-26.773,44.921,0.868,0.243,0.434
LEU_50_A_CD1,57.141,-26.346,44.921,0.77,0.468,0.434
LEU_50_A_CD1,56.846,-25.984,44.921,0.615,0.658,0.434
LEU_50_A_CD1,56.466,-25.715,44.921,0.415,0.8,0.434
LEU_50_A_CD1,57.141,-28.124,44.921,0.77,-0.468,0.434
LEU_50_A_CD1,57.326,-27.697,44.921,0.868,-0.243,0.434
LEU_50_A_CD1,57.4,-27.917,44.52,0.906,-0.359,0.223
LEU_50_A_CD1,57.516,-27.467,44.52,0.967,-0.122,0.223
LEU_50_A_CD1,56.859,-25.808,44.52,0.621,0.751,0.223
LEU_50_A_CD1,57.1,-28.495,44.097,0.749,-0.663,0.0
LEU_50_A_CD1,57.36,-28.118,44.097,0.885,-0.465,0.0
LEU_50_A_CD1,57.523,-27.69,44.097,0.971,-0.239,0.0
LEU_50_A_CD1,56.859,-28.662,43.674,0.621,-0.751,-0.223
LEU_50_A_CD1,57.177,-28.324,43.674,0.789,-0.573,-0.223
LEU_50_A_CD1,57.4,-27.917,43.674,0.906,-0.359,-0.223
LEU_50_A_CD1,56.846,-28.486,43.273,0.615,-0.658,-0.434
LEU_50_A_CD1,57.141,-28.124,43.273,0.77,-0.468,-0.434
LEU_50_A_CD1,56.551,-28.437,42.912,0.46,-0.633,-0.623
LEU_50_A_CD1,56.88,-28.108,42.912,0.633,-0.46,-0.623
LEU_50_A_CD1,56.772,-27.688,42.612,0.576,-0.239,-0.782
LEU_50_A_CD2,51.657,-28.541,44.28,-0.611,-0.444,0.655
LEU_50_A_CD2,54.12,-28.404,45.378,0.115,-0.144,0.983
LEU_50_A_CD2,53.877,-27.944,45.396,-0.023,0.117,0.993
LEU_50_A_CD2,52.105,-28.635,44.797,-0.717,-0.383,0.582
LEU_50_A_CD2,52.414,-28.618,45.084,-0.508,-0.371,0.777
LEU_50_A_CD2,52.746,-28.466,45.297,-0.284,-0.268,0.92
LEU_50_A_CD2,53.054,-28.198,45.405,-0.076,-0.087,0.993
LEU_50_A_CD2,53.297,-27.853,45.393,0.088,0.146,0.985
LEU_50_A_CD2,52.745,-29.579,44.788,-0.356,-0.487,0.797
LEU_50_A_CD2,52.386,-29.38,44.682,-0.568,-0.37,0.735
LEU_50_A_CD2,52.447,-29.779,44.576,-0.384,-0.217,0.897
LEU_50_A_CD2,52.13,-29.588,44.426,-0.597,-0.089,0.797
LEU_50_A_CD2,52.034,-29.117,44.472,-0.715,-0.225,0.662
LEU_50_A_CD2,51.733,-29.302,44.162,-0.666,0.099,0.74
LEU_50_A_CD2,53.541,-28.346,45.449,-0.0,0.0,1.0
LEU_50_A_CD2,53.33,-28.712,45.401,-0.111,-0.193,0.975
LEU_50_A_CD2,53.752,-28.712,45.401,0.111,-0.193,0.975
LEU_50_A_CD2,52.847,-28.792,45.261,-0.365,-0.235,0.901
LEU_50_A_CD2,53.199,-29.096,45.261,-0.18,-0.395,0.901
LEU_50_A_CD2,52.703,-29.184,45.034,-0.441,-0.441,0.782
LEU_50_A_CD2,53.088,-29.44,45.034,-0.239,-0.576,0.782
LEU_50_A_H,54.397,-24.813,40.789,0.739,-0.157,-0.655
LEU_50_A_H,54.397,-25.252,40.789,0.739,0.157,-0.655
LEU_50_A_H,54.825,-24.58,41.052,0.437,-0.318,-0.841
LEU_50_A_H,54.908,-24.109,40.791,0.378,-0.654,-0.655
LEU_50_A_H,54.581,-24.403,40.791,0.611,-0.444,-0.655
LEU_50_A_HA,53.451,-28.311,40.238,0.541,-0.0,-0.841
LEU_50_A_HA,53.352,-27.689,39.977,0.611,-0.444,-0.655
LEU_50_A_HA,53.173,-28.091,39.977,0.739,-0.157,-0.655
LEU_50_A_HA,53.173,-28.531,39.977,0.739,0.157,-0.655
LEU_50_A_HA,52.935,-28.311,39.642,0.91,-0.0,-0.415
LEU_50_A_HA,53.02,-27.851,39.642,0.848,-0.329,-0.415
LEU_50_A_HA,53.077,-26.883,39.542,0.541,-0.0,-0.841
LEU_50_A_HA,53.384,-26.142,39.678,0.739,0.157,-0.655
LEU_50_A_HA,54.509,-26.945,40.755,0.739,0.157,-0.655
LEU_50_A_HA,54.271,-26.725,40.42,0.91,-0.0,-0.415
LEU_50_A_HA,54.276,-27.774,40.759,0.437,-0.318,-0.841
LEU_50_A_HA,54.032,-27.597,40.498,0.611,-0.444,-0.655
LEU_50_A_HA,53.854,-27.999,40.498,0.739,-0.157,-0.655
LEU_50_A_HA,53.854,-28.439,40.498,0.739,0.157,-0.655
LEU_50_A_HA,53.591,-27.997,40.277,0.441,-0.224,-0.869
LEU_50_A_HA,53.766,-27.622,40.23,0.578,-0.459,-0.675
LEU_50_A_HA,54.439,-27.296,40.668,0.613,-0.135,-0.778
LEU_50_A_HA,54.227,-27.16,40.42,0.765,-0.232,-0.601
LEU_50_A_HA,54.052,-27.474,40.421,0.597,-0.532,-0.6
LEU_50_A_HA,54.232,-26.456,40.358,0.81,0.009,-0.587
LEU_50_A_HA,53.937,-26.245,40.075,0.61,0.151,-0.778
LEU_50_A_HA,53.509,-26.508,39.726,0.504,0.05,-0.862
LEU_50_A_HA,53.169,-26.411,39.502,0.475,-0.337,-0.813
LEU_50_A_HA,53.368,-27.084,39.697,0.455,-0.118,-0.883
LEU_50_A_HA,53.45,-27.396,39.849,0.532,-0.414,-0.738
LEU_50_A_HA,53.136,-27.709,39.73,0.766,-0.43,-0.478
LEU_50_A_HA,54.198,-26.769,40.272,0.866,-0.0,-0.5
LEU_50_A_HA,53.93,-26.769,39.953,0.643,0.0,-0.766
LEU_50_A_HA,53.808,-27.186,39.953,0.541,-0.348,-0.766
LEU_50_A_HA,53.569,-26.769,39.744,0.342,-0.0,-0.94
LEU_50_A_HB2,54.675,-25.033,41.049,0.541,-0.0,-0.841
LEU_50_A_HB2,55.553,-25.985,41.6,0.739,-0.157,-0.655
LEU_50_A_HB2,55.998,-26.281,42.159,0.739,0.157,-0.655
LEU_50_A_HB2,56.29,-24.952,42.732,0.739,-0.157,-0.655
LEU_50_A_HB2,56.29,-25.392,42.732,0.739,0.157,-0.655
LEU_50_A_HB2,56.052,-25.172,42.396,0.91,-0.0,-0.415
LEU_50_A_HB2,56.138,-24.712,42.396,0.848,-0.329,-0.415
LEU_50_A_HB2,55.427,-24.404,41.438,0.739,-0.157,-0.655
LEU_50_A_HB2,55.631,-24.347,41.672,0.739,-0.157,-0.655
LEU_50_A_HB2,55.631,-24.787,41.672,0.739,0.157,-0.655
LEU_50_A_HB2,55.346,-24.486,41.355,0.797,-0.099,-0.596
LEU_50_A_HB2,55.287,-24.949,41.323,0.517,0.057,-0.854
LEU_50_A_HB2,55.978,-24.645,42.046,0.784,-0.184,-0.593
LEU_50_A_HB2,55.974,-25.099,42.173,0.965,-0.051,-0.256
LEU_50_A_HB2,56.148,-25.806,42.35,0.77,0.146,-0.621
LEU_50_A_HB2,55.889,-25.782,42.0,0.817,-0.199,-0.542
LEU_50_A_HB2,55.721,-25.962,41.784,0.792,-0.127,-0.597
LEU_50_A_HB2,55.154,-25.656,41.227,0.481,0.005,-0.877
LEU_50_A_HB2,55.422,-25.869,41.435,0.663,-0.14,-0.736
LEU_50_A_HB2,55.832,-25.372,41.769,0.866,-0.0,-0.5
LEU_50_A_HB2,55.564,-25.372,41.45,0.643,0.0,-0.766
LEU_50_A_HB2,55.203,-25.372,41.241,0.342,-0.0,-0.94
LEU_50_A_HB3,51.993,-25.025,44.637,0.437,0.318,0.841
LEU_50_A_HB3,52.21,-24.58,44.472,0.282,-0.0,0.959
LEU_50_A_HB3,52.483,-24.955,44.472,0.087,0.268,0.959
LEU_50_A_HB3,52.924,-24.812,44.472,-0.228,0.166,0.959
LEU_50_A_HB3,51.979,-25.914,44.558,0.282,-0.0,0.959
LEU_50_A_HB3,52.692,-26.146,44.558,-0.228,0.166,0.959
LEU_50_A_HB3,52.692,-25.683,44.558,-0.228,-0.166,0.959
LEU_50_A_HB3,52.251,-25.539,44.558,0.087,-0.268,0.959
LEU_50_A_HB3,53.845,-26.087,44.959,-0.541,-0.0,0.841
LEU_50_A_HB3,53.407,-26.319,44.794,-0.228,0.166,0.959
LEU_50_A_HB3,53.407,-25.855,44.794,-0.228,-0.166,0.959
LEU_50_A_HB3,54.248,-25.343,44.845,-0.167,0.514,0.841
LEU_50_A_HB3,53.892,-24.998,44.68,0.087,0.268,0.959
LEU_50_A_HB3,54.333,-24.855,44.68,-0.228,0.166,0.959
LEU_50_A_HB3,53.483,-24.933,44.678,-0.135,0.238,0.962
LEU_50_A_HB3,53.639,-25.729,44.867,-0.269,0.031,0.963
LEU_50_A_HB3,53.84,-25.411,44.842,-0.076,0.335,0.939
LEU_50_A_HB3,53.161,-25.996,44.719,-0.313,0.004,0.95
LEU_50_A_HB3,52.905,-26.406,44.703,-0.38,0.351,0.856
LEU_50_A_HB3,52.936,-25.403,44.651,-0.276,0.109,0.955
LEU_50_A_HB3,52.552,-25.177,44.55,0.038,0.427,0.904
LEU_50_A_HB3,52.143,-25.265,44.649,0.291,0.011,0.957
LEU_50_A_HB3,53.411,-25.231,44.769,-0.171,0.296,0.94
LEU_50_A_HB3,53.206,-25.586,44.769,-0.342,0.0,0.94
LEU_50_A_HG,54.932,-27.17,41.016,0.437,0.318,-0.841
LEU_50_A_HG,54.851,-26.628,41.079,0.541,-0.0,-0.841
LEU_50_A_HG,54.569,-27.987,40.924,0.228,-0.166,-0.959
LEU_50_A_HG,54.569,-28.451,40.924,0.228,0.166,-0.959
LEU_50_A_HG,54.132,-28.219,40.759,0.541,-0.0,-0.841
LEU_50_A_HG,55.318,-29.348,41.477,0.541,-0.0,-0.841
LEU_50_A_HG,55.462,-28.903,41.477,0.437,-0.318,-0.841
LEU_50_A_HG,55.04,-29.128,41.216,0.739,-0.157,-0.655
LEU_50_A_HG,56.258,-27.115,42.104,0.739,0.157,-0.655
LEU_50_A_HG,56.105,-27.355,41.768,0.848,0.329,-0.415
LEU_50_A_HG,55.898,-29.337,42.62,0.91,-0.0,-0.415
LEU_50_A_HG,56.231,-28.48,42.62,0.672,-0.613,-0.415
LEU_50_A_HG,55.984,-28.877,42.62,0.848,-0.329,-0.415
LEU_50_A_HG,55.953,-28.678,42.237,0.871,-0.471,-0.142
LEU_50_A_HG,55.805,-29.109,42.237,0.976,-0.163,-0.142
LEU_50_A_HG,55.453,-29.074,41.523,0.444,-0.196,-0.874
LEU_50_A_HG,55.898,-28.684,41.875,0.852,-0.452,-0.264
LEU_50_A_HG,55.67,-28.687,41.514,0.608,-0.454,-0.652
LEU_50_A_HG,56.23,-27.474,41.936,0.864,0.162,-0.476
LEU_50_A_HG,56.28,-28.08,42.152,0.888,-0.313,-0.337
LEU_50_A_HG,56.116,-28.462,42.319,0.754,-0.625,-0.201
LEU_50_A_HG,55.906,-27.074,41.654,0.706,0.379,-0.598
LEU_50_A_HG,55.421,-27.057,41.265,0.425,0.424,-0.8
LEU_50_A_HG,55.086,-26.836,41.184,0.373,0.149,-0.916
LEU_50_A_HG,55.017,-28.291,41.005,0.169,-0.142,-0.975
LEU_50_A_HG,55.272,-28.532,41.159,0.421,-0.382,-0.823
LEU_50_A_HG,54.893,-28.727,41.0,0.493,-0.035,-0.869
LEU_50_A_HG,55.077,-28.941,41.194,0.712,-0.291,-0.639
LEU_50_A_HG,55.073,-27.43,40.986,0.265,0.234,-0.935
LEU_50_A_HG,54.93,-27.755,40.93,0.129,-0.076,-0.989
LEU_50_A_HG,54.546,-27.729,40.847,0.244,-0.35,-0.904
LEU_50_A_HG,56.153,-28.275,41.937,0.91,-0.377,-0.174
LEU_50_A_HG,55.997,-28.274,41.545,0.78,-0.376,-0.5
LEU_50_A_HG,56.1,-27.823,41.545,0.866,-0.0,-0.5
LEU_50_A_HG,55.997,-27.372,41.545,0.78,0.376,-0.5
LEU_50_A_HG,55.832,-27.823,41.226,0.643,0.0,-0.766
LEU_50_A_HG,55.71,-27.406,41.226,0.541,0.348,-0.766
LEU_50_A_HG,55.71,-28.24,41.226,0.541,-0.348,-0.766
LEU_50_A_HG,55.266,-28.178,41.017,0.171,-0.296,-0.94
LEU_50_A_HG,55.471,-27.823,41.017,0.342,-0.0,-0.94
LEU_50_A_HG,55.266,-27.468,41.017,0.171,0.296,-0.94
LEU_50_A_HD11,54.123,-26.307,45.22,-0.739,0.157,0.655
LEU_50_A_HD11,53.7,-26.532,44.959,-0.437,0.318,0.841
LEU_50_A_HD11,54.407,-27.363,45.52,-0.541,-0.0,0.841
LEU_50_A_HD11,53.969,-27.595,45.354,-0.228,0.166,0.959
LEU_50_A_HD11,54.543,-25.54,45.106,-0.378,0.654,0.655
LEU_50_A_HD11,54.937,-25.304,45.044,-0.079,0.752,0.655
LEU_50_A_HD11,55.355,-25.168,45.044,-0.378,0.654,0.655
LEU_50_A_HD11,55.06,-24.972,44.783,-0.167,0.514,0.841
LEU_50_A_HD11,55.439,-24.697,44.783,-0.437,0.318,0.841
LEU_50_A_HD11,55.146,-24.484,44.618,-0.228,0.166,0.959
LEU_50_A_HD11,55.919,-25.524,45.076,0.548,0.726,0.415
LEU_50_A_HD11,55.72,-24.938,44.74,0.69,0.307,0.655
LEU_50_A_HD11,55.979,-25.294,44.74,0.506,0.562,0.655
LEU_50_A_HD11,55.93,-24.508,44.479,0.541,-0.0,0.841
LEU_50_A_HD11,56.074,-24.953,44.479,0.437,0.318,0.841
LEU_50_A_HD11,55.447,-24.455,44.885,0.756,-0.0,0.655
LEU_50_A_HD11,55.539,-24.885,44.885,0.69,0.307,0.655
LEU_50_A_HD11,54.843,-25.488,45.245,-0.305,0.763,0.57
LEU_50_A_HD11,54.844,-25.216,44.945,-0.013,0.688,0.725
LEU_50_A_HD11,54.576,-24.984,44.772,-0.114,0.403,0.908
LEU_50_A_HD11,54.256,-26.085,45.313,-0.71,0.285,0.645
LEU_50_A_HD11,54.458,-25.766,45.288,-0.517,0.589,0.621
LEU_50_A_HD11,54.068,-25.763,45.038,-0.419,0.331,0.845
LEU_50_A_HD11,54.281,-25.493,44.959,-0.191,0.621,0.76
LEU_50_A_HD11,54.26,-26.708,45.495,-0.688,0.037,0.724
LEU_50_A_HD11,53.894,-26.704,45.173,-0.576,0.441,0.689
LEU_50_A_HD11,55.302,-26.558,46.058,-0.0,0.0,1.0
LEU_50_A_HD11,55.712,-26.558,45.986,0.342,0.0,0.94
LEU_50_A_HD11,55.507,-26.203,45.986,0.171,0.296,0.94
LEU_50_A_HD11,55.097,-26.203,45.986,-0.171,0.296,0.94
LEU_50_A_HD11,54.892,-26.558,45.986,-0.342,0.0,0.94
LEU_50_A_HD11,55.097,-26.913,45.986,-0.171,-0.296,0.94
LEU_50_A_HD11,54.531,-26.558,45.777,-0.643,0.0,0.766
LEU_50_A_HD11,55.807,-25.975,45.777,0.421,0.486,0.766
LEU_50_A_HD11,55.412,-25.795,45.777,0.091,0.636,0.766
LEU_50_A_HD11,54.982,-25.856,45.777,-0.267,0.585,0.766
LEU_50_A_HD11,54.653,-26.141,45.777,-0.541,0.348,0.766
LEU_50_A_HD11,55.95,-25.745,45.458,0.54,0.677,0.5
LEU_50_A_HD11,55.071,-25.545,45.458,-0.193,0.844,0.5
LEU_50_A_HD11,54.654,-25.745,45.458,-0.54,0.677,0.5
LEU_50_A_HD12,55.126,-28.549,45.457,-0.437,-0.318,0.841
LEU_50_A_HD12,54.392,-28.619,45.292,0.087,-0.268,0.959
LEU_50_A_HD12,55.497,-29.545,44.349,0.249,-0.875,0.415
LEU_50_A_HD12,56.199,-29.323,44.278,0.398,-0.906,-0.142
LEU_50_A_HD12,56.299,-29.028,43.554,0.67,-0.728,-0.142
LEU_50_A_HD12,56.018,-29.388,43.554,0.871,-0.471,-0.142
LEU_50_A_HD12,55.927,-29.597,43.156,0.936,-0.321,0.142
LEU_50_A_HD12,55.292,-28.31,45.646,-0.335,-0.364,0.869
LEU_50_A_HD12,55.675,-28.165,45.782,-0.076,-0.266,0.961
LEU_50_A_HD12,56.099,-28.083,45.772,0.211,-0.21,0.955
LEU_50_A_HD12,56.502,-28.076,45.619,0.483,-0.206,0.851
LEU_50_A_HD12,56.828,-28.145,45.344,0.703,-0.252,0.665
LEU_50_A_HD12,57.028,-28.279,44.986,0.839,-0.343,0.423
LEU_50_A_HD12,57.075,-28.461,44.597,0.87,-0.466,0.16
LEU_50_A_HD12,56.962,-28.662,44.233,0.794,-0.602,-0.086
LEU_50_A_HD12,56.704,-28.856,43.945,0.62,-0.733,-0.281
LEU_50_A_HD12,56.277,-29.239,44.051,0.565,-0.795,-0.222
LEU_50_A_HD12,55.963,-29.462,43.842,0.566,-0.807,0.169
LEU_50_A_HD12,55.982,-29.411,44.407,0.294,-0.951,0.094
LEU_50_A_HD12,55.614,-29.581,44.219,0.206,-0.853,0.48
LEU_50_A_HD12,55.565,-29.83,43.875,0.592,-0.652,0.474
LEU_50_A_HD12,55.592,-29.364,44.842,0.061,-0.934,0.353
LEU_50_A_HD12,55.415,-29.19,45.134,-0.108,-0.768,0.631
LEU_50_A_HD12,55.216,-28.919,45.319,-0.297,-0.51,0.807
LEU_50_A_HD12,55.054,-29.339,44.989,0.15,-0.661,0.735
LEU_50_A_HD12,54.775,-28.935,45.203,-0.147,-0.232,0.961
LEU_50_A_HD12,55.669,-28.55,45.696,-0.171,-0.296,0.94
LEU_50_A_HD12,56.079,-28.55,45.696,0.171,-0.296,0.94
LEU_50_A_HD12,55.554,-28.897,45.487,-0.267,-0.585,0.766
LEU_50_A_HD12,55.984,-28.958,45.487,0.091,-0.636,0.766
LEU_50_A_HD12,56.379,-28.778,45.487,0.421,-0.486,0.766
LEU_50_A_HD12,56.614,-28.412,45.487,0.617,-0.181,0.766
LEU_50_A_HD12,56.105,-29.208,45.168,0.193,-0.844,0.5
LEU_50_A_HD12,56.522,-29.008,45.168,0.54,-0.677,0.5
LEU_50_A_HD12,56.81,-28.646,45.168,0.78,-0.376,0.5
LEU_50_A_HD12,55.874,-29.377,44.776,-0.0,-0.985,0.174
LEU_50_A_HD12,56.326,-29.287,44.776,0.377,-0.91,0.174
LEU_50_A_HD12,56.71,-29.031,44.776,0.696,-0.696,0.174
LEU_50_A_HD12,56.966,-28.647,44.776,0.91,-0.377,0.174
LEU_50_A_HD12,56.326,-29.287,44.36,0.377,-0.91,-0.174
LEU_50_A_HD12,56.71,-29.031,44.36,0.696,-0.696,-0.174
LEU_50_A_HD13,56.42,-26.506,42.42,0.437,0.318,-0.841
LEU_50_A_HD13,56.568,-25.172,42.993,0.541,-0.0,-0.841
LEU_50_A_HD13,56.469,-25.793,42.732,0.611,0.444,-0.655
LEU_50_A_HD13,56.311,-24.333,43.981,0.894,-0.167,0.415
LEU_50_A_HD13,56.311,-24.801,43.981,0.894,0.167,0.415
LEU_50_A_HD13,56.48,-25.237,43.981,0.773,0.479,0.415
LEU_50_A_HD13,56.565,-25.211,43.796,0.773,0.479,0.415
LEU_50_A_HD13,57.075,-25.686,43.732,0.609,0.775,0.167
LEU_50_A_HD13,57.138,-25.764,43.364,0.681,0.687,-0.255
LEU_50_A_HD13,56.986,-25.86,43.026,0.508,0.576,-0.64
LEU_50_A_HD13,56.897,-25.463,43.32,0.853,0.472,-0.223
LEU_50_A_HD13,56.692,-25.561,43.001,0.452,0.279,-0.847
LEU_50_A_HD13,56.748,-25.111,43.252,0.96,0.221,-0.175
LEU_50_A_HD13,57.002,-27.453,42.718,0.548,-0.305,-0.779
LEU_50_A_HD13,57.23,-27.646,43.036,0.701,-0.435,-0.564
LEU_50_A_HD13,57.422,-27.692,43.424,0.832,-0.467,-0.301
LEU_50_A_HD13,57.551,-27.584,43.826,0.919,-0.394,-0.029
LEU_50_A_HD13,57.598,-27.339,44.184,0.95,-0.228,0.212
LEU_50_A_HD13,57.555,-26.992,44.444,0.921,0.007,0.388
LEU_50_A_HD13,57.43,-26.594,44.569,0.837,0.276,0.473
LEU_50_A_HD13,57.24,-26.202,44.541,0.708,0.541,0.454
LEU_50_A_HD13,57.013,-25.875,44.363,0.555,0.762,0.334
LEU_50_A_HD13,56.794,-27.105,42.503,0.462,-0.101,-0.881
LEU_50_A_HD13,56.502,-27.431,42.321,0.742,-0.122,-0.659
LEU_50_A_HD13,56.716,-26.184,42.647,0.364,0.417,-0.833
LEU_50_A_HD13,56.329,-26.184,42.446,0.503,0.088,-0.86
LEU_50_A_HD13,56.71,-26.703,42.48,0.33,0.164,-0.929
LEU_50_A_HD13,56.485,-26.987,42.326,0.577,0.065,-0.814
LEU_50_A_HD13,57.637,-26.818,44.291,0.866,0.0,0.5
LEU_50_A_HD13,57.534,-26.367,44.291,0.78,0.376,0.5
LEU_50_A_HD13,57.246,-26.005,44.291,0.54,0.677,0.5
LEU_50_A_HD13,57.69,-27.27,43.899,0.91,-0.377,0.174
LEU_50_A_HD13,57.78,-26.818,43.899,0.985,0.0,0.174
LEU_50_A_HD13,57.69,-26.366,43.899,0.91,0.377,0.174
LEU_50_A_HD13,57.434,-25.982,43.899,0.696,0.696,0.174
LEU_50_A_HD13,57.78,-26.818,43.483,0.985,0.0,-0.174
LEU_50_A_HD13,57.69,-26.366,43.483,0.91,0.377,-0.174
LEU_50_A_HD13,57.434,-25.982,43.483,0.696,0.696,-0.174
LEU_50_A_HD13,57.69,-27.27,43.483,0.91,-0.377,-0.174
LEU_50_A_HD13,57.534,-27.269,43.091,0.78,-0.376,-0.5
LEU_50_A_HD13,57.637,-26.818,43.091,0.866,-0.0,-0.5
LEU_50_A_HD13,57.534,-26.367,43.091,0.78,0.376,-0.5
LEU_50_A_HD13,57.246,-26.005,43.091,0.54,0.677,-0.5
LEU_50_A_HD13,57.369,-26.818,42.772,0.643,0.0,-0.766
LEU_50_A_HD13,57.247,-26.401,42.772,0.541,0.348,-0.766
LEU_50_A_HD13,57.247,-27.235,42.772,0.541,-0.348,-0.766
LEU_50_A_HD13,57.008,-26.818,42.563,0.342,-0.0,-0.94
LEU_50_A_HD13,56.803,-26.463,42.563,0.171,0.296,-0.94
LEU_50_A_HD21,52.154,-27.251,45.037,-0.437,0.318,0.841
LEU_50_A_HD21,51.861,-27.038,44.871,-0.228,0.166,0.959
LEU_50_A_HD21,51.373,-28.169,44.384,-0.378,-0.654,0.655
LEU_50_A_HD21,51.761,-26.359,44.723,0.437,0.318,0.841
LEU_50_A_HD21,52.139,-26.634,44.723,0.167,0.514,0.841
LEU_50_A_HD21,52.607,-26.634,44.723,-0.167,0.514,0.841
LEU_50_A_HD21,52.251,-26.29,44.558,0.087,0.268,0.959
LEU_50_A_HD21,53.466,-27.659,45.33,0.087,0.268,0.959
LEU_50_A_HD21,53.322,-26.807,44.959,-0.167,0.514,0.841
LEU_50_A_HD21,53.625,-27.096,45.221,-0.235,0.314,0.92
LEU_50_A_HD21,53.167,-27.006,45.083,-0.056,0.656,0.753
LEU_50_A_HD21,52.887,-26.827,44.939,-0.117,0.598,0.793
LEU_50_A_HD21,52.34,-27.078,45.031,-0.238,0.512,0.825
LEU_50_A_HD21,52.135,-26.777,44.824,0.17,0.616,0.769
LEU_50_A_HD21,51.839,-28.156,44.83,-0.657,-0.422,0.625
LEU_50_A_HD21,51.929,-27.783,45.023,-0.564,-0.034,0.825
LEU_50_A_HD21,51.563,-27.831,44.809,-0.388,-0.348,0.853
LEU_50_A_HD21,51.646,-27.497,44.88,-0.27,0.13,0.954
LEU_50_A_HD21,51.206,-27.717,44.754,-0.133,-0.43,0.893
LEU_50_A_HD21,52.057,-27.413,45.047,-0.467,0.252,0.847
LEU_50_A_HD21,52.871,-27.851,45.439,-0.0,0.0,1.0
LEU_50_A_HD21,53.076,-27.496,45.367,0.171,0.296,0.94
LEU_50_A_HD21,52.666,-27.496,45.367,-0.171,0.296,0.94
LEU_50_A_HD21,52.461,-27.851,45.367,-0.342,0.0,0.94
LEU_50_A_HD21,52.666,-28.206,45.367,-0.171,-0.296,0.94
LEU_50_A_HD21,52.1,-27.851,45.158,-0.643,0.0,0.766
LEU_50_A_HD21,52.222,-28.268,45.158,-0.541,-0.348,0.766
LEU_50_A_HD21,52.981,-27.088,45.158,0.091,0.636,0.766
LEU_50_A_HD21,52.551,-27.149,45.158,-0.267,0.585,0.766
LEU_50_A_HD21,52.222,-27.434,45.158,-0.541,0.348,0.766
LEU_50_A_HD23,53.902,-30.582,44.413,0.167,-0.514,0.841
LEU_50_A_HD23,54.014,-30.927,44.248,0.087,-0.268,0.959
LEU_50_A_HD23,53.001,-30.227,44.59,-0.228,-0.166,0.959
LEU_50_A_HD23,54.447,-28.885,45.205,0.087,-0.268,0.959
LEU_50_A_HD23,55.078,-29.753,44.349,0.548,-0.726,0.415
LEU_50_A_HD23,55.137,-29.983,44.014,0.506,-0.562,0.655
LEU_50_A_HD23,54.879,-30.339,44.014,0.69,-0.307,0.655
LEU_50_A_HD23,54.523,-30.836,44.21,0.401,-0.171,0.9
LEU_50_A_HD23,54.473,-30.504,44.348,0.437,-0.408,0.802
LEU_50_A_HD23,54.737,-30.398,44.161,0.792,-0.265,0.55
LEU_50_A_HD23,54.272,-30.263,44.609,0.249,-0.671,0.699
LEU_50_A_HD23,54.635,-30.15,44.469,0.618,-0.556,0.556
LEU_50_A_HD23,54.889,-29.745,44.642,0.563,-0.662,0.496
LEU_50_A_HD23,54.712,-29.571,44.935,0.394,-0.496,0.774
LEU_50_A_HD23,54.513,-29.3,45.12,0.205,-0.238,0.949
LEU_50_A_HD23,53.323,-29.553,45.032,-0.303,-0.48,0.823
LEU_50_A_HD23,53.622,-29.323,45.205,-0.101,-0.324,0.941
LEU_50_A_HD23,53.988,-29.131,45.248,0.147,-0.194,0.97
LEU_50_A_HD23,53.755,-30.229,44.728,0.029,-0.638,0.769
LEU_50_A_HD23,53.449,-30.052,44.8,-0.283,-0.457,0.843
LEU_50_A_HD23,53.118,-30.297,44.613,-0.312,-0.116,0.943
LEU_50_A_HD23,53.747,-29.591,45.151,-0.171,-0.296,0.94
LEU_50_A_HD23,54.157,-29.591,45.151,0.171,-0.296,0.94
LEU_50_A_HD23,53.632,-29.938,44.942,-0.267,-0.585,0.766
LEU_50_A_HD23,54.062,-29.999,44.942,0.091,-0.636,0.766
LEU_50_A_HD23,54.457,-29.819,44.942,0.421,-0.486,0.766
LYS_51_A_CA,51.146,-26.785,44.872,0.283,-0.015,0.959
LYS_51_A_CA,50.777,-26.727,45.027,0.447,-0.238,0.862
LYS_51_A_CA,50.326,-26.529,45.363,0.444,-0.391,0.807
LYS_51_A_O,46.562,-26.764,43.501,-0.848,-0.329,0.415
LYS_51_A_O,46.382,-26.584,42.656,-0.976,-0.163,0.142
LYS_51_A_O,46.531,-27.379,41.771,-0.936,-0.321,-0.142
LYS_51_A_O,46.791,-26.915,43.822,-0.848,-0.329,0.415
LYS_51_A_O,47.839,-28.013,44.04,-0.611,-0.444,0.655
LYS_51_A_O,47.512,-27.719,44.04,-0.378,-0.654,0.655
LYS_51_A_O,47.74,-28.635,43.779,-0.541,-0.0,0.841
LYS_51_A_O,47.596,-28.19,43.779,-0.437,-0.318,0.841
LYS_51_A_O,47.258,-28.822,41.906,-0.894,-0.167,-0.415
LYS_51_A_O,47.089,-28.386,41.906,-0.773,-0.479,-0.415
LYS_51_A_O,47.317,-28.606,41.524,-0.936,-0.321,-0.142
LYS_51_A_O,47.1,-28.205,41.524,-0.781,-0.608,-0.142
LYS_51_A_O,47.225,-28.397,41.126,-0.871,-0.471,0.142
LYS_51_A_O,46.945,-28.037,41.126,-0.67,-0.728,0.142
LYS_51_A_O,46.97,-28.682,42.333,-0.887,-0.256,-0.385
LYS_51_A_O,46.882,-28.649,42.777,-0.973,-0.224,0.054
LYS_51_A_O,46.999,-28.599,43.213,-0.857,-0.174,0.485
LYS_51_A_O,47.297,-28.54,43.551,-0.563,-0.116,0.818
LYS_51_A_O,46.765,-28.314,42.498,-0.858,-0.496,-0.133
LYS_51_A_O,46.782,-28.267,42.997,-0.844,-0.457,0.28
LYS_51_A_O,47.017,-28.205,43.435,-0.649,-0.406,0.643
LYS_51_A_O,47.422,-28.141,43.723,-0.314,-0.352,0.882
LYS_51_A_O,46.789,-27.984,41.84,-0.746,-0.579,-0.329
LYS_51_A_O,46.598,-27.686,41.899,-0.894,-0.349,-0.283
LYS_51_A_O,46.708,-27.757,41.527,-0.846,-0.529,-0.063
LYS_51_A_O,46.566,-27.445,41.589,-0.962,-0.274,-0.012
LYS_51_A_O,46.883,-27.425,43.743,-0.758,-0.263,0.597
LYS_51_A_O,47.2,-27.715,43.871,-0.479,-0.518,0.709
LYS_51_A_O,47.112,-27.345,44.142,-0.698,-0.578,0.423
LYS_51_A_O,47.437,-27.529,44.228,-0.324,-0.79,0.521
LYS_51_A_O,46.414,-27.321,42.17,-0.958,-0.22,-0.185
LYS_51_A_O,46.366,-27.081,42.473,-0.998,-0.023,0.065
LYS_51_A_O,46.31,-26.947,42.108,-0.944,-0.315,0.098
LYS_51_A_O,46.321,-26.706,42.363,-0.933,-0.076,0.351
LYS_51_A_O,46.455,-26.989,43.109,-0.963,-0.058,0.263
LYS_51_A_O,46.51,-26.663,43.486,-0.811,-0.401,0.426
LYS_51_A_O,46.727,-27.522,43.538,-0.739,-0.157,0.655
LYS_51_A_O,46.906,-27.924,43.538,-0.611,-0.444,0.655
LYS_51_A_O,46.489,-27.302,43.203,-0.91,0.0,0.415
LYS_51_A_O,46.575,-27.762,43.203,-0.848,-0.329,0.415
LYS_51_A_O,46.395,-27.53,42.82,-0.976,-0.163,0.142
LYS_51_A_O,46.543,-27.962,42.82,-0.871,-0.471,0.142
LYS_51_A_O,46.451,-27.752,42.422,-0.936,-0.321,-0.142
LYS_51_A_O,46.668,-28.153,42.422,-0.781,-0.608,-0.142
LYS_51_A_O,46.679,-27.972,42.039,-0.773,-0.479,-0.415
LYS_51_A_CB,48.923,-23.266,45.38,-0.084,0.906,0.415
LYS_51_A_CB,48.916,-23.05,45.044,-0.079,0.752,0.655
LYS_51_A_CB,48.572,-22.718,44.783,0.167,0.514,0.841
LYS_51_A_CB,49.04,-22.718,44.783,-0.167,0.514,0.841
LYS_51_A_CB,49.809,-23.081,44.995,0.234,0.719,0.655
LYS_51_A_CB,50.512,-22.916,44.833,-0.032,0.451,0.892
LYS_51_A_CB,50.154,-23.099,44.957,-0.012,0.732,0.681
LYS_51_A_CB,50.052,-23.362,45.291,0.297,0.77,0.565
LYS_51_A_CB,49.107,-22.911,44.942,-0.204,0.653,0.73
LYS_51_A_CB,49.556,-23.183,45.239,0.185,0.82,0.541
LYS_51_A_CB,49.213,-23.162,45.252,-0.044,0.834,0.55
LYS_51_A_CB,50.09,-26.65,45.419,0.44,-0.392,0.808
LYS_51_A_CB,49.864,-26.436,45.672,0.314,-0.626,0.713
LYS_51_A_CB,50.382,-26.211,45.524,0.568,-0.521,0.637
LYS_51_A_CB,49.304,-23.798,46.139,0.262,0.716,0.647
LYS_51_A_CB,49.523,-26.238,46.009,0.329,-0.671,0.665
LYS_51_A_CB,49.608,-25.93,46.218,0.375,-0.502,0.779
LYS_51_A_CB,49.016,-23.425,45.706,0.052,0.865,0.5
LYS_51_A_CB,50.126,-26.172,45.783,0.46,-0.633,0.623
LYS_51_A_CB,49.712,-23.557,45.783,0.242,0.744,0.623
LYS_51_A_CB,49.601,-23.294,45.422,0.183,0.882,0.434
LYS_51_A_CB,49.136,-23.262,45.422,-0.061,0.899,0.434
LYS_51_A_CG,48.012,-23.308,45.985,0.249,0.875,0.415
LYS_51_A_CG,48.439,-23.218,45.38,0.249,0.875,0.415
LYS_51_A_CG,48.457,-23.223,45.38,0.249,0.875,0.415
LYS_51_A_CG,48.977,-26.658,45.916,0.423,-0.727,0.541
LYS_51_A_CG,49.38,-25.319,46.64,0.511,-0.178,0.841
LYS_51_A_CG,49.29,-26.123,46.283,0.555,-0.566,0.61
LYS_51_A_CG,49.356,-25.793,46.464,0.591,-0.386,0.709
LYS_51_A_CG,48.575,-23.335,45.616,0.165,0.955,0.246
LYS_51_A_CG,48.411,-26.786,46.208,0.426,-0.727,0.539
LYS_51_A_CG,48.053,-26.661,46.512,0.184,-0.642,0.744
LYS_51_A_CG,47.602,-26.527,46.631,-0.121,-0.552,0.825
LYS_51_A_CG,47.139,-26.409,46.546,-0.434,-0.472,0.767
LYS_51_A_CG,48.182,-23.277,45.803,0.286,0.898,0.336
LYS_51_A_CG,46.982,-25.518,46.974,-0.324,-0.335,0.885
LYS_51_A_CG,46.77,-25.165,47.067,-0.041,-0.363,0.931
LYS_51_A_CG,46.771,-25.906,46.679,-0.377,-0.539,0.754
LYS_51_A_CG,46.4,-25.584,46.793,-0.035,-0.494,0.869
LYS_51_A_CG,47.247,-25.571,47.069,-0.365,-0.235,0.901
LYS_51_A_CG,47.599,-25.875,47.069,-0.18,-0.395,0.901
LYS_51_A_CG,48.058,-25.941,47.069,0.062,-0.429,0.901
LYS_51_A_CG,47.103,-25.963,46.842,-0.441,-0.441,0.782
LYS_51_A_CG,47.488,-26.219,46.842,-0.239,-0.576,0.782
LYS_51_A_CG,47.941,-26.31,46.842,-0.0,-0.623,0.782
LYS_51_A_CG,48.394,-26.219,46.842,0.239,-0.576,0.782
LYS_51_A_CG,48.779,-25.963,46.842,0.441,-0.441,0.782
LYS_51_A_CG,49.035,-25.578,46.842,0.576,-0.239,0.782
LYS_51_A_CG,48.4,-26.538,46.542,0.242,-0.744,0.623
LYS_51_A_CG,48.814,-26.327,46.542,0.46,-0.633,0.623
LYS_51_A_CG,49.143,-25.998,46.542,0.633,-0.46,0.623
LYS_51_A_CG,48.729,-23.605,46.181,0.415,0.8,0.434
LYS_51_A_CG,48.289,-23.449,46.181,0.183,0.882,0.434
LYS_51_A_CG,48.729,-26.645,46.181,0.415,-0.8,0.434
LYS_51_A_CD,47.441,-22.419,45.009,0.234,0.719,0.655
LYS_51_A_CD,47.534,-22.132,44.748,0.167,0.514,0.841
LYS_51_A_CD,48.02,-23.01,45.38,0.548,0.726,0.415
LYS_51_A_CD,48.08,-22.78,45.045,0.506,0.562,0.655
LYS_51_A_CD,48.461,-23.0,45.045,0.234,0.719,0.655
LYS_51_A_CD,48.175,-22.438,44.784,0.437,0.318,0.841
LYS_51_A_CD,48.554,-22.713,44.784,0.167,0.514,0.841
LYS_51_A_CD,47.8,-22.155,44.74,-0.023,0.53,0.847
LYS_51_A_CD,47.843,-22.524,44.993,0.318,0.603,0.731
LYS_51_A_CD,47.447,-22.589,45.239,0.23,0.84,0.491
LYS_51_A_CD,46.168,-26.122,44.764,-0.51,-0.859,-0.054
LYS_51_A_CD,48.061,-23.091,45.484,0.519,0.784,0.341
LYS_51_A_CD,45.745,-25.825,44.162,-0.585,-0.811,-0.03
LYS_51_A_CD,47.486,-22.888,45.777,0.491,0.761,0.424
LYS_51_A_CD,47.172,-22.742,45.944,0.552,0.817,0.166
LYS_51_A_CD,45.504,-25.707,44.598,-0.571,-0.799,-0.189
LYS_51_A_CD,45.752,-25.9,44.875,-0.455,-0.888,-0.068
LYS_51_A_CD,47.616,-22.804,45.514,0.415,0.8,0.434
LYS_51_A_CE,46.803,-22.418,45.67,0.541,0.829,0.142
LYS_51_A_CE,46.598,-22.157,45.113,-0.024,0.959,0.281
LYS_51_A_CE,46.562,-22.269,45.555,0.351,0.922,0.165
LYS_51_A_CE,46.547,-24.692,47.302,0.189,-0.334,0.923
LYS_51_A_CE,46.35,-25.196,47.071,0.128,-0.565,0.815
LYS_51_A_CE,45.071,-25.402,44.568,-0.498,-0.743,-0.448
LYS_51_A_CE,45.38,-25.736,44.961,-0.346,-0.901,-0.262
LYS_51_A_CE,45.797,-25.289,47.128,0.221,-0.53,0.819
LYS_51_A_CE,45.467,-25.041,47.295,-0.002,-0.362,0.932
LYS_51_A_CE,45.075,-24.829,47.305,-0.267,-0.219,0.939
LYS_51_A_CE,44.681,-24.686,47.154,-0.534,-0.122,0.837
LYS_51_A_CE,44.344,-24.633,46.867,-0.761,-0.086,0.642
LYS_51_A_CE,44.117,-24.678,46.486,-0.915,-0.117,0.385
LYS_51_A_CE,44.875,-25.647,45.19,-0.402,-0.772,-0.492
LYS_51_A_CE,43.996,-23.825,46.514,-0.849,-0.169,0.5
LYS_51_A_CE,44.209,-23.65,46.824,-0.713,-0.057,0.699
LYS_51_A_CE,44.477,-23.416,47.038,-0.542,0.092,0.835
LYS_51_A_CE,44.776,-23.146,47.136,-0.351,0.265,0.898
LYS_51_A_CE,45.817,-22.086,45.918,0.314,0.942,0.12
LYS_51_A_CE,43.871,-24.277,46.117,-0.858,-0.213,0.468
LYS_51_A_CE,44.571,-25.221,44.753,-0.41,-0.817,-0.406
LYS_51_A_CE,45.314,-24.003,47.549,-0.223,0.0,0.975
LYS_51_A_CE,45.526,-24.369,47.549,-0.111,-0.193,0.975
LYS_51_A_CE,45.948,-24.369,47.549,0.111,-0.193,0.975
LYS_51_A_CE,44.913,-24.003,47.409,-0.434,0.0,0.901
LYS_51_A_CE,45.043,-24.449,47.409,-0.365,-0.235,0.901
LYS_51_A_CE,45.395,-24.753,47.409,-0.18,-0.395,0.901
LYS_51_A_CE,45.854,-24.819,47.409,0.062,-0.429,0.901
LYS_51_A_CE,46.277,-24.626,47.409,0.284,-0.328,0.901
LYS_51_A_CE,45.043,-23.557,47.409,-0.365,0.235,0.901
LYS_51_A_CE,44.643,-23.55,47.182,-0.576,0.239,0.782
LYS_51_A_CE,44.552,-24.003,47.182,-0.623,0.0,0.782
LYS_51_A_CE,44.643,-24.456,47.182,-0.576,-0.239,0.782
LYS_51_A_CE,46.19,-25.097,47.182,0.239,-0.576,0.782
LYS_51_A_CE,44.252,-24.003,46.882,-0.782,0.0,0.623
LYS_51_A_CE,44.041,-24.236,46.521,-0.893,-0.123,0.434
LYS_51_A_CE,44.75,-25.402,44.873,-0.52,-0.736,-0.434
LYS_51_A_NZ,43.859,-21.93,44.86,-0.535,0.71,-0.458
LYS_51_A_NZ,43.493,-22.272,44.979,-0.817,0.446,-0.366
LYS_51_A_NZ,43.342,-22.765,44.55,-0.78,0.578,-0.239
LYS_51_A_NZ,43.583,-22.78,44.119,-0.594,0.566,-0.571
LYS_51_A_NZ,43.813,-22.179,44.439,-0.616,0.669,-0.415
LYS_51_A_NZ,43.537,-22.534,44.439,-0.8,0.433,-0.415
LYS_51_A_HA,48.641,-27.593,44.689,-0.405,-0.814,0.415
LYS_51_A_HA,48.602,-27.816,44.353,-0.378,-0.654,0.655
LYS_51_A_HA,48.184,-27.68,44.353,-0.079,-0.752,0.655
LYS_51_A_HA,48.686,-28.288,44.093,-0.437,-0.318,0.841
LYS_51_A_HA,48.307,-28.013,44.093,-0.167,-0.514,0.841
LYS_51_A_HA,47.839,-28.013,44.093,0.167,-0.514,0.841
LYS_51_A_HA,48.392,-28.501,43.927,-0.228,-0.166,0.959
LYS_51_A_HA,49.559,-26.409,45.805,0.234,-0.719,0.655
LYS_51_A_HA,49.652,-26.696,45.544,0.167,-0.514,0.841
LYS_51_A_HA,49.031,-28.18,44.391,-0.611,-0.444,0.655
LYS_51_A_HA,48.932,-28.802,44.13,-0.541,-0.0,0.841
LYS_51_A_HA,50.01,-28.424,44.266,0.506,-0.562,0.655
LYS_51_A_HA,50.484,-28.491,44.005,0.167,-0.514,0.841
LYS_51_A_HA,50.106,-28.766,44.005,0.437,-0.318,0.841
LYS_51_A_HA,49.961,-29.21,44.005,0.541,-0.0,0.841
LYS_51_A_HA,50.657,-26.871,45.038,0.437,-0.318,0.841
LYS_51_A_HA,51.33,-28.247,44.28,-0.378,-0.654,0.655
LYS_51_A_HA,50.912,-28.111,44.28,-0.079,-0.752,0.655
LYS_51_A_HA,50.474,-28.157,44.28,0.234,-0.719,0.655
LYS_51_A_HA,51.035,-28.443,44.019,-0.167,-0.514,0.841
LYS_51_A_HA,50.567,-28.443,44.019,0.167,-0.514,0.841
LYS_51_A_HA,50.836,-27.647,44.79,0.131,-0.48,0.867
LYS_51_A_HA,50.919,-27.312,44.86,0.25,-0.002,0.968
LYS_51_A_HA,50.438,-27.8,44.793,0.344,-0.676,0.651
LYS_51_A_HA,50.527,-27.426,44.986,0.437,-0.289,0.852
LYS_51_A_HA,50.349,-26.946,45.199,0.465,-0.214,0.859
LYS_51_A_HA,49.949,-27.01,45.351,0.254,-0.216,0.943
LYS_51_A_HA,49.831,-28.179,44.633,0.206,-0.74,0.64
LYS_51_A_HA,49.284,-28.091,44.66,-0.365,-0.649,0.668
LYS_51_A_HA,49.491,-28.485,44.436,-0.032,-0.47,0.882
LYS_51_A_HA,49.06,-28.369,44.313,-0.632,-0.309,0.71
LYS_51_A_HA,49.644,-28.906,44.249,0.339,-0.221,0.914
LYS_51_A_HA,49.196,-28.834,44.271,-0.302,-0.118,0.946
LYS_51_A_HA,49.499,-27.165,45.371,0.05,-0.364,0.93
LYS_51_A_HA,49.362,-26.75,45.606,0.374,-0.475,0.797
LYS_51_A_HA,48.966,-27.667,44.907,-0.435,-0.714,0.548
LYS_51_A_HA,49.222,-27.486,45.19,-0.189,-0.541,0.82
LYS_51_A_HA,48.816,-27.399,45.187,-0.114,-0.787,0.606
LYS_51_A_HA,49.043,-27.17,45.39,0.145,-0.525,0.839
LYS_51_A_HA,49.913,-27.402,45.282,0.171,-0.296,0.94
LYS_51_A_HA,49.388,-27.749,45.073,-0.267,-0.585,0.766
LYS_51_A_HA,49.818,-27.81,45.073,0.091,-0.636,0.766
LYS_51_A_HA,50.213,-27.63,45.073,0.421,-0.486,0.766
LYS_51_A_HA,49.06,-27.86,44.754,-0.54,-0.677,0.5
LYS_51_A_HB2,49.973,-25.193,46.474,0.087,-0.268,0.959
LYS_51_A_HB2,49.949,-25.613,46.278,0.167,-0.514,0.841
LYS_51_A_HB2,50.489,-23.526,45.244,0.234,0.719,0.655
LYS_51_A_HB2,50.582,-23.24,44.983,0.167,0.514,0.841
LYS_51_A_HB2,50.469,-26.154,45.499,0.506,-0.562,0.655
LYS_51_A_HB2,50.775,-25.79,45.633,0.548,-0.726,0.415
LYS_51_A_HB2,50.834,-26.02,45.298,0.506,-0.562,0.655
LYS_51_A_HB2,50.93,-26.362,45.037,0.437,-0.318,0.841
LYS_51_A_HB2,51.42,-26.431,44.871,0.087,-0.268,0.959
LYS_51_A_HB2,51.353,-24.814,45.233,0.894,0.167,0.415
LYS_51_A_HB2,51.547,-24.58,44.898,0.756,-0.0,0.655
LYS_51_A_HB2,51.638,-25.01,44.898,0.69,0.307,0.655
LYS_51_A_HB2,51.993,-24.135,44.637,0.437,-0.318,0.841
LYS_51_A_HB2,51.848,-24.58,44.637,0.541,-0.0,0.841
LYS_51_A_HB2,50.937,-23.899,45.269,0.773,0.479,0.415
LYS_51_A_HB2,51.053,-23.659,44.934,0.69,0.307,0.655
LYS_51_A_HB2,51.312,-24.015,44.934,0.506,0.562,0.655
LYS_51_A_HB2,51.407,-23.674,44.673,0.437,0.318,0.841
LYS_51_A_HB2,51.786,-23.949,44.673,0.167,0.514,0.841
LYS_51_A_HB2,51.315,-25.914,44.984,0.756,-0.0,0.655
LYS_51_A_HB2,51.407,-25.484,44.984,0.69,-0.307,0.655
LYS_51_A_HB2,51.761,-25.47,44.723,0.437,-0.318,0.841
LYS_51_A_HB2,51.616,-25.914,44.723,0.541,-0.0,0.841
LYS_51_A_HB2,51.539,-24.085,44.853,0.343,0.612,0.713
LYS_51_A_HB2,51.357,-24.3,45.135,0.73,0.3,0.615
LYS_51_A_HB2,51.053,-24.135,45.4,0.69,0.648,0.322
LYS_51_A_HB2,51.101,-25.846,45.251,0.647,-0.368,0.668
LYS_51_A_HB2,51.124,-25.476,45.445,0.892,-0.313,0.326
LYS_51_A_HB2,50.792,-23.578,45.185,0.488,0.522,0.7
LYS_51_A_HB2,50.487,-23.718,45.515,0.235,0.856,0.461
LYS_51_A_HB2,51.791,-25.078,44.79,0.581,0.356,0.732
LYS_51_A_HB2,51.485,-25.123,45.089,0.761,-0.091,0.643
LYS_51_A_HB2,51.299,-24.814,45.369,0.933,0.167,0.319
LYS_51_A_HB2,50.593,-26.329,45.289,0.551,-0.394,0.736
LYS_51_A_HB2,50.327,-25.926,45.877,0.418,-0.687,0.594
LYS_51_A_HB2,50.068,-25.767,46.149,0.242,-0.58,0.778
LYS_51_A_HB2,49.918,-23.875,46.034,0.141,0.7,0.7
LYS_51_A_HB2,50.149,-23.713,45.748,0.297,0.81,0.506
LYS_51_A_HB2,49.915,-24.878,46.538,0.191,-0.034,0.981
LYS_51_A_HB2,49.879,-24.335,46.414,0.156,0.481,0.863
LYS_51_A_HB2,49.526,-24.591,46.65,0.469,0.228,0.853
LYS_51_A_HB2,49.425,-24.135,46.414,0.363,0.71,0.604
LYS_51_A_HB2,49.858,-25.406,46.416,0.202,-0.399,0.894
LYS_51_A_HB2,50.479,-24.862,46.443,0.342,0.0,0.94
LYS_51_A_HB2,50.274,-24.507,46.443,0.171,0.296,0.94
LYS_51_A_HB2,50.274,-25.217,46.443,0.171,-0.296,0.94
LYS_51_A_HB2,50.574,-25.445,46.234,0.421,-0.486,0.766
LYS_51_A_HB2,50.809,-25.079,46.234,0.617,-0.181,0.766
LYS_51_A_HB2,50.809,-24.645,46.234,0.617,0.181,0.766
LYS_51_A_HB2,50.574,-24.279,46.234,0.421,0.486,0.766
LYS_51_A_HB2,50.179,-24.099,46.234,0.091,0.636,0.766
LYS_51_A_HB2,51.108,-24.862,45.915,0.866,0.0,0.5
LYS_51_A_HB2,51.005,-24.411,45.915,0.78,0.376,0.5
LYS_51_A_HB2,50.717,-24.049,45.915,0.54,0.677,0.5
LYS_51_A_HB2,50.3,-23.849,45.915,0.193,0.844,0.5
LYS_51_A_HB2,50.717,-25.675,45.915,0.54,-0.677,0.5
LYS_51_A_HB2,51.005,-25.313,45.915,0.78,-0.376,0.5
LYS_51_A_HG2,46.432,-26.403,45.184,-0.781,-0.608,-0.142
LYS_51_A_HG2,46.096,-26.094,45.184,-0.541,-0.829,-0.142
LYS_51_A_HG2,46.652,-26.064,46.476,-0.378,-0.654,0.655
LYS_51_A_HG2,46.697,-26.524,44.603,-0.781,-0.608,-0.142
LYS_51_A_HG2,46.362,-26.215,44.603,-0.541,-0.829,-0.142
LYS_51_A_HG2,46.823,-26.716,44.204,-0.871,-0.471,0.142
LYS_51_A_HG2,46.542,-26.356,44.204,-0.67,-0.728,0.142
LYS_51_A_HG2,48.478,-26.889,45.983,0.548,-0.726,0.415
LYS_51_A_HG2,48.918,-26.899,45.647,0.234,-0.719,0.655
LYS_51_A_HG2,47.54,-27.366,44.758,-0.398,-0.906,0.142
LYS_51_A_HG2,47.551,-27.495,44.375,-0.405,-0.814,0.415
LYS_51_A_HG2,48.188,-27.352,45.071,-0.082,-0.986,0.142
LYS_51_A_HG2,48.191,-27.465,44.689,-0.084,-0.906,0.415
LYS_51_A_HG2,46.996,-27.041,44.467,-0.839,-0.538,0.08
LYS_51_A_HG2,47.26,-27.282,44.573,-0.522,-0.827,0.207
LYS_51_A_HG2,47.028,-27.093,44.925,-0.638,-0.758,-0.137
LYS_51_A_HG2,47.383,-27.294,45.019,-0.285,-0.957,-0.044
LYS_51_A_HG2,48.413,-27.34,45.23,-0.04,-0.948,0.317
LYS_51_A_HG2,48.644,-27.177,45.485,0.224,-0.761,0.608
LYS_51_A_HG2,48.249,-27.236,45.597,0.292,-0.904,0.314
LYS_51_A_HG2,48.499,-26.982,45.822,0.533,-0.66,0.53
LYS_51_A_HG2,46.575,-26.563,45.041,-0.8,-0.544,-0.252
LYS_51_A_HG2,46.342,-26.28,45.053,-0.717,-0.696,-0.049
LYS_51_A_HG2,46.511,-26.604,45.58,-0.792,-0.609,0.034
LYS_51_A_HG2,46.683,-26.544,46.109,-0.621,-0.549,0.559
LYS_51_A_HG2,46.298,-26.342,45.916,-0.524,-0.81,0.263
LYS_51_A_HG2,46.504,-26.159,46.325,-0.272,-0.586,0.763
LYS_51_A_HG2,47.007,-26.59,46.373,-0.541,-0.348,0.766
LYS_51_A_HG2,47.336,-26.875,46.373,-0.267,-0.585,0.766
LYS_51_A_HG2,47.766,-26.936,46.373,0.091,-0.636,0.766
LYS_51_A_HG2,47.008,-26.986,46.054,-0.54,-0.677,0.5
LYS_51_A_HG2,47.425,-27.186,46.054,-0.193,-0.844,0.5
LYS_51_A_HG2,47.887,-27.186,46.054,0.193,-0.844,0.5
LYS_51_A_HG2,48.304,-26.986,46.054,0.54,-0.677,0.5
LYS_51_A_HG2,46.82,-27.009,45.662,-0.696,-0.696,0.174
LYS_51_A_HG2,47.204,-27.265,45.662,-0.377,-0.91,0.174
LYS_51_A_HG2,47.656,-27.355,45.662,-0.0,-0.985,0.174
LYS_51_A_HG2,46.82,-27.009,45.246,-0.696,-0.696,-0.174
LYS_51_A_HG2,47.204,-27.265,45.246,-0.377,-0.91,-0.174
LYS_51_A_HG3,47.325,-25.229,47.192,-0.437,-0.318,0.841
LYS_51_A_HG3,48.066,-23.438,46.254,0.249,0.875,0.415
LYS_51_A_HG3,49.129,-25.137,46.9,0.69,-0.307,0.655
LYS_51_A_HG3,49.483,-25.123,46.64,0.437,-0.318,0.841
LYS_51_A_HG3,49.193,-24.837,46.924,0.706,-0.063,0.705
LYS_51_A_HG3,49.157,-24.295,46.8,0.672,0.452,0.587
LYS_51_A_HG3,48.816,-23.735,46.37,0.386,0.869,0.311
LYS_51_A_HG3,48.926,-25.42,46.984,0.608,-0.341,0.717
LYS_51_A_HG3,48.499,-25.634,47.127,0.319,-0.486,0.814
LYS_51_A_HG3,48.007,-25.649,47.208,-0.013,-0.496,0.868
LYS_51_A_HG3,47.544,-25.464,47.21,-0.327,-0.371,0.87
LYS_51_A_HG3,48.476,-23.581,46.374,0.303,0.903,0.304
LYS_51_A_HG3,47.518,-24.393,47.405,-0.214,0.115,0.97
LYS_51_A_HG3,47.734,-24.064,47.334,-0.006,0.433,0.902
LYS_51_A_HG3,47.907,-23.78,47.113,0.161,0.708,0.688
LYS_51_A_HG3,48.008,-23.586,46.779,0.259,0.894,0.365
LYS_51_A_HG3,47.325,-23.89,47.322,0.229,0.219,0.948
LYS_51_A_HG3,47.539,-23.54,47.05,0.462,0.603,0.651
LYS_51_A_HG3,47.629,-23.349,46.605,0.561,0.811,0.164
LYS_51_A_HG3,47.325,-24.876,47.324,-0.367,-0.203,0.908
LYS_51_A_HG3,47.007,-24.514,47.308,-0.039,-0.075,0.996
LYS_51_A_HG3,48.095,-24.751,47.571,-0.0,0.0,1.0
LYS_51_A_HG3,48.505,-24.751,47.499,0.342,0.0,0.94
LYS_51_A_HG3,48.3,-24.396,47.499,0.171,0.296,0.94
LYS_51_A_HG3,47.89,-24.396,47.499,-0.171,0.296,0.94
LYS_51_A_HG3,47.685,-24.751,47.499,-0.342,0.0,0.94
LYS_51_A_HG3,47.89,-25.106,47.499,-0.171,-0.296,0.94
LYS_51_A_HG3,48.3,-25.106,47.499,0.171,-0.296,0.94
LYS_51_A_HG3,48.6,-25.334,47.29,0.421,-0.486,0.766
LYS_51_A_HG3,48.835,-24.968,47.29,0.617,-0.181,0.766
LYS_51_A_HG3,48.835,-24.534,47.29,0.617,0.181,0.766
LYS_51_A_HG3,48.6,-24.168,47.29,0.421,0.486,0.766
LYS_51_A_HG3,48.205,-23.988,47.29,0.091,0.636,0.766
LYS_51_A_HG3,48.743,-23.938,46.971,0.54,0.677,0.5
LYS_51_A_HG3,48.326,-23.738,46.971,0.193,0.844,0.5
LYS_51_A_HG3,48.547,-23.659,46.579,0.377,0.91,0.174
LYS_51_A_HD3,45.005,-25.233,44.382,-0.548,-0.726,-0.415
LYS_51_A_HD3,45.331,-25.398,44.0,-0.781,-0.608,-0.142
LYS_51_A_HD3,45.191,-24.508,43.387,-0.541,-0.0,-0.841
LYS_51_A_HD3,45.046,-24.063,43.387,-0.437,-0.318,-0.841
LYS_51_A_HD3,45.492,-24.508,43.126,-0.756,-0.0,-0.655
LYS_51_A_HD3,45.4,-24.077,43.126,-0.69,-0.307,-0.655
LYS_51_A_HD3,45.142,-23.722,43.126,-0.506,-0.562,-0.655
LYS_51_A_HD3,45.685,-24.274,42.79,-0.894,-0.167,-0.415
LYS_51_A_HD3,45.516,-23.837,42.79,-0.773,-0.479,-0.415
LYS_51_A_HD3,45.201,-23.492,42.79,-0.548,-0.726,-0.415
LYS_51_A_HD3,45.744,-24.058,42.408,-0.936,-0.321,-0.142
LYS_51_A_HD3,45.527,-23.657,42.408,-0.781,-0.608,-0.142
LYS_51_A_HD3,45.192,-23.348,42.408,-0.541,-0.829,-0.142
LYS_51_A_HD3,45.652,-23.848,42.01,-0.871,-0.471,0.142
LYS_51_A_HD3,45.69,-24.767,42.779,-0.894,0.167,-0.415
LYS_51_A_HD3,45.824,-24.533,42.397,-0.99,-0.0,-0.142
LYS_51_A_HD3,45.749,-24.983,42.397,-0.936,0.321,-0.142
LYS_51_A_HD3,46.313,-26.204,43.883,-0.67,-0.728,0.142
LYS_51_A_HD3,46.326,-26.363,43.055,-0.936,-0.321,-0.142
LYS_51_A_HD3,46.109,-25.961,43.055,-0.781,-0.608,-0.142
LYS_51_A_HD3,46.245,-26.259,43.415,-0.814,-0.58,0.044
LYS_51_A_HD3,46.097,-26.05,43.838,-0.516,-0.839,0.175
LYS_51_A_HD3,45.682,-25.155,42.62,-0.983,0.009,-0.183
LYS_51_A_HD3,45.792,-25.589,42.746,-0.846,-0.532,-0.027
LYS_51_A_HD3,45.581,-25.303,43.059,-0.869,-0.327,-0.371
LYS_51_A_HD3,45.852,-25.742,43.191,-0.598,-0.765,-0.24
LYS_51_A_HD3,45.431,-25.527,44.023,-0.755,-0.654,-0.059
LYS_51_A_HD3,45.354,-25.521,44.374,-0.586,-0.783,-0.209
LYS_51_A_HD3,45.323,-24.863,43.307,-0.757,-0.148,-0.636
LYS_51_A_HD3,45.28,-25.243,43.654,-0.8,-0.524,-0.292
LYS_51_A_HD3,45.006,-24.869,43.645,-0.598,-0.503,-0.624
LYS_51_A_HD3,45.032,-25.118,44.025,-0.567,-0.808,-0.16
LYS_51_A_HD3,45.602,-25.701,43.618,-0.696,-0.696,-0.174
LYS_51_A_HE2,44.525,-25.382,45.166,-0.548,-0.726,-0.415
LYS_51_A_HE2,43.903,-24.494,46.04,-0.848,-0.329,0.415
LYS_51_A_HE2,45.244,-25.773,45.176,-0.249,-0.875,-0.415
LYS_51_A_HE2,46.584,-25.557,46.831,-0.167,-0.514,0.841
LYS_51_A_HE2,46.234,-25.928,46.476,-0.079,-0.752,0.655
LYS_51_A_HE2,45.92,-25.705,46.763,0.231,-0.682,0.694
LYS_51_A_HE2,45.899,-26.155,45.764,-0.355,-0.93,-0.097
LYS_51_A_HE2,46.051,-26.102,46.23,-0.169,-0.865,0.473
LYS_51_A_HE2,45.589,-26.087,46.118,-0.017,-0.993,0.118
LYS_51_A_HE2,45.822,-25.879,46.582,0.215,-0.787,0.579
LYS_51_A_HE2,45.654,-25.913,45.236,-0.225,-0.958,-0.18
LYS_51_A_HE2,45.314,-25.893,45.377,-0.142,-0.893,-0.426
LYS_51_A_HE2,44.343,-25.409,45.445,-0.653,-0.661,-0.37
LYS_51_A_HE2,44.127,-25.251,45.757,-0.856,-0.512,-0.075
LYS_51_A_HE2,44.032,-24.979,46.051,-0.946,-0.256,0.201
LYS_51_A_HE2,44.03,-25.102,45.345,-0.63,-0.776,-0.041
LYS_51_A_HE2,43.88,-24.895,45.637,-0.786,-0.56,0.263
LYS_51_A_HE2,43.854,-24.6,45.888,-0.813,-0.253,0.524
LYS_51_A_HE2,45.055,-25.257,47.218,-0.171,-0.296,0.94
LYS_51_A_HE2,44.489,-24.902,47.009,-0.643,0.0,0.766
LYS_51_A_HE2,44.611,-25.319,47.009,-0.541,-0.348,0.766
LYS_51_A_HE2,44.94,-25.604,47.009,-0.267,-0.585,0.766
LYS_51_A_HE2,45.37,-25.665,47.009,0.091,-0.636,0.766
LYS_51_A_HE2,44.221,-24.902,46.69,-0.866,0.0,0.5
LYS_51_A_HE2,44.324,-25.353,46.69,-0.78,-0.376,0.5
LYS_51_A_HE2,44.612,-25.715,46.69,-0.54,-0.677,0.5
LYS_51_A_HE2,45.029,-25.915,46.69,-0.193,-0.844,0.5
LYS_51_A_HE2,45.491,-25.915,46.69,0.193,-0.844,0.5
LYS_51_A_HE2,44.168,-25.354,46.298,-0.91,-0.377,0.174
LYS_51_A_HE2,44.424,-25.738,46.298,-0.696,-0.696,0.174
LYS_51_A_HE2,44.808,-25.994,46.298,-0.377,-0.91,0.174
LYS_51_A_HE2,45.26,-26.084,46.298,-0.0,-0.985,0.174
LYS_51_A_HE2,44.424,-25.738,45.882,-0.696,-0.696,-0.174
LYS_51_A_HE2,44.808,-25.994,45.882,-0.377,-0.91,-0.174
LYS_51_A_HE2,45.26,-26.084,45.882,-0.0,-0.985,-0.174
LYS_51_A_HE2,44.612,-25.715,45.49,-0.54,-0.677,-0.5
LYS_51_A_HE2,45.029,-25.915,45.49,-0.193,-0.844,-0.5
LYS_51_A_HE3,45.878,-22.176,46.278,0.243,0.96,0.142
LYS_51_A_HE3,45.186,-22.951,47.22,-0.437,0.318,0.841
LYS_51_A_HE3,46.831,-24.243,47.359,0.087,-0.268,0.959
LYS_51_A_HE3,47.267,-22.935,46.367,0.781,0.608,0.142
LYS_51_A_HE3,47.593,-23.1,45.985,0.548,0.726,0.415
LYS_51_A_HE3,47.321,-23.064,46.636,0.781,0.608,0.142
LYS_51_A_HE3,46.8,-23.909,47.466,0.298,-0.231,0.926
LYS_51_A_HE3,47.016,-23.58,47.395,0.507,0.087,0.858
LYS_51_A_HE3,47.189,-23.296,47.175,0.674,0.362,0.644
LYS_51_A_HE3,47.291,-23.103,46.84,0.772,0.549,0.321
LYS_51_A_HE3,47.131,-22.757,46.319,0.744,0.667,0.037
LYS_51_A_HE3,46.258,-24.127,47.546,0.201,-0.3,0.932
LYS_51_A_HE3,45.847,-23.946,47.618,-0.077,-0.178,0.981
LYS_51_A_HE3,45.509,-23.645,47.575,-0.306,0.026,0.952
LYS_51_A_HE3,45.296,-23.273,47.423,-0.45,0.277,0.849
LYS_51_A_HE3,46.328,-22.253,46.238,0.248,0.968,0.048
LYS_51_A_HE3,46.782,-22.454,46.159,0.556,0.831,-0.006
LYS_51_A_HE3,45.4,-22.738,47.235,-0.397,0.5,0.77
LYS_51_A_HE3,45.656,-22.407,47.018,-0.158,0.808,0.568
LYS_51_A_HE3,45.898,-22.232,46.653,0.067,0.971,0.229
LYS_51_A_HE3,45.21,-22.427,46.972,-0.053,0.575,0.816
LYS_51_A_HE3,45.453,-22.18,46.688,0.195,0.827,0.527
LYS_51_A_HE3,45.656,-22.102,46.298,0.402,0.907,0.129
LYS_51_A_HE3,46.137,-23.431,47.738,-0.0,0.0,1.0
LYS_51_A_HE3,46.547,-23.431,47.666,0.342,0.0,0.94
LYS_51_A_HE3,46.342,-23.076,47.666,0.171,0.296,0.94
LYS_51_A_HE3,45.932,-23.076,47.666,-0.171,0.296,0.94
LYS_51_A_HE3,45.727,-23.431,47.666,-0.342,0.0,0.94
LYS_51_A_HE3,46.342,-23.786,47.666,0.171,-0.296,0.94
LYS_51_A_HE3,46.877,-23.214,47.457,0.617,0.181,0.766
LYS_51_A_HE3,46.642,-22.848,47.457,0.421,0.486,0.766
LYS_51_A_HE3,46.247,-22.668,47.457,0.091,0.636,0.766
LYS_51_A_HE3,45.817,-22.729,47.457,-0.267,0.585,0.766
LYS_51_A_HE3,45.488,-23.014,47.457,-0.541,0.348,0.766
LYS_51_A_HE3,47.073,-22.98,47.138,0.78,0.376,0.5
LYS_51_A_HE3,46.785,-22.618,47.138,0.54,0.677,0.5
LYS_51_A_HE3,46.368,-22.418,47.138,0.193,0.844,0.5
LYS_51_A_HE3,45.906,-22.418,47.138,-0.193,0.844,0.5
LYS_51_A_HE3,46.973,-22.595,46.746,0.696,0.696,0.174
LYS_51_A_HE3,46.589,-22.339,46.746,0.377,0.91,0.174
LYS_51_A_HE3,46.137,-22.249,46.746,0.0,0.985,0.174
LYS_51_A_HZ1,44.037,-22.554,43.855,-0.69,0.307,-0.655
LYS_51_A_HZ1,44.504,-23.1,43.369,-0.541,-0.0,-0.841
LYS_51_A_HZ1,44.805,-23.1,43.108,-0.756,-0.0,-0.655
LYS_51_A_HZ1,44.714,-23.53,43.108,-0.69,0.307,-0.655
LYS_51_A_HZ1,44.999,-23.334,42.773,-0.894,0.167,-0.415
LYS_51_A_HZ1,45.133,-23.1,42.391,-0.99,-0.0,-0.142
LYS_51_A_HZ1,45.058,-23.55,42.391,-0.936,0.321,-0.142
LYS_51_A_HZ1,45.911,-22.087,45.489,0.243,0.96,0.142
LYS_51_A_HZ1,46.225,-22.158,45.307,0.243,0.96,0.142
LYS_51_A_HZ1,46.216,-22.039,44.924,0.249,0.875,0.415
LYS_51_A_HZ1,46.682,-22.082,44.924,-0.084,0.906,0.415
LYS_51_A_HZ1,46.238,-21.82,44.589,0.234,0.719,0.655
LYS_51_A_HZ1,46.675,-21.866,44.589,-0.079,0.752,0.655
LYS_51_A_HZ1,47.094,-21.731,44.589,-0.378,0.654,0.655
LYS_51_A_HZ1,46.799,-21.534,44.328,-0.167,0.514,0.841
LYS_51_A_HZ1,46.155,-21.659,43.698,-0.234,0.719,-0.655
LYS_51_A_HZ1,46.536,-21.439,43.698,-0.506,0.562,-0.655
LYS_51_A_HZ1,45.664,-22.763,42.948,0.378,0.654,-0.655
LYS_51_A_HZ1,45.626,-22.987,42.612,0.405,0.814,-0.415
LYS_51_A_HZ1,46.076,-23.115,42.612,0.084,0.906,-0.415
LYS_51_A_HZ1,45.637,-23.116,42.23,0.398,0.906,-0.142
LYS_51_A_HZ1,46.079,-23.228,42.23,0.082,0.986,-0.142
LYS_51_A_HZ1,46.678,-21.816,43.427,-0.282,-0.0,-0.959
LYS_51_A_HZ1,46.406,-22.191,43.427,-0.087,0.268,-0.959
LYS_51_A_HZ1,46.05,-22.536,43.261,0.167,0.514,-0.841
LYS_51_A_HZ1,46.518,-22.536,43.261,-0.167,0.514,-0.841
LYS_51_A_HZ1,46.896,-22.261,43.261,-0.437,0.318,-0.841
LYS_51_A_HZ1,47.041,-21.816,43.261,-0.541,-0.0,-0.841
LYS_51_A_HZ1,46.173,-22.869,43.0,0.079,0.752,-0.655
LYS_51_A_HZ1,46.611,-22.823,43.0,-0.234,0.719,-0.655
LYS_51_A_HZ1,46.992,-22.603,43.0,-0.506,0.562,-0.655
LYS_51_A_HZ1,47.251,-22.247,43.0,-0.69,0.307,-0.655
LYS_51_A_HZ1,46.632,-23.041,42.665,-0.249,0.875,-0.415
LYS_51_A_HZ1,46.614,-21.817,43.444,-0.235,0.0,-0.972
LYS_51_A_HZ1,46.167,-21.849,43.529,-0.127,0.473,-0.872
LYS_51_A_HZ1,45.881,-22.201,43.368,0.288,0.275,-0.917
LYS_51_A_HZ1,45.094,-22.927,42.532,-0.962,-0.123,-0.243
LYS_51_A_HZ1,45.093,-22.617,42.857,-0.392,0.687,-0.612
LYS_51_A_HZ1,45.179,-22.301,43.123,-0.053,0.575,-0.816
LYS_51_A_HZ1,44.815,-22.488,43.147,-0.519,0.336,-0.786
LYS_51_A_HZ1,44.693,-22.875,43.199,-0.676,-0.16,-0.72
LYS_51_A_HZ1,46.422,-21.405,43.802,-0.424,0.537,-0.729
LYS_51_A_HZ1,46.118,-21.528,44.316,-0.045,0.852,0.522
LYS_51_A_HZ1,46.018,-21.506,43.948,-0.276,0.902,-0.331
LYS_51_A_HZ1,45.72,-21.562,44.437,0.141,0.951,0.276
LYS_51_A_HZ1,45.612,-21.539,44.04,0.012,0.979,-0.203
LYS_51_A_HZ1,45.686,-21.719,43.678,0.101,0.762,-0.64
LYS_51_A_HZ1,44.19,-21.972,44.276,-0.618,0.729,-0.293
LYS_51_A_HZ1,44.066,-22.329,43.964,-0.714,0.454,-0.534
LYS_51_A_HZ1,45.379,-21.682,45.017,0.344,0.887,0.308
LYS_51_A_HZ1,44.978,-21.564,44.787,-0.025,0.995,0.096
LYS_51_A_HZ1,44.565,-21.658,44.567,-0.404,0.908,-0.106
LYS_51_A_HZ1,44.228,-22.801,43.555,-0.623,0.155,-0.767
LYS_51_A_HZ1,45.219,-21.497,44.501,0.0,0.985,0.174
LYS_51_A_HZ1,45.219,-21.497,44.085,0.0,0.985,-0.174
LYS_51_A_HZ1,44.767,-21.587,44.085,-0.377,0.91,-0.174
LYS_51_A_HZ1,44.383,-21.843,44.085,-0.696,0.696,-0.174
LYS_51_A_HZ1,45.45,-21.666,43.693,0.193,0.844,-0.5
LYS_51_A_HZ1,44.988,-21.666,43.693,-0.193,0.844,-0.5
LYS_51_A_HZ1,44.571,-21.866,43.693,-0.54,0.677,-0.5
LYS_51_A_HZ1,44.283,-22.228,43.693,-0.78,0.376,-0.5
LYS_51_A_HZ1,45.539,-21.977,43.374,0.267,0.585,-0.766
LYS_51_A_HZ1,45.109,-21.916,43.374,-0.091,0.636,-0.766
LYS_51_A_HZ1,44.714,-22.096,43.374,-0.421,0.486,-0.766
LYS_51_A_HZ1,44.479,-22.462,43.374,-0.617,0.181,-0.766
LYS_51_A_HZ2,44.36,-23.545,43.369,-0.437,0.318,-0.841
LYS_51_A_HZ2,43.692,-23.955,45.951,-0.739,-0.157,0.655
LYS_51_A_HZ2,44.586,-25.024,44.382,-0.249,-0.875,-0.415
LYS_51_A_HZ2,44.098,-25.055,44.784,-0.243,-0.96,-0.142
LYS_51_A_HZ2,44.556,-24.133,43.552,-0.087,-0.268,-0.959
LYS_51_A_HZ2,44.668,-23.788,43.387,-0.167,-0.514,-0.841
LYS_51_A_HZ2,44.761,-23.502,43.126,-0.234,-0.719,-0.655
LYS_51_A_HZ2,44.782,-23.283,42.79,-0.249,-0.875,-0.415
LYS_51_A_HZ2,44.774,-23.164,42.408,-0.243,-0.96,-0.142
LYS_51_A_HZ2,44.697,-24.534,43.635,-0.31,-0.383,-0.87
LYS_51_A_HZ2,44.66,-24.869,43.941,-0.357,-0.791,-0.497
LYS_51_A_HZ2,44.28,-24.638,43.808,-0.079,-0.668,-0.74
LYS_51_A_HZ2,44.309,-24.921,44.239,-0.051,-0.948,-0.313
LYS_51_A_HZ2,43.886,-25.011,44.929,-0.327,-0.945,-0.002
LYS_51_A_HZ2,43.671,-24.852,45.242,-0.53,-0.796,0.293
LYS_51_A_HZ2,43.575,-24.581,45.536,-0.619,-0.54,0.57
LYS_51_A_HZ2,43.571,-24.004,45.822,-0.653,-0.122,0.747
LYS_51_A_HZ2,44.088,-25.048,44.75,-0.236,-0.965,-0.118
LYS_51_A_HZ2,43.191,-23.484,45.553,-0.843,0.003,0.538
LYS_51_A_HZ2,43.102,-23.154,45.213,-0.925,0.307,0.225
LYS_51_A_HZ2,43.225,-22.864,44.848,-0.811,0.574,-0.11
LYS_51_A_HZ2,44.07,-23.336,43.533,-0.23,0.169,-0.958
LYS_51_A_HZ2,43.361,-24.229,45.597,-0.541,-0.348,0.766
LYS_51_A_HZ2,42.971,-23.812,45.278,-0.866,0.0,0.5
LYS_51_A_HZ2,43.074,-24.263,45.278,-0.78,-0.376,0.5
LYS_51_A_HZ2,43.362,-24.625,45.278,-0.54,-0.677,0.5
LYS_51_A_HZ2,42.828,-23.812,44.886,-0.985,0.0,0.174
LYS_51_A_HZ2,42.918,-24.264,44.886,-0.91,-0.377,0.174
LYS_51_A_HZ2,43.174,-24.648,44.886,-0.696,-0.696,0.174
LYS_51_A_HZ2,43.558,-24.904,44.886,-0.377,-0.91,0.174
LYS_51_A_HZ2,42.918,-23.36,44.886,-0.91,0.377,0.174
LYS_51_A_HZ2,43.174,-22.976,44.47,-0.696,0.696,-0.174
LYS_51_A_HZ2,42.918,-23.36,44.47,-0.91,0.377,-0.174
LYS_51_A_HZ2,42.828,-23.812,44.47,-0.985,0.0,-0.174
LYS_51_A_HZ2,42.918,-24.264,44.47,-0.91,-0.377,-0.174
LYS_51_A_HZ2,43.174,-24.648,44.47,-0.696,-0.696,-0.174
LYS_51_A_HZ2,43.558,-24.904,44.47,-0.377,-0.91,-0.174
LYS_51_A_HZ2,42.971,-23.812,44.078,-0.866,0.0,-0.5
LYS_51_A_HZ2,43.074,-24.263,44.078,-0.78,-0.376,-0.5
LYS_51_A_HZ2,43.362,-24.625,44.078,-0.54,-0.677,-0.5
LYS_51_A_HZ2,43.779,-24.825,44.078,-0.193,-0.844,-0.5
LYS_51_A_HZ2,43.362,-22.999,44.078,-0.54,0.677,-0.5
LYS_51_A_HZ2,43.074,-23.361,44.078,-0.78,0.376,-0.5
LYS_51_A_HZ2,43.505,-23.229,43.759,-0.421,0.486,-0.766
LYS_51_A_HZ2,43.27,-23.595,43.759,-0.617,0.181,-0.766
LYS_51_A_HZ2,43.27,-24.029,43.759,-0.617,-0.181,-0.766
LYS_51_A_HZ2,43.505,-24.395,43.759,-0.421,-0.486,-0.766
LYS_51_A_HZ2,43.9,-24.575,43.759,-0.091,-0.636,-0.766
LYS_51_A_HZ2,43.6,-23.812,43.55,-0.342,0.0,-0.94
LYS_51_A_HZ2,43.805,-24.167,43.55,-0.171,-0.296,-0.94
LYS_51_A_HZ2,43.805,-23.457,43.55,-0.171,0.296,-0.94
LYS_51_A_HZ3,43.844,-23.715,46.286,-0.848,-0.329,0.415
LYS_51_A_HZ3,43.598,-23.318,46.286,-0.672,-0.613,0.415
LYS_51_A_HZ3,45.493,-21.903,45.489,0.541,0.829,0.142
LYS_51_A_HZ3,44.761,-22.418,46.967,0.059,0.271,0.961
LYS_51_A_HZ3,45.018,-22.087,46.751,0.298,0.578,0.759
LYS_51_A_HZ3,45.259,-21.911,46.386,0.523,0.742,0.42
LYS_51_A_HZ3,43.951,-23.3,46.691,-0.583,-0.353,0.732
LYS_51_A_HZ3,44.269,-23.024,46.944,-0.328,-0.13,0.936
LYS_51_A_HZ3,44.628,-22.695,47.012,-0.039,0.135,0.99
LYS_51_A_HZ3,45.416,-21.866,45.738,0.596,0.802,-0.035
LYS_51_A_HZ3,44.958,-21.562,45.316,0.328,0.94,-0.091
LYS_51_A_HZ3,44.541,-21.55,45.086,-0.056,0.951,-0.304
LYS_51_A_HZ3,44.153,-21.746,44.889,-0.412,0.771,-0.485
LYS_51_A_HZ3,43.413,-23.3,45.999,-0.806,-0.389,0.445
LYS_51_A_HZ3,43.223,-22.974,45.699,-0.982,-0.09,0.169
LYS_51_A_HZ3,43.24,-22.655,45.337,-0.965,0.203,-0.164
LYS_51_A_HZ3,44.387,-22.552,47.005,-0.0,0.0,1.0
LYS_51_A_HZ3,44.592,-22.197,46.933,0.171,0.296,0.94
LYS_51_A_HZ3,44.182,-22.197,46.933,-0.171,0.296,0.94
LYS_51_A_HZ3,43.977,-22.552,46.933,-0.342,0.0,0.94
LYS_51_A_HZ3,43.616,-22.552,46.724,-0.643,0.0,0.766
LYS_51_A_HZ3,43.738,-22.969,46.724,-0.541,-0.348,0.766
LYS_51_A_HZ3,44.497,-21.789,46.724,0.091,0.636,0.766
LYS_51_A_HZ3,44.067,-21.85,46.724,-0.267,0.585,0.766
LYS_51_A_HZ3,43.738,-22.135,46.724,-0.541,0.348,0.766
LYS_51_A_HZ3,45.035,-21.739,46.405,0.54,0.677,0.5
LYS_51_A_HZ3,44.618,-21.539,46.405,0.193,0.844,0.5
LYS_51_A_HZ3,44.156,-21.539,46.405,-0.193,0.844,0.5
LYS_51_A_HZ3,43.739,-21.739,46.405,-0.54,0.677,0.5
LYS_51_A_HZ3,43.451,-22.101,46.405,-0.78,0.376,0.5
LYS_51_A_HZ3,43.348,-22.552,46.405,-0.866,0.0,0.5
LYS_51_A_HZ3,43.451,-23.003,46.405,-0.78,-0.376,0.5
LYS_51_A_HZ3,43.205,-22.552,46.013,-0.985,0.0,0.174
LYS_51_A_HZ3,45.223,-21.716,46.013,0.696,0.696,0.174
LYS_51_A_HZ3,44.839,-21.46,46.013,0.377,0.91,0.174
LYS_51_A_HZ3,44.387,-21.37,46.013,0.0,0.985,0.174
LYS_51_A_HZ3,43.935,-21.46,46.013,-0.377,0.91,0.174
LYS_51_A_HZ3,43.551,-21.716,46.013,-0.696,0.696,0.174
LYS_51_A_HZ3,43.295,-22.1,46.013,-0.91,0.377,0.174
LYS_51_A_HZ3,44.839,-21.46,45.597,0.377,0.91,-0.174
LYS_51_A_HZ3,44.387,-21.37,45.597,0.0,0.985,-0.174
LYS_51_A_HZ3,43.935,-21.46,45.597,-0.377,0.91,-0.174
LYS_51_A_HZ3,43.551,-21.716,45.597,-0.696,0.696,-0.174
LYS_51_A_HZ3,43.295,-22.1,45.597,-0.91,0.377,-0.174
LYS_51_A_HZ3,43.205,-22.552,45.597,-0.985,0.0,-0.174
LYS_51_A_HZ3,44.156,-21.539,45.205,-0.193,0.844,-0.5
LYS_51_A_HZ3,43.739,-21.739,45.205,-0.54,0.677,-0.5
LYS_51_A_HZ3,43.451,-22.101,45.205,-0.78,0.376,-0.5
ASP_52_A_C,47.265,-28.508,41.001,-0.871,-0.471,0.142
ASP_52_A_C,46.988,-28.31,40.619,-0.672,-0.613,0.415
ASP_52_A_C,46.765,-27.864,41.151,-0.729,-0.665,0.163
ASP_52_A_C,46.572,-27.562,41.212,-0.875,-0.437,0.209
ASP_52_A_CB,48.534,-22.374,40.077,0.084,0.906,-0.415
ASP_52_A_CB,48.537,-22.487,39.695,0.082,0.986,-0.142
ASP_52_A_CB,48.792,-22.556,39.347,-0.086,0.933,-0.349
ASP_52_A_CB,47.25,-22.282,39.49,0.084,0.993,-0.088
ASP_52_A_CB,47.793,-22.342,39.386,0.183,0.958,-0.223
ASP_52_A_CG,46.892,-22.236,39.669,0.218,0.974,0.057
ASP_52_A_CG,46.065,-22.093,39.841,0.285,0.938,0.197
ASP_52_A_CG,45.832,-22.012,39.454,0.137,0.989,-0.049
ASP_52_A_CG,45.533,-22.056,39.106,-0.053,0.962,-0.269
ASP_52_A_CG,45.2,-22.22,38.835,-0.264,0.858,-0.441
ASP_52_A_CG,44.865,-22.488,38.667,-0.476,0.688,-0.548
ASP_52_A_OD2,45.114,-23.328,41.992,-0.976,0.163,0.142
ASP_52_A_OD2,45.021,-23.1,41.61,-0.91,-0.0,0.415
ASP_52_A_OD2,44.782,-23.32,41.275,-0.739,0.157,0.655
ASP_52_A_OD2,45.372,-23.488,42.01,-0.67,-0.728,0.142
ASP_52_A_OD2,44.99,-23.239,42.01,-0.398,-0.906,0.142
ASP_52_A_OD2,45.375,-23.65,41.627,-0.672,-0.613,0.415
ASP_52_A_OD2,45.001,-23.368,41.627,-0.405,-0.814,0.415
ASP_52_A_OD2,45.29,-23.886,41.292,-0.611,-0.444,0.655
ASP_52_A_OD2,44.963,-23.591,41.292,-0.378,-0.654,0.655
ASP_52_A_OD2,45.435,-23.007,41.832,0.541,0.829,0.142
ASP_52_A_OD2,45.853,-23.19,41.832,0.243,0.96,0.142
ASP_52_A_OD2,45.426,-22.863,41.449,0.548,0.726,0.415
ASP_52_A_OD2,45.845,-23.071,41.449,0.249,0.875,0.415
ASP_52_A_OD2,45.866,-22.853,41.114,0.234,0.719,0.655
ASP_52_A_OD2,45.051,-24.088,41.02,-0.437,-0.318,0.841
ASP_52_A_OD2,45.968,-22.47,40.756,0.226,0.693,0.684
ASP_52_A_OD2,45.409,-22.555,41.043,0.197,0.709,0.678
ASP_52_A_OD2,44.961,-22.591,41.046,-0.298,0.669,0.681
ASP_52_A_OD2,44.672,-22.932,41.091,-0.617,0.291,0.731
ASP_52_A_OD2,45.081,-22.783,41.368,-0.383,0.806,0.451
ASP_52_A_OD2,44.909,-23.095,41.41,-0.83,-0.003,0.558
ASP_52_A_OD2,45.158,-22.886,41.741,-0.438,0.879,0.186
ASP_52_A_OD2,44.128,-23.77,43.429,-0.27,-0.143,-0.952
ASP_52_A_OD2,44.685,-23.527,41.153,-0.668,-0.317,0.673
ASP_52_A_OD2,45.559,-22.271,40.741,0.234,0.719,0.655
ASP_52_A_OD2,45.121,-22.225,40.741,-0.079,0.752,0.655
ASP_52_A_OD2,44.703,-22.361,40.741,-0.378,0.654,0.655
ASP_52_A_OD2,44.376,-22.655,40.741,-0.611,0.444,0.655
ASP_52_A_OD2,44.197,-23.057,40.741,-0.739,0.157,0.655
ASP_52_A_OD2,44.197,-23.497,40.741,-0.739,-0.157,0.655
ASP_52_A_OD2,44.376,-23.899,40.741,-0.611,-0.444,0.655
ASP_52_A_OD2,43.959,-23.277,40.406,-0.91,0.0,0.415
ASP_52_A_OD2,44.045,-23.737,40.406,-0.848,-0.329,0.415
ASP_52_A_OD2,45.581,-22.052,40.406,0.249,0.875,0.415
ASP_52_A_OD2,45.114,-22.009,40.406,-0.084,0.906,0.415
ASP_52_A_OD2,44.664,-22.137,40.406,-0.405,0.814,0.415
ASP_52_A_OD2,44.291,-22.419,40.406,-0.672,0.613,0.415
ASP_52_A_OD2,44.045,-22.817,40.406,-0.848,0.329,0.415
ASP_52_A_OD2,45.572,-21.934,40.023,0.243,0.96,0.142
ASP_52_A_OD2,45.118,-21.896,40.023,-0.082,0.986,0.142
ASP_52_A_OD2,44.675,-22.008,40.023,-0.398,0.906,0.142
ASP_52_A_OD2,44.293,-22.257,40.023,-0.67,0.728,0.142
ASP_52_A_OD2,44.013,-22.617,40.023,-0.871,0.471,0.142
ASP_52_A_OD2,43.865,-23.049,40.023,-0.976,0.163,0.142
ASP_52_A_OD2,43.865,-23.505,40.023,-0.976,-0.163,0.142
ASP_52_A_OD2,43.846,-23.277,39.625,-0.99,0.0,-0.142
ASP_52_A_OD2,45.346,-21.896,39.625,0.082,0.986,-0.142
ASP_52_A_OD2,44.892,-21.934,39.625,-0.243,0.96,-0.142
ASP_52_A_OD2,44.474,-22.117,39.625,-0.541,0.829,-0.142
ASP_52_A_OD2,44.138,-22.426,39.625,-0.781,0.608,-0.142
ASP_52_A_OD2,43.921,-22.827,39.625,-0.936,0.321,-0.142
ASP_52_A_OD2,44.883,-22.052,39.242,-0.249,0.875,-0.415
ASP_52_A_OD2,44.465,-22.261,39.242,-0.548,0.726,-0.415
ASP_52_A_OD2,44.149,-22.607,39.242,-0.773,0.479,-0.415
ASP_52_A_OD2,43.98,-23.043,39.242,-0.894,0.167,-0.415
ASP_52_A_OD2,44.524,-22.491,38.907,-0.506,0.562,-0.655
ASP_52_A_OD2,44.265,-22.847,38.907,-0.69,0.307,-0.655
ASP_52_A_HA,45.805,-24.761,41.998,-0.976,0.163,0.142
ASP_52_A_HA,45.805,-24.305,41.998,-0.976,-0.163,0.142
ASP_52_A_HA,45.712,-24.533,41.616,-0.91,-0.0,0.415
ASP_52_A_HA,45.626,-24.073,41.616,-0.848,-0.329,0.415
ASP_52_A_HA,45.626,-24.993,41.616,-0.848,0.329,0.415
ASP_52_A_HA,45.473,-24.753,41.281,-0.739,0.157,0.655
ASP_52_A_HA,45.473,-24.313,41.281,-0.739,-0.157,0.655
ASP_52_A_HA,46.234,-26.153,42.656,-0.871,-0.471,0.142
ASP_52_A_HA,46.203,-26.353,42.274,-0.848,-0.329,0.415
ASP_52_A_HA,45.956,-25.955,42.274,-0.672,-0.613,0.415
ASP_52_A_HA,45.871,-26.191,41.939,-0.611,-0.444,0.655
ASP_52_A_HA,46.439,-27.17,41.372,-0.871,-0.471,0.142
ASP_52_A_HA,46.199,-26.811,41.762,-0.804,-0.584,0.107
ASP_52_A_HA,46.157,-26.599,42.029,-0.848,-0.366,0.382
ASP_52_A_HA,45.947,-26.518,41.71,-0.685,-0.621,0.382
ASP_52_A_HA,45.959,-26.268,41.976,-0.674,-0.389,0.628
ASP_52_A_HA,45.592,-25.362,41.857,-0.919,0.157,0.362
ASP_52_A_HA,45.718,-25.859,42.001,-0.793,-0.34,0.506
ASP_52_A_HA,45.715,-25.489,42.297,-0.966,-0.194,0.173
ASP_52_A_HA,45.953,-25.872,42.412,-0.67,-0.672,0.316
ASP_52_A_HA,45.414,-25.137,41.304,-0.914,0.168,0.371
ASP_52_A_HA,45.434,-24.671,41.223,-0.711,0.099,0.696
ASP_52_A_HA,45.485,-25.63,41.699,-0.866,0.0,0.5
ASP_52_A_HB2,46.534,-23.19,42.23,-0.243,0.96,-0.142
ASP_52_A_HB2,46.308,-23.228,41.832,-0.082,0.986,0.142
ASP_52_A_HB2,46.75,-23.116,41.832,-0.398,0.906,0.142
ASP_52_A_HB2,46.311,-23.115,41.449,-0.084,0.906,0.415
ASP_52_A_HB2,46.761,-22.987,41.449,-0.405,0.814,0.415
ASP_52_A_HB2,46.304,-22.899,41.114,-0.079,0.752,0.655
ASP_52_A_HB2,46.722,-22.763,41.114,-0.378,0.654,0.655
ASP_52_A_HB2,47.051,-22.833,42.665,-0.548,0.726,-0.415
ASP_52_A_HB2,47.367,-22.487,42.665,-0.773,0.479,-0.415
ASP_52_A_HB2,46.624,-23.16,42.283,-0.243,0.96,-0.142
ASP_52_A_HB2,47.042,-22.976,42.283,-0.541,0.829,-0.142
ASP_52_A_HB2,47.378,-22.667,42.283,-0.781,0.608,-0.142
ASP_52_A_HB2,47.595,-22.266,42.283,-0.936,0.321,-0.142
ASP_52_A_HB2,46.841,-23.085,41.884,-0.398,0.906,0.142
ASP_52_A_HB2,47.223,-22.836,41.884,-0.67,0.728,0.142
ASP_52_A_HB2,47.503,-22.476,41.884,-0.871,0.471,0.142
ASP_52_A_HB2,47.651,-22.044,41.884,-0.976,0.163,0.142
ASP_52_A_HB2,47.225,-22.674,41.502,-0.672,0.613,0.415
ASP_52_A_HB2,47.471,-22.276,41.502,-0.848,0.329,0.415
ASP_52_A_HB2,46.739,-22.322,40.29,-0.082,0.986,0.142
ASP_52_A_HB2,47.587,-21.906,41.168,-0.781,0.608,-0.142
ASP_52_A_HB2,47.05,-22.324,40.77,-0.398,0.906,0.142
ASP_52_A_HB2,47.611,-21.885,41.137,-0.871,0.471,0.142
ASP_52_A_HB2,46.959,-22.366,40.755,-0.405,0.814,0.415
ASP_52_A_HB2,48.125,-22.022,40.453,0.079,0.752,-0.655
ASP_52_A_HB2,47.598,-21.93,41.222,-0.871,0.471,0.142
ASP_52_A_HB2,47.508,-22.088,41.286,-0.806,0.584,0.097
ASP_52_A_HB2,47.201,-22.408,41.165,-0.651,0.629,0.425
ASP_52_A_HB2,47.761,-21.908,40.681,-0.415,0.786,-0.458
ASP_52_A_HB2,48.106,-21.96,40.517,0.093,0.708,-0.7
ASP_52_A_HB2,47.389,-22.132,40.592,-0.441,0.893,-0.088
ASP_52_A_HB2,47.758,-22.114,40.288,-0.054,0.912,-0.407
ASP_52_A_HB2,47.64,-22.248,39.879,0.05,0.978,-0.204
ASP_52_A_HB2,47.123,-22.247,40.159,-0.16,0.987,-0.032
ASP_52_A_HB2,46.093,-22.235,40.307,0.332,0.893,0.303
ASP_52_A_HB2,46.832,-22.534,40.945,-0.39,0.739,0.549
ASP_52_A_HB2,46.45,-22.443,40.647,-0.042,0.87,0.492
ALA_53_A_O,47.265,-29.827,41.001,-0.871,0.471,0.142
ALA_53_A_O,47.413,-29.396,41.001,-0.976,0.163,0.142
ALA_53_A_O,47.413,-28.94,41.001,-0.976,-0.163,0.142
ALA_53_A_O,47.32,-29.168,40.619,-0.91,-0.0,0.415
ALA_53_A_O,47.234,-28.708,40.619,-0.848,-0.329,0.415
GLN_54_A_CA,49.376,-33.105,42.059,-0.427,-0.891,0.154
GLN_54_A_CA,48.9,-32.848,42.264,-0.396,-0.904,0.158
GLN_54_A_C,50.253,-30.329,44.281,0.437,0.318,0.841
GLN_54_A_C,50.106,-29.655,44.005,0.437,0.318,0.841
GLN_54_A_C,49.352,-29.302,44.284,0.067,0.115,0.991
GLN_54_A_C,48.858,-29.17,44.142,-0.488,0.263,0.832
GLN_54_A_C,49.736,-29.749,44.282,0.425,0.376,0.824
GLN_54_A_C,49.292,-29.709,44.4,0.11,0.405,0.908
GLN_54_A_C,48.849,-29.607,44.325,-0.205,0.477,0.854
GLN_54_A_C,50.472,-31.542,44.263,0.143,-0.286,0.948
GLN_54_A_C,50.096,-31.748,44.28,0.362,-0.461,0.81
GLN_54_A_C,50.495,-31.239,44.333,0.166,-0.135,0.977
GLN_54_A_C,50.546,-30.695,44.298,0.2,0.224,0.954
GLN_54_A_C,50.171,-31.12,44.447,0.411,-0.095,0.907
GLN_54_A_C,50.207,-30.735,44.422,0.432,0.13,0.892
GLN_54_A_C,50.236,-30.367,44.305,0.449,0.345,0.824
GLN_54_A_C,49.406,-32.942,42.945,-0.392,-0.894,0.215
GLN_54_A_C,49.635,-32.836,43.362,-0.209,-0.809,0.55
GLN_54_A_C,49.956,-32.607,43.647,0.05,-0.625,0.779
GLN_54_A_C,49.144,-32.813,43.178,-0.136,-0.966,0.22
GLN_54_A_C,49.351,-32.708,43.522,-0.006,-0.9,0.435
GLN_54_A_C,49.618,-32.524,43.782,0.16,-0.785,0.598
GLN_54_A_C,49.918,-32.279,43.933,0.348,-0.632,0.692
GLN_54_A_C,50.626,-29.94,43.992,0.066,0.521,0.851
GLN_54_A_C,50.234,-30.126,44.203,0.396,0.421,0.816
GLN_54_A_C,47.926,-32.172,41.939,-0.75,-0.604,-0.27
GLN_54_A_C,48.171,-32.464,42.132,-0.59,-0.794,-0.145
GLN_54_A_C,48.513,-32.672,42.285,-0.369,-0.928,-0.046
GLN_54_A_C,48.939,-32.815,42.681,-0.159,-0.986,0.045
GLN_54_A_C,47.565,-31.475,41.799,-0.831,-0.409,-0.378
GLN_54_A_C,47.506,-31.168,41.479,-0.921,-0.384,-0.071
GLN_54_A_C,47.215,-31.239,42.301,-0.808,-0.451,-0.38
GLN_54_A_C,47.136,-31.325,42.756,-0.858,-0.506,-0.092
GLN_54_A_C,47.145,-31.288,43.223,-0.851,-0.483,0.205
GLN_54_A_C,47.243,-31.132,43.655,-0.79,-0.384,0.478
GLN_54_A_C,47.417,-30.873,44.005,-0.679,-0.22,0.7
GLN_54_A_C,47.651,-30.539,44.237,-0.531,-0.008,0.847
GLN_54_A_C,47.918,-30.164,44.326,-0.362,0.23,0.904
GLN_54_A_C,48.192,-29.788,44.263,-0.188,0.468,0.864
GLN_54_A_C,49.026,-30.915,44.82,-0.0,0.0,1.0
GLN_54_A_C,49.449,-30.915,44.772,0.223,0.0,0.975
GLN_54_A_C,49.237,-30.549,44.772,0.111,0.193,0.975
GLN_54_A_C,48.815,-30.549,44.772,-0.111,0.193,0.975
GLN_54_A_C,48.603,-30.915,44.772,-0.223,0.0,0.975
GLN_54_A_C,48.815,-31.281,44.772,-0.111,-0.193,0.975
GLN_54_A_C,49.237,-31.281,44.772,0.111,-0.193,0.975
GLN_54_A_C,48.202,-30.915,44.632,-0.434,0.0,0.901
GLN_54_A_C,48.332,-31.361,44.632,-0.365,-0.235,0.901
GLN_54_A_C,48.684,-31.665,44.632,-0.18,-0.395,0.901
GLN_54_A_C,49.143,-31.731,44.632,0.062,-0.429,0.901
GLN_54_A_C,49.566,-31.538,44.632,0.284,-0.328,0.901
GLN_54_A_C,49.817,-31.147,44.632,0.416,-0.122,0.901
GLN_54_A_C,49.817,-30.683,44.632,0.416,0.122,0.901
GLN_54_A_C,49.566,-30.292,44.632,0.284,0.328,0.901
GLN_54_A_C,49.143,-30.099,44.632,0.062,0.429,0.901
GLN_54_A_C,48.684,-30.165,44.632,-0.18,0.395,0.901
GLN_54_A_C,48.332,-30.469,44.632,-0.365,0.235,0.901
GLN_54_A_C,49.864,-30.077,44.405,0.441,0.441,0.782
GLN_54_A_C,48.573,-29.821,44.405,-0.239,0.576,0.782
GLN_54_A_C,47.841,-30.915,44.405,-0.623,0.0,0.782
GLN_54_A_C,47.932,-31.368,44.405,-0.576,-0.239,0.782
GLN_54_A_C,48.188,-31.753,44.405,-0.441,-0.441,0.782
GLN_54_A_C,48.573,-32.009,44.405,-0.239,-0.576,0.782
GLN_54_A_C,49.026,-32.1,44.405,-0.0,-0.623,0.782
GLN_54_A_C,49.479,-32.009,44.405,0.239,-0.576,0.782
GLN_54_A_C,49.864,-31.753,44.405,0.441,-0.441,0.782
GLN_54_A_C,47.613,-31.374,44.105,-0.744,-0.242,0.623
GLN_54_A_C,47.824,-31.788,44.105,-0.633,-0.46,0.623
GLN_54_A_C,48.153,-32.117,44.105,-0.46,-0.633,0.623
GLN_54_A_C,48.567,-32.328,44.105,-0.242,-0.744,0.623
GLN_54_A_C,49.026,-32.4,44.105,-0.0,-0.782,0.623
GLN_54_A_C,49.485,-32.328,44.105,0.242,-0.744,0.623
GLN_54_A_C,47.456,-31.597,43.744,-0.826,-0.359,0.434
GLN_54_A_C,47.698,-31.995,43.744,-0.699,-0.569,0.434
GLN_54_A_C,48.039,-32.314,43.744,-0.52,-0.736,0.434
GLN_54_A_C,48.453,-32.528,43.744,-0.302,-0.849,0.434
GLN_54_A_C,48.909,-32.623,43.744,-0.061,-0.899,0.434
GLN_54_A_C,47.403,-31.807,43.343,-0.854,-0.47,0.223
GLN_54_A_C,47.676,-32.183,43.343,-0.711,-0.667,0.223
GLN_54_A_C,48.033,-32.479,43.343,-0.522,-0.823,0.223
GLN_54_A_C,48.454,-32.677,43.343,-0.301,-0.927,0.223
GLN_54_A_C,48.91,-32.764,43.343,-0.061,-0.973,0.223
GLN_54_A_C,47.344,-31.798,42.92,-0.885,-0.465,0.0
GLN_54_A_C,47.604,-32.175,42.92,-0.749,-0.663,0.0
GLN_54_A_C,47.947,-32.479,42.92,-0.568,-0.823,0.0
GLN_54_A_C,48.352,-32.692,42.92,-0.355,-0.935,0.0
GLN_54_A_C,48.797,-32.801,42.92,-0.121,-0.993,0.0
GLN_54_A_C,47.403,-31.807,42.497,-0.854,-0.47,-0.223
GLN_54_A_C,47.676,-32.183,42.497,-0.711,-0.667,-0.223
GLN_54_A_C,48.033,-32.479,42.497,-0.522,-0.823,-0.223
GLN_54_A_C,47.456,-31.597,42.096,-0.826,-0.359,-0.434
GLN_54_A_C,47.698,-31.995,42.096,-0.699,-0.569,-0.434
GLN_54_A_O,47.596,-29.08,43.779,-0.437,0.318,0.841
GLN_54_A_O,48.392,-28.965,43.927,-0.228,0.166,0.959
GLN_54_A_O,47.951,-28.358,43.927,0.087,-0.268,0.959
GLN_54_A_O,47.258,-29.29,41.906,-0.894,0.167,-0.415
GLN_54_A_O,47.298,-29.402,41.782,-0.894,0.167,-0.415
GLN_54_A_O,47.432,-29.168,41.4,-0.99,-0.0,-0.142
GLN_54_A_O,47.357,-29.618,41.4,-0.936,0.321,-0.142
GLN_54_A_O,48.409,-29.522,44.13,-0.167,0.514,0.841
GLN_54_A_O,48.787,-29.247,44.13,-0.437,0.318,0.841
GLN_54_A_O,48.494,-29.034,43.964,-0.228,0.166,0.959
GLN_54_A_O,47.3,-31.036,41.961,-0.773,-0.479,-0.415
GLN_54_A_O,47.149,-30.085,41.494,-0.961,0.208,-0.182
GLN_54_A_O,47.185,-30.619,41.531,-0.923,-0.357,-0.142
GLN_54_A_O,47.005,-30.131,41.892,-0.886,0.083,-0.456
GLN_54_A_O,47.032,-30.537,41.92,-0.863,-0.263,-0.432
GLN_54_A_O,47.211,-30.902,41.949,-0.71,-0.575,-0.407
GLN_54_A_O,46.945,-29.439,42.359,-0.869,0.285,-0.404
GLN_54_A_O,46.849,-29.403,42.849,-0.949,0.315,0.002
GLN_54_A_O,46.978,-29.348,43.33,-0.842,0.361,0.401
GLN_54_A_O,47.307,-29.283,43.703,-0.57,0.414,0.71
GLN_54_A_O,46.936,-29.048,42.585,-0.98,0.028,-0.195
GLN_54_A_O,46.951,-29.005,43.037,-0.965,0.07,0.251
GLN_54_A_O,47.164,-28.949,43.434,-0.755,0.126,0.644
GLN_54_A_O,47.532,-28.891,43.695,-0.392,0.183,0.902
GLN_54_A_O,47.637,-27.367,45.147,-0.105,-0.993,0.055
GLN_54_A_O,47.805,-29.279,43.963,-0.225,0.373,0.9
GLN_54_A_O,47.714,-29.965,44.227,-0.228,0.166,0.959
GLN_54_A_O,47.276,-30.197,44.062,-0.541,0.0,0.841
GLN_54_A_O,47.421,-29.752,44.062,-0.437,0.318,0.841
GLN_54_A_O,47.177,-29.575,43.801,-0.611,0.444,0.655
GLN_54_A_O,46.998,-29.977,43.801,-0.739,0.157,0.655
GLN_54_A_O,46.998,-30.417,43.801,-0.739,-0.157,0.655
GLN_54_A_O,46.76,-30.197,43.466,-0.91,0.0,0.415
GLN_54_A_O,46.846,-30.657,43.466,-0.848,-0.329,0.415
GLN_54_A_O,46.846,-29.737,43.466,-0.848,0.329,0.415
GLN_54_A_O,46.666,-29.969,43.083,-0.976,0.163,0.142
GLN_54_A_O,46.666,-30.425,43.083,-0.976,-0.163,0.142
GLN_54_A_O,46.814,-30.857,43.083,-0.871,-0.471,0.142
GLN_54_A_O,46.647,-30.197,42.685,-0.99,0.0,-0.142
GLN_54_A_O,46.722,-30.647,42.685,-0.936,-0.321,-0.142
GLN_54_A_O,46.939,-31.048,42.685,-0.781,-0.608,-0.142
GLN_54_A_O,46.722,-29.747,42.685,-0.936,0.321,-0.142
GLN_54_A_O,46.781,-29.963,42.302,-0.894,0.167,-0.415
GLN_54_A_O,46.781,-30.431,42.302,-0.894,-0.167,-0.415
GLN_54_A_O,46.95,-30.867,42.302,-0.773,-0.479,-0.415
GLN_54_A_CB,50.771,-32.271,43.815,-0.167,-0.514,0.841
GLN_54_A_CB,52.741,-33.087,42.744,0.259,-0.911,0.321
GLN_54_A_CB,52.624,-33.25,42.15,0.613,-0.789,0.033
GLN_54_A_CB,52.49,-33.282,42.497,0.526,-0.81,0.26
GLN_54_A_CB,52.699,-33.131,41.562,0.638,-0.743,-0.202
GLN_54_A_CB,50.212,-33.672,41.71,-0.579,-0.754,-0.309
GLN_54_A_CB,50.649,-33.834,41.551,-0.284,-0.864,-0.417
GLN_54_A_CB,51.134,-33.913,41.582,0.044,-0.917,-0.396
GLN_54_A_CB,51.577,-33.895,41.796,0.344,-0.905,-0.251
GLN_54_A_CB,51.895,-33.783,42.154,0.559,-0.829,-0.009
GLN_54_A_CB,52.03,-33.598,42.589,0.651,-0.704,0.285
GLN_54_A_CB,52.354,-33.443,42.328,0.621,-0.751,0.223
GLN_54_A_CB,52.252,-33.58,41.905,0.568,-0.823,0.0
GLN_54_A_CB,51.52,-33.836,41.482,0.183,-0.958,-0.223
GLN_54_A_CB,51.962,-33.692,41.482,0.415,-0.882,-0.223
GLN_54_A_CB,52.354,-33.443,41.482,0.621,-0.751,-0.223
GLN_54_A_CB,51.961,-33.536,41.081,0.415,-0.8,-0.434
GLN_54_A_CG,52.763,-33.019,42.994,0.243,-0.96,0.142
GLN_54_A_CG,52.471,-30.189,44.524,-0.161,-0.051,0.986
GLN_54_A_CG,52.133,-30.002,44.425,-0.388,0.074,0.919
GLN_54_A_CG,52.122,-30.415,44.489,-0.152,0.237,0.96
GLN_54_A_CG,51.784,-30.212,44.33,-0.35,0.357,0.866
GLN_54_A_CG,52.897,-32.964,43.17,0.124,-0.97,0.207
GLN_54_A_CG,51.499,-30.234,44.248,-0.3,0.308,0.903
GLN_54_A_CG,51.176,-31.412,44.368,-0.333,-0.136,0.933
GLN_54_A_CG,51.215,-31.027,44.39,-0.31,0.089,0.946
GLN_54_A_CG,51.248,-30.648,44.319,-0.291,0.311,0.905
GLN_54_A_CG,50.871,-30.999,44.322,-0.065,0.069,0.995
GLN_54_A_CG,50.916,-30.47,44.188,-0.036,0.419,0.907
GLN_54_A_CG,51.977,-30.857,44.6,-0.111,0.193,0.975
GLN_54_A_CG,51.364,-31.223,44.46,-0.434,0.0,0.901
GLN_54_A_CG,51.846,-30.473,44.46,-0.18,0.395,0.901
GLN_54_A_CG,51.494,-30.777,44.46,-0.365,0.235,0.901
GLN_54_A_CD,54.752,-31.588,40.665,0.44,-0.354,-0.825
GLN_54_A_CD,54.694,-31.989,40.889,0.403,-0.609,-0.683
GLN_54_A_CD,53.366,-32.372,40.679,0.184,-0.719,-0.67
GLN_54_A_CD,53.351,-32.611,41.011,0.175,-0.87,-0.462
GLN_54_A_CD,52.944,-32.773,41.066,0.415,-0.873,-0.257
GLN_54_A_CD,53.362,-32.824,41.58,0.165,-0.963,-0.214
GLN_54_A_CD,53.019,-32.973,41.906,0.421,-0.907,-0.018
GLN_54_A_CD,53.829,-32.622,41.143,0.183,-0.882,-0.434
GLN_54_A_CD,53.94,-32.359,40.782,0.242,-0.744,-0.623
GLN_54_A_CD,54.354,-32.148,40.782,0.46,-0.633,-0.623
GLN_54_A_CD,54.319,-31.784,40.482,0.441,-0.441,-0.782
GLN_54_A_CD,54.575,-31.399,40.482,0.576,-0.239,-0.782
GLN_54_A_OE1,53.596,-28.756,40.238,0.437,0.318,-0.841
GLN_54_A_OE1,53.352,-28.933,39.977,0.611,0.444,-0.655
GLN_54_A_OE1,53.02,-28.771,39.642,0.848,0.329,-0.415
GLN_54_A_OE1,54.276,-28.664,40.759,0.437,0.318,-0.841
GLN_54_A_OE1,54.032,-28.841,40.498,0.611,0.444,-0.655
GLN_54_A_OE1,55.04,-29.568,41.216,0.739,0.157,-0.655
GLN_54_A_OE1,54.887,-29.808,40.881,0.848,0.329,-0.415
GLN_54_A_OE1,54.566,-28.937,40.773,0.492,0.32,-0.81
GLN_54_A_OE1,54.799,-29.159,40.914,0.758,0.066,-0.649
GLN_54_A_OE1,54.57,-29.344,40.565,0.724,0.406,-0.558
GLN_54_A_OE1,54.79,-29.601,40.796,0.917,0.181,-0.355
GLN_54_A_OE1,54.866,-30.09,40.609,0.836,0.236,-0.496
GLN_54_A_OE1,54.727,-30.537,40.387,0.721,-0.135,-0.68
GLN_54_A_OE1,53.951,-29.071,40.243,0.446,0.577,-0.684
GLN_54_A_OE1,53.681,-28.751,40.281,0.376,0.314,-0.872
GLN_54_A_OE1,53.735,-28.361,40.4,0.6,0.069,-0.797
GLN_54_A_OE1,53.674,-29.35,39.877,0.381,0.524,-0.762
GLN_54_A_OE1,54.687,-29.714,40.445,0.848,0.329,-0.415
GLN_54_A_OE1,54.535,-29.954,40.11,0.739,0.157,-0.655
GLN_54_A_OE1,54.356,-29.552,40.11,0.611,0.444,-0.655
GLN_54_A_OE1,54.029,-29.258,40.11,0.378,0.654,-0.655
GLN_54_A_NE2,55.29,-30.33,43.714,0.437,-0.318,0.841
GLN_54_A_NE2,55.146,-30.775,43.714,0.541,-0.0,0.841
GLN_54_A_NE2,55.34,-30.17,43.761,0.402,-0.432,0.808
GLN_54_A_NE2,55.415,-30.544,43.557,0.699,-0.142,0.701
GLN_54_A_NE2,55.248,-30.955,43.667,0.468,0.129,0.874
GLN_54_A_NE2,54.334,-33.075,42.327,-0.174,-0.904,-0.39
GLN_54_A_NE2,54.79,-33.077,42.333,0.176,-0.906,-0.386
GLN_54_A_NE2,55.214,-32.954,42.446,0.503,-0.811,-0.299
GLN_54_A_NE2,55.55,-32.723,42.65,0.76,-0.634,-0.141
GLN_54_A_NE2,55.752,-32.415,42.92,0.915,-0.397,0.066
GLN_54_A_NE2,55.792,-32.072,43.217,0.946,-0.133,0.294
GLN_54_A_NE2,55.666,-31.74,43.502,0.849,0.122,0.513
GLN_54_A_NE2,55.39,-31.463,43.737,0.638,0.335,0.694
GLN_54_A_NE2,54.588,-32.268,41.055,0.326,-0.615,-0.718
GLN_54_A_NE2,54.354,-32.535,41.247,0.182,-0.78,-0.599
GLN_54_A_NE2,54.127,-32.731,41.517,0.042,-0.901,-0.432
GLN_54_A_NE2,53.921,-32.843,41.846,-0.085,-0.97,-0.229
GLN_54_A_NE2,55.614,-31.123,43.421,0.698,0.289,0.655
GLN_54_A_NE2,55.44,-32.758,42.226,0.582,-0.801,-0.142
GLN_54_A_NE2,54.454,-32.917,41.816,-0.075,-0.907,-0.415
GLN_54_A_NE2,54.902,-32.88,41.816,0.223,-0.882,-0.415
GLN_54_A_NE2,55.313,-32.699,41.816,0.498,-0.762,-0.415
GLN_54_A_NE2,54.567,-32.691,41.457,-0.0,-0.756,-0.655
GLN_54_A_NE2,55.001,-32.604,41.457,0.289,-0.698,-0.655
GLN_54_A_NE2,54.904,-32.295,41.177,0.225,-0.492,-0.841
GLN_54_A_HA,47.72,-31.681,41.735,-0.773,-0.479,-0.415
GLN_54_A_HA,47.731,-31.5,41.353,-0.781,-0.608,-0.142
GLN_54_A_HB2,49.935,-33.536,42.545,-0.871,-0.471,0.142
GLN_54_A_HB2,49.655,-33.176,42.545,-0.67,-0.728,0.142
GLN_54_A_HB2,49.273,-32.927,42.545,-0.398,-0.906,0.142
GLN_54_A_HB2,50.171,-32.445,43.724,0.167,-0.514,0.841
GLN_54_A_HB2,50.724,-32.933,43.558,-0.228,-0.166,0.959
GLN_54_A_HB2,49.82,-33.368,41.754,-0.541,-0.829,-0.142
GLN_54_A_HB2,52.153,-33.353,42.839,0.548,-0.726,0.415
GLN_54_A_HB2,51.743,-33.415,43.249,0.477,-0.63,0.613
GLN_54_A_HB2,51.444,-33.306,43.475,0.19,-0.526,0.829
GLN_54_A_HB2,51.144,-33.087,43.595,-0.097,-0.316,0.944
GLN_54_A_HB2,49.877,-33.485,42.273,-0.785,-0.62,0.002
GLN_54_A_HB2,49.621,-33.188,42.391,-0.647,-0.72,0.253
GLN_54_A_HB2,49.914,-33.393,42.797,-0.755,-0.573,0.32
GLN_54_A_HB2,50.13,-33.292,43.192,-0.563,-0.483,0.671
GLN_54_A_HB2,50.434,-33.075,43.462,-0.292,-0.29,0.911
GLN_54_A_HB2,49.779,-33.101,43.065,-0.507,-0.726,0.464
GLN_54_A_HB2,50.042,-32.94,43.402,-0.269,-0.581,0.768
GLN_54_A_HB2,50.368,-32.681,43.589,0.027,-0.346,0.938
GLN_54_A_HB2,50.781,-33.338,43.502,-0.171,-0.296,0.94
GLN_54_A_HB2,50.337,-33.4,43.293,-0.541,-0.348,0.766
GLN_54_A_HB2,50.666,-33.685,43.293,-0.267,-0.585,0.766
GLN_54_A_HB2,51.096,-33.746,43.293,0.091,-0.636,0.766
GLN_54_A_HB2,51.491,-33.566,43.293,0.421,-0.486,0.766
GLN_54_A_HB2,50.338,-33.796,42.974,-0.54,-0.677,0.5
GLN_54_A_HB2,50.755,-33.996,42.974,-0.193,-0.844,0.5
GLN_54_A_HB2,51.217,-33.996,42.974,0.193,-0.844,0.5
GLN_54_A_HB2,51.634,-33.796,42.974,0.54,-0.677,0.5
GLN_54_A_HB2,50.15,-33.819,42.582,-0.696,-0.696,0.174
GLN_54_A_HB2,50.534,-34.075,42.582,-0.377,-0.91,0.174
GLN_54_A_HB2,50.986,-34.165,42.582,-0.0,-0.985,0.174
GLN_54_A_HB2,51.438,-34.075,42.582,0.377,-0.91,0.174
GLN_54_A_HB2,51.822,-33.819,42.582,0.696,-0.696,0.174
GLN_54_A_HB2,50.15,-33.819,42.166,-0.696,-0.696,-0.174
GLN_54_A_HB2,50.534,-34.075,42.166,-0.377,-0.91,-0.174
GLN_54_A_HB2,50.986,-34.165,42.166,-0.0,-0.985,-0.174
GLN_54_A_HB2,51.438,-34.075,42.166,0.377,-0.91,-0.174
GLN_54_A_HB2,50.755,-33.996,41.774,-0.193,-0.844,-0.5
GLN_54_A_HB3,52.587,-32.976,40.905,0.67,-0.728,-0.142
GLN_54_A_HB3,52.324,-33.258,40.989,0.618,-0.745,-0.251
GLN_54_A_HG2,50.743,-30.259,44.115,0.087,0.268,0.959
GLN_54_A_HG2,50.484,-29.93,44.005,0.167,0.514,0.841
GLN_54_A_HG2,50.324,-29.21,43.84,0.282,-0.0,0.959
GLN_54_A_HG2,50.596,-29.586,43.84,0.087,0.268,0.959
GLN_54_A_HG2,51.037,-29.442,43.84,-0.228,0.166,0.959
GLN_54_A_HG2,50.596,-28.835,43.84,0.087,-0.268,0.959
GLN_54_A_HG2,51.836,-28.943,44.28,-0.739,-0.157,0.655
GLN_54_A_HG2,51.558,-29.163,44.019,-0.541,-0.0,0.841
GLN_54_A_HG2,51.414,-28.718,44.019,-0.437,-0.318,0.841
GLN_54_A_HG2,51.414,-29.608,44.019,-0.437,0.318,0.841
GLN_54_A_HG2,51.12,-28.931,43.854,-0.228,-0.166,0.959
GLN_54_A_HG2,52.051,-29.712,44.365,-0.541,-0.0,0.841
GLN_54_A_HG2,51.613,-29.944,44.199,-0.228,0.166,0.959
GLN_54_A_HG2,51.573,-29.737,44.144,-0.385,0.218,0.897
GLN_54_A_HG2,51.096,-29.997,44.06,-0.22,0.328,0.919
GLN_54_A_HG3,53.163,-32.875,43.524,-0.082,-0.986,0.142
GLN_54_A_HG3,52.709,-32.912,43.524,0.243,-0.96,0.142
GLN_54_A_HG3,52.473,-30.806,44.582,0.087,0.268,0.959
GLN_54_A_HG3,53.524,-30.857,44.413,0.437,-0.318,0.841
GLN_54_A_HG3,53.379,-31.302,44.413,0.541,-0.0,0.841
GLN_54_A_HG3,53.742,-31.302,44.248,0.282,-0.0,0.959
GLN_54_A_HG3,53.165,-30.815,44.565,0.189,-0.073,0.979
GLN_54_A_HG3,52.971,-31.18,44.64,0.327,0.188,0.926
GLN_54_A_HG3,52.663,-30.992,44.639,0.013,0.38,0.925
GLN_54_A_HG3,52.969,-32.823,43.862,0.154,-0.954,0.256
GLN_54_A_HG3,53.103,-32.604,44.228,0.28,-0.747,0.603
GLN_54_A_HG3,53.235,-32.244,44.456,0.406,-0.405,0.819
GLN_54_A_HG3,53.342,-31.812,44.501,0.507,0.005,0.862
GLN_54_A_HG3,51.565,-31.543,44.541,-0.511,-0.024,0.859
GLN_54_A_HG3,51.854,-31.22,44.643,-0.315,0.195,0.929
GLN_54_A_HG3,52.246,-31.008,44.66,-0.051,0.338,0.94
GLN_54_A_HG3,52.27,-32.957,43.728,0.101,-0.957,0.271
GLN_54_A_HG3,51.971,-32.848,43.953,-0.186,-0.853,0.487
GLN_54_A_HG3,51.671,-32.628,44.073,-0.474,-0.643,0.602
GLN_54_A_HG3,51.707,-33.03,43.669,0.002,-0.723,0.69
GLN_54_A_HG3,51.301,-32.693,43.794,-0.436,-0.361,0.825
GLN_54_A_HG3,51.45,-31.97,44.382,-0.605,-0.303,0.737
GLN_54_A_HG3,51.169,-31.679,44.307,-0.355,-0.188,0.916
GLN_54_A_HG3,50.798,-31.78,44.171,-0.139,-0.439,0.888
GLN_54_A_HG3,52.425,-31.732,44.881,-0.0,0.0,1.0
GLN_54_A_HG3,52.835,-31.732,44.809,0.342,0.0,0.94
GLN_54_A_HG3,52.63,-31.377,44.809,0.171,0.296,0.94
GLN_54_A_HG3,52.22,-31.377,44.809,-0.171,0.296,0.94
GLN_54_A_HG3,52.015,-31.732,44.809,-0.342,0.0,0.94
GLN_54_A_HG3,52.22,-32.087,44.809,-0.171,-0.296,0.94
GLN_54_A_HG3,52.63,-32.087,44.809,0.171,-0.296,0.94
GLN_54_A_HG3,51.776,-32.149,44.6,-0.541,-0.348,0.766
GLN_54_A_HG3,52.105,-32.434,44.6,-0.267,-0.585,0.766
GLN_54_A_HG3,52.535,-32.495,44.6,0.091,-0.636,0.766
GLN_54_A_HG3,52.93,-32.315,44.6,0.421,-0.486,0.766
GLN_54_A_HG3,53.165,-31.515,44.6,0.617,0.181,0.766
GLN_54_A_HG3,51.777,-32.545,44.281,-0.54,-0.677,0.5
GLN_54_A_HG3,52.194,-32.745,44.281,-0.193,-0.844,0.5
GLN_54_A_HG3,52.656,-32.745,44.281,0.193,-0.844,0.5
GLN_54_A_HG3,52.425,-32.914,43.889,-0.0,-0.985,0.174
GLN_54_A_HE21,53.218,-32.981,42.994,-0.082,-0.986,0.142
GLN_54_A_HE21,53.957,-33.018,42.462,-0.249,-0.875,-0.415
GLN_54_A_HE21,53.494,-32.861,42.079,0.082,-0.986,-0.142
GLN_54_A_HE21,53.052,-32.973,42.079,0.398,-0.906,-0.142
GLN_54_A_HE21,54.014,-31.677,44.248,0.087,0.268,0.959
GLN_54_A_HE21,54.787,-30.769,44.014,0.756,-0.0,0.655
GLN_54_A_HE21,54.538,-31.576,44.24,0.059,0.267,0.962
GLN_54_A_HE21,54.902,-31.463,44.1,0.427,0.382,0.82
GLN_54_A_HE21,54.61,-31.183,44.157,0.338,0.077,0.938
GLN_54_A_HE21,54.875,-31.077,43.97,0.693,0.22,0.686
GLN_54_A_HE21,53.748,-32.996,43.682,-0.403,-0.831,0.384
GLN_54_A_HE21,53.882,-32.777,44.048,-0.276,-0.623,0.731
GLN_54_A_HE21,54.014,-32.417,44.277,-0.15,-0.281,0.948
GLN_54_A_HE21,54.121,-31.985,44.322,-0.049,0.128,0.99
GLN_54_A_HE21,53.428,-32.77,43.936,-0.066,-0.846,0.529
GLN_54_A_HE21,53.556,-32.491,44.223,0.07,-0.551,0.831
GLN_54_A_HE21,53.671,-32.109,44.354,0.191,-0.148,0.97
GLN_54_A_HE21,53.751,-31.7,44.305,0.275,0.284,0.918
GLN_54_A_HE21,53.694,-33.082,43.276,-0.445,-0.886,0.132
GLN_54_A_HE21,53.295,-32.933,43.335,-0.176,-0.945,0.277
GLN_54_A_HE21,53.847,-33.14,42.832,-0.352,-0.91,-0.219
GLN_54_A_HE21,53.421,-33.016,42.975,-0.227,-0.961,0.156
GLN_54_A_HE21,53.179,-33.026,42.585,0.125,-0.991,-0.042
GLN_54_A_HE21,54.555,-32.205,44.389,-0.0,0.0,1.0
GLN_54_A_HE21,54.965,-32.205,44.317,0.342,0.0,0.94
GLN_54_A_HE21,54.76,-31.85,44.317,0.171,0.296,0.94
GLN_54_A_HE21,54.35,-32.56,44.317,-0.171,-0.296,0.94
GLN_54_A_HE21,54.76,-32.56,44.317,0.171,-0.296,0.94
GLN_54_A_HE21,54.235,-32.907,44.108,-0.267,-0.585,0.766
GLN_54_A_HE21,54.665,-32.968,44.108,0.091,-0.636,0.766
GLN_54_A_HE21,55.06,-32.788,44.108,0.421,-0.486,0.766
GLN_54_A_HE21,55.295,-32.422,44.108,0.617,-0.181,0.766
GLN_54_A_HE21,55.295,-31.988,44.108,0.617,0.181,0.766
GLN_54_A_HE21,55.06,-31.622,44.108,0.421,0.486,0.766
GLN_54_A_HE21,55.594,-32.205,43.789,0.866,0.0,0.5
GLN_54_A_HE21,54.324,-33.218,43.789,-0.193,-0.844,0.5
GLN_54_A_HE21,54.786,-33.218,43.789,0.193,-0.844,0.5
GLN_54_A_HE21,55.203,-33.018,43.789,0.54,-0.677,0.5
GLN_54_A_HE21,55.491,-32.656,43.789,0.78,-0.376,0.5
GLN_54_A_HE21,54.103,-33.297,43.397,-0.377,-0.91,0.174
GLN_54_A_HE21,54.555,-33.387,43.397,-0.0,-0.985,0.174
GLN_54_A_HE21,55.007,-33.297,43.397,0.377,-0.91,0.174
GLN_54_A_HE21,55.391,-33.041,43.397,0.696,-0.696,0.174
GLN_54_A_HE21,55.647,-32.657,43.397,0.91,-0.377,0.174
GLN_54_A_HE21,54.103,-33.297,42.981,-0.377,-0.91,-0.174
GLN_54_A_HE21,54.555,-33.387,42.981,-0.0,-0.985,-0.174
GLN_54_A_HE21,55.007,-33.297,42.981,0.377,-0.91,-0.174
GLN_54_A_HE21,55.391,-33.041,42.981,0.696,-0.696,-0.174
GLN_54_A_HE21,54.324,-33.218,42.589,-0.193,-0.844,-0.5
GLN_54_A_HE21,54.786,-33.218,42.589,0.193,-0.844,-0.5
GLN_54_A_HE22,55.025,-32.121,41.11,0.167,-0.514,-0.841
GLN_54_A_HE22,55.462,-29.793,41.477,0.437,0.318,-0.841
GLN_54_A_HE22,55.218,-29.97,41.216,0.611,0.444,-0.655
GLN_54_A_HE22,55.545,-30.264,41.216,0.378,0.654,-0.655
GLN_54_A_HE22,55.673,-29.921,43.497,0.773,-0.479,0.415
GLN_54_A_HE22,55.697,-30.592,43.162,0.756,-0.0,0.655
GLN_54_A_HE22,55.789,-31.022,43.162,0.69,0.307,0.655
GLN_54_A_HE22,55.805,-29.566,42.237,0.976,0.163,-0.142
GLN_54_A_HE22,55.953,-29.997,42.237,0.871,0.471,-0.142
GLN_54_A_HE22,55.985,-30.281,42.774,0.894,0.167,0.415
GLN_54_A_HE22,55.931,-29.79,42.921,0.933,-0.184,0.31
GLN_54_A_HE22,56.013,-30.055,42.561,0.963,0.255,0.089
GLN_54_A_HE22,56.127,-30.514,42.641,0.793,0.333,0.51
GLN_54_A_HE22,55.888,-30.308,42.988,0.842,-0.031,0.538
GLN_54_A_HE22,55.931,-30.744,42.958,0.589,0.109,0.801
GLN_54_A_HE22,56.04,-30.196,41.794,0.75,0.628,-0.206
GLN_54_A_HE22,55.812,-30.198,41.433,0.506,0.626,-0.594
GLN_54_A_HE22,55.527,-29.862,41.481,0.391,0.367,-0.844
GLN_54_A_HE22,55.691,-29.462,41.757,0.841,0.108,-0.531
GLN_54_A_HE22,55.253,-32.22,41.229,0.197,-0.646,-0.738
GLN_54_A_HE22,55.515,-32.392,41.557,0.399,-0.778,-0.486
GLN_54_A_HE22,55.749,-32.412,41.944,0.579,-0.793,-0.188
GLN_54_A_HE22,55.925,-32.278,42.34,0.714,-0.69,0.117
GLN_54_A_HE22,56.019,-32.007,42.691,0.786,-0.482,0.387
GLN_54_A_HE22,56.018,-31.636,42.951,0.786,-0.196,0.587
GLN_54_A_HE22,55.923,-31.213,43.085,0.713,0.128,0.69
GLN_54_A_HE22,55.488,-30.484,40.98,0.392,0.518,-0.761
GLN_54_A_HE22,55.357,-30.906,40.771,0.271,0.128,-0.954
GLN_54_A_HE22,55.088,-30.51,40.711,0.595,0.202,-0.778
GLN_54_A_HE22,54.906,-30.934,40.602,0.418,-0.211,-0.884
GLN_54_A_HE22,55.19,-31.399,40.755,0.171,-0.188,-0.967
GLN_54_A_HE22,55.134,-31.784,40.891,0.126,-0.497,-0.859
GLN_54_A_HE22,56.122,-31.005,42.882,0.617,0.181,0.766
GLN_54_A_HE22,56.421,-31.222,42.563,0.866,0.0,0.5
GLN_54_A_HE22,56.318,-30.771,42.563,0.78,0.376,0.5
GLN_54_A_HE22,56.318,-31.673,42.563,0.78,-0.376,0.5
GLN_54_A_HE22,56.218,-32.058,42.171,0.696,-0.696,0.174
GLN_54_A_HE22,56.474,-31.674,42.171,0.91,-0.377,0.174
GLN_54_A_HE22,56.564,-31.222,42.171,0.985,0.0,0.174
GLN_54_A_HE22,56.474,-30.77,42.171,0.91,0.377,0.174
GLN_54_A_HE22,56.564,-31.222,41.755,0.985,0.0,-0.174
GLN_54_A_HE22,56.474,-30.77,41.755,0.91,0.377,-0.174
GLN_54_A_HE22,56.218,-30.386,41.755,0.696,0.696,-0.174
GLN_54_A_HE22,56.218,-32.058,41.755,0.696,-0.696,-0.174
GLN_54_A_HE22,56.474,-31.674,41.755,0.91,-0.377,-0.174
GLN_54_A_HE22,56.03,-32.035,41.363,0.54,-0.677,-0.5
GLN_54_A_HE22,56.318,-31.673,41.363,0.78,-0.376,-0.5
GLN_54_A_HE22,56.421,-31.222,41.363,0.866,-0.0,-0.5
GLN_54_A_HE22,56.318,-30.771,41.363,0.78,0.376,-0.5
GLN_54_A_HE22,56.03,-30.409,41.363,0.54,0.677,-0.5
GLN_54_A_HE22,56.153,-31.222,41.044,0.643,0.0,-0.766
GLN_54_A_HE22,56.031,-30.805,41.044,0.541,0.348,-0.766
GLN_54_A_HE22,55.702,-30.52,41.044,0.267,0.585,-0.766
GLN_54_A_HE22,55.702,-31.924,41.044,0.267,-0.585,-0.766
GLN_54_A_HE22,56.031,-31.639,41.044,0.541,-0.348,-0.766
GLN_54_A_HE22,55.587,-31.577,40.835,0.171,-0.296,-0.94
GLN_54_A_HE22,55.792,-31.222,40.835,0.342,-0.0,-0.94
