idx1,idx2,ring_id,ring_fraction,circle_radius,ring_width,ring_inner_radius,ring_outer_radius,plane_u1,plane_v1,plane_u2,plane_v2,plane_u,plane_v,rep_x,rep_y,rep_z,theta,radial_distance,ring_radius1,ring_radius2,res1,res2,x1,y1,z1,x2,y2,z2,mid_x,mid_y,mid_z,center_u,center_v,center_x,center_y,center_z,plane_x,plane_y,plane_z,physical_distance,zernike_distance
6677,6851,1,0.1,22.901543721065458,2.290154372106546,0.0,2.290154372106546,-2.2086709904104302,-0.10615182816210164,-2.2700059156351546,-0.13082493747189392,-2.279497627039991,-0.1346431541269314,52.028704732414944,-13.553904137449976,45.23331903589542,-3.083403142329906,2.280327903233274,2.2080981611493984,2.27063254192344,TYR_44_A_OH,TYR_44_C_HE1,52.307,-13.48,47.768,52.066,-13.544,45.573,52.028704732414944,-13.553904137449976,45.23331903589542,-0.0030292516409144055,-0.0020268577220467813,51.9883874134686,-11.273934718817499,45.236370291035556,52.028704732414944,-13.553904137449976,45.23331903589542,2.209117923516081,2.8139159178528534
6670,2803,1,0.1,22.901543721065458,2.290154372106546,0.0,2.290154372106546,-1.546480668711971,-0.17741106255910388,-1.4721952576767028,-0.19603638222199476,-1.511775759563795,-0.1861125022866125,51.91967447283867,-12.792297163648744,45.24395762392111,-3.0201804595559514,1.5199353768184483,1.5533840143908328,1.4819205271835079,TYR_44_A_OH,LEU_30_C_HD23,52.214,-12.825,48.055,51.584,-12.755,42.038,51.91967447283867,-12.792297163648744,45.24395762392111,-0.0030292516409144055,-0.0020268577220467813,51.9883874134686,-11.273934718817499,45.236370291035556,51.91967447283867,-12.792297163648744,45.24395762392111,6.050296604299663,1.844463367665404
6941,2398,1,0.1,22.901543721065458,2.290154372106546,0.0,2.290154372106546,-1.037688758740909,-0.19242349926638144,-0.9557648369332231,-0.12413118920686944,-1.035304975577569,-0.19043636223347252,51.87940850178666,-12.317526710582051,45.24780108946358,-2.961061247141756,1.049328981596899,1.0520319276256616,0.9605282730089904,TYR_44_A_HH,LEU_30_C_CD2,51.89,-12.32,45.371,51.526,-12.235,41.137,51.87940850178666,-12.317526710582051,45.24780108946358,-0.0030292516409144055,-0.0020268577220467813,51.9883874134686,-11.273934718817499,45.236370291035556,51.87940850178666,-12.317526710582051,45.24780108946358,4.250467856601202,1.744359320882703
6887,2800,1,0.1,22.901543721065458,2.290154372106546,0.0,2.290154372106546,-1.3732819563239451,-0.34419017277784925,-1.2267255654444895,-0.2693730424800451,-1.3577743947859948,-0.3362735527981683,51.75907128645658,-12.650128060081627,45.26006116263163,-2.899700659147591,1.3953692185384103,1.4123272315087383,1.2525600388488831,TYR_44_A_HH,LEU_30_C_HD23,51.796,-12.666,45.694,51.447,-12.516,41.593,51.75907128645658,-12.650128060081627,45.26006116263163,-0.0030292516409144055,-0.0020268577220467813,51.9883874134686,-11.273934718817499,45.236370291035556,51.75907128645658,-12.650128060081627,45.26006116263163,4.118555814845781,1.8406834444527163
6679,7215,1,0.1,22.901543721065458,2.290154372106546,0.0,2.290154372106546,-2.184479354695891,-0.6182089918975198,-2.1515077435134997,-0.5507472526264225,-6.20338944572724,-8.841121218277701,43.68725919128462,-18.126820465623656,46.07498988972063,-2.1825082382104166,10.79694658925462,2.2668050146837966,2.2174431000192794,TYR_44_A_OH,ASN_45_C_HD22,51.732,-13.495,47.172,51.798,-13.457,47.181,43.68725919128462,-18.126820465623656,46.07498988972063,-0.0030292516409144055,-0.0020268577220467813,51.9883874134686,-11.273934718817499,45.236370291035556,43.68725919128462,-18.126820465623656,46.07498988972063,0.07668767828015281,2.5122492647894386
6671,6874,1,0.1,22.901543721065458,2.290154372106546,0.0,2.290154372106546,-1.64423135533228,-0.6476869023803715,-1.71901381527107,-0.6288435765377192,-1.6594320079833915,-0.6438567147780883,51.47669402176097,-12.974244870919822,45.288628459469436,-2.7719221230559805,1.7764052624971403,1.7636386360105503,1.826883198675772,TYR_44_A_OH,TYR_44_C_HE2,51.558,-12.959,46.146,51.158,-13.034,41.928,51.47669402176097,-12.974244870919822,45.288628459469436,-0.0030292516409144055,-0.0020268577220467813,51.9883874134686,-11.273934718817499,45.236370291035556,51.47669402176097,-12.974244870919822,45.288628459469436,4.237587639211728,1.937875205407159
6672,7216,1,0.1,22.901543721065458,2.290154372106546,0.0,2.290154372106546,-1.8233549574477066,-0.7740631239905019,-1.8853352234051644,-0.7794954309193121,-1.6578008069432417,-0.7595530062137211,51.3617882361191,-12.981393138320481,45.30019804753405,-2.712285333268318,1.8199216372927471,1.9772773380724145,2.0365493251204962,TYR_44_A_OH,ASN_45_C_HD22,51.49,-13.147,46.593,51.538,-13.209,47.077,51.3617882361191,-12.981393138320481,45.30019804753405,-0.0030292516409144055,-0.0020268577220467813,51.9883874134686,-11.273934718817499,45.236370291035556,51.3617882361191,-12.981393138320481,45.30019804753405,0.4903101059533591,2.534532609526538
6653,2804,1,0.1,22.901543721065458,2.290154372106546,0.0,2.290154372106546,-1.2454431463163416,-0.67823934354595,-1.2603837343872102,-0.5773761097981589,-1.251176349095664,-0.6395347511088054,51.45015622734399,-12.566837334080915,45.291119800102365,-2.669371423724246,1.4015304103069397,1.4145160344325214,1.3827389692732126,TYR_44_A_OH,LEU_30_C_HD23,51.652,-12.563,47.686,51.126,-12.573,41.445,51.45015622734399,-12.566837334080915,45.291119800102365,-0.0030292516409144055,-0.0020268577220467813,51.9883874134686,-11.273934718817499,45.236370291035556,51.45015622734399,-12.566837334080915,45.291119800102365,6.263134758250057,1.6752036142898723
6676,7242,1,0.1,22.901543721065458,2.290154372106546,0.0,2.290154372106546,-1.3811993141434293,-0.8817636953532111,-1.4271775362582637,-0.768372990648349,-1.2209103735174391,-1.2770655382253118,50.81537486184626,-12.58501087144368,45.355024998291995,-2.333270549362876,1.7632237702012554,1.635019762774587,1.617246033239728,TYR_44_A_OH,ASN_45_C_HD22,51.415,-12.714,47.255,51.587,-12.751,47.8,50.81537486184626,-12.58501087144368,45.355024998291995,-0.0030292516409144055,-0.0020268577220467813,51.9883874134686,-11.273934718817499,45.236370291035556,50.81537486184626,-12.58501087144368,45.355024998291995,0.5726936353758398,2.0575510864471314
6674,7230,1,0.1,22.901543721065458,2.290154372106546,0.0,2.290154372106546,-1.3833727842149257,-0.9408842127828633,-1.4185855696126146,-0.888251426512685,-1.3673854192234538,-0.9647806343557719,51.13625330554278,-12.707379352149303,45.32277938618612,-2.5270868315617983,1.669839089985324,1.6693715587222313,1.6700879245350375,TYR_44_A_OH,ASN_45_C_HD22,51.277,-12.721,46.471,51.587,-12.751,49.0,51.13625330554278,-12.707379352149303,45.32277938618612,-0.0030292516409144055,-0.0020268577220467813,51.9883874134686,-11.273934718817499,45.236370291035556,51.13625330554278,-12.707379352149303,45.32277938618612,2.5481053745871693,1.9776976262295969
2386,6968,1,0.1,22.901543721065458,2.290154372106546,0.0,2.290154372106546,-0.7784085339406838,-0.6623236337722761,-0.9174434713688226,-0.6272694523529602,-0.9267493548268062,-0.6249232066320107,51.440156296898245,-12.242236613048181,45.29198301411593,-2.548300308756179,1.1141178979421873,1.0184325524461755,1.107737183352349,LEU_30_A_CD2,TYR_44_C_HH,51.884,-12.095,50.186,51.468,-12.233,45.599,51.440156296898245,-12.242236613048181,45.29198301411593,-0.0030292516409144055,-0.0020268577220467813,51.9883874134686,-11.273934718817499,45.236370291035556,51.440156296898245,-12.242236613048181,45.29198301411593,4.60789203432546,3.611934302715814
2380,6977,1,0.1,22.901543721065458,2.290154372106546,0.0,2.290154372106546,-0.521962444307281,-0.5683169008468875,-0.32618699144468105,-0.6329024344254951,-0.3254049196954816,-0.6331604367464216,51.38657918843714,-11.643248989152115,45.297111512108565,-2.043037305641033,0.7086999830152004,0.7680989984326514,0.708826437201652,LEU_30_A_CD2,TYR_44_C_HH,51.995,-11.832,50.547,51.389,-11.644,45.318,51.38657918843714,-11.643248989152115,45.297111512108565,-0.0030292516409144055,-0.0020268577220467813,51.9883874134686,-11.273934718817499,45.236370291035556,51.38657918843714,-11.643248989152115,45.297111512108565,5.267354269460141,3.6964112154831215
2625,6873,1,0.1,22.901543721065458,2.290154372106546,0.0,2.290154372106546,-1.136329077879968,-1.2893716596929978,-1.105480310611881,-1.3112334285543645,-1.1274270027414441,-1.295680343193172,50.7898485339539,-12.49320856941701,45.35755393138125,-2.2863117200455028,1.714003979911225,1.7151166535589046,1.7115549019931326,LEU_30_A_HD12,TYR_44_C_HE2,50.935,-12.501,46.73,50.432,-12.474,41.974,50.7898485339539,-12.49320856941701,45.35755393138125,-0.0030292516409144055,-0.0020268577220467813,51.9883874134686,-11.273934718817499,45.236370291035556,50.7898485339539,-12.49320856941701,45.35755393138125,4.782601175092902,1.8079968290935695
2399,2822,1,0.1,22.901543721065458,2.290154372106546,0.0,2.290154372106546,-0.9501366950411779,-1.1683775127061575,-0.8191525914665617,-1.2001491452116857,-0.8774632825274971,-1.1860052468532387,50.87978382560632,-12.235646724936089,45.34838726550141,-2.2069327833558097,1.471883045728243,1.5024601025405127,1.4496738673189822,LEU_30_A_CD2,LEU_30_C_HD23,51.307,-12.305,49.362,50.537,-12.18,42.128,50.87978382560632,-12.235646724936089,45.34838726550141,-0.0030292516409144055,-0.0020268577220467813,51.9883874134686,-11.273934718817499,45.236370291035556,50.87978382560632,-12.235646724936089,45.34838726550141,7.275938496166665,2.4674878181375353
2628,6653,1,0.1,22.901543721065458,2.290154372106546,0.0,2.290154372106546,-0.9622011556285065,-1.6813299777285458,-0.9226342077358763,-1.5866731657455435,-0.9450485670972646,-1.6402954922779736,50.434184251401994,-12.337492139904235,45.39328636011739,-2.092637419024594,1.8897948326902025,1.9339259836567542,1.83215097544032,LEU_30_A_HD12,TYR_44_C_CZ,50.556,-12.357,46.999,50.275,-12.312,43.295,50.434184251401994,-12.337492139904235,45.39328636011739,-0.0030292516409144055,-0.0020268577220467813,51.9883874134686,-11.273934718817499,45.236370291035556,50.434184251401994,-12.337492139904235,45.39328636011739,3.714916149793963,2.144920304382742
2402,7235,1,0.1,22.901543721065458,2.290154372106546,0.0,2.290154372106546,-0.8036240718295441,-1.4570070928630081,-1.004527432802998,-1.4639876667479585,-2.9710780760761297,-1.532317295467701,50.6942864927515,-14.349496598278066,45.367993164029635,-2.66555253122333,3.3393266758565336,1.6606985129046488,1.7720970667541494,LEU_30_A_CD2,ASN_45_C_HD22,50.964,-12.181,48.939,50.939,-12.382,48.608,50.6942864927515,-14.349496598278066,45.367993164029635,-0.0030292516409144055,-0.0020268577220467813,51.9883874134686,-11.273934718817499,45.236370291035556,50.6942864927515,-14.349496598278066,45.367993164029635,0.3880554084148321,2.824304430015558
2348,6923,1,0.1,22.901543721065458,2.290154372106546,0.0,2.290154372106546,-0.8208428682049551,-1.5389184285162876,-0.9135069533788424,-1.550590123930087,-0.926338347257219,-1.552206328534078,50.520165033828356,-12.312154852995723,45.38462033213288,-2.107984824057036,1.8043159584105182,1.740935039516393,1.796390223423322,LEU_30_A_CD2,TYR_44_C_HH,50.971,-12.204,49.811,50.575,-12.299,45.923,50.520165033828356,-12.312154852995723,45.38462033213288,-0.0030292516409144055,-0.0020268577220467813,51.9883874134686,-11.273934718817499,45.236370291035556,50.520165033828356,-12.312154852995723,45.38462033213288,3.909269113274242,3.4602245787150276
2350,2805,1,0.1,22.901543721065458,2.290154372106546,0.0,2.290154372106546,-0.5447181713503257,-1.1919264470511992,-0.6014906032231216,-1.2469269381229637,-0.58543461849971,-1.2313720813853277,50.81272543271283,-11.947899964676504,45.35501027025534,-2.013226319056265,1.360325582457983,1.3073973835149106,1.3812791895629977,LEU_30_A_CD2,LEU_30_C_HD23,51.375,-11.902,50.579,50.591,-11.966,43.295,50.81272543271283,-11.947899964676504,45.35501027025534,-0.0030292516409144055,-0.0020268577220467813,51.9883874134686,-11.273934718817499,45.236370291035556,50.81272543271283,-11.947899964676504,45.35501027025534,7.32635025097763,3.0640846212920354
2263,6947,1,0.1,22.901543721065458,2.290154372106546,0.0,2.290154372106546,-0.6587712434707627,-1.497203741817375,-0.4816844124127972,-1.3869378703765758,-0.5504137809403811,-1.429733281356564,50.61328644788816,-11.928024335154717,45.3750770438028,-1.9369121187970797,1.5290439676489562,1.6326516697023865,1.465294945021428,LEU_30_A_CD1,TYR_44_C_HH,50.825,-12.04,48.068,50.479,-11.857,43.667,50.61328644788816,-11.928024335154717,45.3750770438028,-0.0030292516409144055,-0.0020268577220467813,51.9883874134686,-11.273934718817499,45.236370291035556,50.61328644788816,-11.928024335154717,45.3750770438028,4.418371419425937,3.201289339386584
2640,5712,1,0.1,22.901543721065458,2.290154372106546,0.0,2.290154372106546,-0.791954976142066,-2.076554050557621,-0.8799708759722761,-2.0892226027528977,-1.0866407175639194,-2.118969588018563,49.969981329540076,-12.51498060392655,45.44009148249412,-2.043899268601674,2.378163226617356,2.2194744586486945,2.2639374307961377,LEU_30_A_HD12,ILE_41_C_CG2,50.201,-12.217,47.536,50.132,-12.306,46.91,49.969981329540076,-12.51498060392655,45.44009148249412,-0.0030292516409144055,-0.0020268577220467813,51.9883874134686,-11.273934718817499,45.236370291035556,49.969981329540076,-12.51498060392655,45.44009148249412,0.6360487402707485,2.1500559095285654
2298,5702,1,0.1,22.901543721065458,2.290154372106546,0.0,2.290154372106546,-0.714272015183057,-2.0848720491351243,-0.7671206863668046,-1.9473968511488593,-0.7937789611102118,-1.8780507064637868,50.186884908781934,-12.204690343168345,45.41812088228767,-1.9697012722651814,2.0358660525863552,2.200933974494384,2.0900478779078018,LEU_30_A_CD1,ILE_41_C_CG2,50.226,-12.14,47.926,50.2,-12.183,46.259,50.186884908781934,-12.204690343168345,45.41812088228767,-0.0030292516409144055,-0.0020268577220467813,51.9883874134686,-11.273934718817499,45.236370291035556,50.186884908781934,-12.204690343168345,45.41812088228767,1.6677571765697803,2.5032663110949116
2750,6919,1,0.1,22.901543721065458,2.290154372106546,0.0,2.290154372106546,-0.6523175423359235,-2.1608667517088587,-0.5460906780847619,-1.9140395541160748,-0.5684139177372813,-1.965909509267868,50.08270359593695,-11.986637914258377,45.42851146961502,-1.8511075077809886,2.0436474475064297,2.2543657583237544,1.9876388666111326,LEU_30_A_HD22,TYR_44_C_HH,50.371,-12.083,50.17,50.006,-11.961,44.167,50.08270359593695,-11.986637914258377,45.42851146961502,-0.0030292516409144055,-0.0020268577220467813,51.9883874134686,-11.273934718817499,45.236370291035556,50.08270359593695,-11.986637914258377,45.42851146961502,6.0153235989429525,4.0626878735632035
2630,2811,1,0.1,22.901543721065458,2.290154372106546,0.0,2.290154372106546,-0.18907422498324702,-0.8036400407694086,-0.18779926701690208,-0.8536261783048918,-0.1888669135313658,-0.8117679155856407,51.199072802401474,-11.520650410311097,45.315931774768345,-1.7963922349293917,0.8307925236585617,0.8229194537385007,0.8714134273691254,LEU_30_A_HD12,LEU_30_C_HD23,51.262,-11.52,45.86,50.875,-11.524,42.514,51.199072802401474,-11.520650410311097,45.315931774768345,-0.0030292516409144055,-0.0020268577220467813,51.9883874134686,-11.273934718817499,45.236370291035556,51.199072802401474,-11.520650410311097,45.315931774768345,3.368308329117151,1.6725380017458182
2351,6948,1,0.1,22.901543721065458,2.290154372106546,0.0,2.290154372106546,-0.20337765449037534,-1.1985069571186924,-0.05870358141361481,-1.1861290362232375,-0.09243904651175627,-1.1890153510236408,50.81752369284119,-11.453111917996491,45.35430872269441,-1.6459792537757014,1.1903511224211258,1.2131381251846538,1.1854103087652414,LEU_30_A_CD2,TYR_44_C_HH,51.375,-11.562,50.903,50.648,-11.42,43.667,50.81752369284119,-11.453111917996491,45.35430872269441,-0.0030292516409144055,-0.0020268577220467813,51.9883874134686,-11.273934718817499,45.236370291035556,50.81752369284119,-11.453111917996491,45.35430872269441,7.273815298727343,3.677280825656103
2644,6972,1,0.1,22.901543721065458,2.290154372106546,0.0,2.290154372106546,-0.07234206511619777,-1.8368268430361196,-0.09028494800814475,-1.7302282800210864,-0.09133351643315181,-1.7239987411001814,50.28668167206871,-11.49258439239186,45.40776078160553,-1.6220323441044509,1.7242345578039369,1.8361087255988904,1.7304027602222998,LEU_30_A_HD12,TYR_44_C_HH,50.22,-11.482,45.883,50.283,-11.492,45.434,50.28668167206871,-11.49258439239186,45.40776078160553,-0.0030292516409144055,-0.0020268577220467813,51.9883874134686,-11.273934718817499,45.236370291035556,50.28668167206871,-11.49258439239186,45.40776078160553,0.45350854457221085,1.8929395708809889
2621,6959,1,0.1,22.901543721065458,2.290154372106546,0.0,2.290154372106546,0.06496400743833347,-0.6498419416268755,0.01732568643270077,-0.7825464554494733,0.03537885508025397,-0.7322563335946876,51.261024637235,-11.291020136741716,45.309594264836825,-1.5182474386974634,0.731238859809253,0.6513735228076422,0.7807849677987945,LEU_30_A_HD12,TYR_44_C_HH,51.402,-11.255,45.912,51.175,-11.313,44.942,51.261024637235,-11.291020136741716,45.309594264836825,-0.0030292516409144055,-0.0020268577220467813,51.9883874134686,-11.273934718817499,45.236370291035556,51.261024637235,-11.291020136741716,45.309594264836825,0.9978942829779113,1.5896002471879407
2378,2416,1,0.1,22.901543721065458,2.290154372106546,0.0,2.290154372106546,0.024912696265103812,-0.17866972345677012,0.11178089145847624,-0.2943686430239647,0.06922380579595094,-0.237687267059815,51.749132532056684,-11.2197629998695,45.26042978864064,-1.2732971840303313,0.24648799735122892,0.17883918605204546,0.3140781565025101,LEU_30_A_CD2,LEU_30_C_CD2,52.374,-11.257,50.847,51.149,-11.184,39.895,51.749132532056684,-11.2197629998695,45.26042978864064,-0.0030292516409144055,-0.0020268577220467813,51.9883874134686,-11.273934718817499,45.236370291035556,51.749132532056684,-11.2197629998695,45.26042978864064,11.020538008645493,1.5263775415852783
2634,6932,1,0.1,22.901543721065458,2.290154372106546,0.0,2.290154372106546,0.45147582180692547,-1.4714327160230372,0.3031660868566313,-1.4769848357491928,0.41247354687222426,-1.47289280426406,50.49776428609349,-10.971183799817442,45.38628287038853,-1.2954814798877359,1.5284270372736746,1.5380924673760992,1.5064051985649656,LEU_30_A_HD12,TYR_44_C_HH,50.538,-10.932,45.801,50.385,-11.081,44.224,50.49776428609349,-10.971183799817442,45.38628287038853,-0.0030292516409144055,-0.0020268577220467813,51.9883874134686,-11.273934718817499,45.236370291035556,50.49776428609349,-10.971183799817442,45.38628287038853,1.5913952997291454,2.196199250404621
6883,6958,1,0.1,22.901543721065458,2.290154372106546,0.0,2.290154372106546,0.24178205748760315,-0.49602416173999764,0.22707205774402825,-0.3882098037462541,0.2332666478186065,-0.43361196306421645,51.54236891376346,-11.071052200456972,45.28117695258341,-1.0698690828893616,0.49203806281079077,0.5513310379928037,0.44953740709823126,TYR_44_A_HH,TYR_44_C_HH,51.547,-11.067,45.955,51.539,-11.074,44.791,51.54236891376346,-11.071052200456972,45.28117695258341,-0.0030292516409144055,-0.0020268577220467813,51.9883874134686,-11.273934718817499,45.236370291035556,51.54236891376346,-11.071052200456972,45.28117695258341,1.1640485385068802,1.5509251122867067
2329,2566,1,0.1,22.901543721065458,2.290154372106546,0.0,2.290154372106546,0.8203429429004213,-1.3106557594031443,0.9679471485677605,-1.3678254541375883,0.8526670165389233,-1.3231754394090884,50.613062197259126,-10.52090320004152,45.374478073795586,-0.9960458993186074,1.574055170021236,1.546108460962196,1.6757687715591492,LEU_30_A_CD1,LEU_30_C_HB3,50.67,-10.552,45.791,50.41,-10.41,43.889,50.613062197259126,-10.52090320004152,45.374478073795586,-0.0030292516409144055,-0.0020268577220467813,51.9883874134686,-11.273934718817499,45.236370291035556,50.613062197259126,-10.52090320004152,45.374478073795586,1.9249332455957997,2.438620305586759
2373,2510,1,0.1,22.901543721065458,2.290154372106546,0.0,2.290154372106546,1.4225143823068578,-1.6238657047005425,1.4780816398244232,-1.6304734547447801,1.4703648381095524,-1.629555815488301,50.262461649649815,-9.928221405322123,45.409507773248855,-0.8350634124936309,2.1953907743450403,2.159290600604179,2.2012559578958935,LEU_30_A_CD2,LEU_30_C_HB2,50.842,-9.973,51.074,50.169,-9.921,44.496,50.262461649649815,-9.928221405322123,45.409507773248855,-0.0030292516409144055,-0.0020268577220467813,51.9883874134686,-11.273934718817499,45.236370291035556,50.262461649649815,-9.928221405322123,45.409507773248855,6.6125424006202,3.301131267480881
2266,2583,1,0.1,22.901543721065458,2.290154372106546,0.0,2.290154372106546,1.4431255740024453,-1.494425181897297,1.4845451782321628,-1.5718744685124717,1.447001795846619,-1.5016732138902749,50.39109838611244,-9.941818136118082,45.39656518930411,-0.8022171654203489,2.086031934618077,2.078128133136326,2.1627064538481906,LEU_30_A_CD1,LEU_30_C_HB3,50.429,-9.945,45.698,50.024,-9.911,42.477,50.39109838611244,-9.941818136118082,45.39656518930411,-0.0030292516409144055,-0.0020268577220467813,51.9883874134686,-11.273934718817499,45.236370291035556,50.39109838611244,-9.941818136118082,45.39656518930411,3.246540004373891,2.4471117265376
2366,2392,1,0.1,22.901543721065458,2.290154372106546,0.0,2.290154372106546,1.3072779550155729,-1.1647332960060184,1.3287051336820026,-1.1670317645935233,1.320493471990705,-1.1661509091742182,50.73352312026464,-10.042515008388422,45.362141152315836,-0.7214095539594785,1.7626392731182061,1.7517965742182868,1.7693933723414998,LEU_30_A_CD2,LEU_30_C_CD2,51.325,-10.053,51.214,50.366,-10.036,41.726,50.73352312026464,-10.042515008388422,45.362141152315836,-0.0030292516409144055,-0.0020268577220467813,51.9883874134686,-11.273934718817499,45.236370291035556,50.73352312026464,-10.042515008388422,45.362141152315836,9.53635748071558,2.463458161517563
2365,6946,1,0.1,22.901543721065458,2.290154372106546,0.0,2.290154372106546,0.8944615478121821,-0.5634986772266857,0.8090773194290928,-0.6412087114121976,0.8192947098623148,-0.6319096432483441,51.30138876415646,-10.50175161468446,45.30518257699882,-0.6536494037361918,1.0358421796609423,1.0586502440375707,1.033474975440558,LEU_30_A_CD2,TYR_44_C_HH,51.959,-10.419,51.214,51.212,-10.513,44.502,51.30138876415646,-10.50175161468446,45.30518257699882,-0.0030292516409144055,-0.0020268577220467813,51.9883874134686,-11.273934718817499,45.236370291035556,51.30138876415646,-10.50175161468446,45.30518257699882,6.754094239792628,3.566256463370331
2508,2741,1,0.1,22.901543721065458,2.290154372106546,0.0,2.290154372106546,1.8953783678866951,-0.8604290608874214,1.8248888640788847,-0.9192080485173664,1.8922822997400053,-0.8630107750642132,50.99109599948442,-9.449382024761373,45.33595184015881,-0.42639950493426015,2.0817058348190822,2.0834600625593125,2.045117594302426,LEU_30_A_HB2,LEU_30_C_HD21,51.016,-9.446,45.56,50.449,-9.523,40.459,50.99109599948442,-9.449382024761373,45.33595184015881,-0.0030292516409144055,-0.0020268577220467813,51.9883874134686,-11.273934718817499,45.236370291035556,50.99109599948442,-9.449382024761373,45.33595184015881,5.1329931813708845,2.3971245958265697
2474,2382,1,0.1,22.901543721065458,2.290154372106546,0.0,2.290154372106546,0.5950888771120936,-0.196738905683139,0.599572854675695,-0.3644324454661637,0.5955888778473397,-0.21543812796918294,51.73146240627797,-10.693226591348791,45.26197588793146,-0.3424594794748897,0.6355218605370805,0.6290135750237847,0.7031835525418474,LEU_30_A_HB2,LEU_30_C_CD2,51.82,-10.692,45.955,51.026,-10.703,39.74,51.73146240627797,-10.693226591348791,45.26197588793146,-0.0030292516409144055,-0.0020268577220467813,51.9883874134686,-11.273934718817499,45.236370291035556,51.73146240627797,-10.693226591348791,45.26197588793146,6.2655232822167335,2.071770360195557
2713,2740,1,0.1,22.901543721065458,2.290154372106546,0.0,2.290154372106546,2.16952559125418,-0.5539593538083306,2.168773020404107,-0.7059405032355511,2.1691275674870503,-0.6343399712902255,51.197057561927984,-9.155991052524223,45.31509012934399,-0.2832710527200917,2.2623185276336315,2.2415673145419848,2.283028587030839,LEU_30_A_HD21,LEU_30_C_HD21,51.846,-9.147,50.962,50.619,-9.164,40.285,51.197057561927984,-9.155991052524223,45.31509012934399,-0.0030292516409144055,-0.0020268577220467813,51.9883874134686,-11.273934718817499,45.236370291035556,51.197057561927984,-9.155991052524223,45.31509012934399,10.747285564271573,1.6644897750634418
2517,2544,1,0.1,22.901543721065458,2.290154372106546,0.0,2.290154372106546,2.088678435272674,-0.407614196126634,2.0917223453304827,-0.48474370192998895,2.0888897293675592,-0.4129681680930081,51.422739572847476,-9.219208246062665,45.292400874060164,-0.19397233554349572,2.13190004073196,2.1306670637543337,2.149651089059872,LEU_30_A_HB2,LEU_30_C_HB2,51.431,-9.219,45.321,51.312,-9.222,44.909,51.422739572847476,-9.219208246062665,45.292400874060164,-0.0030292516409144055,-0.0020268577220467813,51.9883874134686,-11.273934718817499,45.236370291035556,51.422739572847476,-9.219208246062665,45.292400874060164,0.42885195580759466,1.4520531613546717
2712,2542,1,0.1,22.901543721065458,2.290154372106546,0.0,2.290154372106546,2.1978824423098646,-0.12272869599471437,2.1215156705237233,-0.06042658863094116,2.1233396098648423,-0.06191460838086114,51.76841964843084,-9.158232588492531,45.257577741211236,-0.02815688489750302,2.127212043464464,2.204218958799622,2.12534741980359,LEU_30_A_HD21,LEU_30_C_HB2,52.276,-9.086,50.962,51.756,-9.16,45.118,51.76841964843084,-9.158232588492531,45.257577741211236,-0.0030292516409144055,-0.0020268577220467813,51.9883874134686,-11.273934718817499,45.236370291035556,51.76841964843084,-9.158232588492531,45.257577741211236,5.867555879580527,2.6748255157241454
6884,2424,1,0.1,22.901543721065458,2.290154372106546,0.0,2.290154372106546,0.13471894945621682,0.0024483454547807038,0.11704801539192702,0.0993809138962094,0.13314138557031935,0.01110195249016678,51.991130885040754,-11.137160568560894,45.236033717985585,0.09611730711857688,0.1368020763588834,0.1378208777688257,0.15716897340969277,TYR_44_A_HH,LEU_30_C_CD2,52.038,-11.136,45.789,51.513,-11.149,39.595,51.991130885040754,-11.137160568560894,45.236033717985585,-0.0030292516409144055,-0.0020268577220467813,51.9883874134686,-11.273934718817499,45.236370291035556,51.991130885040754,-11.137160568560894,45.236033717985585,6.216223129843396,2.5414300755435977
2692,2381,1,0.1,22.901543721065458,2.290154372106546,0.0,2.290154372106546,0.7222450516236256,0.07994859847749358,0.6626327902168024,-0.005417092683921432,0.6925602184994007,0.03743945292827398,51.975021087056014,-10.57735553092738,45.2374080593159,0.05667716959445188,0.6967081890192134,0.7298923142457295,0.6656706750813659,LEU_30_A_HD21,LEU_30_C_CD2,52.592,-10.542,50.966,51.353,-10.613,39.462,51.975021087056014,-10.57735553092738,45.2374080593159,-0.0030292516409144055,-0.0020268577220467813,51.9883874134686,-11.273934718817499,45.236370291035556,51.975021087056014,-10.57735553092738,45.2374080593159,11.570746648336915,1.0745855449448118
2515,2543,1,0.1,22.901543721065458,2.290154372106546,0.0,2.290154372106546,1.9638715875063253,0.4140605370415313,2.090558335938657,0.346335580603967,2.060806185246983,0.3622406625044125,52.19394693190977,-9.188416628244392,45.21475744493132,0.17470098813539528,2.0957355598562986,2.0104297130512316,2.1223725816415215,LEU_30_A_HB2,LEU_30_C_HB2,52.285,-9.281,45.53,52.166,-9.16,45.118,52.19394693190977,-9.188416628244392,45.21475744493132,-0.0030292516409144055,-0.0020268577220467813,51.9883874134686,-11.273934718817499,45.236370291035556,52.19394693190977,-9.188416628244392,45.21475744493132,0.44558500872448487,1.6472243997732432
5821,2759,1,0.1,22.901543721065458,2.290154372106546,0.0,2.290154372106546,1.9110403241278133,0.5540480371252359,1.731851941322926,0.5869389783005744,1.8980984569533694,0.556423582823406,52.39888172088949,-9.33592826124084,45.19419384148641,0.28571021222203974,1.981452361004514,1.9932088775547068,1.8321281368128879,ILE_41_A_HG22,LEU_30_C_HD21,52.442,-9.323,45.656,51.845,-9.502,39.262,52.39888172088949,-9.33592826124084,45.19419384148641,-0.0030292516409144055,-0.0020268577220467813,51.9883874134686,-11.273934718817499,45.236370291035556,52.39888172088949,-9.33592826124084,45.19419384148641,6.4243043203136,2.873058073884107
2685,2526,1,0.1,22.901543721065458,2.290154372106546,0.0,2.290154372106546,2.0249890004191737,0.8758064381581414,1.938689210375226,0.8541168194165384,1.9433180541715467,0.8552801809624431,52.691963867104896,-9.268172688815847,45.16466222793506,0.4149003325262276,2.126791760709401,2.209852783794597,2.12208684592283,LEU_30_A_HD21,LEU_30_C_HB2,53.203,-9.183,50.099,52.663,-9.273,44.885,52.691963867104896,-9.268172688815847,45.16466222793506,-0.0030292516409144055,-0.0020268577220467813,51.9883874134686,-11.273934718817499,45.236370291035556,52.691963867104896,-9.268172688815847,45.16466222793506,5.242661156321281,2.4220358375999003
2714,2379,1,0.1,22.901543721065458,2.290154372106546,0.0,2.290154372106546,1.3646513174794137,0.7729342216654544,1.178933470951812,0.6573709705666873,1.2757679720496182,0.7176264062968604,52.60580099700292,-9.944240097121739,45.173634020566595,0.5125853650747967,1.467386506593161,1.5719779940300518,1.3534553459758876,LEU_30_A_HD21,LEU_30_C_CD2,53.205,-9.849,50.643,51.953,-10.048,39.215,52.60580099700292,-9.944240097121739,45.173634020566595,-0.0030292516409144055,-0.0020268577220467813,51.9883874134686,-11.273934718817499,45.236370291035556,52.60580099700292,-9.944240097121739,45.173634020566595,11.498099364677623,1.2970039275717655
2691,2380,1,0.1,22.901543721065458,2.290154372106546,0.0,2.290154372106546,0.6631890340097634,0.43586350267790097,0.8661135275368658,0.352841616525232,0.7607364986671821,0.3959542026002955,52.32555689525939,-10.482184736964347,45.20208104339944,0.48036698590964333,0.8612357666278064,0.7972419782390565,0.9387975312129165,LEU_30_A_HD21,LEU_30_C_CD2,52.925,-10.574,50.686,51.678,-10.383,39.278,52.32555689525939,-10.482184736964347,45.20208104339944,-0.0030292516409144055,-0.0020268577220467813,51.9883874134686,-11.273934718817499,45.236370291035556,52.32555689525939,-10.482184736964347,45.20208104339944,11.477541287226982,1.0501633954765028
2720,2378,1,0.1,22.901543721065458,2.290154372106546,0.0,2.290154372106546,1.3510472941174498,0.9539652185207946,1.5563227040611767,0.8638473976809491,1.4464152323749104,0.9120978035386162,52.78585178495972,-9.759335036774566,45.15542841110592,0.5626679642392716,1.7136257492722333,1.6575415957411153,1.7836246095862294,LEU_30_A_HD21,LEU_30_C_CD2,53.348,-9.849,50.251,52.138,-9.656,39.283,52.78585178495972,-9.759335036774566,45.15542841110592,-0.0030292516409144055,-0.0020268577220467813,51.9883874134686,-11.273934718817499,45.236370291035556,52.78585178495972,-9.759335036774566,45.15542841110592,11.036230017537688,1.4066063680261096
2688,2321,1,0.1,22.901543721065458,2.290154372106546,0.0,2.290154372106546,1.2910108932883317,1.0079176380864738,1.5748198810754361,1.0634235980737803,1.5520268004491662,1.0589658399488753,52.92358570796601,-9.642888732415194,45.14151266159505,0.5987380597278561,1.882526182992685,1.6415016848308233,1.903888799108098,LEU_30_A_HD21,LEU_30_C_CD1,53.354,-9.905,49.728,52.886,-9.62,44.741,52.92358570796601,-9.642888732415194,45.14151266159505,-0.0030292516409144055,-0.0020268577220467813,51.9883874134686,-11.273934718817499,45.236370291035556,52.92358570796601,-9.642888732415194,45.14151266159505,5.017012856272148,2.290945013614828
2397,2433,1,0.1,22.901543721065458,2.290154372106546,0.0,2.290154372106546,1.2275216295261109,1.0667925927607387,1.235746908301531,1.2680747676779076,1.2309565113945926,1.1508481624196711,53.038985057151734,-9.95606558740645,45.130034882998515,0.7514290508487825,1.6887396707133664,1.6299173257779873,1.7741827733594298,LEU_30_A_CD2,LEU_30_C_CD2,53.381,-9.964,49.362,52.562,-9.945,39.228,53.038985057151734,-9.95606558740645,45.130034882998515,-0.0030292516409144055,-0.0020268577220467813,51.9883874134686,-11.273934718817499,45.236370291035556,53.038985057151734,-9.95606558740645,45.130034882998515,10.167058473324525,2.5925272863017814
2553,2320,1,0.1,22.901543721065458,2.290154372106546,0.0,2.290154372106546,1.4417249119692968,1.3947163552354587,1.5026374570649865,1.4978762904421399,1.4966858206278557,1.487796750533509,53.35320863638792,-9.665546428829419,45.09827677270845,0.7820894830373416,2.1139346446155156,2.0095288493106778,2.12526273471731,LEU_30_A_HB3,LEU_30_C_CD1,53.586,-9.726,48.296,53.328,-9.659,44.752,53.35320863638792,-9.665546428829419,45.09827677270845,-0.0030292516409144055,-0.0020268577220467813,51.9883874134686,-11.273934718817499,45.236370291035556,53.35320863638792,-9.665546428829419,45.09827677270845,3.5540102701033343,2.1999027470270667
2493,2430,1,0.1,22.901543721065458,2.290154372106546,0.0,2.290154372106546,1.4231075526150299,1.5607919894721078,1.468167684775867,1.5999824753921255,1.4289534330866283,1.5658763708381995,53.4357858312941,-9.727161920779926,45.08999175840046,0.8306757683587565,2.1234158668261722,2.1157194836742,2.1750527186960404,LEU_30_A_HB2,LEU_30_C_CD2,53.517,-9.733,45.943,52.891,-9.688,39.368,53.4357858312941,-9.727161920779926,45.08999175840046,-0.0030292516409144055,-0.0020268577220467813,51.9883874134686,-11.273934718817499,45.236370291035556,53.4357858312941,-9.727161920779926,45.08999175840046,6.604886524384802,3.6795949962644228
2535,2319,1,0.1,22.901543721065458,2.290154372106546,0.0,2.290154372106546,1.152179285377052,1.3047274342304023,1.1711726634496447,1.2415180988095516,1.167863149625433,1.2525320515985185,53.14462984166153,-10.01126519366646,45.11942504829248,0.8198797239414735,1.7160731547049153,1.7441655722824416,1.7103082167602164,LEU_30_A_HB3,LEU_30_C_CD1,53.413,-10.022,47.254,53.088,-10.009,44.669,53.14462984166153,-10.01126519366646,45.11942504829248,-0.0030292516409144055,-0.0020268577220467813,51.9883874134686,-11.273934718817499,45.236370291035556,53.14462984166153,-10.01126519366646,45.11942504829248,2.605382697417023,2.3703738401924257
2383,6956,1,0.1,22.901543721065458,2.290154372106546,0.0,2.290154372106546,0.35725728326422923,0.45050357536767716,0.2820182058227729,0.44658246438975147,0.2908789221108738,0.4470442437348856,52.4117203932179,-10.946814136829234,45.19361304769491,0.9912779796573188,0.5366999802141359,0.5784377063317435,0.5315095266240483,LEU_30_A_CD2,TYR_44_C_HH,52.949,-10.878,50.547,52.34,-10.956,44.479,52.4117203932179,-10.946814136829234,45.19361304769491,-0.0030292516409144055,-0.0020268577220467813,51.9883874134686,-11.273934718817499,45.236370291035556,52.4117203932179,-10.946814136829234,45.19361304769491,6.09898262007689,2.4761331927422545
2753,2520,1,0.1,22.901543721065458,2.290154372106546,0.0,2.290154372106546,0.7697389470689086,1.0379844442067858,0.8539718309568706,0.9301366080385709,0.8401969528354628,0.9477733162967208,52.86701849488494,-10.361101461257576,45.147523967851015,0.8447663533050336,1.2700987372963246,1.2956829076116307,1.266246256647032,LEU_30_A_HD23,LEU_30_C_HB2,53.307,-10.423,48.567,52.781,-10.349,44.479,52.86701849488494,-10.361101461257576,45.147523967851015,-0.0030292516409144055,-0.0020268577220467813,51.9883874134686,-11.273934718817499,45.236370291035556,52.86701849488494,-10.361101461257576,45.147523967851015,4.122365340432603,1.9677084268839258
2778,2435,1,0.1,22.901543721065458,2.290154372106546,0.0,2.290154372106546,0.6899095820844935,1.0213412234124453,0.5058553140261269,1.2125575891637244,0.6262344732713496,1.087494119645232,53.0217912878747,-10.563850792599823,45.13203407630855,1.0470402747905971,1.2581847223733913,1.2358990479685712,1.3168822573757109,LEU_30_A_HD23,LEU_30_C_CD2,53.265,-10.504,48.255,52.562,-10.677,39.228,53.0217912878747,-10.563850792599823,45.13203407630855,-0.0030292516409144055,-0.0020268577220467813,51.9883874134686,-11.273934718817499,45.236370291035556,53.0217912878747,-10.563850792599823,45.13203407630855,9.05598514795602,2.6648524001154206
5782,2324,1,0.1,22.901543721065458,2.290154372106546,0.0,2.290154372106546,1.0694560753015603,1.6623248091846474,1.2247373911415387,1.6701873354522765,1.1808924363391666,1.6679672865882398,53.55580053769283,-9.966765522964597,45.07801689914528,0.9540971064956069,2.047083536473353,1.9799725370928758,2.074538801030954,ILE_41_A_HG22,LEU_30_C_CD1,53.629,-10.078,45.777,53.527,-9.923,44.803,53.55580053769283,-9.966765522964597,45.07801689914528,-0.0030292516409144055,-0.0020268577220467813,51.9883874134686,-11.273934718817499,45.236370291035556,53.55580053769283,-9.966765522964597,45.07801689914528,0.9915165152431937,2.341013745172233
6903,2432,1,0.1,22.901543721065458,2.290154372106546,0.0,2.290154372106546,0.8968209183537578,1.6488562191652447,0.854793904012526,1.4506419830008221,0.8903914261736962,1.6185324642810965,53.52869058991624,-10.260179084854123,45.0808753942999,1.0669525906093935,1.850516961197061,1.8801981975292634,1.6870409974811964,TYR_44_A_HH,LEU_30_C_CD2,53.665,-10.251,46.138,52.774,-10.311,39.228,53.52869058991624,-10.260179084854123,45.0808753942999,-0.0030292516409144055,-0.0020268577220467813,51.9883874134686,-11.273934718817499,45.236370291035556,53.52869058991624,-10.260179084854123,45.0808753942999,6.967465895144371,3.7516161234480325
2390,2428,1,0.1,22.901543721065458,2.290154372106546,0.0,2.290154372106546,0.3339373361895668,0.7194836455746204,0.16571840788227604,0.6208151288270546,0.25595012528503425,0.6737403840840118,52.63926360359737,-10.964448979874446,45.17071630954588,1.2048233320688653,0.7236930860324152,0.7963189610209764,0.6452967633600727,LEU_30_A_CD2,LEU_30_C_CD2,53.184,-10.881,50.186,52.009,-11.061,39.368,52.63926360359737,-10.964448979874446,45.17071630954588,-0.0030292516409144055,-0.0020268577220467813,51.9883874134686,-11.273934718817499,45.236370291035556,52.63926360359737,-10.964448979874446,45.17071630954588,10.883113019720044,1.1922222424235775
6891,2775,1,0.1,22.901543721065458,2.290154372106546,0.0,2.290154372106546,0.5914742310323766,1.564905542163344,0.5808438366097054,1.636921987546629,0.5903505980584778,1.5725176823604259,53.505693984536286,-10.56284560021329,45.083323927046386,1.2103976411246198,1.6826437991246985,1.6759211009833554,1.739845136956402,TYR_44_A_HH,LEU_30_C_HD22,53.567,-10.562,45.769,52.987,-10.57,39.282,53.505693984536286,-10.56284560021329,45.083323927046386,-0.0030292516409144055,-0.0020268577220467813,51.9883874134686,-11.273934718817499,45.236370291035556,53.505693984536286,-10.56284560021329,45.083323927046386,6.512882080922394,3.7369978553109213
2401,2674,1,0.1,22.901543721065458,2.290154372106546,0.0,2.290154372106546,0.3201427350034079,0.9977753353182431,0.08067957622453326,1.1940720515652887,0.10886885223540523,1.1709642702158214,53.143666312620255,-11.073395588653618,45.11999119359912,1.4756886086101402,1.178316329290258,1.0507352464630713,1.199024507114413,LEU_30_A_CD2,LEU_30_C_HD12,53.381,-10.874,49.362,53.112,-11.1,44.554,53.143666312620255,-11.073395588653618,45.11999119359912,-0.0030292516409144055,-0.0020268577220467813,51.9883874134686,-11.273934718817499,45.236370291035556,53.143666312620255,-11.073395588653618,45.11999119359912,4.820819536136983,2.2256648310634093
2761,2434,1,0.1,22.901543721065458,2.290154372106546,0.0,2.290154372106546,0.25141964192782185,0.8971024331048831,0.5377187169405124,0.7938901857073062,0.3319693312339446,0.8680638675416086,52.82631260279504,-10.873910631587266,45.15184794224032,1.203273818189999,0.9323528949480436,0.9344397899604298,0.9622329788290683,LEU_30_A_HD23,LEU_30_C_CD2,53.095,-10.951,47.471,52.14,-10.677,39.228,52.82631260279504,-10.873910631587266,45.15184794224032,-0.0030292516409144055,-0.0020268577220467813,51.9883874134686,-11.273934718817499,45.236370291035556,52.82631260279504,-10.873910631587266,45.15184794224032,8.302659212565569,2.552476175862927
6898,2776,1,0.1,22.901543721065458,2.290154372106546,0.0,2.290154372106546,0.2586511747613818,1.2822809980679266,0.17165684824159877,1.4126788885793466,0.24200242873795563,1.3072362043206196,53.26880974396174,-10.930310190160172,45.107331037712484,1.385784225052813,1.3319948536006554,1.310695736624609,1.4254499577713509,TYR_44_A_HH,LEU_30_C_HD22,53.38,-10.915,46.473,52.799,-10.995,39.337,53.26880974396174,-10.930310190160172,45.107331037712484,-0.0030292516409144055,-0.0020268577220467813,51.9883874134686,-11.273934718817499,45.236370291035556,53.26880974396174,-10.930310190160172,45.107331037712484,7.160059846118602,3.3727330801307507
6894,2309,1,0.1,22.901543721065458,2.290154372106546,0.0,2.290154372106546,0.24241463181656883,1.6593663621281953,0.29012541422683935,1.8940708428909885,0.2669683592899846,1.7801539402459379,53.736107708521054,-10.869548603792579,45.06026592768527,1.4204412351772657,1.802516881073294,1.6794255359768249,1.9186261095872936,TYR_44_A_HH,LEU_30_C_CD1,53.662,-10.903,45.508,53.806,-10.838,44.638,53.736107708521054,-10.869548603792579,45.06026592768527,-0.0030292516409144055,-0.0020268577220467813,51.9883874134686,-11.273934718817499,45.236370291035556,53.736107708521054,-10.869548603792579,45.06026592768527,0.8842290427259261,1.935333434466519
6892,2676,1,0.1,22.901543721065458,2.290154372106546,0.0,2.290154372106546,0.038944458891845994,0.8276519541095377,0.03721189369847168,0.7242826864592355,0.03831779869784181,0.7902638052724316,52.77129930193874,-11.172616950152301,45.15751753024198,1.5186569063862487,0.7933688128732725,0.8307398649265351,0.727423469340279,TYR_44_A_HH,LEU_30_C_HD12,52.844,-11.169,45.508,52.643,-11.179,44.539,52.77129930193874,-11.172616950152301,45.15751753024198,-0.0030292516409144055,-0.0020268577220467813,51.9883874134686,-11.273934718817499,45.236370291035556,52.77129930193874,-11.172616950152301,45.15751753024198,0.9896777253227449,1.65417989332621
2759,2429,1,0.1,22.901543721065458,2.290154372106546,0.0,2.290154372106546,0.025491419214376292,0.8589004701299527,0.06525139644131864,1.071184690556718,0.03823714613447504,0.9269517340318844,52.90691387559438,-11.162330528685615,45.143862006854185,1.526404252225976,0.929894692705832,0.8613996125541387,1.0753814552341103,LEU_30_A_HD23,LEU_30_C_CD2,53.114,-11.179,47.869,52.468,-11.127,39.368,52.90691387559438,-11.162330528685615,45.143862006854185,-0.0030292516409144055,-0.0020268577220467813,51.9883874134686,-11.273934718817499,45.236370291035556,52.90691387559438,-11.162330528685615,45.143862006854185,8.52566836089699,2.4712400209845735
6905,2797,1,0.1,22.901543721065458,2.290154372106546,0.0,2.290154372106546,-0.004256556378411789,1.9597714409594091,0.02254451204307082,1.961812010984569,-0.0008159640827097657,1.9600333995275134,53.9347858742612,-11.1229189953998,45.040378875854074,1.5696682846711956,1.9620615055904913,1.9617986825835045,1.9640053766809917,TYR_44_A_HH,LEU_30_C_HD22,54.019,-11.126,45.877,53.363,-11.102,39.36,53.9347858742612,-11.1229189953998,45.040378875854074,-0.0030292516409144055,-0.0020268577220467813,51.9883874134686,-11.273934718817499,45.236370291035556,53.9347858742612,-11.1229189953998,45.040378875854074,6.549977175532755,3.682168202008808
2771,2426,1,0.1,22.901543721065458,2.290154372106546,0.0,2.290154372106546,-0.06327759666444854,0.9554469422022469,-0.2922262797879862,0.9044455341020934,-0.146196720133878,0.9369755887195553,52.93078437750594,-11.345472922891748,45.14154009548036,1.7220987170391149,0.9498539458558867,0.959367469022971,0.9514867935123829,LEU_30_A_HD23,LEU_30_C_CD2,53.26,-11.26,48.291,52.351,-11.496,39.595,52.93078437750594,-11.345472922891748,45.14154009548036,-0.0030292516409144055,-0.0020268577220467813,51.9883874134686,-11.273934718817499,45.236370291035556,52.93078437750594,-11.345472922891748,45.14154009548036,8.746564639902912,2.1756647134859626
2389,2425,1,0.1,22.901543721065458,2.290154372106546,0.0,2.290154372106546,-0.07786420706075109,0.5035595971930784,-0.16728431090392193,0.4619246679843595,-0.120071002243239,0.48390767492924586,52.479321767715454,-11.353784549075023,45.1869880489322,1.8071534529122402,0.4998311128842291,0.5110948385048835,0.4921694247906876,LEU_30_A_CD2,LEU_30_C_CD2,52.999,-11.308,50.186,51.898,-11.405,39.595,52.479321767715454,-11.353784549075023,45.1869880489322,-0.0030292516409144055,-0.0020268577220467813,51.9883874134686,-11.273934718817499,45.236370291035556,52.479321767715454,-11.353784549075023,45.1869880489322,10.64851590598427,1.0831306313358342
5714,2679,1,0.1,22.901543721065458,2.290154372106546,0.0,2.290154372106546,-0.36399780263379933,2.137316329453421,-0.28472278062664236,2.122246483987058,-0.04203760692555932,2.0761130617305206,54.05306130692311,-11.15521805999656,45.028487523086625,1.5895649257938818,2.0785059962877988,2.169582348591542,2.1428692154605233,ILE_41_A_CG2,LEU_30_C_HD12,54.049,-11.472,44.135,54.05,-11.394,44.355,54.05306130692311,-11.15521805999656,45.028487523086625,-0.0030292516409144055,-0.0020268577220467813,51.9883874134686,-11.273934718817499,45.236370291035556,54.05306130692311,-11.15521805999656,45.028487523086625,0.2334202219174667,1.6993976168772336
6928,2675,1,0.1,22.901543721065458,2.290154372106546,0.0,2.290154372106546,-0.22259668858999387,1.0903729242828388,-0.31904825061642,0.9381612586344115,-0.22899105935692846,1.0802818712738484,53.07921039315924,-11.417159988167324,45.12663117947769,1.7766174546479763,1.105645025949558,1.1142473437674014,0.9918778663985731,TYR_44_A_HH,LEU_30_C_HD12,53.093,-11.41,45.168,52.885,-11.518,44.544,53.07921039315924,-11.417159988167324,45.12663117947769,-0.0030292516409144055,-0.0020268577220467813,51.9883874134686,-11.273934718817499,45.236370291035556,53.07921039315924,-11.417159988167324,45.12663117947769,0.666561325010689,1.6421363760333867
6907,2673,1,0.1,22.901543721065458,2.290154372106546,0.0,2.290154372106546,-0.32690393264391915,1.3184904923214567,-0.3428152280156925,1.409204055922675,-0.3382641426356637,1.3832573832332682,53.38804400259795,-11.503139714100147,45.095581928506284,1.8082288651448377,1.4252701008508544,1.3596546917363668,1.4515602644628565,TYR_44_A_HH,LEU_30_C_HD12,53.488,-11.496,46.742,53.348,-11.506,44.436,53.38804400259795,-11.503139714100147,45.095581928506284,-0.0030292516409144055,-0.0020268577220467813,51.9883874134686,-11.273934718817499,45.236370291035556,53.38804400259795,-11.503139714100147,45.095581928506284,2.310267516977198,2.181060802167364
5715,2680,1,0.1,22.901543721065458,2.290154372106546,0.0,2.290154372106546,-0.665718606044808,1.8308138393256375,-0.6950797072274114,1.8496654365764502,-0.6095597170169791,1.7947564465384402,53.81677775746555,-11.742444485068873,45.052531239677236,1.8963501889874583,1.896393800849006,1.9489643919770545,1.9767898689142227,ILE_41_A_CG2,LEU_30_C_HD12,53.79,-11.796,44.385,53.776,-11.824,44.036,53.81677775746555,-11.742444485068873,45.052531239677236,-0.0030292516409144055,-0.0020268577220467813,51.9883874134686,-11.273934718817499,45.236370291035556,53.81677775746555,-11.742444485068873,45.052531239677236,0.35040119862808344,1.8649324780701098
6920,2368,1,0.1,22.901543721065458,2.290154372106546,0.0,2.290154372106546,-0.7007865014471747,1.7376915898068286,-0.641806816204538,1.7963447799860865,-0.7131387045475803,1.7254077650525834,53.75579753614409,-11.850984752107012,45.05871745989368,1.9608156206388843,1.867695320727643,1.8744293681890167,1.9084489315417554,TYR_44_A_HH,LEU_30_C_CD2,53.707,-11.838,44.461,53.474,-11.776,41.607,53.75579753614409,-11.850984752107012,45.05871745989368,-0.0030292516409144055,-0.0020268577220467813,51.9883874134686,-11.273934718817499,45.236370291035556,53.75579753614409,-11.850984752107012,45.05871745989368,2.8641663708660494,3.390097393473583
6908,2669,1,0.1,22.901543721065458,2.290154372106546,0.0,2.290154372106546,-0.695767135834143,1.605753267031721,-0.7180394280151209,1.6108005633254205,-0.7097636966037745,1.60892513585973,53.63997995522015,-11.856453873677918,45.07037808768425,1.9842186418472156,1.7591588618774778,1.7506692165425632,1.7642142280350475,TYR_44_A_HH,LEU_30_C_HD12,53.804,-11.842,46.742,53.543,-11.865,44.082,53.63997995522015,-11.856453873677918,45.07037808768425,-0.0030292516409144055,-0.0020268577220467813,51.9883874134686,-11.273934718817499,45.236370291035556,53.63997995522015,-11.856453873677918,45.07037808768425,2.672872986133083,2.1917381983758997
7169,2683,1,0.1,22.901543721065458,2.290154372106546,0.0,2.290154372106546,-1.0060035345167062,1.9902159639630204,-0.7963241766476498,2.143646705574212,-0.22105114672514575,2.5645969054744264,54.55120406293363,-11.296667832136968,44.978406891839875,1.6555379108764243,2.5758670556806584,2.23046830792681,2.287625816926777,ASN_45_A_HD22,LEU_30_C_HD12,53.795,-12.124,42.59,53.997,-11.903,43.228,54.55120406293363,-11.296667832136968,44.978406891839875,-0.0030292516409144055,-0.0020268577220467813,51.9883874134686,-11.273934718817499,45.236370291035556,54.55120406293363,-11.296667832136968,44.978406891839875,0.7047616618403678,1.4579157622443717
7172,2682,1,0.1,22.901543721065458,2.290154372106546,0.0,2.290154372106546,-1.0271020415683518,1.914156400884854,-0.7933456282104915,2.1020888478079094,-0.5791330690321164,2.2743086805378554,54.290245511224285,-11.675734728801185,45.00484245052518,1.8186753472293755,2.3481054259035545,2.172667337545057,2.2476438501977776,ASN_45_A_HD22,LEU_30_C_HD12,53.677,-12.151,42.159,53.997,-11.903,43.644,54.290245511224285,-11.675734728801185,45.00484245052518,-0.0030292516409144055,-0.0020268577220467813,51.9883874134686,-11.273934718817499,45.236370291035556,54.290245511224285,-11.675734728801185,45.00484245052518,1.5391975181892668,1.631617068381363
7193,2780,1,0.1,22.901543721065458,2.290154372106546,0.0,2.290154372106546,-1.0130136228610773,1.7183329206533453,-0.8205519386812918,1.6337110715014325,-1.5901871148911653,1.9721054488591578,54.06676916077018,-12.706796641630868,45.02779304059836,2.247957843903136,2.533035421537711,1.9949200979389665,1.8286557677501896,ASN_45_A_HD22,LEU_30_C_HD22,53.437,-12.152,41.735,53.227,-11.967,40.637,54.06676916077018,-12.706796641630868,45.02779304059836,-0.0030292516409144055,-0.0020268577220467813,51.9883874134686,-11.273934718817499,45.236370291035556,54.06676916077018,-12.706796641630868,45.02779304059836,1.1331059085540052,2.5025975728274954
2769,2367,1,0.1,22.901543721065458,2.290154372106546,0.0,2.290154372106546,-0.7725582540247662,1.2233439844421725,-0.781093155596496,1.226123395333457,-0.7767024651846737,1.2246935566120212,53.26383696788434,-11.952341165609923,45.10828304190337,2.133472736136687,1.4503148679852507,1.4469653023953732,1.4538694861365302,LEU_30_A_HD23,LEU_30_C_CD2,53.561,-11.947,48.077,52.949,-11.958,41.963,53.26383696788434,-11.952341165609923,45.10828304190337,-0.0030292516409144055,-0.0020268577220467813,51.9883874134686,-11.273934718817499,45.236370291035556,53.26383696788434,-11.952341165609923,45.10828304190337,6.144563532098921,2.5264286310709023
6607,2668,1,0.1,22.901543721065458,2.290154372106546,0.0,2.290154372106546,-1.2057036030471293,1.8168608611370947,-0.8822043858332862,1.7408740814418315,-0.9914887750170521,1.7665439080230498,53.81762583617317,-12.12541318668209,45.052615034061944,2.0804491557427363,2.02605399306168,2.180545374292168,1.9520892910726455,TYR_44_A_CE2,LEU_30_C_HD12,54.156,-12.334,47.751,53.645,-12.019,43.676,53.81762583617317,-12.12541318668209,45.052615034061944,-0.0030292516409144055,-0.0020268577220467813,51.9883874134686,-11.273934718817499,45.236370291035556,53.81762583617317,-12.12541318668209,45.052615034061944,4.118976936084974,1.9181176198004586
6608,2666,1,0.1,22.901543721065458,2.290154372106546,0.0,2.290154372106546,-1.0785808647222528,1.528144491568134,-0.8762472940691926,1.455801671371172,-0.9592417911447689,1.4854757188359458,53.53634245323227,-12.114576178983516,45.08092426731263,2.142115199142599,1.7683343394197482,1.8703570863849504,1.6993451002843336,TYR_44_A_CE2,LEU_30_C_HD12,53.892,-12.229,48.099,53.289,-12.035,42.982,53.53634245323227,-12.114576178983516,45.08092426731263,-0.0030292516409144055,-0.0020268577220467813,51.9883874134686,-11.273934718817499,45.236370291035556,53.53634245323227,-12.114576178983516,45.08092426731263,5.156057990364342,1.8908800079511174
7158,2667,1,0.1,22.901543721065458,2.290154372106546,0.0,2.290154372106546,-1.2939663532715313,1.7767280458229675,-0.8919509196246035,1.7265531666774983,-7.106190854590388,2.5021421406861295,55.00910976536526,-18.166712791847996,44.93534863250195,2.802654267163068,7.531651022863735,2.197837029274894,1.9437516900478917,ASN_45_A_HD22,LEU_30_C_HD12,53.679,-12.427,43.345,53.587,-12.03,43.235,55.00910976536526,-18.166712791847996,44.93534863250195,-0.0030292516409144055,-0.0020268577220467813,51.9883874134686,-11.273934718817499,45.236370291035556,55.00910976536526,-18.166712791847996,44.93534863250195,0.42210543706519565,1.808399249209822
7194,2671,1,0.1,22.901543721065458,2.290154372106546,0.0,2.290154372106546,-1.0686258189113553,1.2630765490389488,-1.0295511796297947,1.3169156217117957,-1.007740900193276,1.3469669604109604,53.40258947789303,-12.17344053348025,45.09441385946781,2.210952086418695,1.6820314557397174,1.6540806129015673,1.671333758618278,ASN_45_A_HD22,LEU_30_C_HD12,52.985,-12.242,41.735,53.253,-12.198,43.891,53.40258947789303,-12.17344053348025,45.09441385946781,-0.0030292516409144055,-0.0020268577220467813,51.9883874134686,-11.273934718817499,45.236370291035556,53.40258947789303,-12.17344053348025,45.09441385946781,2.1730384257992297,2.033415968508171
7155,2670,1,0.1,22.901543721065458,2.290154372106546,0.0,2.290154372106546,-1.4180440263679657,1.5467038656736036,-1.1085946976618999,1.3694305427207332,-3.024414659290672,2.4669406656138086,54.66598893673126,-14.099363272603249,44.96809061808262,2.456473102654797,3.90186755449824,2.097816404332243,1.7615817768882738,ASN_45_A_HD22,LEU_30_C_HD12,53.498,-12.568,43.743,53.273,-12.273,43.507,54.66598893673126,-14.099363272603249,44.96809061808262,-0.0030292516409144055,-0.0020268577220467813,51.9883874134686,-11.273934718817499,45.236370291035556,54.66598893673126,-14.099363272603249,44.96809061808262,0.4397112689026737,1.6812331468315198
2336,6689,1,0.1,22.901543721065458,2.290154372106546,0.0,2.290154372106546,-1.1159905152198588,1.079658665384301,-1.062813813904324,0.9436430631529612,-1.0835494599896938,0.9966807905821645,53.060793547789324,-12.275597542211077,45.12886420407344,2.3955217709311043,1.4713738095505906,1.5520071987993784,1.4203643608805419,LEU_30_A_CD2,TYR_44_C_OH,53.522,-12.3,48.86,52.766,-12.26,42.744,53.060793547789324,-12.275597542211077,45.12886420407344,-0.0030292516409144055,-0.0020268577220467813,51.9883874134686,-11.273934718817499,45.236370291035556,53.060793547789324,-12.275597542211077,45.12886420407344,6.162677340247499,1.930332404243068
6943,2418,1,0.1,22.901543721065458,2.290154372106546,0.0,2.290154372106546,-0.49897206623579055,0.413443658438623,-0.4827644579929523,0.4018084802326233,-0.49940980008947583,0.41375790044880123,52.43836821563501,-11.737351103013639,45.19127986471758,2.444322193283227,0.6475110918009708,0.6469737437849399,0.6270796188639804,TYR_44_A_HH,LEU_30_C_CD2,52.424,-11.737,45.052,51.892,-11.724,39.895,52.43836821563501,-11.737351103013639,45.19127986471758,-0.0030292516409144055,-0.0020268577220467813,51.9883874134686,-11.273934718817499,45.236370291035556,52.43836821563501,-11.737351103013639,45.19127986471758,5.184384437905812,2.273674070963563
7199,6695,1,0.1,22.901543721065458,2.290154372106546,0.0,2.290154372106546,-1.3348297983127313,1.0866244430636143,-1.3937106750857673,1.0556122119537794,-1.4271647119906774,1.037992156327718,53.12772357966602,-12.615089883240561,45.12227697682916,2.5108316329902425,1.7634628884699206,1.720132073655294,1.7471677719152643,ASN_45_A_HD22,TYR_44_C_OH,52.789,-12.521,41.343,53.005,-12.581,43.753,53.12772357966602,-12.615089883240561,45.12227697682916,-0.0030292516409144055,-0.0020268577220467813,51.9883874134686,-11.273934718817499,45.236370291035556,53.12772357966602,-12.615089883240561,45.12227697682916,2.420404098492643,2.037919904067042
7180,6694,1,0.1,22.901543721065458,2.290154372106546,0.0,2.290154372106546,-1.755648537212641,1.242212751204089,-1.4015397791864157,1.0422077524732456,-1.1455257889778465,0.8976078897865634,52.96718260611329,-12.344909358456825,45.1383177089338,2.4745641827188556,1.4541805310042355,2.1493735283981263,1.745353149590452,ASN_45_A_HD22,TYR_44_C_OH,52.931,-12.929,40.886,52.952,-12.59,43.354,52.96718260611329,-12.344909358456825,45.1383177089338,-0.0030292516409144055,-0.0020268577220467813,51.9883874134686,-11.273934718817499,45.236370291035556,52.96718260611329,-12.344909358456825,45.1383177089338,2.4912619292238185,1.9561186358027942
7191,6696,1,0.1,22.901543721065458,2.290154372106546,0.0,2.290154372106546,-1.2919157179995162,0.8211353523323828,-1.24554396806155,0.9383180231167352,-1.2217759787242353,0.998380377318299,53.07291660187856,-12.413297020175643,45.12770471954173,2.4542674619944993,1.5767555995452738,1.5293215316682283,1.5582333956893477,ASN_45_A_HD22,TYR_44_C_OH,52.601,-12.498,42.151,52.913,-12.442,44.119,53.07291660187856,-12.413297020175643,45.12770471954173,-0.0030292516409144055,-0.0020268577220467813,51.9883874134686,-11.273934718817499,45.236370291035556,53.07291660187856,-12.413297020175643,45.12770471954173,1.9933649941744196,2.2831020187711455
6850,6697,1,0.1,22.901543721065458,2.290154372106546,0.0,2.290154372106546,-1.8444618413850835,0.902487630518635,-1.802800895006872,0.8709395976116756,-1.816106457870395,0.8810153249188101,53.001353734050866,-13.01481696213718,45.13517394558629,2.6883662224615197,2.016683527991446,2.0515897353050923,2.0003120757527117,TYR_44_A_HE2,TYR_44_C_OH,53.358,-13.04,48.443,52.834,-13.003,43.583,53.001353734050866,-13.01481696213718,45.13517394558629,-0.0030292516409144055,-0.0020268577220467813,51.9883874134686,-11.273934718817499,45.236370291035556,53.001353734050866,-13.01481696213718,45.13517394558629,4.888306966629652,2.5881191281697604
6885,2417,1,0.1,22.901543721065458,2.290154372106546,0.0,2.290154372106546,-0.21541327511801148,0.09782542513138351,-0.2411128514618957,0.007080802140393749,-0.21679405507375532,0.09294992232772732,52.09875460766951,-11.479880470627391,45.2253516844548,2.7234847379377505,0.23391447141060828,0.23468585773190842,0.23825773853515667,TYR_44_A_HH,LEU_30_C_CD2,52.134,-11.478,45.528,51.478,-11.513,39.895,52.09875460766951,-11.479880470627391,45.2253516844548,-0.0030292516409144055,-0.0020268577220467813,51.9883874134686,-11.273934718817499,45.236370291035556,52.09875460766951,-11.479880470627391,45.2253516844548,5.671177126487934,2.2009514275532807
6989,6716,1,0.1,22.901543721065458,2.290154372106546,0.0,2.290154372106546,-2.0837304624025332,0.929025535382036,-2.1261452999451147,0.7973569933557135,-2.149106892915289,0.7260772326835286,52.87278263987993,-13.35860923557242,45.14826778518802,2.8145068397596464,2.266226998524886,2.279512247646348,2.268619909974069,ASN_45_A_CG,TYR_44_C_OH,52.62,-13.28,40.666,52.784,-13.331,43.574,52.87278263987993,-13.35860923557242,45.14826778518802,-0.0030292516409144055,-0.0020268577220467813,51.9883874134686,-11.273934718817499,45.236370291035556,52.87278263987993,-13.35860923557242,45.14826778518802,2.9130672838092857,2.4928873176990742
2772,2815,1,0.1,22.901543721065458,2.290154372106546,0.0,2.290154372106546,-1.1379229178472694,0.4581815302652005,-1.1017746479807964,0.3289539884682539,-1.119466504814772,0.3922011418430482,52.46379950582463,-12.35725676854479,45.188993768033036,2.8021476613509955,1.1839965607701253,1.2246531729306553,1.1475146040564936,LEU_30_A_HD23,LEU_30_C_HD23,52.908,-12.369,48.931,52.038,-12.346,41.602,52.46379950582463,-12.35725676854479,45.188993768033036,-0.0030292516409144055,-0.0020268577220467813,51.9883874134686,-11.273934718817499,45.236370291035556,52.46379950582463,-12.35725676854479,45.188993768033036,7.380492530990057,1.518838220982049
7196,6699,1,0.1,22.901543721065458,2.290154372106546,0.0,2.290154372106546,-1.6584587598398302,0.5795911142618824,-1.4606895790154826,0.6008447384885174,-1.4062469790156809,0.6066955113819181,52.698253540299284,-12.626943292202688,45.16551271987389,2.732288091047477,1.5295629810721583,1.7546299672439207,1.5774117381074626,ASN_45_A_HD22,TYR_44_C_OH,52.345,-12.882,41.735,52.622,-12.682,44.425,52.698253540299284,-12.626943292202688,45.16551271987389,-0.0030292516409144055,-0.0020268577220467813,51.9883874134686,-11.273934718817499,45.236370291035556,52.698253540299284,-12.626943292202688,45.16551271987389,2.7116100383351562,2.5629590804200073
6657,6713,1,0.1,22.901543721065458,2.290154372106546,0.0,2.290154372106546,-2.0254991639808577,0.5950857261341284,-2.1178529248164617,0.604789224550926,-2.0979136135327026,0.6026942251299696,52.74650862212977,-13.316921164740759,45.16096012927693,2.860566539351487,2.1804192435732355,2.1087740476683923,2.2001602046962017,TYR_44_A_OH,TYR_44_C_OH,53.028,-13.244,48.088,52.669,-13.337,44.355,52.74650862212977,-13.316921164740759,45.16096012927693,-0.0030292516409144055,-0.0020268577220467813,51.9883874134686,-11.273934718817499,45.236370291035556,52.74650862212977,-13.316921164740759,45.16096012927693,3.7513756143580226,2.81392722796785
6929,6701,1,0.1,22.901543721065458,2.290154372106546,0.0,2.290154372106546,-1.5600289750521672,0.4285535956555146,-1.554719343884361,0.3320198452587966,-1.5194863126716314,-0.30854755637761827,51.79878849718,-12.809271366729329,45.25613351889134,-2.942150344245433,1.547125384916885,1.6154403936801702,1.5872395352116349,TYR_44_A_HH,TYR_44_C_OH,52.486,-12.794,44.714,52.396,-12.796,44.785,51.79878849718,-12.809271366729329,45.25613351889134,-0.0030292516409144055,-0.0020268577220467813,51.9883874134686,-11.273934718817499,45.236370291035556,51.79878849718,-12.809271366729329,45.25613351889134,0.11465164630304721,2.805851633653054
6836,6719,1,0.1,22.901543721065458,2.290154372106546,0.0,2.290154372106546,-2.0432784987079193,0.4957339433024499,-2.098241312229117,0.5403128558064811,-2.0009121301212036,0.46137168057708516,52.598977958321605,-13.230917423702131,45.17577259519644,2.9136779660951952,2.0509203303450034,2.1000911421159865,2.164265682328412,TYR_44_A_HE1,TYR_44_C_OH,52.535,-13.271,44.166,52.452,-13.323,42.856,52.598977958321605,-13.230917423702131,45.17577259519644,-0.0030292516409144055,-0.0020268577220467813,51.9883874134686,-11.273934718817499,45.236370291035556,52.598977958321605,-13.230917423702131,45.17577259519644,1.313656347756135,1.9701839141449613
7184,6707,1,0.1,22.901543721065458,2.290154372106546,0.0,2.290154372106546,-2.0766363299295536,0.39403627236079564,-2.263095668843814,0.32380462147601075,-2.2960463890042013,0.3113934250823017,52.47246842041095,-13.536576418681571,45.188642074341494,3.0057497835687785,2.314337889314108,2.1110926834556,2.2834330213528804,ASN_45_A_HD22,TYR_44_C_OH,52.203,-13.313,41.855,52.432,-13.503,44.688,52.47246842041095,-13.536576418681571,45.188642074341494,-0.0030292516409144055,-0.0020268577220467813,51.9883874134686,-11.273934718817499,45.236370291035556,52.47246842041095,-13.536576418681571,45.188642074341494,2.8485838586918995,3.223692994354396
6930,6952,1,0.1,22.901543721065458,2.290154372106546,0.0,2.290154372106546,-1.7747424868500552,0.2178116311600331,-1.8455387073759404,0.22593386248155523,-1.391332307298176,0.17382416761728264,52.2676745030507,-12.64490190169377,45.20886279152632,3.0155974641629144,1.3993959259123856,1.7853001845653846,1.8565578860969367,TYR_44_A_HH,TYR_44_C_HH,52.311,-13.024,44.911,52.319,-13.094,44.856,52.2676745030507,-12.64490190169377,45.20886279152632,-0.0030292516409144055,-0.0020268577220467813,51.9883874134686,-11.273934718817499,45.236370291035556,52.2676745030507,-12.64490190169377,45.20886279152632,0.08938120607823577,2.9293581962982613
2767,6964,1,0.1,22.901543721065458,2.290154372106546,0.0,2.290154372106546,-1.3804749165556784,0.1170133207421678,-1.461654594179619,-0.010658013224494972,-1.4624446707213619,-0.011900567136662581,52.088785852412975,-12.729895384706715,45.22690728790049,-3.1348272332425964,1.4594488191051311,1.3825798797470141,1.4586508789773722,LEU_30_A_HD23,TYR_44_C_HH,52.526,-12.637,48.349,52.093,-12.729,45.257,52.088785852412975,-12.729895384706715,45.22690728790049,-0.0030292516409144055,-0.0020268577220467813,51.9883874134686,-11.273934718817499,45.236370291035556,52.088785852412975,-12.729895384706715,45.22690728790049,3.1235263725475395,3.014695930178533
6932,6966,1,0.1,22.901543721065458,2.290154372106546,0.0,2.290154372106546,-1.633225070770013,0.0035351260556177326,-1.6220405213315996,-0.25067084858409977,-1.634382483843842,0.02984117621109335,52.143180238950634,-12.898172134323195,45.22150627218527,3.1220604146113686,1.6316644691252253,1.6302053074289555,1.6379930786109118,TYR_44_A_HH,TYR_44_C_HH,52.12,-12.899,45.254,51.896,-12.907,45.568,52.143180238950634,-12.898172134323195,45.22150627218527,-0.0030292516409144055,-0.0020268577220467813,51.9883874134686,-11.273934718817499,45.236370291035556,52.143180238950634,-12.898172134323195,45.22150627218527,0.3857926904439722,2.823781437497096
7026,6590,2,0.2,22.901543721065458,2.290154372106546,2.290154372106546,4.580308744213092,-3.8579748376957217,-0.0025363158953113363,-3.8120946866466223,0.023834567679224292,-3.814563044859496,0.02241581064456906,52.300429559140916,-15.072636206500313,45.20663802430869,3.1351799245838285,3.8116121655913666,3.8549456197190475,3.80915322630621,ASN_45_A_OD1,TYR_44_C_CE1,52.009,-15.119,42.527,52.317,-15.07,45.359,52.300429559140916,-15.072636206500313,45.20663802430869,-0.0030292516409144055,-0.0020268577220467813,51.9883874134686,-11.273934718817499,45.236370291035556,52.300429559140916,-15.072636206500313,45.20663802430869,2.8491207415622113,2.466777497387474
6646,7088,2,0.2,22.901543721065458,2.290154372106546,2.290154372106546,4.580308744213092,-3.515716577317268,-0.06984668799689595,-3.5511630477033043,0.00690935844960322,-3.4717946147044185,-0.1649556273529921,52.088656852921254,-14.74506590270059,45.22781039916858,-3.094656901844984,3.4725896572964876,3.5133419670373396,3.548145049278506,TYR_44_A_CZ,ASN_45_C_OD1,52.334,-14.781,46.685,52.532,-14.81,47.861,52.088656852921254,-14.74506590270059,45.22781039916858,-0.0030292516409144055,-0.0020268577220467813,51.9883874134686,-11.273934718817499,45.236370291035556,52.088656852921254,-14.74506590270059,45.22781039916858,1.1929044387544148,1.8372245009175445
7078,6855,2,0.2,22.901543721065458,2.290154372106546,2.290154372106546,4.580308744213092,-3.4280324169022087,-0.20626729041939795,-3.427441321687867,-0.21533342962350058,-3.427567464148354,-0.21339867346480648,52.03725696702297,-14.704640213915257,45.232966461500915,-3.0799481357381886,3.4310552332211204,3.4310874131094775,3.431049069759802,ASN_45_A_OD1,TYR_44_C_HE1,51.489,-14.707,39.715,52.186,-14.704,46.73,52.03725696702297,-14.704640213915257,45.232966461500915,-0.0030292516409144055,-0.0020268577220467813,51.9883874134686,-11.273934718817499,45.236370291035556,52.03725696702297,-14.704640213915257,45.232966461500915,7.049542041863423,2.535458679180868
6661,6710,2,0.2,22.901543721065458,2.290154372106546,2.290154372106546,4.580308744213092,-2.321222198224583,-0.2492571512198403,-2.326953730029043,-0.19467966075577198,-2.3220318985739077,-0.2415469239016163,51.92585677724974,-13.604423813586115,45.24369403895064,-3.038671793630512,2.331339344365143,2.3313389619729854,2.3318962420674483,TYR_44_A_OH,TYR_44_C_OH,51.964,-13.604,45.7,51.694,-13.607,42.47,51.92585677724974,-13.604423813586115,45.24369403895064,-0.0030292516409144055,-0.0020268577220467813,51.9883874134686,-11.273934718817499,45.236370291035556,51.92585677724974,-13.604423813586115,45.24369403895064,3.241266573424658,2.2859183371666187
6680,6711,2,0.2,22.901543721065458,2.290154372106546,2.290154372106546,4.580308744213092,-2.599907381842576,-0.4043372600951567,-2.651809935347122,-0.4062479530640444,-2.6207829803553837,-0.40510575521931674,51.78614700205961,-13.914719207314011,45.25789430356743,-2.988813629305615,2.6486047613424923,2.627856480665809,2.679446548131649,TYR_44_A_OH,TYR_44_C_OH,51.978,-13.893,47.172,51.501,-13.947,42.413,51.78614700205961,-13.914719207314011,45.25789430356743,-0.0030292516409144055,-0.0020268577220467813,51.9883874134686,-11.273934718817499,45.236370291035556,51.78614700205961,-13.914719207314011,45.25789430356743,4.783150217168598,1.957250219966485
7059,7040,2,0.2,22.901543721065458,2.290154372106546,2.290154372106546,4.580308744213092,-2.9787790710994564,-0.6771676177541925,-3.107820392177153,-0.6705452168786908,-3.0308561952024324,-0.6744950196331192,51.54984800731531,-14.344042601353108,45.28186982712771,-2.9230440219081877,3.1016043314615644,3.0513770717275057,3.175947862116412,ASN_45_A_OD1,ASN_45_C_CG,51.16,-14.294,41.475,52.126,-14.418,50.908,51.54984800731531,-14.344042601353108,45.28186982712771,-0.0030292516409144055,-0.0020268577220467813,51.9883874134686,-11.273934718817499,45.236370291035556,51.54984800731531,-14.344042601353108,45.28186982712771,9.483144046148407,2.196999631229907
7060,7037,2,0.2,22.901543721065458,2.290154372106546,2.290154372106546,4.580308744213092,-3.35705829674406,-0.9514104890337205,-3.298075109468721,-1.0051751459405507,-3.3336451625632617,-0.9727521489963776,51.27680854985599,-14.668580192077135,45.30949736499872,-2.8579934528694144,3.469194421938432,3.4858055187858743,3.444362596090008,ASN_45_A_OD1,ASN_45_C_CG,50.914,-14.692,41.475,51.828,-14.633,51.135,51.27680854985599,-14.668580192077135,45.30949736499872,-0.0030292516409144055,-0.0020268577220467813,51.9883874134686,-11.273934718817499,45.236370291035556,51.27680854985599,-14.668580192077135,45.30949736499872,9.703322987513088,2.128990130100104
2641,6918,2,0.2,22.901543721065458,2.290154372106546,2.290154372106546,4.580308744213092,-0.7819821768396753,-2.2296794424726,-0.7366893347772273,-2.308716231459279,-0.758863724834095,-2.270021539140868,49.795373228713494,-12.199603973250326,45.457528249680394,-1.8924818979068934,2.390624526313422,2.359916036222799,2.4205522065222733,LEU_30_A_HD12,TYR_44_C_HH,49.973,-12.219,46.803,49.625,-12.181,44.167,49.795373228713494,-12.199603973250326,45.457528249680394,-0.0030292516409144055,-0.0020268577220467813,51.9883874134686,-11.273934718817499,45.236370291035556,49.795373228713494,-12.199603973250326,45.457528249680394,2.6591434711199726,2.107990156161149
2296,5703,2,0.2,22.901543721065458,2.290154372106546,2.290154372106546,4.580308744213092,-0.5870493417660236,-2.9922156678096896,-0.5740348389313236,-3.14188052917623,-0.5785813716941488,-3.089596073573945,48.96865865163635,-12.082,45.54069349403628,-1.755090569318434,3.1407553081343473,3.046688133964994,3.191352136455828,LEU_30_A_CD1,ILE_41_C_CG2,49.307,-12.082,47.926,48.787,-12.082,44.26,48.96865865163635,-12.082,45.54069349403628,-0.0030292516409144055,-0.0020268577220467813,51.9883874134686,-11.273934718817499,45.236370291035556,48.96865865163635,-12.082,45.54069349403628,3.7026957747025384,3.0470679032149652
2646,5713,2,0.2,22.901543721065458,2.290154372106546,2.290154372106546,4.580308744213092,-0.3200682693607704,-2.8149503280510353,-0.36866337518279835,-2.8281095795567417,-0.4446168889247523,-2.8486773172571827,49.19755975557093,-11.93014934493622,45.517585206277964,-1.7246950297401116,2.880697568328464,2.8307335071822735,2.849637145839947,LEU_30_A_HD13,ILE_41_C_CG2,49.541,-11.802,48.688,49.407,-11.852,47.451,49.19755975557093,-11.93014934493622,45.517585206277964,-0.0030292516409144055,-0.0020268577220467813,51.9883874134686,-11.273934718817499,45.236370291035556,49.19755975557093,-11.93014934493622,45.517585206277964,1.245240940541229,2.5462972912612205
2289,6092,2,0.2,22.901543721065458,2.290154372106546,2.290154372106546,4.580308744213092,-0.07524832388380306,-3.744978908483627,-0.1782988775020326,-3.882623050457696,-0.036576128462463255,-3.693324638126732,48.32877333893354,-11.587344583885773,45.60488593318363,-1.5798841748304597,3.691450215913122,3.743648707971402,3.884552258989949,LEU_30_A_CD1,ARG_42_C_HE,48.468,-11.629,47.473,48.839,-11.74,52.451,48.32877333893354,-11.587344583885773,45.60488593318363,-0.0030292516409144055,-0.0020268577220467813,51.9883874134686,-11.273934718817499,45.236370291035556,48.32877333893354,-11.587344583885773,45.60488593318363,4.993039755499651,1.4846507592977751
2748,5724,2,0.2,22.901543721065458,2.290154372106546,2.290154372106546,4.580308744213092,0.03416268705324909,-2.7472729672261513,-0.14640419675980582,-2.7692698106663247,-0.255046598367764,-2.782504739733436,49.24889612207157,-11.736106344388377,45.51233197004698,-1.6611874785748837,2.7918757127432774,2.7454980316968456,2.7709546974838135,LEU_30_A_HD22,ILE_41_C_CG2,49.731,-11.443,50.17,49.43,-11.626,47.262,49.24889612207157,-11.736106344388377,45.51233197004698,-0.0030292516409144055,-0.0020268577220467813,51.9883874134686,-11.273934718817499,45.236370291035556,49.24889612207157,-11.736106344388377,45.51233197004698,2.929258267889673,3.059391695185635
2662,5770,2,0.2,22.901543721065458,2.290154372106546,2.290154372106546,4.580308744213092,0.3633969560293815,-4.1524748541155745,0.4136571571843946,-4.087867061004837,0.39698575959050786,-4.109297580220046,47.88334900551721,-11.186580193715319,45.6495453789678,-1.4737105858222408,4.1267038659321935,4.166591741031833,4.107032715971676,LEU_30_A_HD13,ILE_41_C_HG13,48.15,-11.222,48.703,47.751,-11.169,44.134,47.88334900551721,-11.186580193715319,45.6495453789678,-0.0030292516409144055,-0.0020268577220467813,51.9883874134686,-11.273934718817499,45.236370291035556,47.88334900551721,-11.186580193715319,45.6495453789678,4.586694997490026,2.772981322150732
2287,5778,2,0.2,22.901543721065458,2.290154372106546,2.290154372106546,4.580308744213092,0.733693574525169,-4.122005590946957,0.6792695073159447,-4.020643391129794,0.7028081379954948,-4.064482955291556,47.90471839175496,-10.878239804546858,45.64725813607986,-1.3987672040900294,4.123318562188522,4.185329770139943,4.076126891922303,LEU_30_A_CD1,ILE_41_C_HG13,48.029,-10.851,47.478,47.81,-10.899,44.252,47.90471839175496,-10.878239804546858,45.64725813607986,-0.0030292516409144055,-0.0020268577220467813,51.9883874134686,-11.273934718817499,45.236370291035556,47.90471839175496,-10.878239804546858,45.64725813607986,3.2337812232740784,2.49471795584811
2655,5699,2,0.2,22.901543721065458,2.290154372106546,2.290154372106546,4.580308744213092,0.7771623948557571,-3.64917000969198,0.8070780515498771,-3.756427001162847,0.846100815011771,-3.89633582050107,48.06071823066235,-10.722607051849845,45.63148642806964,-1.3561126419704024,3.9858078437971174,3.7296584530254733,3.8408064621575715,LEU_30_A_HD13,ILE_41_C_CG2,48.676,-10.771,49.231,48.409,-10.75,47.669,48.06071823066235,-10.722607051849845,45.63148642806964,-0.0030292516409144055,-0.0020268577220467813,51.9883874134686,-11.273934718817499,45.236370291035556,48.06071823066235,-10.722607051849845,45.63148642806964,1.584794623918196,1.5864218059542365
2305,5779,2,0.2,22.901543721065458,2.290154372106546,2.290154372106546,4.580308744213092,1.2671184002847453,-4.133835493585628,1.3396413642880707,-4.091069409257921,1.30505914016139,-4.111462209435989,47.812636759796256,-10.281286541587805,45.656263402769724,-1.2626240534433855,4.312604103170639,4.322628559232117,4.303839375621508,LEU_30_A_CD1,ILE_41_C_HG13,47.979,-10.32,47.503,47.661,-10.246,43.973,47.812636759796256,-10.281286541587805,45.656263402769724,-0.0030292516409144055,-0.0020268577220467813,51.9883874134686,-11.273934718817499,45.236370291035556,47.812636759796256,-10.281286541587805,45.656263402769724,3.545066995135636,2.9438436127203795
2722,5835,2,0.2,22.901543721065458,2.290154372106546,2.290154372106546,4.580308744213092,1.079256073179856,-2.8901456810386756,1.0078600889231375,-2.7740133381082197,0.9993306397163335,-2.7601393796411573,49.176372235563264,-10.483645874693353,45.5190790058847,-1.2222143052382015,2.934605601331925,3.08424575251685,2.950560337683293,LEU_30_A_HD22,ILE_41_C_HG23,49.454,-10.412,49.632,49.206,-10.476,45.958,49.176372235563264,-10.483645874693353,45.5190790058847,-0.0030292516409144055,-0.0020268577220467813,51.9883874134686,-11.273934718817499,45.236370291035556,49.176372235563264,-10.483645874693353,45.5190790058847,3.682916778858843,2.1042186991583467
2314,4996,2,0.2,22.901543721065458,2.290154372106546,2.290154372106546,4.580308744213092,1.7157582937137184,-3.951451755091918,1.7022250020509881,-3.997794334162277,1.7242698508051644,-3.9223052977959063,47.96864707558517,-9.84893704437493,45.6403684108889,-1.1557816656015056,4.283940386725632,4.307225051704545,4.344427441621261,LEU_30_A_CD1,PHE_38_C_CE1,48.085,-9.859,47.08,48.27,-9.875,49.369,47.96864707558517,-9.84893704437493,45.6403684108889,-0.0030292516409144055,-0.0020268577220467813,51.9883874134686,-11.273934718817499,45.236370291035556,47.96864707558517,-9.84893704437493,45.6403684108889,2.2965195405221372,2.8819570566135746
2618,5819,2,0.2,22.901543721065458,2.290154372106546,2.290154372106546,4.580308744213092,1.4310292380050889,-2.718651734989818,1.5431945739262614,-2.6575142140531347,1.4413673327106686,-2.7130167901441857,49.189746403660465,-10.039308470607264,45.517536491051025,-1.0812597336643666,3.0717662519437763,3.0719007919390737,3.0728522936167733,LEU_30_A_HD11,ILE_41_C_HG23,49.195,-10.05,45.618,49.138,-9.934,44.528,49.189746403660465,-10.039308470607264,45.517536491051025,-0.0030292516409144055,-0.0020268577220467813,51.9883874134686,-11.273934718817499,45.236370291035556,49.189746403660465,-10.039308470607264,45.517536491051025,1.097636096345236,2.4251819029463935
2617,3513,2,0.2,22.901543721065458,2.290154372106546,2.290154372106546,4.580308744213092,1.8004853861279078,-2.895108504890694,1.8983435085057838,-2.9475441127737483,1.806233205675224,-2.898188376082191,48.978487694185226,-9.689537528363395,45.53864732063387,-1.0124052314519407,3.414847314285628,3.4091914680508135,3.505893648249357,LEU_30_A_HD11,ILE_32_C_HD11,48.99,-9.695,45.618,48.794,-9.602,44.267,48.978487694185226,-9.689537528363395,45.53864732063387,-0.0030292516409144055,-0.0020268577220467813,51.9883874134686,-11.273934718817499,45.236370291035556,48.978487694185226,-9.689537528363395,45.53864732063387,1.3683077139298745,2.277526927248074
2299,3522,2,0.2,22.901543721065458,2.290154372106546,2.290154372106546,4.580308744213092,2.492966671112802,-3.5342669721627313,2.4553894933631675,-3.631505318434318,2.47511592650776,-3.580459288591489,48.25110032207511,-9.074326982670884,45.611594477179366,-0.9651064290608615,4.3527442132842715,4.325126110585345,4.383712652827711,LEU_30_A_CD1,ILE_32_C_HD11,48.529,-9.052,47.926,47.944,-9.099,43.054,48.25110032207511,-9.074326982670884,45.611594477179366,-0.0030292516409144055,-0.0020268577220467813,51.9883874134686,-11.273934718817499,45.236370291035556,48.25110032207511,-9.074326982670884,45.611594477179366,4.907221005823968,3.0706811437951127
2271,5264,2,0.2,22.901543721065458,2.290154372106546,2.290154372106546,4.580308744213092,2.672673035626234,-3.235411765672967,2.6852776571061305,-3.2220045782891598,2.6978628594497236,-3.2086180465037506,48.60318641698177,-8.824020028270766,45.57604288361847,-0.8707931138392636,4.192498687861942,4.196922764723153,4.194669302408197,LEU_30_A_CD1,PHE_38_C_HE1,48.845,-8.85,48.226,48.724,-8.837,46.9,48.60318641698177,-8.824020028270766,45.57604288361847,-0.0030292516409144055,-0.0020268577220467813,51.9883874134686,-11.273934718817499,45.236370291035556,48.60318641698177,-8.824020028270766,45.57604288361847,1.3315727543022204,2.0604065418434376
2358,2577,2,0.2,22.901543721065458,2.290154372106546,2.290154372106546,4.580308744213092,2.0107601355196727,-2.101659419203579,2.022050518385829,-2.089468259757651,2.018524024438195,-2.0932761067111496,49.76101428644712,-9.416811104451012,45.459757630445345,-0.8023426439784273,2.9086080982875067,2.9092618632694642,2.9083259242911446,LEU_30_A_CD2,LEU_30_C_HB3,50.252,-9.423,50.415,49.538,-9.414,43.209,49.76101428644712,-9.416811104451012,45.459757630445345,-0.0030292516409144055,-0.0020268577220467813,51.9883874134686,-11.273934718817499,45.236370291035556,49.76101428644712,-9.416811104451012,45.459757630445345,7.2412922189344044,3.27425057630714
2605,2547,2,0.2,22.901543721065458,2.290154372106546,2.290154372106546,4.580308744213092,2.42625088673842,-2.2890914253964674,2.412778893865951,-2.279279620605671,2.425121709570332,-2.2882690328928192,49.53686080786354,-9.026173432951074,45.48214839773212,-0.7553060720207061,3.335089260268859,3.336475135144289,3.3199411353152666,LEU_30_A_HD11,LEU_30_C_HB3,49.561,-9.025,45.731,49.273,-9.039,42.762,49.53686080786354,-9.026173432951074,45.48214839773212,-0.0030292516409144055,-0.0020268577220467813,51.9883874134686,-11.273934718817499,45.236370291035556,49.53686080786354,-9.026173432951074,45.48214839773212,2.982968487932785,3.1802837619325826
2598,2584,2,0.2,22.901543721065458,2.290154372106546,2.290154372106546,4.580308744213092,1.8190656817368103,-1.571715632434107,1.8731801092985145,-1.6027248557247251,1.8237187781687076,-1.5743819991084085,50.29051951571394,-9.571700687744876,45.40652598529787,-0.7106962503171999,2.410250828245364,2.4049849886637182,2.466251334898072,LEU_30_A_HD11,LEU_30_C_HB3,50.325,-9.576,45.719,49.924,-9.526,42.085,50.29051951571394,-9.571700687744876,45.40652598529787,-0.0030292516409144055,-0.0020268577220467813,51.9883874134686,-11.273934718817499,45.236370291035556,50.29051951571394,-9.571700687744876,45.40652598529787,3.656399458483715,2.6191359500411284
2603,2552,2,0.2,22.901543721065458,2.290154372106546,2.290154372106546,4.580308744213092,2.69129500007345,-1.9900764438664023,2.6401898486024376,-2.020292690228466,2.6868877473289654,-1.9926822601270702,49.8103484617012,-8.742743140250429,45.454493901968824,-0.6370983915171556,3.3463954327711227,3.348391304842508,3.325658458494213,LEU_30_A_HD11,LEU_30_C_HB3,49.847,-8.738,45.796,49.422,-8.793,41.836,49.8103484617012,-8.742743140250429,45.454493901968824,-0.0030292516409144055,-0.0020268577220467813,51.9883874134686,-11.273934718817499,45.236370291035556,49.8103484617012,-8.742743140250429,45.454493901968824,3.9831206358833784,3.132108609571697
2408,2259,2,0.2,22.901543721065458,2.290154372106546,2.290154372106546,4.580308744213092,3.0329648674525247,-1.656223146319486,3.1823797837474594,-1.506207074137716,3.092659170158517,-1.596288669590897,50.17297362037368,-8.308076740731119,45.417800011060976,-0.4755709471710348,3.4820909709033168,3.4574015752266165,3.522696246654,LEU_30_A_H,LEU_30_C_O,50.151,-8.372,45.751,50.206,-8.212,44.917,50.17297362037368,-8.308076740731119,45.417800011060976,-0.0030292516409144055,-0.0020268577220467813,51.9883874134686,-11.273934718817499,45.236370291035556,50.17297362037368,-8.308076740731119,45.417800011060976,0.850988249037549,2.960609510436523
2426,2857,2,0.2,22.901543721065458,2.290154372106546,2.290154372106546,4.580308744213092,3.6889835102742445,-1.6822319878539034,3.761499265355311,-1.6230447739187617,3.688508075827907,-1.6826200364959718,50.04233403986081,-7.7204917218807845,45.43069066368928,-0.4272159117865948,4.056086940961337,4.056358898503165,4.0987039463601835,LEU_30_A_H,GLN_31_C_O,50.04,-7.72,45.404,49.684,-7.645,41.333,50.04233403986081,-7.7204917218807845,45.43069066368928,-0.0030292516409144055,-0.0020268577220467813,51.9883874134686,-11.273934718817499,45.236370291035556,50.04233403986081,-7.7204917218807845,45.43069066368928,4.087224241462663,2.2397261057162963
2697,2506,2,0.2,22.901543721065458,2.290154372106546,2.290154372106546,4.580308744213092,2.305158413993609,-0.8455175600291682,2.2414871404684655,-0.856661770318714,2.248614107464823,-0.8554143566180475,50.97172734741257,-9.093500436031524,45.337744293696524,-0.36227859485987646,2.407938545701892,2.457479779096038,2.401719106864252,LEU_30_A_HD21,LEU_30_C_HB2,51.517,-9.034,50.699,50.903,-9.101,44.662,50.97172734741257,-9.093500436031524,45.337744293696524,-0.0030292516409144055,-0.0020268577220467813,51.9883874134686,-11.273934718817499,45.236370291035556,50.97172734741257,-9.093500436031524,45.337744293696524,6.068513327001926,2.646443144520526
2467,2824,2,0.2,22.901543721065458,2.290154372106546,2.290154372106546,4.580308744213092,4.40087772697186,-1.0609089931521096,4.216114974709427,-1.1522604447098597,4.30364312903476,-1.1089842764785456,50.564993514100514,-7.06362212683865,45.3777895488501,-0.2515870335761851,4.446659613846638,4.529418070018181,4.373124204431001,LEU_30_A_HA,GLN_31_C_N,51.066,-6.961,49.95,50.114,-7.156,41.262,50.564993514100514,-7.06362212683865,45.3777895488501,-0.0030292516409144055,-0.0020268577220467813,51.9883874134686,-11.273934718817499,45.236370291035556,50.564993514100514,-7.06362212683865,45.3777895488501,8.742177817912426,1.4919533436724666
2702,2727,2,0.2,22.901543721065458,2.290154372106546,2.290154372106546,4.580308744213092,3.154238895062254,-0.4150807631581453,3.0003339628268906,-0.3559197664845597,3.074410883138338,-0.38439490612097177,51.376674728759475,-8.234358638134355,45.29660274650102,-0.12361522067926904,3.101103530613989,3.1841726835996935,3.024141330839347,LEU_30_A_HD21,LEU_30_C_HD21,51.816,-8.155,50.027,50.969,-8.308,40.907,51.376674728759475,-8.234358638134355,45.29660274650102,-0.0030292516409144055,-0.0020268577220467813,51.9883874134686,-11.273934718817499,45.236370291035556,51.376674728759475,-8.234358638134355,45.29660274650102,9.160524984955835,1.9599981516914606
2479,2517,2,0.2,22.901543721065458,2.290154372106546,2.290154372106546,4.580308744213092,3.3243270253364505,-0.08023744758839571,3.293773657002432,0.0343282135118637,3.3114746037747165,-0.03204485039708079,51.70834256309745,-7.971254405971442,45.26310080485412,-0.009056309276039598,3.3146397824574123,3.3282753327073036,3.2970033529924794,LEU_30_A_HB2,LEU_30_C_HB2,51.681,-7.962,45.481,51.746,-7.984,44.963,51.70834256309745,-7.971254405971442,45.26310080485412,-0.0030292516409144055,-0.0020268577220467813,51.9883874134686,-11.273934718817499,45.236370291035556,51.70834256309745,-7.971254405971442,45.26310080485412,0.5225255974591114,1.938109962724486
2699,2737,2,0.2,22.901543721065458,2.290154372106546,2.290154372106546,4.580308744213092,2.5898763629587958,0.09360378508630773,2.5528941178148377,-0.04627408741850847,2.5714928166705873,0.024071734398781602,51.81988882537028,-8.7048487391251,45.25219658215032,0.010136909874946204,2.5746543489823295,2.5946685233506495,2.5563063368590737,LEU_30_A_HD21,LEU_30_C_HD21,52.399,-8.679,50.327,51.234,-8.731,40.118,51.81988882537028,-8.7048487391251,45.25219658215032,-0.0030292516409144055,-0.0020268577220467813,51.9883874134686,-11.273934718817499,45.236370291035556,51.81988882537028,-8.7048487391251,45.25219658215032,10.275388557130086,1.9594646400351365
3069,2468,2,0.2,22.901543721065458,2.290154372106546,2.290154372106546,4.580308744213092,4.375766907109066,0.7351924876649494,4.330665527627666,0.8885096358862924,4.3257281352705945,0.9052937547877598,52.561696949497474,-6.888831562016158,45.176723927060806,0.20661194934380508,4.422823895276198,4.440422070377591,4.424247471187386,GLN_31_A_H,LEU_30_C_H,52.808,-6.85,49.355,52.586,-6.885,45.589,52.561696949497474,-6.888831562016158,45.176723927060806,-0.0030292516409144055,-0.0020268577220467813,51.9883874134686,-11.273934718817499,45.236370291035556,52.561696949497474,-6.888831562016158,45.176723927060806,3.7726999615659853,1.8032989075220094
2686,2747,2,0.2,22.901543721065458,2.290154372106546,2.290154372106546,4.580308744213092,2.3540622237087487,0.6240643042685579,2.3897739977165706,0.609891926817602,2.3709786259569303,0.617350954275894,52.423622794468294,-8.85978922269909,45.19149308536009,0.2552105534135515,2.4534755504981054,2.438825612111042,2.469808087485386,LEU_30_A_HD21,LEU_30_C_HD21,52.921,-8.874,50.053,51.871,-8.844,39.79,52.423622794468294,-8.85978922269909,45.19149308536009,-0.0030292516409144055,-0.0020268577220467813,51.9883874134686,-11.273934718817499,45.236370291035556,52.423622794468294,-8.85978922269909,45.19149308536009,10.316616160350252,1.9900387626623721
2487,2523,2,0.2,22.901543721065458,2.290154372106546,2.290154372106546,4.580308744213092,2.628194816719523,1.0138964109261304,2.7475760634480695,0.99178017766058,2.7073287789261755,0.9992362761449171,52.77709595958832,-8.495444489131266,45.15575149721872,0.3538705305316117,2.889388952200899,2.8205389885091194,2.9246336561989734,LEU_30_A_HB2,LEU_30_C_HB2,52.852,-8.573,45.694,52.739,-8.456,44.882,52.77709595958832,-8.495444489131266,45.15575149721872,-0.0030292516409144055,-0.0020268577220467813,51.9883874134686,-11.273934718817499,45.236370291035556,52.77709595958832,-8.495444489131266,45.15575149721872,0.8281316320489199,2.6832601008300845
2525,2421,2,0.2,22.901543721065458,2.290154372106546,2.290154372106546,4.580308744213092,2.288496162708562,1.120992129960611,2.372231215582895,1.0769771090606939,2.3254988329315585,1.1015418131898982,52.90742390974908,-8.868415463531521,45.142797415617466,0.4425782314510036,2.576801671076202,2.551913080672091,2.6088525921349333,LEU_30_A_HB3,LEU_30_C_CD2,53.348,-8.902,49.298,52.351,-8.826,39.895,52.90742390974908,-8.868415463531521,45.142797415617466,-0.0030292516409144055,-0.0020268577220467813,51.9883874134686,-11.273934718817499,45.236370291035556,52.90742390974908,-8.868415463531521,45.142797415617466,9.456013642122137,2.491006931913348
2491,2529,2,0.2,22.901543721065458,2.290154372106546,2.290154372106546,4.580308744213092,2.061657199954077,1.1693114178399733,2.322901491965552,1.050489943000982,2.256101504522213,1.0808725131468424,52.89215773168273,-8.939180528956937,45.144365368807954,0.44698617402634444,2.5052630242891505,2.3738078058673,2.5529875518415617,LEU_30_A_HB2,LEU_30_C_HB2,53.076,-9.126,45.943,52.829,-8.875,44.87,52.89215773168273,-8.939180528956937,45.144365368807954,-0.0030292516409144055,-0.0020268577220467813,51.9883874134686,-11.273934718817499,45.236370291035556,52.89215773168273,-8.939180528956937,45.144365368807954,1.1293090808100326,2.6171478443792466
2815,2606,2,0.2,22.901543721065458,2.290154372106546,2.290154372106546,4.580308744213092,3.652237206369841,2.413720649120788,3.645865409002967,2.4026471389089714,3.648925057208849,2.407964484031799,54.10360335147033,-7.449717953455379,45.02176318863308,0.5833160686400571,4.375480378341886,4.381416311636668,4.369998772831501,GLN_31_A_O,LEU_30_C_HG,54.56,-7.444,49.501,53.682,-7.455,40.884,54.10360335147033,-7.449717953455379,45.02176318863308,-0.0030292516409144055,-0.0020268577220467813,51.9883874134686,-11.273934718817499,45.236370291035556,54.10360335147033,-7.449717953455379,45.02176318863308,8.661621903546699,2.0505991810661617
2863,2449,2,0.2,22.901543721065458,2.290154372106546,2.290154372106546,4.580308744213092,3.6261382187781286,2.6497546866455575,3.607582997090925,2.582459465700409,3.6098560565997517,2.590703292933872,54.28784897692441,-7.474814937152147,45.00322808685558,0.6224632338716072,4.446930389001104,4.4947527059223615,4.4402804378383705,GLN_31_A_O,LEU_30_C_H,54.824,-7.452,49.754,54.213,-7.478,44.34,54.28784897692441,-7.474814937152147,45.00322808685558,-0.0030292516409144055,-0.0020268577220467813,51.9883874134686,-11.273934718817499,45.236370291035556,54.28784897692441,-7.474814937152147,45.00322808685558,5.448430324414541,2.019328437070719
5142,2601,2,0.2,22.901543721065458,2.290154372106546,2.290154372106546,4.580308744213092,3.535519040587056,2.735458026446481,3.533764064442445,2.7666891270619334,3.5261248836722583,2.902634008128219,54.60363850936091,-7.534647131276596,44.9714671021218,0.6886370553770074,4.570774951405952,4.473829177279868,4.4916250027234295,PHE_38_A_CZ,LEU_30_C_HG,53.972,-7.54,40.368,54.09,-7.539,41.228,54.60363850936091,-7.534647131276596,44.9714671021218,-0.0030292516409144055,-0.0020268577220467813,51.9883874134686,-11.273934718817499,45.236370291035556,54.60363850936091,-7.534647131276596,44.9714671021218,0.8680581777738169,3.181443235567403
2844,2623,2,0.2,22.901543721065458,2.290154372106546,2.290154372106546,4.580308744213092,2.7142180127588,2.3054542286950737,2.585472059746333,2.4762293025186355,2.6599615448766993,2.377422722392688,54.14797515909743,-8.438149301992773,45.01773331955151,0.7292263663984758,3.571176316936158,3.5648143934937853,3.5835865602527854,GLN_31_A_O,LEU_30_C_HG,54.416,-8.388,48.438,53.78,-8.507,40.322,54.14797515909743,-8.438149301992773,45.01773331955151,-0.0030292516409144055,-0.0020268577220467813,51.9883874134686,-11.273934718817499,45.236370291035556,54.14797515909743,-8.438149301992773,45.01773331955151,8.141751224398838,2.3528526295107732
2848,2627,2,0.2,22.901543721065458,2.290154372106546,2.290154372106546,4.580308744213092,3.1380068511469035,2.7798923397461257,3.1529919265208513,2.6915720790377415,3.1510744942173985,2.7028731980982497,54.43377368003579,-7.923767736800354,44.98873759630242,0.7088789056092939,4.155099848573327,4.195852978865972,4.149210154851046,GLN_31_A_O,LEU_30_C_HD11,54.957,-7.929,49.41,54.357,-7.923,44.34,54.43377368003579,-7.923767736800354,44.98873759630242,-0.0030292516409144055,-0.0020268577220467813,51.9883874134686,-11.273934718817499,45.236370291035556,54.43377368003579,-7.923767736800354,44.98873759630242,5.105383041457314,2.064076100571356
2534,2654,2,0.2,22.901543721065458,2.290154372106546,2.290154372106546,4.580308744213092,2.256855931528763,2.1394907169035484,2.2265822641418938,2.3162340368362897,2.2285441776695922,2.3047800195256265,54.10848059418315,-8.873833493047032,45.02190129452423,0.801973803285147,3.209560396584214,3.1133869922545987,3.216442302692484,LEU_30_A_HB3,LEU_30_C_HD11,54.202,-8.857,47.618,54.102,-8.875,44.842,54.10848059418315,-8.873833493047032,45.02190129452423,-0.0030292516409144055,-0.0020268577220467813,51.9883874134686,-11.273934718817499,45.236370291035556,54.10848059418315,-8.873833493047032,45.02190129452423,2.7778588877047046,2.7081637287841986
2550,2422,2,0.2,22.901543721065458,2.290154372106546,2.290154372106546,4.580308744213092,1.8521359983659729,1.8834142738930368,1.661673029448372,1.8892583962186529,1.7919459022010646,1.8852611330844962,53.72524036640055,-9.340991848577413,45.06068465294234,0.8104625060494396,2.6045713204196645,2.6450947744115116,2.519562183482958,LEU_30_A_HB3,LEU_30_C_CD2,53.973,-9.28,47.586,53.189,-9.473,39.595,53.72524036640055,-9.340991848577413,45.06068465294234,-0.0030292516409144055,-0.0020268577220467813,51.9883874134686,-11.273934718817499,45.236370291035556,53.72524036640055,-9.340991848577413,45.06068465294234,8.031686373358959,3.2133925427449603
2842,2616,2,0.2,22.901543721065458,2.290154372106546,2.290154372106546,4.580308744213092,2.880185447344965,3.035010641240979,2.991262439060119,3.0952177459128842,2.9365431925354337,3.065558251608896,54.80979289076801,-8.110173943011354,44.95096979404015,0.8067049614485274,4.248666209241418,4.187663282853078,4.307981762234719,GLN_31_A_O,LEU_30_C_HG,55.168,-8.167,48.771,54.462,-8.055,41.242,54.80979289076801,-8.110173943011354,44.95096979404015,-0.0030292516409144055,-0.0020268577220467813,51.9883874134686,-11.273934718817499,45.236370291035556,54.80979289076801,-8.110173943011354,44.95096979404015,7.5628579915267515,2.303232175951841
3407,2612,2,0.2,22.901543721065458,2.290154372106546,2.290154372106546,4.580308744213092,2.1589292627308216,2.5028293704027265,2.206913714180878,2.5216447533913096,2.1637252429022453,2.504709942150531,54.31172583923904,-8.923302414402057,45.00146445408067,0.8580172052751929,3.313390170725204,3.3088320207347954,3.354514318485569,ILE_32_A_CD1,LEU_30_C_HG,54.362,-8.928,45.516,53.859,-8.881,40.368,54.31172583923904,-8.923302414402057,45.00146445408067,-0.0030292516409144055,-0.0020268577220467813,51.9883874134686,-11.273934718817499,45.236370291035556,54.31172583923904,-8.923302414402057,45.00146445408067,5.172728680300172,2.798150632560603
5338,2659,2,0.2,22.901543721065458,2.290154372106546,2.290154372106546,4.580308744213092,2.3888305567449137,2.890268609142916,2.3988200705958986,3.0587981251192944,2.3999247104654047,3.0774341093436752,54.862092714055066,-8.644346081374563,44.94594123791583,0.9081733325185114,3.9060552468806438,3.753180839050938,3.8906978477279797,PHE_38_A_HE1,LEU_30_C_HD11,54.359,-8.671,41.803,54.812,-8.647,44.633,54.862092714055066,-8.644346081374563,44.94594123791583,-0.0030292516409144055,-0.0020268577220467813,51.9883874134686,-11.273934718817499,45.236370291035556,54.862092714055066,-8.644346081374563,44.94594123791583,2.8661271779179702,2.35864363514323
5026,2597,2,0.2,22.901543721065458,2.290154372106546,2.290154372106546,4.580308744213092,2.3713466800052503,3.0826707305962184,2.3631163827190287,3.113697529397811,2.458679430131303,2.7534413513018356,54.53622225895106,-8.610333223146919,44.97872837429672,0.8416449954354055,3.694944476559017,3.892688052767279,3.912337360133202,PHE_38_A_CE1,LEU_30_C_HG,54.515,-8.674,41.424,54.513,-8.68,41.089,54.53622225895106,-8.610333223146919,44.97872837429672,-0.0030292516409144055,-0.0020268577220467813,51.9883874134686,-11.273934718817499,45.236370291035556,54.53622225895106,-8.610333223146919,44.97872837429672,0.33505969617368275,2.1370432447692878
5013,2361,2,0.2,22.901543721065458,2.290154372106546,2.290154372106546,4.580308744213092,2.43953209326418,3.577170504201222,2.5102270819948345,3.5970180052335015,2.5838896003051395,3.6176986352817515,55.38420029426134,-8.419935714069634,44.89328669947836,0.9502906659046416,4.449107977028146,4.333215858830837,4.389713125493159,PHE_38_A_CE1,LEU_30_C_CD1,54.888,-8.569,40.258,55.131,-8.496,42.528,55.38420029426134,-8.419935714069634,44.89328669947836,-0.0030292516409144055,-0.0020268577220467813,51.9883874134686,-11.273934718817499,45.236370291035556,55.38420029426134,-8.419935714069634,44.89328669947836,2.2841361605648607,3.0949974135216483
2539,2323,2,0.2,22.901543721065458,2.290154372106546,2.290154372106546,4.580308744213092,1.2322395440738845,1.9328110156361187,1.1931421611988688,2.085051704325919,1.198844160170703,2.0628487795635206,53.946208135625305,-9.918916453750324,45.03869728654756,1.0436753873629516,2.389186283125528,2.295536232309967,2.405560843764989,LEU_30_A_HB3,LEU_30_C_CD1,53.924,-9.895,46.138,53.95,-9.923,44.851,53.946208135625305,-9.918916453750324,45.03869728654756,-0.0030292516409144055,-0.0020268577220467813,51.9883874134686,-11.273934718817499,45.236370291035556,53.946208135625305,-9.918916453750324,45.03869728654756,1.28756708563088,2.668443126387125
5038,2312,2,0.2,22.901543721065458,2.290154372106546,2.290154372106546,4.580308744213092,2.009071660256871,3.4547624832741675,2.161695052085413,3.411545801183285,4.51925533315476,2.743981465491376,54.3712518654369,-6.556409937881877,44.99442707075008,0.5457092655899904,5.290710687330954,3.9997428201929357,4.042092231601036,PHE_38_A_CE1,LEU_30_C_CD1,54.914,-9.007,41.409,54.881,-8.858,41.627,54.3712518654369,-6.556409937881877,44.99442707075008,-0.0030292516409144055,-0.0020268577220467813,51.9883874134686,-11.273934718817499,45.236370291035556,54.3712518654369,-6.556409937881877,44.99442707075008,0.2661090002235951,2.1040540893699298
3415,2300,2,0.2,22.901543721065458,2.290154372106546,2.290154372106546,4.580308744213092,1.6262181634244084,3.0245157603577075,1.704313849329537,3.060144484698751,1.6181544602658333,3.0208369469421488,54.86497061320896,-9.428157077335888,44.94599776740648,1.078526543173021,3.430151922189546,3.4372092398558003,3.5059825719439317,ILE_32_A_CD1,LEU_30_C_CG,54.831,-9.42,44.578,54.502,-9.341,41.014,54.86497061320896,-9.428157077335888,44.94599776740648,-0.0030292516409144055,-0.0020268577220467813,51.9883874134686,-11.273934718817499,45.236370291035556,54.86497061320896,-9.428157077335888,44.94599776740648,3.5800248602488782,2.5909387167067184
5319,2660,2,0.2,22.901543721065458,2.290154372106546,2.290154372106546,4.580308744213092,1.7249001298259965,3.5723011177019917,1.7748952345147833,3.576232181529848,1.78988925823042,3.5774111462430818,55.40418250844638,-9.21470459829502,44.891626346740956,1.1064338874128874,4.003365235307554,3.970083175858602,3.995616752199827,PHE_38_A_HE1,LEU_30_C_HD11,55.152,-9.281,42.388,55.346,-9.23,44.314,55.40418250844638,-9.21470459829502,44.891626346740956,-0.0030292516409144055,-0.0020268577220467813,51.9883874134686,-11.273934718817499,45.236370291035556,55.40418250844638,-9.21470459829502,44.891626346740956,1.9364175686044593,1.9621959014159036
5800,2763,2,0.2,22.901543721065458,2.290154372106546,2.290154372106546,4.580308744213092,1.2281309637278088,2.898716422066655,1.2933255730833386,2.900481123158304,1.2378516574900684,2.8989795438042223,54.77279056313933,-9.816606528467979,44.95544820564812,1.1666058745522176,3.155253329344908,3.151200890318812,3.1788501711562276,ILE_41_A_HG22,LEU_30_C_HD22,54.846,-9.826,45.678,54.355,-9.763,40.832,54.77279056313933,-9.816606528467979,44.95544820564812,-0.0030292516409144055,-0.0020268577220467813,51.9883874134686,-11.273934718817499,45.236370291035556,54.77279056313933,-9.816606528467979,44.95544820564812,4.871218122810758,2.7120652360011457
5805,2642,2,0.2,22.901543721065458,2.290154372106546,2.290154372106546,4.580308744213092,1.1311565388999079,3.021714096878742,1.2308800056026812,2.94748082916734,1.2928116173748196,2.901379484433884,54.7710217611628,-9.761622852683889,44.95560196649256,1.1510090419707955,3.1794609520298773,3.229456110244386,3.197206225774469,ILE_41_A_HG22,LEU_30_C_HD11,54.831,-9.914,44.231,54.794,-9.82,44.678,54.7710217611628,-9.761622852683889,44.95560196649256,-0.0030292516409144055,-0.0020268577220467813,51.9883874134686,-11.273934718817499,45.236370291035556,54.7710217611628,-9.761622852683889,44.95560196649256,0.4582728444933176,2.489515623689806
4989,2350,2,0.2,22.901543721065458,2.290154372106546,2.290154372106546,4.580308744213092,1.3929897323416527,4.1803746425023,1.493919655638476,4.139797618056131,1.6853915606031473,4.062819850564353,55.89364803948064,-9.282086387132638,44.842386449273015,1.1771094272400147,4.401561495774617,4.40923477632101,4.404039738599113,PHE_38_A_CE1,LEU_30_C_CD1,55.743,-9.566,41.954,55.795,-9.468,42.951,55.89364803948064,-9.282086387132638,44.842386449273015,-0.0030292516409144055,-0.0020268577220467813,51.9883874134686,-11.273934718817499,45.236370291035556,55.89364803948064,-9.282086387132638,44.842386449273015,1.0031535276317378,2.0947484506081793
5822,2793,2,0.2,22.901543721065458,2.290154372106546,2.290154372106546,4.580308744213092,0.6701583900511027,2.4478917306800967,0.7602927988968823,2.4399777537167724,0.6652670279074709,2.4483212018201352,54.36892453676616,-10.421721265851136,44.99636869657069,1.304536856859341,2.5398475407315986,2.54072483569654,2.5585243940845444,ILE_41_A_HG22,LEU_30_C_HD22,54.34,-10.417,44.717,53.807,-10.33,39.569,54.36892453676616,-10.421721265851136,44.99636869657069,-0.0030292516409144055,-0.0020268577220467813,51.9883874134686,-11.273934718817499,45.236370291035556,54.36892453676616,-10.421721265851136,44.99636869657069,5.176249800772752,3.33324606246384
5922,2707,2,0.2,22.901543721065458,2.290154372106546,2.290154372106546,4.580308744213092,0.8686660566672448,4.431304756746796,0.7191654366395718,4.320206244840668,0.6200821282522753,4.246574388902367,56.156388369127086,-10.330390849519937,44.816402024482194,1.4251718178785047,4.294051739857232,4.518216674128785,4.382152913884848,ARG_42_A_CD,LEU_30_C_HD13,55.754,-10.071,39.168,55.996,-10.227,42.565,56.156388369127086,-10.330390849519937,44.816402024482194,-0.0030292516409144055,-0.0020268577220467813,51.9883874134686,-11.273934718817499,45.236370291035556,56.156388369127086,-10.330390849519937,44.816402024482194,3.409180106711875,2.145537066051002
5913,2709,2,0.2,22.901543721065458,2.290154372106546,2.290154372106546,4.580308744213092,0.677556788278563,4.442892078498157,0.7161868882024135,4.361764102606972,0.7439259783266322,4.303508590990972,56.20352203752261,-10.2025856426444,44.81160109042848,1.3990188970376947,4.36984869482918,4.4967212174319,4.422662478785872,ARG_42_A_CD,LEU_30_C_HD13,55.707,-10.261,38.441,55.996,-10.227,42.149,56.20352203752261,-10.2025856426444,44.81160109042848,-0.0030292516409144055,-0.0020268577220467813,51.9883874134686,-11.273934718817499,45.236370291035556,56.20352203752261,-10.2025856426444,44.81160109042848,3.719400623756466,1.9890082184827194
5928,2691,2,0.2,22.901543721065458,2.290154372106546,2.290154372106546,4.580308744213092,0.43206714006088803,4.252889737664873,0.41030596052711765,4.013793055347649,0.40101475972952416,3.9117078130472382,55.84070711796838,-10.5742245630923,44.84828624265991,1.4679233102952276,3.9345356315969333,4.277104640264363,4.037035493010322,ARG_42_A_CD,LEU_30_C_HD13,55.581,-10.52,38.895,55.763,-10.558,43.067,55.84070711796838,-10.5742245630923,44.84828624265991,-0.0030292516409144055,-0.0020268577220467813,51.9883874134686,-11.273934718817499,45.236370291035556,55.84070711796838,-10.5742245630923,44.84828624265991,4.176140802223983,1.9123002410133652
5774,2716,2,0.2,22.901543721065458,2.290154372106546,2.290154372106546,4.580308744213092,0.2726606389794047,4.156919096005925,0.282253611245099,4.122661833953978,0.2756421004507429,4.146272061479757,56.08288532742809,-10.681446017882278,44.82395591522776,1.5037198469290225,4.157648571672148,4.168073459263946,4.134542673028847,ILE_41_A_HG13,LEU_30_C_HD13,56.233,-10.683,46.207,55.75,-10.678,41.757,56.08288532742809,-10.681446017882278,44.82395591522776,-0.0030292516409144055,-0.0020268577220467813,51.9883874134686,-11.273934718817499,45.236370291035556,56.08288532742809,-10.681446017882278,44.82395591522776,4.476138290982532,3.001171434771361
5981,2706,2,0.2,22.901543721065458,2.290154372106546,2.290154372106546,4.580308744213092,0.15434762838178692,4.206559663372982,0.2752628608410453,4.196635888878236,0.31305100472641206,4.193534534227819,56.12694997614098,-10.640560329469109,44.81950230251915,1.495601550818028,4.207450786650455,4.211527987311546,4.20787539734231,ARG_42_A_NH2,LEU_30_C_HD13,55.199,-10.802,35.351,55.906,-10.679,42.565,56.12694997614098,-10.640560329469109,44.81950230251915,-0.0030292516409144055,-0.0020268577220467813,51.9883874134686,-11.273934718817499,45.236370291035556,56.12694997614098,-10.640560329469109,44.81950230251915,7.249605092692979,3.9281435899125903
5982,2713,2,0.2,22.901543721065458,2.290154372106546,2.290154372106546,4.580308744213092,0.07917903212493738,4.314336479829547,0.27228431240388695,4.238193746644539,0.34277170785685623,4.210400084362865,56.141438254207706,-10.609646095659746,44.818030255452314,1.4888893122105185,4.226596626837297,4.317146124893071,4.249149130383868,ARG_42_A_NH2,LEU_30_C_HD13,55.261,-10.869,34.837,55.906,-10.679,42.149,56.141438254207706,-10.609646095659746,44.818030255452314,-0.0030292516409144055,-0.0020268577220467813,51.9883874134686,-11.273934718817499,45.236370291035556,56.141438254207706,-10.609646095659746,44.818030255452314,7.3428515578077675,3.757565782164358
6068,2690,2,0.2,22.901543721065458,2.290154372106546,2.290154372106546,4.580308744213092,0.016806266893426854,4.046827612026017,0.020583603223270703,3.7981010326225233,0.022066907487328712,3.70042977340769,55.65971029293587,-10.96810490826046,44.866679387341215,1.5640181853351343,3.702541684113705,4.048903057001292,3.800201251235191,ARG_42_A_HE,LEU_30_C_HD13,55.338,-10.95,38.218,55.569,-10.963,42.992,55.65971029293587,-10.96810490826046,44.866679387341215,-0.0030292516409144055,-0.0020268577220467813,51.9883874134686,-11.273934718817499,45.236370291035556,55.65971029293587,-10.96810490826046,44.866679387341215,4.779603121599108,1.9408658292029737
6056,2712,2,0.2,22.901543721065458,2.290154372106546,2.290154372106546,4.580308744213092,-0.17055294570293528,4.105911833270843,-0.09128018099926855,3.9550916508077343,-0.05191809607073895,3.8802034233914093,55.843650532809235,-11.028242212059881,44.84819050346411,1.5833886401871118,3.8825380970061256,4.111353119962887,3.9581024641969,ARG_42_A_HE,LEU_30_C_HD13,55.26,-11.133,36.713,55.65,-11.063,42.149,55.843650532809235,-11.028242212059881,44.84819050346411,-0.0030292516409144055,-0.0020268577220467813,51.9883874134686,-11.273934718817499,45.236370291035556,55.843650532809235,-11.028242212059881,44.84819050346411,5.4504216350664105,2.3879634479913854
6142,2345,2,0.2,22.901543721065458,2.290154372106546,2.290154372106546,4.580308744213092,-0.34226444204923834,3.8809752040104817,-0.01647946765256409,3.637171074461653,0.04270149510383462,3.5928824661935614,55.551454273885476,-10.955686480665786,44.877570966223544,1.558076039271868,3.5952001819611112,3.8977923913197885,3.639222787618378,ARG_42_A_HH21,LEU_30_C_CD1,54.885,-11.322,35.097,55.449,-11.012,43.374,55.551454273885476,-10.955686480665786,44.877570966223544,-0.0030292516409144055,-0.0020268577220467813,51.9883874134686,-11.273934718817499,45.236370291035556,55.551454273885476,-10.955686480665786,44.877570966223544,8.30198319680304,4.260505873200402
6037,2705,2,0.2,22.901543721065458,2.290154372106546,2.290154372106546,4.580308744213092,-0.505535222683053,4.079847659918113,-0.08830163256211022,3.913533793041432,0.17727226109973857,3.8076731379019573,55.75438785273237,-10.805212924654816,44.857077181032096,1.5235046560604981,3.8139641702766562,4.112689123759914,3.9164890640413237,ARG_42_A_HD2,LEU_30_C_HD13,55.486,-11.468,38.964,55.65,-11.063,42.565,55.75438785273237,-10.805212924654816,44.857077181032096,-0.0030292516409144055,-0.0020268577220467813,51.9883874134686,-11.273934718817499,45.236370291035556,55.75438785273237,-10.805212924654816,44.857077181032096,3.6274125764792724,1.6111945540884896
5710,2316,2,0.2,22.901543721065458,2.290154372106546,2.290154372106546,4.580308744213092,-0.3693013336550355,2.541740415977764,-0.37570795251390876,2.5945655042577123,-0.3612654478460467,2.4754813819040447,54.473379275990744,-11.443237070136679,44.986305485988524,1.714396418273082,2.5032739062449187,2.5700013970441975,2.62320058485355,ILE_41_A_CG2,LEU_30_C_CD1,54.363,-11.447,43.224,54.275,-11.45,41.819,54.473379275990744,-11.443237070136679,44.986305485988524,-0.0030292516409144055,-0.0020268577220467813,51.9883874134686,-11.273934718817499,45.236370291035556,54.473379275990744,-11.443237070136679,44.986305485988524,1.4077563709676413,2.821514812669503
6015,2715,2,0.2,22.901543721065458,2.290154372106546,2.290154372106546,4.580308744213092,-0.7370639610085704,4.128434082975392,-0.056958067331702826,3.809480995940846,0.8350312488276501,3.3911597482705016,55.29149918214382,-10.180938186955384,44.903395861822936,1.3286588990101058,3.4951481721856728,4.195177533452385,3.8118893524990622,ARG_42_A_HD2,LEU_30_C_HD13,55.592,-11.695,39.358,55.462,-11.04,41.757,55.29149918214382,-10.180938186955384,44.903395861822936,-0.0030292516409144055,-0.0020268577220467813,51.9883874134686,-11.273934718817499,45.236370291035556,55.29149918214382,-10.180938186955384,44.903395861822936,2.4902060155738126,2.851318440996105
6143,2714,2,0.2,22.901543721065458,2.290154372106546,2.290154372106546,4.580308744213092,-0.7861670178477653,3.757404848048055,-0.22489612575000015,3.3806054787340463,0.04138103728481355,3.201844975549491,55.16360456634389,-10.986660646289453,44.91662564740121,1.556935770805399,3.204179613847075,3.8401343090065163,3.3899006524477002,ARG_42_A_HH21,LEU_30_C_HD13,54.795,-11.774,35.097,55.045,-11.24,41.757,55.16360456634389,-10.986660646289453,44.91662564740121,-0.0030292516409144055,-0.0020268577220467813,51.9883874134686,-11.273934718817499,45.236370291035556,55.16360456634389,-10.986660646289453,44.91662564740121,6.68604935668291,1.7639932278723247
6052,2689,2,0.2,22.901543721065458,2.290154372106546,2.290154372106546,4.580308744213092,-0.9601203243013774,4.057037583911529,-0.26967512363089713,3.541373086589558,0.11875566204484791,3.2512704605660097,55.206797506231005,-10.90576030244058,44.91224210603416,1.5333794961976468,3.255575986884918,4.17037497866804,3.553418521142251,ARG_42_A_HE,LEU_30_C_HD13,55.499,-11.923,38.976,55.312,-11.272,42.775,55.206797506231005,-10.90576030244058,44.91224210603416,-0.0030292516409144055,-0.0020268577220467813,51.9883874134686,-11.273934718817499,45.236370291035556,55.206797506231005,-10.90576030244058,44.91224210603416,3.8589080061592553,2.7152709333190175
6007,2711,2,0.2,22.901543721065458,2.290154372106546,2.290154372106546,4.580308744213092,-1.0629431940990217,3.9886805651787225,-0.31754862852458954,3.554708311867472,1.0314991611340119,2.769286286887276,54.65970230156245,-10.032201004211661,44.96692691482764,1.2135177815840583,2.9581118272173246,4.129063247349499,3.5706144436259537,ARG_42_A_HD2,LEU_30_C_HD13,55.601,-12.03,40.592,55.266,-11.319,42.149,54.65970230156245,-10.032201004211661,44.96692691482764,-0.0030292516409144055,-0.0020268577220467813,51.9883874134686,-11.273934718817499,45.236370291035556,54.65970230156245,-10.032201004211661,44.96692691482764,1.74413158907234,2.6047684531593336
6912,2681,2,0.2,22.901543721065458,2.290154372106546,2.290154372106546,4.580308744213092,-0.6908280519234665,2.229354597595399,-0.5271416488091153,2.278540953783243,-0.601234603011667,2.256276658355664,54.27402468225777,-11.699140208127313,45.00648557966843,1.829740651476228,2.3361901491825434,2.334979740555519,2.3400178092782595,TYR_44_A_HH,LEU_30_C_HD12,54.372,-11.79,46.18,54.193,-11.624,44.036,54.27402468225777,-11.699140208127313,45.00648557966843,-0.0030292516409144055,-0.0020268577220467813,51.9883874134686,-11.273934718817499,45.236370291035556,54.27402468225777,-11.699140208127313,45.00648557966843,2.157853794861921,2.4647670634906023
6132,2344,2,0.2,22.901543721065458,2.290154372106546,2.290154372106546,4.580308744213092,-1.384446973488673,3.9832959311359843,-0.32949510346261324,3.296047386255867,-0.1072970910384268,3.1512964596472393,55.1246812848414,-11.138744289864187,44.92061084698632,1.6038502997009527,3.1550467074510107,4.217951238886743,3.3141927631319446,ARG_42_A_HH21,LEU_30_C_CD1,55.161,-12.353,36.031,55.131,-11.35,43.374,55.1246812848414,-11.138744289864187,44.92061084698632,-0.0030292516409144055,-0.0020268577220467813,51.9883874134686,-11.273934718817499,45.236370291035556,55.1246812848414,-11.138744289864187,44.92061084698632,7.411245374429324,1.8133893100862182
5833,2355,2,0.2,22.901543721065458,2.290154372106546,2.290154372106546,4.580308744213092,-1.3445883467127417,3.705208130146436,-0.4614275849165543,3.22671953382882,0.6742220010874277,2.611434752368918,54.530073803965905,-10.40042104214224,44.9801379828397,1.317234408256455,2.6997871854539506,3.9425083463254924,3.2611243908968923,ILE_41_A_HG23,LEU_30_C_CD1,55.417,-12.332,41.373,55.029,-11.487,42.951,54.530073803965905,-10.40042104214224,44.9801379828397,-0.0030292516409144055,-0.0020268577220467813,51.9883874134686,-11.273934718817499,45.236370291035556,54.530073803965905,-10.40042104214224,44.9801379828397,1.8315711834378725,2.225173280849573
6145,2688,2,0.2,22.901543721065458,2.290154372106546,2.290154372106546,4.580308744213092,-1.6458840273735111,4.037267569689205,-0.4124479316424722,3.284457182542161,0.003469633956504776,3.030607741404922,54.996582144838996,-11.037450021580158,44.93346057929962,1.568653346677585,3.032641562620944,4.3606044633127405,3.3118878305953494,ARG_42_A_HH21,LEU_30_C_HD13,55.141,-12.61,35.097,55.033,-11.434,42.453,54.996582144838996,-11.037450021580158,44.93346057929962,-0.0030292516409144055,-0.0020268577220467813,51.9883874134686,-11.273934718817499,45.236370291035556,54.996582144838996,-11.037450021580158,44.93346057929962,7.450193017633841,2.0705287186224224
6009,2358,2,0.2,22.901543721065458,2.290154372106546,2.290154372106546,4.580308744213092,-1.6064389838047617,3.7004730081559787,-0.554237004270063,2.972772423765946,0.5428441823302713,2.2140334780690205,54.14573063982293,-10.561560609180708,45.018897190620386,1.3292784577879497,2.282301736795972,4.034777320500418,3.0254356300704783,ARG_42_A_HD2,LEU_30_C_CD1,55.308,-12.594,40.139,54.739,-11.599,42.528,54.14573063982293,-10.561560609180708,45.018897190620386,-0.0030292516409144055,-0.0020268577220467813,51.9883874134686,-11.273934718817499,45.236370291035556,54.14573063982293,-10.561560609180708,45.018897190620386,2.649737156776117,2.0114540717404963
6578,2343,2,0.2,22.901543721065458,2.290154372106546,2.290154372106546,4.580308744213092,-1.7999586671349572,3.746093058150951,-0.5481796677848804,2.8882581264815888,-0.9590299057673568,3.169810769567172,55.20736006188424,-11.986619644768947,44.912662908278435,1.8635395709423166,3.3127769596786747,4.156604170236994,2.9412473996818,TYR_44_A_CE2,LEU_30_C_CD1,56.166,-12.78,48.062,54.739,-11.599,43.374,55.20736006188424,-11.986619644768947,44.912662908278435,-0.0030292516409144055,-0.0020268577220467813,51.9883874134686,-11.273934718817499,45.236370291035556,55.20736006188424,-11.986619644768947,44.912662908278435,5.040677930596236,1.4447355637782906
7174,2305,2,0.2,22.901543721065458,2.290154372106546,2.290154372106546,4.580308744213092,-1.2469130590909898,2.380175566792027,-0.6999267240247908,2.431521821936566,-0.11502189153359056,2.4864275313465307,54.465646191429315,-11.1968725875826,44.986975076945726,1.6157708783258466,2.490973223032475,2.6874030806332767,2.5313682591205913,ASN_45_A_HD22,LEU_30_C_CD1,54.118,-12.335,41.734,54.286,-11.785,43.306,54.465646191429315,-11.1968725875826,44.986975076945726,-0.0030292516409144055,-0.0020268577220467813,51.9883874134686,-11.273934718817499,45.236370291035556,54.465646191429315,-11.1968725875826,44.986975076945726,1.6738900800231737,2.009908474085444
6580,2354,2,0.2,22.901543721065458,2.290154372106546,2.290154372106546,4.580308744213092,-2.0782255987527467,3.5399669744127116,-0.6432342673002075,2.8087632900229225,-1.1711595930063938,3.0777690566628517,55.1320622153043,-12.205119059821001,44.92033891276171,1.9333212307521128,3.2938839336990218,4.105138266361678,2.882777084121403,TYR_44_A_CE2,LEU_30_C_CD1,56.005,-13.073,48.304,54.624,-11.7,42.951,55.1320622153043,-12.205119059821001,44.92033891276171,-0.0030292516409144055,-0.0020268577220467813,51.9883874134686,-11.273934718817499,45.236370291035556,55.1320622153043,-12.205119059821001,44.92033891276171,5.696217955801903,1.618016100239903
7088,2357,2,0.2,22.901543721065458,2.290154372106546,2.290154372106546,4.580308744213092,-1.8819902955774692,2.8914938937997228,-0.6644487191342144,2.523341551106951,0.8215448896857177,2.0740164201231885,53.98577582697748,-10.294281986754013,45.03488020152255,1.1927186558037495,2.233803528968235,3.4500662231496735,2.610548086569298,ASN_45_A_ND2,LEU_30_C_CD1,54.552,-12.93,40.474,54.297,-11.743,42.528,53.98577582697748,-10.294281986754013,45.03488020152255,-0.0030292516409144055,-0.0020268577220467813,51.9883874134686,-11.273934718817499,45.236370291035556,53.98577582697748,-10.294281986754013,45.03488020152255,2.3859819781381435,1.7269386694761146
6852,2304,2,0.2,22.901543721065458,2.290154372106546,2.290154372106546,4.580308744213092,-1.51210879025763,1.978470976850017,-0.7417169848059982,2.1657516146545484,-1.0387348113880226,2.0935472017727315,54.14561408121789,-12.147722182004731,45.019609550940416,2.0298211226538876,2.3375450039129717,2.4899182168529697,2.2901797030861952,TYR_44_A_HE2,LEU_30_C_CD1,54.4,-12.627,48.334,53.986,-11.847,42.94,54.14561408121789,-12.147722182004731,45.019609550940416,-0.0030292516409144055,-0.0020268577220467813,51.9883874134686,-11.273934718817499,45.236370291035556,54.14561408121789,-12.147722182004731,45.019609550940416,5.465805704559948,1.973265116238846
6587,7119,2,0.2,22.901543721065458,2.290154372106546,2.290154372106546,4.580308744213092,-2.9049937816495994,3.3179806675872126,-3.317351854486238,1.0773831162090055,3.9776717531297865,40.715777776536335,92.08407191743561,-4.216533309949256,41.197216390097886,1.47334286029371,40.91192484744534,4.4095178989928865,3.485664959165358,TYR_44_A_CE2,ASN_45_C_OD1,55.898,-13.914,48.825,53.73,-14.495,49.282,92.08407191743561,-4.216533309949256,41.197216390097886,-0.0030292516409144055,-0.0020268577220467813,51.9883874134686,-11.273934718817499,45.236370291035556,92.08407191743561,-4.216533309949256,41.197216390097886,2.290553208288343,1.5835798172287618
6853,7069,2,0.2,22.901543721065458,2.290154372106546,2.290154372106546,4.580308744213092,-3.2667743957291395,3.1690681093336748,-4.159490174260319,1.3267737178738332,-15.43053155080016,-21.933234465330823,31.39523807218767,-28.32033228248423,47.31680885723232,-2.183833802873696,26.813908598311453,4.550590693046958,4.363700078026227,TYR_44_A_HE2,ASN_45_C_OD1,55.785,-14.286,48.911,53.995,-15.316,48.794,31.39523807218767,-28.32033228248423,47.31680885723232,-0.0030292516409144055,-0.0020268577220467813,51.9883874134686,-11.273934718817499,45.236370291035556,31.39523807218767,-28.32033228248423,47.31680885723232,2.0684992144064256,1.8068135153194214
7095,6717,2,0.2,22.901543721065458,2.290154372106546,2.290154372106546,4.580308744213092,-2.056532170433482,1.7067252674914084,-2.346628306479807,0.639444072322269,-2.5552701359941143,-0.12816181240673288,52.05595728472401,-13.828390763696646,45.23069703480672,-3.0922115734317073,2.555355857519127,2.6714617839136485,2.4298027664676134,ASN_45_A_ND2,TYR_44_C_OH,53.366,-13.194,40.355,52.604,-13.563,43.191,52.05595728472401,-13.828390763696646,45.23069703480672,-0.0030292516409144055,-0.0020268577220467813,51.9883874134686,-11.273934718817499,45.236370291035556,52.05595728472401,-13.828390763696646,45.23069703480672,2.9596792055896923,2.618144535043477
6858,6714,2,0.2,22.901543721065458,2.290154372106546,2.290154372106546,4.580308744213092,-2.186938725042629,1.564362284397867,-2.340427877614454,0.6852023753366325,-2.305287994718802,0.8864776819841694,53.043708945558414,-13.502175209634546,45.131125737028455,2.773276453498703,2.4677592340334034,2.6875705632717652,2.436332562577082,TYR_44_A_HE2,TYR_44_C_OH,54.107,-13.331,49.035,52.728,-13.553,43.972,53.043708945558414,-13.502175209634546,45.131125737028455,-0.0030292516409144055,-0.0020268577220467813,51.9883874134686,-11.273934718817499,45.236370291035556,53.043708945558414,-13.502175209634546,45.131125737028455,5.252132328873668,2.6772691651083633
6872,7072,2,0.2,22.901543721065458,2.290154372106546,2.290154372106546,4.580308744213092,-3.583002764920035,2.2758401668650006,-3.843969362717027,1.2113527530926667,-12.97737556725821,-36.043974295188605,17.210705600786973,-26.94444502875162,48.744017902298225,-1.9163333686492323,38.3060783349415,4.2432167676753325,4.028040592746583,TYR_44_A_HE2,ASN_45_C_OD1,54.937,-14.669,49.14,53.889,-15.01,49.129,17.210705600786973,-26.94444502875162,48.744017902298225,-0.0030292516409144055,-0.0020268577220467813,51.9883874134686,-11.273934718817499,45.236370291035556,17.210705600786973,-26.94444502875162,48.744017902298225,1.1021370150757066,2.1398711611340953
6973,7068,2,0.2,22.901543721065458,2.290154372106546,2.290154372106546,4.580308744213092,-3.893060448297036,2.0081404799767926,-4.268793682179402,1.3902487535951424,-4.117482882278433,1.6390787290672306,53.92719762347915,-15.252070740970291,45.04296660837554,2.7620663573889694,4.429667733098865,4.378711618331253,4.487223813753444,ASN_45_A_CB,ASN_45_C_OD1,53.662,-15.003,38.904,54.106,-15.42,49.182,53.92719762347915,-15.252070740970291,45.04296660837554,-0.0030292516409144055,-0.0020268577220467813,51.9883874134686,-11.273934718817499,45.236370291035556,53.92719762347915,-15.252070740970291,45.04296660837554,10.296033653791152,1.8218857007660516
6613,8007,2,0.2,22.901543721065458,2.290154372106546,2.290154372106546,4.580308744213092,-4.183622388489402,1.8158569924447083,-4.273387402788681,1.3880848133953472,-7.080906822702925,-11.991055259774043,40.62845820439999,-19.240711186627493,46.38338119466767,-2.1040995876163957,13.922397528304963,4.558734546841019,4.490920751611073,TYR_44_A_CE2,LEU_48_C_HD13,54.475,-15.303,48.675,54.046,-15.425,48.604,40.62845820439999,-19.240711186627493,46.38338119466767,-0.0030292516409144055,-0.0020268577220467813,51.9883874134686,-11.273934718817499,45.236370291035556,40.62845820439999,-19.240711186627493,46.38338119466767,0.4516259514244077,2.390092520280475
6993,7071,2,0.2,22.901543721065458,2.290154372106546,2.290154372106546,4.580308744213092,-4.020781539405958,1.313616867566978,-4.046887180008115,1.2000217008518443,-4.035773456101821,1.2483815683303403,53.533416329186075,-15.200228364847666,45.08258178270063,2.840928680142568,4.222149576999356,4.227676886628592,4.218732947460391,ASN_45_A_CG,ASN_45_C_OD1,52.989,-15.183,39.036,53.937,-15.213,49.565,53.533416329186075,-15.200228364847666,45.08258178270063,-0.0030292516409144055,-0.0020268577220467813,51.9883874134686,-11.273934718817499,45.236370291035556,53.533416329186075,-15.200228364847666,45.08258178270063,10.571633979664634,1.9051020105938514
6605,6715,2,0.2,22.901543721065458,2.290154372106546,2.290154372106546,4.580308744213092,-2.419265054173414,0.6694263892327317,-2.545726152199054,0.6177615347902585,-2.5011943239631838,0.6359547219425382,52.809956445831745,-13.716517710830388,45.15474997032125,2.891556836935707,2.578342340450982,2.50779682516068,2.6171444705252624,TYR_44_A_CE2,TYR_44_C_OH,53.13,-13.631,48.063,52.636,-13.763,43.574,52.809956445831745,-13.716517710830388,45.15474997032125,-0.0030292516409144055,-0.0020268577220467813,51.9883874134686,-11.273934718817499,45.236370291035556,52.809956445831745,-13.716517710830388,45.15474997032125,4.518028441698883,2.269493731646509
6649,7070,2,0.2,22.901543721065458,2.290154372106546,2.290154372106546,4.580308744213092,-4.462567169777068,0.9068698773963543,-4.364869243663826,1.0276353707279517,-4.510179141756286,0.8480161891625233,53.17203302533974,-15.70363257039659,45.11918103070165,2.9551834359100164,4.58660804010151,4.551216509726057,4.481724268705857,TYR_44_A_CZ,ASN_45_C_OD1,53.385,-15.651,46.685,53.822,-15.543,49.898,53.17203302533974,-15.70363257039659,45.11918103070165,-0.0030292516409144055,-0.0020268577220467813,51.9883874134686,-11.273934718817499,45.236370291035556,53.17203302533974,-15.70363257039659,45.11918103070165,3.2443800640492184,2.2610545496630494
6538,7109,2,0.2,22.901543721065458,2.290154372106546,2.290154372106546,4.580308744213092,-4.397526243038708,0.6356146191571513,-4.377194324688709,0.6332172295525739,-4.401929894413434,0.6361338651941555,52.95365053292881,-15.611764937994357,45.14112286029099,2.997524956266614,4.444949490518134,4.4405169136532905,4.420051485750883,TYR_44_A_CE1,ASN_45_C_OD1,53.047,-15.607,46.077,53.478,-15.585,50.398,52.95365053292881,-15.611764937994357,45.14112286029099,-0.0030292516409144055,-0.0020268577220467813,51.9883874134686,-11.273934718817499,45.236370291035556,52.95365053292881,-15.611764937994357,45.14112286029099,4.342497668393162,2.2352144322873944
6645,7101,2,0.2,22.901543721065458,2.290154372106546,2.290154372106546,4.580308744213092,-4.066406719722594,0.4826188764214343,-3.930707920526611,0.4314146210957428,-4.139722333740044,0.5102836121578795,52.80899597412321,-15.359857501481931,45.15557253537654,3.0183746426564793,4.168296015524256,4.092177652025552,3.9515226484963324,TYR_44_A_CZ,ASN_45_C_OD1,52.97,-15.288,47.086,53.268,-15.155,50.659,52.80899597412321,-15.359857501481931,45.15557253537654,-0.0030292516409144055,-0.0020268577220467813,51.9883874134686,-11.273934718817499,45.236370291035556,52.80899597412321,-15.359857501481931,45.15557253537654,3.5878715138644535,2.265255331391531
6640,6658,2,0.2,22.901543721065458,2.290154372106546,2.290154372106546,4.580308744213092,-2.833718971787582,0.2532720153044872,-2.790078495187654,0.26508151450769807,-2.7994230365114396,0.2625527989226391,52.462021299083375,-14.042207398915611,45.18991702642906,3.047258882382379,2.8088824458799837,2.8421790595092067,2.7998197028504666,TYR_44_A_CZ,TYR_44_C_CZ,52.708,-14.076,47.7,52.395,-14.033,44.506,52.462021299083375,-14.042207398915611,45.18991702642906,-0.0030292516409144055,-0.0020268577220467813,51.9883874134686,-11.273934718817499,45.236370291035556,52.462021299083375,-14.042207398915611,45.18991702642906,3.209587824004823,2.7880445128606595
6537,7059,2,0.2,22.901543721065458,2.290154372106546,2.290154372106546,4.580308744213092,-4.096552861945958,0.3055563640072372,-3.9197416978213058,0.3812434751887637,-4.159232891037026,0.2787250812985682,52.58073925347199,-15.396873987909382,45.17856523573732,3.0741450250422577,4.16567525659326,4.105063091648435,3.9354202487350634,TYR_44_A_CE1,ASN_45_C_OD1,52.68,-15.332,45.945,52.96,-15.149,48.107,52.58073925347199,-15.396873987909382,45.17856523573732,-0.0030292516409144055,-0.0020268577220467813,51.9883874134686,-11.273934718817499,45.236370291035556,52.58073925347199,-15.396873987909382,45.17856523573732,2.1877232457511613,1.8363858124839405
6826,7100,2,0.2,22.901543721065458,2.290154372106546,2.290154372106546,4.580308744213092,-4.277584008702903,0.1921208047229487,-4.363477845498918,0.25380951026505094,-4.293428289842921,0.20350012168248924,52.5162408732441,-15.53638815606592,45.18511927582581,3.093725315338745,4.295318992376219,4.278961519569221,4.3679473653952225,TYR_44_A_HE1,ASN_45_C_OD1,52.379,-15.522,43.947,53.123,-15.6,50.659,52.5162408732441,-15.53638815606592,45.18511927582581,-0.0030292516409144055,-0.0020268577220467813,51.9883874134686,-11.273934718817499,45.236370291035556,52.5162408732441,-15.53638815606592,45.18511927582581,6.753559357849752,2.378279695044763
7024,7062,2,0.2,22.901543721065458,2.290154372106546,2.290154372106546,4.580308744213092,-4.1064373376405205,0.0975870034722667,-4.079677241786902,0.15181970336362954,-4.093913179089516,0.12296878595181653,52.42128097848419,-15.343555465180549,45.19459277394444,3.1110474781450805,4.092793082821894,4.104617015214573,4.079549926146169,ASN_45_A_OD1,ASN_45_C_OD1,52.162,-15.359,42.862,52.716,-15.326,47.846,52.42128097848419,-15.343555465180549,45.19459277394444,-0.0030292516409144055,-0.0020268577220467813,51.9883874134686,-11.273934718817499,45.236370291035556,52.42128097848419,-15.343555465180549,45.19459277394444,5.014804183614745,1.6853169692583208
7038,7094,2,0.2,22.901543721065458,2.290154372106546,2.290154372106546,4.580308744213092,-2.5099536405281166,0.003826967538032078,-2.484662082625442,0.045901184055915256,-2.4972337266572793,0.024987404247778008,52.20351497994611,-13.758906201214133,45.21581316676244,3.1307622641816653,2.4943507639346625,2.50693122340196,2.482095607547975,ASN_45_A_OD1,ASN_45_C_OD1,51.772,-13.775,41.13,52.63,-13.743,49.254,52.20351497994611,-13.758906201214133,45.21581316676244,-0.0030292516409144055,-0.0020268577220467813,51.9883874134686,-11.273934718817499,45.236370291035556,52.20351497994611,-13.758906201214133,45.21581316676244,8.169245007955137,2.592001167802827
7035,7090,3,0.3,22.901543721065458,2.290154372106546,4.580308744213092,6.8704631163196375,-5.043847767474845,-0.02198968846134286,-4.880264644614961,0.035040781053671366,-4.963109181408146,0.00615844437083161,52.37102235295548,-16.2191071543281,45.20003855559532,3.1399424191624243,4.96008668360242,5.040858044438994,4.877376250436613,ASN_45_A_OD1,ASN_45_C_OD1,51.836,-16.304,40.104,52.92,-16.132,50.429,52.37102235295548,-16.2191071543281,45.20003855559532,-0.0030292516409144055,-0.0020268577220467813,51.9883874134686,-11.273934718817499,45.236370291035556,52.37102235295548,-16.2191071543281,45.20003855559532,10.383172203137155,2.0865845948755743
7908,7161,3,0.3,22.901543721065458,2.290154372106546,4.580308744213092,6.8704631163196375,-6.106604725882553,-0.3594183519675831,-6.039117544963133,-0.3768606817065354,-6.073708188241144,-0.3679205926745492,52.08375402239569,-17.354878592000343,45.22945670578468,-3.0813931873892675,6.081695567566597,6.114029951670429,6.04771545960823,LEU_48_A_HD11,ASN_45_C_HB3,51.647,-17.389,40.781,52.543,-17.319,49.907,52.08375402239569,-17.354878592000343,45.22945670578468,-0.0030292516409144055,-0.0020268577220467813,51.9883874134686,-11.273934718817499,45.236370291035556,52.08375402239569,-17.354878592000343,45.22945670578468,9.170146781813253,2.3604297296015826
7810,6981,3,0.3,22.901543721065458,2.290154372106546,4.580308744213092,6.8704631163196375,-6.722140875252757,-0.6297633002835429,-6.677211782861401,-0.7444280056556507,-6.711323652344688,-0.6573702162411185,51.844733823597394,-18.01261027786318,45.253807036896646,-3.044210160842862,6.74022912697103,6.74837121473586,6.715346001845463,LEU_48_A_HB2,ASN_45_C_O,51.714,-18.022,43.672,52.257,-17.983,50.242,51.844733823597394,-18.01261027786318,45.253807036896646,-0.0030292516409144055,-0.0020268577220467813,51.9883874134686,-11.273934718817499,45.236370291035556,51.844733823597394,-18.01261027786318,45.253807036896646,6.5925162115841625,3.2684212430416024
7052,6591,3,0.3,22.901543721065458,2.290154372106546,4.580308744213092,6.8704631163196375,-4.700130861591453,-0.7179158313376526,-4.734187887710193,-0.6663841093941879,-4.736629807721388,-0.6626892376638618,51.69035617788228,-16.044007625682738,45.26847715324402,-3.002919766049134,4.7794820854142515,4.7513430266340855,4.777576016925558,ASN_45_A_OD1,TYR_44_C_CE1,51.132,-16.014,40.299,51.653,-16.042,44.936,51.69035617788228,-16.044007625682738,45.26847715324402,-0.0030292516409144055,-0.0020268577220467813,51.9883874134686,-11.273934718817499,45.236370291035556,51.69035617788228,-16.044007625682738,45.26847715324402,4.66626124429398,2.3863207963594686
7990,7191,3,0.3,22.901543721065458,2.290154372106546,4.580308744213092,6.8704631163196375,-5.010513440000124,-1.0448037035414222,-5.044005884953146,-0.982019119759169,-5.018963126459984,-1.028964010493723,51.34829170441985,-16.353307158578392,45.303046026915574,-2.939648395696837,5.119979741395492,5.114907765233357,5.135351034861449,LEU_48_A_HD13,ASN_45_C_HB3,51.123,-16.347,43.229,52.016,-16.372,51.45,51.34829170441985,-16.353307158578392,45.303046026915574,-0.0030292516409144055,-0.0020268577220467813,51.9883874134686,-11.273934718817499,45.236370291035556,51.34829170441985,-16.353307158578392,45.303046026915574,8.269396289935562,2.522003733701739
7015,6583,3,0.3,22.901543721065458,2.290154372106546,4.580308744213092,6.8704631163196375,-5.028608083883837,-1.2276742346565521,-5.086260598982588,-1.207426373316054,-5.087858318676835,-1.2068652458999372,51.17699736074511,-16.43549649782567,45.32032484078662,-2.9089357586206446,5.225621702974728,5.172876771359876,5.22419648585228,ASN_45_A_OD1,TYR_44_C_CE1,50.695,-16.38,40.784,51.164,-16.434,45.198,51.17699736074511,-16.43549649782567,45.32032484078662,-0.0030292516409144055,-0.0020268577220467813,51.9883874134686,-11.273934718817499,45.236370291035556,51.17699736074511,-16.43549649782567,45.32032484078662,4.439174810705253,2.383465793180284
7051,7189,3,0.3,22.901543721065458,2.290154372106546,4.580308744213092,6.8704631163196375,-4.957440356305843,-1.438892442499102,-4.877559103969461,-1.4314718385961576,-4.924924824096708,-1.4358718979012077,50.93749680161318,-16.29040088998433,45.34436890611606,-2.8581183576699845,5.126496622978145,5.1585629881531805,5.0797986411459615,ASN_45_A_OD1,ASN_45_C_HB3,50.493,-16.325,40.934,51.585,-16.24,51.769,50.93749680161318,-16.29040088998433,45.34436890611606,-0.0030292516409144055,-0.0020268577220467813,51.9883874134686,-11.273934718817499,45.236370291035556,50.93749680161318,-16.29040088998433,45.34436890611606,10.89022102622348,2.368007501333763
7050,6634,3,0.3,22.901543721065458,2.290154372106546,4.580308744213092,6.8704631163196375,-4.6957749943322264,-1.5712615660183604,-4.739593483912371,-1.6078198658402731,-4.867339560109842,-1.7143999739053477,50.65682028777737,-16.254105934763825,45.372605806752006,-2.8031123536301945,5.156911523974829,4.94816735522044,5.001361005901761,ASN_45_A_OD1,TYR_44_C_CE2,50.371,-16.074,41.238,50.444,-16.12,42.294,50.65682028777737,-16.254105934763825,45.372605806752006,-0.0030292516409144055,-0.0020268577220467813,51.9883874134686,-11.273934718817499,45.236370291035556,50.65682028777737,-16.254105934763825,45.372605806752006,1.0595192305947045,2.957188219250097
7996,6638,3,0.3,22.901543721065458,2.290154372106546,4.580308744213092,6.8704631163196375,-4.705994745081963,-1.8251789864125507,-4.6106450564348656,-1.8900430586391446,-5.547183183336426,-1.2529389677056324,51.165969132677056,-16.896992728419963,45.32163879227648,-2.9196812822607274,5.683522140824155,5.043983358105568,4.979430547714512,LEU_48_A_HD13,TYR_44_C_CE2,50.222,-16.103,42.278,50.115,-16.013,41.933,51.165969132677056,-16.896992728419963,45.32163879227648,-0.0030292516409144055,-0.0020268577220467813,51.9883874134686,-11.273934718817499,45.236370291035556,51.165969132677056,-16.896992728419963,45.32163879227648,0.3722552887468478,2.8720911179168924
7693,7183,3,0.3,22.901543721065458,2.290154372106546,4.580308744213092,6.8704631163196375,-5.497464645371878,-2.5304463027232122,-5.388295723961218,-2.4043413262131947,-5.476357240310782,-2.506064374377468,49.91739208107519,-16.92141175360004,45.44733149880465,-2.712520774117093,6.018930399695181,6.048282829509838,5.896796569614649,LEU_48_A_CD1,ASN_45_C_HB3,49.737,-16.945,43.882,50.67,-16.823,51.978,49.91739208107519,-16.92141175360004,45.44733149880465,-0.0030292516409144055,-0.0020268577220467813,51.9883874134686,-11.273934718817499,45.236370291035556,49.91739208107519,-16.92141175360004,45.44733149880465,8.150496242560942,2.8410817242331956
7715,7172,3,0.3,22.901543721065458,2.290154372106546,4.580308744213092,6.8704631163196375,-5.2545813740991605,-2.701799755967164,-5.392438163912679,-2.678690267616451,-5.309645886072641,-2.6925690702699976,49.71977258388977,-16.769325685795266,45.467156723488,-2.672347610007878,5.9497224727150035,5.904877085680494,6.0174957776089775,LEU_48_A_CD1,ASN_45_C_HB3,49.278,-16.717,41.212,50.384,-16.848,51.865,49.71977258388977,-16.769325685795266,45.467156723488,-0.0030292516409144055,-0.0020268577220467813,51.9883874134686,-11.273934718817499,45.236370291035556,49.71977258388977,-16.769325685795266,45.467156723488,10.711059984894117,2.6400848556355534
7700,7013,3,0.3,22.901543721065458,2.290154372106546,4.580308744213092,6.8704631163196375,-5.0321654079492415,-3.0004273344383705,-4.992228367819442,-2.9296222262629543,-5.021608083964034,-2.9817100618416563,49.41116648740332,-16.504046889964965,45.498103874323235,-2.605795850065647,5.8364925677288575,5.855135856447771,5.784714553266978,LEU_48_A_CD1,ASN_45_C_CB,49.164,-16.517,43.221,50.099,-16.468,51.835,49.41116648740332,-16.504046889964965,45.498103874323235,-0.0030292516409144055,-0.0020268577220467813,51.9883874134686,-11.273934718817499,45.236370291035556,49.41116648740332,-16.504046889964965,45.498103874323235,8.6647343871581,2.680455593306654
7705,7014,3,0.3,22.901543721065458,2.290154372106546,4.580308744213092,6.8704631163196375,-5.048718207377524,-3.4238311653474707,-4.962952980590024,-3.3134696523142235,-5.019740302038328,-3.386542795718467,49.00938974945445,-16.532888273609103,45.53855951002643,-2.5480845919108344,6.051639273596148,6.09653358538492,5.963765318894506,LEU_48_A_CD1,ASN_45_C_CB,48.658,-16.566,42.397,49.698,-16.468,51.695,49.00938974945445,-16.532888273609103,45.53855951002643,-0.0030292516409144055,-0.0020268577220467813,51.9883874134686,-11.273934718817499,45.236370291035556,49.00938974945445,-16.532888273609103,45.53855951002643,9.356495497781209,2.991759734261398
1752,5082,3,0.3,22.901543721065458,2.290154372106546,4.580308744213092,6.8704631163196375,5.359844818946124,-4.143336133846958,5.255899163449144,-4.092102906381723,5.44149397323313,-4.183579756092933,47.4287643528821,-6.162235650583308,45.693084610110766,-0.6549403079847378,6.8649994747317225,6.775755368775722,6.66221060601218,THR_29_A_CA,PHE_38_C_CZ,47.611,-6.24,47.041,47.843,-6.339,48.757,47.4287643528821,-6.162235650583308,45.693084610110766,-0.0030292516409144055,-0.0020268577220467813,51.9883874134686,-11.273934718817499,45.236370291035556,47.4287643528821,-6.162235650583308,45.693084610110766,1.7344396789741656,2.703538135593111
2564,5355,3,0.3,22.901543721065458,2.290154372106546,4.580308744213092,6.8704631163196375,3.7892518310961107,-2.8187281506103457,3.7889503058712037,-2.810476955117287,3.789789840891712,-2.833450713215348,48.892944293585444,-7.706784294484036,45.54638232287016,-0.6412716329177515,4.733121350455381,4.723896906563872,4.718739335262029,LEU_30_A_HG,PHE_38_C_HZ,49.182,-7.705,48.271,49.344,-7.704,49.798,48.892944293585444,-7.706784294484036,45.54638232287016,-0.0030292516409144055,-0.0020268577220467813,51.9883874134686,-11.273934718817499,45.236370291035556,48.892944293585444,-7.706784294484036,45.54638232287016,1.5355696011578255,3.109884328926876
1776,5016,3,0.3,22.901543721065458,2.290154372106546,4.580308744213092,6.8704631163196375,4.765208165839208,-3.4223285089683078,4.742857349550435,-3.398160369158916,4.80650585774552,-3.466984076751679,48.18764618835016,-6.741045920674435,45.61695113853142,-0.6243094512600503,5.927694028720303,5.868096067292645,5.835851476766017,THR_29_A_C,PHE_38_C_CE1,48.426,-6.778,47.509,48.555,-6.798,48.533,48.18764618835016,-6.741045920674435,45.61695113853142,-0.0030292516409144055,-0.0020268577220467813,51.9883874134686,-11.273934718817499,45.236370291035556,48.18764618835016,-6.741045920674435,45.61695113853142,1.0322872662200195,2.9029897677440677
1991,5361,3,0.3,22.901543721065458,2.290154372106546,4.580308744213092,6.8704631163196375,4.671200119626447,-3.261210129422014,4.752357177337723,-3.3031052912788432,4.658404923681138,-3.2546049515085222,48.40953058798994,-6.872612774593996,45.594674342173036,-0.6092233033637259,5.6840331479540165,5.698306398724745,5.788852987717687,THR_29_A_HA,PHE_38_C_HZ,48.483,-6.86,46.4,48.949,-6.78,51.508,48.40953058798994,-6.872612774593996,45.594674342173036,-0.0030292516409144055,-0.0020268577220467813,51.9883874134686,-11.273934718817499,45.236370291035556,48.40953058798994,-6.872612774593996,45.594674342173036,5.129836254696639,2.1048655860573193
2019,5350,3,0.3,22.901543721065458,2.290154372106546,4.580308744213092,6.8704631163196375,5.37983401012788,-3.5370106001579926,5.399069417455603,-3.480555990246444,5.3822576462004355,-3.5298973934183353,48.08175716904713,-6.171724034130759,45.62735846366443,-0.5799480906620968,6.43794885726003,6.4398235188696455,6.425171978746974,THR_29_A_HA,PHE_38_C_HZ,48.002,-6.175,44.904,48.635,-6.149,50.645,48.08175716904713,-6.171724034130759,45.62735846366443,-0.0030292516409144055,-0.0020268577220467813,51.9883874134686,-11.273934718817499,45.236370291035556,48.08175716904713,-6.171724034130759,45.62735846366443,5.7758502404407945,3.496879191872765
1997,5353,3,0.3,22.901543721065458,2.290154372106546,4.580308744213092,6.8704631163196375,4.679181114107815,-2.8207834747163454,4.642289080802046,-2.900799374442567,4.679062616425086,-2.8210404868094536,48.83811135642442,-6.819131692524274,45.5515097257835,-0.5419506057154011,5.465237607093613,5.4652065628825035,5.47556978892835,THR_29_A_HA,PHE_38_C_HZ,48.837,-6.819,45.538,49.183,-6.86,49.744,48.83811135642442,-6.819131692524274,45.5515097257835,-0.0030292516409144055,-0.0020268577220467813,51.9883874134686,-11.273934718817499,45.236370291035556,48.83811135642442,-6.819131692524274,45.5515097257835,4.220406733953497,3.1058306753749765
1802,2835,3,0.3,22.901543721065458,2.290154372106546,4.580308744213092,6.8704631163196375,5.934712737541873,-3.1976927882206625,5.759701659903106,-3.3611715757018965,5.863551995400584,-3.2641644196081003,48.30905114627202,-5.671661951073972,45.60425814011202,-0.5074795180132657,6.7125492177567585,6.743075015855448,6.670301402125461,THR_29_A_O,GLN_31_C_C,48.749,-5.594,49.367,47.667,-5.785,40.113,48.30905114627202,-5.671661951073972,45.60425814011202,-0.0030292516409144055,-0.0020268577220467813,51.9883874134686,-11.273934718817499,45.236370291035556,48.30905114627202,-5.671661951073972,45.60425814011202,9.31899785384673,1.9101316097938503
2445,2855,3,0.3,22.901543721065458,2.290154372106546,4.580308744213092,6.8704631163196375,4.208479349691525,-1.9956230733223326,4.340153135274075,-1.85867163319091,4.271333168137327,-1.9302499930556052,49.752653040629255,-7.158126394960496,45.45960158503836,-0.423779633427933,4.689159685407192,4.659531153448048,4.723384704667239,LEU_30_A_HA,GLN_31_C_O,50.093,-7.224,49.444,49.38,-7.086,41.097,49.752653040629255,-7.158126394960496,45.45960158503836,-0.0030292516409144055,-0.0020268577220467813,51.9883874134686,-11.273934718817499,45.236370291035556,49.752653040629255,-7.158126394960496,45.45960158503836,8.378533403884001,1.4414506744033397
1811,3200,3,0.3,22.901543721065458,2.290154372106546,4.580308744213092,6.8704631163196375,6.080327307414083,-2.4002469121828933,5.989364273928945,-2.386860846991184,6.038394264417806,-2.3940760708451676,49.159066691509224,-5.431333053995977,45.518589313970494,-0.3770026273488633,6.497745573534736,6.5390126513270825,6.449512642181959,THR_29_A_O,GLN_31_C_HB3,49.603,-5.388,50.022,48.64,-5.482,40.253,49.159066691509224,-5.431333053995977,45.518589313970494,-0.0030292516409144055,-0.0020268577220467813,51.9883874134686,-11.273934718817499,45.236370291035556,49.159066691509224,-5.431333053995977,45.518589313970494,9.816800191508431,2.3283113906799957
1807,3140,3,0.3,22.901543721065458,2.290154372106546,4.580308744213092,6.8704631163196375,6.287980871528762,-2.071864719673823,6.293819752758299,-2.1026367203088285,6.2927393759516965,-2.0969429316407764,49.43464882208612,-5.155185031475052,45.49072720459008,-0.3212253285723327,6.635162090630673,6.622766577842861,6.637986831788703,THR_29_A_O,GLN_31_C_HA,49.922,-5.156,50.079,49.324,-5.155,44.449,49.43464882208612,-5.155185031475052,45.49072720459008,-0.0030292516409144055,-0.0020268577220467813,51.9883874134686,-11.273934718817499,45.236370291035556,49.43464882208612,-5.155185031475052,45.49072720459008,5.661669806691311,2.969094203712117
1808,3141,3,0.3,22.901543721065458,2.290154372106546,4.580308744213092,6.8704631163196375,6.257823509633785,-1.675281970364029,6.403109853652251,-1.65427379364167,6.377079665583653,-1.658037717875261,49.863719764219375,-5.037799720594528,45.447485019953824,-0.25395437569324086,6.591521961170564,6.480591020141879,6.615779483448802,THR_29_A_O,GLN_31_C_HA,50.316,-5.156,50.022,49.765,-5.012,44.449,49.863719764219375,-5.037799720594528,45.447485019953824,-0.0030292516409144055,-0.0020268577220467813,51.9883874134686,-11.273934718817499,45.236370291035556,49.863719764219375,-5.037799720594528,45.447485019953824,5.602023384456728,2.969106600143815
2463,2273,3,0.3,22.901543721065458,2.290154372106546,4.580308744213092,6.8704631163196375,5.439427909110469,-1.0801612074964502,5.588102075845439,-0.9786330281795899,5.586314839006457,-0.9798535152773484,50.596255492765785,-5.774851259564769,45.37407344791229,-0.17319210161439738,5.67423231247016,5.548217157139533,5.6757826890548815,LEU_30_A_HA,LEU_30_C_O,50.946,-5.927,49.736,50.592,-5.773,45.321,50.596255492765785,-5.774851259564769,45.37407344791229,-0.0030292516409144055,-0.0020268577220467813,51.9883874134686,-11.273934718817499,45.236370291035556,50.596255492765785,-5.774851259564769,45.37407344791229,4.431845778002659,2.480393918008644
2092,2104,3,0.3,22.901543721065458,2.290154372106546,4.580308744213092,6.8704631163196375,6.181039344918721,-0.7892485744137421,6.115683526521996,-0.8865435609903071,6.107364955261776,-0.8989273899890728,50.637200281754886,-5.249164251101559,45.369719737828504,-0.14574202824472263,6.17586819228931,6.233973246508688,6.182314765523883,THR_29_A_HG1,THR_29_C_HG1,50.6,-5.168,43.964,50.633,-5.24,45.211,50.637200281754886,-5.249164251101559,45.369719737828504,-0.0030292516409144055,-0.0020268577220467813,51.9883874134686,-11.273934718817499,45.236370291035556,50.637200281754886,-5.249164251101559,45.369719737828504,1.24951270501744,3.3539219604865607
3093,2129,3,0.3,22.901543721065458,2.290154372106546,4.580308744213092,6.8704631163196375,6.310704633200268,-0.4180622923493924,6.27832243965198,-0.4976622537064438,6.273177288866475,-0.5103097540399745,51.010229171296025,-5.0543555308911685,45.332084554239245,-0.08080932704904172,6.296754723013838,6.3274261000392,6.300875614980883,GLN_31_A_H,THR_29_C_HG1,51.541,-5.008,49.715,51.083,-5.048,45.933,51.010229171296025,-5.0543555308911685,45.332084554239245,-0.0030292516409144055,-0.0020268577220467813,51.9883874134686,-11.273934718817499,45.236370291035556,51.010229171296025,-5.0543555308911685,45.332084554239245,3.8098409415617374,3.1630291013996854
3092,2139,3,0.3,22.901543721065458,2.290154372106546,4.580308744213092,6.8704631163196375,6.497926590485126,-0.018666398394848238,6.297997482919457,0.03089121756999902,6.218267398807603,0.0506543873123633,51.57090930504739,-5.0665619801002455,45.27565181441825,0.008467685898389985,6.22151969589909,6.500977136983832,6.301112719934905,GLN_31_A_H,THR_29_C_HG1,51.929,-4.791,49.735,51.673,-4.988,46.547,51.57090930504739,-5.0665619801002455,45.27565181441825,-0.0030292516409144055,-0.0020268577220467813,51.9883874134686,-11.273934718817499,45.236370291035556,51.57090930504739,-5.0665619801002455,45.27565181441825,3.2043234855426217,3.16138343622575
2097,3101,3,0.3,22.901543721065458,2.290154372106546,4.580308744213092,6.8704631163196375,6.43356736267821,0.41070249813573095,6.501873180819572,0.376662753351214,6.414559940553138,0.4201747190351312,51.92269027533174,-4.842809244499298,45.240142664071975,0.06569352334433153,6.43146213634055,6.449815617260016,6.515916012147883,THR_29_A_HG1,GLN_31_C_H,51.815,-4.825,44.279,51.428,-4.761,40.825,51.92269027533174,-4.842809244499298,45.240142664071975,-0.0030292516409144055,-0.0020268577220467813,51.9883874134686,-11.273934718817499,45.236370291035556,51.92269027533174,-4.842809244499298,45.240142664071975,3.4762020942402074,1.8341348884947117
2074,1909,3,0.3,22.901543721065458,2.290154372106546,4.580308744213092,6.8704631163196375,6.810462945637948,0.659646946358852,6.726523992675249,0.8410680528638133,6.8001005242378705,0.6820437227078279,52.15338075129282,-4.438518179598003,45.21674275180025,0.1002154883094468,6.837435725947132,6.845545131352712,6.782160120222906,THR_29_A_HG1,THR_29_C_OG1,52.104,-4.43,44.957,52.504,-4.499,47.061,52.15338075129282,-4.438518179598003,45.21674275180025,-0.0030292516409144055,-0.0020268577220467813,51.9883874134686,-11.273934718817499,45.236370291035556,52.15338075129282,-4.438518179598003,45.21674275180025,2.142796537238194,3.073577824236914
2254,2120,3,0.3,22.901543721065458,2.290154372106546,4.580308744213092,6.8704631163196375,5.443065445855653,0.8095766235029366,5.615853053747516,0.8936749316971084,5.457622909376798,0.8166619583175306,52.38830059088159,-5.76691913857667,45.19368246312265,0.14881669402781078,5.521682116994394,5.506237160242621,5.689826012926571,LEU_30_A_O,THR_29_C_HG1,52.376,-5.782,45.131,52.522,-5.603,45.875,52.38830059088159,-5.76691913857667,45.19368246312265,-0.0030292516409144055,-0.0020268577220467813,51.9883874134686,-11.273934718817499,45.236370291035556,52.38830059088159,-5.76691913857667,45.19368246312265,0.7790333754082683,2.664823133887426
2225,1840,3,0.3,22.901543721065458,2.290154372106546,4.580308744213092,6.8704631163196375,6.246611315475376,1.2769675807325656,6.220826369751735,1.1977805830606312,6.243311204538156,1.266832757107046,52.775592384074166,-4.949351522515032,45.15433649345199,0.20040957916605853,6.373913540097918,6.379171889183066,6.338447498472978,LEU_30_A_O,THR_29_C_O,52.852,-4.945,45.815,52.255,-4.979,40.653,52.775592384074166,-4.949351522515032,45.15433649345199,-0.0030292516409144055,-0.0020268577220467813,51.9883874134686,-11.273934718817499,45.236370291035556,52.775592384074166,-4.949351522515032,45.15433649345199,5.196518930976773,2.218144941287178
3079,1837,3,0.3,22.901543721065458,2.290154372106546,4.580308744213092,6.8704631163196375,5.168517007016484,1.30651967270436,5.209611109663967,1.4385359872744086,5.189536349092825,1.3740450813842735,52.96152403863288,-5.9919598333108075,45.1360811233272,0.2590532980996679,5.371807098129937,5.334527601177476,5.408034841482529,GLN_31_A_H,THR_29_C_O,53.361,-6.016,49.761,52.58,-5.969,40.719,52.96152403863288,-5.9919598333108075,45.1360811233272,-0.0030292516409144055,-0.0020268577220467813,51.9883874134686,-11.273934718817499,45.236370291035556,52.96152403863288,-5.9919598333108075,45.1360811233272,9.075788340414292,2.285000320207789
3072,1877,3,0.3,22.901543721065458,2.290154372106546,4.580308744213092,6.8704631163196375,5.808486731719518,1.8312915699892163,5.950167554705266,1.784685623932722,5.980756441316306,1.7746234011895217,53.299197309820855,-5.172637602948418,45.10172898517915,0.28862020996675375,6.24196902921907,6.093830854416577,6.215536477826456,GLN_31_A_H,THR_29_C_OG1,53.85,-5.338,49.879,53.397,-5.202,45.95,53.299197309820855,-5.172637602948418,45.10172898517915,-0.0030292516409144055,-0.0020268577220467813,51.9883874134686,-11.273934718817499,45.236370291035556,53.299197309820855,-5.172637602948418,45.10172898517915,3.957366043216114,2.551232441825069
2789,2482,3,0.3,22.901543721065458,2.290154372106546,4.580308744213092,6.8704631163196375,4.68346587381011,1.7123909628435812,4.576843034362333,1.6081260145723246,4.629499521533482,1.659618039540719,53.287127754206686,-6.528724816949379,45.103542908917476,0.34439599695348916,4.921522792681963,4.990236970760928,4.8546701667835706,GLN_31_A_N,LEU_30_C_HA,53.771,-6.469,49.426,52.815,-6.587,40.886,53.287127754206686,-6.528724816949379,45.103542908917476,-0.0030292516409144055,-0.0020268577220467813,51.9883874134686,-11.273934718817499,45.236370291035556,53.287127754206686,-6.528724816949379,45.103542908917476,8.594152663293805,1.4978743590401462
2232,2029,3,0.3,22.901543721065458,2.290154372106546,4.580308744213092,6.8704631163196375,5.547500981510566,2.4522850126430638,5.620763883571323,2.345637745535434,5.048530997568272,3.1786251337599327,54.762499761822646,-5.99569402445117,44.9547963338706,0.5619272301937043,5.969489763983908,6.068939991970896,6.094142951806134,LEU_30_A_O,THR_29_C_HA,54.061,-5.553,45.595,53.958,-5.488,45.689,54.762499761822646,-5.99569402445117,44.9547963338706,-0.0030292516409144055,-0.0020268577220467813,51.9883874134686,-11.273934718817499,45.236370291035556,54.762499761822646,-5.99569402445117,44.9547963338706,0.15385057685949857,2.2184243283682887
2234,2050,3,0.3,22.901543721065458,2.290154372106546,4.580308744213092,6.8704631163196375,5.204304180174166,2.5751314575784767,5.212379644206938,2.533811454038854,5.190417904102123,2.6461838421994197,54.22354996869045,-5.894597819280528,45.00900243119581,0.47154720796919425,5.829658074936641,5.8101692275029,5.799221145488701,LEU_30_A_O,THR_29_C_HA,54.184,-5.886,45.334,54.161,-5.881,45.523,54.22354996869045,-5.894597819280528,45.00900243119581,-0.0030292516409144055,-0.0020268577220467813,51.9883874134686,-11.273934718817499,45.236370291035556,54.22354996869045,-5.894597819280528,45.00900243119581,0.19045996954740868,2.2544000772152275
5363,1819,3,0.3,22.901543721065458,2.290154372106546,4.580308744213092,6.8704631163196375,4.814952211619339,2.6461246649705985,4.760269748344926,2.4634744098430033,4.523469286148204,1.6725139767419215,53.30792773679994,-6.633471581292342,45.101495448062025,0.3543286908900815,4.826310808360182,5.4977860878228775,5.36355421932425,PHE_38_A_HZ,THR_29_C_O,53.793,-6.271,40.448,53.702,-6.339,41.321,53.30792773679994,-6.633471581292342,45.101495448062025,-0.0030292516409144055,-0.0020268577220467813,51.9883874134686,-11.273934718817499,45.236370291035556,53.30792773679994,-6.633471581292342,45.101495448062025,0.8803601535735225,3.7761648932821683
2808,1817,3,0.3,22.901543721065458,2.290154372106546,4.580308744213092,6.8704631163196375,5.831423185525365,3.3856219229682365,5.890759904802489,3.3555091378169286,5.867458790245625,3.3673342178851375,54.8878848709304,-5.164812729226664,44.94180804257189,0.5210441095539228,6.76869440200617,6.746628750929452,6.783052305706461,GLN_31_A_C,THR_29_C_O,55.446,-5.197,50.277,54.527,-5.144,41.492,54.8878848709304,-5.164812729226664,44.94180804257189,-0.0030292516409144055,-0.0020268577220467813,51.9883874134686,-11.273934718817499,45.236370291035556,54.8878848709304,-5.164812729226664,44.94180804257189,8.833096569153994,1.6553486687402938
5376,2446,3,0.3,22.901543721065458,2.290154372106546,4.580308744213092,6.8704631163196375,4.364436362862902,2.6296112509392477,4.389556372695053,2.663719449559215,4.391439784451292,2.6662767647312338,54.30381161193798,-6.689750703400802,45.00127451329605,0.5456938168258528,5.1411285075137405,5.099046482317218,5.138191495254598,PHE_38_A_HZ,LEU_30_C_H,53.69,-6.722,39.248,54.261,-6.692,44.6,54.30381161193798,-6.689750703400802,45.00127451329605,-0.0030292516409144055,-0.0020268577220467813,51.9883874134686,-11.273934718817499,45.236370291035556,54.30381161193798,-6.689750703400802,45.00127451329605,5.3824571526394935,3.4480896821701514
5151,1803,3,0.3,22.901543721065458,2.290154372106546,4.580308744213092,6.8704631163196375,4.488501711236169,2.820782593127053,4.446406964298172,2.8552667019097693,4.282814937151823,2.9892816484400138,54.632467472701286,-6.773564970044952,44.968228995545694,0.6093493577068015,5.226508106723453,5.304913155395339,5.287873781173657,PHE_38_A_CZ,THR_29_C_C,54.051,-6.583,41.025,54.17,-6.622,41.832,54.632467472701286,-6.773564970044952,44.968228995545694,-0.0030292516409144055,-0.0020268577220467813,51.9883874134686,-11.273934718817499,45.236370291035556,54.632467472701286,-6.773564970044952,44.968228995545694,0.8166584353326692,3.6208073419817257
2856,2605,3,0.3,22.901543721065458,2.290154372106546,4.580308744213092,6.8704631163196375,4.240740339007907,2.7690737422815688,4.17683343960193,2.6827587964187085,4.202718718850438,2.7177203811262767,54.36909848552138,-6.874026543578317,44.994784125488046,0.5740334242493966,5.008526832763822,5.068390165906337,4.9678291160550065,GLN_31_A_O,LEU_30_C_HG,54.923,-6.83,50.015,53.992,-6.904,41.577,54.36909848552138,-6.874026543578317,44.994784125488046,-0.0030292516409144055,-0.0020268577220467813,51.9883874134686,-11.273934718817499,45.236370291035556,54.36909848552138,-6.874026543578317,44.994784125488046,8.489527725380256,2.132315020883558
5162,1997,3,0.3,22.901543721065458,2.290154372106546,4.580308744213092,6.8704631163196375,5.585810068505111,3.7772496682627126,5.609173591478904,3.7050147453250313,5.634008854898813,3.6282295215689087,55.16434664514261,-5.37780313133821,44.914073446748645,0.5721462050910852,6.704846008221491,6.746707049092151,6.725992729630625,PHE_38_A_CZ,THR_29_C_H,54.76,-5.417,39.377,54.956,-5.398,42.061,55.16434664514261,-5.37780313133821,44.914073446748645,-0.0030292516409144055,-0.0020268577220467813,51.9883874134686,-11.273934718817499,45.236370291035556,55.16434664514261,-5.37780313133821,44.914073446748645,2.691214038310589,4.221940026132589
3559,2604,3,0.3,22.901543721065458,2.290154372106546,4.580308744213092,6.8704631163196375,3.997931482886132,2.8063498673564653,4.032754039357294,2.8083004988219646,3.9780025034990767,2.805233519270421,54.47288787326135,-7.091458229602437,44.98443271520026,0.614179996157351,4.871275465385312,4.888217121731594,4.917874197541045,ILE_32_A_HD12,LEU_30_C_HG,54.359,-7.072,43.857,54.16,-7.038,41.887,54.47288787326135,-7.091458229602437,44.98443271520026,-0.0030292516409144055,-0.0020268577220467813,51.9883874134686,-11.273934718817499,45.236370291035556,54.47288787326135,-7.091458229602437,44.98443271520026,1.9803173988025247,1.8090063996976147
5022,2448,3,0.3,22.901543721065458,2.290154372106546,4.580308744213092,6.8704631163196375,3.878947736386116,2.786610015369319,4.040428427757341,2.759072473679303,4.0836051528512645,2.751709482740781,54.411812922641666,-6.990219182328449,44.990535808717965,0.5929520960793395,4.927843807261422,4.77977415214738,4.896245451664949,PHE_38_A_CE1,LEU_30_C_H,54.152,-7.193,41.907,54.357,-7.033,44.34,54.411812922641666,-6.990219182328449,44.990535808717965,-0.0030292516409144055,-0.0020268577220467813,51.9883874134686,-11.273934718817499,45.236370291035556,54.411812922641666,-6.990219182328449,44.990535808717965,2.4468579852537484,2.4738306760065765
5135,2045,3,0.3,22.901543721065458,2.290154372106546,4.580308744213092,6.8704631163196375,4.863294976418786,3.6810871695614558,4.843397124625168,3.43482282269365,4.841865715680074,3.4158694488539436,55.013474928956356,-6.183770687137241,44.92961621835395,0.6143833039823743,5.9291670921705375,6.102986189610241,5.941362162529824,PHE_38_A_CZ,THR_29_C_HA,54.657,-6.145,38.764,54.988,-6.181,44.489,55.013474928956356,-6.183770687137241,44.92961621835395,-0.0030292516409144055,-0.0020268577220467813,51.9883874134686,-11.273934718817499,45.236370291035556,55.013474928956356,-6.183770687137241,44.92961621835395,5.7346736611598,3.0635172791996834
3552,1810,3,0.3,22.901543721065458,2.290154372106546,4.580308744213092,6.8704631163196375,4.549148323275461,3.577751480094301,4.759650194806859,3.3341318113829095,4.231045446886612,3.945900783462524,55.58544093593255,-6.752632347770869,44.872293322747346,0.7504396691869455,5.789086388432991,5.791125419248896,5.814900702080838,ILE_32_A_HD12,THR_29_C_C,55.052,-6.464,43.479,54.699,-6.273,42.557,55.58544093593255,-6.752632347770869,44.872293322747346,-0.0030292516409144055,-0.0020268577220467813,51.9883874134686,-11.273934718817499,45.236370291035556,55.58544093593255,-6.752632347770869,44.872293322747346,1.0055714793091517,2.0176514447358054
2801,2062,3,0.3,22.901543721065458,2.290154372106546,4.580308744213092,6.8704631163196375,4.752628564251929,3.922744665851092,5.102604002597707,3.782271779321019,5.101743354598616,3.7826172255880217,55.35770420263259,-5.896826280064279,44.89483931016556,0.6379700110718829,6.354701739558469,6.166045148562675,6.355187416678855,GLN_31_A_C,THR_29_C_HA,56.049,-6.232,50.103,55.356,-5.896,44.882,55.35770420263259,-5.896826280064279,44.89483931016556,-0.0030292516409144055,-0.0020268577220467813,51.9883874134686,-11.273934718817499,45.236370291035556,55.35770420263259,-5.896826280064279,44.89483931016556,5.277498081477627,1.6245243838788634
5339,1790,3,0.3,22.901543721065458,2.290154372106546,4.580308744213092,6.8704631163196375,5.141757517017886,4.505461243771241,5.45440330829387,4.122900813034287,5.540657536656679,4.017358196833736,55.557450869667015,-5.4413728258324685,44.87453160645418,0.6273332738006243,6.847475405106007,6.84004969865499,6.840950112024469,PHE_38_A_HE2,THR_29_C_CA,55.412,-5.805,38.268,55.526,-5.52,43.446,55.557450869667015,-5.4413728258324685,44.87453160645418,-0.0030292516409144055,-0.0020268577220467813,51.9883874134686,-11.273934718817499,45.236370291035556,55.557450869667015,-5.4413728258324685,44.87453160645418,5.187090224779204,3.7232112075198818
2855,1799,3,0.3,22.901543721065458,2.290154372106546,4.580308744213092,6.8704631163196375,3.8016323551825666,3.5962076865582873,4.531330544200632,3.106292265594436,4.296006818913531,3.2642873431099115,54.90430534445343,-6.739553789916603,44.94085073861009,0.6497298873034303,5.399122113314786,5.23667277745029,5.497460007177781,GLN_31_A_O,THR_29_C_C,55.802,-7.205,50.18,54.477,-6.518,42.447,54.90430534445343,-6.739553789916603,44.94085073861009,-0.0030292516409144055,-0.0020268577220467813,51.9883874134686,-11.273934718817499,45.236370291035556,54.90430534445343,-6.739553789916603,44.94085073861009,7.875714761213738,2.889652741661236
2830,1792,3,0.3,22.901543721065458,2.290154372106546,4.580308744213092,6.8704631163196375,4.355666238058291,4.686892237585005,5.204314680120196,3.8241210273263393,5.021212124584166,4.010270680835924,55.58964041122421,-5.9598596002143305,44.87152042535186,0.6738792113226266,6.4297381707570676,6.401889459703229,6.461875769612837,GLN_31_A_O,THR_29_C_CA,56.806,-6.57,49.715,55.255,-5.792,43.539,55.58964041122421,-5.9598596002143305,44.87152042535186,-0.0030292516409144055,-0.0020268577220467813,51.9883874134686,-11.273934718817499,45.236370291035556,55.58964041122421,-5.9598596002143305,44.87152042535186,6.415127512372612,1.9019530692509903
5076,2040,3,0.3,22.901543721065458,2.290154372106546,4.580308744213092,6.8704631163196375,4.296844303993435,5.253134013002347,5.387156298133166,4.10432310788783,5.447520947309588,4.040719691957326,55.58766021842695,-5.53246934139092,44.871530968150815,0.6381766070047887,6.786184283986387,6.7901125448431525,6.776150109100119,PHE_38_A_CE2,THR_29_C_HA,56.166,-6.591,37.675,55.618,-5.588,44.494,55.58766021842695,-5.53246934139092,44.871530968150815,-0.0030292516409144055,-0.0020268577220467813,51.9883874134686,-11.273934718817499,45.236370291035556,55.58766021842695,-5.53246934139092,44.871530968150815,6.9141213469247145,2.8628537238666243
2831,2593,3,0.3,22.901543721065458,2.290154372106546,4.580308744213092,6.8704631163196375,2.8235858657195765,3.714748750861788,4.066718429423734,2.8348552466286945,3.5158437329471126,3.224766251479108,54.924003112065385,-7.520467147990362,44.93921289813973,0.7421262986924481,4.774375440960996,4.6694939711123515,4.96092191649058,GLN_31_A_O,LEU_30_C_HG,55.82,-8.172,48.438,54.211,-7.002,42.155,54.924003112065385,-7.520467147990362,44.93921289813973,-0.0030292516409144055,-0.0020268577220467813,51.9883874134686,-11.273934718817499,45.236370291035556,54.924003112065385,-7.520467147990362,44.93921289813973,6.590437769981599,2.1858987367418425
2839,2036,3,0.3,22.901543721065458,2.290154372106546,4.580308744213092,6.8704631163196375,3.0966427130045457,4.457853126662852,4.564152745424086,3.100435446737297,4.317032823191204,3.329016474526036,54.96693571727807,-6.713679087010361,44.93453492835877,0.6568461917767737,5.455161410235008,5.431251767643081,5.521270120624948,GLN_31_A_O,THR_29_C_HA,56.621,-7.843,49.204,54.632,-6.485,44.07,54.96693571727807,-6.713679087010361,44.93453492835877,-0.0030292516409144055,-0.0020268577220467813,51.9883874134686,-11.273934718817499,45.236370291035556,54.96693571727807,-6.713679087010361,44.93453492835877,5.6708236615151435,1.9728283288538118
5125,1797,3,0.3,22.901543721065458,2.290154372106546,4.580308744213092,6.8704631163196375,2.507544458591354,3.9402197035846385,3.823032885933262,2.8848947001539846,4.864078241761498,2.049736312686578,53.65645317643681,-6.265233967356217,45.06625017904511,0.3989507738208893,5.281899985779659,4.67378736194147,4.793022800061361,PHE_38_A_CZ,THR_29_C_C,55.163,-8.474,39.427,54.322,-7.241,42.575,53.65645317643681,-6.265233967356217,45.06625017904511,-0.0030292516409144055,-0.0020268577220467813,51.9883874134686,-11.273934718817499,45.236370291035556,53.65645317643681,-6.265233967356217,45.06625017904511,3.4838877708674847,3.5923107971691888
3448,2063,3,0.3,22.901543721065458,2.290154372106546,4.580308744213092,6.8704631163196375,3.0575518786090994,5.262570261208515,5.099625454160549,3.823829637087322,4.914835656473804,3.954023079692964,55.54186903478543,-6.070195663077865,44.8763778348354,0.6774328577084704,6.311554987622899,6.089592735109173,6.377637726110886,ILE_32_A_HA,THR_29_C_HA,57.41,-7.821,49.001,55.356,-5.896,44.466,55.54186903478543,-6.070195663077865,44.8763778348354,-0.0030292516409144055,-0.0020268577220467813,51.9883874134686,-11.273934718817499,45.236370291035556,55.54186903478543,-6.070195663077865,44.8763778348354,5.3376742126135746,1.9627412752553268
3456,2048,3,0.3,22.901543721065458,2.290154372106546,4.580308744213092,6.8704631163196375,2.916317711657437,5.563690774493742,5.1472641814263085,3.7928529371405224,4.805030837944476,4.06450434700349,55.65976870419352,-6.171304960640353,44.86455470078888,0.7020354090231216,6.297151567500213,6.2848865903592115,6.397392836472646,ILE_32_A_HA,THR_29_C_HA,57.717,-7.939,48.946,55.287,-5.851,44.125,55.65976870419352,-6.171304960640353,44.86455470078888,-0.0030292516409144055,-0.0020268577220467813,51.9883874134686,-11.273934718817499,45.236370291035556,55.65976870419352,-6.171304960640353,44.86455470078888,5.788495918630329,2.7586899819420307
5110,2633,3,0.3,22.901543721065458,2.290154372106546,4.580308744213092,6.8704631163196375,2.000809815097399,4.230950666663562,3.690882445908796,2.8863313594505944,4.071094698774256,2.5838350485101604,54.246208828217135,-7.015425726323703,45.00721667137883,0.5655469080862718,4.825470729519491,4.683318238956263,4.689093389985243,PHE_38_A_CZ,LEU_30_C_HD11,55.541,-8.957,39.904,54.484,-7.372,44.07,54.246208828217135,-7.015425726323703,45.00721667137883,-0.0030292516409144055,-0.0020268577220467813,51.9883874134686,-11.273934718817499,45.236370291035556,54.246208828217135,-7.015425726323703,45.00721667137883,4.580942042855374,2.0491326590569554
5122,2628,3,0.3,22.901543721065458,2.290154372106546,4.580308744213092,6.8704631163196375,1.8458871013702836,4.357228621027111,3.7085259926401166,2.893910749404446,4.326589475087138,2.4083505348609364,54.05281883135336,-6.773976157278199,45.02657668105457,0.5079864749757765,4.955352408609238,4.735145194124123,4.707663640885948,PHE_38_A_CZ,LEU_30_C_HD11,55.655,-9.102,39.662,54.452,-7.354,43.69,54.05281883135336,-6.773976157278199,45.02657668105457,-0.0030292516409144055,-0.0020268577220467813,51.9883874134686,-11.273934718817499,45.236370291035556,54.05281883135336,-6.773976157278199,45.02657668105457,4.552746094391823,2.356113587313305
5925,2037,3,0.3,22.901543721065458,2.290154372106546,4.580308744213092,6.8704631163196375,1.6801855457629569,4.587697673503496,4.145569012834458,2.920915831311889,4.607435674837087,2.6086597559298,54.23034069356586,-6.478746808554433,45.00857690194613,0.5152353418187177,5.298308355785339,4.888638187341429,5.074885370467495,ARG_42_A_CD,THR_29_C_HA,55.838,-9.25,39.06,54.484,-6.916,44.07,54.23034069356586,-6.478746808554433,45.00857690194613,-0.0030292516409144055,-0.0020268577220467813,51.9883874134686,-11.273934718817499,45.236370291035556,54.23034069356586,-6.478746808554433,45.00857690194613,5.690428103403115,1.7234444065207681
3404,2034,3,0.3,22.901543721065458,2.290154372106546,4.580308744213092,6.8704631163196375,2.2165124865180275,6.368769338697911,5.398912959180781,4.083361901264619,4.9022158773180795,4.44005968797989,56.02502020512709,-6.0459165504831685,44.827733053922216,0.7358888370807377,6.617670485501836,6.746362701763716,6.772841424477011,ILE_32_A_CG2,THR_29_C_HA,58.507,-8.576,48.249,55.566,-5.578,44.195,56.02502020512709,-6.0459165504831685,44.827733053922216,-0.0030292516409144055,-0.0020268577220467813,51.9883874134686,-11.273934718817499,45.236370291035556,56.02502020512709,-6.0459165504831685,44.827733053922216,5.837156927820255,2.5753229283403485
5964,1793,3,0.3,22.901543721065458,2.290154372106546,4.580308744213092,6.8704631163196375,1.8783808170663376,5.743505278915656,4.581796292155407,3.1080148366911557,5.047142607278321,2.6543606436410014,54.24248029745467,-6.03684028085662,45.00715973224693,0.4842301591120093,5.7061922822507105,6.045729350522535,5.540124963214799,ARG_42_A_CZ,THR_29_C_C,56.677,-8.966,36.038,54.6,-6.467,43.69,54.24248029745467,-6.03684028085662,45.00715973224693,-0.0030292516409144055,-0.0020268577220467813,51.9883874134686,-11.273934718817499,45.236370291035556,54.24248029745467,-6.03684028085662,45.00715973224693,8.313364782084328,2.982832011268869
3504,1798,3,0.3,22.901543721065458,2.290154372106546,4.580308744213092,6.8704631163196375,1.5946510051245997,5.291907850098447,4.200648436058864,3.008581936947077,3.1106444576560373,3.963622912729237,55.68761976529119,-7.868462104113893,44.86250086519243,0.9051692495148362,5.04195815828011,5.52976734533423,5.170558133954595,ILE_32_A_HG22,THR_29_C_C,57.427,-9.278,47.77,54.437,-6.855,42.772,55.68761976529119,-7.868462104113893,44.86250086519243,-0.0030292516409144055,-0.0020268577220467813,51.9883874134686,-11.273934718817499,45.236370291035556,55.68761976529119,-7.868462104113893,44.86250086519243,6.308013395673796,2.323484258011525
3499,2591,3,0.3,22.901543721065458,2.290154372106546,4.580308744213092,6.8704631163196375,1.3038258524015793,4.847871126514989,3.8350953857630827,2.8715673751347173,2.530128417236891,3.8904281014757576,55.658835250883996,-8.452857387784176,44.86565645271735,0.9938683094944987,4.644146141625823,5.022885696536243,4.794657917657444,ILE_32_A_HG22,LEU_30_C_HG,56.932,-9.602,47.053,54.304,-7.23,42.538,55.658835250883996,-8.452857387784176,44.86565645271735,-0.0030292516409144055,-0.0020268577220467813,51.9883874134686,-11.273934718817499,45.236370291035556,55.658835250883996,-8.452857387784176,44.86565645271735,5.737420413391371,2.4402646816398863
5967,2630,3,0.3,22.901543721065458,2.290154372106546,4.580308744213092,6.8704631163196375,1.090243193625585,4.634821649841143,3.631586220070742,2.9188534720700416,4.2345568923150285,2.5117150122345886,54.16231600817274,-6.8579041687842635,45.015591753760425,0.5354055042697627,4.927071596417133,4.763990839797026,4.662828704571088,ARG_42_A_CZ,LEU_30_C_HD11,55.626,-9.836,36.038,54.443,-7.429,43.294,54.16231600817274,-6.8579041687842635,45.015591753760425,-0.0030292516409144055,-0.0020268577220467813,51.9883874134686,-11.273934718817499,45.236370291035556,54.16231600817274,-6.8579041687842635,45.015591753760425,7.735804676955074,3.7576429485993263
6026,2602,3,0.3,22.901543721065458,2.290154372106546,4.580308744213092,6.8704631163196375,0.997297500153187,4.6797500125241935,3.7704219102187366,2.7650046005788385,53.8983109533737,-31.84654950334181,16.32548757714493,40.056962941569495,48.80352869336937,-0.533621978520457,62.605336021972725,4.787451124881342,4.679251731010705,ARG_42_A_HD2,LEU_30_C_HG,56.195,-9.923,41.173,54.105,-7.303,41.573,16.32548757714493,40.056962941569495,48.80352869336937,-0.0030292516409144055,-0.0020268577220467813,51.9883874134686,-11.273934718817499,45.236370291035556,16.32548757714493,40.056962941569495,48.80352869336937,3.375277766347536,2.4977906987427185
5889,1794,3,0.3,22.901543721065458,2.290154372106546,4.580308744213092,6.8704631163196375,0.8671021533821615,5.297384774613985,4.163212559565779,2.9284952212657402,3.206167647595161,3.616316141887534,55.335843182732354,-7.799554889088025,44.897880302288634,0.8452524295803959,4.836460565422827,5.370371710686875,5.093675537849042,ILE_41_A_HD13,THR_29_C_C,57.496,-10.003,47.85,54.452,-6.898,43.69,55.335843182732354,-7.799554889088025,44.897880302288634,-0.0030292516409144055,-0.0020268577220467813,51.9883874134686,-11.273934718817499,45.236370291035556,55.335843182732354,-7.799554889088025,44.897880302288634,6.0176873464812095,2.199293103289095
5887,2603,3,0.3,22.901543721065458,2.290154372106546,4.580308744213092,6.8704631163196375,0.5111234208504541,5.020163402473665,3.8978344525479804,2.5683196130141126,2.050959992756972,3.905383103748469,55.70985209577322,-8.929511412018094,44.860731634882704,1.086828037128374,4.414377014155136,5.048440153179464,4.671554197297098,ILE_41_A_HD13,LEU_30_C_HG,57.243,-10.379,47.827,53.871,-7.191,41.303,55.70985209577322,-8.929511412018094,44.860731634882704,-0.0030292516409144055,-0.0020268577220467813,51.9883874134686,-11.273934718817499,45.236370291035556,55.70985209577322,-8.929511412018094,44.860731634882704,8.00601673742942,1.9301023503980856
6024,2447,3,0.3,22.901543721065458,2.290154372106546,4.580308744213092,6.8704631163196375,0.10167751518136055,4.7593083693680605,4.054062241280817,2.3807567559401313,4.58842845330319,2.059174292731515,53.68662975196335,-6.539373985848764,45.063333692316924,0.4219561517108074,5.032895194509981,4.762486393864824,4.70506632593791,ARG_42_A_HD2,LEU_30_C_H,56.343,-10.81,41.173,54.003,-7.048,44.6,53.68662975196335,-6.539373985848764,45.063333692316924,-0.0030292516409144055,-0.0020268577220467813,51.9883874134686,-11.273934718817499,45.236370291035556,53.68662975196335,-6.539373985848764,45.063333692316924,5.6011224767898105,1.7179347355283772
5897,7739,3,0.3,22.901543721065458,2.290154372106546,4.580308744213092,6.8704631163196375,-0.778441244926096,5.804708848650688,-4.8816338732308555,3.4142459315827405,-22.346820059733687,-6.760728460436337,46.9701437130133,-34.06596906099914,45.75157485040778,-2.8478559629600966,23.343629431396135,5.858279894559031,5.955812524311275,ILE_41_A_HD13,LEU_48_C_CD1,58.198,-11.605,48.527,56.062,-15.878,47.999,46.9701437130133,-34.06596906099914,45.75157485040778,-0.0030292516409144055,-0.0020268577220467813,51.9883874134686,-11.273934718817499,45.236370291035556,46.9701437130133,-34.06596906099914,45.75157485040778,4.8062260662603045,1.459529345382251
5846,7734,3,0.3,22.901543721065458,2.290154372106546,4.580308744213092,6.8704631163196375,-1.2443179216389677,5.6468675619172695,-5.14060145899055,3.425537443734907,7.650881017234222,10.718154885009184,62.04599648465934,-2.829018035612766,44.22023989290134,0.950754559990664,13.172115965219115,5.783667152118779,6.175989412746228,ILE_41_A_HD11,LEU_48_C_CD1,57.964,-12.082,47.421,56.176,-16.135,48.823,62.04599648465934,-2.829018035612766,44.22023989290134,-0.0030292516409144055,-0.0020268577220467813,51.9883874134686,-11.273934718817499,45.236370291035556,62.04599648465934,-2.829018035612766,44.22023989290134,4.6464348698760425,1.9884294000700018
5843,7742,3,0.3,22.901543721065458,2.290154372106546,4.580308744213092,6.8704631163196375,-1.4165557280929724,4.904303473634265,-4.8170960339341455,3.1353467027107915,-49.10197357301921,-19.90159064448624,35.95322330224366,-61.7407030017059,46.87276369869723,-2.7565298470317394,52.97828774486112,5.105892127730266,5.746159747351454,ILE_41_A_HD11,LEU_48_C_CD1,57.254,-12.31,47.63,55.735,-15.835,47.576,35.95322330224366,-61.7407030017059,46.87276369869723,-0.0030292516409144055,-0.0020268577220467813,51.9883874134686,-11.273934718817499,45.236370291035556,35.95322330224366,-61.7407030017059,46.87276369869723,3.838737031889525,2.1734851208733854
5844,7969,3,0.3,22.901543721065458,2.290154372106546,4.580308744213092,6.8704631163196375,-2.0597574912033276,5.819337220051141,-5.089730181487113,3.7912380265951837,57.24107603718515,45.51209518973647,92.82082179004851,49.25722226308889,41.09943502646374,0.6717388587328323,73.13291253648492,6.174010914907875,6.345343555103411,ILE_41_A_HD11,LEU_48_C_HD12,58.199,-12.882,47.421,56.43,-16.057,47.744,92.82082179004851,49.25722226308889,41.09943502646374,-0.0030292516409144055,-0.0020268577220467813,51.9883874134686,-11.273934718817499,45.236370291035556,92.82082179004851,49.25722226308889,41.09943502646374,3.6488785948562317,2.150848672405145
5739,7736,3,0.3,22.901543721065458,2.290154372106546,4.580308744213092,6.8704631163196375,-1.96855960837333,5.170990418242965,-4.987997445906281,3.478420453751982,38.02586581473982,27.59018460623962,76.49130097590543,28.738104322136827,42.75223016240515,0.6276745777613004,46.98432710427781,5.5338429071188076,6.07975504323851,ILE_41_A_CD1,LEU_48_C_CD1,57.603,-12.84,48.024,56.177,-15.979,48.422,76.49130097590543,28.738104322136827,42.75223016240515,-0.0030292516409144055,-0.0020268577220467813,51.9883874134686,-11.273934718817499,45.236370291035556,76.49130097590543,28.738104322136827,42.75223016240515,3.470619685301171,2.057744924086546
6070,7735,3,0.3,22.901543721065458,2.290154372106546,4.580308744213092,6.8704631163196375,-1.8863052668837015,4.589975627716937,-4.95182828594972,3.000843718793502,-3.9340579126957103,3.5284441856748847,55.78779285141235,-14.925878687948885,44.855534779630865,2.4098262679218045,5.283674112045375,4.963186010605139,5.788595993959035,ARG_42_A_HE,LEU_48_C_CD1,55.892,-12.807,36.873,55.736,-15.979,48.823,55.78779285141235,-14.925878687948885,44.855534779630865,-0.0030292516409144055,-0.0020268577220467813,51.9883874134686,-11.273934718817499,45.236370291035556,55.78779285141235,-14.925878687948885,44.855534779630865,12.364805700050448,1.718095821206652
6066,7743,3,0.3,22.901543721065458,2.290154372106546,4.580308744213092,6.8704631163196375,-2.156621635396149,4.777396452257294,-4.963627920143078,3.165476770713857,-4.2832452065479085,3.5561856526232014,55.841680868881355,-15.271956205213474,44.85026327192403,2.448046046996248,5.566069069767085,5.242217787477208,5.885628121628146,ARG_42_A_HE,LEU_48_C_CD1,56.172,-13.062,37.584,55.736,-15.979,47.175,55.841680868881355,-15.271956205213474,44.85026327192403,-0.0030292516409144055,-0.0020268577220467813,51.9883874134686,-11.273934718817499,45.236370291035556,55.841680868881355,-15.271956205213474,44.85026327192403,10.034254631012702,3.939772624040247
6000,7968,3,0.3,22.901543721065458,2.290154372106546,4.580308744213092,6.8704631163196375,-2.878598265668104,5.7651216872496125,-5.19052907308751,3.8877734692559,-4.456511818975232,4.4838146568044435,56.77506686517237,-15.374369455157755,44.756353759392006,2.3525746632836158,6.321098090601031,6.444292008762641,6.483880086897521,ARG_42_A_HB3,LEU_48_C_HD12,57.203,-13.707,37.446,56.576,-16.15,48.157,56.77506686517237,-15.374369455157755,44.756353759392006,-0.0030292516409144055,-0.0020268577220467813,51.9883874134686,-11.273934718817499,45.236370291035556,56.77506686517237,-15.374369455157755,44.756353759392006,11.003949245611775,3.034415024096061
5998,7980,3,0.3,22.901543721065458,2.290154372106546,4.580308744213092,6.8704631163196375,-3.2661194109638294,5.768224134281923,-5.254598798758545,4.151063893942163,-4.624713716599488,4.6633272430636525,56.9658620149635,-15.528472076633468,44.73721636509798,2.351492311595233,6.567000546623806,6.628993430272264,6.695307722560037,ARG_42_A_HB3,LEU_48_C_HD12,57.274,-14.093,37.827,56.823,-16.194,47.941,56.9658620149635,-15.528472076633468,44.73721636509798,-0.0030292516409144055,-0.0020268577220467813,51.9883874134686,-11.273934718817499,45.236370291035556,56.9658620149635,-15.528472076633468,44.73721636509798,10.339758120962022,3.051238089045809
6786,7987,3,0.3,22.901543721065458,2.290154372106546,4.580308744213092,6.8704631163196375,-3.445014600503729,5.399799826324083,-5.3224697513822,4.006535702447655,-12.164796452696093,-1.071171912736534,51.84596822952783,-23.481759265895764,45.25609857333856,-3.05390773579315,12.208671205390186,6.405231819868745,6.660707246913206,TYR_44_A_HD2,LEU_48_C_HD12,57.907,-14.295,47.648,56.602,-16.273,47.133,51.84596822952783,-23.481759265895764,45.25609857333856,-0.0030292516409144055,-0.0020268577220467813,51.9883874134686,-11.273934718817499,45.236370291035556,51.84596822952783,-23.481759265895764,45.25609857333856,2.4250224741226627,2.909290986798184
6791,7970,3,0.3,22.901543721065458,2.290154372106546,4.580308744213092,6.8704631163196375,-3.453542308505934,4.8498863441109235,-5.159814632168645,3.7394926144815694,-9.552797562170209,0.8806636736408396,53.58516909175935,-20.729250469269022,45.0798145818274,3.049423966247339,9.590475345828654,5.953746893655881,6.371138314438273,TYR_44_A_HD2,LEU_48_C_HD12,57.41,-14.345,48.179,56.34,-16.131,47.312,53.58516909175935,-20.729250469269022,45.0798145818274,-0.0030292516409144055,-0.0020268577220467813,51.9883874134686,-11.273934718817499,45.236370291035556,53.58516909175935,-20.729250469269022,45.0798145818274,2.255301531946447,2.884610178895564
5985,7741,3,0.3,22.901543721065458,2.290154372106546,4.580308744213092,6.8704631163196375,-3.5919581625122894,4.4817807097672535,-4.994054782391464,3.5629347510363383,-4.542490622787189,3.8588615062095033,56.161540951491006,-15.507499020475763,44.818170158698024,2.436798610643151,5.959292617322231,5.743251781836028,6.133456376344824,ARG_42_A_HA,LEU_48_C_CD1,56.129,-14.515,39.013,56.177,-15.979,47.576,56.161540951491006,-15.507499020475763,44.818170158698024,-0.0030292516409144055,-0.0020268577220467813,51.9883874134686,-11.273934718817499,45.236370291035556,56.161540951491006,-15.507499020475763,44.818170158698024,8.687379869673022,3.3494268387324824
5908,7984,3,0.3,22.901543721065458,2.290154372106546,4.580308744213092,6.8704631163196375,-4.498268693516421,4.927301844229554,-5.257577347195704,4.192621751708466,-5.017922978500139,4.424502809448535,56.75861315154648,-15.938661958828934,44.75825924733544,2.4184313138279983,6.689045072806231,6.671241195735399,6.723492592774666,ARG_42_A_O,LEU_48_C_HD12,56.619,-15.385,38.759,56.823,-16.194,47.525,56.75861315154648,-15.938661958828934,44.75825924733544,-0.0030292516409144055,-0.0020268577220467813,51.9883874134686,-11.273934718817499,45.236370291035556,56.75861315154648,-15.938661958828934,44.75825924733544,8.805614856442448,3.6584380961731693
7103,7737,3,0.3,22.901543721065458,2.290154372106546,4.580308744213092,6.8704631163196375,-3.6474918832535215,3.511200484697448,-4.8110386974489625,3.0508324054264353,-4.370360810888551,3.2251906948720594,55.519877551541065,-15.383924584305307,44.88270549146351,2.5052044084320917,5.430333146333831,5.062101760409863,5.6953405966255355,ASN_45_A_HB2,LEU_48_C_CD1,55.167,-14.644,39.077,55.735,-15.835,48.422,55.519877551541065,-15.383924584305307,44.88270549146351,-0.0030292516409144055,-0.0020268577220467813,51.9883874134686,-11.273934718817499,45.236370291035556,55.519877551541065,-15.383924584305307,44.88270549146351,9.4376972827062,2.2213242241711493
6816,7967,3,0.3,22.901543721065458,2.290154372106546,4.580308744213092,6.8704631163196375,-5.275538737621935,4.332849219833971,-5.444140051293549,4.0160475312328465,-3.521347998335885,7.628971748372993,59.82477599166897,-14.203360630481674,44.448852412450584,2.002806406613306,8.40301770375201,6.825723909412634,6.763919612862927,TYR_44_A_HD2,LEU_48_C_HD12,57.026,-16.201,48.132,56.757,-16.393,48.486,59.82477599166897,-14.203360630481674,44.448852412450584,-0.0030292516409144055,-0.0020268577220467813,51.9883874134686,-11.273934718817499,45.236370291035556,59.82477599166897,-14.203360630481674,44.448852412450584,0.4842943319924387,3.1161699641599183
6977,7740,3,0.3,22.901543721065458,2.290154372106546,4.580308744213092,6.8704631163196375,-4.492557293732512,3.113644044080542,-4.73934779594208,2.9810270648001826,-4.657820948777414,3.0248368715165244,55.342810829262746,-15.685752203583393,44.90066237066901,2.5650288074564895,5.552385953723942,5.464729381137384,5.597439062443322,ASN_45_A_CB,LEU_48_C_CD1,54.787,-15.517,38.62,55.617,-15.769,47.999,55.342810829262746,-15.685752203583393,44.90066237066901,-0.0030292516409144055,-0.0020268577220467813,51.9883874134686,-11.273934718817499,45.236370291035556,55.342810829262746,-15.685752203583393,44.90066237066901,9.419025692713662,3.1803051948668393
6609,7706,3,0.3,22.901543721065458,2.290154372106546,4.580308744213092,6.8704631163196375,-3.947836053763223,2.379763006781727,-4.690367836231027,2.4169238910702004,-6.97959396560018,2.531490929562357,55.02866799653066,-18.03825464009036,44.93332315695416,2.793254025702331,7.422342459530413,4.608082428160691,5.274700534785819,TYR_44_A_CE2,LEU_48_C_CD1,55.045,-15.025,48.902,55.041,-15.763,47.93,55.02866799653066,-18.03825464009036,44.93332315695416,-0.0030292516409144055,-0.0020268577220467813,51.9883874134686,-11.273934718817499,45.236370291035556,55.02866799653066,-18.03825464009036,44.93332315695416,1.2204277938493542,3.253318025950852
6614,8019,3,0.3,22.901543721065458,2.290154372106546,4.580308744213092,6.8704631163196375,-4.3085643573734655,2.2583778585624423,-4.627387521529805,2.0260749861458494,-5.400520114147241,1.4627504156141728,53.84913841761174,-16.544785687880818,45.051395066137204,2.876593962378524,5.592716698646695,4.862824490776587,5.049543196903076,TYR_44_A_CE2,LEU_48_C_HD13,54.928,-15.394,48.675,54.613,-15.73,47.617,53.84913841761174,-16.544785687880818,45.051395066137204,-0.0030292516409144055,-0.0020268577220467813,51.9883874134686,-11.273934718817499,45.236370291035556,53.84913841761174,-16.544785687880818,45.051395066137204,1.1538999090042423,3.42240834148014
6476,7930,3,0.3,22.901543721065458,2.290154372106546,4.580308744213092,6.8704631163196375,-5.7549814136194675,2.73564533823908,-5.878816851418044,2.8943152487375445,-5.69620868483874,2.6603400477570736,55.059596677708235,-16.748793618040136,44.92964030093261,2.704165300338389,6.284941495191278,6.370227839428381,6.550853189878817,TYR_44_A_CG,LEU_48_C_HD11,55.295,-16.801,46.474,55.791,-16.911,49.728,55.059596677708235,-16.748793618040136,44.92964030093261,-0.0030292516409144055,-0.0020268577220467813,51.9883874134686,-11.273934718817499,45.236370291035556,55.059596677708235,-16.748793618040136,44.92964030093261,3.2934225359039537,2.746229109719693
6473,7929,3,0.3,22.901543721065458,2.290154372106546,4.580308744213092,6.8704631163196375,-5.821025640221949,2.40962013659241,-5.794925223468211,2.424409194837637,-5.82477840741821,2.407493737877407,54.8184548787563,-16.896169674749586,44.953978762077945,2.7491761109565394,6.30067875180219,6.298025341543801,6.279621872822495,TYR_44_A_CG,LEU_48_C_HD11,54.881,-16.892,45.557,55.316,-16.863,49.751,54.8184548787563,-16.896169674749586,44.953978762077945,-0.0030292516409144055,-0.0020268577220467813,51.9883874134686,-11.273934718817499,45.236370291035556,54.8184548787563,-16.896169674749586,44.953978762077945,4.2165983920691295,2.9580565129381236
6969,8010,3,0.3,22.901543721065458,2.290154372106546,4.580308744213092,6.8704631163196375,-4.591810979488735,1.742622028088853,-4.581356969298923,1.8537922419987203,-4.5846969430433955,1.8182742360962254,54.14025531898699,-15.704348318466131,45.02171997110634,2.7634151755004583,4.930027880914807,4.909248158383446,4.9401568012730115,ASN_45_A_CB,LEU_48_C_HD13,53.423,-15.72,38.644,54.477,-15.697,48.016,54.14025531898699,-15.704348318466131,45.02171997110634,-0.0030292516409144055,-0.0020268577220467813,51.9883874134686,-11.273934718817499,45.236370291035556,54.14025531898699,-15.704348318466131,45.02171997110634,9.43110963778918,3.268919326887512
7123,8012,3,0.3,22.901543721065458,2.290154372106546,4.580308744213092,6.8704631163196375,-4.363258092707919,1.4790516863488155,-4.41739512761901,1.3987035378056667,-4.399460669300049,1.4253211854736538,53.73641908342046,-15.549448380623154,45.06230175524161,2.8276677646694792,4.622329677402392,4.604909249939632,4.631271070446545,ASN_45_A_HB3,LEU_48_C_HD13,53.166,-15.512,38.888,54.019,-15.568,48.121,53.73641908342046,-15.549448380623154,45.06230175524161,-0.0030292516409144055,-0.0020268577220467813,51.9883874134686,-11.273934718817499,45.236370291035556,53.73641908342046,-15.549448380623154,45.06230175524161,9.272488015629897,2.863464531040788
6493,8017,3,0.3,22.901543721065458,2.290154372106546,4.580308744213092,6.8704631163196375,-5.058101087565576,1.4905248364980241,-5.10658984713864,1.3947087335720207,-5.0387049669488775,1.528852496469903,53.88739937670943,-16.178999300388153,45.04738214081742,2.8464640172575013,5.263232989981874,5.270812254888039,5.291238140917936,TYR_44_A_CD1,LEU_48_C_HD13,53.907,-16.201,45.609,53.956,-16.256,47.013,53.88739937670943,-16.178999300388153,45.04738214081742,-0.0030292516409144055,-0.0020268577220467813,51.9883874134686,-11.273934718817499,45.236370291035556,53.88739937670943,-16.178999300388153,45.04738214081742,1.405931008264627,2.6959819286920754
6409,7878,3,0.3,22.901543721065458,2.290154372106546,4.580308744213092,6.8704631163196375,-6.1301404522204255,1.6045099963966982,-6.221283134930319,1.6681560118404581,-6.168830400652214,1.6315276458907975,54.07459459056117,-17.29808238773452,45.02903336052867,2.8826049347204328,6.378526798989158,6.334228629273548,6.43864831892718,TYR_44_A_O,LEU_48_C_HG,53.943,-17.262,44.02,54.253,-17.347,46.397,54.07459459056117,-17.29808238773452,45.02903336052867,-0.0030292516409144055,-0.0020268577220467813,51.9883874134686,-11.273934718817499,45.236370291035556,54.07459459056117,-17.29808238773452,45.02903336052867,2.398635862318409,2.169395851102143
6558,7066,3,0.3,22.901543721065458,2.290154372106546,4.580308744213092,6.8704631163196375,-4.951822267186285,1.109988807257395,-4.928625797468014,1.2020415324767018,-4.953477645132429,1.1034196157786353,53.45889105443846,-16.126283627419177,45.09049255632481,2.921894700314494,5.072371358881151,5.072191947262082,5.070629351524292,TYR_44_A_CE1,ASN_45_C_OD1,53.496,-16.124,45.395,54.016,-16.092,49.662,53.45889105443846,-16.126283627419177,45.09049255632481,-0.0030292516409144055,-0.0020268577220467813,51.9883874134686,-11.273934718817499,45.236370291035556,53.45889105443846,-16.126283627419177,45.09049255632481,4.298687357787253,2.8208276761024207
7128,7914,3,0.3,22.901543721065458,2.290154372106546,4.580308744213092,6.8704631163196375,-6.390578092599379,1.2072532193355037,-6.599844064313537,1.3259935415122968,-6.508759117344533,1.274310719599286,53.74586521298056,-17.664124448980097,45.06228498568898,2.947866416930137,6.629748011560508,6.501010575318129,6.7291607094406265,ASN_45_A_HB3,LEU_48_C_HD11,53.071,-17.554,39.115,54.266,-17.749,49.646,53.74586521298056,-17.664124448980097,45.06228498568898,-0.0030292516409144055,-0.0020268577220467813,51.9883874134686,-11.273934718817499,45.236370291035556,53.74586521298056,-17.664124448980097,45.06228498568898,10.60037787062329,2.436282278172755
7127,7917,3,0.3,22.901543721065458,2.290154372106546,4.580308744213092,6.8704631163196375,-6.247481486695945,0.9594104762056743,-6.336629363559301,0.9256312845459349,-6.2978827542160465,0.940312836022217,53.39858259402172,-17.479186928825804,45.09716080780863,2.9929960980874837,6.364996835607104,6.318033354055186,6.401174892674679,ASN_45_A_HB3,LEU_48_C_HD11,52.84,-17.43,39.396,53.828,-17.517,49.48,53.39858259402172,-17.479186928825804,45.09716080780863,-0.0030292516409144055,-0.0020268577220467813,51.9883874134686,-11.273934718817499,45.236370291035556,53.39858259402172,-17.479186928825804,45.09716080780863,10.132658535646009,2.5798817748209735
7825,7847,3,0.3,22.901543721065458,2.290154372106546,4.580308744213092,6.8704631163196375,-6.471699153173001,0.8503991299680778,-6.428371928033636,1.0269261738598603,-6.450853971772731,0.9353281380026582,53.40518745886164,-17.63209559307511,45.09656350297767,2.997228597260244,6.515602658968164,6.52459350147399,6.507209298176537,LEU_48_A_HB2,LEU_48_C_HB2,53.168,-17.66,43.57,53.661,-17.602,46.743,53.40518745886164,-17.63209559307511,45.09656350297767,-0.0030292516409144055,-0.0020268577220467813,51.9883874134686,-11.273934718817499,45.236370291035556,53.40518745886164,-17.63209559307511,45.09656350297767,3.211594930871578,2.5803982033376878
7816,7055,3,0.3,22.901543721065458,2.290154372106546,4.580308744213092,6.8704631163196375,-5.305425846667666,0.4970001427125752,-5.381395256800104,0.5491194962538548,-5.3268544434492355,0.5117013837727001,52.900037783329225,-16.543462743956432,45.14693106893138,3.045394422605155,5.348554139114813,5.325827409718989,5.406531530376287,LEU_48_A_HB2,ASN_45_C_OD1,52.704,-16.524,43.362,53.399,-16.593,49.69,52.900037783329225,-16.543462743956432,45.14693106893138,-0.0030292516409144055,-0.0020268577220467813,51.9883874134686,-11.273934718817499,45.236370291035556,52.900037783329225,-16.543462743956432,45.14693106893138,6.36642521357158,2.8383953523425425
6950,7843,3,0.3,22.901543721065458,2.290154372106546,4.580308744213092,6.8704631163196375,-6.684965045143218,0.21714180840174901,-6.597920853212851,0.1445783763529607,-6.620784475990743,0.1636383837014158,52.65242257359178,-17.860064014505188,45.17243760588921,3.1165644313597864,6.619828485816332,6.685529212612697,6.596520926302156,ASN_45_A_O,LEU_48_C_HB2,52.255,-17.922,40.643,52.794,-17.838,46.786,52.65242257359178,-17.860064014505188,45.17243760588921,-0.0030292516409144055,-0.0020268577220467813,51.9883874134686,-11.273934718817499,45.236370291035556,52.65242257359178,-17.860064014505188,45.17243760588921,6.167173258471015,2.5255782651028995
7113,7162,3,0.3,22.901543721065458,2.290154372106546,4.580308744213092,6.8704631163196375,-6.135119182564121,0.01620616531263791,-6.0527585184588135,0.001554934729190216,-6.093385367597377,0.008782090326760061,52.45896756756458,-17.34592878013178,45.19168371070734,3.1398178909167416,6.090365707617747,6.132117037700663,6.04973032713279,ASN_45_A_HB3,ASN_45_C_HB3,52.009,-17.389,40.616,52.897,-17.304,49.646,52.45896756756458,-17.34592878013178,45.19168371070734,-0.0030292516409144055,-0.0020268577220467813,51.9883874134686,-11.273934718817499,45.236370291035556,52.45896756756458,-17.34592878013178,45.19168371070734,9.0739555321811,2.094301698946665
7849,6992,4,0.4,22.901543721065458,2.290154372106546,6.8704631163196375,9.160617488426183,-8.273736488554862,-0.02791736671436562,-8.005824410767442,-0.2605383803881618,-8.141822293478523,-0.14245499424517624,52.463593476593026,-19.399935815413393,45.19212534687424,-3.1243401933250294,8.140004437307859,8.27074776046257,8.006969374631712,LEU_48_A_HB3,ASN_45_C_O,52.082,-19.525,40.161,52.857,-19.271,50.379,52.463593476593026,-19.399935815413393,45.19212534687424,-0.0030292516409144055,-0.0020268577220467813,51.9883874134686,-11.273934718817499,45.236370291035556,52.463593476593026,-19.399935815413393,45.19212534687424,10.250495841665412,4.077463539619807
7835,6999,4,0.4,22.901543721065458,2.290154372106546,6.8704631163196375,9.160617488426183,-7.727387538558093,-0.4880995648232318,-7.760712911832854,-0.5307183877777416,-7.743001506981008,-0.5080678019483564,52.07075472710889,-19.029992990038377,45.23150513555308,-3.0763053715085933,7.756497144373088,7.739636788716559,7.775678137986529,LEU_48_A_HB3,ASN_45_C_O,51.613,-19.015,40.497,52.59,-19.047,50.602,52.07075472710889,-19.029992990038377,45.23150513555308,-0.0030292516409144055,-0.0020268577220467813,51.9883874134686,-11.273934718817499,45.236370291035556,52.07075472710889,-19.029992990038377,45.23150513555308,10.152171097848969,3.971177594811057
7793,7672,4,0.4,22.901543721065458,2.290154372106546,6.8704631163196375,9.160617488426183,-8.832633922116797,-1.013274515057475,-9.007009390422894,-0.9431404424664936,-8.894525038295033,-0.9883818161191037,51.681180407409975,-20.214628270071188,45.2712430030279,-3.03111196856244,8.946037861983505,8.887324707770945,9.053030051809776,LEU_48_A_HA,LEU_48_C_N,51.607,-20.155,44.829,51.816,-20.323,46.075,51.681180407409975,-20.214628270071188,45.2712430030279,-0.0030292516409144055,-0.0020268577220467813,51.9883874134686,-11.273934718817499,45.236370291035556,51.681180407409975,-20.214628270071188,45.2712430030279,1.2745277556805135,1.6920003459021806
7869,6462,4,0.4,22.901543721065458,2.290154372106546,6.8704631163196375,9.160617488426183,-7.211696472949549,-1.0544162090681128,-7.256917555490857,-1.1025729244022409,-7.232684504094534,-1.0767667275535895,51.46801506168559,-18.564277783687277,45.29197127250874,-2.9940162749378025,7.309102602723247,7.285081087702192,7.336899697393733,LEU_48_A_HG,TYR_44_C_O,51.41,-18.542,44.509,51.535,-18.59,46.196,51.46801506168559,-18.564277783687277,45.29197127250874,-0.0030292516409144055,-0.0020268577220467813,51.9883874134686,-11.273934718817499,45.236370291035556,51.46801506168559,-18.564277783687277,45.29197127250874,1.6923055279706414,1.797767197166064
7838,6444,4,0.4,22.901543721065458,2.290154372106546,6.8704631163196375,9.160617488426183,-8.477737862385773,-1.752583004051964,-8.582690189953992,-1.7867621304333219,-8.571303181833212,-1.783053799244452,50.868378976088096,-19.952607819565472,45.352943957838015,-2.93664809583343,8.751421319376734,8.65361963911556,8.763324814821999,LEU_48_A_HB3,TYR_44_C_O,50.436,-19.859,40.825,50.921,-19.964,45.904,50.868378976088096,-19.952607819565472,45.352943957838015,-0.0030292516409144055,-0.0020268577220467813,51.9883874134686,-11.273934718817499,45.236370291035556,50.868378976088096,-19.952607819565472,45.352943957838015,5.103184398000919,2.856335551488772
7917,6465,4,0.4,22.901543721065458,2.290154372106546,6.8704631163196375,9.160617488426183,-8.17498880232679,-2.106741018516675,-8.024976626909895,-2.2198575876551927,-8.023733876777298,-2.220794682467037,50.39275039704528,-19.43981534103171,45.40059428250453,-2.8717116418318778,8.321936874538752,8.438645898288158,8.322884886757757,LEU_48_A_HD11,TYR_44_C_O,50.058,-19.584,40.825,50.39,-19.441,45.363,50.39275039704528,-19.43981534103171,45.40059428250453,-0.0030292516409144055,-0.0020268577220467813,51.9883874134686,-11.273934718817499,45.236370291035556,50.39275039704528,-19.43981534103171,45.40059428250453,4.5523748747219805,2.2921847417300163
8070,7580,4,0.4,22.901543721065458,2.290154372106546,6.8704631163196375,9.160617488426183,-8.6263499260735,-2.7394969325965826,-8.649157721921643,-2.8585315697825173,-8.651661032658396,-2.8715964309070587,49.794500202221684,-20.11529270406499,45.461112587905816,-2.821227571752207,9.112258842843241,9.047397518896252,9.105776007272672,LEU_48_A_HD23,ALA_47_C_HB1,49.476,-20.082,41.001,49.763,-20.112,45.02,49.794500202221684,-20.11529270406499,45.461112587905816,-0.0030292516409144055,-0.0020268577220467813,51.9883874134686,-11.273934718817499,45.236370291035556,49.794500202221684,-20.11529270406499,45.461112587905816,4.0293461007960145,2.3168217133902895
8080,7575,4,0.4,22.901543721065458,2.290154372106546,6.8704631163196375,9.160617488426183,-8.411239223100143,-3.0089554313854996,-8.247154980047643,-3.081412175483217,-8.235382510649565,-3.0866106929441677,49.54975254093129,-19.716520560727528,45.48557277507075,-2.783093430464369,8.791262572442253,8.92970404723808,8.80046720129226,LEU_48_A_HD23,ALA_47_C_HB1,49.18,-19.888,40.906,49.525,-19.728,45.179,49.54975254093129,-19.716520560727528,45.48557277507075,-0.0030292516409144055,-0.0020268577220467813,51.9883874134686,-11.273934718817499,45.236370291035556,49.54975254093129,-19.716520560727528,45.48557277507075,4.289889742172871,2.1883391144711104
7732,7574,4,0.4,22.901543721065458,2.290154372106546,6.8704631163196375,9.160617488426183,-8.343431776485291,-3.4093747173796833,-8.071268856948745,-3.5080839640970125,-7.679736678659869,-3.650086579480114,48.94877208275902,-19.205210955833824,45.545841690387796,-2.6979717588267587,8.499422136449132,9.009569008179245,8.797097632845748,LEU_48_A_CD2,ALA_47_C_HB1,49.178,-19.849,44.924,49.084,-19.585,45.179,48.94877208275902,-19.205210955833824,45.545841690387796,-0.0030292516409144055,-0.0020268577220467813,51.9883874134686,-11.273934718817499,45.236370291035556,48.94877208275902,-19.205210955833824,45.545841690387796,0.37888916585196764,1.9991799018147738
7762,7576,4,0.4,22.901543721065458,2.290154372106546,6.8704631163196375,9.160617488426183,-8.13972285944768,-3.7923302660705516,-8.228901874446441,-3.9270550777181503,-8.355868781002744,-4.1188669358275325,48.534745578059855,-19.914949344969216,45.587831149897355,-2.6836676025386,9.312266127638596,8.976200911001367,9.114319883259927,LEU_48_A_CD2,ALA_47_C_HB1,48.765,-19.675,44.788,48.67,-19.774,45.118,48.534745578059855,-19.914949344969216,45.587831149897355,-0.0030292516409144055,-0.0020268577220467813,51.9883874134686,-11.273934718817499,45.236370291035556,48.534745578059855,-19.914949344969216,45.587831149897355,0.35738774461361067,2.2415192369717523
8067,6730,4,0.4,22.901543721065458,2.290154372106546,6.8704631163196375,9.160617488426183,-8.053750992544638,-4.232109603667091,-8.00125956168452,-4.295465197023867,-7.992490472533301,-4.3060492264029575,48.321604362369456,-19.566814180688763,45.609132195332194,-2.6474567774523887,9.075026123943054,9.094378515709682,9.077736549707037,LEU_48_A_HD23,TYR_44_C_HA,48.01,-19.624,41.731,48.277,-19.575,45.054,48.321604362369456,-19.566814180688763,45.609132195332194,-0.0030292516409144055,-0.0020268577220467813,51.9883874134686,-11.273934718817499,45.236370291035556,48.321604362369456,-19.566814180688763,45.609132195332194,3.3340694353897313,2.3305511757449136
7713,6513,4,0.4,22.901543721065458,2.290154372106546,6.8704631163196375,9.160617488426183,-6.5860426176133515,-3.826863638792217,-6.720928495513533,-3.7592306250250385,-6.775924796843925,-3.73165497616597,48.79960490030954,-18.310188758970757,45.56046153484877,-2.638235450140971,7.731897565806103,7.6135038831275965,7.697191072063893,LEU_48_A_CD1,TYR_44_C_CB,48.252,-18.13,41.212,48.641,-18.258,44.301,48.79960490030954,-18.310188758970757,45.56046153484877,-0.0030292516409144055,-0.0020268577220467813,51.9883874134686,-11.273934718817499,45.236370291035556,48.79960490030954,-18.310188758970757,45.56046153484877,3.1160272784428553,2.32764028130519
7688,6499,4,0.4,22.901543721065458,2.290154372106546,6.8704631163196375,9.160617488426183,-6.720924823265861,-4.245650481475196,-6.874880026444761,-4.212325986485264,-6.982086955198457,-4.189120426125041,48.36131853967438,-18.55045271729056,45.60468562169451,-2.60120908656691,8.138734482715824,7.9459714554819465,8.059091253040664,LEU_48_A_CD1,TYR_44_C_CB,47.905,-18.296,41.832,48.174,-18.446,44.056,48.36131853967438,-18.55045271729056,45.60468562169451,-0.0030292516409144055,-0.0020268577220467813,51.9883874134686,-11.273934718817499,45.236370291035556,48.36131853967438,-18.55045271729056,45.60468562169451,2.2452253784419915,3.096816318312526
8054,6742,4,0.4,22.901543721065458,2.290154372106546,6.8704631163196375,9.160617488426183,-7.645761051606852,-5.032574256065573,-7.68046037234091,-4.832132197273692,-7.716921104462667,-4.621515272880381,47.987822541603904,-19.315964480446837,45.64261991119806,-2.602016853934707,8.991318075499937,9.14974078830605,9.070439140651246,LEU_48_A_HD22,TYR_44_C_HA,47.389,-19.277,43.84,47.681,-19.296,44.719,47.987822541603904,-19.315964480446837,45.64261991119806,-0.0030292516409144055,-0.0020268577220467813,51.9883874134686,-11.273934718817499,45.236370291035556,47.987822541603904,-19.315964480446837,45.64261991119806,0.9264264676702587,2.6569809389333887
7960,6784,4,0.4,22.901543721065458,2.290154372106546,6.8704631163196375,9.160617488426183,-6.310290434906088,-4.692580949400295,-6.346054313910355,-4.751024189115238,-6.779341834744592,-5.459077318435698,47.08608227411221,-18.444609089279766,45.73300430934271,-2.4636206558135245,8.700448951330289,7.86020618819145,7.9238212116476925,LEU_48_A_HD12,TYR_44_C_HB2,47.532,-17.92,42.887,47.498,-17.96,43.104,47.08608227411221,-18.444609089279766,45.73300430934271,-0.0030292516409144055,-0.0020268577220467813,51.9883874134686,-11.273934718817499,45.236370291035556,47.08608227411221,-18.444609089279766,45.73300430934271,0.22325993818864887,3.488040210529503
1194,5048,4,0.4,22.901543721065458,2.290154372106546,6.8704631163196375,9.160617488426183,4.989666057684714,-7.341007364154823,5.0432292330486845,-7.365880835441765,4.945028191255342,-7.32027859515641,44.35432248290316,-6.895168533786138,46.0028820544149,-0.9762737785636608,8.834029711896045,8.876240269706674,8.926985499006946,PHE_28_A_CB,PHE_38_C_CE2,44.611,-6.851,48.793,44.919,-6.798,52.141,44.35432248290316,-6.895168533786138,46.0028820544149,-0.0030292516409144055,-0.0020268577220467813,51.9883874134686,-11.273934718817499,45.236370291035556,44.35432248290316,-6.895168533786138,46.0028820544149,3.3625551296595857,2.30630950894163
1536,5319,4,0.4,22.901543721065458,2.290154372106546,6.8704631163196375,9.160617488426183,4.858315711268515,-6.543185781301015,4.915070277570784,-6.411673494915443,4.84213524492804,-6.580679330487656,45.0958500258961,-6.941671583279245,45.928260341266714,-0.9359926371923797,8.170329696911708,8.149811955617237,8.079063868599935,PHE_28_A_HB2,PHE_38_C_HE2,45.29,-6.922,47.496,45.971,-6.853,52.995,45.0958500258961,-6.941671583279245,45.928260341266714,-0.0030292516409144055,-0.0020268577220467813,51.9883874134686,-11.273934718817499,45.236370291035556,45.0958500258961,-6.941671583279245,45.928260341266714,5.541436907517755,2.2495885553064916
1600,4917,4,0.4,22.901543721065458,2.290154372106546,6.8704631163196375,9.160617488426183,5.101195071766337,-6.21167973460508,5.016619187082324,-6.2533847433235,4.871298026913404,-6.3250437070394465,45.34726490084283,-6.893204591505525,45.90293148039999,-0.91406141928463,7.9837089435431245,8.038214652212513,8.017253012238552,PHE_28_A_HB3,PHE_38_C_CD1,45.755,-6.654,48.999,45.605,-6.742,47.86,45.34726490084283,-6.893204591505525,45.90293148039999,-0.0030292516409144055,-0.0020268577220467813,51.9883874134686,-11.273934718817499,45.236370291035556,45.34726490084283,-6.893204591505525,45.90293148039999,1.1522000694323917,1.8107897253616538
1532,3396,4,0.4,22.901543721065458,2.290154372106546,6.8704631163196375,9.160617488426183,5.504336833551539,-6.168911481911636,5.392867397606198,-6.129756968700387,5.596367414746664,-6.2012379450060635,45.415346083018285,-6.160833829158802,45.895754922810404,-0.8361921636868743,8.353649569634664,8.268104206188625,8.1648500881735,PHE_28_A_HB2,ILE_32_C_CG1,45.488,-6.25,46.226,45.576,-6.358,46.626,45.415346083018285,-6.160833829158802,45.895754922810404,-0.0030292516409144055,-0.0020268577220467813,51.9883874134686,-11.273934718817499,45.236370291035556,45.415346083018285,-6.160833829158802,45.895754922810404,0.423565815428959,1.9075079820458003
1121,5070,4,0.4,22.901543721065458,2.290154372106546,6.8704631163196375,9.160617488426183,5.516459586234371,-5.580325657503193,5.476149323235443,-5.539639801281105,5.53171791073798,-5.59572615233401,46.020957464996236,-6.179373205202237,45.83480219532287,-0.7906955408002649,7.869110365854808,7.847431078452976,7.790157570168714,PHE_28_A_C,PHE_38_C_CZ,46.133,-6.193,46.783,46.429,-6.229,49.288,46.020957464996236,-6.179373205202237,45.83480219532287,-0.0030292516409144055,-0.0020268577220467813,51.9883874134686,-11.273934718817499,45.236370291035556,46.020957464996236,-6.179373205202237,45.83480219532287,2.5226844828475827,2.3980460518272837
1574,5331,4,0.4,22.901543721065458,2.290154372106546,6.8704631163196375,9.160617488426183,5.967934656176868,-5.5580585555983,5.87297288226894,-5.646159954268854,6.075783777541274,-5.458000837144057,46.1165150720457,-5.6264289103645195,45.8249391123368,-0.731453969789099,8.16820787614304,8.156095770420324,8.147615570781934,PHE_28_A_HB3,PHE_38_C_HE2,46.38,-5.74,49.357,46.612,-5.84,52.467,46.1165150720457,-5.6264289103645195,45.8249391123368,-0.0030292516409144055,-0.0020268577220467813,51.9883874134686,-11.273934718817499,45.236370291035556,46.1165150720457,-5.6264289103645195,45.8249391123368,3.120244221210897,3.1212736583542573
1183,2828,4,0.4,22.901543721065458,2.290154372106546,6.8704631163196375,9.160617488426183,5.621278004146223,-4.985650829372688,5.580868433918227,-4.967905976939436,5.610674110983654,-4.980994394812111,46.62487295201727,-6.05402123854114,45.77395661821547,-0.725547559536043,7.503584688596449,7.5146084394538315,7.472607897479434,PHE_28_A_CB,GLN_31_C_C,46.802,-6.043,47.588,46.127,-6.085,40.675,46.62487295201727,-6.05402123854114,45.77395661821547,-0.0030292516409144055,-0.0020268577220467813,51.9883874134686,-11.273934718817499,45.236370291035556,46.62487295201727,-6.05402123854114,45.77395661821547,6.946003023322121,3.335298564900947
1162,3478,4,0.4,22.901543721065458,2.290154372106546,6.8704631163196375,9.160617488426183,6.364684403220531,-5.395122656580093,6.3525782564287825,-5.38536031088856,6.349739215708083,-5.383070920430587,46.17016806058774,-5.3475796356565635,45.81941522464686,-0.7027726669458966,8.3254610926095,8.344654545633942,8.329107146904377,PHE_28_A_O,ILE_32_C_HG12,46.064,-5.334,44.896,46.15,-5.345,45.644,46.17016806058774,-5.3475796356565635,45.81941522464686,-0.0030292516409144055,-0.0020268577220467813,51.9883874134686,-11.273934718817499,45.236370291035556,46.17016806058774,-5.3475796356565635,45.81941522464686,0.7530079680853292,2.779655683245163
1561,5132,4,0.4,22.901543721065458,2.290154372106546,6.8704631163196375,9.160617488426183,5.721296455684238,-4.524311471915132,5.732091375913641,-4.607195901145728,5.698952768557897,-4.3527545066927935,47.241485995315,-5.918349167317359,45.71182834500386,-0.6517821134702618,7.1722681234173775,7.295132825062961,7.355215192712551,PHE_28_A_HB3,PHE_38_C_CZ,47.316,-5.908,48.177,47.352,-5.903,49.368,47.241485995315,-5.918349167317359,45.71182834500386,-0.0030292516409144055,-0.0020268577220467813,51.9883874134686,-11.273934718817499,45.236370291035556,47.241485995315,-5.918349167317359,45.71182834500386,1.1915544469305654,2.762785902093495
1979,4089,4,0.4,22.901543721065458,2.290154372106546,6.8704631163196375,9.160617488426183,6.613991522762157,-4.967356059103761,6.586969509253019,-4.915346082554112,6.603458475501359,-4.947082827397869,46.583555842213315,-5.061524466503769,45.777677205287915,-0.6425501095955248,8.252227495174134,8.27281439456826,8.220023690579483,THR_29_A_H,ARG_33_C_HH21,46.918,-5.051,49.31,46.06,-5.078,40.248,46.583555842213315,-5.061524466503769,45.777677205287915,-0.0030292516409144055,-0.0020268577220467813,51.9883874134686,-11.273934718817499,45.236370291035556,46.583555842213315,-5.061524466503769,45.777677205287915,9.102567604802509,2.10756806753712
1976,3456,4,0.4,22.901543721065458,2.290154372106546,6.8704631163196375,9.160617488426183,6.515039183147382,-4.536708003372165,6.443200147194503,-4.556108905166998,6.455757301160325,-4.5527177111221135,46.98595887840743,-5.178890323137757,45.737223107902864,-0.6137889410166355,7.900931019687816,7.9403116571894214,7.892625466679033,THR_29_A_H,ILE_32_C_HG12,47.354,-5.117,49.279,46.908,-5.192,44.987,46.98595887840743,-5.178890323137757,45.737223107902864,-0.0030292516409144055,-0.0020268577220467813,51.9883874134686,-11.273934718817499,45.236370291035556,46.98595887840743,-5.178890323137757,45.737223107902864,4.315762389196145,2.3463051583297547
1960,5121,4,0.4,22.901543721065458,2.290154372106546,6.8704631163196375,9.160617488426183,5.852692976996697,-3.619415661834092,5.74706744580681,-3.8995258946748375,6.120253240575197,-2.9098678197013927,48.64116740772405,-5.388829125012539,45.57070234536834,-0.44335263102217115,6.77865233948794,6.882948828741632,6.946517888341407,THR_29_A_H,PHE_38_C_CZ,48.284,-5.708,48.884,48.143,-5.834,50.192,48.64116740772405,-5.388829125012539,45.57070234536834,-0.0030292516409144055,-0.0020268577220467813,51.9883874134686,-11.273934718817499,45.236370291035556,48.64116740772405,-5.388829125012539,45.57070234536834,1.3215978964874298,2.695103877828473
1967,3198,4,0.4,22.901543721065458,2.290154372106546,6.8704631163196375,9.160617488426183,6.7237907645809045,-3.7621771527648478,6.702414646538345,-3.7528624160114314,6.715653814928545,-3.7586314414323874,47.75415046446703,-4.85951640241244,45.659755776424426,-0.5098243365043252,7.697582747029143,7.706415364613627,7.683211910194687,THR_29_A_H,GLN_31_C_HB3,48.131,-4.85,49.445,47.141,-4.875,39.501,47.75415046446703,-4.85951640241244,45.659755776424426,-0.0030292516409144055,-0.0020268577220467813,51.9883874134686,-11.273934718817499,45.236370291035556,47.75415046446703,-4.85951640241244,45.659755776424426,9.993190731693259,2.2508523901147397
1803,3214,4,0.4,22.901543721065458,2.290154372106546,6.8704631163196375,9.160617488426183,6.282759257258549,-3.120474364845123,6.376595111116265,-3.05633570752345,6.320128826669087,-3.0949315269197033,48.44247343116583,-5.203565060366822,45.59062107213966,-0.45492130322488555,7.039061540861942,7.016826350515927,7.073076385835241,THR_29_A_O,GLN_31_C_HB3,48.822,-5.241,49.587,47.869,-5.147,39.552,48.44247343116583,-5.203565060366822,45.59062107213966,-0.0030292516409144055,-0.0020268577220467813,51.9883874134686,-11.273934718817499,45.236370291035556,48.44247343116583,-5.203565060366822,45.59062107213966,10.080588772487452,2.2033020642751455
1964,3209,4,0.4,22.901543721065458,2.290154372106546,6.8704631163196375,9.160617488426183,7.238932314847561,-3.111683590987273,7.271865964349676,-3.194149678318972,7.2509911246255445,-3.1418789345128575,48.32561137028044,-4.2789445971179445,45.601976005144564,-0.4084949550798182,7.904396414870432,7.881368683752712,7.94441618405144,THR_29_A_H,GLN_31_C_HB3,48.739,-4.287,49.399,47.61,-4.265,39.029,48.32561137028044,-4.2789445971179445,45.601976005144564,-0.0030292516409144055,-0.0020268577220467813,51.9883874134686,-11.273934718817499,45.236370291035556,48.32561137028044,-4.2789445971179445,45.601976005144564,10.43130025452244,2.6447123886502766
1957,3192,4,0.4,22.901543721065458,2.290154372106546,6.8704631163196375,9.160617488426183,7.994645677900072,-2.9565550135931464,7.797725240098875,-2.884354535277376,7.9288981976137185,-2.9324488335656387,48.48220172659337,-3.5871062875900184,45.58590800684082,-0.35389288600190616,8.455935549467378,8.525962755163988,8.316224112011412,THR_29_A_H,GLN_31_C_HB3,48.767,-3.522,48.705,47.914,-3.717,39.363,48.48220172659337,-3.5871062875900184,45.58590800684082,-0.0030292516409144055,-0.0020268577220467813,51.9883874134686,-11.273934718817499,45.236370291035556,48.48220172659337,-3.5871062875900184,45.58590800684082,9.382888574420992,2.8255588453430596
1856,3147,4,0.4,22.901543721065458,2.290154372106546,6.8704631163196375,9.160617488426183,7.373087857103927,-2.457346472039336,7.353658611706751,-2.2816687750704663,7.090498431099951,0.09780472057199734,51.55182887561979,-4.193267236650898,45.27718670753084,0.014072686037199585,7.094230143562842,7.774040005709359,7.701793530734177,THR_29_A_OG1,GLN_31_C_HA,48.832,-4.106,43.91,49.019,-4.112,44.004,51.55182887561979,-4.193267236650898,45.27718670753084,-0.0030292516409144055,-0.0020268577220467813,51.9883874134686,-11.273934718817499,45.236370291035556,51.55182887561979,-4.193267236650898,45.27718670753084,0.20938242524146894,2.950590152810578
1794,3202,4,0.4,22.901543721065458,2.290154372106546,6.8704631163196375,9.160617488426183,7.625895611750715,-2.0935150001516396,7.683354755250422,-2.2525816021720524,7.6477508197536865,-2.154017706278814,49.275713695811156,-3.808405205620113,45.506130744457195,-0.2741927603227899,7.9476726349995594,7.910424591714314,8.009088322597107,THR_29_A_O,GLN_31_C_HB3,49.704,-3.824,49.142,48.578,-3.783,39.583,49.275713695811156,-3.808405205620113,45.506130744457195,-0.0030292516409144055,-0.0020268577220467813,51.9883874134686,-11.273934718817499,45.236370291035556,49.275713695811156,-3.808405205620113,45.506130744457195,9.625177297068355,2.196549570762735
1829,3269,4,0.4,22.901543721065458,2.290154372106546,6.8704631163196375,9.160617488426183,8.661767850997789,-1.877968016690437,8.78650586630908,-1.9878772769700936,8.62344690011481,-1.8442026296570633,49.509411507067895,-2.812022109256398,45.48216657894565,-0.21038890241919894,8.820980805529203,8.865543641639114,9.011078152879591,THR_29_A_CB,GLN_31_C_HE21,49.33,-2.777,44.065,48.746,-2.663,39.452,49.509411507067895,-2.812022109256398,45.48216657894565,-0.0030292516409144055,-0.0020268577220467813,51.9883874134686,-11.273934718817499,45.236370291035556,49.509411507067895,-2.812022109256398,45.48216657894565,4.651217152531151,3.107881617858122
1887,3187,4,0.4,22.901543721065458,2.290154372106546,6.8704631163196375,9.160617488426183,7.74770468958439,-1.2748334877769605,7.641350402721359,-1.1908394580475958,7.823372016089402,-1.3345922794483132,50.07540759827121,-3.571142059879076,45.425528655278264,-0.16864810105862646,7.939035672341522,7.854547303643519,7.736266263432293,THR_29_A_OG1,GLN_31_C_HB2,49.926,-3.643,43.289,49.716,-3.744,40.286,50.07540759827121,-3.571142059879076,45.425528655278264,-0.0030292516409144055,-0.0020268577220467813,51.9883874134686,-11.273934718817499,45.236370291035556,50.07540759827121,-3.571142059879076,45.425528655278264,3.012027556314849,2.7498317394970746
1886,3182,4,0.4,22.901543721065458,2.290154372106546,6.8704631163196375,9.160617488426183,7.571818566485492,-0.848161699163165,7.490319005144044,-0.8160966494947175,7.636165753028249,-0.8734783474807415,50.547015184011634,-3.722836777539766,45.37812358287193,-0.11358533814164457,7.688740340157478,7.621959304383287,7.537438405939976,THR_29_A_OG1,GLN_31_C_HB2,50.367,-3.786,43.289,50.139,-3.866,40.643,50.547015184011634,-3.722836777539766,45.37812358287193,-0.0030292516409144055,-0.0020268577220467813,51.9883874134686,-11.273934718817499,45.236370291035556,50.547015184011634,-3.722836777539766,45.37812358287193,2.6570095972728445,2.639574292891904
1850,3171,4,0.4,22.901543721065458,2.290154372106546,6.8704631163196375,9.160617488426183,8.555401601987972,-0.5608827938008043,8.593185608776183,-0.554481667394018,8.54044006285474,-0.5634174827174324,50.786349592743335,-2.7976510916915753,45.35362348555357,-0.06561558328633747,8.56189391207118,8.576657777574976,8.613948934326546,THR_29_A_OG1,GLN_31_C_HB2,50.683,-2.783,44.313,50.422,-2.746,41.685,50.786349592743335,-2.7976510916915753,45.35362348555357,-0.0030292516409144055,-0.0020268577220467813,51.9883874134686,-11.273934718817499,45.236370291035556,50.786349592743335,-2.7976510916915753,45.35362348555357,2.641187990280132,2.5096059036832457
3065,2137,4,0.4,22.901543721065458,2.290154372106546,6.8704631163196375,9.160617488426183,6.939210525765268,-0.1875751528971646,7.032028555309116,-0.3633052842756218,7.073074728517645,-0.4410170116842527,51.01857788719805,-4.251506685220531,45.3308895430318,-0.06195899078330339,7.089708025955058,6.9447189501694755,7.044328246796964,GLN_31_A_H,THR_29_C_HG1,51.682,-4.364,49.297,51.222,-4.286,46.547,51.01857788719805,-4.251506685220531,45.3308895430318,-0.0030292516409144055,-0.0020268577220467813,51.9883874134686,-11.273934718817499,45.236370291035556,51.01857788719805,-4.251506685220531,45.3308895430318,2.789298119599266,2.2810917495813663
2085,2148,4,0.4,22.901543721065458,2.290154372106546,6.8704631163196375,9.160617488426183,8.173580287913829,0.1810921226573965,8.27803067170439,0.2113486119854392,8.172729880444505,0.18084578230337933,51.552499513009025,-3.107854882299494,45.27663976079981,0.02236393567923888,8.177804093297173,8.178659799949674,8.283808456568067,THR_29_A_HG1,THR_29_C_HG21,51.55,-3.107,45.25,51.243,-3.002,41.978,51.552499513009025,-3.107854882299494,45.27663976079981,-0.0030292516409144055,-0.0020268577220467813,51.9883874134686,-11.273934718817499,45.236370291035556,51.552499513009025,-3.107854882299494,45.27663976079981,3.2880477490450146,2.081546754392778
2083,2151,4,0.4,22.901543721065458,2.290154372106546,6.8704631163196375,9.160617488426183,7.7444844290129975,0.35130338932366706,7.783761390413557,0.2761412898281471,7.742841817019366,0.35444676298841593,51.7571885376391,-3.52333828030279,45.256219262523686,0.04598866586761046,7.754069386752403,7.75556642002355,7.791757569476773,THR_29_A_HG1,THR_29_C_HG21,51.74,-3.522,45.118,51.329,-3.49,41.813,51.7571885376391,-3.52333828030279,45.256219262523686,-0.0030292516409144055,-0.0020268577220467813,51.9883874134686,-11.273934718817499,45.236370291035556,51.7571885376391,-3.52333828030279,45.256219262523686,3.330611055046806,1.9231420012636105
1903,1899,4,0.4,22.901543721065458,2.290154372106546,6.8704631163196375,9.160617488426183,8.920178807608766,0.5631382657511261,8.828720922442557,0.4768365871768401,8.72169321651201,0.3758428821619601,51.70450683413931,-2.545683552567728,45.26109036691985,0.04328318069484363,8.73290144720599,8.94108794752903,8.844722795898345,THR_29_A_CG2,THR_29_C_OG1,52.004,-2.333,46.522,51.866,-2.431,45.941,51.70450683413931,-2.545683552567728,45.26109036691985,-0.0030292516409144055,-0.0020268577220467813,51.9883874134686,-11.273934718817499,45.236370291035556,51.70450683413931,-2.545683552567728,45.26109036691985,0.6051520470096707,1.7656082849112955
2061,1905,4,0.4,22.901543721065458,2.290154372106546,6.8704631163196375,9.160617488426183,7.299516660013775,0.6187236096848192,7.220717768271973,0.7772674778728955,7.348875911006255,0.5194124847408825,51.95059816982689,-3.9036579139186536,45.23691861700794,0.0708071718071199,7.370373702087721,7.328881765631811,7.265660373922709,THR_29_A_HG1,THR_29_C_OG1,52.131,-3.945,46.003,52.419,-4.011,47.226,51.95059816982689,-3.9036579139186536,45.23691861700794,-0.0030292516409144055,-0.0020268577220467813,51.9883874134686,-11.273934718817499,45.236370291035556,51.95059816982689,-3.9036579139186536,45.23691861700794,1.258184803596036,2.9339071943777593
3257,1890,4,0.4,22.901543721065458,2.290154372106546,6.8704631163196375,9.160617488426183,8.597814358262152,0.9307767198223824,8.733302627550763,0.9244335901981657,8.775261161601586,0.9224692251522157,52.2427717030088,-2.450812042857574,45.20686665275116,0.10492938732583736,8.826838368661512,8.651279287844664,8.785318643335671,GLN_31_A_HE21,THR_29_C_OG1,52.747,-2.625,49.999,52.362,-2.492,46.34,52.2427717030088,-2.450812042857574,45.20686665275116,-0.0030292516409144055,-0.0020268577220467813,51.9883874134686,-11.273934718817499,45.236370291035556,52.2427717030088,-2.450812042857574,45.20686665275116,3.681602232724224,1.9683219657172333
2880,1843,4,0.4,22.901543721065458,2.290154372106546,6.8704631163196375,9.160617488426183,6.953403875721128,0.9267794159848106,7.188706530107791,1.0753179993686297,7.0801032238095205,1.0067604163256654,52.45439131087189,-4.134694448125482,45.1863087889048,0.14146967270276106,7.1546081254713885,7.018165212470939,7.271982913592715,GLN_31_A_CB,THR_29_C_O,52.862,-4.265,49.936,52.105,-4.023,41.115,52.45439131087189,-4.134694448125482,45.1863087889048,-0.0030292516409144055,-0.0020268577220467813,51.9883874134686,-11.273934718817499,45.236370291035556,52.45439131087189,-4.134694448125482,45.1863087889048,8.856729306013591,2.188281092417391
2878,1906,4,0.4,22.901543721065458,2.290154372106546,6.8704631163196375,9.160617488426183,7.080471461645951,1.2850236613530055,7.044831645173074,1.2039392664866981,7.020139725542722,1.1477625080334608,52.59880747372179,-4.183791189999893,45.171793526750974,0.1622742057116254,7.116664813497899,7.199477855635566,7.150293526393077,GLN_31_A_CB,THR_29_C_OG1,53.237,-4.111,50.191,52.86,-4.154,47.226,52.59880747372179,-4.183791189999893,45.171793526750974,-0.0030292516409144055,-0.0020268577220467813,51.9883874134686,-11.273934718817499,45.236370291035556,52.59880747372179,-4.183791189999893,45.171793526750974,2.9891809915092167,2.846849075204072
3249,1867,4,0.4,22.901543721065458,2.290154372106546,6.8704631163196375,9.160617488426183,8.912856562041789,2.0831863742893013,8.509586434678887,2.0575071738776893,8.377496923595801,2.0490960548851778,53.390534858575506,-2.761983669904883,45.09147012007036,0.2400301920506986,8.627880630632884,9.156480440954574,8.758213644933274,GLN_31_A_HE21,THR_29_C_CB,53.972,-2.223,50.934,53.534,-2.629,46.533,53.390534858575506,-2.761983669904883,45.09147012007036,-0.0030292516409144055,-0.0020268577220467813,51.9883874134686,-11.273934718817499,45.236370291035556,53.390534858575506,-2.761983669904883,45.09147012007036,4.441337748922048,2.2500996891006135
3184,1854,4,0.4,22.901543721065458,2.290154372106546,6.8704631163196375,9.160617488426183,7.141950570028363,1.950138888517031,7.055084843369693,1.8323119577304194,7.093588634637921,1.8845395015879678,53.32422021929945,-4.054674357713564,45.098716357591776,0.2598306410030862,7.343100030091714,7.406867607352673,7.292583456365993,GLN_31_A_HB3,THR_29_C_O,53.95,-3.999,50.699,52.826,-4.099,40.64,53.32422021929945,-4.054674357713564,45.098716357591776,-0.0030292516409144055,-0.0020268577220467813,51.9883874134686,-11.273934718817499,45.236370291035556,53.32422021929945,-4.054674357713564,45.098716357591776,10.122097460506886,1.6184764822918805
3186,1821,4,0.4,22.901543721065458,2.290154372106546,6.8704631163196375,9.160617488426183,7.82715564400119,2.394091129244454,7.7331451740041,2.4185213624729025,7.7683182746487995,2.4093810289319246,53.793971065510945,-3.342082536104792,45.05111641858108,0.30087450260975335,8.136874729906207,8.188600424212073,8.106013103264322,GLN_31_A_HB3,THR_29_C_O,54.361,-3.282,50.881,53.455,-3.378,41.566,53.793971065510945,-3.342082536104792,45.05111641858108,-0.0030292516409144055,-0.0020268577220467813,51.9883874134686,-11.273934718817499,45.236370291035556,53.793971065510945,-3.342082536104792,45.05111641858108,9.359448541447298,2.003933160505408
3199,2094,4,0.4,22.901543721065458,2.290154372106546,6.8704631163196375,9.160617488426183,8.581591030908019,2.9944188770762135,8.527728215921348,3.019783135462311,8.386824188031214,3.0861355192345243,54.41868040700248,-2.6740309417935073,44.9879380122613,0.3526926990720824,8.940155904995635,9.092545982129604,9.050146883077542,GLN_31_A_HG3,THR_29_C_HB,54.491,-2.486,46.767,54.471,-2.538,46.275,54.41868040700248,-2.6740309417935073,44.9879380122613,-0.0030292516409144055,-0.0020268577220467813,51.9883874134686,-11.273934718817499,45.236370291035556,54.41868040700248,-2.6740309417935073,44.9879380122613,0.4951444233756495,1.8050782047589982
3135,1990,4,0.4,22.901543721065458,2.290154372106546,6.8704631163196375,9.160617488426183,7.557716791189119,2.9699567990337323,7.746016690236357,2.8555590931483636,7.60852629821004,2.9390885347926443,54.331560596785444,-3.4612395774601628,44.99705522308109,0.36872872333903206,8.16002068873319,8.123888698166258,8.259147079204762,GLN_31_A_HA,THR_29_C_H,54.494,-3.509,46.265,53.892,-3.332,41.566,54.331560596785444,-3.4612395774601628,44.99705522308109,-0.0030292516409144055,-0.0020268577220467813,51.9883874134686,-11.273934718817499,45.236370291035556,54.331560596785444,-3.4612395774601628,44.99705522308109,4.740710284335036,2.6584554188392917
3136,1191,4,0.4,22.901543721065458,2.290154372106546,6.8704631163196375,9.160617488426183,7.341504226286881,3.3476718895401136,7.264289589777042,3.1761431653108723,33.13742432202578,60.652108772795486,109.66123539531489,26.37126332669692,39.41438592739965,1.0707334988140995,69.1173916764339,8.072338800237008,7.931877951540447,GLN_31_A_HA,PHE_28_C_O,54.872,-3.696,46.096,54.708,-3.786,46.116,109.66123539531489,26.37126332669692,39.41438592739965,-0.0030292516409144055,-0.0020268577220467813,51.9883874134686,-11.273934718817499,45.236370291035556,109.66123539531489,26.37126332669692,39.41438592739965,0.1881382470419042,1.7219610655001152
3125,1154,4,0.4,22.901543721065458,2.290154372106546,6.8704631163196375,9.160617488426183,6.963319862816616,3.6657204011820768,7.068092475498054,3.7517159254464367,-0.1875972323532573,-2.203627024942145,49.81810954255692,-11.624947351597196,45.45498577646128,-1.6544343153553147,2.209323117112523,7.872889554649038,8.005707174397916,GLN_31_A_HA,PHE_28_C_O,55.21,-4.049,46.001,55.289,-3.938,46.009,49.81810954255692,-11.624947351597196,45.45498577646128,-0.0030292516409144055,-0.0020268577220467813,51.9883874134686,-11.273934718817499,45.236370291035556,49.81810954255692,-11.624947351597196,45.45498577646128,0.13647710430691365,1.5990662911213411
3209,2022,4,0.4,22.901543721065458,2.290154372106546,6.8704631163196375,9.160617488426183,7.2009040290118245,4.431044844223137,7.184828797447559,4.433993276388141,7.196999234799443,4.431761040491131,55.84351788304895,-3.7583723348893434,44.844992663044884,0.5519572571119158,8.455701350680158,8.458651158824514,8.446512769426025,GLN_31_A_HG3,THR_29_C_H,55.964,-3.754,46.052,55.468,-3.772,41.083,55.84351788304895,-3.7583723348893434,44.844992663044884,-0.0030292516409144055,-0.0020268577220467813,51.9883874134686,-11.273934718817499,45.236370291035556,55.84351788304895,-3.7583723348893434,44.844992663044884,4.9937261638980575,2.003222717266202
3479,2003,4,0.4,22.901543721065458,2.290154372106546,6.8704631163196375,9.160617488426183,6.953315964723216,4.707311710305555,6.786342109122176,4.635178811382806,6.9159994116962125,4.691190916197084,56.12211608926517,-4.018886807777928,44.817064005691854,0.5960172882874016,8.36057717609922,8.40051239613063,8.22187569183141,ILE_32_A_HG12,THR_29_C_H,56.239,-3.98,45.846,55.716,-4.154,41.242,56.12211608926517,-4.018886807777928,44.817064005691854,-0.0030292516409144055,-0.0020268577220467813,51.9883874134686,-11.273934718817499,45.236370291035556,56.12211608926517,-4.018886807777928,44.817064005691854,4.636876211416474,1.978287638084559
5147,2042,4,0.4,22.901543721065458,2.290154372106546,6.8704631163196375,9.160617488426183,5.779733953499444,4.039577628954436,5.717413872121218,3.9901020634201316,5.723761193096558,3.9951411661930663,55.52158392153649,-5.260481578755383,44.87806207594716,0.6093669566338116,6.983801329458467,7.055134096064274,6.975712354678715,PHE_38_A_CZ,THR_29_C_HA,55.174,-5.203,41.025,55.561,-5.267,45.315,55.52158392153649,-5.260481578755383,44.87806207594716,-0.0030292516409144055,-0.0020268577220467813,51.9883874134686,-11.273934718817499,45.236370291035556,55.52158392153649,-5.260481578755383,44.87806207594716,4.307895657975015,2.4967424722846085
3477,1207,4,0.4,22.901543721065458,2.290154372106546,6.8704631163196375,9.160617488426183,6.560217099875562,4.921180933613429,6.573138920743783,5.089602637800919,6.5526106466354195,4.8220391926318555,56.2793689584059,-4.3713049470551,44.80139057997239,0.6343931729135099,8.139289141813899,8.204521779321489,8.31689117105454,ILE_32_A_HG12,PHE_28_C_O,56.423,-4.356,45.247,56.667,-4.33,46.004,56.2793689584059,-4.3713049470551,44.80139057997239,-0.0030292516409144055,-0.0020268577220467813,51.9883874134686,-11.273934718817499,45.236370291035556,56.2793689584059,-4.3713049470551,44.80139057997239,0.7957769788075028,2.7595254660138377
2797,1149,4,0.4,22.901543721065458,2.290154372106546,6.8704631163196375,9.160617488426183,5.59218614496555,4.3695406809678525,5.660289671151641,4.455138264515788,5.656958997303804,4.450952025580346,55.97883912117398,-5.292521234956153,44.832048863354295,0.6666074525977026,7.20170034875996,7.100495622120282,7.206906558860996,GLN_31_A_C,PHE_28_C_C,56.423,-5.361,50.006,55.956,-5.289,44.566,55.97883912117398,-5.292521234956153,44.832048863354295,-0.0030292516409144055,-0.0020268577220467813,51.9883874134686,-11.273934718817499,45.236370291035556,55.97883912117398,-5.292521234956153,44.832048863354295,5.460482854107315,1.6752943142476289
3471,1599,4,0.4,22.901543721065458,2.290154372106546,6.8704631163196375,9.160617488426183,6.545057192020806,5.265389577684432,6.3755518728482565,5.341087790697758,6.524257672553108,5.274678291825831,56.73057431053718,-4.365246684463485,44.75596951744737,0.6798462464339466,8.393395726761568,8.403755825680365,8.320767471083892,ILE_32_A_HG12,PHE_28_C_HB3,56.768,-4.345,45.236,56.463,-4.51,41.324,56.73057431053718,-4.365246684463485,44.75596951744737,-0.0030292516409144055,-0.0020268577220467813,51.9883874134686,-11.273934718817499,45.236370291035556,56.73057431053718,-4.365246684463485,44.75596951744737,3.9273393028868786,2.5441179223628496
5094,1210,4,0.4,22.901543721065458,2.290154372106546,6.8704631163196375,9.160617488426183,6.33095995686473,5.26330389556726,6.3507099983007524,5.128285316215585,6.347628667048394,5.149350434967524,56.619572681999585,-4.550872197339329,44.76722494821941,0.6815067464735907,8.177257731773468,8.23669395054837,8.166401010133042,PHE_38_A_CE2,PHE_28_C_O,56.244,-4.561,39.889,56.689,-4.549,45.669,56.619572681999585,-4.550872197339329,44.76722494821941,-0.0030292516409144055,-0.0020268577220467813,51.9883874134686,-11.273934718817499,45.236370291035556,56.619572681999585,-4.550872197339329,44.76722494821941,5.797117300866002,3.0548086128721335
3487,1157,4,0.4,22.901543721065458,2.290154372106546,6.8704631163196375,9.160617488426183,6.341278350308337,5.481839528836522,6.217686689222055,5.509449718857051,6.33011410022694,5.484333605406698,56.95323289021967,-4.542930140819978,44.73363516231352,0.71387751522043,8.379072493223235,8.385882749822942,8.311057746826616,ILE_32_A_HG12,PHE_28_C_O,56.947,-4.532,44.705,57.016,-4.653,45.022,56.95323289021967,-4.542930140819978,44.73363516231352,-0.0030292516409144055,-0.0020268577220467813,51.9883874134686,-11.273934718817499,45.236370291035556,56.95323289021967,-4.542930140819978,44.73363516231352,0.3462527978226304,2.9274961197178375
2793,1153,4,0.4,22.901543721065458,2.290154372106546,6.8704631163196375,9.160617488426183,5.6915914908337575,5.068330680931645,5.708806818505307,5.034048963994603,5.706115193148375,5.039408928111892,56.558937319645445,-5.198876206186679,44.77361474280935,0.7233687607164097,7.616456201814297,7.624777437434164,7.614928166063187,GLN_31_A_C,PHE_28_C_C,57.082,-5.209,49.671,56.462,-5.197,43.866,56.558937319645445,-5.198876206186679,44.77361474280935,-0.0030292516409144055,-0.0020268577220467813,51.9883874134686,-11.273934718817499,45.236370291035556,56.558937319645445,-5.198876206186679,44.77361474280935,5.8380278348086,2.1692749253196313
3383,1597,4,0.4,22.901543721065458,2.290154372106546,6.8704631163196375,9.160617488426183,6.081091782052508,5.607932283598856,6.198558440126589,5.690940019449363,6.069631173272639,5.599833652022179,57.087488760052516,-4.793902903292451,44.72023180768795,0.7450928738300455,8.261842760967015,8.27575799065685,8.418406129621745,ILE_32_A_CG1,PHE_28_C_HB3,57.063,-4.782,44.405,56.812,-4.66,41.174,57.087488760052516,-4.793902903292451,44.72023180768795,-0.0030292516409144055,-0.0020268577220467813,51.9883874134686,-11.273934718817499,45.236370291035556,57.087488760052516,-4.793902903292451,44.72023180768795,3.2430303729690864,2.292041744933865
5089,1598,4,0.4,22.901543721065458,2.290154372106546,6.8704631163196375,9.160617488426183,6.017024451639789,5.733655370225765,5.889598243680886,5.58494955702127,5.340667359741402,4.944349677319835,56.49222215816775,-5.5704810192270555,44.78049444172938,0.7468053570777974,7.2816024541931545,8.314992315713832,8.120182526120983,PHE_38_A_CE2,PHE_28_C_HB3,56.816,-4.838,40.651,56.755,-4.976,41.429,56.49222215816775,-5.5704810192270555,44.78049444172938,-0.0030292516409144055,-0.0020268577220467813,51.9883874134686,-11.273934718817499,45.236370291035556,56.49222215816775,-5.5704810192270555,44.78049444172938,0.792495425854306,2.8552114987989072
3340,1566,4,0.4,22.901543721065458,2.290154372106546,6.8704631163196375,9.160617488426183,5.869012187359348,5.7942877256023,5.924717251168158,5.908941831298434,5.923615496705971,5.9066741618278025,57.40293111988622,-4.916226257937512,44.68853337252286,0.7838820509491548,8.3688628684868,8.250947425004886,8.371244199289952,ILE_32_A_C,PHE_28_C_HB2,57.796,-4.977,49.671,57.395,-4.915,44.588,57.40293111988622,-4.916226257937512,44.68853337252286,-0.0030292516409144055,-0.0020268577220467813,51.9883874134686,-11.273934718817499,45.236370291035556,57.40293111988622,-4.916226257937512,44.68853337252286,5.099169932449788,2.5702897652066516
3472,1561,4,0.4,22.901543721065458,2.290154372106546,6.8704631163196375,9.160617488426183,6.176700690081361,6.28447261171454,6.216120663903959,6.308409298135814,6.246769673679026,6.327020059761636,57.79555750352878,-4.562122520668502,44.64885514014258,0.791698180481264,8.894763711906009,8.815278653102537,8.859990414734089,ILE_32_A_HG12,PHE_28_C_HB2,57.808,-4.635,45.143,57.801,-4.594,44.865,57.79555750352878,-4.562122520668502,44.64885514014258,-0.0030292516409144055,-0.0020268577220467813,51.9883874134686,-11.273934718817499,45.236370291035556,57.79555750352878,-4.562122520668502,44.64885514014258,0.28109429023016314,2.2214407998026
5356,1222,4,0.4,22.901543721065458,2.290154372106546,6.8704631163196375,9.160617488426183,5.048414977809861,5.3944040928697845,5.477675252607846,5.6381974841655955,5.608182842469068,5.712317755222787,57.233926536132344,-5.245490960407952,44.70569083517275,0.7945040882519276,8.008709978553211,7.391789756733953,7.864493148939386,PHE_38_A_HE2,PHE_28_C_CB,56.222,-5.831,37.394,56.998,-5.382,43.001,57.233926536132344,-5.245490960407952,44.70569083517275,-0.0030292516409144055,-0.0020268577220467813,51.9883874134686,-11.273934718817499,45.236370291035556,57.233926536132344,-5.245490960407952,44.70569083517275,5.67822384201257,3.6832597869527675
4928,1227,4,0.4,22.901543721065458,2.290154372106546,6.8704631163196375,9.160617488426183,5.056675265418794,5.504045921186418,5.3081942221500364,5.850722439679941,2.775193565186443,2.3594076675840023,54.12140169816936,-8.324615506908486,45.02035805810775,0.7044825984266609,3.6462165373504,7.477796951414982,7.903402376621569,PHE_38_A_CD1,PHE_28_C_CB,56.888,-5.812,42.925,57.193,-5.535,42.694,54.12140169816936,-8.324615506908486,45.02035805810775,-0.0030292516409144055,-0.0020268577220467813,51.9883874134686,-11.273934718817499,45.236370291035556,54.12140169816936,-8.324615506908486,45.02035805810775,0.4723505054511929,2.2738365200612254
3347,1559,4,0.4,22.901543721065458,2.290154372106546,6.8704631163196375,9.160617488426183,5.803930769971377,6.541196295880642,5.839312672565798,6.4377473232436575,5.839429039963348,6.437407090332415,57.935829328646825,-4.959917777600252,44.63491107205687,0.8339661022807482,8.694862187550282,8.748402935990416,8.695035978141545,ILE_32_A_O,PHE_28_C_HB2,58.598,-4.985,50.153,57.938,-4.96,44.653,57.935829328646825,-4.959917777600252,44.63491107205687,-0.0030292516409144055,-0.0020268577220467813,51.9883874134686,-11.273934718817499,45.236370291035556,57.935829328646825,-4.959917777600252,44.63491107205687,5.539514870455715,3.013157374252841
4918,1614,4,0.4,22.901543721065458,2.290154372106546,6.8704631163196375,9.160617488426183,5.468246549142728,6.389806871526606,5.496766457034817,6.545637888342921,5.31715817624907,5.564269325394747,57.1090212861226,-5.546905835692502,44.71839695181836,0.8080011315136086,7.699873211037908,8.413702948797361,8.55100382785729,PHE_38_A_CG,PHE_28_C_HB3,57.607,-5.335,41.561,57.701,-5.295,40.965,57.1090212861226,-5.546905835692502,44.71839695181836,-0.0030292516409144055,-0.0020268577220467813,51.9883874134686,-11.273934718817499,45.236370291035556,57.1090212861226,-5.546905835692502,44.71839695181836,0.6046916569624523,2.5500343230075946
4926,1568,4,0.4,22.901543721065458,2.290154372106546,6.8704631163196375,9.160617488426183,5.35560696621558,6.523139184560675,5.44135254804992,6.52864343794312,5.447046233495049,6.529008931846121,58.0563349130012,-5.344223018572738,44.62295071749983,0.8753765894561837,8.506335949061754,8.443504840685705,8.502408346550297,PHE_38_A_CG,PHE_28_C_HB2,57.794,-5.437,42.006,58.04,-5.35,44.46,58.0563349130012,-5.344223018572738,44.62295071749983,-0.0030292516409144055,-0.0020268577220467813,51.9883874134686,-11.273934718817499,45.236370291035556,58.0563349130012,-5.344223018572738,44.62295071749983,2.4678332601697393,2.4446288196690573
3365,1575,4,0.4,22.901543721065458,2.290154372106546,6.8704631163196375,9.160617488426183,4.992947566150118,6.392168306008264,5.057351890353724,6.439135010137923,5.048348265392187,6.432569137506046,57.990760684831955,-5.749086899517017,44.629730260880606,0.9052477616930893,8.180491454759482,8.11452501110062,8.191216241207913,ILE_32_A_O,PHE_28_C_HB2,58.5,-5.805,50.049,57.908,-5.74,43.749,57.990760684831955,-5.749086899517017,44.629730260880606,-0.0030292516409144055,-0.0020268577220467813,51.9883874134686,-11.273934718817499,45.236370291035556,57.990760684831955,-5.749086899517017,44.629730260880606,6.328087309764299,1.9808074004186542
5177,1610,4,0.4,22.901543721065458,2.290154372106546,6.8704631163196375,9.160617488426183,5.193092725286472,6.956250333606478,5.224023130398971,6.833116491591877,5.134103102514095,7.191087829738069,58.736814264033065,-5.606050625710012,44.5545692344653,0.950621106284183,8.839175738215674,8.684313736298947,8.604723191960284,PHE_38_A_HB2,PHE_28_C_HB3,58.281,-5.566,42.409,58.042,-5.545,41.284,58.736814264033065,-5.606050625710012,44.5545692344653,-0.0030292516409144055,-0.0020268577220467813,51.9883874134686,-11.273934718817499,45.236370291035556,58.736814264033065,-5.606050625710012,44.5545692344653,1.1502986568713356,2.208341190682276
5074,1226,4,0.4,22.901543721065458,2.290154372106546,6.8704631163196375,9.160617488426183,4.337958691310116,6.136735208749189,5.075511809945386,6.296444495167302,5.277803955589521,6.340248708602934,57.88184411288266,-5.527293989951749,44.640595847757325,0.8764672885618927,8.25297877870715,7.518548798112068,8.090878858157863,PHE_38_A_CE2,PHE_28_C_CB,57.037,-6.483,37.562,57.7,-5.733,43.117,57.88184411288266,-5.527293989951749,44.640595847757325,-0.0030292516409144055,-0.0020268577220467813,51.9883874134686,-11.273934718817499,45.236370291035556,57.88184411288266,-5.527293989951749,44.640595847757325,5.64447464340128,3.134711578523944
5062,1228,4,0.4,22.901543721065458,2.290154372106546,6.8704631163196375,9.160617488426183,3.681508954829232,5.866369126430997,5.0652279275373475,6.236369505825944,5.607356764864199,6.3813323772241,57.89772022407365,-5.195574488962279,44.63885123176682,0.8497571828358242,8.498453175523672,6.929205814648734,8.037712362545749,PHE_38_A_CE2,PHE_28_C_CB,56.833,-7.158,37.73,57.598,-5.748,42.694,57.89772022407365,-5.195574488962279,44.63885123176682,-0.0030292516409144055,-0.0020268577220467813,51.9883874134686,-11.273934718817499,45.236370291035556,57.89772022407365,-5.195574488962279,44.63885123176682,5.2167634602308794,2.8181079237090993
5059,1229,4,0.4,22.901543721065458,2.290154372106546,6.8704631163196375,9.160617488426183,3.458820242471856,6.591614278156201,4.922941850248571,6.6695883726085015,5.489451044969396,6.699758709022251,58.2225344491566,-5.2889901479269685,44.60619665459461,0.8842449602233133,8.664944869488476,7.447181033695545,8.293108046940475,PHE_38_A_CE2,PHE_28_C_CB,57.579,-7.325,37.752,58.043,-5.857,42.694,58.2225344491566,-5.2889901479269685,44.60619665459461,-0.0030292516409144055,-0.0020268577220467813,51.9883874134686,-11.273934718817499,45.236370291035556,58.2225344491566,-5.2889901479269685,44.60619665459461,5.176261585352889,2.166126079085632
4949,1231,4,0.4,22.901543721065458,2.290154372106546,6.8704631163196375,9.160617488426183,3.3515105661837667,8.180692221348096,4.963446251877177,7.57372415004219,5.70797170829364,7.293376004436828,58.794964306449074,-5.026077097797884,44.54845966240657,0.90661797040003,9.264903393212975,8.84363211109269,9.058580587414683,PHE_38_A_CD2,PHE_28_C_CB,59.273,-7.311,38.679,58.946,-5.748,42.694,58.794964306449074,-5.026077097797884,44.54845966240657,-0.0030292516409144055,-0.0020268577220467813,51.9883874134686,-11.273934718817499,45.236370291035556,58.794964306449074,-5.026077097797884,44.54845966240657,4.320893773283487,2.1021420752329383
6113,1230,4,0.4,22.901543721065458,2.290154372106546,6.8704631163196375,9.160617488426183,2.5936405393416075,7.54995737657173,4.888360242346228,7.12397147872945,5.748653770334292,6.964268788048733,58.46538437119276,-5.010472738455346,44.58162832678358,0.8806129717048273,9.033888011789982,7.985935128613492,8.643236863177897,ARG_42_A_HH11,PHE_28_C_CB,58.596,-8.115,37.659,58.501,-5.857,42.694,58.46538437119276,-5.010472738455346,44.58162832678358,-0.0030292516409144055,-0.0020268577220467813,51.9883874134686,-11.273934718817499,45.236370291035556,58.46538437119276,-5.010472738455346,44.58162832678358,5.5189504436985155,1.9526757017805838
4942,1556,4,0.4,22.901543721065458,2.290154372106546,6.8704631163196375,9.160617488426183,2.2891016590745763,7.98380518943323,4.936460693270988,7.147960777956327,5.902269956070907,6.843028101868072,58.33350224394909,-4.866494293242326,44.59484000092235,0.8589694210568138,9.04031725839371,8.308271637183614,8.690275260671518,PHE_38_A_CD2,PHE_28_C_HB2,59.222,-8.385,39.328,58.571,-5.807,43.187,58.33350224394909,-4.866494293242326,44.59484000092235,-0.0030292516409144055,-0.0020268577220467813,51.9883874134686,-11.273934718817499,45.236370291035556,58.33350224394909,-4.866494293242326,44.59484000092235,4.6863382293641545,2.1952024028005974
6121,1577,4,0.4,22.901543721065458,2.290154372106546,6.8704631163196375,9.160617488426183,1.9144549898301595,8.39906545217208,4.989094742878358,7.3359959881583094,5.3665364214368685,7.205493960230044,58.73355658809791,-5.373194186598688,44.5547942969097,0.930506236740199,8.987802393171984,8.617139769996314,8.875127112516028,ARG_42_A_HH11,PHE_28_C_HB2,59.451,-8.728,37.185,58.812,-5.74,43.749,58.73355658809791,-5.373194186598688,44.5547942969097,-0.0030292516409144055,-0.0020268577220467813,51.9883874134686,-11.273934718817499,45.236370291035556,58.73355658809791,-5.373194186598688,44.5547942969097,7.240342602391133,2.069700418253097
6096,1233,4,0.4,22.901543721065458,2.290154372106546,6.8704631163196375,9.160617488426183,1.4084295909574247,8.249102024920054,4.94223180004317,7.2883024111262245,7.788198566977996,6.51451723336199,57.86518732565109,-3.0109130856277444,44.641161004923966,0.6965424504118912,10.157193402346115,8.370982254330714,8.80934207063895,ARG_42_A_HH11,PHE_28_C_CB,59.555,-9.243,39.328,58.619,-5.791,42.271,57.86518732565109,-3.0109130856277444,44.641161004923966,-0.0030292516409144055,-0.0020268577220467813,51.9883874134686,-11.273934718817499,45.236370291035556,57.86518732565109,-3.0109130856277444,44.641161004923966,4.6318083941372175,2.113439349727448
5392,1555,4,0.4,22.901543721065458,2.290154372106546,6.8704631163196375,9.160617488426183,0.9374693423375895,9.034506984526107,5.068402621393047,7.61445512207236,6.425982059225143,7.147772878886096,58.59629716043511,-4.321177855947864,44.56814615901859,0.8384302426444477,9.61518708652336,9.085344324095358,9.150421793084606,GLU_39_A_CA,PHE_28_C_HB2,60.378,-9.653,39.328,59.037,-5.64,43.272,58.59629716043511,-4.321177855947864,44.56814615901859,-0.0030292516409144055,-0.0020268577220467813,51.9883874134686,-11.273934718817499,45.236370291035556,58.59629716043511,-4.321177855947864,44.56814615901859,5.784253279378418,2.465032061688601
5866,7983,4,0.4,22.901543721065458,2.290154372106546,6.8704631163196375,9.160617488426183,-2.481538713123362,7.97833770258193,-5.541834167797442,4.554173402944819,15.344109550742438,27.923453887292922,78.53454013039836,6.146955318959684,42.5565362512224,1.068279670176472,31.86482612944597,8.35638843436647,7.1719816448831315,ILE_41_A_HD12,LEU_48_C_HD12,60.332,-13.139,46.797,57.207,-16.45,47.525,78.53454013039836,6.146955318959684,42.5565362512224,-0.0030292516409144055,-0.0020268577220467813,51.9883874134686,-11.273934718817499,45.236370291035556,78.53454013039836,6.146955318959684,42.5565362512224,4.610675655476104,1.6978328014160669
5863,7982,4,0.4,22.901543721065458,2.290154372106546,6.8704631163196375,9.160617488426183,-3.0786499955335596,8.278787392633525,-5.944057576584877,4.779027967225759,0.1123462250864142,12.17621516989162,64.06174455342943,-10.235255446570571,44.02060587136899,1.5613227077933791,12.178788543355447,8.833534264899562,7.62589685197375,ILE_41_A_HD12,LEU_48_C_HD12,60.585,-13.712,45.867,57.463,-16.834,47.525,64.06174455342943,-10.235255446570571,44.02060587136899,-0.0030292516409144055,-0.0020268577220467813,51.9883874134686,-11.273934718817499,45.236370291035556,64.06174455342943,-10.235255446570571,44.02060587136899,4.716220096645194,1.4751028090834857
5443,7978,4,0.4,22.901543721065458,2.290154372106546,6.8704631163196375,9.160617488426183,-3.590663816767526,7.576866062299575,-5.941079028147718,4.737470109459456,-2.5769952532338105,8.801418389430223,60.91665963833282,-13.172805903499656,44.33848806063668,1.8552492541069938,9.172019908229812,8.385149948930255,7.59758294789831,LYS_40_A_C,LEU_48_C_HD12,59.876,-14.276,45.424,57.463,-16.834,47.941,60.91665963833282,-13.172805903499656,44.33848806063668,-0.0030292516409144055,-0.0020268577220467813,51.9883874134686,-11.273934718817499,45.236370291035556,60.91665963833282,-13.172805903499656,44.33848806063668,4.324490952701832,1.6799059642708731
6763,7979,4,0.4,22.901543721065458,2.290154372106546,6.8704631163196375,9.160617488426183,-3.9185498220657595,6.121994871977582,-5.538855619360284,4.512615545178516,-2.2679225901976072,7.761491161909882,59.8616081243003,-12.943494819840595,44.44458838685315,1.8546538155225178,8.087147449885414,7.268764921446651,7.143344426779714,TYR_44_A_HB3,LEU_48_C_HD12,58.522,-14.713,46.209,57.207,-16.45,47.941,59.8616081243003,-12.943494819840595,44.44458838685315,-0.0030292516409144055,-0.0020268577220467813,51.9883874134686,-11.273934718817499,45.236370291035556,59.8616081243003,-12.943494819840595,44.44458838685315,2.783202831271913,2.5525417881510086
6779,7976,4,0.4,22.901543721065458,2.290154372106546,6.8704631163196375,9.160617488426183,-4.154822809323566,5.62567315013911,-5.5447875920425185,4.28519552777144,-2.0556865340313153,7.6500735078411495,59.73504532122269,-12.74032033950265,44.45723846953066,1.8328740782675994,7.92262847315225,6.993453876597432,7.006522767114027,TYR_44_A_HD2,LEU_48_C_HD12,58.101,-14.986,46.789,57.019,-16.473,48.333,59.73504532122269,-12.74032033950265,44.45723846953066,-0.0030292516409144055,-0.0020268577220467813,51.9883874134686,-11.273934718817499,45.236370291035556,59.73504532122269,-12.74032033950265,44.45723846953066,2.4012140679248044,2.7992157642194924
6793,7986,4,0.4,22.901543721065458,2.290154372106546,6.8704631163196375,9.160617488426183,-4.482927744701449,5.453048692533287,-5.553379558688167,4.405073963635775,-13.057420723741489,-2.941399182403561,50.05790863695577,-24.513656388128613,45.43654067486739,-2.92012260594127,13.381219913369476,7.058848331499947,7.087236850885706,TYR_44_A_HD2,LEU_48_C_HD12,58.012,-15.326,47.375,57.019,-16.473,47.133,50.05790863695577,-24.513656388128613,45.43654067486739,-0.0030292516409144055,-0.0020268577220467813,51.9883874134686,-11.273934718817499,45.236370291035556,50.05790863695577,-24.513656388128613,45.43654067486739,1.5363014027201822,2.62328761433176
6732,7977,4,0.4,22.901543721065458,2.290154372106546,6.8704631163196375,9.160617488426183,-6.16683043097097,6.343787887103647,-6.398572628886032,4.792478266819666,-5.946290229058196,7.820110024222816,60.19750176653342,-16.60682168652869,44.412395428861686,2.220540100550483,9.823857513501157,8.846570508053263,7.99313796199469,TYR_44_A_HB2,LEU_48_C_HD12,58.908,-16.938,46.133,57.553,-17.286,47.941,60.19750176653342,-16.60682168652869,44.412395428861686,-0.0030292516409144055,-0.0020268577220467813,51.9883874134686,-11.273934718817499,45.236370291035556,60.19750176653342,-16.60682168652869,44.412395428861686,2.2860430879578826,2.18816616601163
6757,7981,4,0.4,22.901543721065458,2.290154372106546,6.8704631163196375,9.160617488426183,-6.464206490007081,5.9920656678001185,-6.40155117732319,4.834036124585969,-6.621981457586368,8.908148371884122,61.327966249321776,-17.198046452718504,44.29886388571475,2.209707772766886,11.099628413909969,8.813396423065386,8.020510457713195,TYR_44_A_HB2,LEU_48_C_HD12,58.626,-17.261,46.608,57.553,-17.286,47.525,61.327966249321776,-17.198046452718504,44.29886388571475,-0.0030292516409144055,-0.0020268577220467813,51.9883874134686,-11.273934718817499,45.236370291035556,61.327966249321776,-17.198046452718504,44.29886388571475,1.4116809129544834,2.53509733644742
6727,8065,4,0.4,22.901543721065458,2.290154372106546,6.8704631163196375,9.160617488426183,-7.123004532193315,5.506246440402821,-7.350331931725868,4.98444049666373,-6.538844754284994,6.847123276334869,59.27694007992273,-17.271463825992246,44.50535286280924,2.3327893188449593,9.467192923113723,9.001951050884061,8.879623491406527,TYR_44_A_HB2,LEU_48_C_HD22,58.136,-17.955,46.078,57.692,-18.221,46.69,59.27694007992273,-17.271463825992246,44.50535286280924,-0.0030292516409144055,-0.0020268577220467813,51.9883874134686,-11.273934718817499,45.236370291035556,59.27694007992273,-17.271463825992246,44.50535286280924,0.80152105399671,2.2261803056023752
6741,7965,4,0.4,22.901543721065458,2.290154372106546,6.8704631163196375,9.160617488426183,-6.329830448155188,4.225292502572526,-6.2387324313337915,4.282255418519597,-6.42689642692861,4.164597864169686,56.6071462323464,-17.36328909791218,44.77413520186872,2.566190798154966,7.656815987002566,7.6091157406189955,7.5656505845664155,TYR_44_A_HB2,LEU_48_C_HD12,56.865,-17.261,46.805,57.107,-17.165,48.711,56.6071462323464,-17.36328909791218,44.77413520186872,-0.0030292516409144055,-0.0020268577220467813,51.9883874134686,-11.273934718817499,45.236370291035556,56.6071462323464,-17.36328909791218,44.77413520186872,1.9236985210786002,2.8406156438162258
6464,7957,4,0.4,22.901543721065458,2.290154372106546,6.8704631163196375,9.160617488426183,-6.4727932373093156,3.9586965541939003,-6.702732783209442,3.935234576950249,-3.754749870160038,4.2360332401374805,56.47625519203068,-14.693421337014396,44.786131395995085,2.29539931070954,5.66008489269292,7.585853674831263,7.770975165052939,TYR_44_A_CB,LEU_48_C_HD12,56.559,-17.424,46.311,56.566,-17.655,46.44,56.47625519203068,-14.693421337014396,44.786131395995085,-0.0030292516409144055,-0.0020268577220467813,51.9883874134686,-11.273934718817499,45.236370291035556,56.47625519203068,-14.693421337014396,44.786131395995085,0.26467149449836913,3.0287943622050806
7544,8100,4,0.4,22.901543721065458,2.290154372106546,6.8704631163196375,9.160617488426183,-7.864544942042986,4.172470336349008,-7.935684678036146,4.217030424147582,-7.855413561987816,4.166750676424778,56.71714322135461,-18.78752834804309,44.76369199574953,2.653536999689264,8.890368129981429,8.90111542300992,8.984846490709502,ALA_47_A_HB1,LEU_48_C_HD23,56.769,-18.796,45.215,57.173,-18.862,48.731,56.71714322135461,-18.78752834804309,44.76369199574953,-0.0030292516409144055,-0.0020268577220467813,51.9883874134686,-11.273934718817499,45.236370291035556,56.71714322135461,-18.78752834804309,44.76369199574953,3.539749708665853,2.3795284357004736
7548,8114,4,0.4,22.901543721065458,2.290154372106546,6.8704631163196375,9.160617488426183,-8.179437893588428,3.1978515870107027,-8.250714396717655,3.3581200741471506,-8.17557893656305,3.1891745451072686,55.77146146246753,-19.180913982297266,44.85905820186721,2.7693216942752716,8.773501851936926,8.780255141006966,8.905891176972101,ALA_47_A_HB1,LEU_48_C_HD23,55.804,-19.184,45.093,56.405,-19.241,49.414,55.77146146246753,-19.180913982297266,44.85905820186721,-0.0030292516409144055,-0.0020268577220467813,51.9883874134686,-11.273934718817499,45.236370291035556,55.77146146246753,-19.180913982297266,44.85905820186721,4.362968141070936,2.5112616264754974
6428,7921,4,0.4,22.901543721065458,2.290154372106546,6.8704631163196375,9.160617488426183,-8.080595326914583,2.2827278004007208,-8.009647454383895,2.2055431669434524,-8.0789724035178,2.2809622119053676,54.8631270733317,-19.15346738367614,44.950479130239394,2.8660911802017117,8.392430928186744,8.394473035767389,8.305377803465468,TYR_44_A_O,LEU_48_C_HD11,54.854,-19.155,44.841,55.253,-19.088,49.627,54.8631270733317,-19.15346738367614,44.950479130239394,-0.0030292516409144055,-0.0020268577220467813,51.9883874134686,-11.273934718817499,45.236370291035556,54.8631270733317,-19.15346738367614,44.950479130239394,4.803070476268281,2.512806325514896
6414,7922,4,0.4,22.901543721065458,2.290154372106546,6.8704631163196375,9.160617488426183,-8.735888862218848,1.9743306621933665,-8.716598591349651,2.0076908319025875,-8.733710564600164,1.9780977621334943,54.61209084831924,-19.829289869945182,44.976046986969315,2.9185649428918916,8.952412507174472,8.953704597795797,8.942329440917637,TYR_44_A_O,LEU_48_C_HD11,54.551,-19.832,44.405,55.092,-19.808,49.462,54.61209084831924,-19.829289869945182,44.976046986969315,-0.0030292516409144055,-0.0020268577220467813,51.9883874134686,-11.273934718817499,45.236370291035556,54.61209084831924,-19.829289869945182,44.976046986969315,5.085912504162849,2.972228479705216
6438,7892,4,0.4,22.901543721065458,2.290154372106546,6.8704631163196375,9.160617488426183,-7.030992740500115,1.2391596288170437,-7.110731087231967,1.208724610446349,-7.077858772757018,1.2212715158681144,53.7362151322017,-18.23560756610086,45.06350879529351,2.9703770271439627,7.17981000192096,7.136722966117239,7.210086303320948,TYR_44_A_O,LEU_48_C_HG,53.641,-18.188,43.975,53.803,-18.269,45.827,53.7362151322017,-18.23560756610086,45.06350879529351,-0.0030292516409144055,-0.0020268577220467813,51.9883874134686,-11.273934718817499,45.236370291035556,53.7362151322017,-18.23560756610086,45.06350879529351,1.8608355650083614,1.6345847157810791
7821,7849,4,0.4,22.901543721065458,2.290154372106546,6.8704631163196375,9.160617488426183,-7.008821628435834,0.7646166202675339,-6.888747074713038,0.5548426123571044,-6.94817682387039,0.6586682463763662,53.16826309854696,-18.14896874331866,45.120640647742015,3.046747613094798,6.976502907662591,7.047614422561849,6.908199008835758,LEU_48_A_HB2,LEU_48_C_HB2,53.142,-18.202,43.759,53.194,-18.097,46.455,53.16826309854696,-18.14896874331866,45.120640647742015,-0.0030292516409144055,-0.0020268577220467813,51.9883874134686,-11.273934718817499,45.236370291035556,53.16826309854696,-18.14896874331866,45.120640647742015,2.698544978317017,2.147359768159428
7638,7675,4,0.4,22.901543721065458,2.290154372106546,6.8704631163196375,9.160617488426183,-8.5715761188329,0.38300695364605153,-8.592122173043844,0.5253051545446297,-8.583435140791288,0.4651403633883747,53.099734848201344,-19.79419472968045,45.12826542690262,3.087200538442165,8.593114129059758,8.577193390099248,8.605265612615055,LEU_48_A_CA,LEU_48_C_CA,52.926,-19.789,44.229,53.227,-19.798,45.787,53.099734848201344,-19.79419472968045,45.12826542690262,-0.0030292516409144055,-0.0020268577220467813,51.9883874134686,-11.273934718817499,45.236370291035556,53.099734848201344,-19.79419472968045,45.12826542690262,1.5868352151373488,1.4812132158256235
7653,7685,4,0.4,22.901543721065458,2.290154372106546,6.8704631163196375,9.160617488426183,-8.266330891171677,0.009175739868349714,-8.34215729643024,0.04600098363846264,-8.304880026323772,0.027897203641589183,52.64491216522407,-19.54960384164972,45.173939895515375,3.1379881643522576,8.301904705219814,8.263309233234864,8.339266347883225,LEU_48_A_CB,LEU_48_C_CB,52.529,-19.513,44.238,52.757,-19.585,46.079,52.64491216522407,-19.54960384164972,45.173939895515375,-0.0030292516409144055,-0.0020268577220467813,51.9883874134686,-11.273934718817499,45.236370291035556,52.64491216522407,-19.54960384164972,45.173939895515375,1.856461418936575,1.7770570682119662
7648,7683,5,0.5,22.901543721065458,2.290154372106546,9.160617488426183,11.450771860532729,-9.242982633180814,-0.009171941105261823,-9.277946988845708,0.10288296136544767,-9.260621517055965,0.04735772674463697,52.73638293033936,-20.501116528877283,45.165152732114606,3.1362582086698048,9.257723985400274,9.239956144119255,9.275511042635713,LEU_48_A_CA,LEU_48_C_CA,52.637,-20.488,44.754,52.834,-20.514,45.569,52.73638293033936,-20.501116528877283,45.165152732114606,-0.0030292516409144055,-0.0020268577220467813,51.9883874134686,-11.273934718817499,45.236370291035556,52.73638293033936,-20.501116528877283,45.165152732114606,0.8388742456411503,1.3698123166977065
7842,7666,5,0.5,22.901543721065458,2.290154372106546,9.160617488426183,11.450771860532729,-9.423686966936565,-0.5451916583921608,-9.415295534439343,-0.8351689633917391,-9.416186057539958,-0.8043957326183434,51.90310190288938,-20.720832648167054,45.24912795470409,-3.056559113668662,9.447291509414,9.436303290454715,9.449067803045118,LEU_48_A_HB3,LEU_48_C_N,51.626,-20.711,39.91,51.936,-20.722,45.883,51.90310190288938,-20.720832648167054,45.24912795470409,-0.0030292516409144055,-0.0020268577220467813,51.9883874134686,-11.273934718817499,45.236370291035556,51.90310190288938,-20.720832648167054,45.24912795470409,5.981049239054973,3.056195374238322
8096,7427,5,0.5,22.901543721065458,2.290154372106546,9.160617488426183,11.450771860532729,-9.78400198062017,-1.346448996184535,-9.70584483860776,-1.1540999662532134,-9.711511523090149,-1.1680459887797392,51.5646222009613,-21.04288785454492,45.283341619171324,-3.0220620604970057,9.778252841332987,9.872937678899019,9.770972457339518,GLU_49_A_CA,ALA_47_C_C,50.869,-21.131,40.094,51.619,-21.036,45.689,51.5646222009613,-21.04288785454492,45.283341619171324,-0.0030292516409144055,-0.0020268577220467813,51.9883874134686,-11.273934718817499,45.236370291035556,51.5646222009613,-21.04288785454492,45.283341619171324,5.645843603926696,2.7677469482838335
8109,7667,5,0.5,22.901543721065458,2.290154372106546,9.160617488426183,11.450771860532729,-9.715306588196489,-1.72470631901693,-9.55498889678379,-1.580935134958049,-9.564355612106436,-1.5893351046732564,51.135548958453015,-20.92810769140037,45.32648148495371,-2.9770796593972513,9.692188052352893,9.863871227288923,9.681574479926413,GLU_49_A_HA,LEU_48_C_N,50.532,-21.091,40.564,51.173,-20.918,45.622,51.135548958453015,-20.92810769140037,45.32648148495371,-0.0030292516409144055,-0.0020268577220467813,51.9883874134686,-11.273934718817499,45.236370291035556,51.135548958453015,-20.92810769140037,45.32648148495371,5.101389418580001,2.8190244533587925
8118,7624,5,0.5,22.901543721065458,2.290154372106546,9.160617488426183,11.450771860532729,-10.509858987069864,-2.386467375071613,-10.730342853962034,-2.467819843258143,-10.799853173884555,-2.4934672349237608,50.33184399460746,-22.22861882523252,45.40795697807666,-2.9148056219958924,11.080554226259785,10.773997757103546,11.007061014188244,GLU_49_A_HA,ALA_47_C_HB2,49.811,-21.934,39.388,50.207,-22.158,43.965,50.33184399460746,-22.22861882523252,45.40795697807666,-0.0030292516409144055,-0.0020268577220467813,51.9883874134686,-11.273934718817499,45.236370291035556,50.33184399460746,-22.22861882523252,45.40795697807666,4.59955660906571,1.5800142305887321
8068,7584,5,0.5,22.901543721065458,2.290154372106546,9.160617488426183,11.450771860532729,-8.881367046171173,-2.4462060583726197,-9.233718357605037,-2.5820256868507596,-9.295788584357982,-2.6059516802090137,50.10668241483931,-20.737417620159075,45.429963088198306,-2.8683891553616663,9.650689120314878,9.208631492175007,9.584467399353512,LEU_48_A_HD23,ALA_47_C_HB1,49.795,-20.314,41.057,50.06,-20.674,44.775,50.10668241483931,-20.737417620159075,45.429963088198306,-0.0030292516409144055,-0.0020268577220467813,51.9883874134686,-11.273934718817499,45.236370291035556,50.10668241483931,-20.737417620159075,45.429963088198306,3.7447762282945525,2.509637024122694
8017,7528,5,0.5,22.901543721065458,2.290154372106546,9.160617488426183,11.450771860532729,-10.356398684465896,-3.2738230900035377,-10.223430788253845,-3.39685085815523,-10.55197299069593,-3.0928691072096375,49.718459322455146,-22.026913140326243,45.46961125905155,-2.8565700338675066,10.992430114445375,10.858034315571398,10.769467840312126,LEU_48_A_HD21,ALA_47_C_CB,49.439,-21.846,44.643,49.249,-21.723,44.081,49.718459322455146,-22.026913140326243,45.46961125905155,-0.0030292516409144055,-0.0020268577220467813,51.9883874134686,-11.273934718817499,45.236370291035556,49.718459322455146,-22.026913140326243,45.46961125905155,0.6058654966244543,2.14977540444627
8059,7514,5,0.5,22.901543721065458,2.290154372106546,9.160617488426183,11.450771860532729,-9.58593556746254,-3.6241636947432636,-9.476627584861957,-3.618388763970191,-9.443334438467208,-3.616629829159821,49.11512629314844,-20.96119149707191,45.52987209369937,-2.775922311838648,10.108645639330039,10.24460681158238,10.14037172968384,LEU_48_A_HD23,ALA_47_C_CB,48.652,-21.106,40.896,49.007,-20.995,44.448,49.11512629314844,-20.96119149707191,45.52987209369937,-0.0030292516409144055,-0.0020268577220467813,51.9883874134686,-11.273934718817499,45.236370291035556,49.11512629314844,-20.96119149707191,45.52987209369937,3.5714212857068537,2.431825587567664
7755,7577,5,0.5,22.901543721065458,2.290154372106546,9.160617488426183,11.450771860532729,-8.531505660362715,-3.705474375781176,-8.612441561660017,-3.828765481613426,-8.943501547040452,-4.333075077727389,48.36659868948525,-20.517135749483934,45.60502282979292,-2.6904770710701156,9.934285256062367,9.297872518654072,9.42156615534225,LEU_48_A_CD2,ALA_47_C_HB1,48.896,-20.059,44.928,48.792,-20.149,45.061,48.36659868948525,-20.517135749483934,45.60502282979292,-0.0030292516409144055,-0.0020268577220467813,51.9883874134686,-11.273934718817499,45.236370291035556,48.36659868948525,-20.517135749483934,45.60502282979292,0.19132433196015744,2.1328722800329305
8091,7497,5,0.5,22.901543721065458,2.290154372106546,9.160617488426183,11.450771860532729,-8.855217879222657,-4.1606587375132795,-8.704599638363788,-4.396645354582423,-8.68203866453372,-4.431993582403856,48.24871942247303,-20.263928257852513,45.61677672644644,-2.6696413912863215,9.744219289962128,9.780361067460827,9.74833313587712,LEU_48_A_HD23,ALA_47_C_CB,48.082,-20.418,41.128,48.227,-20.284,45.032,48.24871942247303,-20.263928257852513,45.61677672644644,-0.0030292516409144055,-0.0020268577220467813,51.9883874134686,-11.273934718817499,45.236370291035556,48.24871942247303,-20.263928257852513,45.61677672644644,3.908989255549313,2.361768784158966
7722,7536,5,0.5,22.901543721065458,2.290154372106546,9.160617488426183,11.450771860532729,-10.179913488320409,-5.187853917573356,-10.2232700441673,-5.132402559735099,-10.205260571804972,-5.155435978255894,47.6460020858326,-21.837630917645793,45.678141452306015,-2.673852906632761,11.429923423791513,11.421986476154734,11.435649378195638,LEU_48_A_CD2,ALA_47_C_H,47.342,-21.816,43.0,47.862,-21.853,47.581,47.6460020858326,-21.837630917645793,45.678141452306015,-0.0030292516409144055,-0.0020268577220467813,51.9883874134686,-11.273934718817499,45.236370291035556,47.6460020858326,-21.837630917645793,45.678141452306015,4.610567210224793,2.607343518174313
8023,7628,5,0.5,22.901543721065458,2.290154372106546,9.160617488426183,11.450771860532729,-9.602550952683384,-5.4419717281362985,-9.590391601529726,-5.349418035374638,-9.593873969623251,-5.375924879575295,47.3810912482778,-21.24472788473583,45.704545517230315,-2.630864258253822,10.993774709067306,11.03375806703825,10.977800746729843,LEU_48_A_HD22,ALA_47_C_HB3,47.177,-21.259,44.328,47.463,-21.239,46.257,47.3810912482778,-21.24472788473583,45.704545517230315,-0.0030292516409144055,-0.0020268577220467813,51.9883874134686,-11.273934718817499,45.236370291035556,47.3810912482778,-21.24472788473583,45.704545517230315,1.950188965203111,2.3418730869208773
8024,7626,5,0.5,22.901543721065458,2.290154372106546,9.160617488426183,11.450771860532729,-9.402725499103685,-5.744670446044023,-9.467663901458307,-5.568349449666742,-9.445269400334276,-5.62915508405852,47.11864034909793,-21.115757120354054,45.73090688917179,-2.6041544458825663,10.991836566344567,11.015091689453211,10.980130065355233,LEU_48_A_HD22,ALA_47_C_HB3,46.795,-21.083,43.698,47.289,-21.133,46.801,47.11864034909793,-21.115757120354054,45.73090688917179,-0.0030292516409144055,-0.0020268577220467813,51.9883874134686,-11.273934718817499,45.236370291035556,47.11864034909793,-21.115757120354054,45.73090688917179,3.1424743435706852,2.1879420950229043
8056,6757,5,0.5,22.901543721065458,2.290154372106546,9.160617488426183,11.450771860532729,-8.012304093447165,-5.274118494136074,-8.130823570780239,-5.267586141343805,-8.187280211576876,-5.264474461276963,47.385455688073066,-19.83373283920789,45.703482937922885,-2.5701563244423458,9.730124282627308,9.58871387175242,9.684376854685528,LEU_48_A_HD22,TYR_44_C_HA,47.133,-19.661,43.424,47.304,-19.778,44.968,47.385455688073066,-19.83373283920789,45.703482937922885,-0.0030292516409144055,-0.0020268577220467813,51.9883874134686,-11.273934718817499,45.236370291035556,47.385455688073066,-19.83373283920789,45.703482937922885,1.557840171519534,2.646152568463842
1233,5166,5,0.5,22.901543721065458,2.290154372106546,9.160617488426183,11.450771860532729,5.179129343388193,-9.242429285551683,5.150416902236908,-9.178640092627914,5.106930027227293,-9.08202717681821,42.59426218039242,-6.867349573856555,46.180037654023536,-1.058201159034949,10.419121346182589,10.594328894850957,10.524649054670071,PHE_28_A_CD1,PHE_38_C_HB2,42.549,-6.807,47.382,42.567,-6.831,46.904,42.59426218039242,-6.867349573856555,46.180037654023536,-0.0030292516409144055,-0.0020268577220467813,51.9883874134686,-11.273934718817499,45.236370291035556,42.59426218039242,-6.867349573856555,46.180037654023536,0.47894049734804706,2.23798613376407
1218,5229,5,0.5,22.901543721065458,2.290154372106546,9.160617488426183,11.450771860532729,5.076073823340199,-8.682266353588643,5.143542301310768,-8.736234803185937,5.010352227206032,-8.629695245493277,43.050314153242894,-6.929342923378546,46.13415878931085,-1.0444033902646992,9.978509691421491,10.05702966844013,10.13773086959089,PHE_28_A_CG,PHE_38_C_HD2,43.175,-6.867,47.946,43.303,-6.803,49.806,43.050314153242894,-6.929342923378546,46.13415878931085,-0.0030292516409144055,-0.0020268577220467813,51.9883874134686,-11.273934718817499,45.236370291035556,43.050314153242894,-6.929342923378546,46.13415878931085,1.8654972527452294,2.6064250113017278
1205,5154,5,0.5,22.901543721065458,2.290154372106546,9.160617488426183,11.450771860532729,5.04814530480941,-8.12132399048071,5.022877947248767,-8.159398743579022,5.017797610691188,-8.167054176467959,43.50873950833126,-6.886830833707721,46.08799485828186,-1.0194794528828257,9.585216403263031,9.562287923387068,9.581359989898141,PHE_28_A_CG,PHE_38_C_HB2,43.803,-6.852,48.579,43.558,-6.881,46.505,43.50873950833126,-6.886830833707721,46.08799485828186,-0.0030292516409144055,-0.0020268577220467813,51.9883874134686,-11.273934718817499,45.236370291035556,43.50873950833126,-6.886830833707721,46.08799485828186,2.08862203378208,1.9941009155699982
1191,5159,5,0.5,22.901543721065458,2.290154372106546,9.160617488426183,11.450771860532729,5.051913012525172,-7.763097220217541,5.107159708723933,-7.779602699036946,5.1296745798997545,-7.78632923211283,43.87801046315951,-6.7464007324523845,46.05076196858521,-0.9878651194073991,9.32416280843799,9.262108532383893,9.306165546455743,PHE_28_A_CB,PHE_38_C_HB2,44.175,-6.821,48.711,43.964,-6.768,46.821,43.87801046315951,-6.7464007324523845,46.05076196858521,-0.0030292516409144055,-0.0020268577220467813,51.9883874134686,-11.273934718817499,45.236370291035556,43.87801046315951,-6.7464007324523845,46.05076196858521,1.9024799604726461,1.90220750123279
1265,3859,5,0.5,22.901543721065458,2.290154372106546,9.160617488426183,11.450771860532729,6.249527989433916,-9.072367336977717,6.144735581281214,-9.048111569826503,6.20427236878457,-9.061892248027052,42.53138250549128,-5.771640850384949,46.1858831415467,-0.9701113817853785,10.98233828915242,11.01660330875816,10.937397362237691,PHE_28_A_CD2,ARG_33_C_HB3,43.044,-5.725,51.417,41.857,-5.833,39.304,42.53138250549128,-5.771640850384949,46.1858831415467,-0.0030292516409144055,-0.0020268577220467813,51.9883874134686,-11.273934718817499,45.236370291035556,42.53138250549128,-5.771640850384949,46.1858831415467,12.171499578934387,3.614950775103706
1649,3841,5,0.5,22.901543721065458,2.290154372106546,9.160617488426183,11.450771860532729,6.7199029318974794,-8.928632855605697,6.715467907925947,-8.850398161105547,6.717980742952292,-8.894725064833084,42.658441637302516,-5.24673364469506,46.17286149551945,-0.9236000754595086,11.146840662276357,11.17506652266145,11.109990045254253,PHE_28_A_HD2,ARG_33_C_HB3,43.169,-5.245,51.584,41.991,-5.249,39.099,42.658441637302516,-5.24673364469506,46.17286149551945,-0.0030292516409144055,-0.0020268577220467813,51.9883874134686,-11.273934718817499,45.236370291035556,42.658441637302516,-5.24673364469506,46.17286149551945,12.540451546894161,3.746021042563775
1538,3754,5,0.5,22.901543721065458,2.290154372106546,9.160617488426183,11.450771860532729,5.907435780967588,-7.3132737897301725,5.8914300316997545,-7.229590286087867,5.9073640739222855,-7.312898880896709,44.28898207967797,-5.935044800805067,46.0090351287509,-0.8909308551006905,9.401148812889836,9.40148544659226,9.326431437265384,PHE_28_A_HB2,ARG_33_C_H,44.289,-5.935,46.013,44.285,-5.945,45.128,44.28898207967797,-5.935044800805067,46.0090351287509,-0.0030292516409144055,-0.0020268577220467813,51.9883874134686,-11.273934718817499,45.236370291035556,44.28898207967797,-5.935044800805067,46.0090351287509,0.8850655342967528,1.774237166730892
1643,3693,5,0.5,22.901543721065458,2.290154372106546,9.160617488426183,11.450771860532729,6.40181760276895,-7.207872732472736,6.4202521314475325,-7.28785688895108,6.408927404157297,-7.23872090205118,44.324703376641345,-5.4293002504926315,46.00521602485463,-0.8457510731438221,9.668657034307492,9.64086500263879,9.71297395087053,PHE_28_A_HD2,ARG_33_C_CZ,44.823,-5.432,50.643,43.531,-5.425,38.618,44.324703376641345,-5.4293002504926315,46.00521602485463,-0.0030292516409144055,-0.0020268577220467813,51.9883874134686,-11.273934718817499,45.236370291035556,44.324703376641345,-5.4293002504926315,46.00521602485463,12.094210929200797,3.6277915087748958
1524,3699,5,0.5,22.901543721065458,2.290154372106546,9.160617488426183,11.450771860532729,6.7451179008694035,-6.9200035309581205,6.663831808393703,-6.9289999645302,6.747468353501285,-6.919743391857778,44.61560010479703,-5.0675421567499965,45.975774531143855,-0.7976316991940797,9.66561017027303,9.664154967888893,9.614051841770424,PHE_28_A_HB2,ARG_33_C_CZ,44.594,-5.07,45.762,43.847,-5.155,38.369,44.61560010479703,-5.0675421567499965,45.975774531143855,-0.0030292516409144055,-0.0020268577220467813,51.9883874134686,-11.273934718817499,45.236370291035556,44.61560010479703,-5.0675421567499965,45.975774531143855,7.4311293219806105,3.2396087052435143
905,3793,5,0.5,22.901543721065458,2.290154372106546,9.160617488426183,11.450771860532729,8.218177017793796,-7.961849603103483,8.287485033783597,-7.787428122794728,8.034395457056492,-8.424356737660208,43.02569858935863,-3.89843643596256,46.13529780549763,-0.8087785261837281,11.641985936878585,11.443208058166391,11.372998723952412,TYR_27_A_HB2,ARG_33_C_HA,43.267,-3.681,44.067,43.358,-3.599,43.287,43.02569858935863,-3.89843643596256,46.13529780549763,-0.0030292516409144055,-0.0020268577220467813,51.9883874134686,-11.273934718817499,45.236370291035556,43.02569858935863,-3.89843643596256,46.13529780549763,0.7895600040528906,1.5883846518724865
893,3795,5,0.5,22.901543721065458,2.290154372106546,9.160617488426183,11.450771860532729,8.249408393522435,-7.478026579894012,8.141105926743762,-7.390721294272509,8.374678132002103,-7.579009601084555,43.838676614744585,-3.4950201080826764,46.05328514291274,-0.7352528226894969,11.295868647393167,11.13522783481436,10.996351362179846,TYR_27_A_HB2,ARG_33_C_HA,43.782,-3.613,44.39,43.733,-3.715,42.952,43.838676614744585,-3.4950201080826764,46.05328514291274,-0.0030292516409144055,-0.0020268577220467813,51.9883874134686,-11.273934718817499,45.236370291035556,43.838676614744585,-3.4950201080826764,46.05328514291274,1.4424454929043269,1.6239534327614322
1475,3746,5,0.5,22.901543721065458,2.290154372106546,9.160617488426183,11.450771860532729,7.576300614744012,-6.491955826832602,7.601597761258228,-6.642183055251643,7.591068796557821,-6.579656746832822,44.8893043981784,-4.200578327110496,45.94784047431473,-0.7137957126842827,10.046668110561793,9.978247303388253,10.09564392859148,PHE_28_A_HA,ARG_33_C_H,45.354,-4.207,49.68,44.558,-4.196,43.287,44.8893043981784,-4.200578327110496,45.94784047431473,-0.0030292516409144055,-0.0020268577220467813,51.9883874134686,-11.273934718817499,45.236370291035556,44.8893043981784,-4.200578327110496,45.94784047431473,6.442374251780162,1.9793710253924297
1153,3749,5,0.5,22.901543721065458,2.290154372106546,9.160617488426183,11.450771860532729,8.011036168089849,-6.244582219287894,7.918079826769407,-6.173349674811296,8.088184907538627,-6.30370138142396,45.12554540615514,-3.6839647559805506,45.92383223054055,-0.6616980038236896,10.255673959929753,10.158481283830714,10.041374126323587,PHE_28_A_O,ARG_33_C_H,45.055,-3.757,44.576,44.97,-3.845,42.952,45.12554540615514,-3.6839647559805506,45.92383223054055,-0.0030292516409144055,-0.0020268577220467813,51.9883874134686,-11.273934718817499,45.236370291035556,45.12554540615514,-3.6839647559805506,45.92383223054055,1.6286021613641584,1.7674505011933106
1500,3924,5,0.5,22.901543721065458,2.290154372106546,9.160617488426183,11.450771860532729,9.12428295654847,-6.418475371359545,8.887075300612354,-6.564801608078826,9.015021620826296,-6.4858753884966545,44.87482860485252,-2.7736142922876366,45.9486673014985,-0.623354646276793,11.107003795283166,11.156999582052686,11.050066577804623,PHE_28_A_HA,ARG_33_C_HG3,45.288,-2.658,49.465,44.391,-2.909,41.831,44.87482860485252,-2.7736142922876366,45.9486673014985,-0.0030292516409144055,-0.0020268577220467813,51.9883874134686,-11.273934718817499,45.236370291035556,44.87482860485252,-2.7736142922876366,45.9486673014985,7.690615450014388,1.7929510163713263
1464,2931,5,0.5,22.901543721065458,2.290154372106546,9.160617488426183,11.450771860532729,9.055170813215819,-5.944268576824177,8.939697238723857,-5.966354566339827,9.103587409572247,-5.935008203234668,45.41465828895617,-2.643524105664908,45.89427051630238,-0.5774305668143574,10.86879637588661,10.833338592659622,10.749212161700859,PHE_28_A_H,GLN_31_C_CG,45.296,-2.693,44.771,45.013,-2.811,42.092,45.41465828895617,-2.643524105664908,45.89427051630238,-0.0030292516409144055,-0.0020268577220467813,51.9883874134686,-11.273934718817499,45.236370291035556,45.41465828895617,-2.643524105664908,45.89427051630238,2.696489198939987,1.6127848550017096
1459,4044,5,0.5,22.901543721065458,2.290154372106546,9.160617488426183,11.450771860532729,9.590362262934923,-5.548727724547683,9.52111591401514,-5.611722991885248,9.594990596657919,-5.544517204790957,45.76496178338273,-2.1239202612349124,45.85877940770277,-0.5236824610017127,11.08337422699831,11.08147333426291,11.053417202572927,PHE_28_A_H,ARG_33_C_HE,45.728,-2.129,45.53,45.175,-2.205,40.611,45.76496178338273,-2.1239202612349124,45.85877940770277,-0.0030292516409144055,-0.0020268577220467813,51.9883874134686,-11.273934718817499,45.236370291035556,45.76496178338273,-2.1239202612349124,45.85877940770277,4.950570270181006,2.1812381472448794
1489,3223,5,0.5,22.901543721065458,2.290154372106546,9.160617488426183,11.450771860532729,9.34456505677954,-5.036599342300181,9.387781722472758,-4.98310510487412,9.366730887259056,-5.009162144649755,46.313323973065835,-2.310919497245358,45.80366380182653,-0.4907820509784921,10.623737988209019,10.617176623626722,10.630073906412191,PHE_28_A_HA,GLN_31_C_HG3,46.539,-2.334,48.302,46.099,-2.289,43.431,46.313323973065835,-2.310919497245358,45.80366380182653,-0.0030292516409144055,-0.0020268577220467813,51.9883874134686,-11.273934718817499,45.236370291035556,46.313323973065835,-2.310919497245358,45.80366380182653,4.891039357846145,2.3689842294333023
1487,4101,5,0.5,22.901543721065458,2.290154372106546,9.160617488426183,11.450771860532729,9.109692000210268,-4.6127659781314225,9.125103529171804,-4.672423976288287,9.114320871260604,-4.630684328820608,46.707871286948375,-2.533897541675885,45.764047112652,-0.46976932885531025,10.224996002362488,10.212766708899876,10.253556324966453,PHE_28_A_HA,ARG_33_C_HH21,46.989,-2.536,48.375,46.053,-2.529,39.682,46.707871286948375,-2.533897541675885,45.764047112652,-0.0030292516409144055,-0.0020268577220467813,51.9883874134686,-11.273934718817499,45.236370291035556,46.707871286948375,-2.533897541675885,45.764047112652,8.7432484809709,1.8476986975613399
2046,3241,5,0.5,22.901543721065458,2.290154372106546,9.160617488426183,11.450771860532729,8.740961544147835,-4.042499824470738,8.62817915045833,-4.072876103566492,8.943386626121105,-3.9879796056240857,47.35840698451854,-2.6555946944785105,45.69861786409179,-0.419135689516787,9.794190950067298,9.632382718303157,9.543037884387804,THR_29_A_HB,GLN_31_C_HG3,47.222,-2.862,44.733,47.146,-2.977,44.195,47.35840698451854,-2.6555946944785105,45.69861786409179,-0.0030292516409144055,-0.0020268577220467813,51.9883874134686,-11.273934718817499,45.236370291035556,47.35840698451854,-2.6555946944785105,45.69861786409179,0.5553782494840759,2.172111867903713
2179,3015,5,0.5,22.901543721065458,2.290154372106546,9.160617488426183,11.450771860532729,9.866137918173518,-4.054239446489346,9.816747789803758,-3.8764259105761663,9.845130713509082,-3.9786096503270354,47.29961613066217,-1.7557372859362603,45.704138280372305,-0.38376884316744114,10.620709270365387,10.668687243063562,10.556466698874239,THR_29_A_HG23,GLN_31_C_OE1,47.343,-1.74,46.904,47.241,-1.777,44.083,47.29961613066217,-1.7557372859362603,45.704138280372305,-0.0030292516409144055,-0.0020268577220467813,51.9883874134686,-11.273934718817499,45.236370291035556,47.29961613066217,-1.7557372859362603,45.704138280372305,2.8230859002162916,2.349684761230787
2180,3026,5,0.5,22.901543721065458,2.290154372106546,9.160617488426183,11.450771860532729,10.111729167791292,-3.6573756021471606,10.306428913657696,-3.788923486569278,10.202771164329684,-3.7188876600335115,47.5302831674246,-1.379428828387068,45.68075308776283,-0.34926078998693166,10.861556810806869,10.754994761823223,10.982964706290224,THR_29_A_HG23,GLN_31_C_OE1,47.722,-1.465,46.904,47.312,-1.282,44.288,47.5302831674246,-1.379428828387068,45.68075308776283,-0.0030292516409144055,-0.0020268577220467813,51.9883874134686,-11.273934718817499,45.236370291035556,47.5302831674246,-1.379428828387068,45.68075308776283,2.6542503649806735,2.093847432136086
374,3077,5,0.5,22.901543721065458,2.290154372106546,9.160617488426183,11.450771860532729,10.856477033728327,-3.544164032594522,10.841743690578673,-3.6051485071478626,10.854532254731067,-3.5522138909373013,47.646429015539354,-0.7169039667036144,45.668769186771826,-0.31602016442367314,11.423242527210054,11.422592198252882,11.427667556805241,GLU_26_A_HB3,GLN_31_C_NE2,47.735,-0.714,46.47,47.064,-0.736,40.4,47.646429015539354,-0.7169039667036144,45.668769186771826,-0.0030292516409144055,-0.0020268577220467813,51.9883874134686,-11.273934718817499,45.236370291035556,47.646429015539354,-0.7169039667036144,45.668769186771826,6.107014409676794,2.029682442380095
2212,3254,5,0.5,22.901543721065458,2.290154372106546,9.160617488426183,11.450771860532729,9.799953746014696,-2.837044042841487,9.800108262515618,-2.866963870972507,9.800001642250525,-2.8463184383631432,48.42637297296101,-1.714859849357622,45.59070074128216,-0.2823903386129104,10.20732135784388,10.204694904417648,10.213195837315348,THR_29_A_HG23,GLN_31_C_HE21,48.71,-1.713,48.316,47.795,-1.719,39.524,48.42637297296101,-1.714859849357622,45.59070074128216,-0.0030292516409144055,-0.0020268577220467813,51.9883874134686,-11.273934718817499,45.236370291035556,48.42637297296101,-1.714859849357622,45.59070074128216,8.839486693241867,3.2747223452201037
1932,2962,5,0.5,22.901543721065458,2.290154372106546,9.160617488426183,11.450771860532729,9.939150991217424,-2.357043794261913,10.008450413538645,-2.254461221704447,9.939400773798418,-2.3566740460175515,48.90162514278542,-1.5387260658816415,45.542783998619306,-0.23254371619430483,10.21744969119523,10.217291850234695,10.261734046950965,THR_29_A_CG2,GLN_31_C_CD,48.902,-1.539,45.55,48.798,-1.463,43.548,48.90162514278542,-1.5387260658816415,45.542783998619306,-0.0030292516409144055,-0.0020268577220467813,51.9883874134686,-11.273934718817499,45.236370291035556,48.90162514278542,-1.5387260658816415,45.542783998619306,2.0061395764004013,2.8317966305846403
2194,2993,5,0.5,22.901543721065458,2.290154372106546,9.160617488426183,11.450771860532729,11.042585043312926,-2.198438803662992,11.092083740195536,-2.1386674124636142,11.06140286926907,-2.1757156269415145,48.99643695939532,-0.40623125836947116,45.532739992240394,-0.19398683525744903,11.275929275392581,11.26187464808416,11.298971863040652,THR_29_A_HG23,GLN_31_C_CD,49.139,-0.426,47.161,48.764,-0.374,42.878,48.99643695939532,-0.40623125836947116,45.532739992240394,-0.0030292516409144055,-0.0020268577220467813,51.9883874134686,-11.273934718817499,45.236370291035556,48.99643695939532,-0.40623125836947116,45.532739992240394,4.299699756959782,1.68024731067365
1936,3290,5,0.5,22.901543721065458,2.290154372106546,9.160617488426183,11.450771860532729,9.197103274795976,-1.334694056768089,9.211594633128266,-1.3004087892530323,9.202024448433503,-1.3230509967607516,49.982761628898416,-2.195585282219856,45.43424680927675,-0.1425375286479455,9.29936118220906,9.2961519118082,9.305648229859369,THR_29_A_CG2,GLN_31_C_HE21,50.285,-2.2,48.549,49.395,-2.187,39.377,49.982761628898416,-2.195585282219856,45.43424680927675,-0.0030292516409144055,-0.0020268577220467813,51.9883874134686,-11.273934718817499,45.236370291035556,49.982761628898416,-2.195585282219856,45.43424680927675,9.215088333814274,1.7697650827619777
1930,3311,5,0.5,22.901543721065458,2.290154372106546,9.160617488426183,11.450771860532729,10.95511378017439,-1.1786543123123345,10.934577359077748,-1.12112736343283,10.950887029734988,-1.1668142718637178,50.005715446119446,-0.43991052842023753,45.4311607715777,-0.10593716205273847,11.01567118334307,11.021132014118056,10.994708923510377,THR_29_A_CG2,GLN_31_C_HE22,50.129,-0.436,46.777,49.53,-0.455,40.238,50.005715446119446,-0.43991052842023753,45.4311607715777,-0.0030292516409144055,-0.0020268577220467813,51.9883874134686,-11.273934718817499,45.236370291035556,50.005715446119446,-0.43991052842023753,45.4311607715777,6.566405637789979,2.0469627855230055
2147,3339,5,0.5,22.901543721065458,2.290154372106546,9.160617488426183,11.450771860532729,11.083782311597574,-0.8883871103208285,11.098701536213913,-0.8437650423785206,11.085638457470534,-0.8828355438430833,50.27727705195364,-0.28400939159163446,45.403756483276624,-0.07926679408444086,11.12359543963359,11.122186167123154,11.133595540413372,THR_29_A_HG22,GLN_31_C_HE22,50.336,-0.286,46.041,49.864,-0.27,40.919,50.27727705195364,-0.28400939159163446,45.403756483276624,-0.0030292516409144055,-0.0020268577220467813,51.9883874134686,-11.273934718817499,45.236370291035556,50.27727705195364,-0.28400939159163446,45.403756483276624,5.143726664588622,2.369035270066443
2166,2199,5,0.5,22.901543721065458,2.290154372106546,9.160617488426183,11.450771860532729,9.591413995042489,-0.3543028011141845,9.742717042827131,-0.3264599808408632,10.708810515827128,-0.14867924654756243,51.03408826345572,-0.604071223394036,45.32771714852205,-0.013689826440065212,10.712843606020673,9.600908267144394,9.751144942390829,THR_29_A_HG22,THR_29_C_HG22,50.879,-1.734,44.988,50.9,-1.581,45.034,51.03408826345572,-0.604071223394036,45.32771714852205,-0.0030292516409144055,-0.0020268577220467813,51.9883874134686,-11.273934718817499,45.236370291035556,51.03408826345572,-0.604071223394036,45.32771714852205,0.16113969095167083,2.2195505259716812
1907,2196,5,0.5,22.901543721065458,2.290154372106546,9.160617488426183,11.450771860532729,10.053668666594088,0.0009994253514495899,10.131352753275111,0.06021903655706987,10.133165784328487,0.06160113421273658,51.28617248389654,-1.1621095804610861,45.30258881229598,0.006277222960326249,10.1363947401711,10.056698373572784,10.134573161851483,THR_29_A_CG2,THR_29_C_HG22,51.454,-1.245,47.513,51.29,-1.164,45.353,51.28617248389654,-1.1621095804610861,45.30258881229598,-0.0030292516409144055,-0.0020268577220467813,51.9883874134686,-11.273934718817499,45.236370291035556,51.28617248389654,-1.1621095804610861,45.30258881229598,2.1677308412254472,2.3297222028127575
2123,1969,5,0.5,22.901543721065458,2.290154372106546,9.160617488426183,11.450771860532729,9.922810282868358,0.35312420676039125,9.905332003401226,0.20049457336197063,9.916250632443068,0.2958418500206144,51.534941695161514,-1.3606343924793147,45.277635363648706,0.030020245882824356,9.923751265819062,9.93219123574603,9.910430752014191,THR_29_A_HG22,THR_29_C_CG2,51.762,-1.349,46.968,51.157,-1.38,42.464,51.534941695161514,-1.3606343924793147,45.277635363648706,-0.0030292516409144055,-0.0020268577220467813,51.9883874134686,-11.273934718817499,45.236370291035556,51.534941695161514,-1.3606343924793147,45.277635363648706,4.544557404192409,2.7098323563914772
3042,2194,5,0.5,22.901543721065458,2.290154372106546,9.160617488426183,11.450771860532729,10.212491320129944,0.7677839500603671,10.419047335297172,0.8394668275237105,10.427276894259185,0.8423228008352307,52.03852161230813,-0.8096332265578108,45.22670156280143,0.08077543264033182,10.464426054165951,10.24448482023631,10.455993114301076,GLN_31_A_NE2,THR_29_C_HG22,52.312,-1.028,48.523,52.049,-0.818,45.353,52.03852161230813,-0.8096332265578108,45.22670156280143,-0.0030292516409144055,-0.0020268577220467813,51.9883874134686,-11.273934718817499,45.236370291035556,52.03852161230813,-0.8096332265578108,45.22670156280143,3.187815709855262,2.6099400933818653
3299,2172,5,0.5,22.901543721065458,2.290154372106546,9.160617488426183,11.450771860532729,10.892856608010936,0.9650877510353089,10.697469297198628,0.9120201328728287,10.70355589885523,0.9136732671079876,52.08844797536403,-0.5287385548329967,45.22155189421594,0.0853191870450459,10.74567225926039,10.938722015529649,10.739466983734934,GLN_31_A_HE22,THR_29_C_HG22,52.6,-0.334,49.935,52.072,-0.535,45.07,52.08844797536403,-0.5287385548329967,45.22155189421594,-0.0030292516409144055,-0.0020268577220467813,51.9883874134686,-11.273934718817499,45.236370291035556,52.08844797536403,-0.5287385548329967,45.22155189421594,4.897694355510562,1.9526400645144568
3302,2164,5,0.5,22.901543721065458,2.290154372106546,9.160617488426183,11.450771860532729,11.127872447968297,1.1923894623395639,11.146818068892108,1.0892397224212393,11.141665527541619,1.1172928172424073,52.257379740122886,-0.07644768288886485,45.204347419328684,0.1000995272865336,11.200763288986199,11.194802499016799,11.203122690577615,GLN_31_A_HE22,THR_29_C_HG22,52.676,-0.083,48.605,52.101,-0.074,43.934,52.257379740122886,-0.07644768288886485,45.204347419328684,-0.0030292516409144055,-0.0020268577220467813,51.9883874134686,-11.273934718817499,45.236370291035556,52.257379740122886,-0.07644768288886485,45.204347419328684,4.70626677951856,3.0636201519538533
3284,1951,5,0.5,22.901543721065458,2.290154372106546,9.160617488426183,11.450771860532729,10.761869484663395,1.5364951044218151,10.65463611008519,1.4992647860057249,10.69728800818203,1.514073083827575,52.684579607183096,-0.4894521844935181,45.16152785719162,0.1407505019226828,10.807189666774223,10.874285936597635,10.762885652187487,GLN_31_A_HE22,THR_29_C_CG2,53.011,-0.422,48.23,52.469,-0.534,43.135,52.684579607183096,-0.4894521844935181,45.16152785719162,-0.0030292516409144055,-0.0020268577220467813,51.9883874134686,-11.273934718817499,45.236370291035556,52.684579607183096,-0.4894521844935181,45.16152785719162,5.124971512115945,3.6433948310328117
2932,2246,5,0.5,22.901543721065458,2.290154372106546,9.160617488426183,11.450771860532729,10.49308919646736,1.9629165233111783,10.399226411834029,1.9332484663400098,10.44866321423842,1.9488744023905518,53.1347198229322,-0.7043841582736168,45.116311625593355,0.1845352773528081,10.632210077308846,10.678459859332952,10.580747301973524,GLN_31_A_CD,THR_29_C_HG23,53.378,-0.658,47.427,52.864,-0.756,42.545,53.1347198229322,-0.7043841582736168,45.116311625593355,-0.0030292516409144055,-0.0020268577220467813,51.9883874134686,-11.273934718817499,45.236370291035556,53.1347198229322,-0.7043841582736168,45.116311625593355,4.909961710645001,3.2807455328890684
3054,2066,5,0.5,22.901543721065458,2.290154372106546,9.160617488426183,11.450771860532729,10.180165914649944,2.483247012885532,10.137786201312203,2.602648615344715,10.141096251893844,2.5933228008796867,53.797301973883464,-0.9621882343802094,45.04972989968675,0.2504746224773219,10.470870168322614,10.482082331612085,10.4699795783396,GLN_31_A_NE2,THR_29_C_HB,54.273,-0.929,50.901,53.757,-0.965,44.554,53.797301973883464,-0.9621882343802094,45.04972989968675,-0.0030292516409144055,-0.0020268577220467813,51.9883874134686,-11.273934718817499,45.236370291035556,53.797301973883464,-0.9621882343802094,45.04972989968675,6.368042163805137,2.2961620936860263
2984,2071,5,0.5,22.901543721065458,2.290154372106546,9.160617488426183,11.450771860532729,10.50331072410559,3.2564315046069634,10.379732097828269,3.207058856194185,10.416579086891547,3.221780119011981,54.39999574876049,-0.6398347060314692,44.98892028220721,0.3000564438495762,10.90693216957244,11.000033208359007,10.867380749715746,GLN_31_A_OE1,THR_29_C_HB,54.593,-0.55,46.627,54.318,-0.678,44.293,54.39999574876049,-0.6398347060314692,44.98892028220721,-0.0030292516409144055,-0.0020268577220467813,51.9883874134686,-11.273934718817499,45.236370291035556,54.39999574876049,-0.6398347060314692,44.98892028220721,2.3536280504786684,1.7921346745338254
2923,2236,5,0.5,22.901543721065458,2.290154372106546,9.160617488426183,11.450771860532729,9.469465151382346,3.3601059822412904,9.376816316438251,3.4152153943658368,9.431865020017357,3.382471305416489,54.63376945216945,-1.609525141680301,44.96581691678934,0.34442318460210486,10.023575097421986,10.051471904595214,9.982937818621783,GLN_31_A_CD,THR_29_C_HG23,54.775,-1.573,46.62,54.427,-1.663,42.544,54.63376945216945,-1.609525141680301,44.96581691678934,-0.0030292516409144055,-0.0020268577220467813,51.9883874134686,-11.273934718817499,45.236370291035556,54.63376945216945,-1.609525141680301,44.96581691678934,4.091818666558918,2.5406885199614537
3217,2223,5,0.5,22.901543721065458,2.290154372106546,9.160617488426183,11.450771860532729,9.638576964519832,3.9716222585264656,9.634299709680125,3.979467575566935,9.636243783541484,3.9759017661017406,55.20708174415459,-1.3607274280651667,44.90799733353774,0.39138881236862294,10.427823396233324,10.428348753593356,10.427387373212353,GLN_31_A_HG3,THR_29_C_HG23,55.368,-1.358,46.551,55.073,-1.363,43.539,55.20708174415459,-1.3607274280651667,44.90799733353774,-0.0030292516409144055,-0.0020268577220467813,51.9883874134686,-11.273934718817499,45.236370291035556,55.20708174415459,-1.3607274280651667,44.90799733353774,3.0264160322070732,2.477184847398624
3215,1527,5,0.5,22.901543721065458,2.290154372106546,9.160617488426183,11.450771860532729,9.21755110789613,4.2597914002988215,9.123262160937603,4.191097494160934,9.181219705924489,4.233322275365276,55.49682627432201,-1.794917303856928,44.87902340044794,0.43209042275891724,10.113783228529506,10.157863802546297,10.043479814170906,GLN_31_A_HG3,PHE_28_C_HA,55.676,-1.756,46.423,55.211,-1.857,42.416,55.49682627432201,-1.794917303856928,44.87902340044794,-0.0030292516409144055,-0.0020268577220467813,51.9883874134686,-11.273934718817499,45.236370291035556,55.49682627432201,-1.794917303856928,44.87902340044794,4.035154891698712,2.594629956439224
2898,1140,5,0.5,22.901543721065458,2.290154372106546,9.160617488426183,11.450771860532729,9.73122126171442,4.978602848130672,9.601503427478223,4.886730295827864,9.656250832545162,4.925505101659854,56.14767527531132,-1.2687571073112278,44.81327644798729,0.47172229495251394,10.843535537613358,10.93445496234637,10.777151501702704,GLN_31_A_CG,PHE_28_C_CA,56.417,-1.189,47.017,55.951,-1.327,43.204,56.14767527531132,-1.2687571073112278,44.81327644798729,-0.0030292516409144055,-0.0020268577220467813,51.9883874134686,-11.273934718817499,45.236370291035556,56.14767527531132,-1.2687571073112278,44.81327644798729,3.8438482019975786,3.0734118396466075
4056,1468,5,0.5,22.901543721065458,2.290154372106546,9.160617488426183,11.450771860532729,9.574405285192656,5.148032564187265,9.550133148381601,5.260866515740717,9.548749500361668,5.267298684233481,56.49488662601124,-1.350026101020787,44.77836200804739,0.5041160894141854,10.908816113323796,10.874298338583934,10.90692250369655,ARG_33_A_HE,PHE_28_C_H,56.942,-1.331,50.427,56.519,-1.349,45.083,56.49488662601124,-1.350026101020787,44.77836200804739,-0.0030292516409144055,-0.0020268577220467813,51.9883874134686,-11.273934718817499,45.236370291035556,56.49488662601124,-1.350026101020787,44.77836200804739,5.36074519073608,1.9628964765811014
4055,1492,5,0.5,22.901543721065458,2.290154372106546,9.160617488426183,11.450771860532729,9.543003435168492,5.545228672204077,9.672391489690414,5.510750358446637,9.687273987041756,5.506784587301304,56.72202188589092,-1.1937372484779485,44.755429509962255,0.5169258143186902,11.146702669150375,11.040778232168671,11.135729843925498,ARG_33_A_HE,PHE_28_C_H,57.381,-1.332,50.81,56.79,-1.208,45.38,56.72202188589092,-1.1937372484779485,44.755429509962255,-0.0030292516409144055,-0.0020268577220467813,51.9883874134686,-11.273934718817499,45.236370291035556,56.72202188589092,-1.1937372484779485,44.755429509962255,5.463474810045343,1.8799630344275227
2889,1514,5,0.5,22.901543721065458,2.290154372106546,9.160617488426183,11.450771860532729,9.677861863931831,5.933800138601956,9.783683774069651,5.873828093253896,9.73974655276743,5.898728466200981,57.106908548393044,-1.1116895668582107,44.71665052945011,0.5445667995027739,11.390372854642232,11.355778041238045,11.415140089044959,GLN_31_A_CG,PHE_28_C_HA,57.542,-1.169,48.643,56.798,-1.071,41.929,57.106908548393044,-1.1116895668582107,44.71665052945011,-0.0030292516409144055,-0.0020268577220467813,51.9883874134686,-11.273934718817499,45.236370291035556,57.106908548393044,-1.1116895668582107,44.71665052945011,6.755807575708472,1.924523521817553
3205,1169,5,0.5,22.901543721065458,2.290154372106546,9.160617488426183,11.450771860532729,7.935269586781102,5.831488196047357,7.991260490659653,5.641591902102282,8.075311905638328,5.356526809388102,56.694663031754466,-2.812452359661828,44.75889846242493,0.5856845426385658,9.694002953202116,9.85121750499128,9.785657933429574,GLN_31_A_HG3,PHE_28_C_O,57.42,-2.915,47.13,57.13,-2.874,46.182,56.694663031754466,-2.812452359661828,44.75889846242493,-0.0030292516409144055,-0.0020268577220467813,51.9883874134686,-11.273934718817499,45.236370291035556,56.694663031754466,-2.812452359661828,44.75889846242493,0.9922121748900283,1.3692458817855124
3807,916,5,0.5,22.901543721065458,2.290154372106546,9.160617488426183,11.450771860532729,8.344528201288787,7.051776349750933,8.27043525039763,6.9960854778530255,8.225670175335225,6.962438470535652,58.2765396649871,-2.5407297892362855,44.599546541727825,0.702378705674165,10.780318713656895,10.928762744232227,10.836225871022618,ARG_33_A_HA,TYR_27_C_HB2,58.684,-2.414,47.848,58.43,-2.493,45.823,58.2765396649871,-2.5407297892362855,44.599546541727825,-0.0030292516409144055,-0.0020268577220467813,51.9883874134686,-11.273934718817499,45.236370291035556,58.2765396649871,-2.5407297892362855,44.599546541727825,2.0423961417903223,1.7700992776427207
4107,1586,5,0.5,22.901543721065458,2.290154372106546,9.160617488426183,11.450771860532729,6.89180648802028,6.393318209194254,6.952563148624828,6.313706078218852,6.930790341001245,6.342235947948083,57.75900577431941,-3.878918041747955,44.65223266171131,0.7410265588001548,9.39827243118211,9.404211737399365,9.395144924734433,ARG_33_A_HH21,PHE_28_C_HB3,58.477,-3.911,51.247,57.358,-3.861,40.969,57.75900577431941,-3.878918041747955,44.65223266171131,-0.0030292516409144055,-0.0020268577220467813,51.9883874134686,-11.273934718817499,45.236370291035556,57.75900577431941,-3.878918041747955,44.65223266171131,10.33885607792274,2.967523734210132
3707,1657,5,0.5,22.901543721065458,2.290154372106546,9.160617488426183,11.450771860532729,6.723162261334949,6.8531815593033505,6.5242165983937,6.91143610466137,6.597130517855708,6.890085715988738,58.327722308089584,-4.17006616591473,44.59511418891731,0.8070333070558926,9.542710553694059,9.603933293712759,9.507939236187902,ARG_33_A_CZ,PHE_28_C_HD2,59.01,-4.044,51.836,57.933,-4.243,40.406,58.327722308089584,-4.17006616591473,44.59511418891731,-0.0030292516409144055,-0.0020268577220467813,51.9883874134686,-11.273934718817499,45.236370291035556,58.327722308089584,-4.17006616591473,44.59511418891731,11.482352981858728,3.7018390574197837
3699,1665,5,0.5,22.901543721065458,2.290154372106546,9.160617488426183,11.450771860532729,6.811716269510769,7.348830408749229,6.625997331305105,7.436903458053093,6.700000485074477,7.401809118867535,58.82763728713667,-4.0286817890241915,44.544730234079715,0.8350357363372796,9.987361754714454,10.023764715419576,9.96401915295045,ARG_33_A_CZ,PHE_28_C_HD2,59.52,-3.918,52.035,58.369,-4.102,39.583,58.82763728713667,-4.0286817890241915,44.544730234079715,-0.0030292516409144055,-0.0020268577220467813,51.9883874134686,-11.273934718817499,45.236370291035556,58.82763728713667,-4.0286817890241915,44.544730234079715,12.50643678271313,4.211784093196555
4974,1658,5,0.5,22.901543721065458,2.290154372106546,9.160617488426183,11.450771860532729,6.168025141606747,6.953314967176399,6.130500715083191,7.116672933683384,3.560161280398968,18.30632890401904,69.88311820195541,-6.332444181572454,43.43290175956727,1.3785781904299101,18.651869007316577,9.298316633972135,9.39659920252313,PHE_38_A_CD2,PHE_28_C_HD2,57.999,-4.595,40.375,58.17,-4.62,40.419,69.88311820195541,-6.332444181572454,43.43290175956727,-0.0030292516409144055,-0.0020268577220467813,51.9883874134686,-11.273934718817499,45.236370291035556,69.88311820195541,-6.332444181572454,43.43290175956727,0.17833115263464075,2.889533380444699
3959,1629,5,0.5,22.901543721065458,2.290154372106546,9.160617488426183,11.450771860532729,7.126862121321804,8.495565581492244,7.2538672961861055,8.705989206100321,7.278167562566563,8.746250165042982,60.11780617661663,-3.3502133962501923,44.414561986178136,0.8766678017409663,11.381923295922515,11.092539305913686,11.33543520442211,ARG_33_A_HD2,PHE_28_C_HD1,60.586,-3.517,51.447,60.193,-3.377,45.544,60.11780617661663,-3.3502133962501923,44.414561986178136,-0.0030292516409144055,-0.0020268577220467813,51.9883874134686,-11.273934718817499,45.236370291035556,60.11780617661663,-3.3502133962501923,44.414561986178136,5.917724055749818,2.791446457095338
5206,1673,5,0.5,22.901543721065458,2.290154372106546,9.160617488426183,11.450771860532729,6.34201896420489,7.958477099050916,6.4595505503214214,7.886356176890082,6.359833364741787,7.947545646180111,59.39474860674488,-4.3264787419902815,44.48777627921296,0.8958096294360717,10.18242228891327,10.179845780128794,10.197623477923079,PHE_38_A_HB2,PHE_28_C_HD2,59.501,-4.343,45.421,58.8,-4.234,39.264,59.39474860674488,-4.3264787419902815,44.48777627921296,-0.0030292516409144055,-0.0020268577220467813,51.9883874134686,-11.273934718817499,45.236370291035556,59.39474860674488,-4.3264787419902815,44.48777627921296,6.19773595758967,2.20997888371976
3769,1677,5,0.5,22.901543721065458,2.290154372106546,9.160617488426183,11.450771860532729,6.5175969224078,8.707628088748184,6.631788356775425,8.628920265173088,6.538222564703589,8.69341161599845,60.12125496209178,-4.092034545602723,44.41454250273776,0.9258488242394807,10.881113250724345,10.880103629481777,10.886415982092698,ARG_33_A_H,PHE_28_C_HD2,60.256,-4.111,45.596,59.51,-4.006,39.055,60.12125496209178,-4.092034545602723,44.41454250273776,-0.0030292516409144055,-0.0020268577220467813,51.9883874134686,-11.273934718817499,45.236370291035556,60.12125496209178,-4.092034545602723,44.41454250273776,6.584240426958903,3.651817212855414
3770,1322,5,0.5,22.901543721065458,2.290154372106546,9.160617488426183,11.450771860532729,6.487439560512823,9.104210838057968,6.385819211312674,9.197810848314546,6.468555831565258,9.121604177453932,60.55132625847007,-4.129025146757813,44.371267812101536,0.9538418671248595,11.185797099679707,11.1825645705082,11.200642771733998,ARG_33_A_H,PHE_28_C_CD2,60.65,-4.111,45.539,60.119,-4.208,39.255,60.55132625847007,-4.129025146757813,44.371267812101536,-0.0030292516409144055,-0.0020268577220467813,51.9883874134686,-11.273934718817499,45.236370291035556,60.55132625847007,-4.129025146757813,44.371267812101536,6.3071408736447285,4.322455266219284
5294,1312,5,0.5,22.901543721065458,2.290154372106546,9.160617488426183,11.450771860532729,5.698204772601458,8.38723037567351,5.6495718231106995,8.364102855420919,5.27566477085341,8.18629042548984,59.713468885362346,-5.3894174126518175,44.45616336995348,0.9981830687897986,9.742338041438709,10.143160568937995,10.096733396867359,PHE_38_A_HD2,PHE_28_C_CD2,59.392,-4.955,39.582,59.429,-5.005,40.143,59.713468885362346,-5.3894174126518175,44.45616336995348,-0.0030292516409144055,-0.0020268577220467813,51.9883874134686,-11.273934718817499,45.236370291035556,59.713468885362346,-5.3894174126518175,44.45616336995348,0.5644377733639022,2.6608681364211937
5172,1215,5,0.5,22.901543721065458,2.290154372106546,9.160617488426183,11.450771860532729,5.171726381365766,7.929558501617962,5.129988089722591,7.918401096085909,5.208517627601507,7.939393471812502,59.47359170517892,-5.475096589825428,44.48034728212959,0.9900408720536533,9.498756640997076,9.470382366822955,9.438275583929563,PHE_38_A_HB2,PHE_28_C_CB,59.359,-5.513,43.412,59.229,-5.556,42.2,59.47359170517892,-5.475096589825428,44.48034728212959,-0.0030292516409144055,-0.0020268577220467813,51.9883874134686,-11.273934718817499,45.236370291035556,59.47359170517892,-5.475096589825428,44.48034728212959,1.2197102114846752,1.7061398889774264
3465,1239,5,0.5,22.901543721065458,2.290154372106546,9.160617488426183,11.450771860532729,5.091546623521207,8.161418079413968,5.178218136304571,8.272114272165858,5.080056544610069,8.146743038572566,59.6890033449169,-5.587461619544429,44.4587135528957,1.013070722366263,9.604176801517442,9.622709420398992,9.762516885127248,ILE_32_A_HB,PHE_28_C_CG,59.678,-5.575,44.212,59.595,-5.481,42.351,59.6890033449169,-5.587461619544429,44.4587135528957,-0.0030292516409144055,-0.0020268577220467813,51.9883874134686,-11.273934718817499,45.236370291035556,59.6890033449169,-5.587461619544429,44.4587135528957,1.8652200942516182,1.6431325301305946
4913,1256,5,0.5,22.901543721065458,2.290154372106546,9.160617488426183,11.450771860532729,5.378080506247298,8.906746490053386,5.407445709682943,8.945317370896715,5.4278205367128916,8.972079488424624,60.48156382889323,-5.178103196527753,44.37875349785455,1.026584852877339,10.489457285084512,10.407813641129131,10.456013009388897,PHE_38_A_CB,PHE_28_C_CD1,60.114,-5.234,41.34,60.331,-5.201,43.134,60.48156382889323,-5.178103196527753,44.37875349785455,-0.0030292516409144055,-0.0020268577220467813,51.9883874134686,-11.273934718817499,45.236370291035556,60.48156382889323,-5.178103196527753,44.37875349785455,1.807377658376907,2.4968692734988576
5195,1273,5,0.5,22.901543721065458,2.290154372106546,9.160617488426183,11.450771860532729,5.3832088054436955,9.426108619575682,5.4173699683451355,9.406971683907033,5.457797318614995,9.384324457183503,60.88828982031131,-5.1169468049212865,44.33778539573996,1.0438788316194743,10.859291774201578,10.858236458369595,10.858636252329458,PHE_38_A_HB2,PHE_28_C_CD1,60.742,-5.189,42.412,60.809,-5.156,43.294,60.88828982031131,-5.1169468049212865,44.33778539573996,-0.0030292516409144055,-0.0020268577220467813,51.9883874134686,-11.273934718817499,45.236370291035556,60.88828982031131,-5.1169468049212865,44.33778539573996,0.8851564833406557,2.58187631382206
4199,1310,5,0.5,22.901543721065458,2.290154372106546,9.160617488426183,11.450771860532729,5.374804798821503,9.749181384371147,5.486785677735506,9.670509444421313,5.3766837165692785,9.747861354508395,61.255080351703334,-5.170254992748186,44.30088776241198,1.066593858067382,11.13560199411415,11.135850270858496,11.121871536530413,GLY_34_A_O,PHE_28_C_CD2,61.263,-5.172,44.365,60.791,-5.068,40.544,61.255080351703334,-5.170254992748186,44.30088776241198,-0.0030292516409144055,-0.0020268577220467813,51.9883874134686,-11.273934718817499,45.236370291035556,61.255080351703334,-5.170254992748186,44.30088776241198,3.8514466113396977,4.2419665456935185
5197,1271,5,0.5,22.901543721065458,2.290154372106546,9.160617488426183,11.450771860532729,5.335966195678297,10.07591173364303,5.587510577391411,9.936219191678445,5.668753650062411,9.891101700835936,61.375136564729594,-4.86816252106142,44.288669451125614,1.0502366019308036,11.403644766486272,11.404811205707036,11.402757127923985,PHE_38_A_HB2,PHE_28_C_CD1,61.35,-5.187,41.947,61.369,-4.946,43.717,61.375136564729594,-4.86816252106142,44.288669451125614,-0.0030292516409144055,-0.0020268577220467813,51.9883874134686,-11.273934718817499,45.236370291035556,61.375136564729594,-4.86816252106142,44.288669451125614,1.786432758320331,3.1967243912740044
5231,1274,5,0.5,22.901543721065458,2.290154372106546,9.160617488426183,11.450771860532729,4.543578827091269,10.045227359567804,5.492455977876083,9.856724355219772,5.854948947825759,9.784711857254113,61.25552809231269,-4.690572468065729,44.30063081098262,1.031434225853031,11.40597050937096,11.028098763088833,11.286954123523373,PHE_38_A_HB3,PHE_28_C_CD1,61.25,-5.98,40.659,61.254,-5.047,43.294,61.25552809231269,-4.690572468065729,44.30063081098262,-0.0030292516409144055,-0.0020268577220467813,51.9883874134686,-11.273934718817499,45.236370291035556,61.25552809231269,-4.690572468065729,44.30063081098262,2.7953049923040583,2.35700627660524
5255,1306,5,0.5,22.901543721065458,2.290154372106546,9.160617488426183,11.450771860532729,3.954171588323677,10.596160843541957,5.5795950970890145,9.924456554484186,17.347303950455366,5.061465176198138,55.701843348886605,6.410454834788838,44.854761940306744,0.2839522944748326,18.074097869640347,11.312869708391416,11.38862448023631,PHE_38_A_HB3,PHE_28_C_CD2,61.824,-6.526,40.43,61.081,-4.956,40.967,55.701843348886605,6.410454834788838,44.854761940306744,-0.0030292516409144055,-0.0020268577220467813,51.9883874134686,-11.273934718817499,45.236370291035556,55.701843348886605,6.410454834788838,44.854761940306744,1.8180533545526076,2.6143436659324744
5247,1243,5,0.5,22.901543721065458,2.290154372106546,9.160617488426183,11.450771860532729,2.7505032673466934,9.902105789993104,5.258893340839996,9.017687416099196,7.776152257161455,8.130142029530791,59.468962858340944,-2.9003906403494466,44.479675942423555,0.8075791523314814,11.253792061242992,10.279775524624036,10.442369221141135,PHE_38_A_HB3,PHE_28_C_CG,61.19,-7.779,40.13,60.331,-5.344,42.301,59.468962858340944,-2.9003906403494466,44.479675942423555,-0.0030292516409144055,-0.0020268577220467813,51.9883874134686,-11.273934718817499,45.236370291035556,59.468962858340944,-2.9003906403494466,44.479675942423555,3.373476989694755,2.6277294421188113
5249,1246,5,0.5,22.901543721065458,2.290154372106546,9.160617488426183,11.450771860532729,2.1119536200076476,10.29358636162524,5.347890603870142,9.18169654984222,10.319320321929808,7.473479708453703,58.62546262696719,-0.41435108570286805,44.563484665030664,0.6267874943908411,12.744963677466187,10.510604364629343,10.628881358202579,PHE_38_A_HB3,PHE_28_C_CG,61.631,-8.386,40.13,60.446,-5.243,41.878,58.62546262696719,-0.41435108570286805,44.563484665030664,-0.0030292516409144055,-0.0020268577220467813,51.9883874134686,-11.273934718817499,45.236370291035556,58.62546262696719,-0.41435108570286805,44.563484665030664,3.7865786668178427,2.2777213617531866
5433,1305,5,0.5,22.901543721065458,2.290154372106546,9.160617488426183,11.450771860532729,1.1543599105856397,11.286636945568418,5.397788414705361,9.50650031067829,13.215540220543717,6.226919571061642,57.17006566598992,2.378983692296035,44.708751251904616,0.44036538352666676,14.612677800582224,11.347840329179814,10.935306140082469,GLU_39_A_HB2,PHE_28_C_CD2,62.579,-9.266,38.936,60.676,-5.169,40.967,57.17006566598992,2.378983692296035,44.708751251904616,-0.0030292516409144055,-0.0020268577220467813,51.9883874134686,-11.273934718817499,45.236370291035556,57.17006566598992,2.378983692296035,44.708751251904616,4.95295659177425,1.7235903054904673
5500,8079,5,0.5,22.901543721065458,2.290154372106546,9.160617488426183,11.450771860532729,-3.7783585551411867,9.21226267498286,-7.666493533510962,5.262970385411998,-14.986057618659524,-2.171724697271901,50.967127956043576,-26.378363631600227,45.34584221047158,-2.9977819647551693,15.139310676574137,9.95772277894816,9.297789025876373,LYS_40_A_HD2,LEU_48_C_HD22,61.768,-14.338,47.796,58.021,-18.515,46.946,50.967127956043576,-26.378363631600227,45.34584221047158,-0.0030292516409144055,-0.0020268577220467813,51.9883874134686,-11.273934718817499,45.236370291035556,50.967127956043576,-26.378363631600227,45.34584221047158,5.675371177288761,1.6263695853750486
5505,8071,5,0.5,22.901543721065458,2.290154372106546,9.160617488426183,11.450771860532729,-4.704631440739502,8.744288638659436,-8.033112319091847,5.161558411306935,-1.228671120487311,12.485763672942968,64.47010295156575,-11.548933081555651,43.9800807324737,1.668630204707917,12.547793046127119,9.929909259745504,9.546981035945095,LYS_40_A_HD3,LEU_48_C_HD22,61.168,-15.298,45.793,58.006,-18.888,47.529,64.47010295156575,-11.548933081555651,43.9800807324737,-0.0030292516409144055,-0.0020268577220467813,51.9883874134686,-11.273934718817499,45.236370291035556,64.47010295156575,-11.548933081555651,43.9800807324737,5.089208189885733,1.19418902331253
5503,8077,5,0.5,22.901543721065458,2.290154372106546,9.160617488426183,11.450771860532729,-5.0316628923807265,8.774050105086124,-8.05512846457731,5.29382077262425,-2.9876787577436033,11.126824883097818,63.25471099534466,-13.405940371289653,44.103242500484754,1.8328206087585202,11.522129739914769,10.114676621124001,9.637546568438225,LYS_40_A_HD3,LEU_48_C_HD22,61.184,-15.622,45.408,58.121,-18.9,47.338,63.25471099534466,-13.405940371289653,44.103242500484754,-0.0030292516409144055,-0.0020268577220467813,51.9883874134686,-11.273934718817499,45.236370291035556,63.25471099534466,-13.405940371289653,44.103242500484754,4.8838666034198726,1.343104608754256
5523,8082,5,0.5,22.901543721065458,2.290154372106546,9.160617488426183,11.450771860532729,-5.587659044154723,9.355513948577004,-8.06372043122296,5.413699208488586,-22.86136897820097,-18.14370912789786,35.715907504168584,-35.4423569027638,46.88503562602798,-2.470731353975969,29.18260321915859,10.897323518230737,9.711067455065127,LYS_40_A_HD3,LEU_48_C_HD22,61.87,-16.132,46.013,58.121,-18.9,46.138,35.715907504168584,-35.4423569027638,46.88503562602798,-0.0030292516409144055,-0.0020268577220467813,51.9883874134686,-11.273934718817499,45.236370291035556,35.715907504168584,-35.4423569027638,46.88503562602798,4.661807589336989,1.3433612981927465
5454,8083,5,0.5,22.901543721065458,2.290154372106546,9.160617488426183,11.450771860532729,-5.0099386138231194,7.911021228135373,-7.681017472838845,5.155428803869256,-3.0874671657800254,9.894320126336963,62.03947410432735,-13.598918386088261,44.225653636953396,1.8729288617520032,10.36587868321218,9.364052080707348,9.249370358361393,LYS_40_A_O,LEU_48_C_HD22,60.279,-15.666,45.026,57.833,-18.538,46.138,62.03947410432735,-13.598918386088261,44.225653636953396,-0.0030292516409144055,-0.0020268577220467813,51.9883874134686,-11.273934718817499,45.236370291035556,62.03947410432735,-13.598918386088261,44.225653636953396,3.9329180006707505,1.2592139042720032
6303,8062,5,0.5,22.901543721065458,2.290154372106546,9.160617488426183,11.450771860532729,-6.499412231382261,9.41225826786584,-8.577624441603813,5.614520010414207,-7.164837248521951,8.196256344372472,60.662684841955326,-17.793330763485987,44.36609413897581,2.2888181749235312,10.885923995965355,11.438171018363835,10.250330794355177,GLU_43_A_HB3,LEU_48_C_HD22,61.727,-17.038,43.337,58.403,-19.397,46.551,60.662684841955326,-17.793330763485987,44.36609413897581,-0.0030292516409144055,-0.0020268577220467813,51.9883874134686,-11.273934718817499,45.236370291035556,60.662684841955326,-17.793330763485987,44.36609413897581,5.190727598323762,1.4194181567506294
6284,8080,5,0.5,22.901543721065458,2.290154372106546,9.160617488426183,11.450771860532729,-6.923644951721255,7.910276667894506,-8.071695490735554,5.529382807459239,-7.339257507347467,7.04835522072559,59.53701858631892,-18.054309059095576,44.47951912079544,2.3760607800765445,10.174877516310593,10.511872751783224,9.782630922301351,GLU_43_A_HB3,LEU_48_C_HD22,60.252,-17.575,43.316,58.277,-18.899,46.53,59.53701858631892,-18.054309059095576,44.47951912079544,-0.0030292516409144055,-0.0020268577220467813,51.9883874134686,-11.273934718817499,45.236370291035556,59.53701858631892,-18.054309059095576,44.47951912079544,3.9979240863228007,1.3062919042143428
6162,8078,5,0.5,22.901543721065458,2.290154372106546,9.160617488426183,11.450771860532729,-7.244746234310948,7.225463350943189,-8.068716942298394,5.4878249496929365,-7.460308473830839,6.770872888420372,59.270867610363894,-18.19605648954947,44.50637252255401,2.4042509872314213,10.07388625948306,10.231279469032376,9.756730537972295,GLU_43_A_C,LEU_48_C_HD22,59.623,-17.947,43.642,58.277,-18.899,46.946,59.270867610363894,-18.19605648954947,44.50637252255401,-0.0030292516409144055,-0.0020268577220467813,51.9883874134686,-11.273934718817499,45.236370291035556,59.270867610363894,-18.19605648954947,44.50637252255401,3.692483716957999,1.3563196717234023
6725,8081,5,0.5,22.901543721065458,2.290154372106546,9.160617488426183,11.450771860532729,-6.911105796107127,6.138650769789821,-7.66947208194812,5.3045282431783,-6.253416429820647,6.862039356775915,59.27018690210855,-16.985726348539764,44.50590642468509,2.3094345007591843,9.283466210105253,9.242804945969002,9.323833584382566,TYR_44_A_HB2,LEU_48_C_HD22,58.69,-17.696,45.446,58.021,-18.515,46.53,59.27018690210855,-16.985726348539764,44.50590642468509,-0.0030292516409144055,-0.0020268577220467813,51.9883874134686,-11.273934718817499,45.236370291035556,59.27018690210855,-16.985726348539764,44.50590642468509,1.5143903063609465,1.8563874825177618
6172,8048,5,0.5,22.901543721065458,2.290154372106546,9.160617488426183,11.450771860532729,-8.805101465581956,7.079649845794549,-9.49920262254485,6.0074726449214015,-9.218999742574605,6.440301687935303,59.07569818461375,-19.97475369491914,44.52680397399976,2.531511527784291,11.244452373501883,11.297195235657504,11.237944338825356,GLU_43_A_O,LEU_48_C_HD22,59.35,-19.515,41.2,58.89,-20.286,46.779,59.07569818461375,-19.97475369491914,44.52680397399976,-0.0030292516409144055,-0.0020268577220467813,51.9883874134686,-11.273934718817499,45.236370291035556,59.07569818461375,-19.97475369491914,44.52680397399976,5.6507771146984735,1.5908700469847337
6180,8988,5,0.5,22.901543721065458,2.290154372106546,9.160617488426183,11.450771860532729,-9.217489306848233,6.724789587174768,-9.58396105924956,6.122483043590651,-9.449717287130069,6.343116426254314,58.99670089769284,-20.212177530909013,44.534860723759756,2.5501279004129773,11.379839987189813,11.408607872669895,11.371186210476212,GLU_43_A_O,LYS_51_C_HZ1,59.055,-19.953,41.49,58.963,-20.362,46.295,58.99670089769284,-20.212177530909013,44.534860723759756,-0.0030292516409144055,-0.0020268577220467813,51.9883874134686,-11.273934718817499,45.236370291035556,58.99670089769284,-20.212177530909013,44.534860723759756,4.823253051623976,1.8698455310939086
6186,8060,5,0.5,22.901543721065458,2.290154372106546,9.160617488426183,11.450771860532729,-9.106565603806983,6.035702620142368,-9.386902545716927,5.944459356582062,-9.236234492583026,5.993498362246294,58.63372465276952,-20.025825770265577,44.5713156435209,2.5656788228958103,11.00901456464825,10.923760861675891,11.109355350162394,GLU_43_A_O,LEU_48_C_HD22,58.513,-19.894,43.05,58.774,-20.179,46.339,58.63372465276952,-20.025825770265577,44.5713156435209,-0.0030292516409144055,-0.0020268577220467813,51.9883874134686,-11.273934718817499,45.236370291035556,58.63372465276952,-20.025825770265577,44.5713156435209,3.3116260356507663,2.0028502389609057
7497,7762,5,0.5,22.901543721065458,2.290154372106546,9.160617488426183,11.450771860532729,-9.60178371926602,5.745455076365802,-9.566606847519152,5.837656671366101,-9.58602132812141,5.7867696541659495,58.45503940974348,-20.39028405665651,44.58946310797831,2.598185994655648,11.195709097414715,11.187923664041472,11.205530784049794,ALA_47_A_H,LEU_48_C_CD2,58.218,-20.41,42.634,58.747,-20.366,46.998,58.45503940974348,-20.39028405665651,44.58946310797831,-0.0030292516409144055,-0.0020268577220467813,51.9883874134686,-11.273934718817499,45.236370291035556,58.45503940974348,-20.39028405665651,44.58946310797831,4.396165715711815,2.0797733382246832
7432,8110,5,0.5,22.901543721065458,2.290154372106546,9.160617488426183,11.450771860532729,-8.707109432344557,4.727864236502992,-8.669398132577667,4.726610981512421,-8.712528045269073,4.728044312600384,57.33872126248921,-19.599603782032514,44.701482577235204,2.6440674868086855,9.911051534147411,9.906204195116679,9.872485269429829,ALA_47_A_CB,LEU_48_C_HD23,57.387,-19.594,45.187,57.723,-19.555,48.566,57.33872126248921,-19.599603782032514,44.701482577235204,-0.0030292516409144055,-0.0020268577220467813,51.9883874134686,-11.273934718817499,45.236370291035556,57.33872126248921,-19.599603782032514,44.701482577235204,3.3958883962816024,2.2496757969009296
7464,8029,5,0.5,22.901543721065458,2.290154372106546,9.160617488426183,11.450771860532729,-10.363597288943907,4.257955313976583,-10.288024166773212,4.215395330293146,-10.025661396008742,4.067642333961238,56.78268362125841,-20.959041827670237,44.75805387581032,2.755883427851852,10.817363931709579,11.202179170088943,11.116104097940973,ALA_47_A_CB,LEU_48_C_HD21,57.127,-21.281,46.028,57.05,-21.209,45.744,56.78268362125841,-20.959041827670237,44.75805387581032,-0.0030292516409144055,-0.0020268577220467813,51.9883874134686,-11.273934718817499,45.236370291035556,56.78268362125841,-20.959041827670237,44.75805387581032,0.30293398620821677,3.180138034302319
7549,7875,5,0.5,22.901543721065458,2.290154372106546,9.160617488426183,11.450771860532729,-9.003603303224113,2.7588177084151666,-8.929182435722494,2.636320969124234,-9.174516855549365,3.040141395753497,55.69903075092782,-20.188277766762134,44.86679405149677,2.821314212100215,9.662865649024663,9.414488620015543,9.307904700904183,ALA_47_A_HB1,LEU_48_C_HG,55.451,-20.039,45.333,55.343,-19.974,45.536,55.69903075092782,-20.188277766762134,44.86679405149677,-0.0030292516409144055,-0.0020268577220467813,51.9883874134686,-11.273934718817499,45.236370291035556,55.69903075092782,-20.188277766762134,44.86679405149677,0.238951878000573,2.1348930977246954
7451,8151,5,0.5,22.901543721065458,2.290154372106546,9.160617488426183,11.450771860532729,-10.237697052484627,2.210177346905164,-10.223218596407236,2.239751498107989,-10.239835685566867,2.2058089074939837,54.95172474769129,-21.313806516685588,44.94251512635414,2.929170236118006,10.472189108865196,10.471020601478989,10.463165889898864,ALA_47_A_CB,GLU_49_C_HA,55.034,-21.311,45.718,55.591,-21.292,50.968,54.95172474769129,-21.313806516685588,44.94251512635414,-0.0030292516409144055,-0.0020268577220467813,51.9883874134686,-11.273934718817499,45.236370291035556,54.95172474769129,-21.313806516685588,44.94251512635414,5.279499029264046,1.6684666121098966
7385,7822,5,0.5,22.901543721065458,2.290154372106546,9.160617488426183,11.450771860532729,-10.102862846449323,1.3657188213527156,-10.020329932367925,1.518628759811049,-10.05936868345876,1.4463010940157668,54.18458859372278,-21.19146277758859,45.01968110566187,2.9985548262938835,10.160099242808583,10.192024670567092,10.13206328618356,ALA_47_A_C,LEU_48_C_HA,54.095,-21.241,44.899,54.265,-21.147,45.128,54.18458859372278,-21.19146277758859,45.01968110566187,-0.0030292516409144055,-0.0020268577220467813,51.9883874134686,-11.273934718817499,45.236370291035556,54.18458859372278,-21.19146277758859,45.01968110566187,0.3002948551007833,1.4301884708788462
7419,7448,5,0.5,22.901543721065458,2.290154372106546,9.160617488426183,11.450771860532729,-11.299961007704296,0.044111663374926405,-11.092814585295779,0.045705140998384464,-11.191932662433105,0.04494267338652811,52.87981193758947,-22.42704801506524,45.15156585867764,3.1373948110053482,11.189001996285892,11.297025974312103,11.089888055803286,ALA_47_A_O,ALA_47_C_O,52.848,-22.535,44.762,52.909,-22.328,45.509,52.87981193758947,-22.42704801506524,45.15156585867764,-0.0030292516409144055,-0.0020268577220467813,51.9883874134686,-11.273934718817499,45.236370291035556,52.87981193758947,-22.42704801506524,45.15156585867764,0.7775467831584156,1.2791498116659885
8291,8351,6,0.6,22.901543721065458,2.290154372106546,11.450771860532729,13.740926232639275,-13.578217308031395,-0.024212727774630474,-13.69986930095531,-0.25084320348962685,-13.651630753394059,-0.16097763927774877,52.861239019812096,-24.895278992941662,45.15452565954347,-3.1299472409761564,13.649527035931149,13.575206185513233,13.699099857670355,LEU_50_A_HB3,LEU_50_C_HB3,52.924,-24.812,44.472,52.82,-24.95,45.603,52.861239019812096,-24.895278992941662,45.15452565954347,-0.0030292516409144055,-0.0020268577220467813,51.9883874134686,-11.273934718817499,45.236370291035556,52.861239019812096,-24.895278992941662,45.15452565954347,1.1441245561563653,2.485308875660963
7779,7434,6,0.6,22.901543721065458,2.290154372106546,11.450771860532729,13.740926232639275,-11.440077336431475,-1.3955025039363775,-11.492144827113108,-1.4248206938266104,-11.541245798418089,-1.452468494434409,51.42060117848269,-22.888923376866426,45.29865421020339,-3.016540995201489,11.62902498156365,11.521625027330298,11.576878638329717,LEU_48_A_HA,ALA_47_C_C,51.407,-22.784,44.673,51.414,-22.838,44.995,51.42060117848269,-22.888923376866426,45.29865421020339,-0.0030292516409144055,-0.0020268577220467813,51.9883874134686,-11.273934718817499,45.236370291035556,51.42060117848269,-22.888923376866426,45.29865421020339,0.3265715848018585,1.7491064882460243
8591,7619,6,0.6,22.901543721065458,2.290154372106546,11.450771860532729,13.740926232639275,-11.502973940339354,-2.309429642225374,-11.532147328803884,-2.106755908758041,-11.477775658255785,-2.4844874663464664,50.3919398563566,-22.903907611431617,45.40220600475539,-2.9285348885187403,11.740205099123814,11.72914470253723,11.719660746601877,LYS_51_A_CB,ALA_47_C_HB2,50.512,-22.916,44.833,50.651,-22.93,44.174,50.3919398563566,-22.903907611431617,45.40220600475539,-0.0030292516409144055,-0.0020268577220467813,51.9883874134686,-11.273934718817499,45.236370291035556,50.3919398563566,-22.903907611431617,45.40220600475539,0.6736453072648836,1.8088497671673613
8846,7564,6,0.6,22.901543721065458,2.290154372106546,11.450771860532729,13.740926232639275,-12.76160807657816,-3.954817432649525,-12.690892559943363,-3.9608315442200674,-12.054996327923735,-4.014912332548377,48.91718442946145,-23.595537919262398,45.5509605701114,-2.820173467213172,12.7024863803067,13.356866659564007,13.291125229866967,LYS_51_A_HG3,ALA_47_C_HA,49.157,-24.295,46.8,49.133,-24.225,46.675,48.91718442946145,-23.595537919262398,45.5509605701114,-0.0030292516409144055,-0.0020268577220467813,51.9883874134686,-11.273934718817499,45.236370291035556,48.91718442946145,-23.595537919262398,45.5509605701114,0.14526183256451,2.7345069696864446
8588,7519,6,0.6,22.901543721065458,2.290154372106546,11.450771860532729,13.740926232639275,-11.159421198842836,-4.214097298145831,-11.373993084077837,-4.14687730848051,-10.637832655202317,-4.377497906173609,48.45045832107286,-22.20995578208452,45.5973292488119,-2.7512723188715644,11.499730011101956,11.925041663435968,12.102834533188547,LYS_51_A_CB,ALA_47_C_CB,48.572,-22.718,44.783,48.622,-22.927,44.448,48.45045832107286,-22.20995578208452,45.5973292488119,-0.0030292516409144055,-0.0020268577220467813,51.9883874134686,-11.273934718817499,45.236370291035556,48.45045832107286,-22.20995578208452,45.5973292488119,0.3980025125548834,3.1306444301510656
9278,7486,6,0.6,22.901543721065458,2.290154372106546,11.450771860532729,13.740926232639275,-10.527883361653883,-4.526815121908203,-10.591391294672523,-4.798918815263905,-10.604011489519499,-4.852990825885346,47.97616674882923,-22.21229490881319,45.6450725303178,-2.712440117849953,11.658159195526363,11.456276134624794,11.624266996531103,ASP_52_A_HB2,ALA_47_C_CB,47.758,-22.114,40.288,47.94,-22.196,44.757,47.97616674882923,-22.21229490881319,45.6450725303178,-0.0030292516409144055,-0.0020268577220467813,51.9883874134686,-11.273934718817499,45.236370291035556,47.97616674882923,-22.21229490881319,45.6450725303178,4.473456046503644,2.0958947860257258
9255,7664,6,0.6,22.901543721065458,2.290154372106546,11.450771860532729,13.740926232639275,-10.85326701611419,-5.180476029904419,-10.959568923066774,-5.114836381399482,-10.992229731221938,-5.094668878965602,47.76570995095853,-22.61772457408478,45.666436220986185,-2.707632864230388,12.111875574697729,12.022645107233197,12.09076435949917,ASP_52_A_HB2,ALA_47_C_HB3,47.367,-22.487,42.665,47.672,-22.587,44.961,47.76570995095853,-22.61772457408478,45.666436220986185,-0.0030292516409144055,-0.0020268577220467813,51.9883874134686,-11.273934718817499,45.236370291035556,47.76570995095853,-22.61772457408478,45.666436220986185,2.3183271986499223,3.3202860373467726
8955,7393,6,0.6,22.901543721065458,2.290154372106546,11.450771860532729,13.740926232639275,-11.61420533634672,-5.86897055927805,-11.65273535402086,-5.750610446633445,-11.597263676309424,-5.921013535415755,46.99157456871476,-23.28368839181296,45.744654948839866,-2.669571477419961,13.01770621825842,13.009244346512663,12.990837753991464,LYS_51_A_HE3,GLU_46_C_HB3,47.189,-23.296,47.175,47.638,-23.324,50.428,46.99157456871476,-23.28368839181296,45.744654948839866,-0.0030292516409144055,-0.0020268577220467813,51.9883874134686,-11.273934718817499,45.236370291035556,46.99157456871476,-23.28368839181296,45.744654948839866,3.2839601093801365,1.8662223272655158
9252,7397,6,0.6,22.901543721065458,2.290154372106546,11.450771860532729,13.740926232639275,-11.194922881860842,-6.111385856704393,-11.195559793951478,-6.284610469874021,-11.195269799663023,-6.205739069601938,46.67874472758639,-22.904446871040513,45.775976923563846,-2.6354641228511047,12.796573513742572,12.750794108940978,12.835248216697462,ASP_52_A_HB2,GLU_46_C_HB3,46.304,-22.899,41.114,46.992,-22.909,49.673,46.67874472758639,-22.904446871040513,45.775976923563846,-0.0030292516409144055,-0.0020268577220467813,51.9883874134686,-11.273934718817499,45.236370291035556,46.67874472758639,-22.904446871040513,45.775976923563846,8.586613127421083,1.6186000024056904
8659,7385,6,0.6,22.901543721065458,2.290154372106546,11.450771860532729,13.740926232639275,-10.44862603616402,-6.162926895880659,-10.353623314495321,-6.170080863316669,-10.433260170517636,-6.164083988020019,46.6625347868484,-22.141472833239497,45.77727160297338,-2.607974085994823,12.114481627298298,12.12712585343379,12.049053393106396,LYS_51_A_CE,GLU_46_C_HB3,46.598,-22.157,45.113,46.997,-22.061,49.22,46.6625347868484,-22.141472833239497,45.77727160297338,-0.0030292516409144055,-0.0020268577220467813,51.9883874134686,-11.273934718817499,45.236370291035556,46.6625347868484,-22.141472833239497,45.77727160297338,4.127452725350103,2.501573532755963
8997,7395,6,0.6,22.901543721065458,2.290154372106546,11.450771860532729,13.740926232639275,-10.303475975372065,-6.514079841091237,-10.355378780469932,-6.61086221206691,-10.313212905091234,-6.532236145793222,46.28822572912603,-22.049693159896595,45.81490905875203,-2.5769937494649544,12.204241898368176,12.186305295971842,12.282013088573265,LYS_51_A_HZ1,GLU_46_C_HB3,46.216,-22.039,44.924,46.601,-22.096,49.673,46.28822572912603,-22.049693159896595,45.81490905875203,-0.0030292516409144055,-0.0020268577220467813,51.9883874134686,-11.273934718817499,45.236370291035556,46.28822572912603,-22.049693159896595,45.81490905875203,4.764921300504345,2.141337058881908
9168,7314,6,0.6,22.901543721065458,2.290154372106546,11.450771860532729,13.740926232639275,-11.294918782630727,-7.449048040194108,-11.043778092757483,-7.440616269921149,-11.1742450153863,-7.444996552225782,45.447686354039796,-22.97747182400886,45.89992766764331,-2.5538694417592884,13.42363063829806,13.526451629021741,13.31280389008632,ASP_52_A_OD2,GLU_46_C_OE1,45.021,-23.1,41.61,45.909,-22.845,50.538,45.447686354039796,-22.97747182400886,45.89992766764331,-0.0030292516409144055,-0.0020268577220467813,51.9883874134686,-11.273934718817499,45.236370291035556,45.447686354039796,-22.97747182400886,45.89992766764331,8.975675629165748,1.551415098518542
9034,7370,6,0.6,22.901543721065458,2.290154372106546,11.450771860532729,13.740926232639275,-9.95330099028146,-6.8911507718205005,-10.177000410283371,-6.835560571505997,-10.029014512336486,-6.872335658855432,45.929353435413915,-21.792107568914343,45.85091940939821,-2.5408346012862273,12.154074356799686,12.102393811828797,12.255891324351339,LYS_51_A_HZ1,GLU_46_C_HB3,45.686,-21.719,43.678,46.405,-21.935,50.098,45.929353435413915,-21.792107568914343,45.85091940939821,-0.0030292516409144055,-0.0020268577220467813,51.9883874134686,-11.273934718817499,45.236370291035556,45.929353435413915,-21.792107568914343,45.85091940939821,6.463746359503908,1.8437773501534531
9027,7304,6,0.6,22.901543721065458,2.290154372106546,11.450771860532729,13.740926232639275,-10.65812249780732,-7.760549522557684,-10.801522020407864,-7.580651307735603,-10.710959679483551,-7.694263983474949,45.16540674378024,-22.53442613009077,45.928146269246284,-2.518645090496368,13.18447139806255,13.18050401256603,13.192535564911521,LYS_51_A_HZ1,GLU_46_C_OE1,44.815,-22.488,43.147,45.766,-22.614,50.695,45.16540674378024,-22.53442613009077,45.928146269246284,-0.0030292516409144055,-0.0020268577220467813,51.9883874134686,-11.273934718817499,45.236370291035556,45.16540674378024,-22.53442613009077,45.928146269246284,7.6087174346272075,1.7529357543076853
9137,7366,6,0.6,22.901543721065458,2.290154372106546,11.450771860532729,13.740926232639275,-9.898631959817642,-7.58353031923296,-9.914085519171373,-7.513150913094041,-9.898335026982778,-7.584882626238924,45.21256651178912,-21.715846283783282,45.92303758415591,-2.4877356191971076,12.466626568308033,12.466039775926296,12.435675330006916,LYS_51_A_HZ3,GLU_46_C_HB3,45.223,-21.716,46.013,45.766,-21.724,50.695,45.21256651178912,-21.715846283783282,45.92303758415591,-0.0030292516409144055,-0.0020268577220467813,51.9883874134686,-11.273934718817499,45.236370291035556,45.21256651178912,-21.715846283783282,45.92303758415591,4.713389120367638,1.9173057293440974
9035,7303,6,0.6,22.901543721065458,2.290154372106546,11.450771860532729,13.740926232639275,-10.088334083585204,-8.45426437307291,-10.054919305345324,-8.470428644725908,-10.079538773385968,-8.458519070868965,44.35951121828931,-21.96278743378864,46.00901531244855,-2.4433854366298635,13.154782578698638,13.158787655750942,13.143603861874864,LYS_51_A_HZ1,GLU_46_C_OE1,44.19,-21.972,44.276,44.834,-21.937,50.86,44.35951121828931,-21.96278743378864,46.00901531244855,-0.0030292516409144055,-0.0020268577220467813,51.9883874134686,-11.273934718817499,45.236370291035556,44.35951121828931,-21.96278743378864,46.00901531244855,6.615513358765135,1.5689918554189433
1433,4621,6,0.6,22.901543721065458,2.290154372106546,11.450771860532729,13.740926232639275,5.959575268782684,-11.903397610570957,6.023019100435991,-11.889741250731797,5.85655267416558,-11.925573345973309,39.71657113849251,-6.3355495621182625,46.46947148722825,-1.1140286332542677,13.285543316053248,13.311471686622157,13.327828488967734,PHE_28_A_CZ,ARG_35_C_HG2,39.991,-6.23,49.053,40.16,-6.165,50.644,39.71657113849251,-6.3355495621182625,46.46947148722825,-0.0030292516409144055,-0.0020268577220467813,51.9883874134686,-11.273934718817499,45.236370291035556,39.71657113849251,-6.3355495621182625,46.46947148722825,1.6012704331248993,4.117983775796329
1375,4540,6,0.6,22.901543721065458,2.290154372106546,11.450771860532729,13.740926232639275,5.963102614066148,-11.4177119023715,5.962872267184774,-11.405965951333336,5.962479435135749,-11.3859344840673,40.24395031871563,-6.188999999999993,46.416320700978446,-1.0881100697379902,12.852262319808505,12.880706287996727,12.870190666152638,PHE_28_A_CE2,ARG_35_C_HA,40.62,-6.189,50.469,40.481,-6.189,48.971,40.24395031871563,-6.188999999999993,46.416320700978446,-0.0030292516409144055,-0.0020268577220467813,51.9883874134686,-11.273934718817499,45.236370291035556,40.24395031871563,-6.188999999999993,46.416320700978446,1.5044351099332975,4.973751035749732
1311,4622,6,0.6,22.901543721065458,2.290154372106546,11.450771860532729,13.740926232639275,6.50449989294911,-11.948243225892082,6.480512701174302,-11.944749408092008,6.5072278771104175,-11.948640566260664,39.64455640062404,-5.688498012601375,46.47643468883545,-1.0718417688254425,13.605330829623378,13.603676748689018,13.589147808785881,PHE_28_A_CE1,ARG_35_C_HG2,39.688,-5.691,46.902,40.07,-5.713,50.644,39.64455640062404,-5.688498012601375,46.47643468883545,-0.0030292516409144055,-0.0020268577220467813,51.9883874134686,-11.273934718817499,45.236370291035556,39.64455640062404,-5.688498012601375,46.47643468883545,3.761511930062163,3.2929527415848754
1295,3595,6,0.6,22.901543721065458,2.290154372106546,11.450771860532729,13.740926232639275,6.738737909414827,-11.384940676805343,6.719488268804637,-11.352487668382638,6.739569682233544,-11.38634296429934,40.18487032581936,-5.414179014098195,46.42192545219096,-1.0360793855931223,13.231224191191084,13.229593775568736,13.191861219215403,PHE_28_A_CE1,ARG_33_C_O,40.164,-5.415,46.2,39.681,-5.434,41.064,40.18487032581936,-5.414179014098195,46.42192545219096,-0.0030292516409144055,-0.0020268577220467813,51.9883874134686,-11.273934718817499,45.236370291035556,40.18487032581936,-5.414179014098195,46.42192545219096,5.158696153099156,2.7303705620965983
1677,4253,6,0.6,22.901543721065458,2.290154372106546,11.450771860532729,13.740926232639275,7.1951506099188824,-10.791314232721223,7.212573851676305,-10.849864690131515,7.251481237977389,-10.980612188001517,40.548744748705076,-4.8729700393901325,46.385058748997515,-0.9868750600961795,13.158923143563442,12.970062273546786,13.028450168107303,PHE_28_A_HE1,GLY_34_C_H,40.691,-4.915,45.871,40.647,-4.902,46.03,40.548744748705076,-4.8729700393901325,46.385058748997515,-0.0030292516409144055,-0.0020268577220467813,51.9883874134686,-11.273934718817499,45.236370291035556,40.548744748705076,-4.8729700393901325,46.385058748997515,0.1654871596227333,2.5615755258776107
1702,4260,6,0.6,22.901543721065458,2.290154372106546,11.450771860532729,13.740926232639275,7.930791505475037,-10.53198395378657,7.866759269371905,-10.469808973569716,7.872937647060498,-10.475808147328722,41.00263877952604,-4.215017709828587,46.33907909393478,-0.9260357572048132,13.10461556444733,13.18429020656795,13.096107581656675,PHE_28_A_HE2,GLY_34_C_H,41.533,-4.159,52.211,40.946,-4.221,45.712,41.00263877952604,-4.215017709828587,46.33907909393478,-0.0030292516409144055,-0.0020268577220467813,51.9883874134686,-11.273934718817499,45.236370291035556,41.00263877952604,-4.215017709828587,46.33907909393478,6.525750071830819,4.652291060553537
1261,4240,6,0.6,22.901543721065458,2.290154372106546,11.450771860532729,13.740926232639275,7.610553585512589,-9.23278320709423,7.553237740245563,-9.190694791932223,7.565869070711449,-9.199970284219214,42.29158658793837,-4.424438275869408,46.2094259519248,-0.8822528962779518,11.911775060466466,11.96551321087705,11.89658729459232,PHE_28_A_CD2,GLY_34_C_H,42.796,-4.38,51.581,42.149,-4.437,44.691,42.29158658793837,-4.424438275869408,46.2094259519248,-0.0030292516409144055,-0.0020268577220467813,51.9883874134686,-11.273934718817499,45.236370291035556,42.29158658793837,-4.424438275869408,46.2094259519248,6.92054607671967,4.067002028331942
516,3986,6,0.6,22.901543721065458,2.290154372106546,11.450771860532729,13.740926232639275,8.318589095704398,-9.491872935615195,8.271682158627442,-9.508139052512952,8.333859500519221,-9.486577552772644,41.94925504898965,-3.680397111512981,46.24355643460698,-0.84970718850548,12.627763695638231,12.621668293097315,12.603055898597677,TYR_27_A_CB,ARG_33_C_HD2,41.723,-3.697,44.037,41.028,-3.748,37.259,41.94925504898965,-3.680397111512981,46.24355643460698,-0.0030292516409144055,-0.0020268577220467813,51.9883874134686,-11.273934718817499,45.236370291035556,41.94925504898965,-3.680397111512981,46.24355643460698,6.8137295220752625,3.555218575035538
902,3809,6,0.6,22.901543721065458,2.290154372106546,11.450771860532729,13.740926232639275,8.198146965876802,-8.45005357823993,8.131848355825335,-8.355848589365323,9.794273714710785,-10.718021224916859,40.61726668110306,-2.317585935389822,46.37703257751435,-0.8301534221061543,14.51963087313981,11.77405821377499,11.660298933240574,TYR_27_A_HB2,ARG_33_C_HA,42.784,-3.738,44.114,42.874,-3.797,44.02,40.61726668110306,-2.317585935389822,46.37703257751435,-0.0030292516409144055,-0.0020268577220467813,51.9883874134686,-11.273934718817499,45.236370291035556,40.61726668110306,-2.317585935389822,46.37703257751435,0.14288806808127655,1.9418627501512302
880,3827,6,0.6,22.901543721065458,2.290154372106546,11.450771860532729,13.740926232639275,8.874751226041091,-8.613333878019098,9.092057525595777,-8.701832488350558,16.88739115159295,-11.876504342708067,38.93236152071401,4.667237944845856,46.54355005465386,-0.6127568351910219,20.646779820093464,12.36808775873332,12.585993067540649,TYR_27_A_HB2,ARG_33_C_HA,42.509,-3.076,43.52,42.412,-2.866,43.602,38.93236152071401,4.667237944845856,46.54355005465386,-0.0030292516409144055,-0.0020268577220467813,51.9883874134686,-11.273934718817499,45.236370291035556,38.93236152071401,4.667237944845856,46.54355005465386,0.24542412269375477,2.2488326700673373
903,3799,6,0.6,22.901543721065458,2.290154372106546,11.450771860532729,13.740926232639275,9.018487947681882,-8.011033939427348,9.039642506740345,-7.9272243731731695,8.963522887530578,-8.228793044577454,43.14956347541859,-2.9571530398238863,46.12241377404228,-0.742397161142954,12.168760789729918,12.063663084340622,12.024087000214971,TYR_27_A_HB2,ARG_33_C_HA,43.095,-2.887,43.454,43.074,-2.86,42.427,43.14956347541859,-2.9571530398238863,46.12241377404228,-0.0030292516409144055,-0.0020268577220467813,51.9883874134686,-11.273934718817499,45.236370291035556,43.14956347541859,-2.9571530398238863,46.12241377404228,1.0275694623722536,2.241730746631195
896,3922,6,0.6,22.901543721065458,2.290154372106546,11.450771860532729,13.740926232639275,9.28806730848527,-7.495174353686055,9.225161025514776,-7.383263757182408,9.37852399558119,-7.656097258881337,43.68640165089749,-2.499912227597201,46.06817360792805,-0.6843394627418714,12.107779938385333,11.936152423870109,11.81702813559086,TYR_27_A_HB2,ARG_33_C_HG3,43.603,-2.579,43.569,43.545,-2.634,41.831,43.68640165089749,-2.499912227597201,46.06817360792805,-0.0030292516409144055,-0.0020268577220467813,51.9883874134686,-11.273934718817499,45.236370291035556,43.68640165089749,-2.499912227597201,46.06817360792805,1.7398370613364915,1.885452429868978
888,3927,6,0.6,22.901543721065458,2.290154372106546,11.450771860532729,13.740926232639275,9.82536267188077,-7.151746752408645,9.886133671696811,-7.115815550228202,9.784379467428712,-7.175978307091415,44.13208463305772,-2.0588120268502785,46.02311626435111,-0.6325174726737072,12.13502982410958,12.153838174618896,12.182016782370068,TYR_27_A_HB2,ARG_33_C_HG3,43.95,-2.017,44.004,43.68,-1.955,41.01,44.13208463305772,-2.0588120268502785,46.02311626435111,-0.0030292516409144055,-0.0020268577220467813,51.9883874134686,-11.273934718817499,45.236370291035556,44.13208463305772,-2.0588120268502785,46.02311626435111,3.006788984947231,1.6675983331622501
974,4022,6,0.6,22.901543721065458,2.290154372106546,11.450771860532729,13.740926232639275,11.378410986347719,-7.5555016500833565,10.921706152113769,-7.662222665009855,11.933689515392933,-7.425746316343579,43.72200393176316,0.06536409657044284,46.063456763118914,-0.5563835511932724,14.056915220757862,13.659874206219634,13.34272998482847,TYR_27_A_HD2,ARG_33_C_HD3,43.215,-0.5,41.898,42.798,-0.965,38.472,43.72200393176316,0.06536409657044284,46.063456763118914,-0.0030292516409144055,-0.0020268577220467813,51.9883874134686,-11.273934718817499,45.236370291035556,43.72200393176316,0.06536409657044284,46.063456763118914,3.4824689517639658,2.670677179584749
455,3724,6,0.6,22.901543721065458,2.290154372106546,11.450771860532729,13.740926232639275,10.51078740225503,-6.483941094843369,10.375664980410383,-6.504007289213179,10.482021894166582,-6.488212882371815,44.761742696614924,-1.3110167550662513,45.959404495271244,-0.5539930254855197,12.329108105477907,12.351338097920234,12.247164712451141,TYR_27_A_C,ARG_33_C_CZ,44.994,-1.281,48.246,43.903,-1.422,37.505,44.761742696614924,-1.3110167550662513,45.959404495271244,-0.0030292516409144055,-0.0020268577220467813,51.9883874134686,-11.273934718817499,45.236370291035556,44.761742696614924,-1.3110167550662513,45.959404495271244,10.797186809535157,4.5963748882802395
41,3663,6,0.6,22.901543721065458,2.290154372106546,11.450771860532729,13.740926232639275,11.829014238954437,-6.858327425765637,10.756838824031382,-7.527198563568751,11.579174625783946,-7.014188588037882,44.1570794205047,-0.2569158407244114,46.01980436574885,-0.5443993013060412,13.539492560297132,13.675017756576942,13.13023115593734,GLU_26_A_C,ARG_33_C_CD,44.515,0.005,48.213,42.979,-1.119,38.801,44.1570794205047,-0.2569158407244114,46.01980436574885,-0.0030292516409144055,-0.0020268577220467813,51.9883874134686,-11.273934718817499,45.236370291035556,44.1570794205047,-0.2569158407244114,46.01980436574885,9.602521335565987,3.4158504686488276
1482,3722,6,0.6,22.901543721065458,2.290154372106546,11.450771860532729,13.740926232639275,10.33430744282385,-5.437943516515119,10.198797295219267,-5.616405316309672,10.31403540381048,-5.464641034241895,45.78991518271453,-1.4008884849132788,45.85594822321238,-0.48694759042352775,11.673987182890002,11.67945717300559,11.644677340676893,PHE_28_A_HA,ARG_33_C_CZ,45.963,-1.378,47.325,44.806,-1.531,37.505,45.78991518271453,-1.4008884849132788,45.85594822321238,-0.0030292516409144055,-0.0020268577220467813,51.9883874134686,-11.273934718817499,45.236370291035556,45.78991518271453,-1.4008884849132788,45.85594822321238,9.889108048757482,3.5613765162200868
73,3057,6,0.6,22.901543721065458,2.290154372106546,11.450771860532729,13.740926232639275,12.105079359483438,-5.647686102392084,11.431509893818447,-4.926551652017311,11.815888072760462,-5.33807319647115,45.80208506729219,0.10623764643965394,45.854057484558716,-0.42408693341212356,12.967659667430846,13.359631822984943,12.449884735156036,GLU_26_A_CB,GLN_31_C_OE1,45.675,0.372,47.893,45.971,-0.247,43.144,45.80208506729219,0.10623764643965394,45.854057484558716,-0.0030292516409144055,-0.0020268577220467813,51.9883874134686,-11.273934718817499,45.236370291035556,45.80208506729219,0.10623764643965394,45.854057484558716,4.7983099107915095,4.665052121108722
350,2975,6,0.6,22.901543721065458,2.290154372106546,11.450771860532729,13.740926232639275,11.43551130031583,-4.612820077424367,11.410747300576489,-4.555336568958117,11.434946229578074,-4.611508405284169,46.55167534692579,-0.2185020011452593,45.778747075948594,-0.3830882079817187,12.33185319594271,12.332867633831631,12.288487478546108,GLU_26_A_HB3,GLN_31_C_CD,46.559,-0.218,45.865,46.238,-0.24,42.085,46.55167534692579,-0.2185020011452593,45.778747075948594,-0.0030292516409144055,-0.0020268577220467813,51.9883874134686,-11.273934718817499,45.236370291035556,46.55167534692579,-0.2185020011452593,45.778747075948594,3.793669068329499,2.048987297405355
364,3033,6,0.6,22.901543721065458,2.290154372106546,11.450771860532729,13.740926232639275,11.365249710362995,-3.880142022798274,11.423973577767226,-4.04258057852491,11.390389348596132,-3.9496818318502007,47.21163967604758,-0.21273553785712362,45.71231243788864,-0.3335404868493727,12.057942079599913,12.01155875777723,12.120332835116184,GLU_26_A_HB3,GLN_31_C_OE1,47.403,-0.232,46.902,46.956,-0.187,44.123,47.21163967604758,-0.21273553785712362,45.71231243788864,-0.0030292516409144055,-0.0020268577220467813,51.9883874134686,-11.273934718817499,45.236370291035556,47.21163967604758,-0.21273553785712362,45.71231243788864,2.8150799278173286,2.3466837303024013
114,3060,6,0.6,22.901543721065458,2.290154372106546,11.450771860532729,13.740926232639275,12.164811221906145,-3.554888184850738,12.046934412600438,-3.5096359653759404,12.127368218977692,-3.540514034444959,47.56193011356246,0.5531531565429926,45.67671385648353,-0.2838286454010929,12.635957988812038,12.675928581350425,12.55009744829232,GLU_26_A_CD,GLN_31_C_OE1,47.682,0.59,47.041,47.304,0.474,42.746,47.56193011356246,0.5531531565429926,45.67671385648353,-0.0030292516409144055,-0.0020268577220467813,51.9883874134686,-11.273934718817499,45.236370291035556,47.56193011356246,0.5531531565429926,45.67671385648353,4.313161833272658,2.2705187917179863
250,3345,6,0.6,22.901543721065458,2.290154372106546,11.450771860532729,13.740926232639275,12.784541941277762,-3.148899216339588,12.084664066291445,-2.7824237322166803,12.833536735532793,-3.174554250718931,47.87168011463734,1.2850432098457656,45.645211098048634,-0.24229232215553345,13.222796844933393,13.169084351442006,12.403343764005177,GLU_26_A_OE2,GLN_31_C_HE22,47.87,1.238,45.336,47.846,0.566,40.919,47.87168011463734,1.2850432098457656,45.645211098048634,-0.0030292516409144055,-0.0020268577220467813,51.9883874134686,-11.273934718817499,45.236370291035556,47.87168011463734,1.2850432098457656,45.645211098048634,4.467890889446609,3.1070792367678624
213,3338,6,0.6,22.901543721065458,2.290154372106546,11.450771860532729,13.740926232639275,12.231848990638195,-2.486164369477985,12.31391106225392,-2.4235982510427214,12.254250725654732,-2.4690847420861353,48.61531781826858,0.7609307608782032,45.5705879419486,-0.19861917043226965,12.503091099668744,12.484517803291713,12.552729850872948,GLU_26_A_OE2,GLN_31_C_HE22,48.76,0.738,47.161,48.23,0.822,41.335,48.61531781826858,0.7609307608782032,45.5705879419486,-0.0030292516409144055,-0.0020268577220467813,51.9883874134686,-11.273934718817499,45.236370291035556,48.61531781826858,0.7609307608782032,45.5705879419486,5.850660817377812,2.5486189491950615
225,3356,6,0.6,22.901543721065458,2.290154372106546,11.450771860532729,13.740926232639275,11.651015578148897,-1.6990853815448925,11.51986090576126,-1.6942184130338567,11.642530846313985,-1.6987705248805212,49.42573708402501,0.20939588919328697,45.48925465837989,-0.14468072490985628,11.76851770900319,11.776959222483127,11.646480577385791,GLU_26_A_OE2,GLN_31_C_HE22,49.463,0.218,45.869,48.887,0.085,39.999,49.42573708402501,0.20939588919328697,45.48925465837989,-0.0030292516409144055,-0.0020268577220467813,51.9883874134686,-11.273934718817499,45.236370291035556,49.42573708402501,0.20939588919328697,45.48925465837989,5.899691941110143,3.051375768867084
2150,3330,6,0.6,22.901543721065458,2.290154372106546,11.450771860532729,13.740926232639275,11.425121454949366,-1.104577940509979,11.572762163110463,-1.1343352345737212,11.44938381629161,-1.1094680702725244,50.02496943037701,0.06149973604947266,45.429001183922324,-0.09639965259989104,11.50583291716888,11.48121280452099,11.631039039489128,THR_29_A_HG22,GLN_31_C_HE22,50.105,0.038,46.157,49.618,0.181,41.727,50.02496943037701,0.06149973604947266,45.429001183922324,-0.0030292516409144055,-0.0020268577220467813,51.9883874134686,-11.273934718817499,45.236370291035556,50.02496943037701,0.06149973604947266,45.429001183922324,4.458981722321812,2.659747742470322
3326,250,6,0.6,22.901543721065458,2.290154372106546,11.450771860532729,13.740926232639275,12.139677143844432,1.3223621721915284,12.170668362758933,1.3093090539419165,12.168165790228477,1.3103631065514114,52.37141870990456,0.9617389714471809,45.19240966243245,0.10741253109276946,12.24174645079499,12.214717553407288,12.24412167042063,GLN_31_A_HE22,GLU_26_C_OE2,52.786,0.936,49.17,52.335,0.964,44.843,52.37141870990456,0.9617389714471809,45.19240966243245,-0.0030292516409144055,-0.0020268577220467813,51.9883874134686,-11.273934718817499,45.236370291035556,52.37141870990456,0.9617389714471809,45.19240966243245,4.3505303125021415,2.366914752318726
3329,218,6,0.6,22.901543721065458,2.290154372106546,11.450771860532729,13.740926232639275,12.232796039707887,2.4335204398913737,12.227543864582374,2.672209041254649,12.228198861419823,2.6424422731458246,53.68844541118636,1.122628194026345,45.059766525104536,0.2129289196515458,12.513838665167471,12.475869156067766,12.519523009869806,GLN_31_A_HE22,GLU_26_C_OE2,53.853,1.113,48.778,53.665,1.124,44.53,53.68844541118636,1.122628194026345,45.059766525104536,-0.0030292516409144055,-0.0020268577220467813,51.9883874134686,-11.273934718817499,45.236370291035556,53.68844541118636,1.122628194026345,45.059766525104536,4.25217226838236,2.4804100910454343
2991,353,6,0.6,22.901543721065458,2.290154372106546,11.450771860532729,13.740926232639275,12.048489160493705,3.3042419931816633,11.89714307378412,3.2330853197173144,11.925942934252738,3.246625823550207,54.31067967812823,0.8670660430208234,44.99724523190278,0.26588502762746885,12.36341868802322,12.496819985599371,12.332074123010626,GLN_31_A_OE1,GLU_26_C_HB3,54.671,0.995,48.096,54.226,0.837,44.269,54.31067967812823,0.8670660430208234,44.99724523190278,-0.0030292516409144055,-0.0020268577220467813,51.9883874134686,-11.273934718817499,45.236370291035556,54.31067967812823,0.8670660430208234,44.99724523190278,3.8560235995128433,2.294224405299905
2945,367,6,0.6,22.901543721065458,2.290154372106546,11.450771860532729,13.740926232639275,11.387489045253613,3.836677179187385,11.412427213653677,3.9647673063069244,11.407639522204295,3.940176245868055,55.037887888857895,0.40285656059730957,44.92424941069515,0.33264597526492284,12.072461521013913,12.019964881599021,12.08503629497282,GLN_31_A_CD,GLU_26_C_HB3,55.412,0.377,49.656,54.949,0.409,43.8,55.037887888857895,0.40285656059730957,44.92424941069515,-0.0030292516409144055,-0.0020268577220467813,51.9883874134686,-11.273934718817499,45.236370291035556,55.037887888857895,0.40285656059730957,44.92424941069515,5.874362007912009,2.680759680356828
2997,402,6,0.6,22.901543721065458,2.290154372106546,11.450771860532729,13.740926232639275,11.780939376585103,4.775814547263975,11.861496917412236,4.669002851989612,11.836756757802034,4.701805968397975,55.7611021138614,0.8885021842160092,44.85123606163736,0.37816829876356345,12.739959811768843,12.715725898359628,12.750901919674387,GLN_31_A_OE1,GLU_26_C_HB3,56.19,0.84,48.333,55.571,0.91,43.308,55.7611021138614,0.8885021842160092,44.85123606163736,-0.0030292516409144055,-0.0020268577220467813,51.9883874134686,-11.273934718817499,45.236370291035556,55.7611021138614,0.8885021842160092,44.85123606163736,5.0634658091074325,3.901693198136693
3022,369,6,0.6,22.901543721065458,2.290154372106546,11.450771860532729,13.740926232639275,10.517531147140808,5.097704136580503,10.595078945814556,5.2180306897896624,10.565515550993165,5.1721588344842,56.323726483355536,-0.3434043828811866,44.795146371688865,0.45527977898047123,11.767171997668584,11.69142623116035,11.813928142845072,GLN_31_A_OE1,GLU_26_C_HB3,56.458,-0.396,46.834,56.241,-0.311,43.539,56.323726483355536,-0.3434043828811866,44.795146371688865,-0.0030292516409144055,-0.0020268577220467813,51.9883874134686,-11.273934718817499,45.236370291035556,56.323726483355536,-0.3434043828811866,44.795146371688865,3.303231599509791,2.400888806195056
3738,1484,6,0.6,22.901543721065458,2.290154372106546,11.450771860532729,13.740926232639275,10.03319582290285,5.67326337639585,10.034202007067135,5.777465351372448,10.034298675035451,5.787476434405617,56.97429472793776,-0.8264235570082626,44.729873447423685,0.5231839228495915,11.587333613786837,11.529732563610267,11.582251142837904,ARG_33_A_CZ,PHE_28_C_H,57.587,-0.833,51.953,57.028,-0.827,45.363,56.97429472793776,-0.8264235570082626,44.729873447423685,-0.0030292516409144055,-0.0020268577220467813,51.9883874134686,-11.273934718817499,45.236370291035556,56.97429472793776,-0.8264235570082626,44.729873447423685,6.61366895149735,2.5502019327445713
4066,462,6,0.6,22.901543721065458,2.290154372106546,11.450771860532729,13.740926232639275,9.909540934662964,6.304700697765044,9.949605009364962,6.3824371681879715,9.936574118394983,6.357153282861607,57.54685151437182,-0.8806605531217059,44.6722637676969,0.5691585803350062,11.799783354537595,11.748781220090052,11.824394683512859,ARG_33_A_HE,TYR_27_C_C,58.088,-0.909,50.55,57.286,-0.867,41.839,57.54685151437182,-0.8806605531217059,44.6722637676969,-0.0030292516409144055,-0.0020268577220467813,51.9883874134686,-11.273934718817499,45.236370291035556,57.54685151437182,-0.8806605531217059,44.6722637676969,8.747941986547463,2.5828588823500827
3676,1006,6,0.6,22.901543721065458,2.290154372106546,11.450771860532729,13.740926232639275,10.424457123710969,7.085942654162358,10.281676213090813,7.150619232245727,10.153967418480907,7.208468476872653,58.3750293141066,-0.59932700123338,44.588775019445016,0.6173422446807539,12.456156081515585,12.608401322513176,12.527390493818492,ARG_33_A_CD,TYR_27_C_HD2,58.896,-0.336,51.189,58.621,-0.475,47.705,58.3750293141066,-0.59932700123338,44.588775019445016,-0.0030292516409144055,-0.0020268577220467813,51.9883874134686,-11.273934718817499,45.236370291035556,58.3750293141066,-0.59932700123338,44.588775019445016,3.497599462488524,2.4718387294140154
3917,933,6,0.6,22.901543721065458,2.290154372106546,11.450771860532729,13.740926232639275,9.95204640577377,7.057363908416713,10.0650469150093,7.11378490589598,10.203901034431736,7.183114575071096,58.34610536349342,-0.5514601303837373,44.59166536448983,0.6133702764808715,12.482294791983877,12.204037419390994,12.32886591510812,ARG_33_A_HG3,TYR_27_C_HB2,58.725,-0.81,49.417,58.555,-0.694,47.252,58.34610536349342,-0.5514601303837373,44.59166536448983,-0.0030292516409144055,-0.0020268577220467813,51.9883874134686,-11.273934718817499,45.236370291035556,58.34610536349342,-0.5514601303837373,44.59166536448983,2.1747599867571585,2.436588989961905
3944,508,6,0.6,22.901543721065458,2.290154372106546,11.450771860532729,13.740926232639275,10.726975345352596,7.957270243522695,10.641873634285005,8.123658882331156,10.677715844880549,8.053581129979715,59.17392199886572,-0.01299114881369512,44.50809939113393,0.6461950354250857,13.378009413526055,13.359768298791144,13.391815642283087,ARG_33_A_HG3,TYR_27_C_O,59.571,0.031,49.449,58.885,-0.045,40.913,59.17392199886572,-0.01299114881369512,44.50809939113393,-0.0030292516409144055,-0.0020268577220467813,51.9883874134686,-11.273934718817499,45.236370291035556,59.17392199886572,-0.01299114881369512,44.50809939113393,8.563858242638071,1.8672588157512395
3926,944,6,0.6,22.901543721065458,2.290154372106546,11.450771860532729,13.740926232639275,9.106622539612296,7.313209630018065,9.128040505217822,7.211629264186361,9.162828698070287,7.0466370599003785,58.28931252086261,-1.5998847122359003,44.59784524137282,0.6555587975885018,11.56272524009268,11.683254710458344,11.636720738668902,ARG_33_A_HG3,TYR_27_C_HB2,58.948,-1.634,48.445,58.697,-1.621,46.979,58.28931252086261,-1.5998847122359003,44.59784524137282,-0.0030292516409144055,-0.0020268577220467813,51.9883874134686,-11.273934718817499,45.236370291035556,58.28931252086261,-1.5998847122359003,44.59784524137282,1.4873889874541903,1.6832168974169162
4070,611,6,0.6,22.901543721065458,2.290154372106546,11.450771860532729,13.740926232639275,10.068728260567788,8.928769348630079,10.091955342461093,9.031771571493277,10.114042825228136,9.129720157239374,60.2841231193351,-0.49342283799631503,44.39655862184697,0.7342539455495932,13.628791250650965,13.461033402533623,13.546889975741669,ARG_33_A_HH11,TYR_27_C_CD2,60.965,-0.55,53.127,60.616,-0.521,48.652,60.2841231193351,-0.49342283799631503,44.39655862184697,-0.0030292516409144055,-0.0020268577220467813,51.9883874134686,-11.273934718817499,45.236370291035556,60.2841231193351,-0.49342283799631503,44.39655862184697,4.4886821005725075,3.612299103224946
4086,1370,6,0.6,22.901543721065458,2.290154372106546,11.450771860532729,13.740926232639275,9.42774227752078,9.109823675931468,9.500023230808887,9.280352202466123,9.478956265499505,9.230650055644032,60.432208610885674,-1.119025294821538,44.381928654437814,0.7720773857187908,13.234438874915085,13.113552980900662,13.284222502699025,ARG_33_A_HH11,PHE_28_C_CE2,61.286,-1.175,54.028,60.081,-1.096,40.414,60.432208610885674,-1.119025294821538,44.381928654437814,-0.0030292516409144055,-0.0020268577220467813,51.9883874134686,-11.273934718817499,45.236370291035556,60.432208610885674,-1.119025294821538,44.381928654437814,13.667452652195285,3.7642673386256305
4077,528,6,0.6,22.901543721065458,2.290154372106546,11.450771860532729,13.740926232639275,8.57863965098261,9.146627456075363,8.49662156911843,9.092321526593615,8.469582141342606,9.074418142063696,60.353423977742686,-2.13734120156617,44.39030892829145,0.8197929173360282,12.416400349966562,12.54364049658709,12.447941059072376,ARG_33_A_HH11,TYR_27_C_CB,61.356,-2.019,53.714,60.602,-2.108,46.702,60.353423977742686,-2.13734120156617,44.39030892829145,-0.0030292516409144055,-0.0020268577220467813,51.9883874134686,-11.273934718817499,45.236370291035556,60.353423977742686,-2.13734120156617,44.39030892829145,7.052983836646729,2.8133466954754676
3976,950,6,0.6,22.901543721065458,2.290154372106546,11.450771860532729,13.740926232639275,9.027003195906424,10.315991661934444,8.939181898772494,10.263691107714973,8.907265326099843,10.244683708666651,61.48140021105867,-1.6121620760469155,44.276534723003564,0.8550465421931611,13.57897002329183,13.711418313789865,13.614261111219891,ARG_33_A_HD2,TYR_27_C_HB3,62.309,-1.484,51.879,61.702,-1.578,46.303,61.48140021105867,-1.6121620760469155,44.276534723003564,-0.0030292516409144055,-0.0020268577220467813,51.9883874134686,-11.273934718817499,45.236370291035556,61.48140021105867,-1.6121620760469155,44.276534723003564,5.6097291378461405,2.6491601270758323
4231,956,6,0.6,22.901543721065458,2.290154372106546,11.450771860532729,13.740926232639275,8.660632883266098,10.445547601807656,8.7042032188718,10.38857267616743,8.960065640117952,10.05399314580638,61.28822883547593,-1.573976415722278,44.295962510459155,0.8427995979740278,13.470731544724575,13.572429910492772,13.556565050528661,GLY_34_A_H,TYR_27_C_HB3,61.893,-1.842,46.179,61.805,-1.803,45.905,61.28822883547593,-1.573976415722278,44.295962510459155,-0.0030292516409144055,-0.0020268577220467813,51.9883874134686,-11.273934718817499,45.236370291035556,61.28822883547593,-1.573976415722278,44.295962510459155,0.2904152199868331,2.372482601355247
3996,1736,6,0.6,22.901543721065458,2.290154372106546,11.450771860532729,13.740926232639275,8.092274789970347,10.183157756331651,8.072128760540084,10.025445168776871,8.080521871046054,10.09115038280486,61.391503199050675,-2.448168681956359,44.28595304197609,0.8955113435382283,12.931203561996234,13.010454763323372,12.874718333381484,ARG_33_A_HD2,PHE_28_C_HE2,62.273,-2.426,52.136,60.762,-2.464,38.68,61.391503199050675,-2.448168681956359,44.28595304197609,-0.0030292516409144055,-0.0020268577220467813,51.9883874134686,-11.273934718817499,45.236370291035556,61.391503199050675,-2.448168681956359,44.28595304197609,13.540624099353769,3.550787419731085
3967,1737,6,0.6,22.901543721065458,2.290154372106546,11.450771860532729,13.740926232639275,7.677642093731415,10.075017948767497,7.639378826229256,9.992529245996604,7.656346414563917,10.029108305816775,61.36197873980574,-2.875827836666445,44.289113880120354,0.9186730200624492,12.621002664813748,12.67042005411113,12.581635543087193,ARG_33_A_HD2,PHE_28_C_HE2,62.115,-2.848,51.329,60.762,-2.898,38.68,61.36197873980574,-2.875827836666445,44.289113880120354,-0.0030292516409144055,-0.0020268577220467813,51.9883874134686,-11.273934718817499,45.236370291035556,61.36197873980574,-2.875827836666445,44.289113880120354,12.721254262060798,3.9880745835813323
3867,1743,6,0.6,22.901543721065458,2.290154372106546,11.450771860532729,13.740926232639275,7.439336565291184,10.484106704895371,7.459884332014795,10.53371674595883,7.449917758101931,10.50965368607841,61.854315720969346,-3.0452158387279447,44.23962999955483,0.9540451206220149,12.885722602359088,12.85876378374262,12.911118171545617,ARG_33_A_HB3,PHE_28_C_HE2,62.446,-3.055,50.364,61.297,-3.036,38.471,61.854315720969346,-3.0452158387279447,44.23962999955483,-0.0030292516409144055,-0.0020268577220467813,51.9883874134686,-11.273934718817499,45.236370291035556,61.854315720969346,-3.0452158387279447,44.23962999955483,11.948389473062887,4.110851225844494
3856,1720,6,0.6,22.901543721065458,2.290154372106546,11.450771860532729,13.740926232639275,6.909011822665713,10.720597207538416,6.7386849910838915,10.809006101627983,6.819277056443935,10.767174434211258,62.15741975350033,-3.6545089013002356,44.20938864258582,1.0061068431941025,12.748315960451887,12.757389178738915,12.740845520557542,ARG_33_A_HB3,PHE_28_C_HE2,62.689,-3.566,50.022,61.68,-3.734,38.989,62.15741975350033,-3.6545089013002356,44.20938864258582,-0.0030292516409144055,-0.0020268577220467813,51.9883874134686,-11.273934718817499,45.236370291035556,62.15741975350033,-3.6545089013002356,44.20938864258582,11.080315609223414,4.007329625164815
4176,1335,6,0.6,22.901543721065458,2.290154372106546,11.450771860532729,13.740926232639275,6.926997255792278,11.578450082921709,6.839681273603344,11.613066051672444,6.841347405276646,11.612405522402867,62.99430948951101,-3.568397142687404,44.12510918167308,1.0382821582902024,13.481117584764702,13.495655358911195,13.480840872369747,GLY_34_A_C,PHE_28_C_CE1,62.856,-3.486,43.154,62.997,-3.57,44.144,62.99430948951101,-3.568397142687404,44.12510918167308,-0.0030292516409144055,-0.0020268577220467813,51.9883874134686,-11.273934718817499,45.236370291035556,62.99430948951101,-3.568397142687404,44.12510918167308,1.0035123317627888,2.970765778667173
3618,1388,6,0.6,22.901543721065458,2.290154372106546,11.450771860532729,13.740926232639275,6.638859622112968,11.69247422055293,6.6688538226847935,11.734941713622105,6.655053199092151,11.71540200675886,63.110558868711806,-3.7463431822337796,44.11348610579813,1.0540720008366151,13.476950735048709,13.449016442887942,13.50075757141777,ARG_33_A_O,PHE_28_C_CE2,63.597,-3.762,49.162,62.696,-3.733,39.811,63.110558868711806,-3.7463431822337796,44.11348610579813,-0.0030292516409144055,-0.0020268577220467813,51.9883874134686,-11.273934718817499,45.236370291035556,63.110558868711806,-3.7463431822337796,44.11348610579813,9.394351654052556,3.6329960737038807
3621,1439,6,0.6,22.901543721065458,2.290154372106546,11.450771860532729,13.740926232639275,6.492480515073135,12.08918104907515,6.469812178109159,12.097005928533953,6.476569222148721,12.09467346562803,63.50031172122601,-3.8955479270377147,44.07431944110321,1.0790370418476942,13.722804199378306,13.725485629837387,13.721671564994791,ARG_33_A_O,PHE_28_C_CZ,63.972,-3.878,48.827,63.3,-3.903,42.056,63.50031172122601,-3.8955479270377147,44.07431944110321,-0.0030292516409144055,-0.0020268577220467813,51.9883874134686,-11.273934718817499,45.236370291035556,63.50031172122601,-3.8955479270377147,44.07431944110321,6.80431113339183,3.2702378577877327
4595,1413,6,0.6,22.901543721065458,2.290154372106546,11.450771860532729,13.740926232639275,5.818757892007317,11.660571426013142,6.180469217399122,11.496644013381596,6.582559901069931,11.314416693443494,62.71821385263022,-3.849039660496915,44.15302496593661,1.0437556256575986,13.093199728676673,13.03493015990998,13.055844864220312,ARG_35_A_HG2,PHE_28_C_CZ,62.752,-4.586,40.464,62.736,-4.237,42.211,62.71821385263022,-3.849039660496915,44.15302496593661,-0.0030292516409144055,-0.0020268577220467813,51.9883874134686,-11.273934718817499,45.236370291035556,62.71821385263022,-3.849039660496915,44.15302496593661,1.781590862122951,3.7210903394972
3619,1452,6,0.6,22.901543721065458,2.290154372106546,11.450771860532729,13.740926232639275,5.578323876231718,12.188284232425865,6.24507027730171,11.77373096604404,5.993210767308308,11.930326010830989,63.373758458273656,-4.389978774300398,44.08727670451777,1.1051351483453704,13.354247988730554,13.407281126783191,13.330687155865643,ARG_33_A_O,PHE_28_C_CZ,64.141,-4.782,48.827,62.908,-4.152,41.21,63.373758458273656,-4.389978774300398,44.08727670451777,-0.0030292516409144055,-0.0020268577220467813,51.9883874134686,-11.273934718817499,45.236370291035556,63.373758458273656,-4.389978774300398,44.08727670451777,7.741826528668798,3.289690891868602
3601,1344,6,0.6,22.901543721065458,2.290154372106546,11.450771860532729,13.740926232639275,4.937988474724256,12.209284874481769,6.151474218877619,11.557009746545736,5.9033032263134695,11.69040708285951,63.14252273692269,-4.497823556250164,44.11060055720615,1.1030440604694836,13.099533380811788,13.173070651648134,13.095390035712077,ARG_33_A_O,PHE_28_C_CE1,64.187,-5.419,48.59,62.874,-4.261,42.959,63.14252273692269,-4.497823556250164,44.11060055720615,-0.0030292516409144055,-0.0020268577220467813,51.9883874134686,-11.273934718817499,45.236370291035556,63.14252273692269,-4.497823556250164,44.11060055720615,5.896871543454206,3.2300457950091266
4711,1343,6,0.6,22.901543721065458,2.290154372106546,11.450771860532729,13.740926232639275,4.246137922262257,12.034639614950931,5.969667536493964,11.13905350273984,6.646012833982914,10.787608740498028,62.19077512242317,-3.8257242626841528,44.2061067150059,1.0185186635749979,12.673831188664883,12.76466848163892,12.641075054016024,ARG_35_A_HD3,PHE_28_C_CE1,63.178,-6.126,39.781,62.469,-4.474,42.959,62.19077512242317,-3.8257242626841528,44.2061067150059,-0.0030292516409144055,-0.0020268577220467813,51.9883874134686,-11.273934718817499,45.236370291035556,62.19077512242317,-3.8257242626841528,44.2061067150059,3.651228423421359,3.9022429666939003
4710,1349,6,0.6,22.901543721065458,2.290154372106546,11.450771860532729,13.740926232639275,3.877350224766142,12.320910286809408,6.0586647995241085,11.30306263648287,7.393741480281056,10.680087537778919,62.02764526013277,-3.0883040715276975,44.22220165933358,0.9651592269500151,12.993066813465804,12.919447540394062,12.827672557479469,ARG_35_A_HD3,PHE_28_C_CE1,63.493,-6.472,39.781,62.584,-4.373,42.536,62.02764526013277,-3.0883040715276975,44.22220165933358,-0.0030292516409144055,-0.0020268577220467813,51.9883874134686,-11.273934718817499,45.236370291035556,62.02764526013277,-3.0883040715276975,44.22220165933358,3.580796978327592,4.035289362973058
4868,1449,6,0.6,22.901543721065458,2.290154372106546,11.450771860532729,13.740926232639275,3.5226055781491143,13.07343764565307,6.337879696655219,12.027678076106906,4.6943581552208755,12.638179330109926,64.1740925230032,-5.631404436427453,44.0072633319701,1.2149898697834205,13.484815939457588,13.5424470806443,13.598563419919422,ARG_37_A_H,PHE_28_C_CZ,64.87,-6.766,45.7,63.198,-4.04,41.633,64.1740925230032,-5.631404436427453,44.0072633319701,-0.0030292516409144055,-0.0020268577220467813,51.9883874134686,-11.273934718817499,45.236370291035556,64.1740925230032,-5.631404436427453,44.0072633319701,5.173697807178152,4.023996362289457
4726,1448,6,0.6,22.901543721065458,2.290154372106546,11.450771860532729,13.740926232639275,2.9107479424481593,13.31400510982301,6.1560730142715645,11.609721832301009,8.940218275105009,10.147627248486458,61.382622084841415,-1.5866651092987212,44.28646647906662,0.8485004050992047,13.527644096453832,13.63109698070832,13.144095570339573,ARG_35_A_HD3,PHE_28_C_CZ,64.437,-7.361,38.54,62.793,-4.253,41.633,61.382622084841415,-1.5866651092987212,44.28646647906662,-0.0030292516409144055,-0.0020268577220467813,51.9883874134686,-11.273934718817499,45.236370291035556,61.382622084841415,-1.5866651092987212,44.28646647906662,4.682846249878381,3.6526363434884455
5426,1373,6,0.6,22.901543721065458,2.290154372106546,11.450771860532729,13.740926232639275,1.4467441797498302,12.703455029362564,5.848885370526331,10.802507329236201,15.577923864266246,6.601280574432029,57.36309686826038,4.762955592104287,44.68826767685332,0.40085921148640463,16.92246344489,12.787928408675176,12.287508443223318,GLU_39_A_HB2,PHE_28_C_CE2,63.963,-8.867,38.801,61.907,-4.621,40.635,57.36309686826038,4.762955592104287,44.68826767685332,-0.0030292516409144055,-0.0020268577220467813,51.9883874134686,-11.273934718817499,45.236370291035556,57.36309686826038,4.762955592104287,44.68826767685332,5.061542057515674,1.56527844438112
5572,9129,6,0.6,22.901543721065458,2.290154372106546,11.450771860532729,13.740926232639275,-6.225674101663702,11.872713987061607,-9.695224190943321,9.570761236046714,-5.2945675238468395,12.49047804670618,64.78177842533533,-15.602760785485879,43.950498067444414,1.9714610987347494,13.566984044856225,13.406370838533757,13.622661804127715,LYS_40_A_HZ1,LYS_51_C_HZ3,64.248,-16.578,44.093,62.259,-20.212,44.624,64.78177842533533,-15.602760785485879,43.950498067444414,-0.0030292516409144055,-0.0020268577220467813,51.9883874134686,-11.273934718817499,45.236370291035556,64.78177842533533,-15.602760785485879,43.950498067444414,4.176606038400081,3.1335577042166345
5569,9130,6,0.6,22.901543721065458,2.290154372106546,11.450771860532729,13.740926232639275,-6.658306278402435,11.16165536820331,-9.410967370341584,9.209209584810361,-11.839027039371365,7.4870016179429095,60.31195914977685,-22.50784942420746,44.4034806926886,2.577451719724361,14.006298266868399,12.996942453684303,13.166479272969605,LYS_40_A_HZ1,LYS_51_C_HZ3,63.647,-17.063,44.874,61.875,-19.956,44.624,60.31195914977685,-22.50784942420746,44.4034806926886,-0.0030292516409144055,-0.0020268577220467813,51.9883874134686,-11.273934718817499,45.236370291035556,60.31195914977685,-22.50784942420746,44.4034806926886,3.4017544003058187,2.9334009103292917
6226,9122,6,0.6,22.901543721065458,2.290154372106546,11.450771860532729,13.740926232639275,-6.958164908013924,11.211015197956284,-9.692245642506162,9.529203378280412,-8.380251883310406,10.336248533794516,62.87754792152559,-18.84294086880334,44.143609373615355,2.2517931723698044,13.306306666066,13.194931759617484,13.591367263108568,GLU_43_A_OE1,LYS_51_C_HZ3,63.548,-17.359,43.172,62.259,-20.212,45.04,62.87754792152559,-18.84294086880334,44.143609373615355,-0.0030292516409144055,-0.0020268577220467813,51.9883874134686,-11.273934718817499,45.236370291035556,62.87754792152559,-18.84294086880334,44.143609373615355,3.6456212090671185,2.742038290752041
5670,9138,6,0.6,22.901543721065458,2.290154372106546,11.450771860532729,13.740926232639275,-7.051995503581548,10.749948543825347,-9.47585977452808,9.023123535549557,-9.458453763972221,9.035524037789905,61.66850582103309,-20.016688196220624,44.265830159844974,2.378786988588711,13.079846287222361,12.856628650485252,13.08387777902688,LYS_40_A_HZ3,LYS_51_C_HZ3,63.674,-17.485,48.943,61.654,-20.035,44.232,61.66850582103309,-20.016688196220624,44.265830159844974,-0.0030292516409144055,-0.0020268577220467813,51.9883874134686,-11.273934718817499,45.236370291035556,61.66850582103309,-20.016688196220624,44.265830159844974,5.725069519228563,2.8684028243013486
6309,9119,6,0.6,22.901543721065458,2.290154372106546,11.450771860532729,13.740926232639275,-6.7581989713278245,9.899368152692455,-9.46726780788243,8.903245099685222,-7.774151120141598,9.525803131925867,62.027738668286005,-18.300052603408147,44.228911477507445,2.254991446098234,12.295116079432669,11.986239656123857,12.995217585128492,GLU_43_A_HB3,LYS_51_C_HZ3,62.252,-17.259,43.507,61.654,-20.035,45.432,62.027738668286005,-18.300052603408147,44.228911477507445,-0.0030292516409144055,-0.0020268577220467813,51.9883874134686,-11.273934718817499,45.236370291035556,62.027738668286005,-18.300052603408147,44.228911477507445,3.430656642685189,2.4656290159595065
5492,9123,6,0.6,22.901543721065458,2.290154372106546,11.450771860532729,13.740926232639275,-7.5053478869728005,10.519146822788436,-9.407988821904425,9.16765172704406,-9.902440846727181,8.81642965757206,61.48466521446651,-20.476013252897825,44.284538467679184,2.413880322364597,13.25758368787697,12.92206951387875,13.135306234199847,LYS_40_A_NZ,LYS_51_C_HZ3,63.377,-17.955,47.947,61.875,-19.956,45.04,61.48466521446651,-20.476013252897825,44.284538467679184,-0.0030292516409144055,-0.0020268577220467813,51.9883874134686,-11.273934718817499,45.236370291035556,61.48466521446651,-20.476013252897825,44.284538467679184,3.835447040437403,2.3659691322229155
6301,9131,6,0.6,22.901543721065458,2.290154372106546,11.450771860532729,13.740926232639275,-7.195396857108804,9.635015414001526,-9.28709802681594,8.767604978404371,-8.628927148884419,9.040542765212548,61.6108509319666,-19.189170260200743,44.27126818302418,2.3326160724671285,12.496966828766467,12.025087755154678,12.771075740257041,GLU_43_A_HB3,LYS_51_C_HZ3,62.02,-17.715,43.503,61.423,-19.866,44.624,61.6108509319666,-19.189170260200743,44.27126818302418,-0.0030292516409144055,-0.0020268577220467813,51.9883874134686,-11.273934718817499,45.236370291035556,61.6108509319666,-19.189170260200743,44.27126818302418,2.4979693753126773,2.9630271364572236
6293,9118,6,0.6,22.901543721065458,2.290154372106546,11.450771860532729,13.740926232639275,-8.237432600057977,10.27725457940839,-9.698177615188397,9.301783360873335,-9.191253456047695,9.640302350909176,62.248332965464726,-19.704389228580105,44.20732674143829,2.3320838335990026,13.319083174080319,13.17076403889146,13.437142046389079,GLU_43_A_HB3,LYS_51_C_HZ3,62.582,-18.706,41.903,62.071,-20.235,45.432,62.248332965464726,-19.704389228580105,44.20732674143829,-0.0030292516409144055,-0.0020268577220467813,51.9883874134686,-11.273934718817499,45.236370291035556,62.248332965464726,-19.704389228580105,44.20732674143829,3.879794195572753,2.4734572019612564
6375,9137,6,0.6,22.901543721065458,2.290154372106546,11.450771860532729,13.740926232639275,-9.063597895820742,9.818581016435166,-9.706769581834047,9.42166179673767,-9.705467158625526,9.42246555849349,62.07104252501777,-20.233643249432962,44.225406597244294,2.3707250982996624,13.526210062031275,13.361820354048072,13.526584352748094,GLU_43_A_HG2,LYS_51_C_HZ3,62.092,-19.565,40.976,62.071,-20.235,44.232,62.07104252501777,-20.233643249432962,44.225406597244294,-0.0030292516409144055,-0.0020268577220467813,51.9883874134686,-11.273934718817499,45.236370291035556,62.07104252501777,-20.233643249432962,44.225406597244294,3.324285938363305,2.636030605540264
6358,9124,6,0.6,22.901543721065458,2.290154372106546,11.450771860532729,13.740926232639275,-8.747700854315845,8.805282096266644,-9.28411947837878,8.72604712063807,-9.190750389997337,8.739838769754076,61.35494249431418,-19.772181597021344,44.297285481428624,2.381056393018505,12.682051662292263,12.411203505286613,12.740404670518757,GLU_43_A_HG2,LYS_51_C_HZ3,61.032,-19.327,40.773,61.423,-19.866,45.04,61.35494249431418,-19.772181597021344,44.297285481428624,-0.0030292516409144055,-0.0020268577220467813,51.9883874134686,-11.273934718817499,45.236370291035556,61.35494249431418,-19.772181597021344,44.297285481428624,4.318644579031709,2.032801930416158
6348,9125,6,0.6,22.901543721065458,2.290154372106546,11.450771860532729,13.740926232639275,-8.860465144119882,8.235271766011962,-9.339731674429057,8.270790749023666,-9.272430914182376,8.265803013789297,60.890817613643776,-19.889579214104227,44.34405620528648,2.4132436873684644,12.420902461809355,12.09575376758079,12.47451495194021,GLU_43_A_HG2,LYS_51_C_HZ3,60.4,-19.483,40.084,60.971,-19.956,45.04,60.890817613643776,-19.889579214104227,44.34405620528648,-0.0030292516409144055,-0.0020268577220467813,51.9883874134686,-11.273934718817499,45.236370291035556,60.890817613643776,-19.889579214104227,44.34405620528648,5.011158149569813,2.130240376318862
7266,9030,6,0.6,22.901543721065458,2.290154372106546,11.450771860532729,13.740926232639275,-10.146327324079532,8.41375270648653,-10.02657809250921,8.337151284459805,-10.06676851538448,8.362860372557737,61.04708550800177,-20.67426772151057,44.32867286650882,2.448120171617579,13.08625944813535,13.17997881104851,13.03891956614181,GLU_46_A_OE1,LYS_51_C_HZ1,60.588,-20.752,39.201,61.279,-20.635,46.919,61.04708550800177,-20.67426772151057,44.32867286650882,-0.0030292516409144055,-0.0020268577220467813,51.9883874134686,-11.273934718817499,45.236370291035556,61.04708550800177,-20.67426772151057,44.32867286650882,7.74975444772284,1.5672876393095594
7335,9016,6,0.6,22.901543721065458,2.290154372106546,11.450771860532729,13.740926232639275,-10.599733755036352,7.265855527424041,-10.68386078021872,7.243994504806755,-10.649645605107986,7.252885568235287,59.98988687845602,-21.33964990408258,44.435384518906794,2.5434395293260765,12.8834853237089,12.849601577348533,12.906780687998285,GLU_46_A_HB3,LYS_51_C_HZ1,59.52,-21.291,39.676,60.312,-21.373,47.698,59.98988687845602,-21.33964990408258,44.435384518906794,-0.0030292516409144055,-0.0020268577220467813,51.9883874134686,-11.273934718817499,45.236370291035556,59.98988687845602,-21.33964990408258,44.435384518906794,8.06141873369694,1.7826197302144617
7345,9264,6,0.6,22.901543721065458,2.290154372106546,11.450771860532729,13.740926232639275,-11.327194662537583,6.463791912291895,-11.277739146939856,6.489525493945047,-11.301968301176485,6.476918145474418,59.26930146338722,-22.04894549772476,44.50823204063632,2.6209527657286475,13.0246977699893,13.040074180004236,13.00997060556197,GLU_46_A_HB3,ASP_52_C_HB2,58.824,-22.077,40.196,59.697,-22.022,48.65,59.26930146338722,-22.04894549772476,44.50823204063632,-0.0030292516409144055,-0.0020268577220467813,51.9883874134686,-11.273934718817499,45.236370291035556,59.26930146338722,-22.04894549772476,44.50823204063632,8.499133485244247,1.7887147453478949
7271,8953,6,0.6,22.901543721065458,2.290154372106546,11.450771860532729,13.740926232639275,-12.052343398698767,6.417565111528828,-11.974702912489622,6.6140606314630785,-11.944257269261904,6.69111363290421,59.53030189166182,-22.673139199622025,44.482235419475536,2.6307185421850727,13.689085294353207,13.652733516265481,13.678215669684795,GLU_46_A_OE1,LYS_51_C_HE3,58.734,-22.804,39.213,59.306,-22.71,42.998,59.53030189166182,-22.673139199622025,44.482235419475536,-0.0030292516409144055,-0.0020268577220467813,51.9883874134686,-11.273934718817499,45.236370291035556,59.53030189166182,-22.673139199622025,44.482235419475536,3.8291311024826467,2.282443422111116
7246,8954,6,0.6,22.901543721065458,2.290154372106546,11.450771860532729,13.740926232639275,-11.894462880103875,5.913890041353332,-11.75986337058663,5.84464582323433,-11.725234568141662,5.826831164337734,58.65630732876888,-22.52029725370799,44.5701443079917,2.68014804995931,13.09143549514449,13.281726788972337,13.130374325914996,GLU_46_A_CG,LYS_51_C_HE3,58.171,-22.685,38.754,58.557,-22.554,43.38,58.65630732876888,-22.52029725370799,44.5701443079917,-0.0030292516409144055,-0.0020268577220467813,51.9883874134686,-11.273934718817499,45.236370291035556,58.65630732876888,-22.52029725370799,44.5701443079917,4.643924310322041,2.1143280707138765
7491,9251,6,0.6,22.901543721065458,2.290154372106546,11.450771860532729,13.740926232639275,-10.79421222457582,5.034703718775503,-10.673281677432676,5.09898734355463,-10.74826215440827,5.059129615614692,57.82090145273007,-21.60436374455924,44.65383178737841,2.7014014534364343,11.877513838439109,11.908748248896083,11.826860644809397,ALA_47_A_H,ASP_52_C_HB2,57.58,-21.653,42.469,58.214,-21.525,48.219,57.82090145273007,-21.60436374455924,44.65383178737841,-0.0030292516409144055,-0.0020268577220467813,51.9883874134686,-11.273934718817499,45.236370291035556,57.82090145273007,-21.60436374455924,44.65383178737841,5.786263042759117,2.939716031650694
7356,8631,6,0.6,22.901543721065458,2.290154372106546,11.450771860532729,13.740926232639275,-11.593145384155793,5.0289072989252865,-11.595046934238251,5.1490440375105875,-11.595164032806586,5.156442128269472,57.981391388221425,-22.44144577472626,44.6380466002964,2.72290673374709,12.688080669043183,12.63491553013721,12.684967690986133,GLU_46_A_HB3,LYS_51_C_CG,57.423,-22.451,40.362,57.949,-22.442,44.39,57.981391388221425,-22.44144577472626,44.6380466002964,-0.0030292516409144055,-0.0020268577220467813,51.9883874134686,-11.273934718817499,45.236370291035556,57.981391388221425,-22.44144577472626,44.6380466002964,4.062208881876951,2.2824266299579694
7204,8609,6,0.6,22.901543721065458,2.290154372106546,11.450771860532729,13.740926232639275,-11.630811225188737,4.67148433316678,-11.632837630977493,4.417104757787161,-11.632763592952925,4.426398928459316,57.25995242864515,-22.534305804160955,44.7107077525797,2.7777600691627753,12.444343124215433,12.531840266925158,12.441107956097813,GLU_46_A_C,LYS_51_C_CB,56.995,-22.516,39.64,57.27,-22.535,44.903,57.25995242864515,-22.534305804160955,44.7107077525797,-0.0030292516409144055,-0.0020268577220467813,51.9883874134686,-11.273934718817499,45.236370291035556,57.25995242864515,-22.534305804160955,44.7107077525797,5.27021394252643,2.054640164559181
7218,8849,6,0.6,22.901543721065458,2.290154372106546,11.450771860532729,13.740926232639275,-11.963241702825485,4.37086750058496,-12.023040047744326,4.501913970859955,-12.03258032868065,4.522821240849344,57.3858017198916,-22.925657962533347,44.69821261253846,2.781819064051095,12.852406367301533,12.734554838956235,12.836126461117876,GLU_46_A_C,LYS_51_C_HG3,56.784,-22.87,40.285,57.303,-22.918,44.091,57.3858017198916,-22.925657962533347,44.69821261253846,-0.0030292516409144055,-0.0020268577220467813,51.9883874134686,-11.273934718817499,45.236370291035556,57.3858017198916,-22.925657962533347,44.69821261253846,3.84152326558099,2.0838320159544232
7525,8856,6,0.6,22.901543721065458,2.290154372106546,11.450771860532729,13.740926232639275,-12.653273452081537,4.1941830692360105,-12.686635720658433,4.263704432264355,-10.044377444074055,-1.2423179306239795,51.516070068058895,-21.380428027223683,45.28837797860993,-3.018696748829492,10.117657607727221,13.32804772207404,13.381716500481996,ALA_47_A_HA,LYS_51_C_HG3,56.99,-23.57,43.568,57.06,-23.598,43.546,51.516070068058895,-21.380428027223683,45.28837797860993,-0.0030292516409144055,-0.0020268577220467813,51.9883874134686,-11.273934718817499,45.236370291035556,51.516070068058895,-21.380428027223683,45.28837797860993,0.0785366156642868,2.5355103371076653
7539,8858,6,0.6,22.901543721065458,2.290154372106546,11.450771860532729,13.740926232639275,-12.848542658673972,3.8178040387601135,-13.01661859423403,3.907529446109875,-13.117552257613209,3.96141172278335,56.91074729457873,-24.050083868799298,44.746528322772,2.8481026834786842,13.700348866201008,13.401429877740126,13.588161688414113,ALA_47_A_HA,LYS_51_C_HG3,56.461,-23.794,41.912,56.742,-23.954,43.683,56.91074729457873,-24.050083868799298,44.746528322772,-0.0030292516409144055,-0.0020268577220467813,51.9883874134686,-11.273934718817499,45.236370291035556,56.91074729457873,-24.050083868799298,44.746528322772,1.8002783118173706,2.478736465442806
7502,8804,6,0.6,22.901543721065458,2.290154372106546,11.450771860532729,13.740926232639275,-13.144641225954723,3.3860516526658433,-12.970630164765447,3.1440609307225458,-12.883037532302026,3.0222491089804717,55.96129419001441,-23.88747366626638,44.84202856265762,2.91096655387001,13.230300768791059,13.571331595535508,13.343782889970461,ALA_47_A_HA,LYS_51_C_HB2,56.053,-24.122,41.933,55.992,-23.966,43.868,55.96129419001441,-23.88747366626638,44.84202856265762,-0.0030292516409144055,-0.0020268577220467813,51.9883874134686,-11.273934718817499,45.236370291035556,55.96129419001441,-23.88747366626638,44.84202856265762,1.9422363398927558,2.2207316062302556
8273,8802,6,0.6,22.901543721065458,2.290154372106546,11.450771860532729,13.740926232639275,-13.382106593018852,2.79305735674463,-13.3091289783032,2.9137555313885137,-13.279782441437288,2.9622919688376768,55.93176704004225,-24.28762315465694,44.8451775202852,2.9219241573963575,13.603652501011064,13.667926187704312,13.621823551805736,LEU_50_A_HB2,LYS_51_C_HB2,55.427,-24.404,41.438,55.787,-24.321,43.868,55.93176704004225,-24.28762315465694,44.8451775202852,-0.0030292516409144055,-0.0020268577220467813,51.9883874134686,-11.273934718817499,45.236370291035556,55.93176704004225,-24.28762315465694,44.8451775202852,2.457923717286604,1.983865829461907
7557,8767,6,0.6,22.901543721065458,2.290154372106546,11.450771860532729,13.740926232639275,-12.46095754897687,2.1609296882856825,-12.378890905741052,2.0147022761457105,-12.440316254340148,2.124150761075593,55.03686028047813,-23.5141421729777,44.934917289034914,2.9722774969849586,12.617715294544702,12.644301423229424,12.539104755955155,ALA_47_A_HB2,LYS_51_C_HB2,55.06,-23.532,44.783,54.968,-23.461,45.387,55.03686028047813,-23.5141421729777,44.934917289034914,-0.0030292516409144055,-0.0020268577220467813,51.9883874134686,-11.273934718817499,45.236370291035556,55.03686028047813,-23.5141421729777,44.934917289034914,0.6150780438285852,1.6085890126826121
7406,8761,6,0.6,22.901543721065458,2.290154372106546,11.450771860532729,13.740926232639275,-13.132647526793292,1.4997653214577364,-13.313713249425554,1.355882775122367,-13.198203033204864,1.4476721198750224,54.42294865866126,-24.32115224782795,44.99707017526622,3.0321656753739465,13.274571113648783,13.215228178153446,13.379769320128496,ALA_47_A_O,LYS_51_C_HB2,54.432,-24.252,44.618,54.407,-24.443,45.665,54.42294865866126,-24.32115224782795,44.99707017526622,-0.0030292516409144055,-0.0020268577220467813,51.9883874134686,-11.273934718817499,45.236370291035556,54.42294865866126,-24.32115224782795,44.99707017526622,1.0645726842259269,2.31221255800116
7420,7470,6,0.6,22.901543721065458,2.290154372106546,11.450771860532729,13.740926232639275,-12.391870404813115,0.0017018958464814007,-12.551032063648513,-0.020119342833463557,-12.476713877861792,-0.009930237730017168,52.92238066343492,-23.712290363188718,45.14784859318269,-3.14095904939126,12.47368713002834,12.388841714306317,12.548015855431812,ALA_47_A_O,ALA_47_C_O,52.884,-23.627,44.715,52.956,-23.787,45.527,52.92238066343492,-23.712290363188718,45.14784859318269,-0.0030292516409144055,-0.0020268577220467813,51.9883874134686,-11.273934718817499,45.236370291035556,52.92238066343492,-23.712290363188718,45.14784859318269,0.8307394296649201,1.8896446148106496
8492,8297,7,0.7,22.901543721065458,2.290154372106546,13.740926232639275,16.03108060474582,-15.779870992180621,-0.01056968764577247,-15.736256851161079,-0.3001352379490463,-15.779549563008397,-0.01270373896405835,53.16901196588918,-27.005823123877896,45.124477450638494,-3.140915896015798,15.776523924197743,15.776844053421428,15.736051579245176,LEU_50_A_HD21,LEU_50_C_HA,53.167,-27.006,45.083,53.44,-26.982,50.711,53.16901196588918,-27.005823123877896,45.124477450638494,-0.0030292516409144055,-0.0020268577220467813,51.9883874134686,-11.273934718817499,45.236370291035556,53.16901196588918,-27.005823123877896,45.124477450638494,5.634668490692243,2.423585502171957
8482,8309,7,0.7,22.901543721065458,2.290154372106546,13.740926232639275,16.03108060474582,-15.948007400524805,-1.0295561057815148,-15.867336464711192,-0.9738113161160024,-15.945138889324397,-1.0275739228316427,52.17465929929569,-27.247906438831823,45.22467604420417,-3.0773517266051384,15.975062018116722,15.978051962739462,15.894043172970484,LEU_50_A_HD21,LEU_50_C_HA,52.154,-27.251,45.037,52.735,-27.164,50.315,52.17465929929569,-27.247906438831823,45.22467604420417,-0.0030292516409144055,-0.0020268577220467813,51.9883874134686,-11.273934718817499,45.236370291035556,52.17465929929569,-27.247906438831823,45.22467604420417,5.3105945053261205,2.829791321798686
8801,8401,7,0.7,22.901543721065458,2.290154372106546,13.740926232639275,16.03108060474582,-13.922546992962708,-2.1102093326546307,-14.031855272685146,-2.106295794243008,-14.012894482853815,-2.10697464290395,50.95788731158454,-25.40309268486467,45.34634158544146,-2.9924606219739687,14.167114348909955,14.078260101965196,14.185764247510065,LYS_51_A_HB2,LEU_50_C_HD11,51.005,-25.313,45.915,50.948,-25.422,45.227,50.95788731158454,-25.40309268486467,45.34634158544146,-0.0030292516409144055,-0.0020268577220467813,51.9883874134686,-11.273934718817499,45.236370291035556,50.95788731158454,-25.40309268486467,45.34634158544146,0.6989091500331097,1.7580784067632393
8727,8189,7,0.7,22.901543721065458,2.290154372106546,13.740926232639275,16.03108060474582,-15.538963274641285,-3.230232887950491,-15.657332668316409,-3.1916872985242386,-15.543535241269215,-3.228744081232476,49.960548745662265,-27.01440320068731,45.44744554487851,-2.9368688467606683,15.871957360520218,15.867783718611234,15.975955345110242,LYS_51_A_HA,LEU_50_C_CG,49.949,-27.01,45.351,50.248,-27.124,47.848,49.960548745662265,-27.01440320068731,45.44744554487851,-0.0030292516409144055,-0.0020268577220467813,51.9883874134686,-11.273934718817499,45.236370291035556,49.960548745662265,-27.01440320068731,45.44744554487851,2.517420505199717,2.5875921159730697
8810,8493,7,0.7,22.901543721065458,2.290154372106546,13.740926232639275,16.03108060474582,-15.348317269502882,-4.274242353783209,-15.361402956154928,-4.264187314004622,-15.346419266717714,-4.275700778855746,48.90697664176833,-26.897259469752917,45.55344649921804,-2.8699427923305696,15.927457610646362,15.928894801458236,15.938809698424986,LYS_51_A_HG2,LEU_50_C_HD13,48.918,-26.899,45.647,48.994,-26.911,46.292,48.90697664176833,-26.897259469752917,45.55344649921804,-0.0030292516409144055,-0.0020268577220467813,51.9883874134686,-11.273934718817499,45.236370291035556,48.90697664176833,-26.897259469752917,45.55344649921804,0.6495729366283698,2.488513521012298
8849,8480,7,0.7,22.901543721065458,2.290154372106546,13.740926232639275,16.03108060474582,-14.04472724945487,-4.741841947424524,-14.208255064667247,-3.59367337949979,-18.629746667540864,27.450694669871428,80.63073395793538,-27.764900332288946,42.36051241461687,2.1669477020570675,33.175390291048345,14.820092096420446,14.65224778443457,LYS_51_A_HG3,LEU_50_C_HD13,48.499,-25.634,47.127,49.645,-25.71,46.957,80.63073395793538,-27.764900332288946,42.36051241461687,-0.0030292516409144055,-0.0020268577220467813,51.9883874134686,-11.273934718817499,45.236370291035556,80.63073395793538,-27.764900332288946,42.36051241461687,1.1610305766860762,3.430407868292306
8628,7336,7,0.7,22.901543721065458,2.290154372106546,13.740926232639275,16.03108060474582,-14.269414262113973,-6.123298793084393,-12.697086289222673,-6.717722409287649,-14.602794385668469,-5.997263371702713,47.14286157106459,-26.286345190816487,45.73075269175796,-2.751948294447935,15.782775510895847,15.524165400230219,14.361046299441313,LYS_51_A_CG,GLU_46_C_OE1,47.103,-25.963,46.842,46.915,-24.438,52.083,47.14286157106459,-26.286345190816487,45.73075269175796,-0.0030292516409144055,-0.0020268577220467813,51.9883874134686,-11.273934718817499,45.236370291035556,47.14286157106459,-26.286345190816487,45.73075269175796,5.461597751574168,2.220165569787867
8896,7343,7,0.7,22.901543721065458,2.290154372106546,13.740926232639275,16.03108060474582,-14.219482177579318,-6.730980977637478,-12.793445357053916,-6.885642303534688,-13.763414559308176,-6.780443951892669,46.30248792757846,-25.50878193455217,45.815001347110965,-2.6838795504281783,15.33933317057849,15.728520507134467,14.525112934343701,LYS_51_A_HD3,GLU_46_C_OE1,46.109,-25.961,43.055,46.714,-24.547,51.685,46.30248792757846,-25.50878193455217,45.815001347110965,-0.0030292516409144055,-0.0020268577220467813,51.9883874134686,-11.273934718817499,45.236370291035556,46.30248792757846,-25.50878193455217,45.815001347110965,8.76597518819213,3.1977728860313115
8900,7342,7,0.7,22.901543721065458,2.290154372106546,13.740926232639275,16.03108060474582,-13.826830788834162,-6.986395236323252,-12.871673736966015,-7.3336382985639785,-13.495208925345745,-7.106954877440352,45.95830445464468,-25.26611243670241,45.84953970786801,-2.6568953125668955,15.24857090067499,15.488024102115507,14.810622445028178,LYS_51_A_HD3,GLU_46_C_OE1,45.792,-25.589,42.746,46.271,-24.659,51.685,45.95830445464468,-25.26611243670241,45.84953970786801,-0.0030292516409144055,-0.0020268577220467813,51.9883874134686,-11.273934718817499,45.236370291035556,45.95830445464468,-25.26611243670241,45.84953970786801,9.000003444443786,2.954498280435968
9228,7335,7,0.7,22.901543721065458,2.290154372106546,13.740926232639275,16.03108060474582,-13.228104292274079,-6.9929962711473905,-12.847997807653577,-7.146300695965445,-13.074443541422587,-7.054970675635431,45.978107947132955,-24.8426163532337,45.84735922231991,-2.646792322410815,14.852807412531515,14.959153156841031,14.698090552203137,ASP_52_A_HA,GLU_46_C_OE1,45.626,-24.993,41.616,46.497,-24.621,52.083,45.978107947132955,-24.8426163532337,45.84735922231991,-0.0030292516409144055,-0.0020268577220467813,51.9883874134686,-11.273934718817499,45.236370291035556,45.978107947132955,-24.8426163532337,45.84735922231991,10.509762794659068,3.3422653362301973
8912,7334,7,0.7,22.901543721065458,2.290154372106546,13.740926232639275,16.03108060474582,-13.95152495423765,-7.7867765694993984,-12.85160876977148,-7.599597430001,-13.834155307927348,-7.766803093602003,45.329259539523406,-25.654127500589407,45.91303083790762,-2.6300401801465254,15.861645500331031,15.973817966922534,14.926790486721632,LYS_51_A_HE2,GLU_46_C_OE1,45.244,-25.773,45.176,46.043,-24.659,52.083,45.329259539523406,-25.654127500589407,45.91303083790762,-0.0030292516409144055,-0.0020268577220467813,51.9883874134686,-11.273934718817499,45.236370291035556,45.329259539523406,-25.654127500589407,45.91303083790762,7.041736007548136,2.8517807366064596
8877,7341,7,0.7,22.901543721065458,2.290154372106546,13.740926232639275,16.03108060474582,-13.40071949254816,-7.90361429038901,-12.799503604596307,-7.781170953955986,-13.273435659121104,-7.877691726546118,45.176909084264,-25.103433054717296,45.92812320490143,-2.605984180450039,15.431454349662605,15.554201610734694,14.975474574644254,LYS_51_A_HD3,GLU_46_C_OE1,45.005,-25.233,44.382,45.817,-24.621,51.685,45.176909084264,-25.103433054717296,45.92812320490143,-0.0030292516409144055,-0.0020268577220467813,51.9883874134686,-11.273934718817499,45.236370291035556,45.176909084264,-25.103433054717296,45.92812320490143,7.373445395471514,2.8655405355631447
8880,7361,7,0.7,22.901543721065458,2.290154372106546,13.740926232639275,16.03108060474582,-12.244309391106873,-7.67480239654004,-12.193311270094826,-7.530956951490902,-12.226726607116731,-7.6252083460520375,45.34836607257965,-24.04058974376549,45.91039485200739,-2.5839722157874094,14.405959636285377,14.44715971815801,14.3278666955796,LYS_51_A_HD3,GLU_46_C_OE1,45.046,-24.063,43.387,45.923,-23.998,50.706,45.34836607257965,-24.04058974376549,45.91039485200739,-0.0030292516409144055,-0.0020268577220467813,51.9883874134686,-11.273934718817499,45.236370291035556,45.34836607257965,-24.04058974376549,45.91039485200739,7.3716426256296534,2.5588883541994787
9065,7340,7,0.7,22.901543721065458,2.290154372106546,13.740926232639275,16.03108060474582,-13.038090070208002,-8.556169301934835,-12.58546932588951,-8.18199065137669,-12.931678535639296,-8.46819957251227,44.56525995744965,-24.807446275735625,45.98956114052302,-2.5618237921215643,15.453997953451733,15.591220718713002,15.007651578030385,LYS_51_A_HZ2,GLU_46_C_OE1,44.309,-24.921,44.239,45.399,-24.438,51.685,44.56525995744965,-24.807446275735625,45.98956114052302,-0.0030292516409144055,-0.0020268577220467813,51.9883874134686,-11.273934718817499,45.236370291035556,44.56525995744965,-24.807446275735625,45.98956114052302,7.540842459566443,2.5820871531529668
8925,7332,7,0.7,22.901543721065458,2.290154372106546,13.740926232639275,16.03108060474582,-13.189583711533158,-8.957181564321678,-12.429356373314649,-8.390702909172923,-13.112144640406111,-8.899478323905702,44.15101329677846,-25.02010211228126,46.03135319334447,-2.545290083898005,15.843407110500385,15.939887526041003,14.992781317388369,LYS_51_A_HE2,GLU_46_C_OE1,44.03,-25.102,45.345,45.218,-24.298,52.083,44.15101329677846,-25.02010211228126,46.03135319334447,-0.0030292516409144055,-0.0020268577220467813,51.9883874134686,-11.273934718817499,45.236370291035556,44.15101329677846,-25.02010211228126,46.03135319334447,6.889006024093752,2.191403063932794
9067,7339,7,0.7,22.901543721065458,2.290154372106546,13.740926232639275,16.03108060474582,-12.913934728407117,-9.284096137358478,-12.251989436396585,-8.491901679304528,-12.829716807431634,-9.183306886236286,43.848101261105434,-24.760014215675856,46.061729472199914,-2.520344426604704,15.77402347582477,15.901204053214395,14.903523076570513,LYS_51_A_HZ2,GLU_46_C_OE1,43.671,-24.852,45.242,45.063,-24.129,51.685,43.848101261105434,-24.760014215675856,46.061729472199914,-0.0030292516409144055,-0.0020268577220467813,51.9883874134686,-11.273934718817499,45.236370291035556,43.848101261105434,-24.760014215675856,46.061729472199914,6.631187073216987,1.9559003962140253
8677,7331,7,0.7,22.901543721065458,2.290154372106546,13.740926232639275,16.03108060474582,-12.349427084571353,-9.129477120957542,-12.049251699812032,-8.641188177258005,-12.352283204129307,-9.134123110178647,43.8608476699854,-24.280225529404845,46.060234488409414,-2.5048547506724654,15.359012180058393,15.353953489470625,14.82385184679704,LYS_51_A_CE,GLU_46_C_OE1,43.871,-24.277,46.117,44.938,-23.938,52.083,43.8608476699854,-24.280225529404845,46.060234488409414,-0.0030292516409144055,-0.0020268577220467813,51.9883874134686,-11.273934718817499,45.236370291035556,43.8608476699854,-24.280225529404845,46.060234488409414,6.070137230738694,2.2295596395662707
9054,7338,7,0.7,22.901543721065458,2.290154372106546,13.740926232639275,16.03108060474582,-12.016027588803622,-9.26605885670546,-11.835759715386155,-8.676774898984773,-12.01214238744208,-9.25335838605881,43.71687144429134,-23.950107610178407,46.07458133584622,-2.4851884354031983,15.159351350096413,15.170181868615241,14.671903891691636,LYS_51_A_HZ2,GLU_46_C_OE1,43.692,-23.955,45.951,44.846,-23.728,51.685,43.71687144429134,-23.950107610178407,46.07458133584622,-0.0030292516409144055,-0.0020268577220467813,51.9883874134686,-11.273934718817499,45.236370291035556,43.71687144429134,-23.950107610178407,46.07458133584622,5.853375180184506,2.1097042646671444
9117,7290,7,0.7,22.901543721065458,2.290154372106546,13.740926232639275,16.03108060474582,-11.341504441357644,-9.497973433059549,-11.284422759033955,-8.769253483107622,-11.340565354039054,-9.485984794393952,43.435374231124435,-23.298108061338755,46.10262888371533,-2.4449827775492885,14.781244298696345,14.789659258735,14.287550600768474,LYS_51_A_HZ3,GLU_46_C_CD,43.413,-23.3,45.999,44.773,-23.185,52.298,43.435374231124435,-23.298108061338755,46.10262888371533,-0.0030292516409144055,-0.0020268577220467813,51.9883874134686,-11.273934718817499,45.236370291035556,43.435374231124435,-23.298108061338755,46.10262888371533,6.445170750259454,2.1365231364870403
9073,7291,7,0.7,22.901543721065458,2.290154372106546,13.740926232639275,16.03108060474582,-10.900806325233152,-9.536437760402958,-10.986313404322694,-8.717698699132733,-10.91587593858843,-9.392144665333188,43.49640682168346,-22.86752476391798,46.096295141548,-2.4310546583316897,14.396684870262224,14.479866588020526,14.021250530024412,LYS_51_A_HZ2,GLU_46_C_CD,43.225,-22.864,44.848,44.765,-22.884,51.931,43.49640682168346,-22.86752476391798,46.096295141548,-0.0030292516409144055,-0.0020268577220467813,51.9883874134686,-11.273934718817499,45.236370291035556,43.49640682168346,-22.86752476391798,46.096295141548,7.248509432979995,1.8404854869273901
1421,4616,7,0.7,22.901543721065458,2.290154372106546,13.740926232639275,16.03108060474582,6.70984821585178,-12.581686732990857,6.660547959879069,-12.58820630399769,6.821142292571405,-12.566968966896187,39.00740870517877,-5.422383743518889,46.54045250859037,-1.0732567407151266,14.298499483223218,14.258701430039807,14.241319261491888,PHE_28_A_CZ,ARG_35_C_HG2,39.337,-5.533,49.877,39.483,-5.582,51.355,39.00740870517877,-5.422383743518889,46.54045250859037,-0.0030292516409144055,-0.0020268577220467813,51.9883874134686,-11.273934718817499,45.236370291035556,39.00740870517877,-5.422383743518889,46.54045250859037,1.4860016823678168,3.864682463821653
1735,4404,7,0.7,22.901543721065458,2.290154372106546,13.740926232639275,16.03108060474582,7.651779820476526,-13.254498620061463,7.660208043906313,-13.304423363543105,7.623506565829882,-13.087021452733852,38.43088007951608,-4.661772962227547,46.5981499799596,-1.0430856154593109,15.14533367498561,15.304382043786514,15.35183893368955,PHE_28_A_HZ,ARG_35_C_CG,38.555,-4.645,49.52,38.592,-4.64,50.391,38.43088007951608,-4.661772962227547,46.5981499799596,-0.0030292516409144055,-0.0020268577220467813,51.9883874134686,-11.273934718817499,45.236370291035556,38.43088007951608,-4.661772962227547,46.5981499799596,0.8717998623537351,4.033350684292101
1734,4288,7,0.7,22.901543721065458,2.290154372106546,13.740926232639275,16.03108060474582,8.109273421214837,-13.309506777421673,8.019496511739064,-13.424588297629372,8.043778052179437,-13.393462737580807,38.095125916621036,-4.265953468122074,46.63177219704672,-1.0297211685255598,15.623113092760518,15.585200559159682,15.637329542865768,PHE_28_A_HZ,GLY_34_C_HA2,38.465,-4.193,49.52,37.958,-4.293,45.561,38.095125916621036,-4.265953468122074,46.63177219704672,-0.0030292516409144055,-0.0020268577220467813,51.9883874134686,-11.273934718817499,45.236370291035556,38.095125916621036,-4.265953468122074,46.63177219704672,3.992584376065211,4.2691637829015265
1683,4165,7,0.7,22.901543721065458,2.290154372106546,13.740926232639275,16.03108060474582,8.063217357071663,-12.415580699026123,8.136146773607281,-12.310632368305672,8.080788120151315,-12.390295672183859,39.08757635215436,-4.152966661338704,46.531822105846025,-0.9926389232155857,14.792474692216205,14.804075564638351,14.756285304409936,PHE_28_A_HE1,GLY_34_C_CA,39.156,-4.172,47.45,38.872,-4.093,43.639,39.08757635215436,-4.152966661338704,46.531822105846025,-0.0030292516409144055,-0.0020268577220467813,51.9883874134686,-11.273934718817499,45.236370291035556,39.08757635215436,-4.152966661338704,46.531822105846025,3.822383811183801,3.6535159180244925
1741,4296,7,0.7,22.901543721065458,2.290154372106546,13.740926232639275,16.03108060474582,8.91376194197936,-12.86127646785614,8.4658828398183,-12.958124846817446,8.672494255955257,-12.913447654621574,38.52387859596404,-3.6026423269050496,46.58832090647671,-0.9791612562949044,15.555368691402446,15.648305522527282,15.47846720821884,PHE_28_A_HZ,GLY_34_C_HA2,38.811,-3.357,49.104,38.278,-3.813,44.434,38.52387859596404,-3.6026423269050496,46.58832090647671,-0.0030292516409144055,-0.0020268577220467813,51.9883874134686,-11.273934718817499,45.236370291035556,38.52387859596404,-3.6026423269050496,46.58832090647671,4.722385520052341,3.590818160117946
1737,4144,7,0.7,22.901543721065458,2.290154372106546,13.740926232639275,16.03108060474582,9.14300893794184,-12.502450986682181,8.344163884537497,-12.504497780684245,8.687585672215276,-12.503617868300482,38.92933240786287,-3.5565116011106284,46.547487499135336,-0.9633255951206483,15.225523490196567,15.48904832354767,15.03287771626508,PHE_28_A_HZ,GLY_34_C_CA,39.195,-3.101,49.52,38.729,-3.9,44.306,38.92933240786287,-3.5565116011106284,46.547487499135336,-0.0030292516409144055,-0.0020268577220467813,51.9883874134686,-11.273934718817499,45.236370291035556,38.92933240786287,-3.5565116011106284,46.547487499135336,5.29540867167021,3.757703444408939
1340,4258,7,0.7,22.901543721065458,2.290154372106546,13.740926232639275,16.03108060474582,8.596399307531579,-11.339380338697097,8.407967646109928,-11.460407911933014,8.45913034399195,-11.427546676628154,40.01415538398333,-3.7026962832084305,46.43835365588828,-0.9333146945164317,14.217969199368016,14.229748961133804,14.214055198903482,PHE_28_A_CE2,GLY_34_C_H,40.578,-3.557,51.266,39.804,-3.757,44.639,40.01415538398333,-3.7026962832084305,46.43835365588828,-0.0030292516409144055,-0.0020268577220467813,51.9883874134686,-11.273934718817499,45.236370291035556,40.01415538398333,-3.7026962832084305,46.43835365588828,6.675043445551492,4.717113598503557
944,3902,7,0.7,22.901543721065458,2.290154372106546,13.740926232639275,16.03108060474582,9.458928215368104,-12.142013814846175,9.32828486002062,-11.197173284564936,9.460806739280095,-12.155599699290342,39.21621963244429,-2.7591228795499925,46.51825717902252,-0.9091865430206739,15.403685418702832,15.391813487261066,14.574111519023957,TYR_27_A_HD1,ARG_33_C_HG2,39.222,-2.76,46.439,39.624,-2.821,40.927,39.21621963244429,-2.7591228795499925,46.51825717902252,-0.0030292516409144055,-0.0020268577220467813,51.9883874134686,-11.273934718817499,45.236370291035556,39.21621963244429,-2.7591228795499925,46.51825717902252,5.526976479052539,2.471453930784534
1339,3912,7,0.7,22.901543721065458,2.290154372106546,13.740926232639275,16.03108060474582,8.756218657910951,-10.936127781209274,8.854224233124068,-10.906603092369737,8.799527097341144,-10.923080888769514,40.488935437615226,-3.3250197173791114,46.39039541251786,-0.8923971722214099,14.026917673746519,14.009960276388828,14.048513165122657,PHE_28_A_CE2,ARG_33_C_HG2,40.979,-3.367,51.356,39.87,-3.272,40.119,40.488935437615226,-3.3250197173791114,46.39039541251786,-0.0030292516409144055,-0.0020268577220467813,51.9883874134686,-11.273934718817499,45.236370291035556,40.488935437615226,-3.3250197173791114,46.39039541251786,11.29199163124026,3.6559294927755
1365,3629,7,0.7,22.901543721065458,2.290154372106546,13.740926232639275,16.03108060474582,8.89666371288428,-10.73826675836915,8.780836056265136,-10.745017954715895,8.846890006190089,-10.74116789680712,40.66583566641151,-3.2639963770811584,46.37256165884555,-0.8815435060576657,13.91582628259958,13.945299640633978,13.87689257209713,PHE_28_A_CE2,ARG_33_C_CG,41.154,-3.212,51.231,40.018,-3.333,39.925,40.66583566641151,-3.2639963770811584,46.37256165884555,-0.0030292516409144055,-0.0020268577220467813,51.9883874134686,-11.273934718817499,45.236370291035556,40.66583566641151,-3.2639963770811584,46.37256165884555,11.363572193637005,3.7234868848394913
1389,3906,7,0.7,22.901543721065458,2.290154372106546,13.740926232639275,16.03108060474582,9.61656059207585,-11.073841943825125,9.772187435819147,-11.07360292860251,9.654229125243747,-11.07378409164086,40.27488749039836,-2.484209322352083,46.41157010881425,-0.8535301730641797,14.691713569381298,14.667024172005663,14.769382450870806,PHE_28_A_CZ,ARG_33_C_HG2,40.454,-2.521,48.163,39.714,-2.369,40.927,40.27488749039836,-2.484209322352083,46.41157010881425,-0.0030292516409144055,-0.0020268577220467813,51.9883874134686,-11.273934718817499,45.236370291035556,40.27488749039836,-2.484209322352083,46.41157010881425,7.275328171292341,2.527724347364022
1386,3674,7,0.7,22.901543721065458,2.290154372106546,13.740926232639275,16.03108060474582,9.455492784046463,-10.467848576120465,9.451152629009277,-10.510453199226477,9.454107805269176,-10.481444057920202,40.87766002625435,-2.6388292976137917,46.35096324844045,-0.8366299651184578,14.115793501216679,14.106631892159223,14.135366256565076,PHE_28_A_CZ,ARG_33_C_CD,41.214,-2.635,49.558,40.16,-2.647,39.508,40.87766002625435,-2.6388292976137917,46.35096324844045,-0.0030292516409144055,-0.0020268577220467813,51.9883874134686,-11.273934718817499,45.236370291035556,40.87766002625435,-2.6388292976137917,46.35096324844045,10.105125432175493,3.9495555402952314
457,3631,7,0.7,22.901543721065458,2.290154372106546,13.740926232639275,16.03108060474582,9.759085785854557,-10.209367011537207,9.707071386152753,-10.197072543916033,9.740527686390127,-10.204980496374406,41.130313982149715,-2.3322665372824423,46.32539565738516,-0.8084255243078289,14.108053188060437,14.124046269429398,14.079240424812113,TYR_27_A_O,ARG_33_C_CG,41.374,-2.313,48.804,40.691,-2.367,41.857,41.130313982149715,-2.3322665372824423,46.32539565738516,-0.0030292516409144055,-0.0020268577220467813,51.9883874134686,-11.273934718817499,45.236370291035556,41.130313982149715,-2.3322665372824423,46.32539565738516,6.9807029731969,2.8624174912619362
865,3904,7,0.7,22.901543721065458,2.290154372106546,13.740926232639275,16.03108060474582,10.692356562232588,-10.566434817858081,10.36202037674762,-10.390117493825445,10.626783740153227,-10.531435247643488,40.73951991393596,-1.4733225518802988,46.36435363023187,-0.7806530054130066,14.961997369411062,15.033229634905208,14.674695256217635,TYR_27_A_HA,ARG_33_C_HG2,40.835,-1.41,47.711,40.354,-1.729,40.927,40.73951991393596,-1.4733225518802988,46.36435363023187,-0.0030292516409144055,-0.0020268577220467813,51.9883874134686,-11.273934718817499,45.236370291035556,40.73951991393596,-1.4733225518802988,46.36435363023187,6.80850776602333,2.217943930085117
868,3634,7,0.7,22.901543721065458,2.290154372106546,13.740926232639275,16.03108060474582,11.436700864662065,-10.671087336457049,10.459911111246345,-10.133259596268863,11.322193118324712,-10.60803851532507,40.611014225823055,-0.7857260185182696,46.37698530864361,-0.7526160110089395,15.516060872862708,15.642770746666159,14.564168285210734,TYR_27_A_HA,ARG_33_C_CG,40.615,-0.676,47.131,40.581,-1.612,40.699,40.611014225823055,-0.7857260185182696,46.37698530864361,-0.0030292516409144055,-0.0020268577220467813,51.9883874134686,-11.273934718817499,45.236370291035556,40.611014225823055,-0.7857260185182696,46.37698530864361,6.49983661333114,3.2597315642264593
478,3646,7,0.7,22.901543721065458,2.290154372106546,13.740926232639275,16.03108060474582,10.868218986577297,-9.494938212341603,10.7540572663374,-9.503347810244883,10.836792991866647,-9.497253173772384,41.74967800437601,-1.18548258144729,46.262543849458034,-0.7193721853956251,14.410449995189468,14.43258134373846,14.352352078949298,TYR_27_A_O,ARG_33_C_CG,41.971,-1.153,48.462,41.167,-1.271,40.472,41.74967800437601,-1.18548258144729,46.262543849458034,-0.0030292516409144055,-0.0020268577220467813,51.9883874134686,-11.273934718817499,45.236370291035556,41.74967800437601,-1.18548258144729,46.262543849458034,8.03121659526127,3.0562142706532693
858,4021,7,0.7,22.901543721065458,2.290154372106546,13.740926232639275,16.03108060474582,12.093450172738729,-9.984353008403541,11.050930221102714,-9.362576490973165,11.982284351514378,-9.918051833956284,41.24571133336998,-0.07520531316037005,46.31278277341772,-0.6911955216564913,15.555555068697501,15.683483345322864,14.484816514599563,TYR_27_A_HA,ARG_33_C_HD3,41.26,0.031,47.199,41.126,-0.965,38.888,41.24571133336998,-0.07520531316037005,46.31278277341772,-0.0030292516409144055,-0.0020268577220467813,51.9883874134686,-11.273934718817499,45.236370291035556,41.24571133336998,-0.07520531316037005,46.31278277341772,8.37154065868404,4.9130709316392185
598,4034,7,0.7,22.901543721065458,2.290154372106546,13.740926232639275,16.03108060474582,10.947745273074204,-8.508714299055987,10.915254063009527,-8.535260538779324,10.991175498125399,-8.473230573976114,42.75395698764032,-0.9538796591837919,46.16135070095065,-0.6565021779737785,13.879259003349597,13.8666215754126,13.857308093367362,TYR_27_A_CD2,ARG_33_C_HD3,42.238,-1.002,41.356,41.852,-1.038,37.761,42.75395698764032,-0.9538796591837919,46.16135070095065,-0.0030292516409144055,-0.0020268577220467813,51.9883874134686,-11.273934718817499,45.236370291035556,42.75395698764032,-0.9538796591837919,46.16135070095065,3.615842502100996,3.365265193493076
49,4020,7,0.7,22.901543721065458,2.290154372106546,13.740926232639275,16.03108060474582,13.03806787572071,-9.289066812123924,11.277198668628033,-8.962193152032903,13.180051529207779,-9.315423520675287,41.75314235941313,1.1648171165438792,46.26115697011465,-0.6150523069508184,16.141033928342097,16.009975808849195,14.405836385122504,GLU_26_A_C,ARG_33_C_HD3,41.735,1.025,45.711,41.51,-0.709,38.888,41.75314235941313,1.1648171165438792,46.26115697011465,-0.0030292516409144055,-0.0020268577220467813,51.9883874134686,-11.273934718817499,45.236370291035556,41.75314235941313,1.1648171165438792,46.26115697011465,7.043487062528049,4.6355519377862615
1026,4024,7,0.7,22.901543721065458,2.290154372106546,13.740926232639275,16.03108060474582,12.326346757234798,-7.885829496469478,11.32983231624115,-8.465378922652198,13.746213367022188,-7.060068378409043,43.947938185317554,1.9004014341208308,46.039903634158875,-0.47426287268695033,15.455019336597525,14.634474941553623,14.144330294918023,TYR_27_A_HE2,ARG_33_C_HD3,42.781,0.42,41.593,41.962,-0.619,38.472,43.947938185317554,1.9004014341208308,46.039903634158875,-0.0030292516409144055,-0.0020268577220467813,51.9883874134686,-11.273934718817499,45.236370291035556,43.947938185317554,1.9004014341208308,46.039903634158875,3.3898263967347955,2.6888347273905913
695,4030,7,0.7,22.901543721065458,2.290154372106546,13.740926232639275,16.03108060474582,12.866017869132266,-7.906528865332444,11.175954199207794,-8.668211883035134,14.146920052850637,-7.329247986488288,43.65062869204979,2.2795385234678633,46.06966337487757,-0.47780702579322737,15.934529638163763,15.102765501225173,14.144696316546003,TYR_27_A_CE2,ARG_33_C_HD3,42.823,0.957,42.625,41.731,-0.788,38.08,43.65062869204979,2.2795385234678633,46.06966337487757,-0.0030292516409144055,-0.0020268577220467813,51.9883874134686,-11.273934718817499,45.236370291035556,43.65062869204979,2.2795385234678633,46.06966337487757,4.989440249166234,3.6110499497169544
588,4019,7,0.7,22.901543721065458,2.290154372106546,13.740926232639275,16.03108060474582,12.83635561989985,-7.5998002611550755,11.33281086467831,-8.5069367804185,13.767174387247145,-7.038207602377128,43.968043647179876,1.9229600694692688,46.03786985144983,-0.4723861854904407,15.46371067137189,14.918980011028372,14.171618253958608,TYR_27_A_CD2,ARG_33_C_HD3,43.201,0.951,43.304,41.962,-0.619,38.888,43.968043647179876,1.9229600694692688,46.03786985144983,-0.0030292516409144055,-0.0020268577220467813,51.9883874134686,-11.273934718817499,45.236370291035556,43.968043647179876,1.9229600694692688,46.03786985144983,4.847790940211843,3.447766890333976
285,4015,7,0.7,22.901543721065458,2.290154372106546,13.740926232639275,16.03108060474582,13.187735879403185,-7.080019049856148,11.149662535174661,-8.329738801371354,14.219184259243377,-6.44754847827199,44.51990892951221,2.4184654439686217,45.98210015296397,-0.42551270296464827,15.61461194234927,14.969778161825918,13.918811741959258,GLU_26_A_HA,ARG_33_C_HD3,43.738,1.341,43.73,42.193,-0.788,39.28,44.51990892951221,2.4184654439686217,45.98210015296397,-0.0030292516409144055,-0.0020268577220467813,51.9883874134686,-11.273934718817499,45.236370291035556,44.51990892951221,2.4184654439686217,45.98210015296397,5.1693487017224875,2.60296844552336
324,4029,7,0.7,22.901543721065458,2.290154372106546,13.740926232639275,16.03108060474582,13.810106808426859,-6.192164498759727,11.141070568529011,-8.20986036550702,14.7618876501646,-5.47265224871362,45.446129062831474,3.0335448582136433,45.88859503155045,-0.354832960693683,15.74580938808113,15.13672791024983,13.840501858438122,GLU_26_A_HA,ARG_33_C_HD3,44.591,2.029,43.836,42.193,-0.788,38.08,45.446129062831474,3.0335448582136433,45.88859503155045,-0.0030292516409144055,-0.0020268577220467813,51.9883874134686,-11.273934718817499,45.236370291035556,45.446129062831474,3.0335448582136433,45.88859503155045,6.842326285701378,3.59633425222392
336,4023,7,0.7,22.901543721065458,2.290154372106546,13.740926232639275,16.03108060474582,13.083151803874,-5.062052137816334,11.205962972715508,-8.023774316246207,12.586662185224293,-5.845385327587947,45.240581420898764,0.836315525711258,45.91025602642447,-0.4345489676545679,13.879667455772516,14.030395235092655,13.783683795488837,GLU_26_A_HB2,ARG_33_C_HD3,46.257,1.392,48.585,42.414,-0.709,38.472,45.240581420898764,0.836315525711258,45.91025602642447,-0.0030292516409144055,-0.0020268577220467813,51.9883874134686,-11.273934718817499,45.236370291035556,45.240581420898764,0.836315525711258,45.91025602642447,11.0206904956087,4.405314551821271
406,4018,7,0.7,22.901543721065458,2.290154372106546,13.740926232639275,16.03108060474582,14.264810098376671,-4.775064801101543,11.208941521152667,-8.065332174012509,15.296094183577962,-3.664676611298372,47.19949121357902,3.703335246952842,45.7118055259028,-0.23498002956100955,15.73143925721471,15.045036753921561,13.810328788037435,GLU_26_A_HG2,ARG_33_C_HD3,45.992,2.59,43.99,42.414,-0.709,38.888,47.19949121357902,3.703335246952842,45.7118055259028,-0.0030292516409144055,-0.0020268577220467813,51.9883874134686,-11.273934718817499,45.236370291035556,47.19949121357902,3.703335246952842,45.7118055259028,7.050949510526934,3.0162077914671097
427,275,7,0.7,22.901543721065458,2.290154372106546,13.740926232639275,16.03108060474582,13.832588899036567,-3.7197219371743326,13.931958024133504,0.6361032571096976,13.987717715853181,3.080317894011932,53.99000937097454,2.9102889055436,45.02862142741881,0.21684892517664267,14.326264337816305,14.326394742402567,13.949590690032812,GLU_26_A_HG2,GLU_26_C_OE2,47.057,2.239,43.736,51.498,2.669,44.564,53.99000937097454,2.9102889055436,45.02862142741881,-0.0030292516409144055,-0.0020268577220467813,51.9883874134686,-11.273934718817499,45.236370291035556,53.99000937097454,2.9102889055436,45.02862142741881,4.537947223139551,1.6225452239507958
105,281,7,0.7,22.901543721065458,2.290154372106546,13.740926232639275,16.03108060474582,15.228857431808539,-3.2262128361948132,14.14624060180284,0.7482578751287856,5.713226401892631,31.70728882381879,83.01568007868306,-3.169209730432131,42.10957921743689,1.3924413454540334,32.22043264278377,15.56938493201402,14.169148335941765,GLU_26_A_CG,GLU_26_C_OE2,47.515,3.669,44.43,51.554,2.891,44.166,83.01568007868306,-3.169209730432131,42.10957921743689,-0.0030292516409144055,-0.0020268577220467813,51.9883874134686,-11.273934718817499,45.236370291035556,83.01568007868306,-3.169209730432131,42.10957921743689,4.121710931154684,2.03274638502841
121,178,7,0.7,22.901543721065458,2.290154372106546,13.740926232639275,16.03108060474582,15.776997221459606,-2.738753052471948,15.012267648706313,1.0455675278215206,15.899377552138606,-3.3443611268978457,47.47172578963793,4.329174689038752,45.684125918675704,-0.20716256218870754,16.249853553795496,16.015583216254832,15.051797068861891,GLU_26_A_CD,GLU_26_C_CD,48.064,4.253,45.446,51.765,3.777,43.958,47.47172578963793,4.329174689038752,45.684125918675704,-0.0030292516409144055,-0.0020268577220467813,51.9883874134686,-11.273934718817499,45.236370291035556,47.47172578963793,4.329174689038752,45.684125918675704,4.017228024396923,2.2982139537765187
186,274,7,0.7,22.901543721065458,2.290154372106546,13.740926232639275,16.03108060474582,15.319930931552227,-2.1150589230960604,14.351538876387442,0.8156987156751596,14.528619352450104,0.2797794512305755,51.17074604182028,3.2372309345301806,45.31226440818447,0.019390159923230562,14.534380824395166,15.467967328806367,14.377840632570502,GLU_26_A_OE1,GLU_26_C_OE2,49.047,3.846,48.656,51.646,3.101,44.564,51.17074604182028,3.2372309345301806,45.31226440818447,-0.0030292516409144055,-0.0020268577220467813,51.9883874134686,-11.273934718817499,45.236370291035556,51.17074604182028,3.2372309345301806,45.31226440818447,4.904517305505202,2.492165200349591
162,273,7,0.7,22.901543721065458,2.290154372106546,13.740926232639275,16.03108060474582,15.103891355142766,-1.6695033218018318,14.152441030668195,0.7940161781431414,15.149093567091251,-1.7865420443827842,49.073893257048404,3.6992016645732773,45.52312981038753,-0.11723323967847803,15.25684503314387,15.198668625176529,14.177835639768356,GLU_26_A_CD,GLU_26_C_OE2,49.192,3.663,45.497,51.678,2.901,44.947,49.073893257048404,3.6992016645732773,45.52312981038753,-0.0030292516409144055,-0.0020268577220467813,51.9883874134686,-11.273934718817499,45.236370291035556,49.073893257048404,3.6992016645732773,45.52312981038753,2.6576944895905514,2.716932507122549
146,152,7,0.7,22.901543721065458,2.290154372106546,13.740926232639275,16.03108060474582,15.08610438567569,-1.3109154769570155,14.479553795562598,0.9019571248548377,14.771478423308238,-0.16306864721143738,50.713057937729054,3.445803499389492,45.358243220187084,-0.010899545062515266,14.775385324758652,15.145796226754214,14.510768372484694,GLU_26_A_CD,GLU_26_C_CD,49.672,3.673,46.682,51.679,3.235,44.13,50.713057937729054,3.445803499389492,45.358243220187084,-0.0030292516409144055,-0.0020268577220467813,51.9883874134686,-11.273934718817499,45.236370291035556,50.713057937729054,3.445803499389492,45.358243220187084,3.2760642545591225,2.1194699008321884
4040,494,7,0.7,22.901543721065458,2.290154372106546,13.740926232639275,16.03108060474582,11.302499028930068,8.516714787250379,11.116500360479941,8.539234590569244,11.176221040131429,8.532003904613118,59.610926617157176,0.520363269630034,44.463874862888396,0.6520102874903662,14.064327859466834,14.155703052712633,14.021308281430075,ARG_33_A_HD3,TYR_27_C_O,60.243,0.648,50.991,59.312,0.46,41.377,59.610926617157176,0.520363269630034,44.463874862888396,-0.0030292516409144055,-0.0020268577220467813,51.9883874134686,-11.273934718817499,45.236370291035556,59.610926617157176,0.520363269630034,44.463874862888396,9.660802295875841,2.2846742091780796
3656,717,7,0.7,22.901543721065458,2.290154372106546,13.740926232639275,16.03108060474582,10.860633827540324,9.060914437766732,10.766599615308019,9.006077801786308,8.195750555365137,7.5068711756657,58.81893200602905,-2.529271744755981,44.54494420047681,0.7415063350610603,11.117712894277517,14.147652823823512,14.040329607543974,ARG_33_A_CG,TYR_27_C_CE2,60.661,0.248,49.391,60.596,0.15,49.22,58.81893200602905,-2.529271744755981,44.54494420047681,-0.0030292516409144055,-0.0020268577220467813,51.9883874134686,-11.273934718817499,45.236370291035556,58.81893200602905,-2.529271744755981,44.54494420047681,0.207533129885328,2.908889515745171
4007,882,7,0.7,22.901543721065458,2.290154372106546,13.740926232639275,16.03108060474582,10.773454244151507,9.695214885156423,10.682560619249783,9.623397376261671,10.703409646385527,9.639870755922644,60.74574443221556,0.13293783217282729,44.34981509205032,0.7331299263334874,14.408123523525914,14.497209867933591,14.381607092847549,ARG_33_A_HD3,TYR_27_C_HA,61.484,0.21,51.186,60.526,0.11,42.315,60.74574443221556,0.13293783217282729,44.34981509205032,-0.0030292516409144055,-0.0020268577220467813,51.9883874134686,-11.273934718817499,45.236370291035556,60.74574443221556,0.13293783217282729,44.34981509205032,8.92313874149674,3.2006771670481315
3665,588,7,0.7,22.901543721065458,2.290154372106546,13.740926232639275,16.03108060474582,10.272721046377294,10.135588583291474,10.347282049380796,10.13378275792486,10.452355838971139,10.131237930106494,61.252187198988324,-0.08012602659414436,44.29893061353715,0.7697539115693135,14.56015565346877,14.43475981847627,14.486669064788428,ARG_33_A_CD,TYR_27_C_CD2,61.934,-0.256,50.893,61.651,-0.183,48.156,61.252187198988324,-0.08012602659414436,44.29893061353715,-0.0030292516409144055,-0.0020268577220467813,51.9883874134686,-11.273934718817499,45.236370291035556,61.252187198988324,-0.08012602659414436,44.29893061353715,2.7525600810881508,3.4215256747562552
3911,888,7,0.7,22.901543721065458,2.290154372106546,13.740926232639275,16.03108060474582,10.116862843400627,10.771729357118268,10.167379207504434,10.786018160791473,10.159584136710622,10.783813286427145,61.92171500159845,-0.3225610839313605,44.231642948787204,0.8151398806789744,14.819347438272786,14.781273253414083,14.826298376443448,ARG_33_A_HG2,TYR_27_C_HA,62.386,-0.364,48.932,61.837,-0.315,43.374,61.92171500159845,-0.3225610839313605,44.231642948787204,-0.0030292516409144055,-0.0020268577220467813,51.9883874134686,-11.273934718817499,45.236370291035556,61.92171500159845,-0.3225610839313605,44.231642948787204,5.5852632883329685,2.847771028651004
3882,1381,7,0.7,22.901543721065458,2.290154372106546,13.740926232639275,16.03108060474582,9.275957684595632,10.83305721131904,9.310654610574204,10.82328468809329,9.293123270397238,10.828222457772476,62.03119619626597,-1.1831581210863868,44.2210026947355,0.8614741607635946,14.272797621656586,14.265295137011238,14.280478883750684,ARG_33_A_HG2,PHE_28_C_CE2,62.472,-1.198,48.539,61.581,-1.168,39.811,62.03119619626597,-1.1831581210863868,44.2210026947355,-0.0030292516409144055,-0.0020268577220467813,51.9883874134686,-11.273934718817499,45.236370291035556,62.03119619626597,-1.1831581210863868,44.2210026947355,8.77341239199435,2.9989930919837056
3584,955,7,0.7,22.901543721065458,2.290154372106546,13.740926232639275,16.03108060474582,8.492213182590556,10.898042938006235,8.665622669389814,10.859180322145923,8.756307954879402,10.838856939156821,62.08227930858172,-1.7176206758313979,44.21609674116852,0.8912017442374054,13.937386763484822,13.819575448186352,13.896450896973848,ARG_33_A_C,TYR_27_C_HB3,62.495,-1.975,47.527,62.224,-1.806,45.353,62.08227930858172,-1.7176206758313979,44.21609674116852,-0.0030292516409144055,-0.0020268577220467813,51.9883874134686,-11.273934718817499,45.236370291035556,62.08227930858172,-1.7176206758313979,44.21609674116852,2.1973342940936407,2.56820007410261
3585,1732,7,0.7,22.901543721065458,2.290154372106546,13.740926232639275,16.03108060474582,8.134170250842395,11.220778284550905,8.16667528428354,11.41864465792595,8.148886562364247,11.310360201011893,62.59592281315666,-2.2875322029098735,44.16464505960147,0.9463660321441022,13.943594673011638,13.862372488309598,14.041930425430762,ARG_33_A_C,PHE_28_C_HE2,62.964,-2.307,48.702,62.151,-2.264,38.68,62.59592281315666,-2.2875322029098735,44.16464505960147,-0.0030292516409144055,-0.0020268577220467813,51.9883874134686,-11.273934718817499,45.236370291035556,62.59592281315666,-2.2875322029098735,44.16464505960147,10.055013774232235,3.8544831939343136
4287,1749,7,0.7,22.901543721065458,2.290154372106546,13.740926232639275,16.03108060474582,8.49567471158493,12.68121010975295,8.587201254618172,12.657978120009785,8.542834054940347,12.669239752905433,63.914325812962886,-1.7916577191955105,44.0317154166909,0.9774393804461798,15.283742250259746,15.26736614572648,15.299274041171333,GLY_34_A_HA2,PHE_28_C_HZ,64.106,-1.837,45.781,63.734,-1.749,42.386,63.914325812962886,-1.7916577191955105,44.0317154166909,-0.0030292516409144055,-0.0020268577220467813,51.9883874134686,-11.273934718817499,45.236370291035556,63.914325812962886,-1.7916577191955105,44.0317154166909,3.416453277889216,3.330527605074695
4221,1703,7,0.7,22.901543721065458,2.290154372106546,13.740926232639275,16.03108060474582,7.659845930038674,11.918041429351728,7.77922914647626,11.875894261364405,7.602302394581357,11.938356655627878,63.26023010367467,-2.784912801750802,44.09799550489618,1.0036555648090526,14.156759088679465,14.170662793902864,14.200301260406599,GLY_34_A_H,PHE_28_C_HE1,63.253,-2.729,44.272,63.238,-2.613,44.633,63.26023010367467,-2.784912801750802,44.09799550489618,-0.0030292516409144055,-0.0020268577220467813,51.9883874134686,-11.273934718817499,45.236370291035556,63.26023010367467,-2.784912801750802,44.09799550489618,0.379475954442443,2.1212236042608197
4290,1772,7,0.7,22.901543721065458,2.290154372106546,13.740926232639275,16.03108060474582,8.424439015672403,13.619628945539654,8.272532237303606,13.268077736455998,8.373106659734098,13.50083272071674,64.75216695264356,-1.8978256206083246,43.94742511971135,1.0155672362895873,15.889835417676995,16.01785654259352,15.639072667448248,GLY_34_A_HA2,PHE_28_C_HZ,65.01,-1.837,45.365,64.247,-2.017,41.17,64.75216695264356,-1.8978256206083246,43.94742511971135,-0.0030292516409144055,-0.0020268577220467813,51.9883874134686,-11.273934718817499,45.236370291035556,64.75216695264356,-1.8978256206083246,43.94742511971135,4.267621585848493,2.982786803442639
3576,1695,7,0.7,22.901543721065458,2.290154372106546,13.740926232639275,16.03108060474582,7.214068285721825,12.17975859973685,7.205079253560739,12.124328605108277,7.205632903214417,12.127742631977853,63.47807127617887,-3.1660761246976956,44.07623595018064,1.0345821908951418,14.110142378307104,14.159180548159005,14.106924719217695,ARG_33_A_C,PHE_28_C_HE1,63.921,-3.152,47.965,63.449,-3.167,43.821,63.47807127617887,-3.1660761246976956,44.07623595018064,-0.0030292516409144055,-0.0020268577220467813,51.9883874134686,-11.273934718817499,45.236370291035556,63.47807127617887,-3.1660761246976956,44.07623595018064,4.170820662651422,2.5289023957598906
4606,1463,7,0.7,22.901543721065458,2.290154372106546,13.740926232639275,16.03108060474582,7.281830301904394,12.597056473366129,7.40599345682321,12.561227053773221,5.173586207813316,13.20542666419169,64.70067577406945,-5.1105349024983475,43.9540273222081,1.1972518253684168,14.185703230667562,14.55355899766735,14.58523110338805,ARG_35_A_HG2,PHE_28_C_CZ,63.597,-3.056,40.643,63.532,-2.935,40.448,64.70067577406945,-5.1105349024983475,43.9540273222081,-0.0030292516409144055,-0.0020268577220467813,51.9883874134686,-11.273934718817499,45.236370291035556,64.70067577406945,-5.1105349024983475,43.9540273222081,0.238518343110128,3.9898851940665807
4478,1776,7,0.7,22.901543721065458,2.290154372106546,13.740926232639275,16.03108060474582,7.625664171747911,13.461806381287618,7.828629661505079,13.144507380493565,7.63724793824488,13.443697305014023,64.75104426731943,-2.6358981512944952,43.94786414527464,1.0540640150349563,15.464841861418234,15.474875406151655,15.30249142487701,ARG_35_A_H,PHE_28_C_HZ,64.787,-2.646,44.116,64.157,-2.469,41.17,64.75104426731943,-2.6358981512944952,43.94786414527464,-0.0030292516409144055,-0.0020268577220467813,51.9883874134686,-11.273934718817499,45.236370291035556,64.75104426731943,-2.6358981512944952,43.94786414527464,3.0178046656468673,3.587217874455949
4364,1767,7,0.7,22.901543721065458,2.290154372106546,13.740926232639275,16.03108060474582,7.460914996589035,13.51158161411875,7.831608209942238,13.102949522727261,8.118873269107073,12.786284103232845,64.06245730011864,-2.2055203445929115,44.01698729121178,1.0049644599145633,15.149461963733616,15.437878017101065,15.26833160782724,ARG_35_A_CG,PHE_28_C_HZ,64.279,-2.809,38.449,64.157,-2.469,41.586,64.06245730011864,-2.2055203445929115,44.01698729121178,-0.0030292516409144055,-0.0020268577220467813,51.9883874134686,-11.273934718817499,45.236370291035556,64.06245730011864,-2.2055203445929115,44.01698729121178,3.157729089076516,3.4041937335205783
4526,1754,7,0.7,22.901543721065458,2.290154372106546,13.740926232639275,16.03108060474582,7.320067416514085,13.534108335312807,7.560738706839092,12.9458228115904,6.858303881319194,14.662821289696355,66.01935536090234,-3.3201363967484703,43.82049803047102,1.1331764138626574,16.19060417490024,15.390084495390516,14.995245806216156,ARG_35_A_HB2,PHE_28_C_HZ,64.707,-2.946,42.37,64.023,-2.751,41.614,66.01935536090234,-3.3201363967484703,43.82049803047102,-0.0030292516409144055,-0.0020268577220467813,51.9883874134686,-11.273934718817499,45.236370291035556,66.01935536090234,-3.3201363967484703,43.82049803047102,1.0379869941381716,3.8936712688997375
4380,1462,7,0.7,22.901543721065458,2.290154372106546,13.740926232639275,16.03108060474582,6.527122851406516,12.536796639500418,7.0091176172557885,12.320494292065678,7.970892259591942,11.888883561866225,63.183317072667236,-2.4211367940618436,44.105576895665855,0.9800827237353931,14.317023953111729,14.13736118175641,14.177966398533453,ARG_35_A_CG,PHE_28_C_CZ,63.39,-3.814,38.615,63.321,-3.349,40.448,63.183317072667236,-2.4211367940618436,44.105576895665855,-0.0030292516409144055,-0.0020268577220467813,51.9883874134686,-11.273934718817499,45.236370291035556,63.183317072667236,-2.4211367940618436,44.105576895665855,1.8923200046503748,3.4262583143410574
4796,1753,7,0.7,22.901543721065458,2.290154372106546,13.740926232639275,16.03108060474582,6.725753411411989,13.811802490499495,7.468485824156584,12.90877170217819,7.960372111394188,12.31072528046998,63.602621775790865,-2.3996328401596827,44.063360133856726,0.9967018279122389,14.663547540937753,15.36549372419865,14.91684473949472,ARG_35_A_HE,PHE_28_C_HZ,64.467,-3.52,36.771,63.947,-2.846,41.158,63.602621775790865,-2.3996328401596827,44.063360133856726,-0.0030292516409144055,-0.0020268577220467813,51.9883874134686,-11.273934718817499,45.236370291035556,63.602621775790865,-2.3996328401596827,44.063360133856726,4.468830383892412,2.944555202795878
4323,1454,7,0.7,22.901543721065458,2.290154372106546,13.740926232639275,16.03108060474582,5.898662797613057,13.03306051659332,6.776770477434027,12.522643914024105,6.394733482742968,12.744710101767408,64.1513939860163,-3.9278471324123907,44.008795686821294,1.1056188783668235,14.262211298388676,14.308859909170382,14.24194727932234,GLY_34_A_HA3,PHE_28_C_CZ,64.844,-4.399,47.643,63.618,-3.565,41.21,64.1513939860163,-3.9278471324123907,44.008795686821294,-0.0030292516409144055,-0.0020268577220467813,51.9883874134686,-11.273934718817499,45.236370291035556,64.1513939860163,-3.9278471324123907,44.008795686821294,6.601675620628446,3.292791553617529
4408,1460,7,0.7,22.901543721065458,2.290154372106546,13.740926232639275,16.03108060474582,5.41300309746997,12.790095162640736,6.637358327711993,12.22203065871123,8.03935185431609,11.571547255258704,62.863317728686496,-2.3769421678955935,44.13776854786045,0.9635069555903661,14.093527294545973,13.891428731072478,13.911230332687804,ARG_35_A_CD,PHE_28_C_CZ,63.657,-4.906,37.902,63.287,-3.727,40.809,62.863317728686496,-2.3769421678955935,44.13776854786045,-0.0030292516409144055,-0.0020268577220467813,51.9883874134686,-11.273934718817499,45.236370291035556,62.863317728686496,-2.3769421678955935,44.13776854786045,3.1587323406708547,3.5691968204806894
4321,1441,7,0.7,22.901543721065458,2.290154372106546,13.740926232639275,16.03108060474582,5.623474757595365,14.035199596883244,7.171817747507137,12.690236710688472,6.456280227735612,13.311785950128886,64.70934442265748,-3.8234688497215306,43.95258622170639,1.119092255524836,14.797982647403632,15.122872541412976,14.579848557210212,GLY_34_A_HA3,PHE_28_C_CZ,65.72,-4.598,46.16,63.841,-3.158,42.056,64.70934442265748,-3.8234688497215306,43.95258622170639,-0.0030292516409144055,-0.0020268577220467813,51.9883874134686,-11.273934718817499,45.236370291035556,64.70934442265748,-3.8234688497215306,43.95258622170639,4.737832521311827,3.205689573356296
4445,1455,7,0.7,22.901543721065458,2.290154372106546,13.740926232639275,16.03108060474582,5.503225100648525,14.47878932571968,7.165760411021954,12.77475100797283,7.990954726538646,11.92895680170633,63.2215590177008,-2.398092833413385,44.10171727794485,0.9804765685229685,14.361481501744116,15.492348896495141,14.650515276153687,ARG_35_A_CZ,PHE_28_C_CZ,65.089,-4.689,35.384,63.841,-3.158,41.21,63.2215590177008,-2.398092833413385,44.10171727794485,-0.0030292516409144055,-0.0020268577220467813,51.9883874134686,-11.273934718817499,45.236370291035556,63.2215590177008,-2.398092833413385,44.10171727794485,6.151726668180244,2.2765169861686205
4426,1461,7,0.7,22.901543721065458,2.290154372106546,13.740926232639275,16.03108060474582,4.799956031214559,13.669441870618417,6.976041466430028,12.542156216686912,8.821511954991552,11.586140256631843,62.81873794565841,-1.5959281718260383,44.14191097062495,0.9199674533121978,14.56564947325547,14.490608158987584,14.354927972376716,ARG_35_A_CZ,PHE_28_C_CZ,64.482,-5.451,36.879,63.582,-3.365,40.809,62.81873794565841,-1.5959281718260383,44.14191097062495,-0.0030292516409144055,-0.0020268577220467813,51.9883874134686,-11.273934718817499,45.236370291035556,62.81873794565841,-1.5959281718260383,44.14191097062495,4.539415821446632,3.5311388727016637
4736,1346,7,0.7,22.901543721065458,2.290154372106546,13.740926232639275,16.03108060474582,4.339032171258727,13.305808406284976,6.784982776724899,12.20689694454839,7.274959136360521,11.986761412628715,63.33296888105969,-3.1076420327381795,44.090816164134544,1.0251972693662441,14.024983392759642,13.998284781150229,13.969070395229762,ARG_35_A_HD3,PHE_28_C_CE1,64.196,-5.938,37.309,63.477,-3.58,42.959,63.33296888105969,-3.1076420327381795,44.090816164134544,-0.0030292516409144055,-0.0020268577220467813,51.9883874134686,-11.273934718817499,45.236370291035556,63.33296888105969,-3.1076420327381795,44.090816164134544,6.164383586377479,3.250267927386377
4305,1450,7,0.7,22.901543721065458,2.290154372106546,13.740926232639275,16.03108060474582,3.832594687636673,13.881326395264312,6.615105621525958,12.391025668845915,4.594099652469848,13.473467655720812,65.01035454075135,-5.668023271576169,43.923101268902144,1.2420297423977353,14.238066811995202,14.4034547435942,14.049464762961614,GLY_34_A_HA3,PHE_28_C_CZ,65.564,-6.396,44.786,63.541,-3.736,41.633,65.01035454075135,-5.668023271576169,43.923101268902144,-0.0030292516409144055,-0.0020268577220467813,51.9883874134686,-11.273934718817499,45.236370291035556,65.01035454075135,-5.668023271576169,43.923101268902144,4.594511725961745,4.1043855606336574
4733,1415,7,0.7,22.901543721065458,2.290154372106546,13.740926232639275,16.03108060474582,3.2349513880369893,13.524191675633205,6.687742919389091,12.182860046776739,7.981055775672356,11.680437174041037,62.97574941352378,-2.4268117809035794,44.12647318860354,0.9712815287881759,14.150108818549988,13.908382595938754,13.901003601181305,ARG_35_A_HD3,PHE_28_C_CZ,64.573,-7.022,38.044,63.411,-3.679,42.469,62.97574941352378,-2.4268117809035794,44.12647318860354,-0.0030292516409144055,-0.0020268577220467813,51.9883874134686,-11.273934718817499,45.236370291035556,62.97574941352378,-2.4268117809035794,44.12647318860354,5.666261377663408,3.8233541208363064
4685,1451,7,0.7,22.901543721065458,2.290154372106546,13.740926232639275,16.03108060474582,3.2682017655028845,14.98308177756976,6.971388254502499,12.677565274109568,18.53710866825444,5.477020724835501,56.02428016269524,7.62834955326838,44.82176745136073,0.2873449269873513,19.332787602947263,15.338006167002957,14.4711629173196,ARG_35_A_HD2,PHE_28_C_CZ,66.291,-6.877,40.612,63.801,-3.359,41.633,56.02428016269524,7.62834955326838,44.82176745136073,-0.0030292516409144055,-0.0020268577220467813,51.9883874134686,-11.273934718817499,45.236370291035556,56.02428016269524,7.62834955326838,44.82176745136073,4.429318796383929,5.157854809417249
4668,1440,7,0.7,22.901543721065458,2.290154372106546,13.740926232639275,16.03108060474582,2.834767081535806,14.513528184999402,6.78282781391921,12.438129616739747,11.622146691593152,9.894218529532822,60.92871370545838,1.0683191400945065,44.330984212702475,0.7052349857502771,15.266970507468445,14.79034909077089,14.17058041236512,ARG_35_A_HD2,PHE_28_C_CZ,65.812,-7.345,40.2,63.618,-3.565,42.056,60.92871370545838,1.0683191400945065,44.330984212702475,-0.0030292516409144055,-0.0020268577220467813,51.9883874134686,-11.273934718817499,45.236370291035556,60.92871370545838,1.0683191400945065,44.330984212702475,4.748344132431848,5.102721390989404
4803,1453,7,0.7,22.901543721065458,2.290154372106546,13.740926232639275,16.03108060474582,2.2012503100186263,13.8484241432165,6.463754841623976,12.18152022581831,10.958580015257374,10.423764513326974,61.50418084862076,0.4468261887489011,44.27333214019771,0.7603504334347114,15.127921318964832,14.024758155324802,13.793408427424621,ARG_35_A_HH11,PHE_28_C_CZ,65.003,-8.028,38.305,63.3,-3.903,41.21,61.50418084862076,0.4468261887489011,44.27333214019771,-0.0030292516409144055,-0.0020268577220467813,51.9883874134686,-11.273934718817499,45.236370291035556,61.50418084862076,0.4468261887489011,44.27333214019771,5.324928074631621,3.7467599924008077
5536,9142,7,0.7,22.901543721065458,2.290154372106546,13.740926232639275,16.03108060474582,-6.583259278736734,12.611083709802458,-10.103988505728482,9.42448770033158,-9.445151769249236,10.020797833829528,62.64499438753578,-19.928698257210403,44.167497833784665,2.326370109960142,13.76991984127366,14.22638342651047,13.816242418470164,LYS_40_A_HE2,LYS_51_C_HZ3,65.134,-16.878,45.273,62.072,-20.631,43.913,62.64499438753578,-19.928698257210403,44.167497833784665,-0.0030292516409144055,-0.0020268577220467813,51.9883874134686,-11.273934718817499,45.236370291035556,62.64499438753578,-19.928698257210403,44.167497833784665,5.030949512765956,2.528153464218522
5612,9117,7,0.7,22.901543721065458,2.290154372106546,13.740926232639275,16.03108060474582,-7.300426013806846,12.568516754422433,-10.080880573572516,9.560053765492666,-14.004763807069414,5.314396364117125,58.32003673954141,-24.8321253475319,44.6050145106119,2.7787100248465944,14.977080036989566,14.535149335637946,13.892317053386625,LYS_40_A_HZ2,LYS_51_C_HZ3,65.221,-17.596,46.018,62.359,-20.597,45.432,58.32003673954141,-24.8321253475319,44.6050145106119,-0.0030292516409144055,-0.0020268577220467813,51.9883874134686,-11.273934718817499,45.236370291035556,58.32003673954141,-24.8321253475319,44.6050145106119,4.188130967388677,2.3287110391160692
5624,9105,7,0.7,22.901543721065458,2.290154372106546,13.740926232639275,16.03108060474582,-7.562436313918234,12.097352032852562,-10.167790010439269,9.422252824276322,-11.510195423367078,8.043911118692606,60.83964199424925,-22.137727188383835,44.350200584696005,2.531396368411036,14.041082266835078,14.266730693150786,13.86143602979627,LYS_40_A_HZ2,LYS_51_C_HZ3,64.999,-17.892,48.305,62.254,-20.694,45.695,60.83964199424925,-22.137727188383835,44.350200584696005,-0.0030292516409144055,-0.0020268577220467813,51.9883874134686,-11.273934718817499,45.236370291035556,60.83964199424925,-22.137727188383835,44.350200584696005,4.711510267419565,2.875832275762923
5626,9121,7,0.7,22.901543721065458,2.290154372106546,13.740926232639275,16.03108060474582,-7.963584530207326,11.99303708837293,-10.094469051293597,9.754057942561353,-10.649645698125015,9.17071852543354,61.8925744315773,-21.19419552327273,44.24379550560913,2.4304230717723163,14.053102846800343,14.396249491239695,14.036322447861298,LYS_40_A_HZ2,LYS_51_C_HZ3,64.904,-18.3,48.096,62.515,-20.596,45.04,61.8925744315773,-21.19419552327273,44.24379550560913,-0.0030292516409144055,-0.0020268577220467813,51.9883874134686,-11.273934718817499,45.236370291035556,61.8925744315773,-21.19419552327273,44.24379550560913,4.507557320766977,2.6733601790996686
6272,9127,7,0.7,22.901543721065458,2.290154372106546,13.740926232639275,16.03108060474582,-8.397566990708055,12.01083227907691,-10.554941200469067,9.850623957687864,-10.127365981158384,10.278760876445691,62.95243131537419,-20.58938273600921,44.13684302727338,2.348527399540835,14.429025977094584,14.655273743372952,14.436674612465985,GLU_43_A_OE1,LYS_51_C_HZ3,64.358,-18.734,42.166,62.605,-21.048,44.624,62.95243131537419,-20.58938273600921,44.13684302727338,-0.0030292516409144055,-0.0020268577220467813,51.9883874134686,-11.273934718817499,45.236370291035556,62.95243131537419,-20.58938273600921,44.13684302727338,3.8038623792140585,2.1180523070660797
6209,9128,7,0.7,22.901543721065458,2.290154372106546,13.740926232639275,16.03108060474582,-8.69863701837289,11.623413868038936,-10.097447599730756,9.795615800327655,-9.904872186736352,10.047250276396733,62.70594944046245,-20.385088289265713,44.1615636838404,2.3488048541784563,14.107957486100602,14.517729385170103,14.067376565695826,GLU_43_A_CD,LYS_51_C_HZ3,63.902,-19.064,41.265,62.515,-20.596,44.624,62.70594944046245,-20.385088289265713,44.1615636838404,-0.0030292516409144055,-0.0020268577220467813,51.9883874134686,-11.273934718817499,45.236370291035556,62.70594944046245,-20.385088289265713,44.1615636838404,3.943814650817152,2.1173294084234002
6385,9136,7,0.7,22.901543721065458,2.290154372106546,13.740926232639275,16.03108060474582,-9.199274053913927,10.645896968629009,-10.089472540218166,9.679932201357001,-10.082201554877885,9.687822032411672,62.36274903161771,-20.58916705594472,44.19620042357209,2.3758855557991136,13.981519439315777,14.069442074052116,13.981297129929253,GLU_43_A_HG2,LYS_51_C_HZ3,62.818,-19.638,39.849,62.359,-20.597,44.232,62.36274903161771,-20.58916705594472,44.19620042357209,-0.0030292516409144055,-0.0020268577220467813,51.9883874134686,-11.273934718817499,45.236370291035556,62.36274903161771,-20.58916705594472,44.19620042357209,4.510105431140166,2.373651703687324
7295,8708,7,0.7,22.901543721065458,2.290154372106546,13.740926232639275,16.03108060474582,-11.965190602730402,8.250667242973293,-11.892468600676837,8.432043248015123,-11.869876279914866,8.488390773780601,61.30776948035747,-22.462661310594992,44.30322234157267,2.520556932384154,14.591410142607375,14.532730786371527,14.577115852695044,GLU_46_A_OE1,LYS_51_C_CE,60.562,-22.578,39.189,61.131,-22.49,43.091,61.30776948035747,-22.462661310594992,44.30322234157267,-0.0030292516409144055,-0.0020268577220467813,51.9883874134686,-11.273934718817499,45.236370291035556,61.30776948035747,-22.462661310594992,44.30322234157267,3.944250118843886,1.8046854611707808
7285,9223,7,0.7,22.901543721065458,2.290154372106546,13.740926232639275,16.03108060474582,-12.161804214009052,7.011083647556505,-12.188275780163309,7.055787274595756,-12.176398765342098,7.035730069146968,59.88972484562607,-22.87847525762973,44.446146560024445,2.617411320790344,14.061328097971478,14.036364470359079,14.081653783814314,GLU_46_A_OE1,ASP_52_C_HA,59.361,-22.868,39.45,60.32,-22.887,48.512,59.88972484562607,-22.87847525762973,44.446146560024445,-0.0030292516409144055,-0.0020268577220467813,51.9883874134686,-11.273934718817499,45.236370291035556,59.88972484562607,-22.87847525762973,44.446146560024445,9.112622344857707,2.126574430988846
7520,8859,7,0.7,22.901543721065458,2.290154372106546,13.740926232639275,16.03108060474582,-13.479535435008062,3.9066722427721845,-13.527432251841057,3.991002518536904,-13.588260794366281,4.098101238341269,57.081898527564874,-24.50906964488331,44.729502958295555,2.848478203814478,14.190474497830863,14.031897504205816,14.101551691622081,ALA_47_A_HA,LYS_51_C_HG3,56.696,-24.416,42.884,56.866,-24.457,43.697,57.081898527564874,-24.50906964488331,44.729502958295555,-0.0030292516409144055,-0.0020268577220467813,51.9883874134686,-11.273934718817499,45.236370291035556,57.081898527564874,-24.50906964488331,44.729502958295555,0.8315948532789297,2.5212372340230242
8435,8778,7,0.7,22.901543721065458,2.290154372106546,13.740926232639275,16.03108060474582,-14.222912735410539,3.7114567059431005,-14.097361630109017,3.716135669073114,-14.007416816571384,3.7194876783227975,56.7379236013402,-24.955733598294316,44.7643248139705,2.881856367862956,14.490429307331521,14.696769933206253,14.576520084382215,LEU_50_A_HD13,LYS_51_C_HB2,56.568,-25.172,42.993,56.667,-25.046,44.025,56.7379236013402,-24.955733598294316,44.7643248139705,-0.0030292516409144055,-0.0020268577220467813,51.9883874134686,-11.273934718817499,45.236370291035556,56.7379236013402,-24.955733598294316,44.7643248139705,1.0443663150446751,2.3080202860807564
8270,8627,7,0.7,22.901543721065458,2.290154372106546,13.740926232639275,16.03108060474582,-14.423157231341754,3.4450401821350156,-14.42005655531112,3.540362757134489,-14.41900665503457,3.5726393306509694,56.62331231327572,-25.377275359654508,44.776047800690826,2.898529653994648,14.85256351117388,14.826407593487371,14.84584791981299,LEU_50_A_HB2,LYS_51_C_CB,56.29,-25.392,42.732,56.539,-25.381,44.259,56.62331231327572,-25.377275359654508,44.776047800690826,-0.0030292516409144055,-0.0020268577220467813,51.9883874134686,-11.273934718817499,45.236370291035556,56.62331231327572,-25.377275359654508,44.776047800690826,1.5472074844700063,2.2151861196195926
8281,8615,7,0.7,22.901543721065458,2.290154372106546,13.740926232639275,16.03108060474582,-14.786997216738683,3.090753959825272,-14.758930857777585,3.180387828879741,-14.758239844053136,3.182594678502731,56.26196193895502,-25.745113654389076,44.81258385283385,2.9290230134996893,15.094967835521231,15.104006156593877,15.095177887242189,LEU_50_A_HB2,LYS_51_C_CB,55.889,-25.782,42.0,56.253,-25.746,44.745,56.26196193895502,-25.745113654389076,44.81258385283385,-0.0030292516409144055,-0.0020268577220467813,51.9883874134686,-11.273934718817499,45.236370291035556,56.26196193895502,-25.745113654389076,44.81258385283385,2.769262898317887,2.2437455420636785
8284,8563,7,0.7,22.901543721065458,2.290154372106546,13.740926232639275,16.03108060474582,-14.842530852680037,2.6772863384069128,-14.844047919764535,2.834575182464337,-14.8439813651839,2.8276748329926855,55.91631892113378,-25.857526446704842,44.847425975873236,2.953185603444504,15.108311331678,15.079440539031728,15.109670619903776,LEU_50_A_HB2,LYS_51_C_CA,55.422,-25.869,41.435,55.939,-25.857,45.004,55.91631892113378,-25.857526446704842,44.847425975873236,-0.0030292516409144055,-0.0020268577220467813,51.9883874134686,-11.273934718817499,45.236370291035556,55.91631892113378,-25.857526446704842,44.847425975873236,3.606271481738441,2.0247931330908777
8144,8777,7,0.7,22.901543721065458,2.290154372106546,13.740926232639275,16.03108060474582,-14.775672214604015,2.0913472762796883,-14.710548204393655,2.238791598551503,-14.715408344974424,2.2277879743618625,55.31146146279859,-25.774821062985474,44.90827447038107,2.991176941567303,14.880395585176435,14.920227725342892,14.877243733284645,LEU_50_A_CB,LYS_51_C_HB2,54.784,-25.847,40.981,55.354,-25.769,45.225,55.31146146279859,-25.774821062985474,44.90827447038107,-0.0030292516409144055,-0.0020268577220467813,51.9883874134686,-11.273934718817499,45.236370291035556,55.31146146279859,-25.774821062985474,44.90827447038107,4.282816830078074,2.1192036826656233
8140,8504,7,0.7,22.901543721065458,2.290154372106546,13.740926232639275,16.03108060474582,-14.987637357113213,1.7035518347763938,-15.031198904211633,1.521679709276524,-15.026207354222791,1.5425197360083251,54.655071984207225,-26.136697761726293,44.974506561914716,3.039141704599061,15.102367512482926,15.081361966045733,15.105216476726248,LEU_50_A_CA,LEU_50_C_HD21,54.362,-26.088,40.489,54.693,-26.143,45.555,54.655071984207225,-26.136697761726293,44.974506561914716,-0.0030292516409144055,-0.0020268577220467813,51.9883874134686,-11.273934718817499,45.236370291035556,54.655071984207225,-26.136697761726293,44.974506561914716,5.077099762659783,2.6117723391284704
8134,8342,7,0.7,22.901543721065458,2.290154372106546,13.740926232639275,16.03108060474582,-13.711699200112122,1.2699806852642366,-13.74655868009197,1.1792697671434724,-13.742794844004651,1.1890639759880697,54.207502564295275,-24.883789105073006,45.01900552953044,3.055119524897042,13.791296382401862,13.767557334020134,13.794203959149614,LEU_50_A_CA,LEU_50_C_HB3,53.749,-24.849,39.682,54.263,-24.888,45.665,54.207502564295275,-24.883789105073006,45.01900552953044,-0.0030292516409144055,-0.0020268577220467813,51.9883874134686,-11.273934718817499,45.236370291035556,54.207502564295275,-24.883789105073006,45.01900552953044,6.00516494361312,2.9775563530332216
8257,8503,7,0.7,22.901543721065458,2.290154372106546,13.740926232639275,16.03108060474582,-15.34748431784012,0.9016566888482113,-15.276790153829404,1.124815864934339,-15.283321651773251,1.1041979862147386,54.23962531973647,-26.42631518164439,45.0164534021663,3.0693232065469815,15.32028293599322,15.371042424993442,15.31527167956303,LEU_50_A_HA,LEU_50_C_HD21,53.509,-26.508,39.726,54.314,-26.418,45.555,54.23962531973647,-26.42631518164439,45.0164534021663,-0.0030292516409144055,-0.0020268577220467813,51.9883874134686,-11.273934718817499,45.236370291035556,54.23962531973647,-26.42631518164439,45.0164534021663,5.8850119795969835,2.5772521800422235
8305,8350,7,0.7,22.901543721065458,2.290154372106546,13.740926232639275,16.03108060474582,-14.774933326944705,0.09644239223615302,-14.720218521660616,0.17648976714008013,-14.748813470155893,0.13465555881794097,53.237381101321866,-25.96687970512106,45.117136490640235,3.1323236652352575,14.746417676913827,14.772232268792827,14.718271916055064,LEU_50_A_HB3,LEU_50_C_HB3,53.161,-25.996,44.719,53.321,-25.935,45.553,53.237381101321866,-25.96687970512106,45.117136490640235,-0.0030292516409144055,-0.0020268577220467813,51.9883874134686,-11.273934718817499,45.236370291035556,53.237381101321866,-25.96687970512106,45.117136490640235,0.8513970871455883,2.1693121107929123
8225,8277,8,0.8,22.901543721065458,2.290154372106546,16.03108060474582,18.321234976852367,-17.490987696473432,-0.010013105227320768,-17.47020035663427,-0.13488339707761227,-17.48065715873236,-0.07206901390436778,53.23855881709425,-28.7065334075437,45.11822808112297,-3.1375851428685486,17.4777682546252,17.48796026837716,17.467676355805438,LEU_50_A_CD2,LEU_50_C_CD2,53.33,-28.712,45.401,53.146,-28.701,44.832,53.23855881709425,-28.7065334075437,45.11822808112297,-0.0030292516409144055,-0.0020268577220467813,51.9883874134686,-11.273934718817499,45.236370291035556,53.23855881709425,-28.7065334075437,45.11822808112297,0.5981120296399346,2.9297049067050307
8504,8294,8,0.8,22.901543721065458,2.290154372106546,16.03108060474582,18.321234976852367,-16.22859784283764,-0.5731475848379114,-16.288910619936626,-0.6392198262441935,-16.22624682540498,-0.5705720610628172,52.64927739946458,-27.493544233487825,45.17700942888203,-3.106561833302351,16.233176894678657,16.235616865169337,16.298341842694782,LEU_50_A_HD21,LEU_50_C_HA,52.666,-27.496,45.367,53.095,-27.559,50.241,52.64927739946458,-27.493544233487825,45.17700942888203,-0.0030292516409144055,-0.0020268577220467813,51.9883874134686,-11.273934718817499,45.236370291035556,52.64927739946458,-27.493544233487825,45.17700942888203,4.893249022888578,2.899686851378696
8507,8252,8,0.8,22.901543721065458,2.290154372106546,16.03108060474582,18.321234976852367,-16.54133553499249,-1.1407232860893162,-16.5287924387255,-1.301120552828284,-16.54252988375153,-1.125450320594597,52.12266226764113,-27.851000000000017,45.230176465848615,-3.073773160717451,16.577610245041956,16.577460730700665,16.576745559495834,LEU_50_A_HD21,LEU_50_C_CD1,52.1,-27.851,45.158,51.862,-27.851,44.4,52.12266226764113,-27.851000000000017,45.230176465848615,-0.0030292516409144055,-0.0020268577220467813,51.9883874134686,-11.273934718817499,45.236370291035556,52.12266226764113,-27.851000000000017,45.230176465848615,0.7944859973593014,2.3586245739152814
8499,8416,8,0.8,22.901543721065458,2.290154372106546,16.03108060474582,18.321234976852367,-16.156066060973522,-1.5365176715846613,-16.034200448665754,-1.566057230176563,-16.233408657391006,-1.5177702487862275,51.71010013530673,-27.572523921797064,45.271582014695596,-3.048473465040916,16.301002842836127,16.225759157015826,16.107285337830177,LEU_50_A_HD21,LEU_50_C_HD11,51.646,-27.497,44.88,51.545,-27.378,44.263,51.71010013530673,-27.572523921797064,45.271582014695596,-0.0030292516409144055,-0.0020268577220467813,51.9883874134686,-11.273934718817499,45.236370291035556,51.71010013530673,-27.572523921797064,45.271582014695596,0.6364361711908,2.39359002257138
8718,8385,8,0.8,22.901543721065458,2.290154372106546,16.03108060474582,18.321234976852367,-16.71717233870642,-2.25134963485684,-16.723733009211458,-2.3255347579102397,-16.718590962577167,-2.2673907980789845,51.003033477314084,-28.11316231537565,45.342994238660395,-3.0068890963110646,16.868369129657662,16.8648163965884,16.881369112446734,LYS_51_A_HA,LEU_50_C_HG,50.912,-28.111,44.28,51.333,-28.121,49.196,51.003033477314084,-28.11316231537565,45.342994238660395,-0.0030292516409144055,-0.0020268577220467813,51.9883874134686,-11.273934718817499,45.236370291035556,51.003033477314084,-28.11316231537565,45.342994238660395,4.934004154842188,2.2907122977305496
8724,8249,8,0.8,22.901543721065458,2.290154372106546,16.03108060474582,18.321234976852367,-16.367605358356688,-2.7492672013839456,-16.175518980617905,-2.8857710499822864,-16.650381273895665,-2.5483159355191436,50.71917662743059,-28.066455338036327,45.371546673194864,-2.9898143810923674,16.840959516030495,16.59357347464181,16.427580607023692,LYS_51_A_HA,LEU_50_C_CD1,50.438,-27.8,44.793,50.247,-27.619,44.4,50.71917662743059,-28.066455338036327,45.371546673194864,-0.0030292516409144055,-0.0020268577220467813,51.9883874134686,-11.273934718817499,45.236370291035556,50.71917662743059,-28.066455338036327,45.371546673194864,0.4729598291609995,1.7700309371770033
8730,8219,8,0.8,22.901543721065458,2.290154372106546,16.03108060474582,18.321234976852367,-16.981684546164473,-3.705077318293763,-16.996720855710535,-3.616403513136424,-16.987179064672276,-3.6726744296659497,49.62912750991774,-28.487557916850346,45.48145715839855,-2.9287443621713485,17.376276887437967,17.377782318920712,17.373809971950042,LYS_51_A_HA,LEU_50_C_CD1,49.491,-28.485,44.436,49.869,-28.492,47.297,49.62912750991774,-28.487557916850346,45.48145715839855,-0.0030292516409144055,-0.0020268577220467813,51.9883874134686,-11.273934718817499,45.236370291035556,49.62912750991774,-28.487557916850346,45.48145715839855,2.8858714455082684,1.7552124790284138
8710,8227,8,0.8,22.901543721065458,2.290154372106546,16.03108060474582,18.321234976852367,-16.64315262800837,-4.133817031059143,-16.552721418406634,-4.011843923640114,-16.564498860559073,-4.027729271443237,49.24496182664968,-28.0930236477034,45.519953052810074,-2.9031408600095605,17.043724813870952,17.14541909715874,17.02853322270695,LYS_51_A_HA,LEU_50_C_CD1,49.031,-28.18,44.391,49.277,-28.08,45.689,49.24496182664968,-28.0930236477034,45.519953052810074,-0.0030292516409144055,-0.0020268577220467813,51.9883874134686,-11.273934718817499,45.236370291035556,49.24496182664968,-28.0930236477034,45.519953052810074,1.324884900661188,1.9988553416351187
8738,8496,8,0.8,22.901543721065458,2.290154372106546,16.03108060474582,18.321234976852367,-15.842469108073164,-4.367405014274724,-15.818909555315416,-4.2067266731117146,-15.830443209739185,-4.285387269066733,48.93391321098981,-27.380623915170442,45.55094856898585,-2.8772944621043743,16.396774347855096,16.429984218350356,16.365254972584356,LYS_51_A_HA,LEU_50_C_HD13,48.816,-27.399,45.187,49.047,-27.363,45.9,48.93391321098981,-27.380623915170442,45.55094856898585,-0.0030292516409144055,-0.0020268577220467813,51.9883874134686,-11.273934718817499,45.236370291035556,48.93391321098981,-27.380623915170442,45.55094856898585,0.7503505847268989,2.212041122812171
9383,8211,8,0.8,22.901543721065458,2.290154372106546,16.03108060474582,18.321234976852367,-16.742416005719942,-5.172435194722442,-16.509709288659664,-4.117535147996169,-16.55910233584825,-4.341442426846639,48.93331864218507,-28.111435657575058,45.55133122709353,-2.8852546849727676,17.115317217369228,17.519708652656288,17.011992661996665,GLN_54_A_O,LEU_50_C_CD1,47.951,-28.358,43.927,49.198,-28.045,45.989,48.93331864218507,-28.111435657575058,45.55133122709353,-0.0030292516409144055,-0.0020268577220467813,51.9883874134686,-11.273934718817499,45.236370291035556,48.93331864218507,-28.111435657575058,45.55133122709353,2.429983950564281,2.1183345054532863
8706,8495,8,0.8,22.901543721065458,2.290154372106546,16.03108060474582,18.321234976852367,-16.388764528406476,-5.27396801443499,-16.262799132691768,-4.332749512606838,-16.303434265105775,-4.636376855936276,48.62140895885031,-27.8788727499114,45.58262536840851,-2.864592807779047,16.946397950860785,17.212951057854173,16.826624001809183,LYS_51_A_HA,LEU_50_C_HD13,47.839,-28.013,44.093,48.994,-27.815,46.292,48.62140895885031,-27.8788727499114,45.58262536840851,-0.0030292516409144055,-0.0020268577220467813,51.9883874134686,-11.273934718817499,45.236370291035556,48.62140895885031,-27.8788727499114,45.58262536840851,2.4917523954036835,2.319495312078498
8558,8490,8,0.8,22.901543721065458,2.290154372106546,16.03108060474582,18.321234976852367,-16.877203210225563,-5.79751200137906,-16.662043993042044,-4.149452806092201,-16.73829269079767,-4.7334964232319345,48.55789064644285,-28.319844490303648,45.58921391235026,-2.8660592818137727,17.391257764386197,17.841675785500794,17.167524986189306,LYS_51_A_O,LEU_50_C_HD13,47.297,-28.54,43.551,49.25,-28.199,46.708,48.55789064644285,-28.319844490303648,45.58921391235026,-0.0030292516409144055,-0.0020268577220467813,51.9883874134686,-11.273934718817499,45.236370291035556,48.55789064644285,-28.319844490303648,45.58921391235026,3.727886666732237,2.0426054959271838
8555,8212,8,0.8,22.901543721065458,2.290154372106546,16.03108060474582,18.321234976852367,-17.002824686729067,-6.011022747399525,-16.746580821309777,-4.090785743834651,-16.79673590968537,-4.466637304059498,48.827055135408784,-28.35787993955405,45.562136582358704,-2.8817526684849537,17.377034550060383,18.030559515361826,17.235558255969703,LYS_51_A_O,LEU_50_C_CD1,46.97,-28.682,42.333,49.279,-28.279,46.348,48.827055135408784,-28.35787993955405,45.562136582358704,-0.0030292516409144055,-0.0020268577220467813,51.9883874134686,-11.273934718817499,45.236370291035556,48.827055135408784,-28.35787993955405,45.562136582358704,4.649098299670596,2.2096224868304835
8818,8210,8,0.8,22.901543721065458,2.290154372106546,16.03108060474582,18.321234976852367,-15.630774758991423,-5.76434189016742,-16.160682970902737,-4.076745880260796,-16.040282548803614,-4.460184497285973,48.77634044733571,-27.60311601715714,45.56690814041099,-2.870451016902365,16.645379624885642,16.65625120414735,16.6635263022031,LYS_51_A_HG2,LEU_50_C_CD1,47.383,-27.294,45.019,49.186,-27.694,45.728,48.77634044733571,-27.60311601715714,45.56690814041099,-0.0030292516409144055,-0.0020268577220467813,51.9883874134686,-11.273934718817499,45.236370291035556,48.77634044733571,-27.60311601715714,45.56690814041099,1.9782542809254813,3.1000965285705693
8565,8489,8,0.8,22.901543721065458,2.290154372106546,16.03108060474582,18.321234976852367,-16.066477442981906,-6.120280440603744,-16.25982058425461,-4.374307370373141,-16.21826878218006,-4.749538304163503,48.5027106844486,-27.802535091731443,45.594539832077075,-2.856772030262211,16.895942056211368,17.189165037905155,16.834491418318887,LYS_51_A_O,LEU_50_C_HD13,46.708,-27.757,41.527,48.994,-27.815,46.708,48.5027106844486,-27.802535091731443,45.594539832077075,-0.0030292516409144055,-0.0020268577220467813,51.9883874134686,-11.273934718817499,45.236370291035556,48.5027106844486,-27.802535091731443,45.594539832077075,5.663207659975042,2.080590620457662
8817,8488,8,0.8,22.901543721065458,2.290154372106546,16.03108060474582,18.321234976852367,-15.4042222224432,-6.091903453928323,-15.802326983516293,-4.42931552773335,-15.569316076719737,-5.402429035010818,47.80597630399583,-27.204968871044194,45.664409248413925,-2.8076559713044955,16.476456815622946,16.561501800287036,16.407885110155206,LYS_51_A_HG2,LEU_50_C_HD13,47.028,-27.093,44.925,48.904,-27.363,46.708,47.80597630399583,-27.204968871044194,45.664409248413925,-0.0030292516409144055,-0.0020268577220467813,51.9883874134686,-11.273934718817499,45.236370291035556,47.80597630399583,-27.204968871044194,45.664409248413925,2.6021846590893625,3.005275635466669
8544,8494,8,0.8,22.901543721065458,2.290154372106546,16.03108060474582,18.321234976852367,-15.216737522033641,-6.203343488576192,-15.805305531953453,-4.387757669967047,-15.643370015427823,-4.887288433409553,48.32264025796225,-27.239739628758695,45.612417149629316,-2.8388443795545077,16.38554362449605,16.429036712258096,16.399590555767038,LYS_51_A_O,LEU_50_C_HD13,46.791,-26.915,43.822,48.904,-27.363,46.292,48.32264025796225,-27.239739628758695,45.612417149629316,-0.0030292516409144055,-0.0020268577220467813,51.9883874134686,-11.273934718817499,45.236370291035556,48.32264025796225,-27.239739628758695,45.612417149629316,3.2812151712437303,3.445762117084269
8572,8487,8,0.8,22.901543721065458,2.290154372106546,16.03108060474582,18.321234976852367,-15.35982826881665,-6.502813820184915,-16.267795643767197,-4.258623771402486,-15.977172282445064,-4.976946999104752,48.25889371111502,-27.57938042034747,45.618983908523425,-2.839677591762186,16.730901828106102,16.676075892884896,16.81253232193159,LYS_51_A_O,LEU_50_C_HD13,46.366,-27.081,42.473,49.15,-27.814,47.1,48.25889371111502,-27.57938042034747,45.618983908523425,-0.0030292516409144055,-0.0020268577220467813,51.9883874134686,-11.273934718817499,45.236370291035556,48.25889371111502,-27.57938042034747,45.618983908523425,5.449502179098565,3.010337247920213
8823,8486,8,0.8,22.901543721065458,2.290154372106546,16.03108060474582,18.321234976852367,-14.84071416415101,-6.512717430365775,-15.810317588669767,-4.326605108976051,-15.154618969834159,-5.804973268067692,47.375299029506714,-26.82199644967856,45.70759211236016,-2.7758332697563275,16.224822280376532,16.20327082090655,16.388176885217817,LYS_51_A_HG2,LEU_50_C_HD13,46.575,-26.563,45.041,49.047,-27.363,47.1,47.375299029506714,-26.82199644967856,45.70759211236016,-0.0030292516409144055,-0.0020268577220467813,51.9883874134686,-11.273934718817499,45.236370291035556,47.375299029506714,-26.82199644967856,45.70759211236016,3.315156859033972,3.403233208939478
8918,8482,8,0.8,22.901543721065458,2.290154372106546,16.03108060474582,18.321234976852367,-14.283925299482286,-7.562420403759166,-15.828269083557922,-4.092589228896271,-14.071077750578677,-8.040646216103758,45.07546799022827,-25.911136649364288,45.93869105080166,-2.622460766361999,16.202758708238985,16.158698663574707,16.34536375398722,LYS_51_A_HE2,LEU_50_C_HD13,45.589,-26.087,46.118,49.315,-27.363,47.419,45.07546799022827,-25.911136649364288,45.93869105080166,-0.0030292516409144055,-0.0020268577220467813,51.9883874134686,-11.273934718817499,45.236370291035556,45.07546799022827,-25.911136649364288,45.93869105080166,4.147752765052418,4.143265506000509
8931,8209,8,0.8,22.901543721065458,2.290154372106546,16.03108060474582,18.321234976852367,-13.746933770908502,-8.258672656559192,-15.752289328441584,-3.9734572663577703,-15.928836688699027,-3.596195756580761,49.62509134388306,-27.426463539480768,45.481394740638216,-2.919629119428356,16.326340453260762,16.033312548634456,16.242273623398418,LYS_51_A_HE2,LEU_50_C_CD1,44.94,-25.604,47.009,49.246,-27.279,45.605,49.62509134388306,-27.426463539480768,45.481394740638216,-0.0030292516409144055,-0.0020268577220467813,51.9883874134686,-11.273934718817499,45.236370291035556,49.62509134388306,-27.426463539480768,45.481394740638216,4.828920893947223,4.130819455543661
551,4295,8,0.8,22.901543721065458,2.290154372106546,16.03108060474582,18.321234976852367,9.909221905937821,-12.72748009482648,7.823416251276709,-14.138424510975211,16.73635042082199,-8.10926514518361,42.68125470717813,4.802351512129535,46.16612632178139,-0.45102616777934323,18.59930494584534,16.130402446952548,16.158310178389357,TYR_27_A_CD1,GLY_34_C_HA2,38.472,-2.356,45.158,37.186,-4.543,44.85,42.68125470717813,4.802351512129535,46.16612632178139,-0.0030292516409144055,-0.0020268577220467813,51.9883874134686,-11.273934718817499,45.236370291035556,42.68125470717813,4.802351512129535,46.16612632178139,2.555705186440722,2.8367995989667953
660,4557,8,0.8,22.901543721065458,2.290154372106546,16.03108060474582,18.321234976852367,10.611227912543024,-13.209642334354555,7.726770399331198,-14.749469361988341,9.056462192060012,-14.039632121714078,37.37759600898565,-3.305193713606331,46.70357446656818,-0.9976807093571004,16.707146577622016,16.94413059811605,16.650431317560777,TYR_27_A_CE1,ARG_35_C_HB2,37.846,-1.693,44.271,36.977,-4.684,48.784,37.37759600898565,-3.305193713606331,46.70357446656818,-0.0030292516409144055,-0.0020268577220467813,51.9883874134686,-11.273934718817499,45.236370291035556,37.37759600898565,-3.305193713606331,46.70357446656818,5.483467060172787,3.626406263808601
670,4633,8,0.8,22.901543721065458,2.290154372106546,16.03108060474582,18.321234976852367,10.444268184217156,-12.734870775897646,7.6814499113701675,-14.394344204440912,9.27669169579375,-13.4361699447112,37.9596639741962,-3.039830078368729,46.64486621879158,-0.9663010664728424,16.327566301931103,16.470316874848155,16.315330784737903,TYR_27_A_CE1,ARG_35_C_HG3,38.209,-1.824,43.024,37.619,-4.701,51.592,37.9596639741962,-3.039830078368729,46.64486621879158,-0.0030292516409144055,-0.0020268577220467813,51.9883874134686,-11.273934718817499,45.236370291035556,37.9596639741962,-3.039830078368729,46.64486621879158,9.057364572545369,2.908398009561482
1011,4653,8,0.8,22.901543721065458,2.290154372106546,16.03108060474582,18.321234976852367,11.612985604386823,-13.919668367867562,8.009894416127565,-14.976696127397545,10.281880027786393,-14.31017070927835,37.01666788048203,-2.1038239885912167,46.739374876476255,-0.9475540997179249,17.621076566512,18.12822512934961,16.98374709661116,TYR_27_A_HE1,ARG_35_C_HG3,37.061,-0.748,44.3,36.941,-4.418,50.903,37.01666788048203,-2.1038239885912167,46.739374876476255,-0.0030292516409144055,-0.0020268577220467813,51.9883874134686,-11.273934718817499,45.236370291035556,37.01666788048203,-2.1038239885912167,46.739374876476255,7.5553232227350815,3.0091880481723097
952,4656,8,0.8,22.901543721065458,2.290154372106546,16.03108060474582,18.321234976852367,10.430258836695133,-12.189365602146625,7.938658720215041,-14.038277291610857,10.466547003285427,-12.16243767942169,39.13349653612747,-1.7567980990060148,46.52614135666013,-0.8599761409025171,16.0464207320582,16.043214328979317,16.12720478214267,TYR_27_A_HD1,ARG_35_C_HG3,39.115,-1.795,46.583,37.845,-4.418,50.487,39.13349653612747,-1.7567980990060148,46.52614135666013,-0.0030292516409144055,-0.0020268577220467813,51.9883874134686,-11.273934718817499,45.236370291035556,39.13349653612747,-1.7567980990060148,46.52614135666013,4.871780475349853,2.6216442324273816
677,4548,8,0.8,22.901543721065458,2.290154372106546,16.03108060474582,18.321234976852367,10.987669225845748,-12.478466410992437,7.630413397247035,-14.501657870068613,8.93354426384681,-13.716348863556696,37.70760725482863,-3.4032387795008576,46.67039880151119,-0.9932807028874368,16.369024841982405,16.626996029031748,16.386236485784764,TYR_27_A_CE1,ARG_35_C_HB2,38.358,-1.263,42.363,37.295,-4.761,49.403,37.70760725482863,-3.4032387795008576,46.67039880151119,-0.0030292516409144055,-0.0020268577220467813,51.9883874134686,-11.273934718817499,45.236370291035556,37.70760725482863,-3.4032387795008576,46.67039880151119,7.9326901489973745,3.3874795560194317
741,4646,8,0.8,22.901543721065458,2.290154372106546,16.03108060474582,18.321234976852367,11.262511401230181,-12.398851393224646,7.6432244401582095,-14.525367775415711,9.025356475331884,-13.713294445292867,37.703705207142804,-3.311459361333096,46.67075104199019,-0.9884935216550146,16.416778237308815,16.75093026567571,16.413184545690907,TYR_27_A_CZ,ARG_35_C_HG3,38.396,-0.983,42.156,37.276,-4.75,49.46,37.703705207142804,-3.311459361333096,46.67075104199019,-0.0030292516409144055,-0.0020268577220467813,51.9883874134686,-11.273934718817499,45.236370291035556,37.703705207142804,-3.311459361333096,46.67075104199019,8.29416089788473,3.5185312534086943
760,4551,8,0.8,22.901543721065458,2.290154372106546,16.03108060474582,18.321234976852367,11.844353971322729,-12.5448576956762,7.658894071133085,-14.768712371519898,9.066697115614073,-14.020706308197163,37.39559956754116,-3.2935528769428006,46.70175708423479,-0.9965510252571038,16.696805380432917,17.253495143341073,16.63610741932966,TYR_27_A_CZ,ARG_35_C_HB2,38.186,-0.414,41.964,36.995,-4.753,49.103,37.39559956754116,-3.2935528769428006,46.70175708423479,-0.0030292516409144055,-0.0020268577220467813,51.9883874134686,-11.273934718817499,45.236370291035556,37.39559956754116,-3.2935528769428006,46.70175708423479,8.43864461865767,3.6456667910394014
779,4648,8,0.8,22.901543721065458,2.290154372106546,16.03108060474582,18.321234976852367,12.309849153192486,-12.691073877479162,7.917241913352977,-14.80259329426412,10.058218325016217,-13.773429288180417,37.5660583071419,-2.2861333158073722,46.684153696547156,-0.9398338490606305,17.055211159655094,17.68103189527748,16.78652620912169,TYR_27_A_OH,ARG_35_C_HG3,37.991,0.039,41.835,37.162,-4.497,51.295,37.5660583071419,-2.2861333158073722,46.684153696547156,-0.0030292516409144055,-0.0020268577220467813,51.9883874134686,-11.273934718817499,45.236370291035556,37.5660583071419,-2.2861333158073722,46.684153696547156,10.523979142890774,2.9609609558386225
790,4658,8,0.8,22.901543721065458,2.290154372106546,16.03108060474582,18.321234976852367,12.912644509935323,-12.994751584407965,8.006915867690406,-14.935138269631242,10.138119571210407,-14.092172913945289,37.24379884797576,-2.230636729472094,46.71656785999771,-0.9469488711168846,17.360158851027894,18.320085276518352,16.945708520306617,TYR_27_A_OH,ARG_35_C_HG3,37.638,0.617,41.808,36.941,-4.418,50.487,37.24379884797576,-2.230636729472094,46.71656785999771,-0.0030292516409144055,-0.0020268577220467813,51.9883874134686,-11.273934718817499,45.236370291035556,37.24379884797576,-2.230636729472094,46.71656785999771,10.057935921450287,3.2586536460829496
545,4294,8,0.8,22.901543721065458,2.290154372106546,16.03108060474582,18.321234976852367,11.589243995878492,-11.34023119069364,8.186980744679863,-13.855322415138408,11.692837065878685,-11.263650984509125,39.93259349694715,-0.4658733582711627,46.44513394012172,-0.7664853638787972,16.236300899229548,16.215291441764776,16.09316816357072,TYR_27_A_CD1,GLY_34_C_HA2,39.859,-0.575,46.398,37.442,-4.159,44.85,39.93259349694715,-0.4658733582711627,46.44513394012172,-0.0030292516409144055,-0.0020268577220467813,51.9883874134686,-11.273934718817499,45.236370291035556,39.93259349694715,-0.4658733582711627,46.44513394012172,4.591649921324579,4.137782066513085
649,4661,8,0.8,22.901543721065458,2.290154372106546,16.03108060474582,18.321234976852367,12.906299842509611,-12.246676995246341,7.908649946707327,-14.682714858399784,11.568642426972673,-12.898700282214277,38.319833828287926,-0.713717547795416,46.60758400360082,-0.839496994673339,17.327082006374642,17.792757927074007,16.6768482607122,TYR_27_A_CE1,ARG_35_C_HG3,38.743,0.669,45.333,37.162,-4.497,50.095,38.319833828287926,-0.713717547795416,46.60758400360082,-0.0030292516409144055,-0.0020268577220467813,51.9883874134686,-11.273934718817499,45.236370291035556,38.319833828287926,-0.713717547795416,46.60758400360082,7.2016498804093505,4.222072758986982
657,4634,8,0.8,22.901543721065458,2.290154372106546,16.03108060474582,18.321234976852367,13.428132889952725,-12.260333709355267,7.757574255362581,-14.880358708647503,11.82014014226515,-13.00329070338458,38.197079863614476,-0.4708766963084472,46.619833166998774,-0.8328196376304166,17.57328074383178,18.18411953718343,16.780695023126363,TYR_27_A_CE1,ARG_35_C_HG3,38.623,1.188,44.672,37.121,-4.662,51.541,38.197079863614476,-0.4708766963084472,46.619833166998774,-0.0030292516409144055,-0.0020268577220467813,51.9883874134686,-11.273934718817499,45.236370291035556,38.197079863614476,-0.4708766963084472,46.619833166998774,9.146675078956285,3.8738042798904413
537,4298,8,0.8,22.901543721065458,2.290154372106546,16.03108060474582,18.321234976852367,12.119364870094653,-10.752839112342352,8.184002196242705,-13.813764557372105,12.920891306238847,-10.12941177753553,40.965150360977454,0.844667936653003,46.34061775599191,-0.6646702632968012,16.419246264687448,16.202851705079052,16.05588933110122,TYR_27_A_CD1,GLY_34_C_HA2,40.369,-0.002,46.018,37.442,-4.159,44.434,40.965150360977454,0.844667936653003,46.34061775599191,-0.0030292516409144055,-0.0020268577220467813,51.9883874134686,-11.273934718817499,45.236370291035556,40.965150360977454,0.844667936653003,46.34061775599191,5.325132298826012,4.221416052065301
651,4657,8,0.8,22.901543721065458,2.290154372106546,16.03108060474582,18.321234976852367,13.153371830735054,-11.287715623770634,8.062528063740682,-14.479881898016849,11.75061659693252,-12.167300257146746,39.03171779294561,-0.4767958500004863,46.53582102443619,-0.8026057520008812,16.91573432093439,17.33371455760302,16.572914691613395,TYR_27_A_CE1,ARG_35_C_HG3,39.655,0.988,45.033,37.393,-4.328,50.487,39.03171779294561,-0.4767958500004863,46.53582102443619,-0.0030292516409144055,-0.0020268577220467813,51.9883874134686,-11.273934718817499,45.236370291035556,39.03171779294561,-0.4767958500004863,46.53582102443619,7.944974260499528,3.959482118113641
813,4562,8,0.8,22.901543721065458,2.290154372106546,16.03108060474582,18.321234976852367,13.461414831393842,-11.21161480561706,7.723791850894039,-14.707911504222038,8.970653810023231,-13.948119624181187,37.47486484020882,-3.383814343531477,46.69381810171596,-0.9990359325186955,16.58374177144235,17.519877751478827,16.612248721553133,TYR_27_A_OH,ARG_35_C_HB2,39.268,1.299,40.664,36.977,-4.684,48.368,37.47486484020882,-3.383814343531477,46.69381810171596,-0.0030292516409144055,-0.0020268577220467813,51.9883874134686,-11.273934718817499,45.236370291035556,37.47486484020882,-3.383814343531477,46.69381810171596,10.019809678831232,4.241175655386112
773,4651,8,0.8,22.901543721065458,2.290154372106546,16.03108060474582,18.321234976852367,13.283661809780057,-10.748283282394274,7.941637268652198,-14.079835149377159,10.241271520919742,-12.64566899616398,38.67109095037398,-2.0180744927905456,46.572802569144436,-0.8898465988616628,16.272903393176996,17.08853962474421,16.164851141141376,TYR_27_A_OH,ARG_35_C_HG3,39.764,1.157,40.844,37.845,-4.418,50.903,38.67109095037398,-2.0180744927905456,46.572802569144436,-0.0030292516409144055,-0.0020268577220467813,51.9883874134686,-11.273934718817499,45.236370291035556,38.67109095037398,-2.0180744927905456,46.572802569144436,11.659616931957926,3.2761564925525426
620,4561,8,0.8,22.901543721065458,2.290154372106546,16.03108060474582,18.321234976852367,12.816138172034588,-10.031083220049014,7.599922507368396,-14.266306897816039,10.311562588080585,-12.064633689937033,39.24223035885814,-1.9039183453968407,46.51526118148785,-0.8633557514840617,15.871272425632704,16.276148959595886,16.16398962236881,TYR_27_A_CE1,ARG_35_C_HB2,40.917,0.747,44.804,37.429,-4.774,48.368,39.24223035885814,-1.9039183453968407,46.51526118148785,-0.0030292516409144055,-0.0020268577220467813,51.9883874134686,-11.273934718817499,45.236370291035556,39.24223035885814,-1.9039183453968407,46.51526118148785,7.439736621682249,3.635637475598875
1108,4643,8,0.8,22.901543721065458,2.290154372106546,16.03108060474582,18.321234976852367,14.494024232304545,-11.064303219552635,7.7825845804752065,-14.685374720973869,10.252865199297846,-13.352566379786783,37.96890065142394,-2.060127525362794,46.64350370678045,-0.9157481362704715,16.835090629961247,18.235638678749122,16.619761948238,TYR_27_A_HH,ARG_35_C_HG3,39.38,2.34,41.092,37.147,-4.623,49.877,37.96890065142394,-2.060127525362794,46.64350370678045,-0.0030292516409144055,-0.0020268577220467813,51.9883874134686,-11.273934718817499,45.236370291035556,37.96890065142394,-2.060127525362794,46.64350370678045,11.430043000794008,4.065398121493797
1104,4652,8,0.8,22.901543721065458,2.290154372106546,16.03108060474582,18.321234976852367,14.523817557497788,-10.639986106253593,8.065506612177842,-14.52143975578315,10.965587523142016,-12.778487189532063,38.484631659460874,-1.3059181126401969,46.59125701598385,-0.8613870735591074,16.838898199180502,18.00542849225203,16.610677947937965,TYR_27_A_HH,ARG_35_C_HG3,39.824,2.402,41.301,37.393,-4.328,50.903,38.484631659460874,-1.3059181126401969,46.59125701598385,-0.0030292516409144055,-0.0020268577220467813,51.9883874134686,-11.273934718817499,45.236370291035556,38.484631659460874,-1.3059181126401969,46.59125701598385,11.97501837159342,3.4054592942231765
681,4281,8,0.8,22.901543721065458,2.290154372106546,16.03108060474582,18.321234976852367,13.257457365996675,-9.539813714315653,7.586748028759198,-14.154204768757163,-2.843422358842688,-22.641482474353204,29.74218478628414,-15.823193943294022,47.47768526212237,-1.6956062628380113,22.816940715636076,16.334316130721707,16.058918356840476,TYR_27_A_CE2,GLY_34_C_HA2,41.301,1.224,44.062,37.23,-4.78,45.265,29.74218478628414,-15.823193943294022,47.47768526212237,-0.0030292516409144055,-0.0020268577220467813,51.9883874134686,-11.273934718817499,45.236370291035556,29.74218478628414,-15.823193943294022,47.47768526212237,7.353112674235317,3.138431523443018
1079,4647,8,0.8,22.901543721065458,2.290154372106546,16.03108060474582,18.321234976852367,14.542571009752155,-10.232500628870909,7.882358282674194,-14.344241776735998,11.350160718987938,-12.203363316189625,39.02617622824941,-0.8788334162253212,46.53655642407301,-0.8213904053716623,16.666359346957503,17.783055995705656,16.36699316763829,TYR_27_A_HH,ARG_35_C_HG3,40.317,2.452,42.156,37.624,-4.497,51.295,39.02617622824941,-0.8788334162253212,46.53655642407301,-0.0030292516409144055,-0.0020268577220467813,51.9883874134686,-11.273934718817499,45.236370291035556,39.02617622824941,-0.8788334162253212,46.53655642407301,11.792462465490404,2.9110358987001685
705,4392,8,0.8,22.901543721065458,2.290154372106546,16.03108060474582,18.321234976852367,14.038964759194021,-9.545050920207911,7.818309171088482,-14.140805661335335,10.56329973606792,-12.112835582510215,39.175401535682454,-1.6565620677901305,46.52187891870981,-0.8534004968873514,16.072305256088846,16.977835670588533,16.157920682450683,TYR_27_A_CE2,ARG_35_C_CG,41.041,2.002,42.123,37.702,-4.546,49.996,39.175401535682454,-1.6565620677901305,46.52187891870981,-0.0030292516409144055,-0.0020268577220467813,51.9883874134686,-11.273934718817499,45.236370291035556,39.175401535682454,-1.6565620677901305,46.52187891870981,10.770763854063464,3.1123473319875234
717,4299,8,0.8,22.901543721065458,2.290154372106546,16.03108060474582,18.321234976852367,14.013795765381722,-9.295550975211896,7.82043770283955,-14.096866653208908,-1.4897013429568096,-21.314423932073222,30.956549705640015,-14.3727238114913,47.35480644834494,-1.6404397251801204,21.36418645682325,16.817876622219497,16.120519347970397,TYR_27_A_CE2,GLY_34_C_HA2,41.33,1.996,42.491,37.186,-4.543,44.434,30.956549705640015,-14.3727238114913,47.35480644834494,-0.0030292516409144055,-0.0020268577220467813,51.9883874134686,-11.273934718817499,45.236370291035556,30.956549705640015,-14.3727238114913,47.35480644834494,7.981635546678386,3.0012422550724938
689,4483,8,0.8,22.901543721065458,2.290154372106546,16.03108060474582,18.321234976852367,13.570902624269904,-8.632600348201747,7.385064195177892,-14.277047606924706,6.184594955619343,-15.372450499528561,36.27214542451347,-6.269874139236238,46.81615879566602,-1.1880790424382504,16.569146515704354,16.085348157451822,16.07358523071606,TYR_27_A_CE2,ARG_35_C_H,42.098,1.605,43.185,37.219,-4.99,46.226,36.27214542451347,-6.269874139236238,46.81615879566602,-0.0030292516409144055,-0.0020268577220467813,51.9883874134686,-11.273934718817499,45.236370291035556,36.27214542451347,-6.269874139236238,46.81615879566602,8.749076922738762,2.854136574449655
0,4552,8,0.8,22.901543721065458,2.290154372106546,16.03108060474582,18.321234976852367,14.364257238465179,-7.945602271419366,7.53729795401231,-14.17134003139186,12.033780446095871,-10.070843797033058,41.09023774270523,-0.03544576687160361,46.328415201978814,-0.6966054730952557,15.692860231866169,16.417043322166194,16.050731141659778,GLU_26_A_N,ARG_35_C_HB2,42.908,2.449,44.993,37.583,-4.829,48.905,41.09023774270523,-0.03544576687160361,46.328415201978814,-0.0030292516409144055,-0.0020268577220467813,51.9883874134686,-11.273934718817499,45.236370291035556,41.09023774270523,-0.03544576687160361,46.328415201978814,9.829987436411097,1.868918757369022
18,200,8,0.8,22.901543721065458,2.290154372106546,16.03108060474582,18.321234976852367,15.332922603390005,-7.205283267929349,15.976901555487933,1.8058793689940695,14.725908997050826,-15.69919182150575,35.303066581872386,2.222056962686111,46.90995539897008,-0.817209666838035,21.525394533759727,16.943385795378056,16.081875311207472,GLU_26_A_N,GLU_26_C_OE1,43.564,3.471,44.873,52.328,4.796,42.712,35.303066581872386,2.222056962686111,46.90995539897008,-0.0030292516409144055,-0.0020268577220467813,51.9883874134686,-11.273934718817499,45.236370291035556,35.303066581872386,2.222056962686111,46.90995539897008,9.123225416485116,4.255494901786281
14,175,8,0.8,22.901543721065458,2.290154372106546,16.03108060474582,18.321234976852367,15.966532029382218,-6.559381454476403,16.060235994738644,1.8896283546063375,15.846743043441345,-17.36040052965416,33.570347332441116,3.2136713460720916,47.08393312423586,-0.8307956048307588,23.505923048040106,17.263423380544445,16.174265047224697,GLU_26_A_N,GLU_26_C_CD,44.209,4.152,45.33,52.531,4.886,43.958,33.570347332441116,3.2136713460720916,47.08393312423586,-0.0030292516409144055,-0.0020268577220467813,51.9883874134686,-11.273934718817499,45.236370291035556,33.570347332441116,3.2136713460720916,47.08393312423586,8.466216628459252,4.265310286718772
431,169,8,0.8,22.901543721065458,2.290154372106546,16.03108060474582,18.321234976852367,15.67213194179127,-5.364291739775835,16.056771173287782,1.9326920512183097,19.163634242318576,60.87293422919709,110.93541767967389,12.454470549287343,39.29227380357415,1.2657692477976399,63.8210143826044,16.56697205603334,16.175918117533584,GLU_26_A_HG3,GLU_26_C_CD,45.397,3.949,45.011,52.617,4.886,44.381,110.93541767967389,12.454470549287343,39.29227380357415,-0.0030292516409144055,-0.0020268577220467813,51.9883874134686,-11.273934718817499,45.236370291035556,110.93541767967389,12.454470549287343,39.29227380357415,7.3077540325328405,3.481560166351397
441,195,8,0.8,22.901543721065458,2.290154372106546,16.03108060474582,18.321234976852367,16.26530379167455,-4.56671721585854,16.136561065106868,1.9327131204614503,16.34264816993458,-8.471360311503814,42.35174582177748,4.382320821476874,46.19948025975186,-0.4780533074979614,18.409529584472004,16.896599009087424,16.255140552318835,GLU_26_A_HG3,GLU_26_C_OE1,46.154,4.601,45.04,52.483,4.965,43.11,42.35174582177748,4.382320821476874,46.19948025975186,-0.0030292516409144055,-0.0020268577220467813,51.9883874134686,-11.273934718817499,45.236370291035556,42.35174582177748,4.382320821476874,46.19948025975186,6.626736527130071,3.229666456024991
434,199,8,0.8,22.901543721065458,2.290154372106546,16.03108060474582,18.321234976852367,16.28770557644622,-3.6406901609285818,16.25964161853899,2.1626614574707665,16.285522728387036,-3.1892985625355807,47.596407642388144,4.725968069339698,45.67140015934058,-0.19323401794645914,16.59745843574785,16.69215120567607,16.40610676954561,GLU_26_A_HG3,GLU_26_C_OE1,47.169,4.694,45.921,52.664,5.105,42.712,47.596407642388144,4.725968069339698,45.67140015934058,-0.0030292516409144055,-0.0020268577220467813,51.9883874134686,-11.273934718817499,45.236370291035556,47.596407642388144,4.725968069339698,45.67140015934058,6.376647002931872,2.377107523200062
151,202,8,0.8,22.901543721065458,2.290154372106546,16.03108060474582,18.321234976852367,16.230506790423338,-3.130753357265576,16.113993668770842,2.1810723204179436,16.199504614571588,-1.7173661660395034,49.06321082798729,4.7518336914541255,45.52374014421156,-0.1054756916492145,16.293081127534535,16.532290281081597,16.26420455597732,GLU_26_A_CD,GLU_26_C_OE1,47.761,4.676,46.682,52.655,4.961,42.329,49.06321082798729,4.7518336914541255,45.52374014421156,-0.0030292516409144055,-0.0020268577220467813,51.9883874134686,-11.273934718817499,45.236370291035556,49.06321082798729,4.7518336914541255,45.52374014421156,6.555994966441021,2.5541253607275967
156,141,8,0.8,22.901543721065458,2.290154372106546,16.03108060474582,18.321234976852367,16.11817694452893,-2.522050613234018,16.079714577948316,1.965408321969261,16.106944550461392,-1.2115512445475969,49.57202006596609,4.697902823328413,45.472547165370855,-0.07493863150407902,16.15531507420231,16.31697916122251,16.20263713950533,GLU_26_A_CD,GLU_26_C_CD,48.337,4.61,46.259,52.566,4.911,43.566,49.57202006596609,4.697902823328413,45.472547165370855,-0.0030292516409144055,-0.0020268577220467813,51.9883874134686,-11.273934718817499,45.236370291035556,49.57202006596609,4.697902823328413,45.472547165370855,5.022677672317823,2.239148344740347
4653,631,8,0.8,22.901543721065458,2.290154372106546,16.03108060474582,18.321234976852367,8.22313543548729,14.018306850269946,10.380986457886156,12.598612122268738,9.559700382396464,13.138953183560957,64.30355064916988,-0.742095766610628,43.992072391855174,0.9417187243597641,16.25211230883835,16.255446556253432,16.328009216060856,ARG_35_A_HG3,TYR_27_C_CE1,64.848,-2.01,39.634,63.969,0.037,46.67,64.30355064916988,-0.742095766610628,43.992072391855174,-0.0030292516409144055,-0.0020268577220467813,51.9883874134686,-11.273934718817499,45.236370291035556,64.30355064916988,-0.742095766610628,43.992072391855174,7.380253789674175,3.374542182848559
4632,666,8,0.8,22.901543721065458,2.290154372106546,16.03108060474582,18.321234976852367,7.952948598446444,14.204043165196392,10.487534754912524,12.538482487024876,9.255622594104056,13.34801285109217,64.5339189459908,-1.0294419671543966,43.96901041505463,0.964425916138689,16.246420966712424,16.282199146526324,16.349810635028145,ARG_35_A_HG3,TYR_27_C_CE1,65.126,-2.265,40.342,63.974,0.139,47.399,64.5339189459908,-1.0294419671543966,43.96901041505463,-0.0030292516409144055,-0.0020268577220467813,51.9883874134686,-11.273934718817499,45.236370291035556,64.5339189459908,-1.0294419671543966,43.96901041505463,7.543710559134679,3.4769707273262904
4651,670,8,0.8,22.901543721065458,2.290154372106546,16.03108060474582,18.321234976852367,8.154878288011922,14.915167828290333,10.989110831305865,13.119041832600482,9.809864935407246,13.866360260633368,65.00632443653066,-0.43748293467272736,43.92119654423793,0.9550059743805799,16.988968585254668,17.00218082264509,17.11693860418058,ARG_35_A_HG3,TYR_27_C_CE1,65.752,-2.01,39.634,64.475,0.683,46.976,65.00632443653066,-0.43748293467272736,43.92119654423793,-0.0030292516409144055,-0.0020268577220467813,51.9883874134686,-11.273934718817499,45.236370291035556,65.00632443653066,-0.43748293467272736,43.92119654423793,7.923884274773325,3.1606250730849172
4780,990,8,0.8,22.901543721065458,2.290154372106546,16.03108060474582,18.321234976852367,7.818493472304284,14.481018142084812,10.506356357357058,12.686378589164388,10.064854210028395,12.981161935703938,64.1088635117954,-0.25036433528639335,44.01145241920861,0.9112018264441155,16.429408651667792,16.460097514523465,16.475521802455635,ARG_35_A_HE,TYR_27_C_HD1,65.197,-2.379,38.188,63.895,0.168,45.156,64.1088635117954,-0.25036433528639335,44.01145241920861,-0.0030292516409144055,-0.0020268577220467813,51.9883874134686,-11.273934718817499,45.236370291035556,64.1088635117954,-0.25036433528639335,44.01145241920861,7.532292944382869,2.9461077307115033
4473,995,8,0.8,22.901543721065458,2.290154372106546,16.03108060474582,18.321234976852367,7.539988754653042,14.232610101062287,10.532298457398687,12.3496522903273,6.440528708013359,14.924462578936376,66.31047483454637,-3.716864540370683,43.79136914808265,1.1632761532616747,16.257906571330132,16.109686837169235,16.234442020384154,ARG_35_A_H,TYR_27_C_HD1,65.551,-2.673,43.967,63.484,0.168,44.445,66.31047483454637,-3.716864540370683,43.79136914808265,-0.0030292516409144055,-0.0020268577220467813,51.9883874134686,-11.273934718817499,45.236370291035556,66.31047483454637,-3.716864540370683,43.79136914808265,3.545737440928192,2.1166451030440188
4779,664,8,0.8,22.901543721065458,2.290154372106546,16.03108060474582,18.321234976852367,7.77988237596777,14.935363151166513,11.00556367742675,12.81899972325748,9.70373758211122,13.673125373047265,64.82262877296536,-0.5579601462065409,43.93974058873671,0.9535164259772447,16.76994665762373,16.84337655224778,16.898752642372813,ARG_35_A_HE,TYR_27_C_CE1,65.66,-2.383,38.235,64.256,0.677,47.8,64.82262877296536,-0.5579601462065409,43.93974058873671,-0.0030292516409144055,-0.0020268577220467813,51.9883874134686,-11.273934718817499,45.236370291035556,64.82262877296536,-0.5579601462065409,43.93974058873671,10.140218981856355,2.794767786596516
4466,993,8,0.8,22.901543721065458,2.290154372106546,16.03108060474582,18.321234976852367,7.46547759836891,14.55734823820279,10.51434696251053,12.58366817040708,8.928177109691596,13.610472355416361,64.8190297672946,-1.3360385457087445,43.940446552107595,0.990142483648273,16.280865514351504,16.363190329287256,16.401674358768155,ARG_35_A_H,TYR_27_C_HD1,65.803,-2.723,43.181,63.752,0.168,44.764,64.8190297672946,-1.3360385457087445,43.940446552107595,-0.0030292516409144055,-0.0020268577220467813,51.9883874134686,-11.273934718817499,45.236370291035556,64.8190297672946,-1.3360385457087445,43.940446552107595,3.8820575729888396,2.3036751503626443
4768,671,8,0.8,22.901543721065458,2.290154372106546,16.03108060474582,18.321234976852367,7.567326546886098,15.076053543334716,10.79449305423739,12.964120472515027,9.955117384862865,13.51342749802962,64.64521144924318,-0.31941638997246447,43.95749407069388,0.93579880559544,16.78785843627823,16.871834384471168,16.873276638974232,ARG_35_A_HE,TYR_27_C_CE1,65.65,-2.585,36.574,64.292,0.477,46.553,64.64521144924318,-0.31941638997246447,43.95749407069388,-0.0030292516409144055,-0.0020268577220467813,51.9883874134686,-11.273934718817499,45.236370291035556,64.64521144924318,-0.31941638997246447,43.95749407069388,10.526179221350926,2.5804881133749706
4556,1028,8,0.8,22.901543721065458,2.290154372106546,16.03108060474582,18.321234976852367,7.55886280455897,15.552463831811838,11.204731358816085,13.2641843024735,9.025118276537704,14.632188640488353,65.82535779734678,-1.1618864306685615,43.83907252304141,1.0180280978751362,17.194990870559344,17.295212981643655,17.366814804339004,ARG_35_A_HB2,TYR_27_C_HE1,66.649,-2.555,41.749,64.601,0.909,46.946,65.82535779734678,-1.1618864306685615,43.83907252304141,-0.0030292516409144055,-0.0020268577220467813,51.9883874134686,-11.273934718817499,45.236370291035556,65.82535779734678,-1.1618864306685615,43.83907252304141,6.572853946346287,3.4481757727563527
4654,1026,8,0.8,22.901543721065458,2.290154372106546,16.03108060474582,18.321234976852367,7.4654195101855905,15.543131901573927,11.301983111445558,13.164072687522623,10.085947291526374,13.918138440803782,65.03684792680808,-0.1582687686470976,43.91800071352501,0.9436361612016126,17.191813447884503,17.246149940196627,17.353659031017923,ARG_35_A_HG3,TYR_27_C_HE1,66.392,-2.65,39.218,64.408,0.998,46.099,65.03684792680808,-0.1582687686470976,43.91800071352501,-0.0030292516409144055,-0.0020268577220467813,51.9883874134686,-11.273934718817499,45.236370291035556,65.03684792680808,-0.1582687686470976,43.91800071352501,8.0369348012784,3.0669284262611627
4534,669,8,0.8,22.901543721065458,2.290154372106546,16.03108060474582,18.321234976852367,7.096622923280347,15.176146834531577,10.632828198329323,12.832502227336846,7.9725781353487974,14.595601433676734,65.86853229906887,-2.2141697915744722,43.83519137915718,1.0707495466014438,16.634333918893507,16.756551484034066,16.668731221401046,ARG_35_A_HB2,TYR_27_C_CE1,66.413,-3.044,42.801,64.215,0.306,46.976,65.86853229906887,-2.2141697915744722,43.83519137915718,-0.0030292516409144055,-0.0020268577220467813,51.9883874134686,-11.273934718817499,45.236370291035556,65.86853229906887,-2.2141697915744722,43.83519137915718,5.786564524828177,3.422836206087683
4347,668,8,0.8,22.901543721065458,2.290154372106546,16.03108060474582,18.321234976852367,7.0941636496210005,15.605186828078786,11.189540324310503,13.131713269179395,9.153103701415837,14.361654381125152,65.54729635878361,-1.0547878144977325,43.86701491500963,1.003294039208499,17.03379315904895,17.145123683192587,17.255977035030337,ARG_35_A_CB,TYR_27_C_CE1,66.591,-3.015,40.296,64.515,0.884,47.399,65.54729635878361,-1.0547878144977325,43.86701491500963,-0.0030292516409144055,-0.0020268577220467813,51.9883874134686,-11.273934718817499,45.236370291035556,65.54729635878361,-1.0547878144977325,43.86701491500963,8.364483606296327,3.6596360624744815
4764,1029,8,0.8,22.901543721065458,2.290154372106546,16.03108060474582,18.321234976852367,7.07649031491969,15.961712134773004,11.406100117982842,13.264671461082473,9.954629554863946,14.168834959286537,65.2954798945849,-0.27019465498546746,43.89201622675357,0.9582703012867422,17.319592764944435,17.463119993684444,17.497814642262675,ARG_35_A_HE,TYR_27_C_HE1,66.623,-3.007,37.051,64.626,1.11,47.342,65.2954798945849,-0.27019465498546746,43.89201622675357,-0.0030292516409144055,-0.0020268577220467813,51.9883874134686,-11.273934718817499,45.236370291035556,65.2954798945849,-0.27019465498546746,43.89201622675357,11.262432197354173,2.6326432057451266
4361,1027,8,0.8,22.901543721065458,2.290154372106546,16.03108060474582,18.321234976852367,6.819670591913225,15.928181454488035,11.167531602836663,13.228414387677544,9.173055362215905,14.466867331880627,65.65017196327626,-1.026913940619455,43.85664713170536,1.0056129601935708,17.13328421262479,17.32976543481304,17.315484554339143,ARG_35_A_CB,TYR_27_C_HE1,66.979,-3.264,40.727,64.524,0.869,46.509,65.65017196327626,-1.026913940619455,43.85664713170536,-0.0030292516409144055,-0.0020268577220467813,51.9883874134686,-11.273934718817499,45.236370291035556,65.65017196327626,-1.026913940619455,43.85664713170536,7.519324304749731,3.7915897573067996
4765,1057,8,0.8,22.901543721065458,2.290154372106546,16.03108060474582,18.321234976852367,6.743085931120874,16.270631059849045,11.655439200882636,13.64317420099959,10.26558989382396,14.38655907054412,65.4880053300337,0.05638289407392372,43.87249233921437,0.950958482949577,17.67698911493999,17.615602906553562,17.947462176904704,ARG_35_A_HE,TYR_27_C_HE1,66.958,-3.316,37.051,64.908,1.387,46.564,65.4880053300337,0.05638289407392372,43.87249233921437,-0.0030292516409144055,-0.0020268577220467813,51.9883874134686,-11.273934718817499,45.236370291035556,65.4880053300337,0.05638289407392372,43.87249233921437,10.808231955319979,2.800557742990556
4343,630,8,0.8,22.901543721065458,2.290154372106546,16.03108060474582,18.321234976852367,6.2375443657391285,15.581641832548843,10.615249451213028,12.777642113524518,7.851826655117923,14.547664669294123,65.83009152274882,-2.338209141741753,43.839115622193866,1.075768299067453,16.534578459920603,16.786765290611203,16.61528758782477,ARG_35_A_CB,TYR_27_C_CE1,66.846,-3.87,42.415,64.091,0.284,46.277,65.83009152274882,-2.338209141741753,43.839115622193866,-0.0030292516409144055,-0.0020268577220467813,51.9883874134686,-11.273934718817499,45.236370291035556,65.83009152274882,-2.338209141741753,43.839115622193866,6.305615354586741,3.6331592535899317
4362,1044,8,0.8,22.901543721065458,2.290154372106546,16.03108060474582,18.321234976852367,6.180355065113974,16.06851050791383,11.156932078898226,12.832317948418154,9.526547126577107,13.892532557214741,65.05368215441642,-0.7179997039517039,43.916553418287315,0.9696306205573708,16.848489762690882,17.2190711953052,17.00779655046552,ARG_35_A_CB,TYR_27_C_HE1,67.128,-3.891,40.326,64.043,0.828,45.666,65.05368215441642,-0.7179997039517039,43.916553418287315,-0.0030292516409144055,-0.0020268577220467813,51.9883874134686,-11.273934718817499,45.236370291035556,65.05368215441642,-0.7179997039517039,43.916553418287315,7.765422461141436,3.776194368501715
4345,973,8,0.8,22.901543721065458,2.290154372106546,16.03108060474582,18.321234976852367,5.902331488925075,15.993958912444562,10.944908929427973,12.681832538214561,9.662405619560385,13.524221790094073,64.6780219021967,-0.6104663741259053,43.95431992688287,0.9503594365217437,16.624681462571893,17.05124177987019,16.75522723189379,ARG_35_A_CB,TYR_27_C_HD1,67.047,-4.174,40.053,63.87,0.605,45.285,64.6780219021967,-0.6104663741259053,43.95431992688287,-0.0030292516409144055,-0.0020268577220467813,51.9883874134686,-11.273934718817499,45.236370291035556,64.6780219021967,-0.6104663741259053,43.95431992688287,7.765693401107205,3.5524321398280834
4583,629,8,0.8,22.901543721065458,2.290154372106546,16.03108060474582,18.321234976852367,5.733836001206087,16.156900248594575,10.913958142897908,12.847705928594541,8.502165303563041,14.388420789487194,65.62300094440451,-1.7018212427936834,43.85968028486723,1.036998096208182,16.715959975692122,17.147085704474023,16.86108675181582,ARG_35_A_HB3,TYR_27_C_CE1,67.37,-4.329,41.512,64.101,0.587,45.905,65.62300094440451,-1.7018212427936834,43.85968028486723,-0.0030292516409144055,-0.0020268577220467813,51.9883874134686,-11.273934718817499,45.236370291035556,65.62300094440451,-1.7018212427936834,43.85968028486723,7.35879514594611,3.723866567309891
4588,667,8,0.8,22.901543721065458,2.290154372106546,16.03108060474582,18.321234976852367,5.546829785303961,16.269521145891286,10.800550390722574,12.87960617523067,7.687375659983016,14.888353578952849,66.18050694813003,-2.476347546118622,43.80390377963449,1.0940612844147886,16.759050010476127,17.191980972646864,16.812311045318825,ARG_35_A_HB3,TYR_27_C_CE1,67.479,-4.507,41.332,64.292,0.477,47.399,66.18050694813003,-2.476347546118622,43.80390377963449,-0.0030292516409144055,-0.0020268577220467813,51.9883874134686,-11.273934718817499,45.236370291035556,66.18050694813003,-2.476347546118622,43.80390377963449,8.47382522831336,3.9277004979485626
4592,663,8,0.8,22.901543721065458,2.290154372106546,16.03108060474582,18.321234976852367,5.094348241281963,16.263376742260498,10.666880538708716,12.498874165281798,7.632011390136482,14.549068245963749,65.84808131932384,-2.5572848133084873,43.83740153552662,1.0875801660131392,16.43253523708686,17.045427878926414,16.4353126322908,ARG_35_A_HB3,TYR_27_C_CE1,67.426,-4.959,40.524,63.961,0.315,47.8,65.84808131932384,-2.5572848133084873,43.83740153552662,-0.0030292516409144055,-0.0020268577220467813,51.9883874134686,-11.273934718817499,45.236370291035556,65.84808131932384,-2.5572848133084873,43.83740153552662,9.631275979848152,3.9202794378660597
4419,981,8,0.8,22.901543721065458,2.290154372106546,16.03108060474582,18.321234976852367,4.931438093524684,16.425947799415304,10.54919212753902,12.687993434339866,9.288792973467258,13.526640781869487,64.70863167300706,-0.9828194264485075,43.95140321659617,0.9689677279773441,16.41227614822348,17.153055684514428,16.504120426371266,ARG_35_A_CZ,TYR_27_C_HD1,67.397,-5.11,38.494,63.931,0.211,45.53,64.70863167300706,-0.9828194264485075,43.95140321659617,-0.0030292516409144055,-0.0020268577220467813,51.9883874134686,-11.273934718817499,45.236370291035556,64.70863167300706,-0.9828194264485075,43.95140321659617,9.477947720894017,3.2128652987685173
4581,658,8,0.8,22.901543721065458,2.290154372106546,16.03108060474582,18.321234976852367,4.472267553838253,16.05619048328341,10.740598331988267,12.17385670840945,7.193691246484961,14.370658003961584,65.70417567613327,-3.007873640776829,43.85208612610914,1.106571229614275,16.073794077983422,16.670171734811262,16.238154891234068,ARG_35_A_HB3,TYR_27_C_CE1,67.268,-5.595,40.546,63.666,0.364,48.161,65.70417567613327,-3.007873640776829,43.85208612610914,-0.0030292516409144055,-0.0020268577220467813,51.9883874134686,-11.273934718817499,45.236370291035556,65.70417567613327,-3.007873640776829,43.85208612610914,10.318542048177157,4.084328417318343
4574,980,8,0.8,22.901543721065458,2.290154372106546,16.03108060474582,18.321234976852367,4.004580701280445,15.677774747947781,10.09449199384533,12.520776735135435,7.9460503081761615,13.634524671099888,64.91704830412881,-2.313512289199486,43.931011756521364,1.0430269920048447,15.784277096101597,16.183853556181248,16.08665736342794,ARG_35_A_HB3,TYR_27_C_HD1,66.937,-6.09,40.671,63.816,-0.255,45.708,64.91704830412881,-2.313512289199486,43.931011756521364,-0.0030292516409144055,-0.0020268577220467813,51.9883874134686,-11.273934718817499,45.236370291035556,64.91704830412881,-2.313512289199486,43.931011756521364,8.316203160096556,3.3984303660862687
4573,580,8,0.8,22.901543721065458,2.290154372106546,16.03108060474582,18.321234976852367,3.8055512012831043,15.655200006260534,10.084371790679823,12.50602227929979,7.287397026581823,13.908860679371829,65.23894991348932,-2.9494619239447273,43.89889000768852,1.0880703431557364,15.705512006549622,16.113784103574577,16.068819278427593,ARG_35_A_HB3,TYR_27_C_CD1,66.968,-6.29,41.053,63.85,-0.266,46.185,65.23894991348932,-2.9494619239447273,43.89889000768852,-0.0030292516409144055,-0.0020268577220467813,51.9883874134686,-11.273934718817499,45.236370291035556,65.23894991348932,-2.9494619239447273,43.89889000768852,8.505758284832696,3.9383289257450693
4865,991,8,0.8,22.901543721065458,2.290154372106546,16.03108060474582,18.321234976852367,3.6886456153476814,16.0319093876243,10.062453781558531,12.562808233201954,5.344483552337651,15.130679047935073,66.59782043178166,-4.79411261352917,43.76292073877205,1.231118415412924,16.0497564223207,16.453436566364687,16.09934873073259,GLU_36_A_HB2,TYR_27_C_HD1,67.578,-6.377,43.274,63.805,-0.284,45.156,66.59782043178166,-4.79411261352917,43.76292073877205,-0.0030292516409144055,-0.0020268577220467813,51.9883874134686,-11.273934718817499,45.236370291035556,66.59782043178166,-4.79411261352917,43.76292073877205,7.4095952655998705,2.5987062464296753
8470,8743,8,0.8,22.901543721065458,2.290154372106546,16.03108060474582,18.321234976852367,-15.494682617008491,4.685089035127221,-15.636060958222506,4.5701214128816705,-15.600858187645118,4.598747995956457,57.730554166678886,-26.477899459910283,44.66507885838086,2.854763788317132,16.262207622924095,16.185190125102167,16.287916384466428,LEU_50_A_HD13,LYS_51_C_HA,57.69,-26.366,43.483,57.744,-26.515,45.057,57.730554166678886,-26.477899459910283,44.66507885838086,-0.0030292516409144055,-0.0020268577220467813,51.9883874134686,-11.273934718817499,45.236370291035556,57.730554166678886,-26.477899459910283,44.66507885838086,1.5819585961712197,2.0532923718111187
8465,8733,8,0.8,22.901543721065458,2.290154372106546,16.03108060474582,18.321234976852367,-16.39310024510817,4.574968978758702,-16.28405668807633,4.632167286099953,-16.353697553275765,4.595637483518177,57.784311877273545,-27.228806306478237,44.65999928558653,2.8674796760357175,16.984783522459114,17.01714776506506,16.92771720429535,LEU_50_A_HD13,LYS_51_C_HA,57.69,-27.27,43.899,57.951,-27.156,46.005,57.784311877273545,-27.228806306478237,44.65999928558653,-0.0030292516409144055,-0.0020268577220467813,51.9883874134686,-11.273934718817499,45.236370291035556,57.784311877273545,-27.228806306478237,44.65999928558653,2.125171287214282,2.9284351740181687
8197,8739,8,0.8,22.901543721065458,2.290154372106546,16.03108060474582,18.321234976852367,-16.57194848546312,4.325364893397819,-16.456985458906328,4.191758043764224,-16.555189072305218,4.305887566984277,57.512063915775215,-27.45169300579253,44.68750225089905,2.886978283489713,17.103570428989574,17.12470157242408,16.98000314106397,LEU_50_A_CD1,LYS_51_C_HA,57.516,-27.467,44.52,57.489,-27.362,45.669,57.512063915775215,-27.45169300579253,44.68750225089905,-0.0030292516409144055,-0.0020268577220467813,51.9883874134686,-11.273934718817499,45.236370291035556,57.512063915775215,-27.45169300579253,44.68750225089905,1.1541035482139312,3.4515643067284603
8186,8760,8,0.8,22.901543721065458,2.290154372106546,16.03108060474582,18.321234976852367,-15.845392978607753,3.8800059843844403,-15.837281346434201,3.8934583164720924,-15.827339430582674,3.9099459913026005,57.064292356992304,-26.75596926774425,44.73226768142498,2.899238904046953,16.3006847773603,16.31105966651793,16.306389672267493,LEU_50_A_CD1,LYS_51_C_HA,57.091,-26.776,45.282,57.079,-26.767,45.035,57.064292356992304,-26.75596926774425,44.73226768142498,-0.0030292516409144055,-0.0020268577220467813,51.9883874134686,-11.273934718817499,45.236370291035556,57.064292356992304,-26.75596926774425,44.73226768142498,0.24745504642257746,3.2454506842554975
8184,8737,8,0.8,22.901543721065458,2.290154372106546,16.03108060474582,18.321234976852367,-16.760748830444946,3.8103819818215707,-16.868780656510562,4.0008365998483315,-16.666260841817046,3.6438044607555975,56.86359592901513,-27.61265931307081,44.75284821943903,2.9261920343257413,17.057414019441403,17.18591361091002,17.334257593298155,LEU_50_A_CD1,LYS_51_C_HA,57.091,-27.694,45.282,57.351,-27.787,45.887,56.86359592901513,-27.61265931307081,44.75284821943903,-0.0030292516409144055,-0.0020268577220467813,51.9883874134686,-11.273934718817499,45.236370291035556,56.86359592901513,-27.61265931307081,44.75284821943903,0.6650368410847656,3.1688187824947764
8405,9295,8,0.8,22.901543721065458,2.290154372106546,16.03108060474582,18.321234976852367,-17.34142632711035,3.733081279411194,-17.303243762996452,3.870780299439834,-17.350032078050848,3.7020460805287283,56.9730062278893,-28.290043831284546,44.74213417449271,2.9312237646886086,17.738056922655197,17.736150820928597,17.728396921760325,LEU_50_A_HD12,GLN_54_C_C,57.028,-28.279,44.986,57.272,-28.23,46.068,56.9730062278893,-28.290043831284546,44.74213417449271,-0.0030292516409144055,-0.0020268577220467813,51.9883874134686,-11.273934718817499,45.236370291035556,56.9730062278893,-28.290043831284546,44.74213417449271,1.1102526739440899,2.8462840524876847
8202,9293,8,0.8,22.901543721065458,2.290154372106546,16.03108060474582,18.321234976852367,-17.719956579769327,3.667435064698725,-17.745452522887867,3.6977494476877473,-17.730672841174968,3.6801765761992296,56.98004997530293,-28.671246873113443,44.741593532185554,2.936795035895984,18.10602025201368,18.09293963816492,18.1240704105385,LEU_50_A_CD1,GLN_54_C_C,56.859,-28.662,43.674,57.147,-28.684,46.214,56.98004997530293,-28.671246873113443,44.741593532185554,-0.0030292516409144055,-0.0020268577220467813,51.9883874134686,-11.273934718817499,45.236370291035556,56.98004997530293,-28.671246873113443,44.741593532185554,2.556370082754059,2.842963967317594
8331,8724,8,0.8,22.901543721065458,2.290154372106546,16.03108060474582,18.321234976852367,-17.106812615946446,3.289194037172663,-17.011027388468282,3.1398966557851384,-17.04539289818463,3.1934610805485275,56.445435606301196,-28.024854797899618,44.795122361137764,2.9562421667067085,17.339357018778625,17.417564133715317,17.295770696533086,LEU_50_A_HG,LYS_51_C_HA,56.28,-28.08,42.152,56.538,-27.994,46.274,56.445435606301196,-28.024854797899618,44.795122361137764,-0.0030292516409144055,-0.0020268577220467813,51.9883874134686,-11.273934718817499,45.236370291035556,56.445435606301196,-28.024854797899618,44.795122361137764,4.130961631388023,2.6941431563298783
8343,8722,8,0.8,22.901543721065458,2.290154372106546,16.03108060474582,18.321234976852367,-17.293201121359076,3.169885782444938,-17.344398519837064,2.9862078112769765,-17.3258410855985,3.052785254122792,56.327046152778514,-28.315164496795063,44.807167691607546,2.967041084683386,17.590101957446834,17.578710791216867,17.596949580337657,LEU_50_A_HG,LYS_51_C_HA,56.153,-28.275,41.937,56.426,-28.338,46.439,56.327046152778514,-28.315164496795063,44.807167691607546,-0.0030292516409144055,-0.0020268577220467813,51.9883874134686,-11.273934718817499,45.236370291035556,56.327046152778514,-28.315164496795063,44.807167691607546,4.510709700257824,2.808753585404648
8176,8718,8,0.8,22.901543721065458,2.290154372106546,16.03108060474582,18.321234976852367,-16.854586679082054,2.8791913041553365,-16.618664319851064,2.7694875311484766,-18.174605204902353,3.492999224665568,56.827870212316526,-29.12809668069587,44.757113762243065,2.951578243130542,18.504631310613004,17.096093291353984,16.845195775877798,LEU_50_A_CD1,LYS_51_C_HA,56.218,-27.858,45.809,56.109,-27.631,45.997,56.827870212316526,-29.12809668069587,44.757113762243065,-0.0030292516409144055,-0.0020268577220467813,51.9883874134686,-11.273934718817499,45.236370291035556,56.827870212316526,-29.12809668069587,44.757113762243065,0.3142514916432401,2.926563096535509
8173,8753,8,0.8,22.901543721065458,2.290154372106546,16.03108060474582,18.321234976852367,-16.572483155883386,2.55829533539011,-16.407331683063255,2.6957459601021876,-15.783188379115277,3.215201739530453,56.371700947756004,-26.764636971709912,44.80198784691645,2.9404709636297355,16.10478133770812,16.76609830632514,16.624653874236305,LEU_50_A_CD1,LYS_51_C_HA,55.889,-27.601,45.949,55.99,-27.426,45.709,56.371700947756004,-26.764636971709912,44.80198784691645,-0.0030292516409144055,-0.0020268577220467813,51.9883874134686,-11.273934718817499,45.236370291035556,56.371700947756004,-26.764636971709912,44.80198784691645,0.3137291825763067,2.579325853491003
8159,8754,8,0.8,22.901543721065458,2.290154372106546,16.03108060474582,18.321234976852367,-15.925331332890377,2.211642682438346,-16.2563697121285,2.281480855720339,-16.680904076107627,2.371043596282234,55.60199189329039,-27.723790550421274,44.87989052567386,3.0002528743875674,16.845859195667305,16.07544824879216,16.41296693477062,LEU_50_A_CD1,LYS_51_C_HA,55.497,-26.982,45.996,55.543,-27.307,45.507,55.60199189329039,-27.723790550421274,44.87989052567386,-0.0030292516409144055,-0.0020268577220467813,51.9883874134686,-11.273934718817499,45.236370291035556,55.60199189329039,-27.723790550421274,44.87989052567386,0.5889499129807251,2.2048182770133273
8336,9567,8,0.8,22.901543721065458,2.290154372106546,16.03108060474582,18.321234976852367,-17.230053661573972,2.134749037755919,-17.185215970257453,2.2002578134515605,-17.196850418756917,2.1832596484097,55.454647789810416,-28.252492918663062,44.89495573582753,3.015173260679409,17.33213672461211,17.35903745165397,17.322747998117645,LEU_50_A_HG,GLN_54_C_HG2,55.017,-28.291,41.005,55.608,-28.239,46.258,55.454647789810416,-28.252492918663062,44.89495573582753,-0.0030292516409144055,-0.0020268577220467813,51.9883874134686,-11.273934718817499,45.236370291035556,55.454647789810416,-28.252492918663062,44.89495573582753,5.286397071730423,3.177607814960138
8416,9565,8,0.8,22.901543721065458,2.290154372106546,16.03108060474582,18.321234976852367,-17.840382323797833,1.853585036381005,-17.616988775565442,2.0227285457609225,-17.93301674695783,1.7834464332447724,55.11357670845213,-29.016861930385847,44.92962562443946,3.0423395763069303,18.01866716644094,17.93361257868371,17.72995218703043,LEU_50_A_HD12,GLN_54_C_HG2,55.216,-28.919,45.319,55.463,-28.683,46.258,55.11357670845213,-29.016861930385847,44.92962562443946,-0.0030292516409144055,-0.0020268577220467813,51.9883874134686,-11.273934718817499,45.236370291035556,55.11357670845213,-29.016861930385847,44.92962562443946,0.9992126900715385,2.5962790333675994
9478,8263,8,0.8,22.901543721065458,2.290154372106546,16.03108060474582,18.321234976852367,-17.84180101022658,1.661492480727787,-17.752257338099195,1.5759002408607286,-17.76703864575746,1.5900292708700783,54.909154698336415,-28.866031266767425,44.950136145442976,3.05220889199385,17.835208786858892,17.916167962047858,17.8192298260492,GLN_54_A_OE1,LEU_50_C_CD2,54.566,-28.937,40.773,54.977,-28.852,45.776,54.909154698336415,-28.866031266767425,44.950136145442976,-0.0030292516409144055,-0.0020268577220467813,51.9883874134686,-11.273934718817499,45.236370291035556,54.909154698336415,-28.866031266767425,44.950136145442976,5.020573174449307,3.4350114682936277
8167,8531,8,0.8,22.901543721065458,2.290154372106546,16.03108060474582,18.321234976852367,-16.494538524730334,1.2070151482147136,-16.579290601246445,1.125374638748169,-16.563818221903947,1.14027896893223,54.372106147919055,-27.7003869967788,45.00368063917208,3.0727251994976394,16.60013837048336,16.535769128665105,16.614556101944746,LEU_50_A_CD1,LEU_50_C_HD21,54.489,-27.626,45.553,54.346,-27.717,44.881,54.372106147919055,-27.7003869967788,45.00368063917208,-0.0030292516409144055,-0.0020268577220467813,51.9883874134686,-11.273934718817499,45.236370291035556,54.372106147919055,-27.7003869967788,45.00368063917208,0.6930468959601477,2.511007940635065
9484,8261,8,0.8,22.901543721065458,2.290154372106546,16.03108060474582,18.321234976852367,-17.932773828635103,1.094132555282575,-18.166750660275895,1.1071056664070134,-18.144712937390693,1.1058837598365485,54.45734911569476,-29.27933684545582,44.99579751350698,3.0805985153681714,18.17548219141101,17.963220926520144,18.197553417055428,GLN_54_A_OE1,LEU_50_C_CD2,53.951,-29.071,40.243,54.51,-29.301,45.49,54.45734911569476,-29.27933684545582,44.99579751350698,-0.0030292516409144055,-0.0020268577220467813,51.9883874134686,-11.273934718817499,45.236370291035556,54.45734911569476,-29.27933684545582,44.99579751350698,5.281703323739416,3.9628812483739977
8211,8519,8,0.8,22.901543721065458,2.290154372106546,16.03108060474582,18.321234976852367,-17.243689017573292,0.7994055048438442,-17.13151425607902,0.9093047826611255,-17.152125305411733,0.8891118318890657,54.16734304967202,-28.306048862747563,45.024559646414055,3.0896751719276807,17.172234089528935,17.259277012563633,17.152711852824456,LEU_50_A_CD2,LEU_50_C_HD21,54.12,-28.404,45.378,54.178,-28.284,44.945,54.16734304967202,-28.306048862747563,45.024559646414055,-0.0030292516409144055,-0.0020268577220467813,51.9883874134686,-11.273934718817499,45.236370291035556,54.16734304967202,-28.306048862747563,45.024559646414055,0.4530485625184127,2.7298278253739543
8261,8517,8,0.8,22.901543721065458,2.290154372106546,16.03108060474582,18.321234976852367,-16.516832770885415,0.44011511914732404,-16.592312294619582,0.32153969781922215,-16.595834699689117,0.3160061352774256,53.5567601453732,-27.794826696319927,45.08579518376772,3.12242807908638,16.595853024819615,16.51972143227367,16.592438253491387,LEU_50_A_HA,LEU_50_C_HD21,53.136,-27.709,39.73,53.538,-27.791,44.847,53.5567601453732,-27.794826696319927,45.08579518376772,-0.0030292516409144055,-0.0020268577220467813,51.9883874134686,-11.273934718817499,45.236370291035556,53.5567601453732,-27.794826696319927,45.08579518376772,5.13342156850575,3.073139839133691
8217,8291,8,0.8,22.901543721065458,2.290154372106546,16.03108060474582,18.321234976852367,-16.63202749670258,0.023195947536070134,-16.790881342898032,-0.05446668497150342,-16.623489647840128,0.02737004740516697,53.27249156552062,-27.84429305617182,45.11443154406441,3.1398239375752075,16.62048639359443,16.629017373981213,16.787933993598138,LEU_50_A_CD2,LEU_50_C_HA,53.297,-27.853,45.393,53.753,-28.015,50.576,53.27249156552062,-27.84429305617182,45.11443154406441,-0.0030292516409144055,-0.0020268577220467813,51.9883874134686,-11.273934718817499,45.236370291035556,53.27249156552062,-27.84429305617182,45.11443154406441,5.205542142755162,3.3992728935185035
8527,8561,9,0.9,22.901543721065458,2.290154372106546,18.321234976852367,20.611389348958912,-18.33167882404347,-0.04387928694085539,-18.40915669302724,-0.05388401430945038,-18.527732859846644,-0.0691957702599071,53.32046954790608,-29.750375263326507,45.11044401491181,-3.1379667592381653,18.524825382029434,18.328697356161562,18.406200492041915,LEU_50_A_HD23,LEU_50_C_HD23,53.323,-29.553,45.032,53.322,-29.631,45.063,53.32046954790608,-29.750375263326507,45.11044401491181,-0.0030292516409144055,-0.0020268577220467813,51.9883874134686,-11.273934718817499,45.236370291035556,53.32046954790608,-29.750375263326507,45.11044401491181,0.08394045508573485,3.136057546918871
9579,8550,9,0.9,22.901543721065458,2.290154372106546,18.321234976852367,20.611389348958912,-19.581457647753755,-0.24969288897246286,-19.492272632912343,-0.38793786749509857,-19.54212508685705,-0.31066197717717825,53.15750262461207,-30.78015925555025,45.12730315409453,-3.1257981942615203,19.541533248307864,19.5799948142167,19.493063763346598,GLN_54_A_HG3,LEU_50_C_HD23,53.165,-30.815,44.565,53.148,-30.736,45.84,53.15750262461207,-30.78015925555025,45.12730315409453,-0.0030292516409144055,-0.0020268577220467813,51.9883874134686,-11.273934718817499,45.236370291035556,53.15750262461207,-30.78015925555025,45.12730315409453,1.2775582178515446,2.4954728647578768
8514,8541,9,0.9,22.901543721065458,2.290154372106546,18.321234976852367,20.611389348958912,-18.982589351999938,-0.370299457732811,-19.013378574253085,-0.23453359437152202,-19.001029095139764,-0.28898893852073587,53.13814867963543,-30.238978050623196,45.12901227804317,-3.1264889446709367,19.000166980566213,18.983132679066934,19.011771110297126,LEU_50_A_HD23,LEU_50_C_HD23,53.001,-30.227,44.59,53.23,-30.247,45.49,53.13814867963543,-30.238978050623196,45.12901227804317,-0.0030292516409144055,-0.0020268577220467813,51.9883874134686,-11.273934718817499,45.236370291035556,53.13814867963543,-30.238978050623196,45.12901227804317,0.928892351136555,2.9290894363632103
9598,9626,9,0.9,22.901543721065458,2.290154372106546,18.321234976852367,20.611389348958912,-20.469152467652407,-0.6710102714458789,-20.360071142644095,-0.4899197043303498,-20.43554143975478,-0.6152111683193361,52.92281652542354,-31.69410023639619,45.15133038507211,-3.1115914318292575,20.44171101733376,20.477053945839042,20.362887663144193,GLN_54_A_HG3,GLN_54_C_HE21,52.835,-31.732,44.809,53.12,-31.609,45.92,52.92281652542354,-31.69410023639619,45.15133038507211,-0.0030292516409144055,-0.0020268577220467813,51.9883874134686,-11.273934718817499,45.236370291035556,52.92281652542354,-31.69410023639619,45.15133038507211,1.1535488719599212,2.3369808752277472
9444,8548,9,0.9,22.901543721065458,2.290154372106546,18.321234976852367,20.611389348958912,-18.905153345043384,-0.8866386158885062,-19.02708545470198,-0.846295795763371,-18.973916621952654,-0.863887393758974,52.56574313659546,-30.2555457745135,45.18663800892657,-3.096193178731803,18.9904547391744,18.922812507792614,19.04278090135387,GLN_54_A_CG,LEU_50_C_HD23,52.471,-30.189,44.524,52.639,-30.307,45.699,52.56574313659546,-30.2555457745135,45.18663800892657,-0.0030292516409144055,-0.0020268577220467813,51.9883874134686,-11.273934718817499,45.236370291035556,52.56574313659546,-30.2555457745135,45.18663800892657,1.1928004862507373,3.0826917555648494
9597,9474,9,0.9,22.901543721065458,2.290154372106546,18.321234976852367,20.611389348958912,-20.4376796150686,-1.0849651468326544,-20.450765167819412,-1.046642975164099,-20.4385359197896,-1.0824573844825531,52.4594863221723,-31.732523511532047,45.197986232642606,-3.0887715744243547,20.464048057681683,20.46332550719841,20.47440174780684,GLN_54_A_HG3,GLN_54_C_CD,52.425,-31.732,44.881,52.952,-31.74,49.725,52.4594863221723,-31.732523511532047,45.197986232642606,-0.0030292516409144055,-0.0020268577220467813,51.9883874134686,-11.273934718817499,45.236370291035556,52.4594863221723,-31.732523511532047,45.197986232642606,4.872589557925028,3.1683549106096476
9445,9500,9,0.9,22.901543721065458,2.290154372106546,18.321234976852367,20.611389348958912,-18.693879880456407,-1.1978967416468136,-18.632198888033418,-1.303521794273034,-18.685220320654807,-1.2127257258092528,52.19786141793739,-29.994138009947008,45.22355356109922,-3.076878173874325,18.721379620325266,18.72906836999563,18.674577650146635,GLN_54_A_CG,GLN_54_C_OE1,52.133,-30.002,44.425,52.595,-29.946,50.113,52.19786141793739,-29.994138009947008,45.22355356109922,-0.0030292516409144055,-0.0020268577220467813,51.9883874134686,-11.273934718817499,45.236370291035556,52.19786141793739,-29.994138009947008,45.22355356109922,5.707006570874088,3.4705061045257857
9601,9472,9,0.9,22.901543721065458,2.290154372106546,18.321234976852367,20.611389348958912,-20.407237798482274,-1.4845346099157022,-20.20257227550423,-1.4603031016445944,-20.388631072898246,-1.4823316544871192,52.05900181843836,-31.713090127613295,45.238290468318006,-3.0691046719506305,20.439277480042584,20.457994908062428,20.252113666886576,GLN_54_A_HG3,GLN_54_C_CD,52.015,-31.732,44.809,52.499,-31.524,49.531,52.05900181843836,-31.713090127613295,45.238290468318006,-0.0030292516409144055,-0.0020268577220467813,51.9883874134686,-11.273934718817499,45.236370291035556,52.05900181843836,-31.713090127613295,45.238290468318006,4.75129498137087,3.1477384125692836
9587,9613,9,0.9,22.901543721065458,2.290154372106546,18.321234976852367,20.611389348958912,-19.8857446689895,-1.5888482977224816,-19.828614502160246,-1.638821345968133,-19.86708899092817,-1.605166840999281,51.8977572826925,-31.202366468168712,45.254295770151984,-3.0610616382726312,19.928645893084532,19.94593629413561,19.893037141732844,GLN_54_A_HG3,GLN_54_C_HE21,51.854,-31.22,44.643,51.988,-31.166,46.515,51.8977572826925,-31.202366468168712,45.254295770151984,-0.0030292516409144055,-0.0020268577220467813,51.9883874134686,-11.273934718817499,45.236370291035556,51.8977572826925,-31.202366468168712,45.254295770151984,1.8775665101401866,2.669525107737161
9571,9484,9,0.9,22.901543721065458,2.290154372106546,18.321234976852367,20.611389348958912,-18.38937193290205,-1.705304372806657,-18.452974617570668,-1.584925933709884,-18.403248127340664,-1.6790414149484099,51.71393778673098,-29.748344837322023,45.272156803693356,-3.0507027517581817,18.476483228656,18.465068412712633,18.517722686403854,GLN_54_A_HG2,GLN_54_C_OE1,51.573,-29.737,44.144,52.219,-29.789,49.315,51.71393778673098,-29.748344837322023,45.272156803693356,-0.0030292516409144055,-0.0020268577220467813,51.9883874134686,-11.273934718817499,45.236370291035556,51.71393778673098,-29.748344837322023,45.272156803693356,5.211454787293083,3.554653307159795
9458,9509,9,0.9,22.901543721065458,2.290154372106546,18.321234976852367,20.611389348958912,-19.418148882733767,-1.894125351857771,-19.445780720079608,-1.899899161214303,-19.42833539838084,-1.8962538747865025,51.57584061180388,-30.78695358792212,45.28651644893834,-3.0443866147976295,19.517443861498585,19.50709888735785,19.535160709444853,GLN_54_A_CG,GLN_54_C_NE2,51.494,-30.777,44.46,51.716,-30.804,46.702,51.57584061180388,-30.78695358792212,45.28651644893834,-0.0030292516409144055,-0.0020268577220467813,51.9883874134686,-11.273934718817499,45.236370291035556,51.57584061180388,-30.78695358792212,45.28651644893834,2.2531260506238855,3.088902921213756
9452,9672,9,0.9,22.901543721065458,2.290154372106546,18.321234976852367,20.611389348958912,-19.271955601367516,-2.114313172118637,-19.31581881041567,-2.09319748655296,-19.288856706611053,-2.106177004433254,51.35704384078852,-30.663797870926985,45.30848615952272,-3.0329190527898438,19.400272896605983,19.38435648003759,19.425674637973437,GLN_54_A_CG,GLN_54_C_HE22,51.248,-30.648,44.319,51.531,-30.689,46.887,51.35704384078852,-30.663797870926985,45.30848615952272,-0.0030292516409144055,-0.0020268577220467813,51.9883874134686,-11.273934718817499,45.236370291035556,51.35704384078852,-30.663797870926985,45.30848615952272,2.583871900849574,3.3705162753817324
9450,9506,9,0.9,22.901543721065458,2.290154372106546,18.321234976852367,20.611389348958912,-20.027967776286914,-2.2485837725744946,-20.157590364050087,-2.247511459545157,-20.07451266636073,-2.2481987263187717,51.275465184061915,-31.45796225111889,45.317048669587116,-3.0301477253301905,20.196775349808888,20.150562793319764,20.27926366342873,GLN_54_A_CG,GLN_54_C_NE2,51.176,-31.412,44.368,51.453,-31.54,47.011,51.275465184061915,-31.45796225111889,45.317048669587116,-0.0030292516409144055,-0.0020268577220467813,51.9883874134686,-11.273934718817499,45.236370291035556,51.275465184061915,-31.45796225111889,45.317048669587116,2.660556708660803,3.017930461128489
9453,9693,9,0.9,22.901543721065458,2.290154372106546,18.321234976852367,20.611389348958912,-19.593457476944504,-2.5152565854904445,-19.626013990901615,-2.4867405718832853,-19.604797976548543,-2.505323524430935,50.98490480490039,-31.009101649364272,45.34609824589333,-3.0145725171338302,19.76096736868726,19.75097976595871,19.779669671624937,GLN_54_A_CG,GLN_54_C_HE22,50.871,-30.999,44.322,51.198,-31.028,47.262,50.98490480490039,-31.009101649364272,45.34609824589333,-0.0030292516409144055,-0.0020268577220467813,51.9883874134686,-11.273934718817499,45.236370291035556,50.98490480490039,-31.009101649364272,45.34609824589333,2.9582714547519107,3.2127522413130474
9312,9674,9,0.9,22.901543721065458,2.290154372106546,18.321234976852367,20.611389348958912,-18.521371648210142,-2.6450373290074567,-18.491185120595215,-2.50909763002603,-18.509836422995527,-2.5930904783010535,50.815155127548,-29.923950474026253,45.3627059444741,-3.0024908499354006,18.687309125810238,18.706001963752104,18.657366140269914,GLN_54_A_C,GLN_54_C_HE22,50.626,-29.94,43.992,51.121,-29.898,47.579,50.815155127548,-29.923950474026253,45.3627059444741,-0.0030292516409144055,-0.0020268577220467813,51.9883874134686,-11.273934718817499,45.236370291035556,50.815155127548,-29.923950474026253,45.3627059444741,3.621237081440544,3.2722616981545096
9298,9697,9,0.9,22.901543721065458,2.290154372106546,18.321234976852367,20.611389348958912,-20.105189121075416,-2.946394425304333,-20.021760743444222,-2.7264835674981995,-20.08577908411201,-2.895231044211863,50.63439325497073,-31.518269180505737,45.38160568753475,-2.9985129371555446,20.290083077659883,20.31664666694121,20.20327386599414,GLN_54_A_C,GLN_54_C_HE22,50.472,-31.542,44.263,51.17,-31.44,49.071,50.63439325497073,-31.518269180505737,45.38160568753475,-0.0030292516409144055,-0.0020268577220467813,51.9883874134686,-11.273934718817499,45.236370291035556,50.63439325497073,-31.518269180505737,45.38160568753475,4.859472399345427,3.1525920797957614
9291,9691,9,0.9,22.901543721065458,2.290154372106546,18.321234976852367,20.611389348958912,-18.879018341756826,-3.0734653975082042,-18.888888120986017,-2.5425867006589558,-18.882132401856865,-2.9059653826215395,50.53286150901561,-30.31890353067816,45.39129611073948,-2.988971209218545,19.10113595346856,19.124243745410133,19.055973067475843,GLN_54_A_C,GLN_54_C_HE22,50.253,-30.329,44.281,51.14,-30.297,47.8,50.53286150901561,-30.31890353067816,45.39129611073948,-0.0030292516409144055,-0.0020268577220467813,51.9883874134686,-11.273934718817499,45.236370291035556,50.53286150901561,-30.31890353067816,45.39129611073948,3.6292084536438507,2.8307399980349586
9302,9700,9,0.9,22.901543721065458,2.290154372106546,18.321234976852367,20.611389348958912,-19.660359973923565,-3.231392938760026,-19.615173538108085,-2.5738204301800454,-19.651001228206173,-3.0952004334763994,50.403174849816395,-31.09990993717024,45.40469536623641,-2.985444571871553,19.88996042131906,19.920829711900957,19.780048677709143,GLN_54_A_C,GLN_54_C_HE22,50.171,-31.12,44.447,51.292,-31.023,49.071,50.403174849816395,-31.09990993717024,45.40469536623641,-0.0030292516409144055,-0.0020268577220467813,51.9883874134686,-11.273934718817499,45.236370291035556,50.403174849816395,-31.09990993717024,45.40469536623641,4.758931182524072,2.894473197004418
9354,9717,9,0.9,22.901543721065458,2.290154372106546,18.321234976852367,20.611389348958912,-20.268657192173066,-3.579781476654624,-20.25363641602929,-2.5285725362172267,-20.263312012737323,-3.205706238643103,50.3397746761679,-31.71883816835297,45.411350623936286,-2.984765054885092,20.512011581883407,20.579018536785735,20.40760945314028,GLN_54_A_C,GLN_54_C_HE22,49.864,-31.753,44.405,51.201,-31.657,47.233,50.3397746761679,-31.71883816835297,45.411350623936286,-0.0030292516409144055,-0.0020268577220467813,51.9883874134686,-11.273934718817499,45.236370291035556,50.3397746761679,-31.71883816835297,45.411350623936286,3.1295956607843105,2.599802563976325
9341,9694,9,0.9,22.901543721065458,2.290154372106546,18.321234976852367,20.611389348958912,-19.19656507004702,-3.567935154956569,-19.198429456824663,-2.425253659366204,-19.197132607754213,-3.220091647463167,50.24500025503436,-30.656820752537037,45.42042152243172,-2.9754785871328355,19.46200258545177,19.521975289317524,19.347749666805566,GLN_54_A_C,GLN_54_C_HE22,49.817,-30.683,44.632,51.223,-30.597,47.222,50.24500025503436,-30.656820752537037,45.42042152243172,-0.0030292516409144055,-0.0020268577220467813,51.9883874134686,-11.273934718817499,45.236370291035556,50.24500025503436,-30.656820752537037,45.42042152243172,2.9482761064730716,2.6455748264242827
9342,9673,9,0.9,22.901543721065458,2.290154372106546,18.321234976852367,20.611389348958912,-18.78773935207996,-3.7872983029982175,-18.72280816425587,-2.472385501520016,-18.771829388471982,-3.465107757587937,49.96980625866539,-30.251325340449988,45.447943471696455,-2.959132158580892,19.08561730453919,19.16229666485622,18.88207600784858,GLN_54_A_C,GLN_54_C_HE22,49.566,-30.292,44.632,51.214,-30.126,47.962,49.96980625866539,-30.251325340449988,45.447943471696455,-0.0030292516409144055,-0.0020268577220467813,51.9883874134686,-11.273934718817499,45.236370291035556,49.96980625866539,-30.251325340449988,45.447943471696455,3.719188083439721,2.51602372285191
9330,9686,9,0.9,22.901543721065458,2.290154372106546,18.321234976852367,20.611389348958912,-19.01815533633698,-4.147177645747447,-19.133957028847888,-2.4509784321826658,-19.038983024593254,-3.842105175089574,49.61595766637295,-30.546302152351423,45.483692209699925,-2.942536440169904,19.41941650847148,19.46168787829967,19.287036097616514,GLN_54_A_C,GLN_54_C_HE22,49.237,-30.549,44.772,51.344,-30.534,48.729,49.61595766637295,-30.546302152351423,45.483692209699925,-0.0030292516409144055,-0.0020268577220467813,51.9883874134686,-11.273934718817499,45.236370291035556,49.61595766637295,-30.546302152351423,45.483692209699925,4.483026098518723,2.4031948201074904
9328,9701,9,0.9,22.901543721065458,2.290154372106546,18.321234976852367,20.611389348958912,-19.366825753351662,-4.389065074167322,-19.561885366445274,-2.8241075976822922,-19.400974636808826,-4.115089597479305,49.37246147036748,-30.92795510298496,45.5083711477943,-2.932651255643146,19.829210026300508,19.854539009310106,19.761401575355794,GLN_54_A_C,GLN_54_C_HE22,49.026,-30.915,44.82,51.005,-30.989,48.752,49.37246147036748,-30.92795510298496,45.5083711477943,-0.0030292516409144055,-0.0020268577220467813,51.9883874134686,-11.273934718817499,45.236370291035556,49.37246147036748,-30.92795510298496,45.5083711477943,4.402560732119435,2.3971867651448004
9297,8436,9,0.9,22.901543721065458,2.290154372106546,18.321234976852367,20.611389348958912,-18.05277291081719,-4.416014596959474,-18.206988699752845,-2.652934030870562,-18.13181764830385,-3.512331248606055,49.87463116787483,-29.616738626781434,45.45724350316616,-2.950328088692125,18.46551395568616,18.581618172917892,18.395962829630687,GLN_54_A_C,LEU_50_C_HD12,48.849,-29.607,44.325,50.85,-29.626,46.534,49.87463116787483,-29.616738626781434,45.45724350316616,-0.0030292516409144055,-0.0020268577220467813,51.9883874134686,-11.273934718817499,45.236370291035556,49.87463116787483,-29.616738626781434,45.45724350316616,2.9806111789362935,2.4318625417170363
9336,9702,9,0.9,22.901543721065458,2.290154372106546,18.321234976852367,20.611389348958912,-19.760486246696424,-5.092629538820044,-20.003809248556063,-2.960499447577979,-19.815017006392985,-4.614801003257271,48.90795891612831,-31.37870457368646,45.5553271340267,-2.912840558099727,20.341891360248788,20.40272880200759,20.218401533007746,GLN_54_A_C,GLN_54_C_HE22,48.332,-31.361,44.632,50.902,-31.44,48.752,48.90795891612831,-31.37870457368646,45.5553271340267,-0.0030292516409144055,-0.0020268577220467813,51.9883874134686,-11.273934718817499,45.236370291035556,48.90795891612831,-31.37870457368646,45.5553271340267,4.856494723563492,2.3425451387671425
9335,9711,9,0.9,22.901543721065458,2.290154372106546,18.321234976852367,20.611389348958912,-19.305955136179573,-5.1877768690922395,-19.554894616041217,-2.8980816526065567,-19.375117515600714,-4.55163522772076,48.937410945782894,-30.935281450337065,45.55216662351074,-2.9109192547983755,19.899164304739315,19.98736978405159,19.76518587321176,GLN_54_A_C,GLN_54_C_HE22,48.202,-30.915,44.632,50.849,-30.988,47.944,48.937410945782894,-30.935281450337065,45.55216662351074,-0.0030292516409144055,-0.0020268577220467813,51.9883874134686,-11.273934718817499,45.236370291035556,48.937410945782894,-30.935281450337065,45.55216662351074,4.2404341758834105,2.3979402283285154
9349,9712,9,0.9,22.901543721065458,2.290154372106546,18.321234976852367,20.611389348958912,-19.7388891203931,-5.467324577399687,-19.99879719183975,-3.0216520085689833,-19.823761244869644,-4.66869825719601,48.855147536587545,-31.391511362799562,45.56064879093855,-2.9103600204150784,20.36269232439731,20.478614306728293,20.222484307569903,GLN_54_A_C,GLN_54_C_HE22,47.932,-31.368,44.405,50.759,-31.44,47.944,48.855147536587545,-31.391511362799562,45.56064879093855,-0.0030292516409144055,-0.0020268577220467813,51.9883874134686,-11.273934718817499,45.236370291035556,48.855147536587545,-31.391511362799562,45.56064879093855,4.530081014728103,2.3350478378989297
9319,9715,9,0.9,22.901543721065458,2.290154372106546,18.321234976852367,20.611389348958912,-19.528249840511112,-5.582488178138068,-20.012401215201713,-2.840621011713643,-19.846554911429813,-3.779849027487865,49.73869844380947,-31.346826259339295,45.47169070943902,-2.9534634010349663,20.199936904779545,20.307037883273377,20.20971506843202,GLN_54_A_C,GLN_54_C_HE22,47.506,-31.168,41.479,50.902,-31.44,47.552,49.73869844380947,-31.346826259339295,45.47169070943902,-0.0030292516409144055,-0.0020268577220467813,51.9883874134686,-11.273934718817499,45.236370291035556,49.73869844380947,-31.346826259339295,45.47169070943902,6.963341798303457,2.878090613545564
9355,9706,9,0.9,22.901543721065458,2.290154372106546,18.321234976852367,20.611389348958912,-19.72293351361931,-5.754290836995682,-19.99581864340259,-3.0632098663352862,-19.817285255845686,-4.823832741841521,48.700749197913076,-31.39681991324296,45.57619289164656,-2.902882221905181,20.392512179334208,20.541742014465147,20.225787230057588,GLN_54_A_C,GLN_54_C_HE22,47.613,-31.374,44.105,50.759,-31.44,48.36,48.700749197913076,-31.39681991324296,45.57619289164656,-0.0030292516409144055,-0.0020268577220467813,51.9883874134686,-11.273934718817499,45.236370291035556,48.700749197913076,-31.39681991324296,45.57619289164656,5.292135391314174,2.3634854822903737
9407,8359,9,0.9,22.901543721065458,2.290154372106546,18.321234976852367,20.611389348958912,-18.324744465101716,-5.559413105618386,-18.268121597330204,-2.4378010296587207,-18.30468704912843,-4.453650109519293,48.9537986656164,-29.86050268389807,45.55004229030777,-2.902990106994963,18.835276151739254,19.146012385650135,18.4267901223526,GLN_54_A_O,LEU_50_C_HG,47.714,-29.965,44.227,51.214,-29.67,47.962,48.9537986656164,-29.86050268389807,45.55004229030777,-0.0030292516409144055,-0.0020268577220467813,51.9883874134686,-11.273934718817499,45.236370291035556,48.9537986656164,-29.86050268389807,45.55004229030777,5.1271093220254285,2.4304431246095284
9396,9690,9,0.9,22.901543721065458,2.290154372106546,18.321234976852367,20.611389348958912,-19.23737664310584,-5.901936631544624,-19.340169235691867,-2.713885440717091,-19.300145311913685,-3.955203658815468,49.52347157791455,-30.815289948755268,45.493120686088204,-2.9395299258549876,19.69787539468002,20.118873102507525,19.52637087983699,GLN_54_A_O,GLN_54_C_HE22,47.211,-30.902,41.949,50.998,-30.76,47.753,49.52347157791455,-30.815289948755268,45.493120686088204,-0.0030292516409144055,-0.0020268577220467813,51.9883874134686,-11.273934718817499,45.236370291035556,49.52347157791455,-30.815289948755268,45.493120686088204,6.931662787527969,2.7762094858807527
9393,9687,9,0.9,22.901543721065458,2.290154372106546,18.321234976852367,20.611389348958912,-18.95622149844063,-5.864510041898598,-18.78762843297613,-2.4274581841845078,-18.859992957243858,-3.9027301467751134,49.54229668979989,-30.37242562469892,45.49103012925705,-2.937612177933719,19.25618254856492,19.839158385095416,18.94053546029798,GLN_54_A_O,GLN_54_C_HE22,47.185,-30.619,41.531,51.315,-30.187,48.469,49.54229668979989,-30.37242562469892,45.49103012925705,-0.0030292516409144055,-0.0020268577220467813,51.9883874134686,-11.273934718817499,45.236370291035556,49.54229668979989,-30.37242562469892,45.49103012925705,8.085750923692864,2.808893582306446
9387,8191,9,0.9,22.901543721065458,2.290154372106546,18.321234976852367,20.611389348958912,-17.97202965021138,-5.604862638955027,-18.21478520648744,-2.582074084665421,-18.135538067303347,-3.568858275975431,49.81883145563726,-29.624735516978507,45.46286384142379,-2.9473633115550792,18.479993569163256,18.82224067732878,18.393604830270387,GLN_54_A_O,LEU_50_C_CD1,47.357,-29.618,41.4,51.012,-29.628,47.432,49.81883145563726,-29.624735516978507,45.46286384142379,-0.0030292516409144055,-0.0020268577220467813,51.9883874134686,-11.273934718817499,45.236370291035556,49.81883145563726,-29.624735516978507,45.46286384142379,7.052953211244213,2.7081031181035686
9287,8454,9,0.9,22.901543721065458,2.290154372106546,18.321234976852367,20.611389348958912,-17.52612402888139,-5.529420149441963,-18.190326552491058,-2.5336227214447202,-18.238038845129708,-2.3184227508184176,51.06713149850473,-29.63210410150246,45.33721305961607,-3.0152392500947247,18.38154685569694,18.37419187810726,18.362645798651368,ALA_53_A_O,LEU_50_C_HD12,47.32,-29.168,40.619,50.816,-29.601,45.021,51.06713149850473,-29.63210410150246,45.33721305961607,-0.0030292516409144055,-0.0020268577220467813,51.9883874134686,-11.273934718817499,45.236370291035556,51.06713149850473,-29.63210410150246,45.33721305961607,5.638005764452536,2.5686772057780884
9395,9692,9,0.9,22.901543721065458,2.290154372106546,18.321234976852367,20.611389348958912,-18.860120085580704,-6.0489432336983775,-18.668383981931733,-2.538523182372235,-18.73561070944711,-3.769350594444166,49.66523135608338,-30.238285715462823,45.47859625926927,-2.94312928157148,19.10765124788011,19.802905654916067,18.836912719778518,GLN_54_A_O,GLN_54_C_HE22,47.032,-30.537,41.92,51.087,-30.077,47.4,49.66523135608338,-30.238285715462823,45.47859625926927,-0.0030292516409144055,-0.0020268577220467813,51.9883874134686,-11.273934718817499,45.236370291035556,49.66523135608338,-30.238285715462823,45.47859625926927,6.832644070928912,2.675447377948965
9421,9710,9,0.9,22.901543721065458,2.290154372106546,18.321234976852367,20.611389348958912,-19.357148825754635,-6.256387146342451,-19.551916067604058,-2.9396395103728596,-19.455625990312846,-4.579391057862898,48.91595315580989,-31.017663122928777,45.55436295632252,-2.910488220210144,19.983888082605972,20.339591124429315,19.76837231135512,GLN_54_A_O,GLN_54_C_HE22,46.939,-31.048,42.685,50.849,-30.988,48.36,48.91595315580989,-31.017663122928777,45.55436295632252,-0.0030292516409144055,-0.0020268577220467813,51.9883874134686,-11.273934718817499,45.236370291035556,48.91595315580989,-31.017663122928777,45.55436295632252,6.891830308415896,2.589667659716282
9394,8442,9,0.9,22.901543721065458,2.290154372106546,18.321234976852367,20.611389348958912,-18.453451327351342,-6.042140532334309,-18.37881326363189,-2.473600205501723,-18.38819087816878,-2.9219558296529082,50.479701943318574,-29.827597490102804,45.39643014313559,-2.9840882759579745,18.615588984361306,19.413939527414335,18.541254349929996,GLN_54_A_O,LEU_50_C_HD12,47.005,-30.131,41.892,50.979,-29.784,45.9,50.479701943318574,-29.827597490102804,45.39643014313559,-0.0030292516409144055,-0.0020268577220467813,51.9883874134686,-11.273934718817499,45.236370291035556,50.479701943318574,-29.827597490102804,45.39643014313559,5.654834126656585,2.614381981928419
9418,9685,9,0.9,22.901543721065458,2.290154372106546,18.321234976852367,20.611389348958912,-19.154411089170083,-6.405673644295927,-19.142062355642366,-2.6454355589257323,-19.148612899077282,-4.640101882282885,48.83254053721357,-30.716138832015822,45.5626260937485,-2.9039184721853832,19.699368343539287,20.193615784550325,19.320719389237627,GLN_54_A_O,GLN_54_C_HE22,46.814,-30.857,43.083,51.113,-30.557,48.364,48.83254053721357,-30.716138832015822,45.5626260937485,-0.0030292516409144055,-0.0020268577220467813,51.9883874134686,-11.273934718817499,45.236370291035556,48.83254053721357,-30.716138832015822,45.5626260937485,6.816183829680651,2.2975310125607047
9424,8443,9,0.9,22.901543721065458,2.290154372106546,18.321234976852367,20.611389348958912,-18.732738362559992,-6.328082978736815,-18.42073917877608,-2.478893579040113,-18.492004957578466,-3.358112162243987,50.05482855605183,-29.964192015929473,45.439258286332006,-2.9620295664683947,18.791102448392355,19.769192938151864,18.583511716445475,GLN_54_A_O,LEU_50_C_HD12,46.781,-30.431,42.302,51.024,-29.826,46.368,50.05482855605183,-29.964192015929473,45.439258286332006,-0.0030292516409144055,-0.0020268577220467813,51.9883874134686,-11.273934718817499,45.236370291035556,50.05482855605183,-29.964192015929473,45.439258286332006,5.907743223939243,2.694585311504463
9397,8444,9,0.9,22.901543721065458,2.290154372106546,18.321234976852367,20.611389348958912,-17.75557047098217,-6.09583594182008,-18.159756184417805,-2.78425479105472,-18.077849541659692,-3.455333667085912,49.927103731694274,-29.558603090843377,45.4519359292091,-2.9528114875975775,18.401751450230854,18.769316154240837,18.368656052755803,GLN_54_A_O,LEU_50_C_HD12,46.945,-29.439,42.359,50.685,-29.589,46.238,49.927103731694274,-29.558603090843377,45.4519359292091,-0.0030292516409144055,-0.0020268577220467813,51.9883874134686,-11.273934718817499,45.236370291035556,49.927103731694274,-29.558603090843377,45.4519359292091,5.390430502288291,2.7336329961240344
9417,8435,9,0.9,22.901543721065458,2.290154372106546,18.321234976852367,20.611389348958912,-18.71248055145961,-6.519740629861041,-18.383351357034396,-2.551759316295465,-18.505379082430537,-4.022925479340934,49.396275190830416,-30.027949148325906,45.50557651179927,-2.9276017114399204,18.934217041807074,19.812222509244585,18.55632981783626,GLN_54_A_O,LEU_50_C_HD12,46.666,-30.425,43.083,51.005,-29.794,46.933,49.396275190830416,-30.027949148325906,45.50557651179927,-0.0030292516409144055,-0.0020268577220467813,51.9883874134686,-11.273934718817499,45.236370291035556,49.396275190830416,-30.027949148325906,45.50557651179927,5.835030591179455,2.303387188599042
9415,8448,9,0.9,22.901543721065458,2.290154372106546,18.321234976852367,20.611389348958912,-18.037310977999255,-6.3272432369663045,-18.246626990031906,-2.839587206569868,-18.21269517398576,-3.4049644163994115,49.98725682200947,-29.68924016034824,45.445938615739756,-2.9568482143828874,18.524899919612636,19.111349497874876,18.462952287583324,GLN_54_A_O,LEU_50_C_HD12,46.846,-29.737,43.466,50.595,-29.68,45.829,49.98725682200947,-29.68924016034824,45.445938615739756,-0.0030292516409144055,-0.0020268577220467813,51.9883874134686,-11.273934718817499,45.236370291035556,49.98725682200947,-29.68924016034824,45.445938615739756,4.431931745864326,2.2385853379933196
9422,8450,9,0.9,22.901543721065458,2.290154372106546,18.321234976852367,20.611389348958912,-18.043511406864607,-6.3730015399806605,-18.249605538469066,-2.798029348803565,-18.24773879364795,-2.8304104785890885,50.5599194150464,-29.680606867852305,45.388290514910025,-2.987792072615542,18.462642827585427,19.132389155432854,18.459555144184094,GLN_54_A_O,LEU_50_C_HD12,46.722,-29.747,42.685,50.595,-29.68,45.413,50.5599194150464,-29.680606867852305,45.388290514910025,-0.0030292516409144055,-0.0020268577220467813,51.9883874134686,-11.273934718817499,45.236370291035556,50.5599194150464,-29.680606867852305,45.388290514910025,4.737784503330639,2.3625031139397628
1010,628,9,0.9,22.901543721065458,2.290154372106546,18.321234976852367,20.611389348958912,12.070479205125135,-13.974676525227782,14.042455878096858,11.780523333430073,12.967721390311137,-2.256154639134592,48.77269528287732,1.4884956781342158,45.55442493233453,-0.1720669675538089,13.165161004356742,18.466308380032253,18.333143253045936,TYR_27_A_HE1,TYR_27_C_CE1,36.971,-0.296,44.3,62.909,3.626,47.057,48.77269528287732,1.4884956781342158,45.55442493233453,-0.0030292516409144055,-0.0020268577220467813,51.9883874134686,-11.273934718817499,45.236370291035556,48.77269528287732,1.4884956781342158,45.55442493233453,26.37731936721395,4.409069748769901
1014,765,9,0.9,22.901543721065458,2.290154372106546,18.321234976852367,20.611389348958912,12.514381780923662,-13.851106169265348,14.23015359204481,11.619482114102832,13.275008115356728,-2.5596278524763956,48.44841674501296,1.771880952838895,45.58694167519651,-0.19028838269758702,13.522115188377672,18.66768803937933,18.37506366367191,TYR_27_A_HE1,TYR_27_C_CZ,37.061,0.156,44.3,62.748,3.801,47.203,48.44841674501296,1.771880952838895,45.58694167519651,-0.0030292516409144055,-0.0020268577220467813,51.9883874134686,-11.273934718817499,45.236370291035556,48.44841674501296,1.771880952838895,45.58694167519651,26.10623302968086,4.702729765236659
1022,826,9,0.9,22.901543721065458,2.290154372106546,18.321234976852367,20.611389348958912,12.4958205154368,-13.615695820710451,14.212373882792873,11.59962333334296,13.103985066881245,-4.682059643424997,46.355659326461804,1.440378616593155,45.79774532436277,-0.3429533135078786,13.917490119313877,18.481158733526758,18.348732202261512,TYR_27_A_HE1,TYR_27_C_OH,37.217,0.155,43.492,63.011,3.783,50.0,46.355659326461804,1.440378616593155,45.79774532436277,-0.0030292516409144055,-0.0020268577220467813,51.9883874134686,-11.273934718817499,45.236370291035556,46.355659326461804,1.440378616593155,45.79774532436277,26.84859184389379,3.87292862799475
1015,803,9,0.9,22.901543721065458,2.290154372106546,18.321234976852367,20.611389348958912,12.874967725889661,-13.52644621566224,14.606643863100366,11.586286784619684,13.455558450976955,-5.106731034368344,45.907795836035504,1.7587309395460897,45.842686698439664,-0.36252622048360916,14.394151162195259,18.674922359215152,18.64756181362265,TYR_27_A_HE1,TYR_27_C_OH,37.317,0.54,43.884,62.94,4.175,49.726,45.907795836035504,1.7587309395460897,45.842686698439664,-0.0030292516409144055,-0.0020268577220467813,51.9883874134686,-11.273934718817499,45.236370291035556,45.907795836035504,1.7587309395460897,45.842686698439664,26.53074288443503,4.119530432552926
997,1103,9,0.9,22.901543721065458,2.290154372106546,18.321234976852367,20.611389348958912,12.683611393823288,-13.220923119441432,14.582618991358206,11.664557250222133,13.674531570902886,-0.23544341592252374,50.72408045678552,2.3465270924332273,45.35761925627143,-0.017064000326470128,13.679552380981885,18.32184677496357,18.67753515366091,TYR_27_A_HE1,TYR_27_C_HH,37.551,0.372,43.022,62.796,4.156,47.498,50.72408045678552,2.3465270924332273,45.35761925627143,-0.0030292516409144055,-0.0020268577220467813,51.9883874134686,-11.273934718817499,45.236370291035556,50.72408045678552,2.3465270924332273,45.35761925627143,25.916466908126193,4.894907591379347
783,1106,9,0.9,22.901543721065458,2.290154372106546,18.321234976852367,20.611389348958912,13.078964717767976,-13.064836554384847,14.626849756685056,11.413215594222766,13.910021280584742,0.07738355344911356,51.016656171231446,2.605064292348251,45.3280543495602,0.005707558431435554,13.91327715262177,18.48717294198543,18.55643069221395,TYR_27_A_OH,TYR_27_C_HH,37.664,0.778,42.89,62.534,4.181,47.431,51.016656171231446,2.605064292348251,45.3280543495602,-0.0030292516409144055,-0.0020268577220467813,51.9883874134686,-11.273934718817499,45.236370291035556,51.016656171231446,2.605064292348251,45.3280543495602,25.50917462404458,5.057705231008004
639,1105,9,0.9,22.901543721065458,2.290154372106546,18.321234976852367,20.611389348958912,13.179790756216942,-13.039179995477102,14.719999832198202,10.95327594113788,13.862005941401986,-2.4120398071141604,48.55051758741075,2.3683815688898564,45.57640070995664,-0.17209997836289706,14.072930161148241,18.540606929031583,18.351736833833485,TYR_27_A_CE1,TYR_27_C_HH,37.8,0.881,44.062,62.071,4.239,47.481,48.55051758741075,2.3683815688898564,45.57640070995664,-0.0030292516409144055,-0.0020268577220467813,51.9883874134686,-11.273934718817499,45.236370291035556,48.55051758741075,2.3683815688898564,45.57640070995664,24.73958702161376,5.235650541867511
789,1115,9,0.9,22.901543721065458,2.290154372106546,18.321234976852367,20.611389348958912,13.367011285933366,-13.035029885271381,14.776191094804872,10.847383364917787,14.02551147799593,-1.8749397298772217,49.07103050670413,2.572151511028319,45.52391580741915,-0.13272247570493056,14.153012316456323,18.671292185933186,18.333986370342892,TYR_27_A_OH,TYR_27_C_HH,37.563,1.067,41.808,62.19,4.288,49.76,49.07103050670413,2.572151511028319,45.52391580741915,-0.0030292516409144055,-0.0020268577220467813,51.9883874134686,-11.273934718817499,45.236370291035556,49.07103050670413,2.572151511028319,45.52391580741915,26.078693870667674,4.133130968656216
780,1135,9,0.9,22.901543721065458,2.290154372106546,18.321234976852367,20.611389348958912,13.55534421469485,-12.867025116013163,15.011529623397642,10.771537377155942,14.315965587394333,-0.5196991884626049,50.39363757356914,2.9645547132687775,45.390608687165255,-0.03613710151296423,14.32834944584799,18.690577070772083,18.479898931948767,TYR_27_A_OH,TYR_27_C_HH,37.822,1.268,42.851,61.89,4.516,47.713,50.39363757356914,2.9645547132687775,45.390608687165255,-0.0030292516409144055,-0.0020268577220467813,51.9883874134686,-11.273934718817499,45.236370291035556,50.39363757356914,2.9645547132687775,45.390608687165255,24.768067587117084,4.8314033657737125
769,1116,9,0.9,22.901543721065458,2.290154372106546,18.321234976852367,20.611389348958912,13.429156583758772,-12.676388847168194,14.948428901258877,11.589947453200795,13.966909713733518,-4.0872122076469655,46.88065343945348,2.345932848166022,45.744499357366514,-0.2844945577583412,14.554996875284035,18.467892899738978,18.918772933861455,TYR_27_A_OH,TYR_27_C_HH,38.104,1.157,43.659,62.9,4.516,49.551,46.88065343945348,2.345932848166022,45.744499357366514,-0.0030292516409144055,-0.0020268577220467813,51.9883874134686,-11.273934718817499,45.236370291035556,46.88065343945348,2.345932848166022,45.744499357366514,25.70681156814279,4.829949580740198
785,1117,9,0.9,22.901543721065458,2.290154372106546,18.321234976852367,20.611389348958912,13.816252636680272,-12.880734455351572,15.157735190008214,11.211718591951179,14.394297888318459,-2.499288904859357,48.423766435800374,2.8925230907752417,45.58892797664157,-0.17174440831634277,14.61230120504923,18.890041325897688,18.8572761942238,TYR_27_A_OH,TYR_27_C_HH,37.762,1.527,42.589,62.505,4.696,49.551,48.423766435800374,2.8925230907752417,45.58892797664157,-0.0030292516409144055,-0.0020268577220467813,51.9883874134686,-11.273934718817499,45.236370291035556,48.423766435800374,2.8925230907752417,45.58892797664157,25.898417982571836,4.405474019939494
802,1118,9,0.9,22.901543721065458,2.290154372106546,18.321234976852367,20.611389348958912,13.758994995711916,-12.514998976024765,15.12937833895253,10.78048793413757,14.457631563872654,-0.638702384398974,50.26487757562249,3.0967870681236773,45.403511275778946,-0.04399969127154563,14.4746698389842,18.600209208988712,18.580968347331133,TYR_27_A_OH,TYR_27_C_HH,37.982,1.497,41.09,62.075,4.635,49.551,50.26487757562249,3.0967870681236773,45.403511275778946,-0.0030292516409144055,-0.0020268577220467813,51.9883874134686,-11.273934718817499,45.236370291035556,50.26487757562249,3.0967870681236773,45.403511275778946,25.727576916608378,4.212620241845923
629,1133,9,0.9,22.901543721065458,2.290154372106546,18.321234976852367,20.611389348958912,13.757344581630804,-12.244927397740607,15.067894665809927,11.59904756355029,14.344461966427872,-1.5629913226241836,49.35643283313624,2.9138424617239345,45.49503624477444,-0.10837078606135517,14.432155567109445,18.41837402335439,19.018876818926273,TYR_27_A_CE1,TYR_27_C_HH,38.515,1.517,43.695,62.715,4.635,47.713,49.35643283313624,2.9138424617239345,45.49503624477444,-0.0030292516409144055,-0.0020268577220467813,51.9883874134686,-11.273934718817499,45.236370291035556,49.35643283313624,2.9138424617239345,45.49503624477444,24.7286523692659,5.119045018678818
1084,1131,9,0.9,22.901543721065458,2.290154372106546,18.321234976852367,20.611389348958912,14.320799916014991,-12.64309946321295,15.253948491580116,10.61524290735976,14.819313954987967,-0.2178431872242652,50.65510410535411,3.4893469755709186,45.36405762641591,-0.014559174446815816,14.823914288175615,19.104156580217893,18.58767836825412,TYR_27_A_HH,TYR_27_C_HH,37.933,2.048,42.304,61.747,4.746,48.032,50.65510410535411,3.4893469755709186,45.36405762641591,-0.0030292516409144055,-0.0020268577220467813,51.9883874134686,-11.273934718817499,45.236370291035556,50.65510410535411,3.4893469755709186,45.36405762641591,24.641342982881433,4.574993586771416
801,1134,9,0.9,22.901543721065458,2.290154372106546,18.321234976852367,20.611389348958912,14.094413621432041,-12.231044179553892,15.161186413800143,11.17706976882237,14.745997038785893,2.066601007321463,52.92704355017151,3.5895006576750124,45.13531968194918,0.1393462424241121,14.893387719378543,18.66244250405661,18.83947021902752,TYR_27_A_OH,TYR_27_C_HH,38.241,1.853,41.09,62.285,4.696,47.713,52.92704355017151,3.5895006576750124,45.13531968194918,-0.0030292516409144055,-0.0020268577220467813,51.9883874134686,-11.273934718817499,45.236370291035556,52.92704355017151,3.5895006576750124,45.13531968194918,25.1010102187143,4.53142905617384
1095,1127,9,0.9,22.901543721065458,2.290154372106546,18.321234976852367,20.611389348958912,14.698241447868734,-12.477168492338564,15.29686257189333,10.349753816628526,14.98486276600706,-1.5475799785719258,49.323368564639665,3.5535675367498785,45.49808192351634,-0.10275690958719245,15.067370095077797,19.280988537520667,18.472846368161786,TYR_27_A_HH,TYR_27_C_HH,38.083,2.437,42.428,61.559,4.769,48.84,49.323368564639665,3.5535675367498785,45.49808192351634,-0.0030292516409144055,-0.0020268577220467813,51.9883874134686,-11.273934718817499,45.236370291035556,49.323368564639665,3.5535675367498785,45.49808192351634,24.447383172846948,4.262487178549774
1103,1129,9,0.9,22.901543721065458,2.290154372106546,18.321234976852367,20.611389348958912,14.679680182381873,-12.24175814378367,15.293884023456172,10.39131167439483,15.014841244407005,0.1087405178358592,50.964345306788196,3.7090802144398496,45.33283230992225,0.0073755707930299235,15.018278984209694,19.1152551193788,18.493702754965724,TYR_27_A_HH,TYR_27_C_HH,38.239,2.436,41.62,61.559,4.769,48.424,50.964345306788196,3.7090802144398496,45.33283230992225,-0.0030292516409144055,-0.0020268577220467813,51.9883874134686,-11.273934718817499,45.236370291035556,50.964345306788196,3.7090802144398496,45.33283230992225,24.40409197245413,4.534457626598255
1107,1121,9,0.9,22.901543721065458,2.290154372106546,18.321234976852367,20.611389348958912,14.776472992776203,-11.772282835974345,15.395594885965277,11.382591506230339,15.091909108321714,0.024882954476740902,50.8753309164768,3.7795660761138024,45.3417613749615,0.0017827024563044074,15.094962346063133,18.89371886067734,19.15012168692695,TYR_27_A_HH,TYR_27_C_HH,38.67,2.568,41.301,62.626,4.946,49.232,50.8753309164768,3.7795660761138024,45.3417613749615,-0.0030292516409144055,-0.0020268577220467813,51.9883874134686,-11.273934718817499,45.236370291035556,50.8753309164768,3.7795660761138024,45.3417613749615,25.346510233166217,4.1111090402256245
1080,1123,9,0.9,22.901543721065458,2.290154372106546,18.321234976852367,20.611389348958912,14.4458383641628,-11.327536868152329,15.262540458225766,10.495364471495423,14.75862553270203,-2.969625741242547,47.92963510744895,3.220129526691152,45.63852258934459,-0.19838987753474824,15.056994889604866,18.358566185173007,18.526544288817846,TYR_27_A_HH,TYR_27_C_HH,39.353,2.273,43.408,61.747,4.746,49.232,47.92963510744895,3.220129526691152,45.63852258934459,-0.0030292516409144055,-0.0020268577220467813,51.9883874134686,-11.273934718817499,45.236370291035556,47.92963510744895,3.220129526691152,45.63852258934459,23.270709937601815,4.759701020111278
1101,1128,9,0.9,22.901543721065458,2.290154372106546,18.321234976852367,20.611389348958912,15.18682991937697,-11.49970178856373,15.520152470981492,10.791695013335094,15.366762987187041,0.5335656667272443,51.35924345305552,4.092208377727031,45.29291258118135,0.03483299451547539,15.379121327858169,19.050678477436477,18.90697232830512,TYR_27_A_HH,TYR_27_C_HH,38.944,2.998,41.62,61.943,5.025,48.424,51.35924345305552,4.092208377727031,45.29291258118135,-0.0030292516409144055,-0.0020268577220467813,51.9883874134686,-11.273934718817499,45.236370291035556,51.35924345305552,4.092208377727031,45.29291258118135,24.069838927587362,4.164064195058949
1100,1122,9,0.9,22.901543721065458,2.290154372106546,18.321234976852367,20.611389348958912,15.15194628869819,-11.041350271035613,15.43047851664406,10.924239988702222,15.289096600880509,-0.22541136296278544,50.61212443186215,3.9572024955298297,45.36817730799432,-0.014606773461351584,15.29375734496058,18.749398525072998,18.90969246796422,TYR_27_A_HH,TYR_27_C_HH,39.406,2.998,41.62,62.164,4.946,49.232,50.61212443186215,3.9572024955298297,45.36817730799432,-0.0030292516409144055,-0.0020268577220467813,51.9883874134686,-11.273934718817499,45.236370291035556,50.61212443186215,3.9572024955298297,45.36817730799432,24.076208422423996,4.185762229400188
1097,1126,9,0.9,22.901543721065458,2.290154372106546,18.321234976852367,20.611389348958912,15.216838692884684,-10.855264221774801,15.52313101941865,10.75013715556879,15.367444597230326,-0.2317495878731855,50.599920541006725,4.034844112470046,45.3693714578775,-0.014944602877899343,15.372190438307182,18.69323785568644,18.885726984454024,TYR_27_A_HH,TYR_27_C_HH,39.627,3.077,42.012,61.943,5.025,48.84,50.599920541006725,4.034844112470046,45.3693714578775,-0.0030292516409144055,-0.0020268577220467813,51.9883874134686,-11.273934718817499,45.236370291035556,50.599920541006725,4.034844112470046,45.3693714578775,23.418371933163925,4.143717012106436
8430,9575,9,0.9,22.901543721065458,2.290154372106546,18.321234976852367,20.611389348958912,-18.068753098107994,3.381537257502332,-18.200291335793555,3.4276222216001306,-18.068141274954495,3.381322902737059,56.70903718192517,-29.030409285528986,44.769032360018855,2.956451059159736,18.379209123802568,18.37984995092842,18.517635922726065,LEU_50_A_HD12,GLN_54_C_HG2,56.71,-29.031,44.776,56.917,-29.158,46.274,56.70903718192517,-29.030409285528986,44.769032360018855,-0.0030292516409144055,-0.0020268577220467813,51.9883874134686,-11.273934718817499,45.236370291035556,56.70903718192517,-29.030409285528986,44.769032360018855,1.51755790663816,2.9085846687253047
8432,9303,9,0.9,22.901543721065458,2.290154372106546,18.321234976852367,20.611389348958912,-18.298000094070478,3.022711776328374,-18.588073966128125,3.4111233197998896,-18.37080466083225,3.1201977510117263,56.472826983256084,-29.35200545070656,44.792951360883315,2.973218223086489,18.6312495552466,18.54332769299149,18.895858836628914,LEU_50_A_HD12,GLN_54_C_C,56.326,-29.287,44.36,56.911,-29.546,46.085,56.472826983256084,-29.35200545070656,44.792951360883315,-0.0030292516409144055,-0.0020268577220467813,51.9883874134686,-11.273934718817499,45.236370291035556,56.472826983256084,-29.35200545070656,44.792951360883315,1.8398181975401826,2.794839636761468
8155,9574,9,0.9,22.901543721065458,2.290154372106546,18.321234976852367,20.611389348958912,-18.156368963652184,2.9729864960676196,-18.09323538773437,2.9292496131019057,-18.126423751414894,2.9522414293742467,56.2877448873902,-29.12106677516807,44.811479739011624,2.980005320857947,18.362601376345907,18.39550073129058,18.326154528289877,LEU_50_A_CD1,GLN_54_C_HG2,56.163,-29.15,43.343,56.426,-29.089,46.439,56.2877448873902,-29.12106677516807,44.811479739011624,-0.0030292516409144055,-0.0020268577220467813,51.9883874134686,-11.273934718817499,45.236370291035556,56.2877448873902,-29.12106677516807,44.811479739011624,3.1077493463920125,3.2312532792611512
9710,9312,9,0.9,22.901543721065458,2.290154372106546,18.321234976852367,20.611389348958912,-20.25605812214956,3.2696014648294733,-20.33583651237183,3.367322220622919,-20.3121452884217,3.338302779347794,56.83579187544851,-31.271212595392225,44.75726300790734,2.9785777495188404,20.581982321431376,20.515572873078103,20.610084044316167,GLN_54_A_HE22,GLN_54_C_C,56.421,-31.222,41.363,57.011,-31.292,46.191,56.83579187544851,-31.271212595392225,44.75726300790734,-0.0030292516409144055,-0.0020268577220467813,51.9883874134686,-11.273934718817499,45.236370291035556,56.83579187544851,-31.271212595392225,44.75726300790734,4.864420212111618,2.797211917953257
8156,9345,9,0.9,22.901543721065458,2.290154372106546,18.321234976852367,20.611389348958912,-18.34856060230209,2.865135260629202,-18.714472443382576,3.6101643730992286,-18.573050502518647,3.3222167003086547,56.68852127162706,-29.538347005013513,44.77132185656443,2.964457556169122,18.865213608415868,18.568229294981265,19.056915590037057,LEU_50_A_CD1,GLN_54_C_C,56.029,-29.35,42.94,57.104,-29.657,45.925,56.68852127162706,-29.538347005013513,44.77132185656443,-0.0030292516409144055,-0.0020268577220467813,51.9883874134686,-11.273934718817499,45.236370291035556,56.68852127162706,-29.538347005013513,44.77132185656443,3.1874910195951904,3.0730018059878343
9678,9308,9,0.9,22.901543721065458,2.290154372106546,18.321234976852367,20.611389348958912,-19.20115972909072,2.926369001769848,-19.30753715420557,3.1929320953731244,-19.277504317976458,3.117675096754581,56.53878523773538,-30.256284834488905,44.78671142641229,2.981127611937692,19.525315090096647,19.420188365180096,19.567109854859613,GLN_54_A_HE22,GLN_54_C_C,56.04,-30.196,41.794,56.735,-30.28,45.964,56.53878523773538,-30.256284834488905,44.78671142641229,-0.0030292516409144055,-0.0020268577220467813,51.9883874134686,-11.273934718817499,45.236370291035556,56.53878523773538,-30.256284834488905,44.78671142641229,4.228354408041031,2.8940431049001867
8322,9304,9,0.9,22.901543721065458,2.290154372106546,18.321234976852367,20.611389348958912,-18.32799799184316,2.768123330762152,-18.763345158087034,2.959590864100476,-18.598196849875876,2.886957936496957,56.258598503193355,-29.59643231382932,44.81462359258463,2.9874627416301838,18.818248886325105,18.53316517479269,18.992646799218598,LEU_50_A_HG,GLN_54_C_C,55.898,-29.337,42.62,56.479,-29.755,46.156,56.258598503193355,-29.59643231382932,44.81462359258463,-0.0030292516409144055,-0.0020268577220467813,51.9883874134686,-11.273934718817499,45.236370291035556,56.258598503193355,-29.59643231382932,44.81462359258463,3.6077113243717274,3.01101997551829
9675,9444,9,0.9,22.901543721065458,2.290154372106546,18.321234976852367,20.611389348958912,-19.518748281271684,2.9039496353600356,-19.56719471077559,2.8887020025362906,-19.55041394215294,2.893983444349001,56.33746634206436,-30.545373864655577,44.807103905594026,2.994509219262537,19.760747048342214,19.730889199978755,19.776574108169715,GLN_54_A_HE22,GLN_54_C_CG,56.127,-30.514,42.641,56.449,-30.562,45.955,56.33746634206436,-30.545373864655577,44.807103905594026,-0.0030292516409144055,-0.0020268577220467813,51.9883874134686,-11.273934718817499,45.236370291035556,56.33746634206436,-30.545373864655577,44.807103905594026,3.3299525522145204,2.884964630916005
9671,9305,9,0.9,22.901543721065458,2.290154372106546,18.321234976852367,20.611389348958912,-18.992992052818643,2.81089371595995,-19.030074564874692,3.4875796949034936,-19.018570352575182,3.277649495188205,56.67794530584891,-29.98596372512507,44.77258415252195,2.970799488811047,19.296297062938244,19.197166700947236,19.344399893612067,GLN_54_A_HE22,GLN_54_C_C,55.953,-29.997,42.237,57.004,-29.981,45.913,56.67794530584891,-29.98596372512507,44.77258415252195,-0.0030292516409144055,-0.0020268577220467813,51.9883874134686,-11.273934718817499,45.236370291035556,56.67794530584891,-29.98596372512507,44.77258415252195,3.823327477472987,3.0179120625923823
9673,9570,9,0.9,22.901543721065458,2.290154372106546,18.321234976852367,20.611389348958912,-18.780029736047897,2.7364362747675055,-18.814870194476374,2.8855277935164256,-18.800520117564353,2.8241200262974906,56.21153339204518,-29.802938647012592,44.81945238893469,2.9923633316629648,19.0087550635103,18.97564037178784,19.032165707623225,GLN_54_A_HE22,GLN_54_C_HG2,55.931,-29.79,42.921,56.408,-29.812,46.149,56.21153339204518,-29.802938647012592,44.81945238893469,-0.0030292516409144055,-0.0020268577220467813,51.9883874134686,-11.273934718817499,45.236370291035556,56.21153339204518,-29.802938647012592,44.81945238893469,3.2631268746403372,3.0258493811224136
9672,9443,9,0.9,22.901543721065458,2.290154372106546,18.321234976852367,20.611389348958912,-19.27474531462046,2.7674559553947535,-19.188135016520526,2.8097272379576177,-19.220084251751405,2.7941339981265583,56.21346364915829,-30.223568530183993,44.81944388652492,2.997102519006762,19.419416016169272,19.469696326965483,19.390055293995122,GLN_54_A_HE22,GLN_54_C_CG,55.985,-30.281,42.774,56.347,-30.19,46.015,56.21346364915829,-30.223568530183993,44.81944388652492,-0.0030292516409144055,-0.0020268577220467813,51.9883874134686,-11.273934718817499,45.236370291035556,56.21346364915829,-30.223568530183993,44.81944388652492,3.262423332432503,2.8557453446297303
9695,9445,9,0.9,22.901543721065458,2.290154372106546,18.321234976852367,20.611389348958912,-20.006230954676333,2.8376745534687213,-19.946747724612408,2.9603875654818337,-19.96956386307441,2.9133182138314306,56.38829662772192,-30.961850083471013,44.802171285541164,2.9966056345449026,20.178249212352465,20.2037615922639,20.162534705337787,GLN_54_A_HE22,GLN_54_C_CG,56.122,-31.005,42.882,56.554,-30.935,45.997,56.38829662772192,-30.961850083471013,44.802171285541164,-0.0030292516409144055,-0.0020268577220467813,51.9883874134686,-11.273934718817499,45.236370291035556,56.38829662772192,-30.961850083471013,44.802171285541164,3.1455919951576705,2.658317837863804
9715,9447,9,0.9,22.901543721065458,2.290154372106546,18.321234976852367,20.611389348958912,-19.504075554871747,2.6413890829040736,-19.835099425935464,2.6009479595786216,-19.763231270230673,2.609728078482709,56.07152470302623,-30.779137026910362,44.83397687997873,3.0101818692017233,19.93205578113479,19.67939162565523,20.002162015583338,GLN_54_A_HE22,GLN_54_C_CG,55.702,-30.52,41.044,56.174,-30.851,45.885,56.07152470302623,-30.779137026910362,44.83397687997873,-0.0030292516409144055,-0.0020268577220467813,51.9883874134686,-11.273934718817499,45.236370291035556,56.07152470302623,-30.779137026910362,44.83397687997873,4.875205226449448,3.058615381601095
9680,9462,9,0.9,22.901543721065458,2.290154372106546,18.321234976852367,20.611389348958912,-18.83162841143264,2.474020139597193,-19.291403415131768,2.1518301075640984,-19.194746326028067,2.2195631299859153,55.64151709465004,-30.241880845011547,44.87702418617375,3.0263478316898653,19.319872316783247,18.990707070908215,19.408257976895637,GLN_54_A_HE22,GLN_54_C_CG,55.527,-29.862,41.481,55.672,-30.343,45.781,55.64151709465004,-30.241880845011547,44.87702418617375,-0.0030292516409144055,-0.0020268577220467813,51.9883874134686,-11.273934718817499,45.236370291035556,55.64151709465004,-30.241880845011547,44.87702418617375,4.329247740658875,3.2907079236347307
9664,9576,9,0.9,22.901543721065458,2.290154372106546,18.321234976852367,20.611389348958912,-18.757947924366878,2.4151662256801223,-18.545250650365666,2.5315091473271685,-18.605958540812072,2.498302641156703,55.87359852818364,-29.63364848648449,44.85339417650641,3.007988174692266,18.77020579910794,18.91004486570596,18.71450718261656,GLN_54_A_HE22,GLN_54_C_HG2,55.462,-29.793,41.477,56.038,-29.57,46.202,55.87359852818364,-29.63364848648449,44.85339417650641,-0.0030292516409144055,-0.0020268577220467813,51.9883874134686,-11.273934718817499,45.236370291035556,55.87359852818364,-29.63364848648449,44.85339417650641,4.765199890875514,3.138472101105636
9689,9446,9,0.9,22.901543721065458,2.290154372106546,18.321234976852367,20.611389348958912,-19.45247926663814,2.4382029422415994,-19.429793067771577,2.520011125802709,-19.434630167905866,2.5025681694918447,55.94039979740225,-30.459609750053122,44.847034789968795,3.013406522726222,19.59234826199589,19.601934276048016,19.58978886966537,GLN_54_A_HE22,GLN_54_C_CG,55.488,-30.484,40.98,56.063,-30.453,45.895,55.94039979740225,-30.459609750053122,44.847034789968795,-0.0030292516409144055,-0.0020268577220467813,51.9883874134686,-11.273934718817499,45.236370291035556,55.94039979740225,-30.459609750053122,44.847034789968795,4.948617079548595,2.954530965290899
9668,9461,9,0.9,22.901543721065458,2.290154372106546,18.321234976852367,20.611389348958912,-19.560325821101994,2.419382423261201,-19.700229133098823,2.371193255605753,-19.650865654296773,2.3881963195225064,55.84325816937403,-30.6838967258899,44.856912148630926,3.0205342653689953,19.792691634605077,19.706625079193188,19.839653648096004,GLN_54_A_HE22,GLN_54_C_CG,55.697,-30.592,43.162,55.923,-30.734,45.781,55.84325816937403,-30.6838967258899,44.856912148630926,-0.0030292516409144055,-0.0020268577220467813,51.9883874134686,-11.273934718817499,45.236370291035556,55.84325816937403,-30.6838967258899,44.856912148630926,2.632565478767812,2.7537758885300563
8395,9577,9,0.9,22.901543721065458,2.290154372106546,18.321234976852367,20.611389348958912,-18.49274150673976,2.181789867722459,-18.829694636166174,2.171936543682984,-18.60220740020676,2.178588820379655,55.55612630235816,-29.65415625050739,44.885360028534684,3.024882882212293,18.726572364895617,18.618230709889797,18.95176631270896,LEU_50_A_HD12,GLN_54_C_HG2,55.497,-29.545,44.349,55.679,-29.881,46.0,55.55612630235816,-29.65415625050739,44.885360028534684,-0.0030292516409144055,-0.0020268577220467813,51.9883874134686,-11.273934718817499,45.236370291035556,55.55612630235816,-29.65415625050739,44.885360028534684,1.6946448005408128,2.7767584745629867
9476,9578,9,0.9,22.901543721065458,2.290154372106546,18.321234976852367,20.611389348958912,-18.503601349728022,2.0396370885346964,-18.330562394647725,2.043590689311466,-18.373217626379205,2.0426161009176074,55.40393734779696,-29.436138642102577,44.90058308639156,3.0307466467550435,18.483624800121987,18.61288692347224,18.44134003419341,GLN_54_A_OE1,GLN_54_C_HG2,55.04,-29.568,41.216,55.523,-29.393,46.106,55.40393734779696,-29.436138642102577,44.90058308639156,-0.0030292516409144055,-0.0020268577220467813,51.9883874134686,-11.273934718817499,45.236370291035556,55.40393734779696,-29.436138642102577,44.90058308639156,4.916911022176424,3.27656820162807
9691,9452,9,0.9,22.901543721065458,2.290154372106546,18.321234976852367,20.611389348958912,-19.45012813278932,2.066262629256321,-19.862856357609928,1.9789570135106038,-19.802728197863594,1.9916761000537937,55.46133581560706,-30.865395192889125,44.89543667012213,3.0412373160920017,19.89982235711906,19.55677571316675,19.95838244390225,GLN_54_A_HE22,GLN_54_C_CG,55.088,-30.51,40.711,55.525,-30.926,45.609,55.46133581560706,-30.865395192889125,44.89543667012213,-0.0030292516409144055,-0.0020268577220467813,51.9883874134686,-11.273934718817499,45.236370291035556,55.46133581560706,-30.865395192889125,44.89543667012213,4.93502066864973,3.398041180586864
9477,9454,9,0.9,22.901543721065458,2.290154372106546,18.321234976852367,20.611389348958912,-18.733756288652337,1.903109061944703,-18.944632379212557,1.746112625397701,-18.90632195970916,1.7746345850408025,55.178324534389,-29.988032015633674,44.923537078319264,3.047881064596257,18.986600566955275,18.827365142457804,19.022100848614855,GLN_54_A_OE1,GLN_54_C_CG,54.887,-29.808,40.881,55.243,-30.028,45.821,55.178324534389,-29.988032015633674,44.923537078319264,-0.0030292516409144055,-0.0020268577220467813,51.9883874134686,-11.273934718817499,45.236370291035556,55.178324534389,-29.988032015633674,44.923537078319264,4.9576946255290855,3.574319474456644
9504,9602,9,0.9,22.901543721065458,2.290154372106546,18.321234976852367,20.611389348958912,-20.401519816607127,1.9913057222619088,-20.464901331314913,2.180509732790037,-20.43957422214187,2.1049042403571674,55.621755277609466,-31.491819309132808,44.87956552666013,3.0388593586179167,20.54486624398809,20.495653005050634,20.577941465896593,GLN_54_A_NE2,GLN_54_C_HG3,55.39,-31.463,43.737,55.776,-31.511,45.64,55.621755277609466,-31.491819309132808,44.87956552666013,-0.0030292516409144055,-0.0020268577220467813,51.9883874134686,-11.273934718817499,45.236370291035556,55.621755277609466,-31.491819309132808,44.87956552666013,1.9423462616124854,2.6179091370361705
9488,9456,9,0.9,22.901543721065458,2.290154372106546,18.321234976852367,20.611389348958912,-18.628047649266403,1.7553735784479716,-18.757960572629422,1.3889578152014215,-18.738497703139245,1.4438522937074918,54.83748279285398,-29.845778716906054,44.957783415078794,3.0645719509655,18.791177307918414,18.70774616582496,18.806442704969587,GLN_54_A_OE1,GLN_54_C_CG,54.687,-29.714,40.445,54.864,-29.869,45.753,54.83748279285398,-29.845778716906054,44.957783415078794,-0.0030292516409144055,-0.0020268577220467813,51.9883874134686,-11.273934718817499,45.236370291035556,54.83748279285398,-29.845778716906054,44.957783415078794,5.313211646452642,3.8283419330849693
8417,8259,9,0.9,22.901543721065458,2.290154372106546,18.321234976852367,20.611389348958912,-18.249303451190052,1.6939768254337058,-18.345620730555787,1.3739379302965773,-18.242131069363076,1.7178089059339465,55.07179742189498,-29.330064055952334,44.93396947790631,3.0475767536315943,18.320007373666257,18.32492703009784,18.394127901594782,LEU_50_A_HD12,LEU_50_C_CD2,55.054,-29.339,44.989,54.815,-29.459,45.728,55.07179742189498,-29.330064055952334,44.93396947790631,-0.0030292516409144055,-0.0020268577220467813,51.9883874134686,-11.273934718817499,45.236370291035556,55.07179742189498,-29.330064055952334,44.93396947790631,0.7859020295176802,2.6661204763128947
9483,9463,9,0.9,22.901543721065458,2.290154372106546,18.321234976852367,20.611389348958912,-19.45211263914635,1.7384329126613465,-19.523824191606096,1.8199223998498877,-19.513925787939087,1.808674339932862,55.25797302108607,-30.59130405897474,44.91578612465294,3.0490531050650054,19.594737111717546,19.526803241351693,19.605635266048818,GLN_54_A_OE1,GLN_54_C_CG,54.727,-30.537,40.387,55.343,-30.6,45.641,55.25797302108607,-30.59130405897474,44.91578612465294,-0.0030292516409144055,-0.0020268577220467813,51.9883874134686,-11.273934718817499,45.236370291035556,55.25797302108607,-30.59130405897474,44.91578612465294,5.290363031021593,3.451040015695096
9459,9610,9,0.9,22.901543721065458,2.290154372106546,18.321234976852367,20.611389348958912,-20.499982576416695,1.6557525061251788,-20.439140209932017,1.8432394308726576,-20.445820395335147,1.822654310826542,55.3422059392464,-31.519454212184073,44.907717204296134,3.0525706381070385,20.52406322129123,20.563884069339494,20.51925044380057,GLN_54_A_CD,GLN_54_C_HG3,54.752,-31.588,40.665,55.415,-31.511,45.431,55.3422059392464,-31.519454212184073,44.907717204296134,-0.0030292516409144055,-0.0020268577220467813,51.9883874134686,-11.273934718817499,45.236370291035556,55.3422059392464,-31.519454212184073,44.907717204296134,4.812510155833438,3.4091944647086088
9646,9611,9,0.9,22.901543721065458,2.290154372106546,18.321234976852367,20.611389348958912,-20.532488614488308,1.6147903054815815,-20.069684061809195,1.6667826609717815,-20.24609604871551,1.6469641983337862,55.15282295218843,-31.333630028534646,44.92669843830192,3.060312571594681,20.310118779903185,20.59302793350294,20.135927107539224,GLN_54_A_HE21,GLN_54_C_HG3,55.06,-31.622,44.108,55.21,-31.156,45.431,55.15282295218843,-31.333630028534646,44.92669843830192,-0.0030292516409144055,-0.0020268577220467813,51.9883874134686,-11.273934718817499,45.236370291035556,55.15282295218843,-31.333630028534646,44.92669843830192,1.4106682813475326,2.2282348477863976
8525,8260,9,0.9,22.901543721065458,2.290154372106546,18.321234976852367,20.611389348958912,-18.455198904423597,1.3424765712437436,-18.559646331430972,1.06366130205383,-18.460704006392824,1.3277810777170467,54.701353202566644,-29.5775883647484,44.97136777341098,3.069670581856412,18.505516650376524,18.501087923837748,18.587192598664345,LEU_50_A_HD23,LEU_50_C_CD2,54.712,-29.571,44.935,54.51,-29.696,45.625,54.701353202566644,-29.5775883647484,44.97136777341098,-0.0030292516409144055,-0.0020268577220467813,51.9883874134686,-11.273934718817499,45.236370291035556,54.701353202566644,-29.5775883647484,44.97136777341098,0.729745846168376,2.6046673169866312
8521,9455,9,0.9,22.901543721065458,2.290154372106546,18.321234976852367,20.611389348958912,-19.287246327647704,1.3818784568524312,-19.172223126697546,1.4164477880495114,-19.22808888448743,1.399657767708737,54.83060419955479,-30.33731156292604,44.958692931370756,3.0688121852053842,19.27608979216671,19.33381033718546,19.221604099039325,LEU_50_A_HD23,GLN_54_C_CG,54.737,-30.398,44.161,54.919,-30.28,45.712,54.83060419955479,-30.33731156292604,44.958692931370756,-0.0030292516409144055,-0.0020268577220467813,51.9883874134686,-11.273934718817499,45.236370291035556,54.83060419955479,-30.33731156292604,44.958692931370756,1.5660935476528866,2.562556331909571
8519,9590,9,0.9,22.901543721065458,2.290154372106546,18.321234976852367,20.611389348958912,-19.707475683438215,1.1314541150972637,-19.78248758731314,1.0153843932829896,-19.750186378885015,1.065365690688377,54.53837341031881,-30.88325900209115,44.988350070585255,3.0875922312505275,19.775983956821708,19.737020755405634,19.80560773382794,LEU_50_A_HD23,GLN_54_C_HG3,54.523,-30.836,44.21,54.55,-30.919,45.577,54.53837341031881,-30.88325900209115,44.988350070585255,-0.0030292516409144055,-0.0020268577220467813,51.9883874134686,-11.273934718817499,45.236370291035556,54.53837341031881,-30.88325900209115,44.988350070585255,1.3697835595450811,2.551708794112469
9619,9607,9,0.9,22.901543721065458,2.290154372106546,18.321234976852367,20.611389348958912,-20.446262021273615,1.087214773342979,-20.377225540761884,1.0297150924028342,-20.403072993510275,1.0512431348976343,54.57365903945657,-31.53533618307587,44.98508624548722,3.090007687077287,20.42721621630163,20.472230298729777,20.400303083024973,GLN_54_A_HE21,GLN_54_C_HG3,54.538,-31.576,44.24,54.595,-31.511,45.431,54.57365903945657,-31.53533618307587,44.98508624548722,-0.0030292516409144055,-0.0020268577220467813,51.9883874134686,-11.273934718817499,45.236370291035556,54.57365903945657,-31.53533618307587,44.98508624548722,1.1941335771177315,2.2649163661299805
8536,8543,9,0.9,22.901543721065458,2.290154372106546,18.321234976852367,20.611389348958912,-18.832837299771676,0.6644495627627726,-18.858642444810837,0.8412295915428467,-18.83611543350507,0.6869066570691629,54.09388556258194,-30.000524409366495,45.0327023573048,3.105027937058091,18.845682914697605,18.841599240736237,18.874459736100277,LEU_50_A_HD23,LEU_50_C_HD23,54.062,-29.999,44.942,54.313,-30.011,45.656,54.09388556258194,-30.000524409366495,45.0327023573048,-0.0030292516409144055,-0.0020268577220467813,51.9883874134686,-11.273934718817499,45.236370291035556,54.09388556258194,-30.000524409366495,45.0327023573048,0.7569286624246703,2.5228181301305206
8512,8545,9,0.9,22.901543721065458,2.290154372106546,18.321234976852367,20.611389348958912,-19.405864778303496,0.5143429663056178,-19.199282032404685,0.4021440415355074,-19.29519265992143,0.45423488404312284,53.897714177661825,-30.475925897129965,45.05265898397397,3.117946953827986,19.297557973712536,19.409705414299466,19.200507153166228,LEU_50_A_HD23,LEU_50_C_HD23,53.902,-30.582,44.413,53.894,-30.384,45.607,53.897714177661825,-30.475925897129965,45.05265898397397,-0.0030292516409144055,-0.0020268577220467813,51.9883874134686,-11.273934718817499,45.236370291035556,53.897714177661825,-30.475925897129965,45.05265898397397,1.210332185806858,2.6726264679558858
9578,9581,9,0.9,22.901543721065458,2.290154372106546,18.321234976852367,20.611389348958912,-20.11289142096336,0.31748273411654265,-20.097428688474206,0.14413451772271108,-20.105280157276642,0.232155060917676,53.738554370591075,-31.30052330168191,45.06904426487061,3.1299436433939607,20.103614914839326,20.112400225940785,20.0949309995003,GLN_54_A_HG3,GLN_54_C_HG3,53.742,-31.302,44.248,53.735,-31.299,45.916,53.738554370591075,-31.30052330168191,45.06904426487061,-0.0030292516409144055,-0.0020268577220467813,51.9883874134686,-11.273934718817499,45.236370291035556,53.738554370591075,-31.30052330168191,45.06904426487061,1.668017386000517,2.2693790654359645
8531,8558,9,0.9,22.901543721065458,2.290154372106546,18.321234976852367,20.611389348958912,-18.840416367543824,0.06645644310212909,-18.762343937174897,0.01301141647076924,-18.791061640380367,0.032670320457167515,53.441414009360756,-30.005219724391363,45.09838229847684,3.1397458854974363,18.788064427569335,18.83751160097524,18.759320713196992,LEU_50_A_HD23,LEU_50_C_HD23,53.449,-30.052,44.8,53.437,-29.978,45.272,53.441414009360756,-30.005219724391363,45.09838229847684,-0.0030292516409144055,-0.0020268577220467813,51.9883874134686,-11.273934718817499,45.236370291035556,53.441414009360756,-30.005219724391363,45.09838229847684,0.47791631066537266,2.889388322277239
9634,9627,10,1.0,22.901543721065458,2.290154372106546,20.611389348958912,22.901543721065458,-21.80683184239914,-0.003806382636129535,-21.825764333918244,0.09002128686564276,-21.81682582827652,0.04572288312173152,53.682825919223504,-33.021278748371465,45.075413976996636,3.1394036873357742,21.813848837942146,21.803802663376498,21.822929210630267,GLN_54_A_HE21,GLN_54_C_HE21,53.421,-33.016,42.975,53.917,-33.026,46.954,53.682825919223504,-33.021278748371465,45.075413976996636,-0.0030292516409144055,-0.0020268577220467813,51.9883874134686,-11.273934718817499,45.236370291035556,53.682825919223504,-33.021278748371465,45.075413976996636,4.009807601369422,3.148681938203455
9632,9615,10,1.0,22.901543721065458,2.290154372106546,20.611389348958912,22.901543721065458,-21.711979602809812,-0.1584798920974027,-21.624463886278136,-0.14994968103498862,-21.679388226930428,-0.15530319051643265,53.473010056796,-32.899483462109565,45.0964802691319,-3.1345216423375843,21.676900886884386,21.709514110211714,21.621940634955664,GLN_54_A_HE21,GLN_54_C_HE21,53.295,-32.933,43.335,53.773,-32.843,48.065,53.473010056796,-32.899483462109565,45.0964802691319,-0.0030292516409144055,-0.0020268577220467813,51.9883874134686,-11.273934718817499,45.236370291035556,53.473010056796,-32.899483462109565,45.0964802691319,4.754943112172844,3.1989899857527435
9635,9623,10,1.0,22.901543721065458,2.290154372106546,20.611389348958912,22.901543721065458,-21.801323050227488,-0.2056932125144621,-21.865047358597828,-0.09453678704314952,-21.834877305659962,-0.14716341142899364,53.49282586565759,-33.05390733369106,45.09455381832898,-3.134944823534189,21.83233047736767,21.79924522807091,21.862213835655687,GLN_54_A_HE21,GLN_54_C_HE21,53.179,-33.026,42.585,53.775,-33.079,47.351,53.49282586565759,-33.05390733369106,45.09455381832898,-0.0030292516409144055,-0.0020268577220467813,51.9883874134686,-11.273934718817499,45.236370291035556,53.49282586565759,-33.05390733369106,45.09455381832898,4.803413473770499,3.219063917748686
9616,9659,10,1.0,22.901543721065458,2.290154372106546,20.611389348958912,22.901543721065458,-21.74250943080264,-0.2771218478135042,-21.862371107465457,-0.17659618362429766,-21.827265070078305,-0.20603893650119964,53.43384052220136,-33.0507823285966,45.10048990993779,-3.1322449660785274,21.825189345961086,21.74122065831951,21.860038902512244,GLN_54_A_HE21,GLN_54_C_HE21,53.052,-32.973,42.079,53.592,-33.083,46.352,53.43384052220136,-33.0507823285966,45.10048990993779,-0.0030292516409144055,-0.0020268577220467813,51.9883874134686,-11.273934718817499,45.236370291035556,53.43384052220136,-33.0507823285966,45.10048990993779,4.308390534758887,3.324515221283231
9465,9467,10,1.0,22.901543721065458,2.290154372106546,20.611389348958912,22.901543721065458,-21.741256418088426,-0.2925787674188814,-21.613489383855242,-0.3219003794050278,-21.67724957342069,-0.30726787619461965,53.32208397824521,-32.908876447577896,45.11167665585301,-3.1275104473385453,21.676369590787324,21.74016882989424,21.61282735312293,GLN_54_A_CD,GLN_54_C_CD,53.019,-32.973,41.906,53.624,-32.845,48.305,53.32208397824521,-32.908876447577896,45.11167665585301,-0.0030292516409144055,-0.0020268577220467813,51.9883874134686,-11.273934718817499,45.236370291035556,53.32208397824521,-32.908876447577896,45.11167665585301,6.4288109320464555,3.703896219877289
9583,9479,10,1.0,22.901543721065458,2.290154372106546,20.611389348958912,22.901543721065458,-21.363036284803698,-0.4132207825885692,-21.37743162285025,-0.33128731244041565,-21.365700366333407,-0.398057717728206,53.208487378415434,-32.605110393457025,45.12297712634567,-3.1230563245557748,21.36634169895713,21.36396454080119,21.376938255358287,GLN_54_A_HG3,GLN_54_C_CD,53.103,-32.604,44.228,53.673,-32.61,49.064,53.208487378415434,-32.605110393457025,45.12297712634567,-0.0030292516409144055,-0.0020268577220467813,51.9883874134686,-11.273934718817499,45.236370291035556,53.208487378415434,-32.605110393457025,45.12297712634567,4.869479643658035,3.0824573697749265
9448,9664,10,1.0,22.901543721065458,2.290154372106546,20.611389348958912,22.901543721065458,-21.714020441561473,-0.5392046795209093,-21.729208988192223,-0.4617196462664373,-21.72441428841496,-0.4861800163544157,53.14814593831552,-32.96947457086249,45.129212047404195,-3.1193071039209483,21.72678006969291,21.71763565540781,21.731042391122713,GLN_54_A_CG,GLN_54_C_HE21,52.897,-32.964,43.17,53.264,-32.972,46.033,53.14814593831552,-32.96947457086249,45.129212047404195,-0.0030292516409144055,-0.0020268577220467813,51.9883874134686,-11.273934718817499,45.236370291035556,53.14814593831552,-32.96947457086249,45.129212047404195,2.886437596761794,2.972363231985678
9607,9477,10,1.0,22.901543721065458,2.290154372106546,20.611389348958912,22.901543721065458,-21.05914270707675,-0.600098223593116,-21.054873624527108,-0.6842761908955161,-21.058659339647335,-0.6096292849382318,52.97540327738802,-32.31500000000002,45.14631125535453,-3.1127436543769713,21.064395056884976,21.064605460507938,21.062896658646828,GLN_54_A_HG3,GLN_54_C_CD,52.93,-32.315,44.6,53.331,-32.315,49.425,52.97540327738802,-32.31500000000002,45.14631125535453,-0.0030292516409144055,-0.0020268577220467813,51.9883874134686,-11.273934718817499,45.236370291035556,52.97540327738802,-32.31500000000002,45.14631125535453,4.841634641316914,3.272454937080292
9443,9640,10,1.0,22.901543721065458,2.290154372106546,20.611389348958912,22.901543721065458,-21.76000441519586,-0.6587356637702325,-21.863806299234955,-0.6405605576939575,-21.806453982177864,-0.6506026147903383,52.991216273530256,-33.06374828892753,45.14505024874487,-3.1118549143065835,21.813069029663087,21.766883900170182,21.870100557853277,GLN_54_A_CG,GLN_54_C_HE21,52.763,-33.019,42.994,53.273,-33.119,47.801,52.991216273530256,-33.06374828892753,45.14505024874487,-0.0030292516409144055,-0.0020268577220467813,51.9883874134686,-11.273934718817499,45.236370291035556,52.991216273530256,-33.06374828892753,45.14505024874487,4.835012823147425,3.1849509150269366
9574,9468,10,1.0,22.901543721065458,2.290154372106546,20.611389348958912,22.901543721065458,-21.64544051836419,-0.7571403109554391,-21.518523274394454,-0.583314986787244,-21.60502353264179,-0.7017853770997087,52.92522856317341,-32.86677988811398,45.15160557640545,-3.109210739819673,21.613325031143084,21.655580383939025,21.52334497544783,GLN_54_A_HG3,GLN_54_C_CD,52.709,-32.912,43.524,53.388,-32.77,48.635,52.92522856317341,-32.86677988811398,45.15160557640545,-0.0030292516409144055,-0.0020268577220467813,51.9883874134686,-11.273934718817499,45.236370291035556,52.92522856317341,-32.86677988811398,45.15160557640545,5.157860603001981,3.3374410768769667
9429,9644,10,1.0,22.901543721065458,2.290154372106546,20.611389348958912,22.901543721065458,-22.005192338603294,-0.8998768359547082,-22.021717199238108,-0.725350136695434,-22.01389538207884,-0.8079599668890848,52.85076460264923,-33.28252666365353,45.159284768455265,-3.104993765165222,22.025615904862025,22.020474906066454,22.03056548297312,GLN_54_A_CB,GLN_54_C_HE21,52.49,-33.282,42.497,53.175,-33.283,47.552,52.85076460264923,-33.28252666365353,45.159284768455265,-0.0030292516409144055,-0.0020268577220467813,51.9883874134686,-11.273934718817499,45.236370291035556,52.85076460264923,-33.28252666365353,45.159284768455265,5.101200937034336,3.243570700090142
9441,9647,10,1.0,22.901543721065458,2.290154372106546,20.611389348958912,22.901543721065458,-22.16272720194614,-0.9456163923440877,-22.17559531627146,-0.9281830970783638,-22.17108712392096,-0.934290646822951,52.737300446394094,-33.44884695596197,45.170779550213,-3.099563045693405,22.187652097534478,22.17977850337126,22.191900578141222,GLN_54_A_CB,GLN_54_C_HE21,52.354,-33.443,41.482,52.944,-33.452,47.16,52.737300446394094,-33.44884695596197,45.170779550213,-0.0030292516409144055,-0.0020268577220467813,51.9883874134686,-11.273934718817499,45.236370291035556,52.737300446394094,-33.44884695596197,45.170779550213,5.7085781942616824,3.436809989142463
9437,9658,10,1.0,22.901543721065458,2.290154372106546,20.611389348958912,22.901543721065458,-22.156669865460955,-1.0301306896284448,-22.030309165883757,-0.605471700831098,-22.068012415467958,-0.7321805897211774,52.93003168301378,-33.330740475904776,45.15132703099568,-3.10851366182477,22.077060639775468,22.177483850416337,22.035544152552283,GLN_54_A_CB,GLN_54_C_HE21,52.354,-33.443,42.328,53.175,-33.283,46.352,52.93003168301378,-33.330740475904776,45.15132703099568,-0.0030292516409144055,-0.0020268577220467813,51.9883874134686,-11.273934718817499,45.236370291035556,52.93003168301378,-33.330740475904776,45.15132703099568,4.110014233551989,3.08796264992177
9438,9652,10,1.0,22.901543721065458,2.290154372106546,20.611389348958912,22.901543721065458,-22.288602346914896,-1.0994585420554923,-22.178573864708618,-0.886625239312061,-22.214303839063845,-0.9557394204447651,52.719284164990455,-33.49356593479948,45.172612824261286,-3.0986807941409746,22.23174051778661,22.312577719451838,22.193181231695192,GLN_54_A_CB,GLN_54_C_HE21,52.252,-33.58,41.905,52.944,-33.452,46.744,52.719284164990455,-33.49356593479948,45.172612824261286,-0.0030292516409144055,-0.0020268577220467813,51.9883874134686,-11.273934718817499,45.236370291035556,52.719284164990455,-33.49356593479948,45.172612824261286,4.8899048047993725,3.295466523800118
9589,9511,10,1.0,22.901543721065458,2.290154372106546,20.611389348958912,22.901543721065458,-21.655703269214154,-1.2164657382913708,-21.488993625803246,-1.1561690341524822,-21.60628654253542,-1.1985923526425537,52.43244031038565,-32.9057186611374,45.2012269025852,-3.086260992376067,21.636369717681866,21.686704542321078,21.51694005315785,GLN_54_A_HG3,GLN_54_C_NE2,52.27,-32.957,43.728,52.818,-32.784,48.698,52.43244031038565,-32.9057186611374,45.2012269025852,-0.0030292516409144055,-0.0020268577220467813,51.9883874134686,-11.273934718817499,45.236370291035556,52.43244031038565,-32.9057186611374,45.2012269025852,5.003112331339362,3.18476329833232
9442,9657,10,1.0,22.901543721065458,2.290154372106546,20.611389348958912,22.901543721065458,-22.228656741795927,-1.3025068478048727,-21.995425535204973,-1.063823218359214,-22.04684762561417,-1.1164474419866963,52.547201380883244,-33.33878065244223,45.189866327972844,-3.0910808678584725,22.071970046721106,22.2636422342738,22.01801321202221,GLN_54_A_CB,GLN_54_C_HE21,51.961,-33.536,41.081,52.713,-33.283,46.352,52.547201380883244,-33.33878065244223,45.189866327972844,-0.0030292516409144055,-0.0020268577220467813,51.9883874134686,-11.273934718817499,45.236370291035556,52.547201380883244,-33.33878065244223,45.189866327972844,5.330380286621203,3.458252261303206
9436,9663,10,1.0,22.901543721065458,2.290154372106546,20.611389348958912,22.901543721065458,-22.284890815792068,-1.389401260116933,-21.75756583924791,-0.8929503040800466,-21.888027282372907,-1.0157734417015876,52.63508850341225,-33.17278233280112,45.18094627581067,-3.095304211863565,21.908464595714445,22.32501203799042,21.772772141571725,GLN_54_A_CB,GLN_54_C_HE21,52.03,-33.598,42.589,52.834,-33.033,46.033,52.63508850341225,-33.17278233280112,45.18094627581067,-0.0030292516409144055,-0.0020268577220467813,51.9883874134686,-11.273934718817499,45.236370291035556,52.63508850341225,-33.17278233280112,45.18094627581067,3.5814490084322044,2.955009056830933
9435,9648,10,1.0,22.901543721065458,2.290154372106546,20.611389348958912,22.901543721065458,-22.46227927289375,-1.4939101930167324,-22.11998312022119,-0.4729267254639677,-22.25641394111981,-0.8798656043107552,52.79773834683816,-33.52980023716268,45.16473162176669,-3.102165669843321,22.270692198558763,22.50874557595948,22.121966348187662,GLN_54_A_CB,GLN_54_C_HE21,51.895,-33.783,42.154,53.396,-33.362,47.16,52.79773834683816,-33.52980023716268,45.16473162176669,-0.0030292516409144055,-0.0020268577220467813,51.9883874134686,-11.273934718817499,45.236370291035556,52.79773834683816,-33.52980023716268,45.16473162176669,5.243117202580915,3.1650047986244907
9590,9662,10,1.0,22.901543721065458,2.290154372106546,20.611389348958912,22.901543721065458,-21.522830029519366,-1.5273147954367978,-21.54825955049857,-1.2711791653296685,-21.538307546494632,-1.3714194655091714,52.25584523756267,-32.85104321835005,45.21897883361185,-3.0780898118117026,21.578773073348255,21.57378800332747,21.582578534797918,GLN_54_A_HG3,GLN_54_C_HE21,51.971,-32.848,43.953,52.439,-32.853,46.033,52.25584523756267,-32.85104321835005,45.21897883361185,-0.0030292516409144055,-0.0020268577220467813,51.9883874134686,-11.273934718817499,45.236370291035556,52.25584523756267,-32.85104321835005,45.21897883361185,2.132005863031337,2.708396821519686
9526,9638,10,1.0,22.901543721065458,2.290154372106546,20.611389348958912,22.901543721065458,-22.076022201358565,-1.7261886236782094,-21.817109281534258,-1.4774106948950059,-21.95951311412015,-1.6142402148183332,52.04674549844519,-33.289451860642686,45.240220489807335,-3.0682965273617704,22.0155948253076,22.14022925702149,21.863916506828843,GLN_54_A_HB2,GLN_54_C_HE21,51.743,-33.415,43.249,52.418,-33.136,47.674,52.04674549844519,-33.289451860642686,45.240220489807335,-0.0030292516409144055,-0.0020268577220467813,51.9883874134686,-11.273934718817499,45.236370291035556,52.04674549844519,-33.289451860642686,45.240220489807335,4.484873576813506,3.340102231428764
9439,9651,10,1.0,22.901543721065458,2.290154372106546,20.611389348958912,22.901543721065458,-22.49162348113256,-1.8028365247773541,-22.05470452118298,-1.3282298457180588,-22.180934329581664,-1.4653479743735545,52.21118047736431,-33.498942853631014,45.22376097931172,-3.075707119322234,22.226128370379495,22.560580353255204,22.091518656685935,GLN_54_A_CB,GLN_54_C_HE21,51.52,-33.836,41.482,52.492,-33.362,46.744,52.21118047736431,-33.498942853631014,45.22376097931172,-0.0030292516409144055,-0.0020268577220467813,51.9883874134686,-11.273934718817499,45.236370291035556,52.21118047736431,-33.498942853631014,45.22376097931172,5.371973938879449,3.2638622669493813
9545,9646,10,1.0,22.901543721065458,2.290154372106546,20.611389348958912,22.901543721065458,-22.44966366515924,-1.835751929329138,-22.05172597274582,-1.3697877034843615,-22.234701880325183,-1.5840429216979903,52.09748263786986,-33.56155773329196,45.235233475668096,-3.070551943749193,22.28789004584479,22.521410793562325,22.091079575938853,GLN_54_A_HB2,GLN_54_C_HE21,51.634,-33.796,42.974,52.492,-33.362,47.16,52.09748263786986,-33.56155773329196,45.235233475668096,-0.0030292516409144055,-0.0020268577220467813,51.9883874134686,-11.273934718817499,45.236370291035556,52.09748263786986,-33.56155773329196,45.235233475668096,4.295010593700555,3.0423585375947635
9604,9678,10,1.0,22.901543721065458,2.290154372106546,20.611389348958912,22.901543721065458,-20.806487271798336,-1.7323949533138676,-20.82201935003246,-1.2523958630020788,-20.80866232564783,-1.6651776850642364,51.909314501350586,-32.14577916645899,45.253549136347864,-3.0618247452509912,20.872001300419168,20.875297347407873,20.856504294015576,GLN_54_A_HG3,GLN_54_C_HE22,51.776,-32.149,44.6,52.728,-32.126,49.267,51.909314501350586,-32.14577916645899,45.253549136347864,-0.0030292516409144055,-0.0020268577220467813,51.9883874134686,-11.273934718817499,45.236370291035556,51.909314501350586,-32.14577916645899,45.253549136347864,4.763163024713726,3.2218432946896534
9549,9639,10,1.0,22.901543721065458,2.290154372106546,20.611389348958912,22.901543721065458,-22.71586764456062,-2.012204035304473,-21.89994548441176,-1.0748678915868108,-22.300711812723623,-1.5352705905932802,52.1508539324113,-33.62367848818788,45.22988855408164,-3.0729382529639295,22.35033520865405,22.801619243995823,21.92318244208462,GLN_54_A_HB2,GLN_54_C_HE21,51.438,-34.075,42.582,52.839,-33.188,47.786,52.1508539324113,-33.62367848818788,45.22988855408164,-0.0030292516409144055,-0.0020268577220467813,51.9883874134686,-11.273934718817499,45.236370291035556,52.1508539324113,-33.62367848818788,45.22988855408164,5.461793295246535,3.127452939352689
9527,9650,10,1.0,22.901543721065458,2.290154372106546,20.611389348958912,22.901543721065458,-21.94314180169157,-2.037137579520183,-21.77044770058124,-1.6897814969544118,-21.848618680644268,-1.8470142294591112,51.80743657352438,-33.19653115255293,45.26426831152285,-3.057336771096349,21.923360962736812,22.034296320937234,21.832751124251796,GLN_54_A_HB2,GLN_54_C_HE21,51.444,-33.306,43.475,52.108,-33.106,46.744,51.80743657352438,-33.19653115255293,45.26426831152285,-0.0030292516409144055,-0.0020268577220467813,51.9883874134686,-11.273934718817499,45.236370291035556,51.80743657352438,-33.19653115255293,45.26426831152285,3.3417446042449113,2.861426596742938
9594,9471,10,1.0,22.901543721065458,2.290154372106546,20.611389348958912,22.901543721065458,-20.604948869547517,-2.0204666450811652,-20.619977651859333,-1.3513572376713103,-20.60764351939346,-1.9004958101733649,51.66067665385598,-31.963186627364678,45.278496399387116,-3.0497140176918864,20.691890041421864,20.700560164350126,20.661056454390778,GLN_54_A_HG3,GLN_54_C_CD,51.45,-31.97,44.382,52.625,-31.932,49.382,51.66067665385598,-31.963186627364678,45.278496399387116,-0.0030292516409144055,-0.0020268577220467813,51.9883874134686,-11.273934718817499,45.236370291035556,51.66067665385598,-31.963186627364678,45.278496399387116,5.136347827007045,3.2889835065469186
9593,9504,10,1.0,22.901543721065458,2.290154372106546,20.611389348958912,22.901543721065458,-21.318826102078113,-2.164384126678482,-21.278481123828833,-2.01024079791668,-21.30592828936162,-2.115106326264695,51.50048542505995,-32.67573683821599,45.2949360106674,-3.042723957684091,21.407442917165476,21.425195082605832,21.37002048654555,GLN_54_A_HG3,GLN_54_C_NE2,51.301,-32.693,43.794,51.925,-32.639,48.489,51.50048542505995,-32.67573683821599,45.2949360106674,-0.0030292516409144055,-0.0020268577220467813,51.9883874134686,-11.273934718817499,45.236370291035556,51.50048542505995,-32.67573683821599,45.2949360106674,4.736593396102308,2.98666436136786
9540,9656,10,1.0,22.901543721065458,2.290154372106546,20.611389348958912,22.901543721065458,-22.35690158737927,-2.397578790791757,-21.764515727899003,-1.4623614795473345,-21.976308631434502,-1.7967252841778154,51.86696969791686,-33.320039241900965,45.258330254939715,-3.0600971489062165,22.046449808175122,22.48186552460722,21.810430322762212,GLN_54_A_HB2,GLN_54_C_HE21,51.096,-33.746,43.293,52.296,-33.083,46.352,51.86696969791686,-33.320039241900965,45.258330254939715,-0.0030292516409144055,-0.0020268577220467813,51.9883874134686,-11.273934718817499,45.236370291035556,51.86696969791686,-33.320039241900965,45.258330254939715,3.3521709383621827,2.4660426928391237
9548,9513,10,1.0,22.901543721065458,2.290154372106546,20.611389348958912,22.901543721065458,-22.771479840610894,-2.4674604069188755,-21.725445243393366,-1.0253383294877403,-22.28558326091069,-1.797576077282101,51.889477619221,-33.628487583444624,45.256200850311195,-3.061185445763871,22.35478047702297,22.901543721065458,21.746505992618445,GLN_54_A_HB2,GLN_54_C_NE2,50.986,-34.165,42.582,52.931,-33.01,48.339,51.889477619221,-33.628487583444624,45.256200850311195,-0.0030292516409144055,-0.0020268577220467813,51.9883874134686,-11.273934718817499,45.236370291035556,51.889477619221,-33.628487583444624,45.256200850311195,6.185474840301267,2.7435366502108494
9432,9512,10,1.0,22.901543721065458,2.290154372106546,20.611389348958912,22.901543721065458,-22.423369744152076,-2.673699432470702,-21.65472526485263,-1.466994210909038,-22.001164981813456,-2.0108745439779625,51.65638840254829,-33.36106574994873,45.27954551608384,-3.0505262354339773,22.089668277945453,22.578961493983726,21.701199727075732,GLN_54_A_CB,GLN_54_C_NE2,50.649,-33.834,41.551,52.483,-32.973,48.339,51.65638840254829,-33.36106574994873,45.27954551608384,-0.0030292516409144055,-0.0020268577220467813,51.9883874134686,-11.273934718817499,45.236370291035556,51.65638840254829,-33.36106574994873,45.27954551608384,7.083912831197173,2.8797919841376522
9537,9637,10,1.0,22.901543721065458,2.290154372106546,20.611389348958912,22.901543721065458,-21.92479603650511,-2.7000260155470346,-21.626020919069155,-1.7996211046057626,-21.789074247843914,-2.29100746647568,51.36245367317469,-33.1708320689623,45.30904899366322,-3.036910352686445,21.905962403049813,22.087169543098984,21.697583130987205,GLN_54_A_HB2,GLN_54_C_HE21,50.781,-33.338,43.502,52.061,-32.97,47.48,51.36245367317469,-33.1708320689623,45.30904899366322,-0.0030292516409144055,-0.0020268577220467813,51.9883874134686,-11.273934718817499,45.236370291035556,51.36245367317469,-33.1708320689623,45.30904899366322,4.1950337304960925,2.561815211070524
9523,9636,10,1.0,22.901543721065458,2.290154372106546,20.611389348958912,22.901543721065458,-21.51625778945156,-2.7314537333872964,-21.34984870720471,-2.0007689239066404,-21.43633976184559,-2.3805420644633983,51.246992680975175,-32.82590416174707,45.32051895241403,-3.031072025411782,21.5648819615492,21.68568129410912,21.440188215488522,GLN_54_A_HB2,GLN_54_C_HE21,50.724,-32.933,43.558,51.813,-32.71,47.228,51.246992680975175,-32.82590416174707,45.32051895241403,-0.0030292516409144055,-0.0020268577220467813,51.9883874134686,-11.273934718817499,45.236370291035556,51.246992680975175,-32.82590416174707,45.32051895241403,3.834651222732,2.4318985723209052
9547,9515,10,1.0,22.901543721065458,2.290154372106546,20.611389348958912,22.901543721065458,-22.647610497085253,-2.9090650133248666,-21.737041797510575,-1.5558065384084745,-22.184874450549,-2.2213612992426817,51.46143500333706,-33.56021005020252,45.2992575138867,-3.041872673969974,22.292592980441764,22.83041678593845,21.789482156309585,GLN_54_A_HB2,GLN_54_C_NE2,50.534,-34.075,42.582,52.359,-33.062,47.929,51.46143500333706,-33.56021005020252,45.2992575138867,-0.0030292516409144055,-0.0020268577220467813,51.9883874134686,-11.273934718817499,45.236370291035556,51.46143500333706,-33.56021005020252,45.2992575138867,5.739965418014297,2.743304621140467
9542,9645,10,1.0,22.901543721065458,2.290154372106546,20.611389348958912,22.901543721065458,-22.351808285592785,-3.1215172252521746,-21.76746915214408,-1.7313393547207145,-22.025335923862997,-2.344819881813456,51.32690532429564,-33.41049453459664,45.312733156780524,-3.035608545159042,22.146572428236578,22.565441375287122,21.83303382251056,GLN_54_A_HB2,GLN_54_C_HE21,50.338,-33.796,42.974,52.108,-33.106,47.16,51.32690532429564,-33.41049453459664,45.312733156780524,-0.0030292516409144055,-0.0020268577220467813,51.9883874134686,-11.273934718817499,45.236370291035556,51.32690532429564,-33.41049453459664,45.312733156780524,4.596911571914342,2.4924563081605355
9538,9510,10,1.0,22.901543721065458,2.290154372106546,20.611389348958912,22.901543721065458,-21.95458936169835,-3.1243431288460752,-21.36947474376452,-1.5801433186463478,-21.73359562018364,-2.5411095482060997,51.110137732360954,-33.13448176558393,45.33443109106544,-3.0252762419599892,21.878401577966244,22.172502117767195,21.424645727108988,GLN_54_A_HB2,GLN_54_C_NE2,50.337,-33.4,43.293,52.384,-32.697,48.698,51.110137732360954,-33.13448176558393,45.33443109106544,-0.0030292516409144055,-0.0020268577220467813,51.9883874134686,-11.273934718817499,45.236370291035556,51.110137732360954,-33.13448176558393,45.33443109106544,5.822236941245177,2.657918956748245
9536,9470,10,1.0,22.901543721065458,2.290154372106546,20.611389348958912,22.901543721065458,-21.237881647803796,-3.0686267369268028,-21.0796954366011,-1.1468512223763483,-21.187845093220655,-2.4607417341869997,51.14866359749244,-32.58420783596733,45.330310009803824,-3.0260493487142472,21.327018101117606,21.455139037208852,21.10773508214821,GLN_54_A_HB2,GLN_54_C_CD,50.368,-32.681,43.589,52.836,-32.375,49.094,51.14866359749244,-32.58420783596733,45.330310009803824,-0.0030292516409144055,-0.0020268577220467813,51.9883874134686,-11.273934718817499,45.236370291035556,51.14866359749244,-32.58420783596733,45.330310009803824,6.040669251001913,2.978338305804083
9532,9649,10,1.0,22.901543721065458,2.290154372106546,20.611389348958912,22.901543721065458,-21.831993916464725,-3.3114275916901588,-21.36822429179381,-1.9146360612353512,-21.553009105367614,-2.4711750168422753,51.1658846702177,-32.949111346095215,45.32873771696473,-3.0275123874670364,21.690973337490263,22.078401924870267,21.450632463149837,GLN_54_A_HB2,GLN_54_C_HE21,50.13,-33.292,43.192,51.852,-32.722,46.744,51.1658846702177,-32.949111346095215,45.32873771696473,-0.0030292516409144055,-0.0020268577220467813,51.9883874134686,-11.273934718817499,45.236370291035556,51.1658846702177,-32.949111346095215,45.32873771696473,3.988344017258288,2.442277498148048
9519,9514,10,1.0,22.901543721065458,2.290154372106546,20.611389348958912,22.901543721065458,-22.065200006221538,-3.458758917290897,-21.49539019097952,-1.950534216500704,-21.768608148755675,-2.673712479834798,50.981225631008456,-33.179450469034464,45.347427262362935,-3.0194554274019776,21.92893815919803,22.33133168747273,21.580506473992276,GLN_54_A_HB2,GLN_54_C_NE2,49.935,-33.536,42.545,51.945,-32.851,47.929,50.981225631008456,-33.179450469034464,45.347427262362935,-0.0030292516409144055,-0.0020268577220467813,51.9883874134686,-11.273934718817499,45.236370291035556,50.981225631008456,-33.179450469034464,45.347427262362935,5.787640365468469,2.713474191976033
9529,9655,10,1.0,22.901543721065458,2.290154372106546,20.611389348958912,22.901543721065458,-22.011915085523,-3.485260437089895,-21.381812769514884,-1.720631884166657,-21.544425931076802,-2.1760370154970867,51.4580438444921,-32.918168701458505,45.299315270616255,-3.0410107850015824,21.650821948991233,22.282817860793354,21.447750183668226,GLN_54_A_HB2,GLN_54_C_HE21,49.877,-33.485,42.273,52.008,-32.721,46.352,51.4580438444921,-32.918168701458505,45.299315270616255,-0.0030292516409144055,-0.0020268577220467813,51.9883874134686,-11.273934718817499,45.236370291035556,51.4580438444921,-32.918168701458505,45.299315270616255,4.665093568193456,2.506378291409865
9307,9502,10,1.0,22.901543721065458,2.290154372106546,20.611389348958912,22.901543721065458,-21.132571168283654,-3.4775548439019524,-21.097034714763918,-2.3071878695391073,-21.1170164010237,-2.965270018269746,50.642771678476755,-32.55184816348755,45.38121885922554,-3.0021583307108255,21.320911410463534,21.41347324442913,21.21958608853303,GLN_54_A_C,GLN_54_C_NE2,49.956,-32.607,43.647,51.525,-32.481,47.609,50.642771678476755,-32.55184816348755,45.38121885922554,-0.0030292516409144055,-0.0020268577220467813,51.9883874134686,-11.273934718817499,45.236370291035556,50.642771678476755,-32.55184816348755,45.38121885922554,4.263224249321166,2.690750278740932
9311,9704,10,1.0,22.901543721065458,2.290154372106546,20.611389348958912,22.901543721065458,-20.80059894996303,-3.5189492295490865,-20.843990262037604,-2.634247705385092,-20.813912435140438,-3.2475017884543274,50.33988265907871,-32.271022582446534,45.41158366116387,-2.986887945150683,21.062430211238087,21.09283405154518,21.00652856679911,GLN_54_A_C,GLN_54_C_HE22,49.918,-32.279,43.933,51.293,-32.253,48.752,50.33988265907871,-32.271022582446534,45.41158366116387,-0.0030292516409144055,-0.0020268577220467813,51.9883874134686,-11.273934718817499,45.236370291035556,50.33988265907871,-32.271022582446534,45.41158366116387,5.011393219455048,3.011647567178458
9530,9661,10,1.0,22.901543721065458,2.290154372106546,20.611389348958912,22.901543721065458,-21.695596210810436,-3.7285014007482236,-21.16556991524504,-1.476564746243806,-21.275446182993967,-1.9433989332910748,51.668535246703705,-32.63231970269484,45.278000916955044,-3.050582352673888,21.360820387735938,22.01031743973438,21.213848998316745,GLN_54_A_HB2,GLN_54_C_HE21,49.621,-33.188,42.391,52.204,-32.487,46.033,51.668535246703705,-32.63231970269484,45.278000916955044,-0.0030292516409144055,-0.0020268577220467813,51.9883874134686,-11.273934718817499,45.236370291035556,51.668535246703705,-32.63231970269484,45.278000916955044,4.519674103295504,2.8100022960742495
9310,9679,10,1.0,22.901543721065458,2.290154372106546,20.611389348958912,22.901543721065458,-21.02332271528908,-3.820076951218669,-20.996973871526247,-1.5348500027813086,-21.015178099648974,-3.1136969934127174,50.48782748152221,-32.461560358469285,45.396775679982944,-2.994572082248158,21.241301519544315,21.36422813523436,21.049827968343156,GLN_54_A_C,GLN_54_C_HE22,49.618,-32.524,43.782,52.432,-32.322,49.006,50.48782748152221,-32.461560358469285,45.396775679982944,-0.0030292516409144055,-0.0020268577220467813,51.9883874134686,-11.273934718817499,45.236370291035556,50.48782748152221,-32.461560358469285,45.396775679982944,5.937135336170133,3.147531975807005
9305,9503,10,1.0,22.901543721065458,2.290154372106546,20.611389348958912,22.901543721065458,-21.43010442455497,-3.9784899793228212,-21.282551178548673,-2.1913662989762583,-21.35920927482417,-3.1198277381666575,50.50772146484527,-32.80506558330535,45.39492487974096,-2.9966261971632595,21.58256489652499,21.79293026243054,21.391850332002125,GLN_54_A_C,GLN_54_C_NE2,49.406,-32.942,42.945,51.699,-32.657,48.044,50.50772146484527,-32.80506558330535,45.39492487974096,-0.0030292516409144055,-0.0020268577220467813,51.9883874134686,-11.273934718817499,45.236370291035556,50.50772146484527,-32.80506558330535,45.39492487974096,5.598113521535622,2.9297260389036475
9360,9708,10,1.0,22.901543721065458,2.290154372106546,20.611389348958912,22.901543721065458,-20.815532332745452,-3.9694286540447346,-20.85553565292833,-2.783347144694136,-20.828142091924594,-3.5955546323043364,49.99565286023307,-32.311608673622175,45.44625180264921,-2.970717963370017,21.132883539101865,21.18727357435237,21.037175802717798,GLN_54_A_C,GLN_54_C_HE22,49.485,-32.328,44.105,51.105,-32.276,48.36,49.99565286023307,-32.311608673622175,45.44625180264921,-0.0030292516409144055,-0.0020268577220467813,51.9883874134686,-11.273934718817499,45.236370291035556,49.99565286023307,-32.311608673622175,45.44625180264921,4.553254769942048,2.7466600379917163
9353,9716,10,1.0,22.901543721065458,2.290154372106546,20.611389348958912,22.901543721065458,-20.494850134004274,-3.9811569184466764,-20.469879270299135,-2.772639674140078,-20.486580192018657,-3.580915756705256,49.984386262128055,-31.969920328354466,45.44723497176736,-2.968618543480912,20.793852574218064,20.87458260936073,20.653528634709126,GLN_54_A_C,GLN_54_C_HE22,49.479,-32.009,44.405,51.005,-31.891,47.552,49.984386262128055,-31.969920328354466,45.44723497176736,-0.0030292516409144055,-0.0020268577220467813,51.9883874134686,-11.273934718817499,45.236370291035556,49.984386262128055,-31.969920328354466,45.44723497176736,3.4994583866649998,2.5796956649330385
9317,9709,10,1.0,22.901543721065458,2.290154372106546,20.611389348958912,22.901543721065458,-21.270099300700224,-4.405796676433817,-21.139792473530065,-2.421795493457782,-21.207054818327748,-3.4459058531864915,50.1727299091773,-32.67808017086388,45.42858908008543,-2.980582314352,21.48187614637302,21.718228682095422,21.274821732477484,GLN_54_A_C,GLN_54_C_HE22,48.939,-32.815,42.681,51.489,-32.532,48.36,50.1727299091773,-32.67808017086388,45.42858908008543,-0.0030292516409144055,-0.0020268577220467813,51.9883874134686,-11.273934718817499,45.236370291035556,50.1727299091773,-32.67808017086388,45.42858908008543,6.23166350182678,3.095961929493546
9359,9714,10,1.0,22.901543721065458,2.290154372106546,20.611389348958912,22.901543721065458,-20.85266783497936,-4.430264569100835,-20.85851420136549,-2.741789286927833,-20.854745807969007,-3.830130092691327,49.764938609068444,-32.35592670152745,45.46949510351791,-2.960027511885389,21.20019947366131,21.314706619710073,21.034674959615515,GLN_54_A_C,GLN_54_C_HE22,49.026,-32.4,44.105,51.105,-32.276,47.944,49.764938609068444,-32.35592670152745,45.46949510351791,-0.0030292516409144055,-0.0020268577220467813,51.9883874134686,-11.273934718817499,45.236370291035556,49.764938609068444,-32.35592670152745,45.46949510351791,4.367555151340395,2.574280567532108
9365,9705,10,1.0,22.901543721065458,2.290154372106546,20.611389348958912,22.901543721065458,-21.068776103875678,-4.527190193535118,-21.074900069343578,-2.235709444196971,-21.070873491091792,-3.7423845876221122,49.86831004561014,-32.56477696974165,45.45918197372922,-2.965884788528322,21.397297419192608,21.546294197801757,21.189928684520634,GLN_54_A_C,GLN_54_C_HE22,48.909,-32.623,43.744,51.71,-32.453,48.752,49.86831004561014,-32.56477696974165,45.45918197372922,-0.0030292516409144055,-0.0020268577220467813,51.9883874134686,-11.273934718817499,45.236370291035556,49.86831004561014,-32.56477696974165,45.45918197372922,5.740606675256547,2.793788326835902
9352,9507,10,1.0,22.901543721065458,2.290154372106546,20.611389348958912,22.901543721065458,-20.551383944024757,-4.43748123605291,-20.547083147301688,-2.3224205905088033,-20.549734953201956,-3.626534841991873,49.94389598159853,-32.036353077299374,45.451340072590796,-2.966985650277172,20.863944337411294,21.02161116818279,20.674679623708094,GLN_54_A_C,GLN_54_C_NE2,49.026,-32.1,44.405,51.42,-31.934,47.134,49.94389598159853,-32.036353077299374,45.451340072590796,-0.0030292516409144055,-0.0020268577220467813,51.9883874134686,-11.273934718817499,45.236370291035556,49.94389598159853,-32.036353077299374,45.451340072590796,3.6340381120731227,2.234413110554689
9369,9643,10,1.0,22.901543721065458,2.290154372106546,20.611389348958912,22.901543721065458,-21.09113662378253,-4.942633143345212,-21.08569093834434,-2.057359135606462,-21.088048715807506,-3.306574520468526,50.30197528333673,-32.54884952008775,45.41552214194407,-2.9861323587666795,21.342401014404338,21.659128860794763,21.182611136696675,GLN_54_A_C,GLN_54_C_HE21,48.454,-32.677,43.343,51.713,-32.451,46.998,50.30197528333673,-32.54884952008775,45.41552214194407,-0.0030292516409144055,-0.0020268577220467813,51.9883874134686,-11.273934718817499,45.236370291035556,50.30197528333673,-32.54884952008775,45.41552214194407,4.902160952070012,2.4022137004757793
9374,9505,10,1.0,22.901543721065458,2.290154372106546,20.611389348958912,22.901543721065458,-21.101420506190568,-5.0027081326865686,-21.08552339696958,-1.7937537925380767,-21.094668734712606,-3.639810885978536,49.97187038391574,-32.58072416345416,45.44876462135142,-2.9707978412338,21.403054191402372,21.682917855856903,21.158493443455818,GLN_54_A_C,GLN_54_C_NE2,48.352,-32.692,42.92,52.166,-32.43,48.874,49.97187038391574,-32.58072416345416,45.44876462135142,-0.0030292516409144055,-0.0020268577220467813,51.9883874134686,-11.273934718817499,45.236370291035556,49.97187038391574,-32.58072416345416,45.44876462135142,7.075687669760446,3.177149489643613
9364,9665,10,1.0,22.901543721065458,2.290154372106546,20.611389348958912,22.901543721065458,-20.93961913925204,-4.972383995648042,-20.975608261336685,-1.1118340161824547,-20.966458553351007,-2.093322391840338,51.49646543047882,-32.33559272701215,45.295190417886765,-3.0421623943883436,21.067484071403033,21.518486150297665,21.001922346463946,GLN_54_A_C,GLN_54_C_HE21,48.453,-32.528,43.744,52.534,-32.27,45.824,51.49646543047882,-32.33559272701215,45.295190417886765,-0.0030292516409144055,-0.0020268577220467813,51.9883874134686,-11.273934718817499,45.236370291035556,51.49646543047882,-32.33559272701215,45.295190417886765,4.587758167122582,2.28217170357976
9315,9684,10,1.0,22.901543721065458,2.290154372106546,20.611389348958912,22.901543721065458,-20.86605275019115,-5.086266340046108,-20.9312476909152,-2.3364559739084565,-20.906707659729108,-3.3715122434813884,50.223858100836935,-32.37295586794589,45.423307732751304,-2.981776310115472,21.173502373334895,21.473594031150963,21.058012402420108,GLN_54_A_C,GLN_54_C_HE22,48.171,-32.464,42.132,51.463,-32.318,47.41,50.223858100836935,-32.37295586794589,45.423307732751304,-0.0030292516409144055,-0.0020268577220467813,51.9883874134686,-11.273934718817499,45.236370291035556,50.223858100836935,-32.37295586794589,45.423307732751304,6.222207325378992,2.9083922588663613
9314,9642,10,1.0,22.901543721065458,2.290154372106546,20.611389348958912,22.901543721065458,-20.557776787791017,-5.287904893406777,-20.776130373435173,-1.9988244288120733,-20.714029265329327,-2.9342592232445237,50.64310975325966,-32.1476698099524,45.38100629791386,-3.0009488903109136,20.917540682700224,21.22352828544309,20.86885072916573,GLN_54_A_C,GLN_54_C_HE21,47.926,-32.172,41.939,51.723,-32.138,46.749,50.64310975325966,-32.1476698099524,45.38100629791386,-0.0030292516409144055,-0.0020268577220467813,51.9883874134686,-11.273934718817499,45.236370291035556,50.64310975325966,-32.1476698099524,45.38100629791386,6.12816979203416,2.725367166655856
9373,9654,10,1.0,22.901543721065458,2.290154372106546,20.611389348958912,22.901543721065458,-20.85845421157788,-5.388355198832565,-20.924334714417462,-1.788613221740222,-20.90545097272981,-2.820429839824125,50.77049363805379,-32.32990698070916,45.3682643167763,-3.0075648035830578,21.09157720929781,21.53976051997357,20.997450157171453,GLN_54_A_C,GLN_54_C_HE21,47.947,-32.479,42.92,51.905,-32.27,46.352,50.77049363805379,-32.32990698070916,45.3682643167763,-0.0030292516409144055,-0.0020268577220467813,51.9883874134686,-11.273934718817499,45.236370291035556,50.77049363805379,-32.32990698070916,45.3682643167763,5.242906541223099,2.4769165574834373
9350,9713,10,1.0,22.901543721065458,2.290154372106546,20.611389348958912,22.901543721065458,-20.142109648844844,-5.242545856258793,-20.45629079257806,-2.9666438512087723,-20.24304287197451,-4.511394004917781,49.04286768415395,-31.79765486963452,45.541932256377606,-2.9223782652152708,20.736261558427007,20.80974768273436,20.666999336624773,GLN_54_A_C,GLN_54_C_HE22,48.188,-31.753,44.405,50.849,-31.892,47.944,49.04286768415395,-31.79765486963452,45.541932256377606,-0.0030292516409144055,-0.0020268577220467813,51.9883874134686,-11.273934718817499,45.236370291035556,49.04286768415395,-31.79765486963452,45.541932256377606,4.429984537219061,2.2843264425115968
9517,9703,10,1.0,22.901543721065458,2.290154372106546,20.611389348958912,22.901543721065458,-20.054097493957606,-5.434659765016162,-20.461287303653485,-2.892518110004414,-20.272447668192562,-4.071469773310974,49.48153799845228,-31.793609735060894,45.49777386153413,-2.943459105650369,20.673889053307796,20.773994270805407,20.66144385570036,GLN_54_A_HA,GLN_54_C_HE22,47.72,-31.681,41.735,51.005,-31.891,48.752,49.48153799845228,-31.793609735060894,45.49777386153413,-0.0030292516409144055,-0.0020268577220467813,51.9883874134686,-11.273934718817499,45.236370291035556,49.48153799845228,-31.793609735060894,45.49777386153413,7.750716999091121,2.9674335091682926
9367,9699,10,1.0,22.901543721065458,2.290154372106546,20.611389348958912,22.901543721065458,-20.539816079595546,-5.677022650856681,-20.755791815833877,-2.3322870656525785,-20.62220932021777,-4.401029297671216,49.180990050808305,-32.16735878527679,45.52819214474777,-2.9313987472568144,21.083211547747553,21.306458890884393,20.883181431056748,GLN_54_A_C,GLN_54_C_HE22,47.676,-32.183,43.343,51.621,-32.142,49.071,49.180990050808305,-32.16735878527679,45.52819214474777,-0.0030292516409144055,-0.0020268577220467813,51.9883874134686,-11.273934718817499,45.236370291035556,49.180990050808305,-32.16735878527679,45.52819214474777,6.955191586146275,2.7172373928200666
9372,9660,10,1.0,22.901543721065458,2.290154372106546,20.611389348958912,22.901543721065458,-20.529431380547734,-5.705590162423189,-20.732819980934206,-1.4436488234635387,-20.68679964407094,-2.407989871770602,51.16316708621444,-32.08060469901781,45.328627638996856,-3.0257917714457814,20.823232594189946,21.30407986110463,20.779857977676425,GLN_54_A_C,GLN_54_C_HE21,47.604,-32.175,42.92,52.204,-32.053,46.033,51.16316708621444,-32.08060469901781,45.328627638996856,-0.0030292516409144055,-0.0020268577220467813,51.9883874134686,-11.273934718817499,45.236370291035556,51.16316708621444,-32.08060469901781,45.328627638996856,5.555686546233509,2.29569255177707
9379,9698,10,1.0,22.901543721065458,2.290154372106546,20.611389348958912,22.901543721065458,-19.947821188944584,-5.726267523581301,-20.446771338143172,-2.6370736089789912,-20.19221724821255,-4.213116720327655,49.33495180482001,-31.724353354862693,45.51249865448892,-2.935959492094412,20.62369001395851,20.74997967765295,20.612861564584705,GLN_54_A_C,GLN_54_C_HE22,47.456,-31.597,42.096,51.292,-31.857,49.071,49.33495180482001,-31.724353354862693,45.51249865448892,-0.0030292516409144055,-0.0020268577220467813,51.9883874134686,-11.273934718817499,45.236370291035556,49.33495180482001,-31.724353354862693,45.51249865448892,7.964491258077945,2.8419496137997244
9371,9707,10,1.0,22.901543721065458,2.290154372106546,20.611389348958912,22.901543721065458,-20.13388578663404,-5.934944040091623,-20.4533122441409,-3.008201708975075,-20.287894800270646,-4.523837699365035,49.03390883538417,-31.84332137818151,45.54285422667327,-2.9222631567588264,20.782746296232975,20.98692190687647,20.67005470988503,GLN_54_A_C,GLN_54_C_HE22,47.344,-31.798,42.92,50.849,-31.892,48.36,49.03390883538417,-31.84332137818151,45.54285422667327,-0.0030292516409144055,-0.0020268577220467813,51.9883874134686,-11.273934718817499,45.236370291035556,49.03390883538417,-31.84332137818151,45.54285422667327,6.472052302013632,2.643419413337746
9707,9527,10,1.0,22.901543721065458,2.290154372106546,20.611389348958912,22.901543721065458,-20.70795130310156,3.2487415276243476,-21.253338823312426,3.612365206900068,-21.03174371475754,3.464622133037515,57.01544744514155,-31.979157880266204,44.739491564393134,2.97820903448559,21.312542954711542,20.958561311603162,21.555497834396615,GLN_54_A_HE22,GLN_54_C_HB2,56.474,-31.674,41.755,57.386,-32.188,46.782,57.01544744514155,-31.979157880266204,44.739491564393134,-0.0030292516409144055,-0.0020268577220467813,51.9883874134686,-11.273934718817499,45.236370291035556,57.01544744514155,-31.979157880266204,44.739491564393134,5.13484848851453,2.7566675334124593
9709,9427,10,1.0,22.901543721065458,2.290154372106546,20.611389348958912,22.901543721065458,-20.69798200426035,3.1332096149337865,-20.719910966788174,3.1939330752318287,-20.71260348454621,3.1736979360985846,56.702723815102495,-31.683001485661265,44.77083954764095,2.989432214564982,20.951651316168427,20.93109593816392,20.96195000214554,GLN_54_A_HE22,GLN_54_C_CB,56.318,-31.673,41.363,56.895,-31.688,46.474,56.702723815102495,-31.683001485661265,44.77083954764095,-0.0030292516409144055,-0.0020268577220467813,51.9883874134686,-11.273934718817499,45.236370291035556,56.702723815102495,-31.683001485661265,44.77083954764095,5.143488602106549,2.7934363478362827
9706,9522,10,1.0,22.901543721065458,2.290154372106546,20.611389348958912,22.901543721065458,-21.071515796504716,2.96563943178755,-21.359784821264874,3.19278730441763,-21.24623944995488,3.103316749745597,56.67319099337936,-32.220438330526875,44.77404971773976,2.9964402111900785,21.468980843304852,21.276469831647326,21.594393855611514,GLN_54_A_HE22,GLN_54_C_HB2,56.218,-32.058,41.755,56.969,-32.326,46.736,56.67319099337936,-32.220438330526875,44.77404971773976,-0.0030292516409144055,-0.0020268577220467813,51.9883874134686,-11.273934718817499,45.236370291035556,56.67319099337936,-32.220438330526875,44.77404971773976,5.044421275032444,2.843788493615834
9699,9519,10,1.0,22.901543721065458,2.290154372106546,20.611389348958912,22.901543721065458,-21.06853724806756,2.9240815740212476,-21.423209631215496,2.906409140597535,-21.274854523589244,2.91380130273692,56.48733277894009,-32.26334442973189,44.79277718074084,3.005366965264281,21.47073832595482,21.267762874873185,21.616732580337693,GLN_54_A_HE22,GLN_54_C_HB2,56.218,-32.058,42.171,56.681,-32.411,46.678,56.48733277894009,-32.26334442973189,44.79277718074084,-0.0030292516409144055,-0.0020268577220467813,51.9883874134686,-11.273934718817499,45.236370291035556,56.48733277894009,-32.26334442973189,44.79277718074084,4.544450131754113,2.684926008800886
9687,9585,10,1.0,22.901543721065458,2.290154372106546,20.611389348958912,22.901543721065458,-20.627066832586802,2.6797458254506394,-20.507958823125715,2.690815775557016,-20.55657301227275,2.6862975517133396,56.20739131467784,-31.564386409137462,44.820647384585335,3.011534809905788,20.728609438420467,20.7976640723058,20.680994612908663,GLN_54_A_HE22,GLN_54_C_HG3,56.018,-31.636,42.951,56.338,-31.515,46.11,56.20739131467784,-31.564386409137462,44.820647384585335,-0.0030292516409144055,-0.0020268577220467813,51.9883874134686,-11.273934718817499,45.236370291035556,56.20739131467784,-31.564386409137462,44.820647384585335,3.1774710069487644,2.6920233009695607
9685,9520,10,1.0,22.901543721065458,2.290154372106546,20.611389348958912,22.901543721065458,-21.264570370539097,2.599827067918214,-21.189881369756897,2.648360878783636,-21.220153394309463,2.628689753199403,56.20034255083009,-32.23042461324753,44.82165111147722,3.0182319937653435,21.379593699890243,21.420148799692495,21.3519848685956,GLN_54_A_HE22,GLN_54_C_HB2,55.925,-32.278,42.34,56.388,-32.198,46.513,56.20034255083009,-32.23042461324753,44.82165111147722,-0.0030292516409144055,-0.0020268577220467813,51.9883874134686,-11.273934718817499,45.236370291035556,56.20034255083009,-32.23042461324753,44.82165111147722,4.199368762087936,2.4660279440363415
9718,9586,10,1.0,22.901543721065458,2.290154372106546,20.611389348958912,22.901543721065458,-20.550844319416264,2.468009883498289,-20.545039977697325,2.401858861028739,-20.546235788097167,2.4154872937537597,55.93793916617494,-31.574618059958112,44.84777499060662,3.0244519167137605,20.68496336646707,20.695743174925468,20.68218729289121,GLN_54_A_HE22,GLN_54_C_HG3,55.587,-31.577,40.835,56.029,-31.574,45.889,55.93793916617494,-31.574618059958112,44.84777499060662,-0.0030292516409144055,-0.0020268577220467813,51.9883874134686,-11.273934718817499,45.236370291035556,55.93793916617494,-31.574618059958112,44.84777499060662,5.073291732199127,3.10340135515951
9501,9541,10,1.0,22.901543721065458,2.290154372106546,20.611389348958912,22.901543721065458,-21.383960495589914,2.3598615203706292,-21.619852081756015,2.1567953881804995,-21.508437955047032,2.2527057008365965,55.84909482611212,-32.546394628814795,44.85714731879129,3.0371294009521974,21.62328426514252,21.510991087559024,21.7243536787171,GLN_54_A_NE2,GLN_54_C_HB2,55.752,-32.415,42.92,55.936,-32.664,46.591,55.84909482611212,-32.546394628814795,44.85714731879129,-0.0030292516409144055,-0.0020268577220467813,51.9883874134686,-11.273934718817499,45.236370291035556,55.84909482611212,-32.546394628814795,44.85714731879129,3.6840328445875716,2.5406215424635152
9683,9587,10,1.0,22.901543721065458,2.290154372106546,20.611389348958912,22.901543721065458,-21.35289093592174,2.262639460119461,-21.218178895152885,2.205076623272349,-21.256707787281396,2.221540128084802,55.79916831146178,-32.29775322333431,44.86206309989083,3.037351534774822,21.369677148630842,21.469636873247026,21.329647914872474,GLN_54_A_HE22,GLN_54_C_HG3,55.515,-32.392,41.557,55.913,-32.26,46.186,55.79916831146178,-32.29775322333431,44.86206309989083,-0.0030292516409144055,-0.0020268577220467813,51.9883874134686,-11.273934718817499,45.236370291035556,55.79916831146178,-32.29775322333431,44.86206309989083,4.647953205444304,2.8402425744233106
9647,9601,10,1.0,22.901543721065458,2.290154372106546,20.611389348958912,22.901543721065458,-21.156413450569417,2.132224361892135,-20.924776708313857,2.278133762974129,-21.04152411152309,2.2045938594412817,55.76610827721404,-32.08447460702305,44.8652967191771,3.0370898286550463,21.153898954062893,21.26077823918736,21.04563254209705,GLN_54_A_HE21,GLN_54_C_HG3,55.594,-32.205,43.789,55.941,-31.962,45.959,55.76610827721404,-32.08447460702305,44.8652967191771,-0.0030292516409144055,-0.0020268577220467813,51.9883874134686,-11.273934718817499,45.236370291035556,55.76610827721404,-32.08447460702305,44.8652967191771,2.210963138543926,2.326559462260454
9682,9600,10,1.0,22.901543721065458,2.290154372106546,20.611389348958912,22.901543721065458,-21.163952332686648,2.0485203055074517,-21.263988386890656,1.9649529249609905,-21.241293362388,1.9839117270070703,55.562252620234794,-32.300405681261076,44.885912234276404,3.048356190224701,21.330912181624196,21.26004255194619,21.351753858084898,GLN_54_A_HE22,GLN_54_C_HG3,55.253,-32.22,41.229,55.653,-32.324,45.959,55.562252620234794,-32.300405681261076,44.885912234276404,-0.0030292516409144055,-0.0020268577220467813,51.9883874134686,-11.273934718817499,45.236370291035556,55.562252620234794,-32.300405681261076,44.885912234276404,4.748022325137071,3.0243682483785306
9694,9606,10,1.0,22.901543721065458,2.290154372106546,20.611389348958912,22.901543721065458,-20.722643052053307,1.9972934346396303,-20.871488536651054,2.0278465954718823,-20.847819497428652,2.022988107731655,55.57131089170151,-31.905101477701972,44.88482581671237,3.0447492529950733,20.94292162047118,20.815851596071894,20.966949686735727,GLN_54_A_HE22,GLN_54_C_HG3,55.134,-31.784,40.891,55.654,-31.928,45.64,55.57131089170151,-31.905101477701972,44.88482581671237,-0.0030292516409144055,-0.0020268577220467813,51.9883874134686,-11.273934718817499,45.236370291035556,55.57131089170151,-31.905101477701972,44.88482581671237,4.779554058696275,3.288323418705786
9651,9588,10,1.0,22.901543721065458,2.290154372106546,20.611389348958912,22.901543721065458,-21.598337332680206,1.9958325119964482,-21.467875101187047,1.9141958365947522,-21.54133419949048,1.9601628302208955,55.56134606367304,-32.601383490937096,44.886136434056,3.0507411181148565,21.627500280846853,21.68752575044403,21.550209204529608,GLN_54_A_HE21,GLN_54_C_HG3,55.491,-32.656,43.789,55.652,-32.531,46.3,55.56134606367304,-32.601383490937096,44.886136434056,-0.0030292516409144055,-0.0020268577220467813,51.9883874134686,-11.273934718817499,45.236370291035556,55.56134606367304,-32.601383490937096,44.886136434056,2.519259216515835,2.301608677308601
9663,9605,10,1.0,22.901543721065458,2.290154372106546,20.611389348958912,22.901543721065458,-21.048874224355192,1.8417172710532705,-21.130826267617422,1.6798294623188514,-21.117702810843554,1.7057534975908621,55.27695925720163,-32.198267505541864,44.914584783744566,3.0608871228833547,21.183624648621485,21.126452211100574,21.19463251461481,GLN_54_A_HE22,GLN_54_C_HG3,55.025,-32.121,41.11,55.325,-32.213,45.64,55.27695925720163,-32.198267505541864,44.914584783744566,-0.0030292516409144055,-0.0020268577220467813,51.9883874134686,-11.273934718817499,45.236370291035556,55.27695925720163,-32.198267505541864,44.914584783744566,4.540854985572652,3.126237855213983
9655,9521,10,1.0,22.901543721065458,2.290154372106546,20.611389348958912,22.901543721065458,-21.977484543133063,1.906582906948238,-22.106812031275542,1.843227605636935,-22.025889600794667,1.882870105770477,55.521250423233155,-33.090405332950525,44.890388473276694,3.056212527950122,22.103375636343692,22.057186506705293,22.180671252327297,GLN_54_A_HE21,GLN_54_C_HB2,55.391,-33.041,43.397,55.739,-33.173,47.387,55.521250423233155,-33.090405332950525,44.890388473276694,-0.0030292516409144055,-0.0020268577220467813,51.9883874134686,-11.273934718817499,45.236370291035556,55.521250423233155,-33.090405332950525,44.890388473276694,4.007321798907597,2.531321847269136
9515,9589,10,1.0,22.901543721065458,2.290154372106546,20.611389348958912,22.901543721065458,-21.52618637520357,1.7466097182635916,-21.604381116520095,1.5981262136433183,-21.579607817691773,1.645168075654796,55.25172874547673,-32.663437059554454,44.91732996141588,3.0653986415442085,21.639362138600752,21.594073780563978,21.66053767204589,GLN_54_A_NE2,GLN_54_C_HG3,55.001,-32.604,41.457,55.368,-32.691,46.522,55.25172874547673,-32.663437059554454,44.91732996141588,-0.0030292516409144055,-0.0020268577220467813,51.9883874134686,-11.273934718817499,45.236370291035556,55.25172874547673,-32.663437059554454,44.91732996141588,5.079023823531445,2.7524206438255256
9650,9542,10,1.0,22.901543721065458,2.290154372106546,20.611389348958912,22.901543721065458,-21.937549011257012,1.6826516739833162,-21.76431679967052,1.7206011763579085,-21.875717514934152,1.6961969291933006,55.32471258481895,-32.95482367298256,44.91011210825896,3.064106810887287,21.93851535299622,21.999120410602284,21.82936286499967,GLN_54_A_HE21,GLN_54_C_HB2,55.203,-33.018,43.789,55.544,-32.841,46.93,55.32471258481895,-32.95482367298256,44.91011210825896,-0.0030292516409144055,-0.0020268577220467813,51.9883874134686,-11.273934718817499,45.236370291035556,55.32471258481895,-32.95482367298256,44.91011210825896,3.164410055602779,2.3813021880883083
9512,9518,10,1.0,22.901543721065458,2.290154372106546,20.611389348958912,22.901543721065458,-21.791345908814943,1.5915951972205042,-21.799804687899478,1.6590437877181716,-21.796349131496154,1.6314898811247498,55.2545237730172,-32.88059148284066,44.91714453343818,3.0667776251707783,21.854454198670492,21.8465185786497,21.859976557806,GLN_54_A_NE2,GLN_54_C_HB2,54.902,-32.88,41.816,55.498,-32.881,47.059,55.2545237730172,-32.88059148284066,44.91714453343818,-0.0030292516409144055,-0.0020268577220467813,51.9883874134686,-11.273934718817499,45.236370291035556,55.2545237730172,-32.88059148284066,44.91714453343818,5.27676662360578,2.8146522853202582
9659,9438,10,1.0,22.901543721065458,2.290154372106546,20.611389348958912,22.901543721065458,-22.206731539095543,1.5477574257742783,-22.255325159352445,1.625352468579366,-22.22295619032255,1.5736651992597923,55.229367003323866,-33.31035537557503,44.9198666491016,3.070797697148987,22.275725770865144,22.257722852872664,22.311724196843876,GLN_54_A_HE21,GLN_54_C_CB,55.007,-33.297,42.981,55.673,-33.337,48.788,55.229367003323866,-33.31035537557503,44.9198666491016,-0.0030292516409144055,-0.0020268577220467813,51.9883874134686,-11.273934718817499,45.236370291035556,55.229367003323866,-33.31035537557503,44.9198666491016,5.8452035892687215,2.755205014358003
9654,9441,10,1.0,22.901543721065458,2.290154372106546,20.611389348958912,22.901543721065458,-22.203752990658383,1.5061995680079754,-22.265609041760477,1.5652774792380089,-22.222775378721124,1.524367603848139,55.18044506602398,-33.31391396920449,44.924792709232484,3.0730050027638507,22.27211256266922,22.251896132407328,22.31768137141701,GLN_54_A_HE21,GLN_54_C_CB,55.007,-33.297,43.397,55.571,-33.352,48.365,55.18044506602398,-33.31391396920449,44.924792709232484,-0.0030292516409144055,-0.0020268577220467813,51.9883874134686,-11.273934718817499,45.236370291035556,55.18044506602398,-33.31391396920449,44.924792709232484,5.0002144953991765,2.6896505364749173
9498,9429,10,1.0,22.901543721065458,2.290154372106546,20.611389348958912,22.901543721065458,-21.975620139313992,1.413890953112329,-21.903985457183243,1.4177355510945329,-21.9394744081313,1.4158308766387098,55.051374633008884,-33.039660766713034,44.937663813883894,3.0770476364996533,21.982218874776887,22.01816462750908,21.94692707452621,GLN_54_A_NE2,GLN_54_C_CB,54.79,-33.077,42.333,55.308,-33.003,47.495,55.051374633008884,-33.039660766713034,44.937663813883894,-0.0030292516409144055,-0.0020268577220467813,51.9883874134686,-11.273934718817499,45.236370291035556,55.051374633008884,-33.039660766713034,44.937663813883894,5.1884529486158,2.9828718078408074
9638,9608,10,1.0,22.901543721065458,2.290154372106546,20.611389348958912,22.901543721065458,-20.735683755527376,1.2789883864334841,-20.7466816888847,1.2061718623037105,-20.742072560262002,1.236688570731303,54.783236382789596,-31.859294553115856,44.96413326069026,3.0819348617468485,20.776003784884846,20.77219205652794,20.77880796831815,GLN_54_A_HE21,GLN_54_C_HG3,54.76,-31.85,44.317,54.8,-31.866,45.431,54.783236382789596,-31.859294553115856,44.96413326069026,-0.0030292516409144055,-0.0020268577220467813,51.9883874134686,-11.273934718817499,45.236370291035556,54.783236382789596,-31.859294553115856,44.96413326069026,1.1148327228781876,2.2871100857509643
9468,9604,10,1.0,22.901543721065458,2.290154372106546,20.611389348958912,22.901543721065458,-21.02748060542697,1.2067352651888503,-21.15918311867311,1.2485988045052423,-21.14076628221916,1.242744747980654,54.81934837972328,-32.25638058381728,44.960673620509546,3.082771991288479,21.174356734603357,21.0591704631854,21.193086396100092,GLN_54_A_CD,GLN_54_C_HG3,54.354,-32.148,40.782,54.895,-32.274,45.64,54.81934837972328,-32.25638058381728,44.960673620509546,-0.0030292516409144055,-0.0020268577220467813,51.9883874134686,-11.273934718817499,45.236370291035556,54.81934837972328,-32.25638058381728,44.960673620509546,4.889654486771028,3.195017446828132
9649,9437,10,1.0,22.901543721065458,2.290154372106546,20.611389348958912,22.901543721065458,-22.10548706967531,1.2537761567765158,-22.026107568598658,1.2226941097039847,-22.08699556890815,1.246535575902472,54.894554969993756,-33.19959690422856,44.95351994634933,3.0851157217055425,22.11923317958496,22.138104770038773,22.057105884564894,GLN_54_A_HE21,GLN_54_C_CB,54.786,-33.218,43.789,55.252,-33.139,48.788,54.894554969993756,-33.19959690422856,44.95351994634933,-0.0030292516409144055,-0.0020268577220467813,51.9883874134686,-11.273934718817499,45.236370291035556,54.894554969993756,-33.19959690422856,44.95351994634933,5.0212944546202385,2.7421275789749204
9511,9449,10,1.0,22.901543721065458,2.290154372106546,20.611389348958912,22.901543721065458,-21.79441278543319,1.144326923435751,-21.75219361612068,1.1104183440293423,-21.770671374484504,1.12525886663873,54.75035172301347,-32.8933818361166,44.967900203966835,3.089851653139752,21.796812076368926,21.82151514694633,21.777595938947353,GLN_54_A_NE2,GLN_54_C_CG,54.454,-32.917,41.816,54.981,-32.875,47.421,54.75035172301347,-32.8933818361166,44.967900203966835,-0.0030292516409144055,-0.0020268577220467813,51.9883874134686,-11.273934718817499,45.236370291035556,54.75035172301347,-32.8933818361166,44.967900203966835,5.629877263315779,3.1385421358889136
9636,9603,10,1.0,22.901543721065458,2.290154372106546,20.611389348958912,22.901543721065458,-21.073667051066387,1.0414902809475923,-20.94987682992377,0.8703699432556203,-21.01420658213776,0.9592956178435637,54.52858171137519,-32.15168309022995,44.98989598308432,3.0958716302626796,21.033157483259906,21.09646191410481,20.965006550110363,GLN_54_A_HE21,GLN_54_C_HG3,54.555,-32.205,44.389,54.5,-32.094,45.64,54.52858171137519,-32.15168309022995,44.98989598308432,-0.0030292516409144055,-0.0020268577220467813,51.9883874134686,-11.273934718817499,45.236370291035556,54.52858171137519,-32.15168309022995,44.98989598308432,1.2571185306087862,2.107907077552133
9653,9440,10,1.0,22.901543721065458,2.290154372106546,20.611389348958912,22.901543721065458,-22.25936518670866,1.050943196393579,-22.022642747147792,1.1796304130920046,-22.184493841263127,1.091644809108138,54.74824907326946,-33.308561750947945,44.968295247140205,3.0923268940235453,22.20841032256679,22.281230558240093,22.05129684161855,GLN_54_A_HE21,GLN_54_C_CB,54.555,-33.387,43.397,55.166,-33.139,48.365,54.74824907326946,-33.308561750947945,44.968295247140205,-0.0030292516409144055,-0.0020268577220467813,51.9883874134686,-11.273934718817499,45.236370291035556,54.74824907326946,-33.308561750947945,44.968295247140205,5.0115715100155995,2.8326673438253973
9661,9434,10,1.0,22.901543721065458,2.290154372106546,20.611389348958912,22.901543721065458,-22.079195405642178,0.9153030751127289,-21.902655444141086,1.13427224430386,-22.00001197907753,1.0135172640200998,54.656809081929055,-33.130536696797655,44.977420972064955,3.095457984360346,22.02041277938154,22.095216818686023,21.929085777124964,GLN_54_A_HE21,GLN_54_C_CB,54.324,-33.218,42.589,55.066,-33.023,47.914,54.656809081929055,-33.130536696797655,44.977420972064955,-0.0030292516409144055,-0.0020268577220467813,51.9883874134686,-11.273934718817499,45.236370291035556,54.656809081929055,-33.130536696797655,44.977420972064955,5.379982713726879,3.111814030614892
9639,9595,10,1.0,22.901543721065458,2.290154372106546,20.611389348958912,22.901543721065458,-21.412681382602884,0.8183775877654202,-21.321025716549673,0.790322326413483,-21.375056438255914,0.8068608131626002,54.40459692579444,-32.523054711868454,45.00254034644147,3.10376274816466,21.387329083584042,21.425365056936137,21.33271643526587,GLN_54_A_HE21,GLN_54_C_HG3,54.35,-32.56,44.317,54.483,-32.47,45.987,54.40459692579444,-32.523054711868454,45.00254034644147,-0.0030292516409144055,-0.0020268577220467813,51.9883874134686,-11.273934718817499,45.236370291035556,54.40459692579444,-32.523054711868454,45.00254034644147,1.6777034898932544,2.182548724046316
9648,9430,10,1.0,22.901543721065458,2.290154372106546,20.611389348958912,22.901543721065458,-22.070603438996528,0.7954246392483929,-21.826890156510196,0.9395207393942199,-22.007386727667694,0.8328016811297231,54.47807747229136,-33.15159624089802,44.9954214202477,3.1036716036990923,22.02018816045987,22.08197815877156,21.844162073028055,GLN_54_A_HE21,GLN_54_C_CB,54.324,-33.218,43.789,54.918,-32.962,48.44,54.47807747229136,-33.15159624089802,44.9954214202477,-0.0030292516409144055,-0.0020268577220467813,51.9883874134686,-11.273934718817499,45.236370291035556,54.47807747229136,-33.15159624089802,44.9954214202477,4.695761173654381,2.790552561270957
9657,9435,10,1.0,22.901543721065458,2.290154372106546,20.611389348958912,22.901543721065458,-22.138474391620175,0.6508964477538915,-21.706535475446618,0.7312468761074247,-21.96317228244517,0.683506613302922,54.32662296736564,-33.11883215485753,45.01065237712433,3.110385620310751,21.970840631921128,22.145072598387777,21.71588986837742,GLN_54_A_HE21,GLN_54_C_CB,54.103,-33.297,42.981,54.654,-32.858,47.982,54.32662296736564,-33.11883215485753,45.01065237712433,-0.0030292516409144055,-0.0020268577220467813,51.9883874134686,-11.273934718817499,45.236370291035556,54.32662296736564,-33.11883215485753,45.01065237712433,5.050378500667052,2.8559905557056986
9508,9432,10,1.0,22.901543721065458,2.290154372106546,20.611389348958912,22.901543721065458,-21.68016659614748,0.6181515348972124,-21.632419829912063,0.5971792175535724,-21.657719157729915,0.6082917090040052,54.22893859611371,-32.819963372199155,45.020353283907994,3.1134159840018545,21.663288847304866,21.686007117292778,21.63768898722902,GLN_54_A_NE2,GLN_54_C_CB,53.921,-32.843,41.846,54.576,-32.794,48.598,54.22893859611371,-32.819963372199155,45.020353283907994,-0.0030292516409144055,-0.0020268577220467813,51.9883874134686,-11.273934718817499,45.236370291035556,54.22893859611371,-32.819963372199155,45.020353283907994,6.783872787722367,3.5207282886301217
9614,9436,10,1.0,22.901543721065458,2.290154372106546,20.611389348958912,22.901543721065458,-21.8529701995117,0.5790570909765442,-21.69420957492919,0.5318545015717685,-21.77411963191336,0.5556132995675233,54.18546509448183,-32.94002386992688,45.02478236418745,3.115984461905425,21.77823084851048,21.85766634343373,21.697749494433975,GLN_54_A_HE21,GLN_54_C_CB,53.957,-33.018,42.462,54.417,-32.861,47.622,54.18546509448183,-32.94002386992688,45.02478236418745,-0.0030292516409144055,-0.0020268577220467813,51.9883874134686,-11.273934718817499,45.236370291035556,54.18546509448183,-32.94002386992688,45.02478236418745,5.182841788054114,3.0593136803638443
9633,9459,10,1.0,22.901543721065458,2.290154372106546,20.611389348958912,22.901543721065458,-21.96366398248977,0.4237103964688395,-21.698004676223043,0.4129045208857288,-21.82930504488052,0.41824525397604567,54.05334867761619,-33.00546875429928,45.0381101268672,3.122339704249025,21.830321657053712,21.964761095704432,21.69894298628797,GLN_54_A_HE21,GLN_54_C_CG,53.847,-33.14,42.832,54.255,-32.874,47.194,54.05334867761619,-33.00546875429928,45.0381101268672,-0.0030292516409144055,-0.0020268577220467813,51.9883874134686,-11.273934718817499,45.236370291035556,54.05334867761619,-33.00546875429928,45.0381101268672,4.3891074263453635,2.875192616292643
9623,9635,10,1.0,22.901543721065458,2.290154372106546,20.611389348958912,22.901543721065458,-21.80651771073815,0.2514997342375346,-21.74600254927966,0.09877543956389848,-21.7769750412038,0.1769418340573691,53.80999965331721,-32.97159068767041,45.0625907053628,3.1333734422723634,21.77468128445192,21.80496238746623,21.74320696045019,GLN_54_A_HE21,GLN_54_C_HE21,53.748,-32.996,43.682,53.875,-32.946,46.51,53.80999965331721,-32.97159068767041,45.0625907053628,-0.0030292516409144055,-0.0020268577220467813,51.9883874134686,-11.273934718817499,45.236370291035556,53.80999965331721,-32.97159068767041,45.0625907053628,2.8312917546589893,2.6049816310267078
9461,9629,10,1.0,22.901543721065458,2.290154372106546,20.611389348958912,22.901543721065458,-21.17697326158904,0.2198383499924545,-21.23427689141041,0.3358285216987267,-21.224359865493938,0.3157551416623754,53.90599113924124,-32.410039192044586,45.05268014616676,3.1266191227023423,21.22370981759759,21.175106354085035,21.23393563611375,GLN_54_A_CD,GLN_54_C_HE21,53.366,-32.372,40.679,54.019,-32.418,45.968,53.90599113924124,-32.410039192044586,45.05268014616676,-0.0030292516409144055,-0.0020268577220467813,51.9883874134686,-11.273934718817499,45.236370291035556,53.90599113924124,-32.410039192044586,45.05268014616676,5.329356996861818,3.5308047624772936
9615,9622,10,1.0,22.901543721065458,2.290154372106546,20.611389348958912,22.901543721065458,-21.664205545196427,0.16988204436399684,-21.692013068889022,0.1074084654208268,-21.67907637230184,0.13647260448038018,53.76245810829616,-32.87704331324481,45.0673344803963,3.1352032239724728,21.676489588449122,21.661858440381053,21.68925990242179,GLN_54_A_HE21,GLN_54_C_HE21,53.494,-32.861,42.079,53.996,-32.891,47.667,53.76245810829616,-32.87704331324481,45.0673344803963,-0.0030292516409144055,-0.0020268577220467813,51.9883874134686,-11.273934718817499,45.236370291035556,53.76245810829616,-32.87704331324481,45.0673344803963,5.610583570360574,3.5717674707575817
9628,9466,10,1.0,22.901543721065458,2.290154372106546,20.611389348958912,22.901543721065458,-21.284601642029408,0.04527157758145947,-21.302907435117707,0.13795964891116852,-21.287715784935664,0.06103947676142918,53.65807073437021,-32.492531061015576,45.077672282459936,3.1386296712679234,21.284779965580196,21.281624950866135,21.30033818635258,GLN_54_A_HE21,GLN_54_C_CD,53.556,-32.491,44.223,54.156,-32.5,49.247,53.65807073437021,-32.492531061015576,45.077672282459936,-0.0030292516409144055,-0.0020268577220467813,51.9883874134686,-11.273934718817499,45.236370291035556,53.65807073437021,-32.492531061015576,45.077672282459936,5.059709181366061,3.118745977399025
