res1,res2,idx1,idx2,x1,y1,z1,x2,y2,z2,mid_x,mid_y,mid_z,plane_x,plane_y,plane_z,plane_u,plane_v,physical_distance,zernike_distance,smoothed_physical,smoothed_zernike
PHE_28_A_CZ,ARG_35_C_CG,1661,4949,38.849,-5.089,49.042,38.785,-5.113,49.277,38.81699999999999,-5.101000000000001,49.1595,38.43554812200208,-5.276415797792258,46.59795158969705,7.010280223703839,-13.128986898199004,0.2447386360998192,4.784553779130516,0.9988783509448707,3.6158210949109355
PHE_28_A_HZ,ARG_35_C_CG,1997,4973,38.711,-4.644,49.912,38.707,-4.741,49.968,38.709,-4.6925,49.94,38.40137419622562,-4.825118795624524,46.6011921977276,7.462880867659376,-13.128986898199004,0.1120758671614919,4.5618074116429925,1.0001606360179733,3.853489994552888
PHE_28_A_HZ,GLY_34_C_HA2,2009,4854,38.608,-4.193,48.712,38.388,-4.232,45.561,38.498,-4.2125,47.1365,38.36720027044916,-4.37382179345679,46.60443280575815,7.915481511614912,-13.128986898199004,3.1589115213946752,4.157356085505308,1.2729807806443156,3.239996967219317
PHE_28_A_HZ,GLY_34_C_HA2,2011,4857,38.711,-3.742,48.712,38.047,-3.982,45.242,38.379,-3.862,46.977,38.3330263446727,-3.922524791289053,46.60767341378871,8.36808215557045,-13.128986898199004,3.5411009587415103,3.8874232628963457,1.3322512959475026,3.2331885195472156
PHE_28_A_CZ,ARG_35_C_HG2,1685,5257,39.337,-5.533,49.877,39.483,-5.582,51.355,39.41,-5.5575,50.616,38.913634720874846,-5.693777073464179,46.55001168728806,6.557679579748301,-12.681540675970858,1.4860016823678168,4.656460786401831,1.079436925677332,3.7812475321387797
PHE_28_A_CZ,ARG_35_C_CA,1700,4911,39.042,-5.345,48.63,38.992,-5.313,48.597,39.017,-5.329,48.6135,38.87946079509838,-5.242480071296443,46.55325229531862,7.010280223703839,-12.681540675970858,0.0679190694871514,4.733473284820327,0.9701204712762789,3.454786522450803
PHE_28_A_CZ,ARG_35_C_HG2,1664,5252,39.21,-4.871,50.24,39.166,-4.953,50.332,39.188,-4.912000000000001,50.286,38.84528686932192,-4.791183069128709,46.55649290334917,7.462880867659376,-12.681540675970858,0.1308587024236451,4.521421592168534,1.0348329035518442,3.8733896808338915
PHE_28_A_HE1,GLY_34_C_CA,1953,4708,39.08,-4.465,47.182,38.619,-4.282,45.585,38.8495,-4.3735,46.3835,38.81111294354547,-4.339886066960975,46.559733511379726,7.915481511614912,-12.681540675970858,1.672249682314218,3.867247648512912,1.0483820022638737,3.0529381409068033
PHE_28_A_HZ,GLY_34_C_CA,1988,4709,38.93,-4.072,48.308,38.799,-4.041,45.219,38.8645,-4.0565,46.7635,38.77693901776901,-3.888589064793238,46.562974119410285,8.36808215557045,-12.681540675970858,3.091931920337185,4.128475848754634,1.235344093408364,3.117898806754969
PHE_28_A_CZ,ARG_35_C_HG2,1688,5258,39.672,-6.017,49.476,40.017,-6.165,51.036,39.8445,-6.091,50.256,39.39172131974762,-6.111138349136096,46.50207178487908,6.105078935792765,-12.23409445374271,1.6045338887041345,4.866218859429528,1.0819882304150898,3.6044975394879377
PHE_28_A_CE2,ARG_35_C_HG2,1610,5259,39.934,-5.495,50.534,39.914,-5.714,51.036,39.924,-5.6045,50.785,39.35754739397116,-5.659841346968363,46.50531239290963,6.557679579748301,-12.23409445374271,0.5480556541082323,4.990429304853193,1.0750141581022135,3.843334074043387
PHE_28_A_CE1,GLY_34_C_C,1562,4755,39.246,-5.127,47.176,39.184,-5.099,47.012,39.215,-5.113,47.094,39.32337346819469,-5.208544344800627,46.50855300094019,7.010280223703839,-12.23409445374271,0.1775499929597324,3.6712837671021568,0.9140268281235815,3.0772632874618098
PHE_28_A_HE1,GLY_34_C_C,1956,4764,39.17,-4.917,46.766,39.188,-4.84,46.583,39.179,-4.8785,46.6745,39.28919954241823,-4.757247342632893,46.51179360897074,7.462880867659376,-12.23409445374271,0.1993539565697153,3.55396986707902,0.8732577265175678,3.0167446885022193
PHE_28_A_HE1,GLY_34_C_CA,1957,4698,39.223,-4.465,46.374,39.033,-4.528,45.895,39.128,-4.496499999999999,46.1345,39.255025616641774,-4.305950340465159,46.51503421700129,7.915481511614912,-12.23409445374271,0.5191435254339577,3.611803899166493,0.9023874572608379,2.9452781596476165
PHE_28_A_HE1,GLY_34_C_CA,1949,4710,39.297,-4.047,46.345,38.838,-3.906,44.767,39.0675,-3.9765,45.556,39.22085169086532,-3.8546533382974224,46.51827482503185,8.36808215557045,-12.23409445374271,1.6494380861372104,3.3125022724316,1.0184405062871953,2.8872406092136753
PHE_28_A_CZ,ARG_35_C_HA,1689,5176,40.093,-6.215,49.476,40.117,-5.997,49.545,40.105,-6.106,49.5105,39.83563399284392,-6.077202622640281,46.457372490500646,6.105078935792765,-11.786648231514564,0.2299152017592574,4.983733071911136,1.0037106232244715,3.4812195896859026
PHE_28_A_CE2,ARG_35_C_HG2,1635,5263,40.285,-5.705,50.87,40.07,-5.713,50.644,40.1775,-5.709,50.757,39.80146006706747,-5.625905620472548,46.4606130985312,6.557679579748301,-11.786648231514564,0.3120336520313121,5.123645817865321,1.1080872215042956,3.8259727235352012
PHE_28_A_HE1,GLY_34_C_C,1959,4759,39.614,-5.278,46.374,39.764,-5.135,46.944,39.689,-5.2065,46.659000000000006,39.767286141291,-5.174608618304812,46.46385370656176,7.010280223703839,-11.786648231514564,0.6065055646900546,3.074070928103504,0.8187564010492062,2.9203792081710658
PHE_28_A_HE1,GLY_34_C_C,1960,4748,39.522,-4.682,46.055,39.838,-4.751,46.213,39.68,-4.7165,46.134,39.73311221551455,-4.723311616137078,46.46709431459231,7.462880867659376,-11.786648231514564,0.3599736101438576,3.2472749297433223,0.8287257043849056,2.853341209535409
PHE_28_A_HE1,GLY_34_C_H,1944,4791,39.717,-4.251,45.89,39.743,-4.428,45.689,39.73,-4.3395,45.7895,39.69893828973809,-4.272014613969343,46.47033492262286,7.915481511614912,-11.786648231514564,0.2690836301226818,3.1547173640001054,0.8701821930098599,2.796035290363885
PHE_28_A_HE1,GLY_34_C_CA,1945,4695,39.547,-3.766,45.911,39.343,-3.935,44.847,39.445,-3.8505,45.379000000000005,39.66476436396163,-3.820717611801607,46.47357553065342,8.36808215557045,-11.786648231514564,1.0964821019971085,3.176963307295413,0.9590203415138788,2.803112343168296
PHE_28_A_CE1,ARG_35_C_HA,1564,5168,40.444,-6.373,48.149,40.688,-6.27,48.101,40.566,-6.3215,48.125,40.31372059171669,-6.494563898312201,46.40943258809166,5.6524782918372285,-11.339202009286415,0.2691635190734439,4.08729125893022,0.8812577543410787,3.0824059178756986
PHE_28_A_CE1,ARG_35_C_HA,1577,5172,40.443,-6.224,46.902,40.486,-6.006,47.44,40.4645,-6.115,47.171,40.27954666594023,-6.043266896144466,46.41267319612221,6.105078935792765,-11.339202009286415,0.582079891423846,3.334898386421595,0.8397603744416572,2.900077126513767
PHE_28_A_CE1,GLY_34_C_C,1578,4750,40.143,-5.813,46.541,40.426,-5.692,47.071,40.2845,-5.7525,46.806,40.24537274016377,-5.591969893976732,46.415913804152765,6.557679579748301,-11.339202009286415,0.6128866126780727,3.15414846122605,0.8070776636456539,2.862596822695188
PHE_28_A_CE2,GLY_34_C_C,1593,4762,40.523,-5.37,51.445,40.093,-5.028,46.583,40.30800000000001,-5.199,49.014,40.21119881438732,-5.140672891808997,46.41915441218333,7.010280223703839,-11.339202009286415,4.892944716630264,5.319073708787264,1.4199139630557165,3.226589308012549
PHE_28_A_HE1,GLY_34_C_H,1962,4821,40.057,-4.82,45.846,40.268,-4.65,45.99,40.1625,-4.735,45.918,40.17702488861086,-4.689375889641262,46.42239502021389,7.462880867659376,-11.339202009286415,0.3068501262831757,2.8532531028298416,0.8326035847864923,2.7459924986069475
PHE_28_A_HE2,GLY_34_C_H,1981,4823,40.679,-4.097,52.002,39.945,-4.032,45.373,40.312,-4.064500000000001,48.6875,40.1428509628344,-4.238078887473527,46.42563562824444,7.915481511614912,-11.339202009286415,6.669829233196309,5.452825777204415,1.5583078255806662,3.0847442073431437
TYR_27_A_HB3,GLY_34_C_H,1166,4837,40.068,-3.559,45.345,40.093,-3.763,45.184,40.0805,-3.661,45.2645,40.10867703705794,-3.7867818853057913,46.42887623627499,8.36808215557045,-11.339202009286415,0.2610785322465266,2.741565988214006,0.9318164100764317,2.6809919888049185
TYR_27_A_CD1,ARG_33_C_HG2,834,4309,39.855,-3.128,44.192,39.714,-3.273,40.927,39.7845,-3.2005,42.5595,40.07450311128147,-3.3354848831380584,46.43211684430554,8.820682799525986,-11.339202009286415,3.271258320585521,2.9536265749401944,1.362669715460166,2.7539105339054344
TYR_27_A_CD1,ARG_33_C_HG2,838,4308,39.512,-2.692,43.43,39.624,-2.821,40.927,39.568,-2.7565,42.1785,40.040329185505016,-2.884187880970324,46.43535745233609,9.273283443481525,-11.339202009286415,2.508823230122043,3.5293877256775903,1.3266612845805719,2.8236569290200193
PHE_28_A_CE1,ARG_35_C_HA,1565,5167,40.9,-6.46,48.149,40.99,-6.55,48.256,40.945,-6.505,48.2025,40.757633264813,-6.460628171816385,46.36473329371324,5.6524782918372285,-10.89175578705827,0.1662798845320757,3.878657102894496,0.8922715376241122,3.020791571713964
PHE_28_A_CE1,GLY_34_C_O,1579,4788,40.557,-6.024,46.541,40.928,-5.903,46.605,40.7425,-5.9635,46.57299999999999,40.72345933903655,-6.00933116964865,46.36797390174379,6.105078935792765,-10.89175578705827,0.3954465829919339,2.89781160701133,0.8217240668988202,2.7786520092732996
PHE_28_A_CE1,GLY_34_C_O,1580,4765,40.563,-5.705,46.241,40.881,-5.597,46.27,40.722,-5.651,46.2555,40.68928541326009,-5.558034167480916,46.37121450977434,6.557679579748301,-10.89175578705827,0.3370890090169045,2.8192666258547883,0.8153206303304138,2.729136489904209
PHE_28_A_HE1,GLY_34_C_H,1941,4820,40.691,-4.915,45.871,40.647,-4.902,46.03,40.669,-4.9085,45.950500000000005,40.65511148748362,-5.106737165313181,46.3744551178049,7.010280223703839,-10.89175578705827,0.1654871596227333,2.698466063545804,0.838062961618578,2.667166277004482
PHE_28_A_HE1,GLY_34_C_H,1943,4818,40.346,-4.538,45.742,40.683,-4.469,45.813,40.5145,-4.503500000000001,45.7775,40.620937561707166,-4.655440163145447,46.37769572583545,7.462880867659376,-10.89175578705827,0.3512420817612874,2.646447174515824,0.842636565630505,2.6657949899539553
PHE_28_A_HE1,GLY_34_C_H,1940,4819,40.354,-4.121,45.606,40.308,-4.264,45.698,40.331,-4.192500000000001,45.652,40.58676363593071,-4.204143160977712,46.380936333866,7.915481511614912,-10.89175578705827,0.1761505038312398,2.718073509139605,0.8836332462513941,2.6776239518262934
TYR_27_A_HB3,GLY_34_C_H,1167,4836,40.509,-3.549,45.01,40.51,-3.563,45.184,40.5095,-3.556,45.097,40.55258971015425,-3.752846158809976,46.38417694189656,8.36808215557045,-10.89175578705827,0.1745651740754719,2.32321914770996,0.9117911036501,2.60400565056077
TYR_27_A_CD1,GLY_34_C_H,800,4840,40.35,-3.364,44.809,40.289,-3.484,44.792,40.319500000000005,-3.424,44.8005,40.51841578437779,-3.301549156642243,46.38741754992712,8.820682799525986,-10.89175578705827,0.1356834551446855,2.6140457773283687,0.9325645738817824,2.6162638003903926
TYR_27_A_CG,ARG_33_C_HG2,777,4296,40.26,-2.805,43.429,39.934,-3.062,41.559,40.097,-2.9335,42.494,40.48424185860133,-2.850252154474508,46.39065815795767,9.273283443481525,-10.89175578705827,1.9155221220335767,3.376945751496705,1.2586381855481013,2.7402721340173883
TYR_27_A_CD1,ARG_33_C_HG2,788,4304,40.13,-2.189,42.924,40.157,-2.404,41.638,40.1435,-2.2965,42.281,40.45006793282487,-2.3989551523067734,46.39389876598823,9.72588408743706,-10.89175578705827,1.3041280611964468,3.674560895406849,1.2301246890413013,2.7904718808202733
TYR_27_A_CD1,ARG_33_C_HG2,785,4311,40.188,-1.85,42.635,39.97,-1.985,40.927,40.079,-1.9175,41.781,40.415894007048415,-1.9476581501390384,46.39713937401878,10.178484731392595,-10.89175578705827,1.7271401217040834,3.6528899345299872,1.2941516304467662,2.828704721932015
PHE_28_A_CD1,GLY_34_C_O,1488,4784,41.097,-6.325,46.793,41.366,-6.345,46.687,41.2315,-6.335,46.74,41.20154593790931,-6.42669244532057,46.3200339993348,5.6524782918372285,-10.444309564830125,0.2898223593858821,2.9955525278244397,0.8321971367907622,2.737472322273675
PHE_28_A_CD1,GLY_34_C_O,1487,4789,41.061,-6.063,46.42,41.177,-6.032,46.471,41.119,-6.047499999999999,46.4455,41.16737201213285,-5.975395443152835,46.32327460736536,6.105078935792765,-10.444309564830125,0.1304530566909008,2.8404807926524365,0.8486122323276746,2.706814677143968
PHE_28_A_CD1,GLY_34_C_H,1485,4792,41.102,-5.317,45.907,40.997,-5.357,45.935,41.0495,-5.337,45.921,41.1331980863564,-5.524098440985101,46.32651521539591,6.557679579748301,-10.444309564830125,0.115797236581879,2.811016432357502,0.8613142559676688,2.6299258972647315
PHE_28_A_HE2,GLY_34_C_H,1975,4815,41.833,-5.097,52.002,41.147,-5.269,45.767,41.49,-5.183,48.8845,41.09902416057993,-5.072801438817366,46.32975582342647,7.010280223703839,-10.444309564830125,6.274982470095035,4.741565885073035,1.415390178544382,2.927535103646869
PHE_28_A_HE1,GLY_34_C_H,1942,4817,40.803,-4.571,45.706,41.028,-4.743,45.774,40.9155,-4.657,45.74,41.06485023480347,-4.621504436649632,46.33299643145702,7.462880867659376,-10.444309564830125,0.2912610512924798,2.2601441462262364,0.8531353156121848,2.6040847262036544
TYR_27_A_HB3,GLY_34_C_H,1175,4827,40.787,-4.39,45.577,40.946,-4.221,45.712,40.8665,-4.3055,45.6445,41.030676309027015,-4.170207434481897,46.33623703948757,7.915481511614912,-10.444309564830125,0.2684529753979287,2.306275069898927,0.863604987710379,2.596171896086222
TYR_27_A_HB3,GLY_34_C_H,1176,4835,40.709,-3.621,44.849,40.972,-3.563,45.184,40.840500000000006,-3.592,45.01649999999999,40.99650238325056,-3.7189104323141606,46.33947764751813,8.36808215557045,-10.444309564830125,0.4298348520071395,1.7355768766993505,0.9014475048853491,2.5521952704923545
TYR_27_A_HB3,GLY_34_C_H,1163,4841,40.887,-3.482,44.488,40.741,-3.394,44.376,40.814,-3.438,44.432,40.962328457474094,-3.267613430146428,46.34271825554868,8.820682799525986,-10.444309564830125,0.2039705861147647,2.3822823446079098,0.9383855468815995,2.548923868899713
PHE_28_A_CZ,ARG_33_C_HG2,1650,4291,41.214,-2.635,49.558,40.691,-2.748,41.983,40.9525,-2.6915,45.7705,40.92815453169764,-2.816316427978693,46.345958863579234,9.273283443481525,-10.444309564830125,7.593874044254358,3.638866679776125,1.8642211042141221,2.790129971634881
PHE_28_A_CZ,ARG_33_C_HG2,1656,4293,41.405,-2.465,49.28,40.046,-2.451,39.836,40.7255,-2.458,44.558,40.89398060592118,-2.3650194258109583,46.34919947160979,9.72588408743706,-10.444309564830125,9.54128990231405,3.036528893382953,2.187975369355793,2.8499217745022563
TYR_27_A_CD2,ARG_33_C_HG2,839,4303,40.632,-1.829,42.281,40.486,-2.119,41.638,40.559,-1.974,41.9595,40.85980668014472,-1.9137224236432235,46.352440079640346,10.178484731392595,-10.444309564830125,0.7203228442858114,3.741755589029913,1.210537799166943,2.7865284518559594
PHE_28_A_CD1,PHE_38_C_HB2,1493,6956,41.748,-6.683,47.805,41.67,-6.854,47.951,41.709,-6.7685,47.878,41.67963253678208,-6.844053720992489,46.27209409692581,5.19987764788169,-9.996863342601978,0.2379936973955396,2.9725032871534154,0.8985439854167219,2.8210326174414524
PHE_28_A_CD1,GLY_34_C_O,1501,4782,41.747,-6.534,46.558,41.754,-6.576,46.711,41.7505,-6.555,46.6345,41.64545861100562,-6.392756718824754,46.27533470495637,5.6524782918372285,-9.996863342601978,0.1588143570336119,2.582199645793619,0.8549244560958696,2.6503684005399495
PHE_28_A_CD1,GLY_34_C_O,1507,4770,41.482,-5.759,45.897,41.598,-6.093,45.512,41.54,-5.926,45.7045,41.611284685229165,-5.941459716657019,46.27857531298692,6.105078935792765,-9.996863342601978,0.5227207667579299,3.016017581790822,0.8801384340015729,2.5785078409870668
PHE_28_A_HD1,GLY_34_C_H,1882,4796,41.662,-5.429,45.647,41.429,-5.657,45.512,41.5455,-5.543,45.5795,41.57711075945271,-5.490162714489285,46.28181592101748,6.557679579748301,-9.996863342601978,0.3528427411751557,2.776012849049596,0.8680892026119017,2.549218546489555
TYR_27_A_HB3,GLY_34_C_H,1169,4814,41.34,-4.913,45.702,41.416,-5.015,45.511,41.378,-4.964,45.6065,41.54293683367624,-5.03886571232155,46.28505652904804,7.010280223703839,-9.996863342601978,0.2294798466096688,2.31539207361394,0.872315525746852,2.5457024181951184
TYR_27_A_HB3,GLY_34_C_H,1172,4828,41.524,-4.583,45.396,41.481,-4.793,45.503,41.5025,-4.688000000000001,45.4495,41.508762907899786,-4.587568710153816,46.28829713707859,7.462880867659376,-9.996863342601978,0.2395787970585038,1.8728060453608584,0.8810666682065127,2.5112194113732933
TYR_27_A_HB3,GLY_34_C_H,1173,4830,41.472,-4.269,45.084,41.246,-3.993,45.503,41.359,-4.131,45.2935,41.47458898212333,-4.136271707986081,46.29153774510914,7.915481511614912,-9.996863342601978,0.5502844718870388,1.8161436207867807,0.8988887174645025,2.510813013309777
TYR_27_A_CB,GLY_34_C_H,760,4838,41.113,-3.765,44.615,41.193,-3.484,44.792,41.153,-3.6245,44.703500000000005,41.44041505634687,-3.684974705818345,46.2947783531397,8.36808215557045,-9.996863342601978,0.3415991803268849,2.014465568795521,0.9281929998717884,2.5084572620230112
TYR_27_A_CG,ARG_33_C_HA,781,4221,41.206,-3.144,43.508,41.28,-3.197,43.497,41.243,-3.1705,43.5025,41.40624113057041,-3.233677703650612,46.29801896117025,8.820682799525986,-9.996863342601978,0.0916842407396155,2.794124808474189,1.0178734102792824,2.5432919162224255
TYR_27_A_CG,ARG_33_C_HA,782,4195,40.864,-2.849,43.147,41.025,-2.866,42.284,40.9445,-2.8575,42.7155,41.37206720479395,-2.7823807014828774,46.3012595692008,9.273283443481525,-9.996863342601978,0.8780540985611306,3.3705539041792107,1.1430702623683358,2.6397443524880186
TYR_27_A_CD2,ARG_33_C_CG,845,3962,40.837,-2.279,42.638,41.003,-2.21,41.957,40.92,-2.2445,42.2975,41.33789327901749,-2.3310836993151427,46.30450017723136,9.72588408743706,-9.996863342601978,0.7043280485682757,3.642896787065411,1.1877325184761123,2.720915935254429
TYR_27_A_CD2,ARG_33_C_CG,854,3964,40.733,-1.754,42.038,40.968,-1.846,41.657,40.8505,-1.8,41.8475,41.30371935324104,-1.879786697147408,46.30774078526191,10.178484731392595,-9.996863342601978,0.4570010940905976,3.6185056104606823,1.212096149960966,2.7694404676264357
TYR_27_A_CE2,ARG_33_C_CG,973,3968,40.642,-1.303,41.306,40.848,-1.484,40.895,40.745000000000005,-1.3935,41.1005,41.26954542746457,-1.4284896949796717,46.31098139329247,10.631085375348135,-9.996863342601978,0.4940829889805898,3.577252824455283,1.2975239373295306,2.82421012324295
PHE_28_A_CD1,GLY_34_C_O,1499,4781,42.204,-6.77,46.959,42.069,-6.705,46.937,42.1365,-6.7375,46.948,42.12354520987839,-6.810117994496674,46.22739480254739,5.19987764788169,-9.549417120373832,0.1514397569992756,2.4661770139650274,0.8593398399134756,2.6313573204220586
PHE_28_A_CD1,GLY_34_C_O,1505,4779,41.861,-6.334,46.197,42.137,-6.475,45.226,41.999,-6.4045,45.7115,42.08937128410193,-6.358820992328939,46.230635410577946,5.6524782918372285,-9.549417120373832,1.0192634595628398,3.426765762685952,0.9049664949853086,2.550707097062172
PHE_28_A_HD1,GLY_34_C_H,1883,4801,41.89,-5.86,45.758,42.069,-5.868,44.916,41.9795,-5.864000000000001,45.337,42.05519735832547,-5.907523990161204,46.2338760186085,6.105078935792765,-9.549417120373832,0.860853646097878,2.944788129365656,0.9240268991727384,2.5056226589551676
PHE_28_A_HD1,GLY_34_C_H,1893,4800,41.858,-5.259,45.425,41.924,-5.423,44.916,41.891,-5.341,45.1705,42.021023432549015,-5.45622698799347,46.23711662663905,6.557679579748301,-9.549417120373832,0.5388255747456691,2.832720564158349,0.9020512621699941,2.480457418315391
PHE_28_A_HD1,GLY_34_C_H,1866,4808,41.942,-4.818,45.263,41.812,-4.788,45.142,41.877,-4.803,45.2025,41.98684950677255,-5.004929985825735,46.24035723466961,7.010280223703839,-9.549417120373832,0.1801138528820019,2.043029021211256,0.9019784019881947,2.4657683954767826
PHE_28_A_HD1,GLY_34_C_H,1889,4809,41.969,-4.621,45.153,41.88,-4.41,45.008,41.9245,-4.5155,45.0805,41.95267558099609,-4.553632983658001,46.24359784270016,7.462880867659376,-9.549417120373832,0.2710479662347584,1.9065846844032548,0.9206299892042278,2.4447262199529227
TYR_27_A_HB3,GLY_34_C_H,1171,4810,41.679,-4.038,44.666,41.748,-3.893,44.786,41.7135,-3.9655,44.726,41.91850165521964,-4.102335981490266,46.24683845073071,7.915481511614912,-9.549417120373832,0.2004644606906685,2.059956666455636,0.9388106078818336,2.4505623353855843
TYR_27_A_CB,ARG_33_C_HA,768,4222,41.723,-3.697,44.037,41.845,-3.623,44.409,41.784,-3.66,44.223,41.88432772944318,-3.6510389793225295,46.25007905876127,8.36808215557045,-9.549417120373832,0.3984269067219229,2.106870435976221,0.9675244538535267,2.4491994087841626
TYR_27_A_CB,ARG_33_C_HA,763,4220,41.506,-3.399,43.818,41.613,-3.152,43.82,41.5595,-3.2755,43.819,41.85015380366672,-3.1997419771547966,46.25331966679183,8.820682799525986,-9.549417120373832,0.2691876668794464,2.625743017107025,1.004492160698813,2.4913891931537497
TYR_27_A_CG,ARG_33_C_HA,783,4214,41.323,-2.921,43.147,41.383,-2.941,42.912,41.353,-2.931,43.0295,41.81597987789026,-2.748444974987062,46.25656027482238,9.273283443481525,-9.549417120373832,0.2433618704727591,3.167718996566726,1.0996453061920572,2.5702790393036787
TYR_27_A_CD2,ARG_33_C_CG,860,3943,41.418,-2.159,42.074,41.534,-2.315,42.229,41.476,-2.237,42.1515,41.7818059521138,-2.297147972819327,46.259800882852936,9.72588408743706,-9.549417120373832,0.2486302475564876,3.3457569691609925,1.156072864877709,2.6623444634710838
TYR_27_A_CD2,ARG_33_C_CG,853,3963,41.096,-1.693,41.74,41.382,-1.635,41.657,41.239,-1.664,41.6985,41.74763202633734,-1.8458509706515924,46.26304149088349,10.178484731392595,-9.549417120373832,0.3033957811176709,3.324957306953069,1.2074141639433962,2.7363120231848805
TYR_27_A_CE2,ARG_33_C_CG,974,3965,41.101,-1.375,41.306,41.268,-1.435,41.296,41.1845,-1.405,41.301,41.71345810056088,-1.394553968483856,46.26628209891404,10.631085375348135,-9.549417120373832,0.1777329457360129,3.2830870062803204,1.2537221677297659,2.7673207889988976
TYR_27_A_CE2,ARG_33_C_HD3,977,4417,41.101,-1.075,41.006,41.205,-1.142,39.377,41.153,-1.1084999999999998,40.191500000000005,41.67928417478442,-0.9432569663161212,46.2695227069446,11.083686019303672,-9.549417120373832,1.6336909132390962,3.514257903157423,1.507959205969206,2.8227620183898408
LYS_51_A_HZ3,GLU_46_C_CD,13006,10598,43.738,-22.969,46.724,44.655,-22.816,52.627,44.1965,-22.8925,49.6755,43.79771921092723,-23.02287434603931,46.066033619069,-11.09374553451764,-9.101970898145684,5.975759951671425,4.386787916885199,3.7471941399255515,4.073856455060271
LYS_51_A_HZ3,GLU_46_C_CD,13004,10561,43.977,-22.552,46.933,44.592,-22.495,52.956,44.2845,-22.5235,49.944500000000005,43.76354528515077,-22.57157734387157,46.06927422709956,-10.641144890562105,-9.101970898145684,6.054585287201762,4.20388052163311,3.698583640396364,4.028259004139848
LYS_51_A_HZ3,GLU_46_C_CD,13009,10560,43.738,-22.135,46.724,44.581,-22.094,52.747,44.1595,-22.1145,49.7355,43.72937135937431,-22.12028034170384,46.07251483513011,-10.188544246606565,-9.101970898145684,6.081846676791519,4.640673852340545,3.7337032400418955,4.052196094684439
LYS_51_A_HZ3,GLU_43_C_HG2,13013,9542,43.739,-21.739,46.405,43.96,-21.495,50.686,43.8495,-21.617,48.5455,43.695197433597855,-21.668983339536105,46.075755443160666,-9.735943602651028,-9.101970898145684,4.293639248935568,4.369081107423169,3.4935476235153335,4.019742344205085
PHE_28_A_CD1,PHE_38_C_HB2,1500,6988,42.667,-6.741,46.959,42.567,-6.831,46.904,42.617,-6.786,46.9315,42.5674578829747,-6.776182268000859,46.18269550816896,5.19987764788169,-9.101970898145684,0.1453444185374876,2.013265077393699,0.9161145004008873,2.5614720978289607
PHE_28_A_HD1,ARG_33_C_H,1884,4141,42.279,-6.142,45.895,42.232,-6.133,44.965,42.2555,-6.1375,45.43000000000001,42.53328395719824,-6.324885265833124,46.18593611619952,5.6524782918372285,-9.101970898145684,0.9312303689206016,2.7466669764259994,0.946349227811898,2.491461496670587
PHE_28_A_HD1,ARG_33_C_H,1895,4137,42.488,-5.805,45.425,42.559,-5.798,44.751,42.5235,-5.8015,45.088,42.499110031421786,-5.873588263665389,46.18917672423007,6.105078935792765,-9.101970898145684,0.6777654461537553,2.547219345825801,0.945442200819314,2.4326606535678916
PHE_28_A_HD1,ARG_33_C_H,1898,4136,42.393,-5.397,45.216,42.286,-5.423,44.751,42.3395,-5.41,44.9835,42.46493610564533,-5.422291261497655,46.19241733226062,6.557679579748301,-9.101970898145684,0.4778598120788177,2.3782449127111827,0.944440758699004,2.426687811561045
PHE_28_A_HD1,ARG_33_C_H,1887,4180,42.195,-4.969,45.189,42.446,-4.829,44.728,42.3205,-4.899,44.9585,42.430762179868864,-4.97099425932992,46.19565794029118,7.010280223703839,-9.101970898145684,0.5432513230540701,2.1546530655947183,0.9540058544087042,2.4187571386373645
TYR_27_A_CB,GLY_34_C_H,755,4807,42.079,-4.328,44.874,42.149,-4.437,44.691,42.114,-4.3825,44.7825,42.39658825409241,-4.519697257162186,46.19889854832173,7.462880867659376,-9.101970898145684,0.2242097232503532,1.9712181690823267,0.95870187037278,2.4141933156701105
TYR_27_A_CB,GLY_34_C_H,767,4805,42.065,-3.992,44.398,42.034,-4.063,44.54,42.0495,-4.0275,44.469,42.36241432831595,-4.068400254994451,46.20213915635228,7.915481511614912,-9.101970898145684,0.1617590801160748,1.8947158226783665,0.9813300225908465,2.4164377845725102
TYR_27_A_CB,ARG_33_C_HA,769,4218,42.182,-3.769,44.037,42.274,-3.638,44.208,42.228,-3.7035,44.1225,42.32824040253949,-3.617103252826714,46.20537976438284,8.36808215557045,-9.101970898145684,0.234234924808406,1.9976959678804331,1.026653367582639,2.4107273776385796
TYR_27_A_CB,ARG_33_C_HA,762,4219,41.928,-3.228,43.574,41.97,-3.31,44.076,41.949,-3.269,43.825,42.29406647676303,-3.165806250658981,46.20862037241339,8.820682799525986,-9.101970898145684,0.5103841690334865,2.4498144582407706,1.0105191994090534,2.457043140204558
TYR_27_A_CB,ARG_33_C_HA,759,4234,42.16,-2.801,43.213,42.181,-2.697,43.21,42.1705,-2.749,43.2115,42.25989255098657,-2.7145092484912463,46.21186098044394,9.273283443481525,-9.101970898145684,0.1061414151026829,2.7116558437679155,1.1088436608894923,2.4853927070475716
TYR_27_A_CD2,ARG_33_C_HG3,861,4321,41.877,-2.231,42.074,41.834,-2.082,42.121,41.855500000000006,-2.1565,42.0975,42.22571862521011,-2.263212246323512,46.2151015884745,9.72588408743706,-9.101970898145684,0.1620462896829184,3.0352142170189014,1.186793852486913,2.625789075712288
TYR_27_A_CD2,ARG_33_C_HG3,864,4350,41.877,-1.931,41.774,41.813,-1.834,41.965,41.845,-1.8825,41.8695,42.191544699433656,-1.8119152441557769,46.218342196505056,10.178484731392595,-9.101970898145684,0.2235754906066426,2.9188507360030984,1.1920664026311305,2.6510319734314547
TYR_27_A_CD2,ARG_33_C_HG3,851,4352,41.874,-1.304,41.387,41.842,-1.321,41.322,41.858,-1.3125,41.3545,42.15737077365719,-1.3606182419880404,46.22158280453561,10.631085375348135,-9.101970898145684,0.0744177398205557,3.078774703592003,1.2702945955886908,2.688195094378296
TYR_27_A_CE2,ARG_33_C_HD3,978,4416,41.554,-0.984,41.006,41.589,-0.987,39.511,41.5715,-0.9855,40.2585,42.123196847880735,-0.9093212398203058,46.22482341256617,11.083686019303672,-9.101970898145684,1.495412652079683,3.238841524763868,1.5229335071617434,2.790628638284565
LYS_51_A_CE,GLU_46_C_OE1,12571,10642,44.643,-24.456,47.182,45.063,-24.129,51.685,44.853,-24.2925,49.4335,44.34415366135291,-24.342829626046697,46.01161250059891,-12.45154746638425,-8.65452467591754,4.534350890700895,4.274217478162758,3.4155909605724917,4.0109017292352895
LYS_51_A_CE,GLU_46_C_OE1,12570,10641,44.552,-24.003,47.182,44.846,-23.728,51.685,44.699,-23.8655,49.4335,44.309979735576455,-23.89153262387896,46.01485310862946,-11.998946822428714,-8.65452467591754,4.520958969068398,4.114681041055759,3.434908674784255,4.025662475965363
LYS_51_A_CE,GLU_46_C_OE1,12555,10648,44.477,-23.416,47.038,44.905,-23.512,51.302,44.691,-23.464,49.17,44.2758058098,-23.440235621711228,46.01809371666001,-11.546346178473176,-8.65452467591754,4.286501603872327,4.465506487559252,3.4258397547546395,4.022583566466363
LYS_51_A_HZ3,GLU_46_C_OE1,12992,10625,44.269,-23.024,46.944,44.904,-22.877,51.333,44.5865,-22.9505,49.1385,44.24163188402353,-22.988938619543493,46.02133432469057,-11.09374553451764,-8.65452467591754,4.437133646849052,4.523705917520218,3.5454104814434317,4.057885526854899
LYS_51_A_HZ3,GLU_46_C_OE1,13001,10626,44.387,-22.552,47.005,44.875,-22.465,51.315,44.631,-22.5085,49.16,44.20745795824708,-22.53764161737576,46.02457493272112,-10.641144890562105,-8.65452467591754,4.338411345181546,4.555965589346172,3.537591883763731,4.048152089249094
LYS_51_A_HZ3,GLU_46_C_OE1,13003,10606,44.182,-22.197,46.933,44.834,-21.937,50.86,44.508,-22.067,48.8965,44.17328403247062,-22.086344615208024,46.02781554075168,-10.188544246606565,-8.65452467591754,3.9892396518634974,4.780763094313321,3.5350088440493157,4.0637736708696695
LYS_51_A_HZ3,GLU_43_C_HG2,13008,9540,44.067,-21.85,46.724,44.582,-21.861,50.945,44.3245,-21.8555,48.8345,44.13911010669416,-21.63504761304029,46.03105614878224,-9.735943602651028,-8.65452467591754,4.252315486884767,4.558932031052546,3.5277771710267722,4.0418744530973925
PHE_28_A_CD2,PHE_38_C_HD2,1546,7051,43.156,-6.795,49.705,43.303,-6.803,49.806,43.2295,-6.799,49.7555,43.01137055607101,-6.742246541505043,46.13799621379052,5.19987764788169,-8.65452467591754,0.1785329101314359,3.311068502849018,1.0855251390733585,2.8624037860161335
PHE_28_A_CD2,PHE_38_C_CD2,1533,6774,43.386,-6.322,50.89,43.542,-6.474,50.443,43.464,-6.398,50.6665,42.97719663029455,-6.290949539337308,46.14123682182108,5.6524782918372285,-8.65452467591754,0.4972413900712631,3.689682751925432,1.1817238172517723,2.9403596653338444
PHE_28_A_HD1,ARG_33_C_H,1896,4145,42.918,-5.744,45.425,42.723,-6.064,44.8,42.8205,-5.904,45.1125,42.94302270451809,-5.839652537169573,46.144477429851634,6.105078935792765,-8.65452467591754,0.7287317750722828,2.0866532733135044,0.9760787735319925,2.401648538547518
PHE_28_A_HD1,ARG_33_C_HB3,1899,4256,42.803,-5.397,45.216,42.214,-5.376,39.214,42.5085,-5.3865,42.215,42.90884877874164,-5.388355535001839,46.147718037882186,6.557679579748301,-8.65452467591754,6.030867765089865,3.124887071921685,1.7636545712508542,2.5108690213501674
PHE_28_A_HD1,ARG_33_C_HB3,1886,4247,42.592,-4.936,45.123,42.115,-4.917,38.838,42.3535,-4.9265,41.9805,42.87467485296517,-4.937058532834104,46.150958645912745,7.010280223703839,-8.65452467591754,6.303103600608192,2.8271550185091723,1.8348557959940774,2.5299612133885585
PHE_28_A_HD1,ARG_33_C_H,1867,4179,42.857,-4.396,44.97,42.83,-4.631,44.49,42.8435,-4.5135000000000005,44.73,42.84050092718872,-4.48576153066637,46.1541992539433,7.462880867659376,-8.65452467591754,0.5351205471667082,2.0245193866342723,1.050326326467963,2.3606657411911165
PHE_28_A_CD2,ARG_33_C_HD2,1530,4370,43.38,-3.815,51.19,41.751,-4.106,37.094,42.5655,-3.9605,44.142,42.80632700141226,-4.034464528498635,46.15743986197385,7.915481511614912,-8.65452467591754,14.19279880784618,3.564041756465621,3.319962758626433,2.9477694067903917
TYR_27_A_HB2,ARG_33_C_HH11,1153,4496,42.692,-3.39,43.732,41.595,-3.779,36.288,42.1435,-3.5845,40.01,42.7721530756358,-3.5831675263308984,46.16068047000441,8.36808215557045,-8.65452467591754,7.534445301414036,2.672813784848518,1.7931606549839378,2.511536174325103
TYR_27_A_HB2,ARG_33_C_HA,1132,4227,42.509,-3.076,43.52,42.291,-3.116,43.921,42.4,-3.096,43.7205,42.737979149859335,-3.131870524163165,46.16392107803496,8.820682799525986,-8.65452467591754,0.4581757304790363,2.2194019773990843,1.0821957920940708,2.430397888111696
TYR_27_A_HB2,ARG_33_C_HA,1156,4233,42.626,-2.739,43.254,42.633,-2.787,43.21,42.6295,-2.763,43.232,42.70380522408288,-2.6805735219954308,46.16716168606551,9.273283443481525,-8.65452467591754,0.0654904573201302,2.4112074410317303,1.1697162827311922,2.441346205647246
TYR_27_A_CD2,ARG_33_C_HG3,862,4343,42.336,-2.159,42.074,42.266,-2.029,42.216,42.301,-2.094,42.145,42.66963129830642,-2.229276519827696,46.17040229409607,9.72588408743706,-8.65452467591754,0.2048511654836282,2.611747134968824,1.223372360284998,2.570722734746103
TYR_27_A_CD2,ARG_33_C_HG3,865,4358,42.33,-1.84,41.774,42.133,-1.653,41.971,42.2315,-1.7465000000000002,41.8725,42.63545737252996,-1.7779795176599615,46.17364290212662,10.178484731392595,-8.65452467591754,0.3355398635035732,2.6083187602555995,1.2315835452815433,2.6079130786730964
TYR_27_A_CD2,ARG_33_C_HG3,868,4361,41.994,-1.562,41.547,42.222,-1.342,41.652,42.108,-1.452,41.5995,42.6012834467535,-1.326682515492225,46.176883510157175,10.631085375348135,-8.65452467591754,0.3337798675774222,2.870101771466059,1.2452543349887468,2.6414654229696897
TYR_27_A_CE2,ARG_33_C_HD3,979,4418,41.939,-0.728,41.006,41.777,-1.094,39.853,41.858,-0.911,40.4295,42.56710952097704,-0.8753855133244903,46.18012411818773,11.083686019303672,-8.65452467591754,1.220495391224398,3.137038037069794,1.506153399968175,2.75014420593518
TYR_27_A_CE2,ARG_33_C_HD3,980,4425,42.195,-0.343,41.006,41.962,-0.619,38.888,42.078500000000005,-0.481,39.947,42.53293559520058,-0.4240885111567574,46.18336472621829,11.536286663259208,-8.65452467591754,2.148578367200044,3.040062524242914,1.7112183646154469,2.75567252917112
LYS_51_A_CE,GLU_46_C_OE1,12548,10636,45.075,-24.829,47.305,45.6,-24.547,52.083,45.337500000000006,-24.688,49.694,44.82224026022568,-24.760190901718616,45.96367259818992,-12.904148110339786,-8.207078453689393,4.815021599120817,4.258837702368134,3.272115147708986,3.9086961129081064
LYS_51_A_CE,GLU_46_C_OE1,12564,10650,45.043,-24.449,47.409,45.39,-24.294,51.302,45.2165,-24.3715,49.3555,44.788066334449226,-24.30889389955088,45.96691320622048,-12.45154746638425,-8.207078453689393,3.911506487275716,4.096115021883646,3.2586353380976254,3.934308841014006
LYS_51_A_CE,GLU_46_C_OE1,12563,10656,44.913,-24.003,47.409,45.19,-23.708,50.967,45.0515,-23.8555,49.188,44.75389240867277,-23.857596897383143,45.97015381425104,-11.998946822428714,-8.207078453689393,3.580938145235128,4.177501648719304,3.305885105629431,3.983246111849397
LYS_51_A_CE,GLU_46_C_OE1,12568,10662,45.043,-23.557,47.409,45.4,-23.278,50.706,45.2215,-23.4175,49.057500000000005,44.71971848289631,-23.40629989521541,45.97339442228159,-11.546346178473176,-8.207078453689393,3.32798722954281,4.516765957217247,3.2872978935926556,3.975542732274625
LYS_51_A_CE,GLU_46_C_OE1,12556,10624,44.776,-23.146,47.136,45.1,-22.896,51.006,44.938,-23.021,49.071,44.68554455711984,-22.95500289304768,45.97663503031215,-11.09374553451764,-8.207078453689393,3.8915775721421744,4.593565181622147,3.3833011311967427,4.000198385217407
LYS_51_A_HZ3,GLU_46_C_OE2,12993,10696,44.628,-22.695,47.012,45.556,-22.634,54.7,45.092,-22.6645,50.856,44.65137063134338,-22.503705890879942,45.9798756383427,-10.641144890562105,-8.207078453689393,7.744046035503665,3.6567260948419062,3.486401123159084,3.8051978247671525
LYS_51_A_HZ3,GLU_46_C_OE1,13002,10603,44.592,-22.197,46.933,45.153,-22.169,50.917,44.8725,-22.183,48.925,44.617196705566926,-22.052408888712208,45.98311624637325,-10.188544246606565,-8.207078453689393,4.023401670228815,4.736219613032117,3.435131793689174,3.997837421996849
LYS_51_A_HZ3,GLU_43_C_HG2,13007,9529,44.497,-21.789,46.724,44.92,-21.449,50.695,44.7085,-21.619,48.7095,44.58302277979047,-21.601111886544476,45.98635685440381,-9.735943602651028,-8.207078453689393,4.007913422218603,4.761458423210086,3.3918018348174304,3.9536882969355496
LYS_51_A_HZ3,GLU_43_C_HG2,13020,9536,44.387,-21.37,46.013,45.115,-20.964,50.229,44.751000000000005,-21.167,48.121,44.54884885401401,-21.149814884376735,45.98959746243436,-9.283342958695492,-8.207078453689393,4.297612825744079,4.531135352655528,3.2628688100550973,3.8497541979585463
PHE_28_A_CD2,PHE_38_C_CD2,1509,6778,43.806,-6.629,49.366,43.77,-6.499,49.214,43.788,-6.564,49.29,43.45528322916732,-6.708310815009228,46.0932969194121,5.19987764788169,-8.207078453689393,0.2032240143290154,2.9905185687970803,1.0155778438401402,2.717889895483441
PHE_28_A_HD2,PHE_38_C_CD2,1909,6789,44.053,-6.174,50.618,44.072,-6.083,50.785,44.0625,-6.128500000000001,50.7015,43.421109303390864,-6.2570138128414925,46.096537527442656,5.6524782918372285,-8.207078453689393,0.1911308452343535,3.0578501969005383,1.198677374955366,2.8252556139319682
PHE_28_A_HD1,ARG_33_C_H,1880,4146,43.488,-5.635,45.717,43.164,-5.92,44.8,43.326,-5.7775,45.2585,43.38693537761441,-5.805716810673758,46.09977813547321,6.105078935792765,-8.207078453689393,1.0134544883713337,1.706527966807156,1.0340182720333164,2.369260698428613
PHE_28_A_HD1,ARG_33_C_H,1897,4184,43.247,-5.459,45.425,43.302,-5.419,44.835,43.2745,-5.439,45.13,43.35276145183795,-5.354419808506024,46.10301874350376,6.557679579748301,-8.207078453689393,0.5939065583069407,1.7425752947289102,1.0326159297499242,2.356193709779225
PHE_28_A_HD1,ARG_33_C_H,1879,4178,43.248,-4.821,45.319,43.195,-4.783,44.619,43.2215,-4.802,44.969,43.31858752606148,-4.903122806338288,46.10625935153432,7.010280223703839,-8.207078453689393,0.7030312937558354,1.791571086812922,1.0708652599940125,2.347337684892661
PHE_28_A_HD1,ARG_33_C_HD2,1878,4376,43.068,-4.466,45.074,42.565,-4.626,38.12,42.8165,-4.546,41.597,43.28441360028502,-4.4518258041705545,46.10949995956487,7.462880867659376,-8.207078453689393,6.974003513047582,2.538398388696652,1.882297537796963,2.515899775391206
TYR_27_A_HB2,ARG_33_C_HA,1133,4212,42.974,-3.848,44.374,42.874,-3.797,44.02,42.924,-3.8225,44.197,43.25023967450856,-4.00052880200282,46.112740567595424,7.915481511614912,-8.207078453689393,0.3713717813727885,2.129693984506939,1.1254617798394408,2.3600554779733054
TYR_27_A_HB2,ARG_33_C_HA,1159,4228,42.926,-3.431,43.748,43.117,-3.428,43.602,43.0215,-3.4295,43.675,43.216065748732106,-3.5492317998350837,46.11598117562598,8.36808215557045,-8.207078453689393,0.2404287836345691,1.800331135942738,1.1721335260063908,2.37510311820738
TYR_27_A_HB2,ARG_33_C_HA,1155,4232,43.095,-2.887,43.454,43.017,-3.043,43.21,43.056,-2.965,43.332,43.18189182295565,-3.0979347976673504,46.119221783656535,8.820682799525986,-8.207078453689393,0.2999266577015109,2.0138179413476456,1.2353538964930206,2.395935597131936
TYR_27_A_CD2,ARG_33_C_HA,843,4209,42.621,-2.483,42.879,42.748,-2.795,42.993,42.6845,-2.639,42.936,43.14771789717919,-2.646637795499616,46.12246239168709,9.273283443481525,-8.207078453689393,0.3556248022846546,2.627084457537741,1.196109604653946,2.4604368802609984
TYR_27_A_CD2,ARG_33_C_HG3,859,4344,42.665,-2.266,42.435,42.609,-2.359,42.438,42.637,-2.3125,42.4365,43.113543971402734,-2.195340793331881,46.125702999717646,9.72588408743706,-8.207078453689393,0.108600184161905,2.724473304568057,1.2553166987523787,2.5061647416760784
TYR_27_A_CD2,ARG_33_C_HG3,866,4357,42.715,-1.584,41.774,42.563,-1.592,41.971,42.639,-1.588,41.8725,43.07937004562628,-1.744043791164146,46.1289436077482,10.178484731392595,-8.207078453689393,0.2489518025642686,2.4082787841633486,1.3070703098780685,2.561657761676831
TYR_27_A_CD2,ARG_33_C_HG3,869,4360,42.417,-1.369,41.547,42.684,-1.342,41.652,42.5505,-1.3555,41.5995,43.045196119849805,-1.2927467889964095,46.13218421577875,10.631085375348135,-8.207078453689393,0.2881718237440965,2.563500882901667,1.3492581487045994,2.591574613165454
TYR_27_A_CD2,ARG_33_C_CD,849,3986,42.551,-0.654,41.428,42.499,-1.013,39.459,42.525000000000006,-0.8334999999999999,40.4435,43.01102219407335,-0.8414497868286748,46.13542482380931,11.083686019303672,-8.207078453689393,2.002135360059349,3.1999581305772726,1.6523053438421773,2.6564046593700437
LYS_51_A_CE,GLU_46_C_OE1,12565,10651,45.395,-24.753,47.409,45.808,-24.503,51.302,45.6015,-24.628,49.3555,45.26615293332199,-24.7262551752228,45.91897330381149,-12.904148110339786,-7.7596322314612465,3.9228201590182543,4.172473671110414,3.144442169055415,3.859369749439494
LYS_51_A_CE,GLU_46_C_OE1,12561,10658,45.526,-24.369,47.549,45.83,-24.284,50.967,45.678,-24.3265,49.258,45.23197900754553,-24.274958173055065,45.92221391184205,-12.45154746638425,-7.7596322314612465,3.432544974213738,4.175201645992285,3.1058908958332996,3.857281003577632
LYS_51_A_HE3,GLU_46_C_OE1,12841,10663,45.509,-23.645,47.575,45.545,-23.723,50.706,45.527,-23.684,49.1405,45.19780508176908,-23.82366117088733,45.9254545198726,-11.998946822428714,-7.7596322314612465,3.132178315485885,4.212879871335121,3.121492226690056,3.8797987119082484
LYS_51_A_HE3,GLU_46_C_OE1,12842,10666,45.296,-23.273,47.423,45.763,-23.278,50.541,45.5295,-23.2755,48.982,45.16363115599262,-23.3723641687196,45.928695127903154,-11.546346178473176,-7.7596322314612465,3.152782580515181,4.675378356344765,3.1852355746507692,3.913739719546272
LYS_51_A_HE3,GLU_46_C_OE1,12861,10661,45.488,-23.014,47.457,45.545,-22.833,50.706,45.5165,-22.9235,49.081500000000005,45.12945723021616,-22.92106716655186,45.93193573593371,-11.09374553451764,-7.7596322314612465,3.254536987038251,4.4017456512576425,3.1553084474587973,3.884954991033417
LYS_51_A_HE3,GLU_46_C_OE1,12848,10607,45.21,-22.427,46.972,45.766,-22.614,50.695,45.488,-22.5205,48.8335,45.0952833044397,-22.469770164384126,45.935176343964265,-10.641144890562105,-7.7596322314612465,3.768930086907953,4.5701321577674,3.211291581056551,3.882526111296607
LYS_51_A_HZ3,GLU_46_C_OE1,12989,10604,45.018,-22.087,46.751,45.548,-22.169,50.86,45.283,-22.128,48.8055,45.06110937866324,-22.01847316221639,45.93841695199482,-10.188544246606565,-7.7596322314612465,4.143851469345881,4.763380111214847,3.2714142017326706,3.9008940848717915
LYS_51_A_HZ3,GLU_46_C_OE1,13010,10609,45.035,-21.739,46.405,45.387,-21.449,50.695,45.211,-21.594,48.55,45.02693545288678,-21.567176160048657,45.94165756002538,-9.735943602651028,-7.7596322314612465,4.314174776246321,4.7273809618644425,3.2202248235416766,3.836569520858032
PHE_28_A_CB,PHE_38_C_CD2,1454,6768,44.045,-6.907,48.271,44.393,-7.219,52.113,44.219,-7.063000000000001,50.192,43.93336982804009,-7.125672090681146,46.04535701700311,4.747277003926154,-7.7596322314612465,3.870324534196065,2.192918857105129,1.4125662130392247,2.5322802074371844
PHE_28_A_HB2,PHE_38_C_HB2,1807,6981,43.934,-6.727,46.914,43.964,-6.768,46.821,43.949,-6.7475000000000005,46.8675,43.89919590226363,-6.674375088513412,46.04859762503367,5.19987764788169,-7.7596322314612465,0.1059716943339148,1.7656830464652673,0.9587081516850959,2.4234538346755468
PHE_28_A_CD2,PHE_38_C_CD2,1516,6795,44.162,-6.361,49.987,44.072,-6.083,49.939,44.117,-6.222,49.963,43.86502197648717,-6.2230780863456765,46.051838233064224,5.6524782918372285,-7.7596322314612465,0.2961215966457011,2.716589800462625,1.0928754665119855,2.741289897230564
PHE_28_A_HD2,PHE_38_C_CD2,1935,6788,44.316,-5.827,51.084,44.493,-5.885,50.785,44.4045,-5.856,50.9345,43.83084805071071,-5.771781084177942,46.055078841094776,6.105078935792765,-7.7596322314612465,0.3522697829789035,2.979002036021542,1.2049466293729136,2.8067644323871255
PHE_28_A_HD1,ARG_33_C_H,1877,4181,43.55,-5.267,45.6,43.712,-5.419,44.907,43.631,-5.343,45.2535,43.796674124934256,-5.320484082010208,46.05831944912533,6.557679579748301,-7.7596322314612465,0.7277341547570848,1.49372640312043,1.0560266329445556,2.343524894285905
PHE_28_A_HD1,ARG_33_C_H,1872,4183,43.763,-4.772,45.553,43.507,-5.064,44.835,43.635,-4.918,45.194,43.76250019915779,-4.869187079842472,46.06156005715589,7.010280223703839,-7.7596322314612465,0.8162867143351011,1.420311840018163,1.1017665030273431,2.3363710046721673
PHE_28_A_HD1,ARG_33_C_H,1875,4173,43.47,-4.559,45.388,43.434,-4.361,44.278,43.452,-4.46,44.833,43.72832627338133,-4.4178900776747385,46.06480066518644,7.462880867659376,-7.7596322314612465,1.1280957406177894,1.6033719354500555,1.135127761349093,2.3402881450476842
TYR_27_A_HB2,ARG_33_C_H,1138,4175,43.515,-3.864,44.791,43.301,-4.023,43.953,43.408,-3.9435,44.372,43.69415234760488,-3.966593075507004,46.06804127321699,7.915481511614912,-7.7596322314612465,0.8793867181166595,1.8839413871153163,1.179946955421234,2.3383335611774063
TYR_27_A_HB2,ARG_33_C_HA,1160,4196,43.356,-3.37,43.748,43.358,-3.599,43.287,43.357,-3.4845,43.5175,43.65997842182842,-3.515296073339268,46.07128188124755,8.36808215557045,-7.7596322314612465,0.5147484822707092,1.6581666467524545,1.2512551261417297,2.359827473641372
TYR_27_A_HB2,ARG_33_C_HA,1162,4202,43.241,-3.023,43.539,43.074,-2.86,42.427,43.1575,-2.9415,42.983,43.62580449605196,-3.063999071171535,46.0745224892781,8.820682799525986,-7.7596322314612465,1.1362226894407648,2.1677006792453075,1.3559141776410741,2.400745866509974
TYR_27_A_HB2,ARG_33_C_HG3,1131,4324,43.349,-2.664,43.455,43.19,-2.62,42.092,43.2695,-2.6420000000000003,42.7735,43.5916305702755,-2.6127020690038,46.077763097308654,9.273283443481525,-7.7596322314612465,1.3729479232658457,2.141803953885369,1.4294368257038381,2.4039073738279093
TYR_27_A_HB2,ARG_33_C_HG3,1150,4341,43.366,-2.285,43.24,43.026,-2.275,42.13,43.196,-2.28,42.685,43.55745664449904,-2.1614050668360654,46.081003705339214,9.72588408743706,-7.7596322314612465,1.1609478885807043,2.238131926604336,1.4090524507896918,2.4265056128338203
TYR_27_A_HD2,ARG_33_C_HG3,1229,4356,43.156,-1.673,42.161,42.958,-1.772,41.971,43.057,-1.7225,42.066,43.52328271872258,-1.7101080646683309,46.084244313369766,10.178484731392595,-7.7596322314612465,0.2917276126800512,2.402948741434282,1.382937054965234,2.49640485975783
TYR_27_A_CD2,ARG_33_C_HG3,867,4363,42.971,-1.199,41.774,42.905,-1.263,41.26,42.938,-1.231,41.517,43.48910879294612,-1.2588110625005942,46.08748492140032,10.631085375348135,-7.7596322314612465,0.522157064493053,2.426685231512218,1.457288226030363,2.5514840985929306
TYR_27_A_HD2,ARG_33_C_HD3,1227,4428,43.163,-0.912,41.838,42.798,-0.965,38.472,42.9805,-0.9385,40.155,43.45493486716966,-0.8075140603328593,46.09072552943088,11.083686019303672,-7.7596322314612465,3.386146777681085,3.111490416756543,1.8244873841871396,2.583711920975771
LYS_51_A_CE,GLU_46_C_OE1,12566,10652,45.854,-24.819,47.409,46.275,-24.546,51.302,46.0645,-24.6825,49.3555,45.7100656064183,-24.692319448726984,45.87427400943306,-12.904148110339786,-7.3121860092331,3.9252030520725936,4.219819379350047,2.998224034695685,3.7621950419078938
LYS_51_A_CE,GLU_46_C_OE1,12562,10659,45.948,-24.369,47.549,46.268,-24.33,50.967,46.108,-24.3495,49.258,45.67589168064184,-24.24102244655925,45.87751461746362,-12.45154746638425,-7.3121860092331,3.433168361732351,4.291389783533897,2.981449431810712,3.770275505001995
LYS_51_A_HE3,GLU_46_C_OE1,12840,10667,45.847,-23.946,47.618,46.035,-23.653,50.541,45.941,-23.7995,49.0795,45.64171775486538,-23.789725444391514,45.88075522549417,-11.998946822428714,-7.3121860092331,2.943657928496443,4.367057270809397,3.0041213986442927,3.8133787464028344
LYS_51_A_HE3,GLU_46_C_OE1,12855,10618,45.727,-23.431,47.666,46.123,-23.233,50.45,45.925,-23.332,49.058,45.607543829088925,-23.33842844222378,45.88399583352472,-11.546346178473176,-7.3121860092331,2.818984923691511,4.396929010764941,3.0402081314634337,3.838177955987083
LYS_51_A_HE3,GLU_46_C_OE1,12854,10617,45.932,-23.076,47.666,45.909,-22.845,50.538,45.9205,-22.9605,49.102,45.57336990331247,-22.887131440056045,45.88723644155528,-11.09374553451764,-7.3121860092331,2.881366689611025,3.990103167080513,3.010927278817451,3.799280765723385
LYS_51_A_HE3,GLU_46_C_CD,12846,10568,45.656,-22.407,47.018,46.604,-22.509,54.56,46.13,-22.458,50.789,45.53919597753601,-22.43583443788831,45.89047704958583,-10.641144890562105,-7.3121860092331,7.602030781311006,4.400337638536254,3.047272609449209,3.5536941674690503
LYS_51_A_HE3,GLU_46_C_OE1,12849,10608,45.453,-22.18,46.688,45.91,-22.169,50.695,45.6815,-22.1745,48.691500000000005,45.50502205175955,-21.984537435720576,45.89371765761639,-10.188544246606565,-7.3121860092331,4.032991321587486,4.864779451609789,3.104742445398715,3.7977325399673787
LYS_51_A_HZ1,GLU_46_C_HB3,12918,10767,45.379,-21.682,45.017,45.861,-21.383,50.434,45.62,-21.5325,47.7255,45.470848125983096,-21.53324043355284,45.896958265646944,-9.735943602651028,-7.3121860092331,5.446614912034808,4.101741592673857,2.9463617484104137,3.573538879658803
PHE_28_A_CB,PHE_38_C_CE2,1459,6862,44.612,-6.992,48.392,44.909,-7.202,52.258,44.7605,-7.097,50.325,44.377282501136406,-7.091736364185331,46.00065772262468,4.747277003926154,-7.3121860092331,3.883074168748261,1.821310573410032,1.4777067168703935,2.460296702659532
PHE_28_A_HB2,ILE_32_C_CG1,1817,3672,44.272,-6.441,46.231,44.474,-6.645,46.228,44.373,-6.542999999999999,46.2295,44.343108575359935,-6.640439362017597,46.00389833065523,5.19987764788169,-7.3121860092331,0.287104510588042,1.5494910324372528,0.9774894516449296,2.3763649798246487
PHE_28_A_HB3,PHE_38_C_CD2,1853,6799,44.62,-6.174,49.938,44.492,-6.034,49.538,44.556,-6.104,49.738,44.30893464958348,-6.189142359849861,46.00713893868579,5.6524782918372285,-7.3121860092331,0.4427008018967265,2.7165101482450584,1.0548464999864642,2.6595442736181787
PHE_28_A_HD2,PHE_38_C_CD2,1906,6790,44.582,-5.848,50.545,44.836,-5.761,50.362,44.709,-5.8045,50.453500000000005,44.27476072380702,-5.737845357682127,46.01037954671634,6.105078935792765,-7.3121860092331,0.3249215289881524,2.801884552519255,1.1685765557248569,2.7196520516629965
PHE_28_A_HD1,ARG_33_C_H,1869,4167,44.126,-5.07,45.762,44.096,-5.332,44.876,44.111,-5.2010000000000005,45.319,44.24058679803056,-5.286548355514393,46.013620154746896,6.557679579748301,-7.3121860092331,0.9244133274677538,1.870520176493296,1.0948802295947937,2.3352126904682096
PHE_28_A_HD1,ARG_33_C_H,1871,4182,44.204,-4.629,45.553,43.917,-5.064,44.835,44.060500000000005,-4.8465,45.194,44.206412872254106,-4.835251353346657,46.016860762777455,7.010280223703839,-7.3121860092331,0.8871967087405108,1.6640647909746191,1.1383531163196572,2.3330020612442217
PHE_28_A_O,ARG_33_C_H,1389,4189,44.316,-4.284,45.388,43.943,-4.406,44.307,44.1295,-4.345,44.8475,44.17223894647765,-4.383954351178923,46.02010137080801,7.462880867659376,-7.3121860092331,1.150032173462984,1.6862882408483857,1.2059716731703969,2.32872825452756
TYR_27_A_HB2,ARG_33_C_HA,1137,4197,43.965,-3.736,44.791,43.673,-3.945,43.287,43.819,-3.8405,44.039,44.13806502070119,-3.9326573490111887,46.02334197883856,7.915481511614912,-7.3121860092331,1.5462732617490331,2.083404492038002,1.3003765681574457,2.335253604881565
TYR_27_A_HB2,ARG_33_C_HA,1158,4204,43.684,-3.481,44.067,43.809,-3.414,42.427,43.7465,-3.4475,43.247,44.103891094924734,-3.481360346843452,46.02658258686912,8.36808215557045,-7.3121860092331,1.646120894709742,2.178266778355956,1.428046632086144,2.3527908253122636
TYR_27_A_HB2,ARG_33_C_HG3,1161,4326,43.685,-3.085,43.748,43.83,-3.196,42.092,43.7575,-3.1405000000000003,42.92,44.06971716914826,-3.0300633446757197,46.02982319489967,8.820682799525986,-7.3121860092331,1.666037814696892,2.141890179322781,1.4762868122267947,2.362918544520893
TYR_27_A_HB2,ARG_33_C_HG3,1148,4328,43.603,-2.579,43.569,43.545,-2.634,41.831,43.574,-2.6065,42.7,44.035543243371805,-2.5787663425079845,46.03306380293022,9.273283443481525,-7.3121860092331,1.7398370613364915,1.952958724446934,1.5136633676492788,2.388671418968844
TYR_27_A_HB2,ARG_33_C_HG3,1149,4339,43.684,-2.107,43.418,43.423,-2.2,41.791,43.5535,-2.1535,42.6045,44.00136931759535,-2.12746934034025,46.03630441096078,9.72588408743706,-7.3121860092331,1.6504238849459267,1.871037356794436,1.5318365549278428,2.4090834838634247
TYR_27_A_HD2,GLN_31_C_CD,1239,3236,43.581,-1.66,42.444,43.516,-1.808,41.383,43.5485,-1.734,41.9135,43.96719539181889,-1.676172338172515,46.03954501899133,10.178484731392595,-7.3121860092331,1.0732427498008084,2.0269514717138253,1.5577534089067748,2.453609733182329
TYR_27_A_HD2,ARG_33_C_CD,1246,3979,43.582,-1.264,42.125,43.131,-1.462,39.856,43.3565,-1.363,40.9905,43.93302146604243,-1.2248753360047786,46.042785627021885,10.631085375348135,-7.3121860092331,2.3218453867559727,2.8181851745888844,1.682930063016459,2.520754199795991
LYS_51_A_CE,GLU_46_C_OE1,12567,10646,46.277,-24.626,47.409,46.714,-24.547,51.685,46.4955,-24.5865,49.547,46.15397827951461,-24.65838372223117,45.82957471505463,-12.904148110339786,-6.864739787004953,4.298998255407883,4.291515998088081,2.8877454103708873,3.6627817956179514
LYS_51_A_HE3,GLU_46_C_OE1,12839,10665,46.258,-24.127,47.546,46.391,-23.998,50.706,46.3245,-24.0625,49.126000000000005,46.11980435373816,-24.20708672006344,45.83281532308519,-12.45154746638425,-6.864739787004953,3.1654273013291623,4.050790856717204,2.880881886184137,3.7078174553809795
LYS_51_A_HE3,GLU_46_C_OE1,12856,10619,46.342,-23.786,47.666,46.436,-23.554,50.504,46.389,-23.67,49.085,46.085630427961696,-23.755789717895706,45.836055931115744,-11.998946822428714,-6.864739787004953,2.849018076460732,4.047556202643854,2.848202874900417,3.6999076666822295
LYS_51_A_HE3,GLU_46_C_OE1,12851,10613,46.137,-23.431,47.738,46.568,-23.148,50.256,46.3525,-23.2895,48.997,46.05145650218524,-23.304492715727967,45.8392965391463,-11.546346178473176,-6.864739787004953,2.5702478479710864,4.105108611098794,2.8697749069942105,3.7194276222440426
LYS_51_A_HE3,GLU_46_C_OE1,12859,10612,46.247,-22.668,47.457,46.324,-22.819,50.272,46.2855,-22.7435,48.8645,46.017282576408775,-22.853195713560236,45.842537147176856,-11.09374553451764,-6.864739787004953,2.8200984025384623,3.951920395206253,2.835428016824628,3.6753068230397634
LYS_51_A_HE3,GLU_46_C_HB3,12865,10787,45.906,-22.418,47.138,46.476,-22.43,50.015,46.191,-22.424,48.5765,45.98310865063232,-22.401898711392494,45.84577775520741,-10.641144890562105,-6.864739787004953,2.93294612974736,4.315602616011422,2.866076722703972,3.680721875540802
LYS_51_A_HE3,GLU_46_C_HB3,12828,10768,45.878,-22.176,46.278,46.405,-21.935,50.098,46.1415,-22.0555,48.188,45.94893472485586,-21.950601709224763,45.84901836323796,-10.188544246606565,-6.864739787004953,3.863704181222989,4.549372040438309,2.832623746585529,3.599618029989557
LYS_51_A_HZ1,GLU_46_C_CB,12913,10510,45.72,-21.562,44.437,46.267,-21.388,50.04,45.9935,-21.475,47.2385,45.9147607990794,-21.49930470705703,45.85225897126852,-9.735943602651028,-6.864739787004953,5.6323258073375,3.689982452907485,2.7727326437324042,3.4014966149680395
PHE_28_A_CB,PHE_38_C_HE2,1460,7128,45.075,-6.963,48.392,45.392,-7.054,52.57,45.23350000000001,-7.0085,50.481,44.82119517423271,-7.057800637689516,45.955958428246255,4.747277003926154,-6.864739787004953,4.190996778810499,2.0565878382691483,1.503684855276528,2.4229926529950547
PHE_28_A_HB2,ILE_32_C_HG13,1818,3773,44.667,-6.621,46.231,44.911,-6.682,46.809,44.789,-6.6515,46.52,44.78702124845625,-6.606503635521781,45.95919903627681,5.19987764788169,-6.864739787004953,0.6303499028317487,1.83566666925952,0.9811419951283242,2.384597982066003
PHE_28_A_HB2,ILE_32_C_CG1,1821,3671,44.982,-6.213,46.022,44.778,-6.372,46.064,44.88,-6.2925,46.043,44.75284732267979,-6.155206633354046,45.962439644307366,5.6524782918372285,-6.864739787004953,0.2620324407396922,2.449261839730279,0.9923032151686336,2.3772137013908003
PHE_28_A_HB3,PHE_38_C_CD2,1849,6793,44.98,-5.721,50.255,44.949,-5.798,49.939,44.9645,-5.7595,50.097,44.71867339690333,-5.703909631186312,45.96568025233792,6.105078935792765,-6.864739787004953,0.3267200636630715,2.6575578237606767,1.1685699450829523,2.635138703785316
PHE_28_A_HB2,ARG_33_C_H,1788,4168,44.594,-5.07,45.762,44.347,-5.136,44.726,44.4705,-5.103,45.244,44.68449947112688,-5.252612629018577,45.96892086036847,6.557679579748301,-6.864739787004953,1.0670805967685866,1.844101659580414,1.1233651948843588,2.337720619741468
PHE_28_A_HB3,ARG_33_C_H,1823,4170,45.145,-4.637,49.941,44.453,-4.982,44.579,44.79900000000001,-4.8095,47.260000000000005,44.65032554535041,-4.801315626850842,45.97216146839903,7.010280223703839,-6.864739787004953,5.417465551344099,1.6503602387936962,1.408909138120891,2.4881924358124374
PHE_28_A_O,ARG_33_C_H,1388,4165,44.695,-4.559,45.388,44.278,-4.33,43.78,44.4865,-4.4445,44.584,44.61615161957396,-4.350018624683107,45.97540207642958,7.462880867659376,-6.864739787004953,1.676900116285997,2.1944059270750342,1.2490670287776278,2.3300517212465834
PHE_28_A_O,ARG_33_C_H,1420,4150,44.582,-3.717,44.663,44.114,-3.935,42.952,44.348,-3.826,43.8075,44.5819776937975,-3.898721622515373,45.97864268446013,7.915481511614912,-6.864739787004953,1.7871958482494297,2.2448998714822523,1.3767456424003273,2.3303714239324225
TYR_27_A_HB2,ARG_33_C_HA,1141,4199,44.292,-3.42,44.423,44.207,-3.648,42.691,44.2495,-3.534,43.557,44.54780376802104,-3.4474246203476366,45.98188329249069,8.36808215557045,-6.864739787004953,1.7490091480606949,2.3349524815573224,1.4324791192614974,2.3356633217813925
TYR_27_A_HB2,ARG_33_C_HG3,1143,4329,44.108,-2.988,44.143,43.923,-2.909,41.831,44.0155,-2.9485,42.987,44.513629842244576,-2.996127618179904,45.985123900521245,8.820682799525986,-6.864739787004953,2.3207347974294668,1.9975262671891456,1.5812130139539349,2.357197074521019
TYR_27_A_HB2,ARG_33_C_HG3,1146,4331,44.172,-2.552,44.215,44.035,-2.564,41.665,44.1035,-2.558,42.94,44.47945591646812,-2.544830616012169,45.9883645085518,9.273283443481525,-6.864739787004953,2.553705738725592,1.6976196027966044,1.6583671891410208,2.3663754202176754
TYR_27_A_HB2,ARG_33_C_HG3,1139,4336,44.189,-2.237,44.339,44.113,-2.22,41.438,44.151,-2.2285000000000004,42.8885,44.44528199069166,-2.0935336138444343,45.99160511658236,9.72588408743706,-6.864739787004953,2.9020451409307846,1.5747773339046565,1.7268372419443214,2.3771687849026817
TYR_27_A_H,ARG_33_C_CD,1071,3980,44.297,-1.483,44.483,43.607,-1.692,39.478,43.952,-1.5875,41.9805,44.4111080649152,-1.6422366116766995,45.99484572461291,10.178484731392595,-6.864739787004953,5.056659569320438,2.289827729341101,2.0202707754926696,2.4561149402224247
LYS_51_A_HE3,GLU_46_C_OE1,12830,10654,46.831,-24.243,47.359,47.098,-24.136,51.302,46.9645,-24.1895,49.3305,46.56371702683447,-24.17315099356762,45.78811602870676,-12.45154746638425,-6.417293564776807,3.95347783603247,4.290059531380927,2.714773761702124,3.54992467422926
LYS_51_A_HE3,GLU_46_C_OE1,12834,10615,46.8,-23.909,47.466,47.208,-23.499,50.586,47.004,-23.704,49.026,46.52954310105801,-23.72185399139989,45.79135663673731,-11.998946822428714,-6.417293564776807,3.1731630906715123,4.477335923318124,2.670180824020964,3.550034557839468
LYS_51_A_HE3,GLU_46_C_HB3,12852,10789,46.547,-23.431,47.666,46.973,-23.097,49.982,46.76,-23.264000000000003,48.824,46.49536917528155,-23.27055698923215,45.79459724476786,-11.546346178473176,-6.417293564776807,2.37842132516508,4.103527960661943,2.6844745056995505,3.5906826624576005
LYS_51_A_HE3,GLU_46_C_HB3,12858,10795,46.642,-22.848,47.457,46.992,-22.909,49.673,46.817,-22.8785,48.565,46.46119524950508,-22.819259987064417,45.79783785279842,-11.09374553451764,-6.417293564776807,2.24429877690115,3.405574294482882,2.572640352246578,3.5016536919138628
LYS_51_A_HE3,GLU_46_C_HB3,12864,10797,46.368,-22.418,47.138,46.9,-22.313,49.354,46.634,-22.3655,48.246,46.427021323728624,-22.36796298489668,45.801078460828975,-10.641144890562105,-6.417293564776807,2.2813822564401613,3.3742867883177907,2.557861210839711,3.461306148452851
LYS_51_A_HZ1,GLU_46_C_HB3,12878,10784,46.216,-22.039,44.924,46.721,-21.92,49.468,46.4685,-21.9795,47.196,46.39284739795217,-21.916665982728947,45.80431906885953,-10.188544246606565,-6.417293564776807,4.573524024207157,3.892816440405148,2.5122127167520474,3.2914893943776296
LYS_51_A_HZ1,GLU_43_C_O,12911,9166,46.118,-21.528,44.316,46.629,-21.258,48.961,46.3735,-21.393,46.6385,46.35867347217571,-21.46536898056121,45.80755967689009,-9.735943602651028,-6.417293564776807,4.680816809062277,3.093843451422634,2.3825845257515366,3.161501498462864
PHE_28_A_CB,PHE_38_C_HE2,1461,7141,45.517,-6.819,48.392,45.971,-6.853,52.995,45.744,-6.836,50.6935,45.26510784732902,-7.0238649111937,45.91125913386782,4.747277003926154,-6.417293564776807,4.625460085223949,2.089857750917396,1.5015286350409864,2.396496886484871
PHE_28_A_HB3,PHE_38_C_CG,1864,6732,45.755,-6.654,48.999,45.611,-6.452,48.829,45.683,-6.553,48.914,45.23093392155256,-6.572567909025966,45.914499741898375,5.19987764788169,-6.417293564776807,0.3007324392213154,1.9860322824642584,1.0205973083780715,2.4405041924518405
PHE_28_A_HB2,ILE_32_C_CG1,1794,3679,44.992,-5.931,45.941,45.096,-5.998,45.913,45.044,-5.9645,45.927,45.196759995776105,-6.12127090685823,45.91774034992893,5.6524782918372285,-6.417293564776807,0.1268424219257902,2.5767040443290616,1.0029944956175831,2.3830751942556083
PHE_28_A_HB3,PHE_38_C_CE2,1847,6867,45.423,-5.633,50.022,45.382,-5.72,50.299,45.4025,-5.6765,50.1605,45.16258606999965,-5.669973904690496,45.920980957959486,6.105078935792765,-6.417293564776807,0.2932217590834637,2.40061902680761,1.3149039288913884,2.5758737327191876
PHE_28_A_O,ILE_32_C_HG12,1387,3765,45.068,-5.004,45.501,45.043,-5.338,44.769,45.0555,-5.170999999999999,45.135,45.12841214422319,-5.218676902522762,45.92422156599004,6.557679579748301,-6.417293564776807,0.8049875775439018,2.1457702962088487,1.1128778766279426,2.3543197853516173
PHE_28_A_O,ARG_33_C_H,1421,4161,45.198,-4.734,45.066,44.836,-4.654,44.021,45.017,-4.694,44.5435,45.09423821844672,-4.767379900355026,45.9274621740206,7.010280223703839,-6.417293564776807,1.1088142315104028,1.647378085876231,1.1872394324597948,2.3287424786912228
PHE_28_A_O,ARG_33_C_H,1390,4164,44.79,-4.217,45.127,44.719,-4.388,43.787,44.7545,-4.3025,44.457,45.06006429267026,-4.316082898187292,45.93070278205115,7.462880867659376,-6.417293564776807,1.3527313110887944,2.006831908656044,1.2553229364495961,2.323489220808667
PHE_28_A_O,ARG_33_C_H,1417,4151,45.055,-3.757,44.576,44.551,-3.981,42.952,44.803,-3.869,43.764,45.025890366893805,-3.8647858960195576,45.9339433900817,7.915481511614912,-6.417293564776807,1.7150999970847196,2.087093336835556,1.3965657539037182,2.3283611487953304
PHE_28_A_O,GLN_31_C_CG,1419,3177,44.758,-3.38,44.53,44.725,-3.329,42.427,44.7415,-3.3545,43.4785,44.99171644111735,-3.413488893851821,45.93718399811226,8.36808215557045,-6.417293564776807,2.103877135195876,2.3604222799043058,1.5224324605128918,2.33794035013971
PHE_28_A_H,GLN_31_C_CG,1708,3180,44.938,-2.984,44.662,44.686,-3.106,42.092,44.812,-3.045,43.377,44.95754251534089,-2.962191891684088,45.94042460614281,8.820682799525986,-6.417293564776807,2.5852056011079667,2.308366957276201,1.631626214011082,2.349662038370835
PHE_28_A_H,ARG_33_C_HE,1731,4445,44.797,-2.586,44.653,44.504,-2.317,41.01,44.6505,-2.4515,42.8315,44.92336858956443,-2.510894889516353,45.943665214173365,9.273283443481525,-6.417293564776807,3.664649915066923,1.866335380366036,1.8287695961327657,2.376161247797523
PHE_28_A_H,ARG_33_C_HG3,1706,4337,44.72,-2.147,44.744,44.58,-2.22,41.438,44.65,-2.1835,43.091,44.889194663787976,-2.0595978873486187,45.94690582220392,9.72588408743706,-6.417293564776807,3.309768118766024,1.8126578442874453,1.8116323121414046,2.378673559626292
PHE_28_A_H,ARG_33_C_NE,1705,4017,44.575,-1.703,44.744,44.0,-1.718,38.923,44.2875,-1.7105,41.8335,44.85502073801152,-1.608300885180884,45.95014643023448,10.178484731392595,-6.417293564776807,5.849349621966529,1.980869608350832,2.1195483491750036,2.453606367216864
LYS_51_A_HE3,GLU_46_C_OE1,12835,10616,47.016,-23.58,47.395,47.494,-23.463,50.877,47.255,-23.5215,49.136,46.97345577415432,-23.68791826490407,45.74665734235888,-11.998946822428714,-5.96984734254866,3.5166030483977,4.288110036873041,2.614099367175735,3.4774344877605223
LYS_51_A_HE3,GLU_46_C_HB3,12836,10796,47.189,-23.296,47.175,47.409,-23.109,49.673,47.299,-23.2025,48.424,46.93928184837786,-23.23662126273633,45.74989795038943,-11.546346178473176,-5.96984734254866,2.5146317821899933,3.4091523945929394,2.383003848646607,3.338303129935259
LYS_51_A_HE3,GLU_46_C_HB3,12862,10798,47.073,-22.98,47.138,47.135,-22.679,49.354,47.104,-22.8295,48.246,46.9051079226014,-22.7853242605686,45.75313855841999,-11.09374553451764,-5.96984734254866,2.2372083050087235,3.2182790232780194,2.371297818685565,3.3255709826839204
LYS_51_A_HE3,GLU_46_C_CG,12844,10522,46.782,-22.454,46.159,47.836,-22.519,54.164,47.309,-22.4865,50.1615,46.87093399682494,-22.334027258400862,45.75637916645054,-10.641144890562105,-5.96984734254866,8.0743523579294,4.153679098445373,2.5361689453878635,3.1536439076235685
LYS_51_A_HZ1,GLU_46_C_HB3,12879,10771,46.682,-22.082,44.924,47.343,-21.748,48.832,47.0125,-21.915,46.878,46.83676007104848,-21.88273025623313,45.759619774481095,-10.188544246606565,-5.96984734254866,3.977554650787342,3.2866369306883003,2.192281869665772,3.0668676933813726
LYS_51_A_HZ1,GLU_43_C_O,12883,9165,46.799,-21.534,44.328,46.881,-21.387,48.735,46.84,-21.4605,46.5315,46.80258614527202,-21.4314332540654,45.76286038251165,-9.735943602651028,-5.96984734254866,4.410213373522869,2.869551156712542,2.194683145253486,3.001419190027495
LEU_48_A_HD22,GLU_43_C_O,11547,9163,46.71,-21.057,43.986,46.715,-20.834,47.376,46.712500000000006,-20.9455,45.681,46.76841221949556,-20.98013625189766,45.766100990542206,-9.283342958695492,-5.96984734254866,3.3973304225523906,1.7560390884633177,1.8478113317357587,2.823493530829529
PHE_28_A_HB3,PHE_38_C_CD1,1842,6738,45.998,-6.512,48.434,46.001,-6.627,48.5,45.9995,-6.5695,48.467,45.67484659464887,-6.538632182530151,45.86980044751994,5.19987764788169,-5.96984734254866,0.1326272973410842,1.9789584438886216,1.0685509166663187,2.4131340199866487
PHE_28_A_HB3,PHE_38_C_CE2,1856,6869,45.808,-6.145,49.71,45.806,-6.051,49.513,45.807,-6.098,49.6115,45.64067266887241,-6.087335180362415,45.8730410555505,5.6524782918372285,-5.96984734254866,0.2182865089738735,2.409542316700072,1.158297668157534,2.511833107813935
PHE_28_A_O,ILE_32_C_HG12,1409,3762,45.72,-5.577,45.652,45.613,-5.621,45.659,45.6665,-5.599,45.6555,45.60649874309596,-5.63603817819468,45.876281663581054,6.105078935792765,-5.96984734254866,0.1159051336222855,2.5839211703144893,1.021706176503576,2.407932695191645
PHE_28_A_O,ILE_32_C_HG12,1407,3763,45.479,-5.154,45.204,45.632,-5.397,45.17,45.5555,-5.2755,45.187,45.5723248173195,-5.184741176026947,45.879522271611606,6.557679579748301,-5.96984734254866,0.289160854888762,2.4912333559525304,1.0560945617509734,2.389231559303462
PHE_28_A_O,ARG_33_C_HH21,1428,4574,45.446,-4.539,44.561,45.165,-4.945,39.913,45.3055,-4.742,42.237,45.53815089154303,-4.733444173859211,45.882762879642165,7.010280223703839,-5.96984734254866,4.674152436538632,2.535974543790111,1.7267989143187645,2.391683322113078
PHE_28_A_O,ILE_32_C_H,1416,3697,45.222,-4.279,44.699,45.397,-4.367,43.76,45.3095,-4.323,44.2295,45.503976965766576,-4.282147171691477,45.88600348767272,7.462880867659376,-5.96984734254866,0.9592132192583664,1.3295381506778972,1.2448386666084972,2.3264809477839323
PHE_28_A_O,GLN_31_C_HG3,1415,3488,45.404,-3.982,44.468,45.391,-4.047,43.584,45.3975,-4.0145,44.026,45.46980303999012,-3.8308501695237434,45.88924409570327,7.915481511614912,-5.96984734254866,0.886481810304081,1.3543858364060188,1.2947815696158658,2.327288543207995
PHE_28_A_HA,GLN_31_C_CG,1774,3174,45.926,-3.592,49.605,45.296,-3.55,42.952,45.611,-3.571,46.2785,45.43562911421366,-3.379553167356006,45.89248470373383,8.36808215557045,-5.96984734254866,6.682894058714382,1.7577639044864308,1.7901667640653405,2.462714626173203
PHE_28_A_H,GLN_31_C_CG,1709,3193,45.379,-3.127,44.662,45.102,-3.101,42.524,45.2405,-3.114,43.593,45.4014551884372,-2.928256165188273,45.89572531176438,8.820682799525986,-5.96984734254866,2.156026205777655,1.9463963186294155,1.5658339150499319,2.3493064839880953
PHE_28_A_H,GLN_31_C_CG,1728,3191,45.296,-2.693,44.771,45.19,-2.423,41.986,45.243,-2.558,43.3785,45.36728126266074,-2.4769591630205383,45.89896591979493,9.273283443481525,-5.96984734254866,2.800064463543656,1.702847055234905,1.7028717952367702,2.3686826806765655
PHE_28_A_H,ARG_33_C_HE,1729,4444,45.14,-1.96,45.018,44.967,-2.161,41.392,45.0535,-2.0605,43.205,45.33310733688428,-2.025662160852804,45.90220652782549,9.72588408743706,-5.96984734254866,3.635685079871465,1.9952242905872828,1.8599665608919176,2.3941265209656666
PHE_28_A_H,ARG_33_C_CZ,1713,4071,45.373,-1.655,45.528,44.48,-1.632,38.329,44.9265,-1.6435,41.9285,45.29893341110783,-1.5743651586850689,45.90544713585604,10.178484731392595,-5.96984734254866,7.254211121824341,2.029516379559822,2.2501006953063265,2.4591243875483535
LYS_51_A_HG3,GLU_46_C_OE1,12739,10610,47.539,-23.54,47.05,47.789,-23.449,51.333,47.664,-23.4945,49.1915,47.417368447250624,-23.65398253840825,45.701958047980455,-11.998946822428714,-5.522401120320514,4.2912550611680045,4.127157712374543,2.4645305683695513,3.3001287190751807
LYS_51_A_HE3,ALA_47_C_HB3,12832,11135,47.593,-23.1,45.985,47.576,-23.206,46.088,47.584500000000006,-23.153,46.0365,47.38319452147417,-23.20268553624052,45.70519865601101,-11.546346178473176,-5.522401120320514,0.1487749978995127,3.523870103033175,1.4178557383354593,2.777700831517181
LYS_51_A_CD,ALA_47_C_HB3,12534,11139,47.486,-22.888,45.777,47.32,-22.822,45.672,47.403,-22.855,45.7245,47.34902059569771,-22.751388534072785,45.708439264041566,-11.09374553451764,-5.522401120320514,0.2072124513633293,3.639064867831392,1.391629520761919,2.765323071199058
LYS_51_A_CD,ALA_47_C_HB3,12521,11142,47.441,-22.419,45.009,47.373,-22.37,45.28,47.407,-22.3945,45.1445,47.31484666992125,-22.30009153190505,45.71167987207212,-10.641144890562105,-5.522401120320514,0.2836652957272021,3.7404411915136166,1.3312604043768297,2.7141088720251223
LEU_48_A_HD22,ALA_47_C_HB3,11530,11137,47.327,-21.978,44.692,47.32,-21.918,45.672,47.3235,-21.948,45.182,47.2806727441448,-21.848794529737315,45.71492048010267,-10.188544246606565,-5.522401120320514,0.9818599696494374,3.2123493453120218,1.395294213091065,2.7042950192918798
LEU_48_A_HD22,ALA_47_C_HB3,11527,11125,47.177,-21.259,44.328,47.472,-21.249,45.935,47.3245,-21.254,45.1315,47.24649881836834,-21.39749752756958,45.71816108813323,-9.735943602651028,-5.522401120320514,1.6338831047538251,2.49633690828886,1.4639604811610256,2.653866487313369
LEU_48_A_HD22,TYR_44_C_HA,11528,9909,46.795,-21.083,43.698,47.388,-20.789,46.257,47.0915,-20.936,44.9775,47.212324892591866,-20.94620052540185,45.72140169616378,-9.283342958695492,-5.522401120320514,2.643211304455242,2.3524726805632263,1.576643792700308,2.670332311384851
LEU_48_A_HD22,TYR_44_C_HA,11542,9923,47.235,-20.451,44.283,47.24,-20.468,45.937,47.2375,-20.4595,45.11,47.17815096681541,-20.49490352323411,45.72464230419433,-8.830742314739954,-5.522401120320514,1.6540949186790908,2.1719377809160347,1.4693469043952083,2.632468218607728
LEU_48_A_HD22,TYR_44_C_HA,11556,9924,47.186,-20.113,44.232,47.102,-20.119,45.438,47.144,-20.116,44.835,47.14397704103895,-20.043606521066376,45.72788291222489,-8.378141670784418,-5.522401120320514,1.2089367229098502,2.397824434715116,1.4208914953049778,2.6254881054478494
LEU_48_A_HD22,TYR_44_C_HA,11559,9940,47.133,-19.661,43.84,46.909,-19.598,44.968,47.021,-19.6295,44.404,47.109803115262494,-19.59230951889864,45.73112352025544,-7.92554102682888,-5.522401120320514,1.151750406989293,2.6375051428409453,1.3673350330469312,2.6242856297677126
PHE_28_A_CB,PHE_38_C_CD1,1452,6744,46.17,-6.345,47.54,46.268,-6.715,47.395,46.219,-6.529999999999999,47.4675,46.118759267745176,-6.504696456034335,45.82510115314152,5.19987764788169,-5.522401120320514,0.409303066199117,2.26783366758253,1.0523822114100299,2.429805607266421
PHE_28_A_C,ILE_32_C_CG1,1382,3675,46.259,-5.956,46.16,46.083,-5.912,46.274,46.171,-5.934,46.217,46.08458534196872,-6.053399453866599,45.82834176117208,5.6524782918372285,-5.522401120320514,0.2142615224439556,2.468495395044118,0.9941180025266348,2.43606162912078
PHE_28_A_C,ILE_32_C_HG12,1381,3761,46.033,-5.797,45.882,45.908,-5.692,45.963,45.9705,-5.7445,45.9225,46.05041141619226,-5.602102451698864,45.83158236920263,6.105078935792765,-5.522401120320514,0.1822388542545206,2.6839681466306984,1.0008792499916137,2.4276290786963126
PHE_28_A_O,ILE_32_C_HG12,1408,3771,45.783,-5.374,45.271,45.929,-5.266,45.252,45.856,-5.32,45.2615,46.01623749041581,-5.150805449531131,45.83482297723318,6.557679579748301,-5.522401120320514,0.1825951806592937,2.653994073310075,1.0390257864148909,2.403550216927514
PHE_28_A_O,ARG_33_C_HH21,1437,4573,45.801,-4.554,44.3,45.615,-4.816,39.913,45.708,-4.6850000000000005,42.1065,45.98206356463935,-4.699508447363395,45.83806358526374,7.010280223703839,-5.522401120320514,4.398750845410547,2.2452763505914204,1.7106137952234792,2.390687645039269
PHE_28_A_O,ILE_32_C_H,1436,3701,45.656,-4.109,44.3,45.921,-4.406,44.008,45.7885,-4.2575,44.154,45.94788963886289,-4.248211445195661,45.84130419329429,7.462880867659376,-5.522401120320514,0.4936577761972325,1.8569938493597304,1.2114339191288688,2.342277301773209
PHE_28_A_O,GLN_31_C_HG3,1435,3487,45.801,-3.664,44.3,45.603,-3.706,43.458,45.702,-3.685,43.879,45.91371571308643,-3.796914443027927,45.84454480132485,7.915481511614912,-5.522401120320514,0.865986143076203,1.7075472260006064,1.344502265018115,2.339202692318238
PHE_28_A_O,GLN_31_C_HG3,1411,3486,45.884,-3.138,44.577,45.886,-3.453,43.688,45.885000000000005,-3.2955,44.1325,45.879541787309975,-3.3456174408601904,45.8477854093554,8.36808215557045,-5.522401120320514,0.9431595835276194,1.4583185675452026,1.3835786720898025,2.3503736395260972
PHE_28_A_O,GLN_31_C_CG,1412,3192,45.747,-2.777,44.842,45.416,-2.887,42.788,45.5815,-2.832,43.815,45.845367861533504,-2.894320438692457,45.85102601738596,8.820682799525986,-5.522401120320514,2.0834051454289946,1.683838376726169,1.5737238706753238,2.361532094184197
PHE_28_A_H,GLN_31_C_CG,1727,3194,45.605,-2.397,45.067,45.762,-2.637,43.214,45.6835,-2.517,44.1405,45.811193935757046,-2.4430234365247228,45.85426662541651,9.273283443481525,-5.522401120320514,1.8750621323038887,1.8307886135068887,1.5913637961937888,2.385734523169104
PHE_28_A_H,GLN_31_C_CG,1723,3196,45.728,-2.129,45.53,45.552,-2.204,42.452,45.64,-2.1665,43.991,45.77702000998059,-1.991726434356988,45.857507233447066,9.72588408743706,-5.522401120320514,3.0839398502564896,1.5956093148394173,1.7437264821531548,2.409243551524495
PHE_28_A_H,ARG_33_C_CZ,1719,4074,45.635,-1.491,45.865,44.921,-1.632,37.928,45.278,-1.5615,41.8965,45.74284608420413,-1.540429432189253,45.86074784147762,10.178484731392595,-5.522401120320514,7.970297735969471,2.7620995777325965,2.2855244035763533,2.4628315679824904
LYS_51_A_HG3,ALA_47_C_HB3,12723,11136,48.066,-23.438,46.254,47.96,-23.462,46.088,48.013000000000005,-23.45,46.171,47.86128112034694,-23.62004681191244,45.65725875360202,-11.998946822428714,-5.074954898092368,0.1984137092037728,2.986160490795313,1.3902335066519482,2.711462598480666
LYS_51_A_CG,ALA_47_C_HB3,12489,11132,48.012,-23.308,45.985,47.764,-23.183,46.48,47.888000000000005,-23.2455,46.2325,47.82710719457048,-23.168749809744703,45.660499361632574,-11.546346178473176,-5.074954898092368,0.5675861168140005,3.2307351444496155,1.4386105781189515,2.7419325594530237
LYS_51_A_CD,ALA_47_C_HB3,12529,11147,47.843,-22.524,44.993,47.672,-22.587,44.961,47.7575,-22.5555,44.977,47.792933268794016,-22.71745280757697,45.66373996966313,-11.09374553451764,-5.074954898092368,0.1850243227254252,3.5865993096322906,1.3040435126531091,2.663244760314056
LYS_51_A_CD,ALA_47_C_HB3,12522,11146,47.534,-22.132,44.748,47.672,-22.153,44.961,47.603,-22.1425,44.8545,47.75875934301756,-22.266155805409237,45.666980577693685,-10.641144890562105,-5.074954898092368,0.25466448515645,3.482719433614518,1.3091681747839279,2.662140737310542
LEU_48_A_HD22,ALA_47_C_CB,11531,10968,47.439,-21.633,44.526,47.821,-21.79,44.971,47.63,-21.7115,44.7485,47.7245854172411,-21.8148588032415,45.67022118572424,-10.188544246606565,-5.074954898092368,0.6071227223552025,3.108355449784695,1.3441976546176766,2.6227079383516285
LEU_48_A_CD2,ALA_47_C_HB3,11256,11115,47.23,-21.432,43.041,47.69,-21.474,45.331,47.46,-21.453,44.186,47.69041149146464,-21.363561801073764,45.6734617937548,-9.735943602651028,-5.074954898092368,2.3361215721789885,2.601355034571032,1.4487355812910498,2.5965557763670843
LEU_48_A_HD22,ALA_47_C_CB,11541,10979,47.633,-20.693,44.544,47.833,-20.972,45.265,47.733,-20.832500000000003,44.9045,47.65623756568818,-20.91226479890603,45.67670240178535,-9.283342958695492,-5.074954898092368,0.7985499358211754,2.4439917208503603,1.34680098343843,2.5602785397576127
LEU_48_A_CD2,TYR_44_C_HA,11267,9919,47.255,-20.425,42.653,47.496,-20.318,45.329,47.3755,-20.3715,43.991,47.62206363991172,-20.46096779673829,45.6799430098159,-8.830742314739954,-5.074954898092368,2.6889600220159484,2.1094162729934625,1.4447091400471874,2.547709311009013
LEU_48_A_HD22,TYR_44_C_HA,11551,9921,47.454,-20.113,44.551,47.405,-19.949,45.091,47.4295,-20.031,44.821,47.58788971413527,-20.00967079457056,45.68318361784646,-8.378141670784418,-5.074954898092368,0.5664777135951584,2.5253090794811515,1.3573448838951758,2.5907433619690687
LEU_48_A_HD22,TYR_44_C_HA,11553,9941,47.576,-19.696,44.551,47.304,-19.778,44.968,47.44,-19.737,44.7595,47.55371578835881,-19.558373792402826,45.68642422587701,-7.92554102682888,-5.074954898092368,0.504576059677825,2.734940101217652,1.3300377855756647,2.5766390229655594
LEU_48_A_HD22,TYR_44_C_HA,11554,9929,47.577,-19.3,44.232,47.412,-19.038,44.435,47.4945,-19.169,44.3335,47.51954186258234,-19.10707679023509,45.68966483390757,-7.472940382873344,-5.074954898092368,0.3702404624024785,2.802224015711638,1.3039851500609425,2.5868543606501073
PHE_28_A_C,ILE_32_C_HG12,1379,3759,46.784,-5.992,46.262,46.703,-5.912,46.144,46.7435,-5.952,46.203,46.52849801506503,-6.019463727370784,45.78364246679365,5.6524782918372285,-5.074954898092368,0.1639664599849611,2.5093451106751434,1.0176672826880495,2.45993850721757
PHE_28_A_C,ILE_32_C_HG12,1380,3769,46.258,-5.546,45.399,46.612,-5.345,45.644,46.435,-5.4455,45.5215,46.494324089288575,-5.568166725203049,45.7868830748242,6.105078935792765,-5.074954898092368,0.4751231419326976,2.9302317393957606,1.0118559656775763,2.43906524516295
PHE_28_A_O,ILE_32_C_HG12,1431,3751,46.524,-5.161,44.561,46.522,-4.977,44.799,46.523,-5.069,44.68,46.46015016351212,-5.116869723035316,45.79012368285475,6.557679579748301,-5.074954898092368,0.3008388272813194,2.4733437119331234,1.0621513687703257,2.4220945151756634
PHE_28_A_O,ILE_32_C_H,1438,3699,46.179,-4.829,44.3,46.248,-4.773,44.384,46.2135,-4.801,44.342,46.42597623773565,-4.66557272086758,45.79336429088531,7.010280223703839,-5.074954898092368,0.1222824599032908,2.2540949564140687,1.111518681432699,2.384634683350393
PHE_28_A_O,GLN_31_C_HG3,1441,3485,46.019,-4.109,44.135,45.978,-4.027,43.864,45.9985,-4.068,43.9995,46.3918023119592,-4.214275718699846,45.79660489891586,7.462880867659376,-5.074954898092368,0.2860873992331716,1.886142944712237,1.2349639560158916,2.349062152460743
PHE_28_A_O,GLN_31_C_HG3,1445,3484,46.291,-3.734,44.135,46.206,-3.705,43.977,46.2485,-3.7195,44.056,46.35762838618274,-3.762978716532112,45.79984550694641,7.915481511614912,-5.074954898092368,0.1817415747703296,1.8846440114099408,1.2683020331781207,2.3613019180025883
PHE_28_A_O,GLN_31_C_HG3,1434,3494,46.179,-3.389,44.3,46.17,-3.332,43.986,46.1745,-3.3605,44.143,46.32345446040628,-3.311681714364375,45.80308611497697,8.36808215557045,-5.074954898092368,0.3192585159396692,1.4763611531498673,1.3274040752549776,2.363007924862913
PHE_28_A_O,GLN_31_C_HG3,1410,3496,46.211,-2.825,44.89,46.292,-2.915,43.986,46.2515,-2.87,44.438,46.28928053462982,-2.860384712196642,45.80632672300752,8.820682799525986,-5.074954898092368,0.9120729137519692,1.67403414810025,1.438284854788764,2.3906908440213357
PHE_28_A_H,GLN_31_C_HG3,1724,3473,46.102,-2.411,45.53,46.099,-2.289,43.431,46.1005,-2.35,44.4805,46.25510660885336,-2.409087710028907,45.80956733103808,9.273283443481525,-5.074954898092368,2.102544648753033,1.889292976256349,1.6148067437140683,2.421891058889328
PHE_28_A_H,GLN_31_C_OE1,1721,3270,46.14,-2.187,45.865,46.225,-2.125,43.569,46.182500000000005,-2.156,44.717,46.2209326830769,-1.9577907078611725,45.81280793906864,9.72588408743706,-5.074954898092368,2.298409232491028,2.1017848163378936,1.66779656108053,2.4486438467390403
PHE_28_A_H,GLN_31_C_OE1,1717,3294,46.057,-1.716,46.126,46.003,-1.367,43.527,46.03,-1.5415,44.8265,46.186758757300446,-1.5064937056934378,45.81604854709919,10.178484731392595,-5.074954898092368,2.622883527722873,2.143265154740908,1.7907917663159427,2.5058279335734026
GLU_26_A_HB3,GLN_31_C_OE1,565,3292,46.35,-1.039,46.291,46.155,-1.127,43.862,46.2525,-1.083,45.0765,46.15258483152398,-1.0551967035257013,45.81928915512974,10.631085375348135,-5.074954898092368,2.438403166008438,3.997002469276448,1.8635306610420816,2.584498320694624
GLU_26_A_HB3,GLN_31_C_OE1,569,3301,46.057,-0.826,46.126,46.003,-0.447,43.527,46.03,-0.6365,44.8265,46.11841090574752,-0.6038997013579666,45.8225297631603,11.083686019303672,-5.074954898092368,2.6270435854777863,4.025402668725867,1.941777525355053,2.6133703543630444
GLU_26_A_HB3,GLN_31_C_OE1,604,3307,46.202,-0.216,45.763,45.971,-0.247,43.144,46.0865,-0.2314999999999999,44.4535,46.08423697997107,-0.1526026991902335,45.82577037119085,11.536286663259208,-5.074954898092368,2.629350299979065,3.730881361928153,2.0220720181209284,2.6475435540459245
LYS_51_A_HG2,LEU_50_C_HD13,12703,12337,48.499,-26.982,45.822,48.904,-27.363,46.708,48.7015,-27.1725,46.265,48.57858519965492,-27.1964871027585,45.58663459497915,-15.619751974073008,-4.627508675864221,1.046031548281405,2.721983504685911,1.3815807006173206,2.7316470002222397
LYS_51_A_HG3,ALA_47_C_CA,12753,10898,48.6,-24.168,47.29,48.683,-23.856,47.342,48.6415,-24.012,47.316,48.3393677192197,-24.03740808758436,45.60931885119304,-12.45154746638425,-4.627508675864221,0.3270122321871128,3.015446274347134,1.5029188683753019,2.711275872899135
LYS_51_A_HG3,ALA_47_C_HA,12757,11025,48.547,-23.659,46.579,48.512,-23.624,46.629,48.5295,-23.6415,46.604,48.305193793443244,-23.586111085416626,45.61255945922359,-11.998946822428714,-4.627508675864221,0.0703562363973478,2.968506922939396,1.4011595393503993,2.6575187826511097
LYS_51_A_CD,ALA_47_C_CB,12523,10971,48.02,-23.01,45.38,48.171,-23.083,44.907,48.0955,-23.0465,45.1435,48.27101986766679,-23.134814083248887,45.61580006725414,-11.546346178473176,-4.627508675864221,0.5018555569085632,3.5338001690884653,1.3018053839239865,2.635171399689767
LYS_51_A_CD,ALA_47_C_CB,12524,10970,48.08,-22.78,45.045,48.064,-22.654,44.735,48.072,-22.717,44.89,48.23684594189032,-22.683517081081156,45.6190406752847,-11.09374553451764,-4.627508675864221,0.3350104475982826,3.6337426856048713,1.2842919764392973,2.6201245951578307
LYS_51_A_CD,ALA_47_C_CB,12526,10969,48.175,-22.438,44.784,47.94,-22.196,44.757,48.0575,-22.317,44.7705,48.202672016113866,-22.232220078913414,45.62228128331525,-10.641144890562105,-4.627508675864221,0.3384050827041439,3.4476167539366918,1.2870976094413158,2.598211019545336
LEU_48_A_CD2,ALA_47_C_CB,11253,10993,48.182,-21.951,44.648,48.047,-21.63,44.748,48.1145,-21.7905,44.698,48.16849809033741,-21.780923076745683,45.625521891345805,-10.188544246606565,-4.627508675864221,0.3623065000796994,2.974939028249748,1.2847630191937505,2.55673954011653
LEU_48_A_CD2,ALA_47_C_CB,11252,10977,48.144,-21.508,44.581,48.018,-21.235,44.994,48.081,-21.3715,44.7875,48.13432416456095,-21.32962607457795,45.62876249937637,-9.735943602651028,-4.627508675864221,0.5108561441345268,2.619347680285248,1.2941986769520966,2.5358693098313556
LEU_48_A_HD22,ALA_47_C_CB,11532,10978,47.88,-21.026,44.526,48.204,-20.73,44.976,48.042,-20.878,44.751000000000005,48.10015023878449,-20.878329072410214,45.63200310740692,-9.283342958695492,-4.627508675864221,0.6285634415076926,2.300832644938696,1.3090605754165603,2.5180071302069544
LEU_48_A_HD22,ALA_47_C_CB,11550,10981,48.02,-20.468,44.76,47.85,-20.532,45.173,47.935,-20.5,44.9665,48.06597631300803,-20.42703207024248,45.63524371543747,-8.830742314739954,-4.627508675864221,0.4511817815470874,2.418580943803318,1.3052388191659412,2.520997651009398
LEU_48_A_HD22,TYR_44_C_HA,11549,9918,47.815,-20.113,44.76,47.826,-20.102,45.072,47.8205,-20.1075,44.916,48.03180238723157,-19.975735068074744,45.63848432346803,-8.378141670784418,-4.627508675864221,0.3123875797787149,2.4208464610142717,1.304627374828494,2.532574375669434
LEU_48_A_HD22,TYR_44_C_HA,11552,9915,47.905,-19.411,44.551,47.984,-19.362,44.889,47.944500000000005,-19.3865,44.72,47.99762846145512,-19.52443806590701,45.64172493149858,-7.92554102682888,-4.627508675864221,0.3505509948638016,2.7303866347315187,1.2990531319579293,2.5124124730750825
LEU_48_A_HD22,TYR_44_C_HA,11536,9913,47.921,-18.995,44.071,48.052,-18.884,44.617,47.9865,-18.9395,44.344,47.96345453567865,-19.073141063739275,45.64496553952913,-7.472940382873344,-4.627508675864221,0.5723617737061059,2.9633008252465958,1.27425140756555,2.5069191390083234
LEU_48_A_HD12,TYR_44_C_HB2,11454,9960,47.861,-18.645,43.698,47.524,-18.618,43.632,47.6925,-18.6315,43.665,47.92928060990219,-18.62184406157154,45.64820614755969,-7.020339738917807,-4.627508675864221,0.3444618991993132,3.3920476349684865,1.2413412307267617,2.5849617504043847
LEU_48_A_HD12,TYR_44_C_HB2,11452,9966,47.747,-18.262,43.375,47.613,-18.307,43.313,47.68,-18.2845,43.344,47.895106684125736,-18.170547059403805,45.65144675559024,-6.56773909496227,-4.627508675864221,0.1543534904043301,3.5711861327665035,1.200286294475077,2.6224303505733126
LEU_48_A_HD12,TYR_44_C_HB2,11464,9951,47.532,-17.92,42.887,47.482,-17.694,43.012,47.507,-17.807000000000002,42.9495,47.86093275834928,-17.71925005723607,45.6546873636208,-6.115138451006733,-4.627508675864221,0.2630608294672563,3.5311866810882933,1.2018394778706487,2.678561463630931
LEU_48_A_HD12,TYR_44_C_HD2,11467,9999,47.622,-17.468,42.887,47.415,-17.266,42.774,47.5185,-17.366999999999997,42.8305,47.826758832572814,-17.267953055068336,45.65792797165136,-5.662537807051196,-4.627508675864221,0.3105189205185424,3.971425598969416,1.1810574978606072,2.699427683393391
THR_29_A_HA,ILE_32_C_HG12,2271,3758,47.114,-6.023,45.927,47.088,-6.029,45.995,47.101,-6.026,45.961,46.97241068816134,-5.985528000874969,45.73894317241521,5.6524782918372285,-4.627508675864221,0.0730479294709953,2.815501343566829,1.0007012635130514,2.4756704430853285
PHE_28_A_O,ILE_32_C_HG12,1394,3768,46.812,-5.598,45.371,47.029,-5.545,45.644,46.9205,-5.5715,45.5075,46.93823676238488,-5.534230998707234,45.74218378044576,6.105078935792765,-4.627508675864221,0.352742115432791,2.905886215215133,1.0112225323276856,2.4679723593223093
PHE_28_A_O,ILE_32_C_HG12,1401,3749,47.002,-5.06,44.601,46.93,-4.973,44.652,46.966,-5.0165,44.6265,46.904062836608425,-5.0829339965395,45.74542438847632,6.557679579748301,-4.627508675864221,0.1239112585683824,2.55564278808236,1.074869215442993,2.445454976122786
PHE_28_A_O,GLN_31_C_HG3,1439,3483,46.647,-4.829,44.3,46.641,-4.439,44.336,46.644,-4.634,44.318,46.86988891083196,-4.631636994371765,45.74866499650688,7.010280223703839,-4.627508675864221,0.391703969854787,2.471533344800544,1.1236657919696877,2.4082908806773986
PHE_28_A_O,GLN_31_C_HG3,1443,3482,46.732,-4.341,44.135,46.46,-4.109,44.141,46.596,-4.225,44.138,46.8357149850555,-4.180339992204031,45.75190560453743,7.462880867659376,-4.627508675864221,0.357552793304708,2.230322647098402,1.1837090375227122,2.394088744041613
PHE_28_A_O,GLN_31_C_HG3,1444,3481,46.732,-3.877,44.135,46.715,-3.735,44.202,46.7235,-3.806,44.1685,46.801541059279046,-3.729042990036296,45.75514621256798,7.915481511614912,-4.627508675864221,0.1579303644015293,1.806664069203174,1.2258865822143274,2.395035693273015
PHE_28_A_O,GLN_31_C_HG3,1433,3493,46.647,-3.389,44.3,46.531,-3.332,44.195,46.589,-3.3605,44.2475,46.76736713350259,-3.2777459878685598,45.75838682059854,8.36808215557045,-4.627508675864221,0.166523271646936,1.6194902527581745,1.298685559125608,2.3894438807964553
PHE_28_A_O,GLN_31_C_HG3,1432,3492,46.524,-3.057,44.561,46.736,-2.977,44.195,46.63,-3.017,44.378,46.73319320772613,-2.8264489857008264,45.76162742862909,8.820682799525986,-4.627508675864221,0.4304648650006155,1.9105633442264824,1.374505668940057,2.4014359521123847
PHE_28_A_H,GLN_31_C_HG3,1725,3476,46.552,-2.539,45.53,46.692,-2.586,44.021,46.622,-2.5625,44.7755,46.69901928194967,-2.375151983533092,45.76486803665964,9.273283443481525,-4.627508675864221,1.5162090884835118,2.00986403085947,1.5340103274637038,2.4358367096372
THR_29_A_HB,GLN_31_C_OE1,2288,3269,46.903,-1.991,46.126,46.545,-2.142,43.873,46.724,-2.0665,44.9995,46.66484535617321,-1.923854981365357,45.7681086446902,9.72588408743706,-4.627508675864221,2.286257640774547,2.5716585185227165,1.6762654158707275,2.4944409477917175
PHE_28_A_H,GLN_31_C_OE1,1715,3278,46.791,-1.646,46.291,46.578,-1.352,44.123,46.6845,-1.499,45.207,46.63067143039675,-1.4725579791976222,45.77134925272075,10.178484731392595,-4.627508675864221,2.1981876625984405,2.8189048607724048,1.7826683792466704,2.551383691205011
GLU_26_A_HB3,GLN_31_C_OE1,564,3277,46.791,-0.896,46.291,46.433,-0.907,44.123,46.612,-0.9015,45.207,46.59649750462029,-1.0212609770298855,45.774589860751306,10.631085375348135,-4.627508675864221,2.197386857155561,3.7403080488081897,1.889520249534429,2.621280728230703
GLU_26_A_HB3,GLN_31_C_OE1,568,3284,46.436,-0.551,46.126,46.578,-0.462,44.123,46.507000000000005,-0.5065000000000001,45.1245,46.56232357884383,-0.569963974862151,45.777830468781865,11.083686019303672,-4.627508675864221,2.0099985074621327,4.111311588469017,1.9637336717639262,2.6519424185257012
GLU_26_A_HB3,GLN_31_C_OE1,607,3290,46.543,0.1,45.534,46.334,-0.285,43.862,46.438500000000005,-0.0924999999999999,44.698,46.52814965306737,-0.1186669726944181,45.78107107681242,11.536286663259208,-4.627508675864221,1.728435708957666,3.69895714415398,1.9982456769896553,2.6677367941690093
GLU_26_A_HB3,GLN_31_C_OE1,603,3306,46.394,0.537,45.263,46.251,0.113,43.144,46.3225,0.325,44.2035,46.49397572729092,0.3326300294733184,45.78431168484297,11.988887307214746,-4.627508675864221,2.165729900056791,3.281289554173966,2.084679186172973,2.6743202657056466
LYS_51_A_HA,LEU_50_C_CD1,12612,12062,49.06,-28.369,44.313,49.389,-28.502,46.112,49.224500000000006,-28.4355,45.212500000000006,49.12501965008061,-28.51644238276589,45.53221347650906,-16.977553905939622,-4.180062453636075,1.8336660001210685,2.229499804954111,1.3717378607166357,2.7993933846950156
LYS_51_A_HA,LEU_50_C_CD1,12625,12064,49.06,-27.86,44.754,49.277,-28.08,45.689,49.1685,-27.97,45.2215,49.09084572430415,-28.06514538059816,45.53545408453962,-16.52495326198408,-4.180062453636075,0.9847405749739386,2.266869839096925,1.2808006346635532,2.730692607171583
LYS_51_A_HA,LEU_50_C_CD1,12618,12047,49.222,-27.486,45.19,49.186,-27.694,45.728,49.204,-27.59,45.459,49.05667179852769,-27.613848378430426,45.538694692570175,-16.072352618028546,-4.180062453636075,0.5779307917043385,2.4009615660766763,1.2343547004352995,2.6779556823378017
LYS_51_A_HA,LEU_50_C_CD1,12620,12046,49.043,-27.17,45.39,49.246,-27.279,45.605,49.1445,-27.2245,45.4975,49.02249787275123,-27.162551376262687,45.54193530060073,-15.619751974073008,-4.180062453636075,0.3151428247636287,2.4556697075820475,1.2163037654207327,2.653839286183595
LYS_51_A_CG,LEU_50_C_HD13,12492,12346,48.977,-26.658,45.916,49.15,-26.912,45.9,49.0635,-26.785,45.908,48.988323946974766,-26.711254374094956,45.545175908631286,-15.167151330117472,-4.180062453636075,0.3077352758459768,2.4652572884034147,1.2480863935884714,2.6440528665515277
LYS_51_A_HG3,ALA_47_C_HA,12752,11056,48.835,-24.534,47.29,49.053,-24.457,47.212,48.944,-24.4955,47.251000000000005,48.81745431809247,-24.45476936325628,45.56137894878405,-12.904148110339786,-4.180062453636075,0.244002049171718,3.257852114176863,1.4318212383659283,2.6608898558733522
LYS_51_A_HG3,ALA_47_C_HA,12755,11048,48.743,-23.938,46.971,48.879,-24.075,46.903,48.811,-24.0065,46.937,48.783280392316016,-24.003472361088544,45.56461955681461,-12.45154746638425,-4.180062453636075,0.2046680238825759,3.1054334826554637,1.4031864861607528,2.6492730947823966
LYS_51_A_HG3,ALA_47_C_HA,12728,11050,48.816,-23.735,46.37,48.667,-23.771,46.796,48.7415,-23.753,46.583,48.74910646653956,-23.55217535892081,45.567860164845165,-11.998946822428714,-4.180062453636075,0.452739439413005,2.9426624520404574,1.3821628642189363,2.6217344029910294
LYS_51_A_CD,ALA_47_C_CB,12525,10989,48.461,-23.0,45.045,48.587,-23.291,44.748,48.524,-23.1455,44.8965,48.7149325407631,-23.100878356753075,45.57110077287572,-11.546346178473176,-4.180062453636075,0.4344720934651659,3.421315297789683,1.2611725718760363,2.559082878304084
LYS_51_A_CD,ALA_47_C_CB,12527,11001,48.554,-22.713,44.784,48.366,-22.542,44.448,48.46,-22.6275,44.616,48.68075861498664,-22.64958135458534,45.57434138090628,-11.09374553451764,-4.180062453636075,0.4212849392038596,3.379438680643899,1.2479770430311299,2.5442007420321477
LEU_48_A_CD2,ALA_47_C_CB,11230,11004,48.684,-22.373,44.618,48.636,-22.089,44.221,48.66,-22.231,44.4195,48.64658468921018,-22.198284352417605,45.57758198893683,-10.641144890562105,-4.180062453636075,0.490478337951846,2.92445576467495,1.2543466868642918,2.492229557960209
LEU_48_A_HD23,ALA_47_C_CB,11592,10999,48.074,-21.638,40.799,48.366,-21.636,44.448,48.22,-21.637,42.6235,48.61241076343372,-21.74698735024987,45.58082259696738,-10.188544246606565,-4.180062453636075,3.6606651035023687,2.197519276719732,1.4692581452206603,2.366179851254391
LEU_48_A_CD2,ALA_47_C_CB,11251,10998,48.552,-21.3,44.695,48.622,-21.251,44.448,48.587,-21.2755,44.5715,48.57823683765727,-21.295690348082136,45.58406320499794,-9.735943602651028,-4.180062453636075,0.2613618181754939,2.054338912330202,1.2653986759016858,2.458876316320725
LEU_48_A_CD2,ALA_47_C_CB,11263,10976,48.413,-20.871,44.788,48.332,-21.028,44.795,48.3725,-20.9495,44.7915,48.5440629118808,-20.8443933459144,45.58730381302849,-9.283342958695492,-4.180062453636075,0.176802149308201,2.3184756444659653,1.2725621955345325,2.473905157468625
LEU_48_A_CD2,ALA_47_C_CB,11244,10980,48.385,-20.216,44.848,48.227,-20.284,45.032,48.306,-20.25,44.94,48.50988898610434,-20.393096343746667,45.59054442105904,-8.830742314739954,-4.180062453636075,0.2518809242479453,2.267946880767926,1.2891925128745023,2.4605930326389593
LEU_48_A_CD2,TYR_44_C_HA,11234,9914,47.901,-19.486,41.914,48.277,-19.575,45.054,48.089,-19.5305,43.484,48.44154113455143,-19.4905023394112,45.59702563712016,-7.92554102682888,-4.180062453636075,3.1636840866306484,2.726094614657027,1.4135571072788884,2.418871319511318
LEU_48_A_HD22,GLU_46_C_N,11540,10464,48.336,-19.227,44.466,49.124,-19.045,51.338,48.73,-19.136000000000003,47.902,48.40736720877496,-19.039205337243462,45.60026624515071,-7.472940382873344,-4.180062453636075,6.919425698712286,3.0596104773547066,2.297554951734709,2.616069220895314
LEU_48_A_HD12,TYR_44_C_HB2,11449,9961,47.953,-18.698,41.962,47.941,-18.418,43.632,47.947,-18.558,42.797,48.37319328299851,-18.587908335075728,45.60350685318127,-7.020339738917807,-4.180062453636075,1.693352887026205,2.9103188794071064,1.3203621649301818,2.5424276588463868
LEU_48_A_HD12,TYR_44_C_CB,11451,9682,48.1,-18.19,43.722,48.308,-18.192,43.859,48.204,-18.191000000000003,43.7905,48.33901935722205,-18.136611332907997,45.60674746121182,-6.56773909496227,-4.180062453636075,0.2490722786662527,3.475717769911024,1.227875142108385,2.5387744651937805
LEU_48_A_HD12,TYR_44_C_HB2,11458,9947,47.943,-17.92,43.598,47.908,-17.833,43.188,47.9255,-17.8765,43.393,48.30484543144559,-17.68531433074026,45.60998806924237,-6.115138451006733,-4.180062453636075,0.4205876840802611,3.753355142909348,1.1926468296359318,2.622850027239279
LEU_48_A_HD12,TYR_44_C_HD2,11468,9997,47.878,-17.084,42.471,47.738,-17.062,42.46,47.808,-17.073,42.4655,48.27067150566913,-17.234017328572524,45.61322867727293,-5.662537807051196,-4.180062453636075,0.1421442928857856,3.9987337963855487,1.1895679629472566,2.7015575628679005
LEU_30_A_HD13,ILE_41_C_CG2,2936,8279,48.25,-11.607,47.895,48.217,-11.924,48.084,48.2335,-11.7655,47.98950000000001,47.86058439635162,-11.818453302559703,45.65211597363958,-0.2313300795847528,-4.180062453636075,0.370538796889071,1.614594957340147,0.9182755761109495,2.1618724619243816
LEU_30_A_HD13,ILE_41_C_CG2,2935,8280,47.994,-11.223,47.895,48.168,-11.137,47.823,48.081,-11.18,47.859,47.82641047057516,-11.367156300391969,45.65535658167013,0.2212705643707853,-4.180062453636075,0.2070169075220675,1.6831697663813432,0.8860025325650407,2.182163823352389
LEU_30_A_HD13,PHE_38_C_CE1,2934,6809,47.904,-10.771,47.895,47.959,-10.707,48.084,47.9315,-10.739,47.98950000000001,47.79223654479871,-10.915859298224236,45.658597189700686,0.6738712083263216,-4.180062453636075,0.2069830910968333,1.9234527991521493,0.8869379052865082,2.2079887661269213
LEU_30_A_HD13,PHE_38_C_CE1,2933,6808,47.994,-10.319,48.311,47.842,-10.467,48.419,47.918,-10.393,48.365,47.75806261902225,-10.4645622960565,45.661837797731245,1.126471852281858,-4.180062453636075,0.2380588162618632,2.0626389053876717,0.9289962607427869,2.236733448558621
LEU_30_A_CD1,PHE_38_C_CE1,2548,6806,48.213,-9.954,48.395,48.167,-9.977,48.802,48.19,-9.9655,48.5985,47.72388869324578,-10.013265293888765,45.6650784057618,1.579072496237396,-4.180062453636075,0.4102365171458985,2.390346351926828,0.9842592202312995,2.2674524075762794
THR_29_A_HA,ILE_32_C_CG1,2278,3661,47.671,-6.428,46.031,47.704,-6.537,46.001,47.6875,-6.4825,46.016,47.45049728703411,-6.4028892765468886,45.69100327000623,5.19987764788169,-4.180062453636075,0.1177709641634989,2.954235995104704,0.9773450420303214,2.4874782759235137
THR_29_A_HA,ILE_32_C_HG12,2269,3757,47.424,-6.139,45.605,47.413,-6.059,45.657,47.4185,-6.099,45.631,47.41632336125765,-5.951592274379153,45.69424387803679,5.6524782918372285,-4.180062453636075,0.0960468635614928,3.0803300944851824,0.9769368110529543,2.483533410592229
THR_29_A_HA,ILE_32_C_HG12,2276,3746,47.464,-5.522,44.901,47.558,-5.687,45.104,47.511,-5.6045,45.0025,47.3821494354812,-5.500295272211418,45.69748448606734,6.105078935792765,-4.180062453636075,0.277974819003446,3.262810752978708,1.0169724768913886,2.488035853537919
PHE_28_A_O,GLN_31_C_HA,1398,3372,47.395,-5.063,44.686,47.367,-5.019,44.652,47.381,-5.041,44.669,47.34797550970474,-5.048998270043684,45.70072509409789,6.557679579748301,-4.180062453636075,0.0622575296650952,2.435002201382011,1.072982494143656,2.4724546115277293
PHE_28_A_O,GLN_31_C_HA,1440,3373,47.025,-4.554,44.3,47.023,-4.687,44.391,47.024,-4.6205,44.3455,47.313801583928274,-4.597701267875949,45.70396570212845,7.010280223703839,-4.180062453636075,0.16116451222276,2.5310036548287487,1.122565466923768,2.4329338256502377
THR_29_A_H,GLN_31_C_HG3,2247,3471,47.59,-4.136,49.445,47.135,-4.342,44.225,47.3625,-4.239,46.835,47.27962765815182,-4.146404265708215,45.707206310159,7.462880867659376,-4.180062453636075,5.243840291236947,2.22905370410448,1.5897044975680612,2.4549246789191215
PHE_28_A_O,ARG_33_C_HH22,1406,4682,47.077,-3.521,44.354,46.34,-3.612,35.455,46.7085,-3.5665,39.9045,47.24545373237536,-3.69510726354048,45.710446918189554,7.915481511614912,-4.180062453636075,8.929930066915418,2.428781194439169,1.8524995545202056,2.467550740357581
PHE_28_A_O,GLN_31_C_HG3,1405,3489,46.893,-3.145,44.534,46.941,-3.332,44.267,46.917,-3.2385,44.4005,47.2112798065989,-3.243810261372744,45.71368752622011,8.36808215557045,-4.180062453636075,0.3294874807940325,2.1074335078822184,1.3181244645587353,2.4181487827474943
THR_29_A_HB,GLN_31_C_HG3,2310,3491,47.222,-2.862,44.733,47.146,-2.977,44.195,47.184,-2.9195,44.464,47.17710588082244,-2.792513259205011,45.716928134250665,8.820682799525986,-4.180062453636075,0.5553782494840759,2.189380588557838,1.3973682473175029,2.451904162112895
THR_29_A_HB,GLN_31_C_OE1,2294,3268,47.018,-2.496,45.53,46.964,-2.178,44.01,46.991,-2.337,44.77,47.14293195504598,-2.341216257037276,45.72016874228122,9.273283443481525,-4.180062453636075,1.5538468392991664,2.120339176675831,1.5843276948900566,2.4768213846811515
THR_29_A_HB,GLN_31_C_OE1,2289,3266,47.282,-1.716,46.126,46.76,-1.73,44.037,47.021,-1.723,45.0815,47.10875802926952,-1.8899192548695416,45.723409350311776,9.72588408743706,-4.180062453636075,2.153276805243579,2.699515088963232,1.735770863101162,2.541731686722449
GLU_26_A_HB3,GLN_31_C_CD,563,3231,47.064,-1.271,46.291,46.584,-1.545,40.42,46.824,-1.408,43.3555,47.074584103493066,-1.4386222527018069,45.72664995834233,10.178484731392595,-4.180062453636075,5.896958283725597,2.483319833207557,2.125290475363086,2.5194180748684643
GLU_26_A_HB3,GLN_31_C_OE1,566,3275,47.282,-0.826,46.126,46.871,-1.139,44.288,47.0765,-0.9825,45.207,47.0404101777166,-0.9873252505340704,45.72989056637288,10.631085375348135,-4.180062453636075,1.9092234023288104,3.2356616399418763,1.8717206980530592,2.6179009918512466
GLU_26_A_HB3,GLN_31_C_OE1,567,3274,46.903,-0.551,46.126,46.871,-0.675,44.288,46.887,-0.613,45.207,47.00623625194015,-0.5360282483663357,45.73313117440344,11.083686019303672,-4.180062453636075,1.842455969623156,3.592868546404684,1.9483643476890846,2.6507756630640027
THR_29_A_HB,GLN_31_C_OE1,2313,3283,46.802,-0.067,45.803,46.956,-0.187,44.123,46.879000000000005,-0.127,44.963,46.97206232616369,-0.0847312461986026,45.73637178243399,11.536286663259208,-4.180062453636075,1.6913060042464223,3.4723237271059166,2.0490103767560033,2.680912808215426
GLU_26_A_HB3,GLN_31_C_OE1,608,3299,46.872,0.385,45.534,46.622,0.233,43.527,46.747,0.309,44.5305,46.93788840038723,0.3665657559691338,45.73961239046454,11.988887307214746,-4.180062453636075,2.028214239176915,3.525196856484468,2.1106764354245904,2.6969979923449356
LYS_51_A_HA,LEU_50_C_CD1,12613,12074,49.644,-28.906,44.249,49.743,-28.699,45.288,49.6935,-28.8025,44.7685,49.603106248953374,-28.93380365843781,45.48427357410008,-17.430154549895157,-3.732616231407929,1.0640352437771918,2.488410856851648,1.3570809281802358,2.8638779306881386
LYS_51_A_HA,LEU_50_C_CD1,12611,12073,49.491,-28.485,44.436,49.501,-28.301,45.288,49.496,-28.393,44.862,49.56893232317692,-28.482506656270075,45.48751418213063,-16.977553905939622,-3.732616231407929,0.871699489503117,2.236378129763135,1.289038538625044,2.7776110558834355
LYS_51_A_HA,LEU_50_C_CD1,12610,12076,49.284,-28.091,44.66,49.658,-28.078,44.927,49.471,-28.0845,44.7935,49.53475839740045,-28.03120965410234,45.49075479016119,-16.52495326198408,-3.732616231407929,0.4597107786424018,2.26809098044371,1.2339758721709448,2.7287125626059825
LYS_51_A_HA,LEU_50_C_CD1,12622,12075,49.388,-27.749,45.073,49.586,-27.619,44.927,49.487,-27.684,45.0,49.500584471624,-27.57991265193461,45.49399539819174,-16.072352618028546,-3.732616231407929,0.2782444968009253,2.149627880209597,1.1906694386759027,2.666504489888478
LYS_51_A_HA,LEU_50_C_CD1,12615,12070,49.499,-27.165,45.371,49.501,-26.937,45.288,49.5,-27.051,45.3295,49.46641054584754,-27.12861564976687,45.497236006222295,-15.619751974073008,-3.732616231407929,0.2426458324389685,2.296956929688699,1.1582526008775804,2.598011378609526
LYS_51_A_HA,LEU_50_C_CD1,12616,12045,49.362,-26.75,45.606,49.367,-26.861,45.637,49.3645,-26.8055,45.6215,49.43223662007107,-26.677318647599137,45.50047661425285,-15.167151330117472,-3.732616231407929,0.1153559708034223,2.405840185967006,1.1873712413859552,2.606210727835105
LYS_51_A_CG,LEU_50_C_HD13,12494,12325,49.29,-26.123,46.283,49.391,-26.351,46.557,49.3405,-26.237,46.42,49.398062694294616,-26.2260216454314,45.503717222283406,-14.714550686161935,-3.732616231407929,0.370487516658793,2.8848392742463345,1.279627040415769,2.612488058514248
LYS_51_A_CG,LEU_50_C_HD13,12495,12329,49.356,-25.793,46.464,49.645,-25.71,46.957,49.5005,-25.7515,46.7105,49.36388876851816,-25.774724643263667,45.50695783031396,-14.261950042206395,-3.732616231407929,0.5774590894600263,3.166812869883385,1.3079418249452712,2.5903061014080735
ASP_52_A_HB3,ALA_47_C_HA,13417,11027,48.618,-25.026,38.127,49.625,-24.859,46.767,49.1215,-24.942500000000003,42.447,49.29554091696525,-24.8721306389282,45.51343904637507,-13.356748754295324,-3.732616231407929,8.700088390355583,3.230707936206392,1.855849821395028,2.486334280005392
LYS_51_A_HB2,ALA_47_C_HA,12666,11030,49.526,-24.591,46.65,49.426,-24.273,46.432,49.476,-24.432,46.541,49.26136699118878,-24.420833636760463,45.51667965440562,-12.904148110339786,-3.732616231407929,0.3983064147110859,2.89665385204154,1.2574210300815276,2.5007219187835945
LYS_51_A_CB,ALA_47_C_HA,12481,11031,49.304,-23.798,46.139,49.417,-24.129,46.05,49.3605,-23.9635,46.0945,49.22719306541232,-23.96953663459273,45.51992026243618,-12.45154746638425,-3.732616231407929,0.3609030340687134,2.937717343176479,1.2510241190939557,2.491397270819648
LYS_51_A_CB,ALA_47_C_CB,12484,10990,49.016,-23.425,45.706,49.001,-23.502,44.748,49.0085,-23.4635,45.227,49.193019139635865,-23.518239632424997,45.52316087046673,-11.998946822428714,-3.732616231407929,0.9612065334775926,2.9125223295373277,1.2190343928531129,2.4971029135364944
LYS_51_A_CB,ALA_47_C_CB,12475,11003,49.107,-22.911,44.942,49.007,-23.183,44.448,49.057,-23.047,44.695,49.15884521385941,-23.06694263025726,45.52640147849728,-11.546346178473176,-3.732616231407929,0.5727303030222857,2.89988036681774,1.2156248047609441,2.4586006006542642
LYS_51_A_CB,ALA_47_C_CB,12470,11005,49.04,-22.718,44.783,48.766,-22.535,44.221,48.903,-22.6265,44.502,49.12467128808294,-22.615645628089524,45.52964208652784,-11.09374553451764,-3.732616231407929,0.6514668065220252,2.934598299550656,1.227260333218986,2.4695967574487234
LEU_48_A_HD21,ALA_47_C_CB,11513,11012,49.141,-22.229,44.62,49.037,-22.089,44.081,49.089,-22.159,44.3505,49.090497362306486,-22.16434862592179,45.5328826945584,-10.641144890562105,-3.732616231407929,0.5665130183852741,2.6192186974643685,1.2379885594670565,2.420314687892091
LEU_48_A_HD21,ALA_47_C_CB,11514,11009,49.141,-21.765,44.62,48.766,-21.643,44.221,48.9535,-21.704,44.4205,49.05632343653003,-21.71305162375405,45.53612330258895,-10.188544246606565,-3.732616231407929,0.5609901959927649,2.155460729724433,1.252309709101341,2.419107235033897
LEU_48_A_CD2,ALA_47_C_CB,11264,11008,48.765,-21.175,44.788,49.118,-21.339,44.221,48.941500000000005,-21.257,44.50449999999999,49.02214951075357,-21.26175462158632,45.53936391061951,-9.735943602651028,-3.732616231407929,0.6877455924976914,2.3994442754800267,1.2717911370568746,2.4101994846461734
LEU_48_A_CD2,ALA_47_C_CB,11261,10975,48.896,-20.791,44.928,48.685,-20.795,44.743,48.7905,-20.793,44.8355,48.98797558497711,-20.810457619418585,45.54260451865006,-9.283342958695492,-3.732616231407929,0.2806456840929459,2.0888252539678223,1.2622497409450957,2.405450435572108
LEU_48_A_CD2,ALA_47_C_CB,11260,10957,48.684,-20.425,44.928,48.83,-20.527,44.889,48.757,-20.476,44.9085,48.95380165920065,-20.35916061725085,45.54584512668061,-8.830742314739954,-3.732616231407929,0.1823211452355427,2.247855792403847,1.2729936595484104,2.4037208697681147
LEU_48_A_CD2,ALA_47_C_HB1,11259,11059,48.896,-20.059,44.928,48.67,-19.774,45.118,48.783,-19.9165,45.023,48.91962773342419,-19.90786361508312,45.54908573471117,-8.378141670784418,-3.732616231407929,0.4103669089973039,1.8890387716292325,1.2629483234886183,2.376948398177317
LEU_48_A_CD2,GLU_46_C_N,11266,10466,48.765,-19.675,44.788,49.363,-19.349,51.628,49.064,-19.512,48.208,48.885453807647735,-19.45656661291538,45.55232634274172,-7.92554102682888,-3.732616231407929,6.873825717895388,2.9959894734393733,2.256183066066693,2.5729959151749426
LEU_48_A_HG,TYR_44_C_O,11362,9626,48.951,-19.123,44.62,48.791,-18.908,45.014,48.871,-19.015500000000003,44.817,48.85127988187127,-19.005269610747646,45.555566950772274,-7.472940382873344,-3.732616231407929,0.4765091814435535,2.1452246768580854,1.2337518776828955,2.348472006593716
LEU_48_A_HD22,TYR_44_C_CB,11535,9673,48.796,-18.653,44.246,48.685,-18.388,44.552,48.7405,-18.5205,44.399,48.817105956094814,-18.55397260857991,45.55880755880283,-7.020339738917807,-3.732616231407929,0.4197403959592121,2.776439994213128,1.2125814486757305,2.4049912895616603
LEU_48_A_CD1,TYR_44_C_CB,11217,9697,48.252,-18.13,41.212,48.641,-18.258,44.301,48.4465,-18.194,42.7565,48.78293203031836,-18.102675606412177,45.562048166833385,-6.56773909496227,-3.732616231407929,3.1160272784428558,2.50899248028648,1.3951883061054648,2.4623085034979693
LEU_48_A_CD1,TYR_44_C_HB2,11183,9945,48.575,-17.801,43.895,48.684,-17.584,43.521,48.6295,-17.6925,43.708,48.7487581045419,-17.651378604244442,45.56528877486394,-6.115138451006733,-3.732616231407929,0.4459215177584504,3.777820121487869,1.1983420774676643,2.5193970649768294
LEU_48_A_CD1,TYR_44_C_CD2,11185,9736,48.63,-17.019,43.512,48.394,-17.301,42.803,48.512,-17.159999999999997,43.1575,48.71458417876544,-17.200081602076708,45.568529382894496,-5.662537807051196,-3.732616231407929,0.798687047597497,3.556021123072933,1.1590784488073893,2.5847105328398357
LEU_48_A_CD1,TYR_44_C_CD2,11188,9734,48.337,-16.814,42.296,48.323,-16.972,42.27,48.33,-16.893,42.283,48.68041025298898,-16.748784599908973,45.57176999092505,-5.209937163095658,-3.732616231407929,0.1607358080827053,3.720620651529723,1.1943570079222405,2.6561640610393376
LEU_30_A_CD1,ILE_41_C_CG2,2553,8281,48.468,-11.629,47.473,48.313,-11.582,47.823,48.3905,-11.6055,47.648,48.304497069447926,-11.78451757606389,45.60741667926115,-0.2313300795847528,-3.732616231407929,0.3856604724365737,1.5771506041267696,0.8916587772546629,2.1660636293040767
LEU_30_A_CD1,ILE_41_C_CG2,2574,8301,48.256,-11.212,47.08,48.666,-11.447,47.632,48.461,-11.3295,47.356,48.27032314367147,-11.333220573896153,45.6106572872917,0.2212705643707853,-3.732616231407929,0.7266560396776431,1.936519811392924,0.8873367279431825,2.1829162122172043
LEU_30_A_CD1,ILE_41_C_CG2,2580,8302,48.309,-11.002,46.679,48.53,-11.013,47.58,48.4195,-11.0075,47.1295,48.23614921789501,-10.88192357172842,45.61389789532225,0.6738712083263216,-3.732616231407929,0.9277731403743024,1.965027561099096,0.8892381478117486,2.203657941417681
LEU_30_A_CD1,ILE_41_C_CG2,2579,8288,48.183,-10.553,46.679,48.538,-10.546,47.558,48.3605,-10.5495,47.1185,48.20197529211856,-10.430626569560683,45.61713850335281,1.126471852281858,-3.732616231407929,0.9480058016700076,2.102983986783896,0.8832908220217853,2.232329748181044
LEU_30_A_CD1,PHE_38_C_CE1,2547,6836,48.479,-9.929,48.765,48.453,-9.789,48.956,48.466,-9.859,48.8605,48.16780136634209,-9.979329567392949,45.620379111383365,1.579072496237396,-3.732616231407929,0.2382372766802057,2.1567201188783685,1.007040347219551,2.2692948026278676
LEU_30_A_CD1,PHE_38_C_CE1,2558,6832,48.309,-9.638,48.327,48.555,-9.652,49.379,48.432,-9.645,48.853,48.13362744056563,-9.528032565225216,45.62361971941392,2.0316731401929324,-3.732616231407929,1.0804702679851956,2.3462799422953067,1.004215571051747,2.288658485259568
LEU_30_A_CD1,PHE_38_C_CZ,2557,6901,48.551,-9.24,48.327,48.621,-9.186,50.112,48.586,-9.213,49.2195,48.099453514789175,-9.07673556305748,45.62686032744447,2.4842737841484688,-3.732616231407929,1.787188014731526,2.924612182574996,1.0752025785123427,2.318009529145703
THR_29_A_HA,ILE_32_C_HD12,2256,3881,48.101,-6.61,46.4,47.972,-6.702,46.166,48.0365,-6.656000000000001,46.283,47.92858388590688,-6.820250552218807,45.64306336759724,4.747277003926154,-3.732616231407929,0.2825968860408765,2.962618042871863,0.9867518982467266,2.4865697492149677
THR_29_A_HA,ILE_32_C_HD12,2279,3880,47.671,-6.428,45.615,47.76,-6.359,45.618,47.7155,-6.3935,45.6165,47.89440996013042,-6.368953550051073,45.6463039756278,5.19987764788169,-3.732616231407929,0.1126543385760164,2.976807545833671,0.9659260336017369,2.489115228058864
THR_29_A_HA,GLN_31_C_HA,2274,3370,47.726,-5.752,44.895,47.912,-5.702,44.843,47.819,-5.727,44.869,47.86023603435396,-5.917656547883338,45.649544583658354,5.6524782918372285,-3.732616231407929,0.1994993734325998,3.1541962049637946,1.0128846873882635,2.497084927119431
THR_29_A_HA,ILE_32_C_HG12,2273,3753,47.952,-5.468,44.74,47.547,-5.475,45.001,47.7495,-5.4715,44.8705,47.8260621085775,-5.466359545715603,45.652785191688906,6.105078935792765,-3.732616231407929,0.4818661639916198,3.181563243100194,1.0191343832783855,2.4982271395735034
THR_29_A_H,GLN_31_C_HA,2231,3408,48.131,-4.85,49.445,47.716,-5.15,44.746,47.9235,-5.0,47.0955,47.791888182801046,-5.015062543547869,45.65602579971946,6.557679579748301,-3.732616231407929,4.726819861175162,2.3569807339896416,1.51365813347929,2.456352160510075
THR_29_A_H,GLN_31_C_HA,2232,3407,48.28,-4.377,49.442,47.876,-4.773,44.558,48.078,-4.574999999999999,47.0,47.75771425702458,-4.563765541380134,45.65926640775002,7.010280223703839,-3.732616231407929,4.916654146876716,2.407759667336148,1.5909978084904814,2.459618668482545
PHE_28_A_O,GLN_31_C_HA,1396,3375,47.565,-4.024,44.384,47.576,-4.199,44.225,47.5705,-4.1115,44.3045,47.72354033124813,-4.1124685392124,45.66250701578057,7.462880867659376,-3.732616231407929,0.2367002323615244,2.24379858048588,1.1846588664108162,2.463916191761404
THR_29_A_HB,GLN_31_C_HG3,2312,3478,47.551,-3.534,44.411,47.378,-3.64,44.177,47.4645,-3.587,44.294,47.68936640547167,-3.661171537044665,45.66574762381112,7.915481511614912,-3.732616231407929,0.3097111557564588,1.953558202113304,1.2589441944733297,2.4563307974365647
THR_29_A_HB,GLN_31_C_HG3,2311,3490,47.369,-3.169,44.494,47.351,-3.332,44.195,47.36,-3.2505,44.3445,47.65519247969521,-3.2098745348769286,45.66898823184168,8.36808215557045,-3.732616231407929,0.3410190610508445,2.2588786979432,1.3248187416261052,2.4508456006381416
THR_29_A_HB,GLN_31_C_HG3,2308,3480,47.657,-2.796,44.553,47.45,-2.66,43.981,47.5535,-2.728,44.267,47.621018553918745,-2.758577532709196,45.67222883987223,8.820682799525986,-3.732616231407929,0.6233209446184143,2.559360804487274,1.4385638999105457,2.4867665724115464
THR_29_A_HB,GLN_31_C_HG3,2307,3474,47.534,-2.529,44.866,47.475,-2.311,43.927,47.5045,-2.42,44.3965,47.58684462814229,-2.307280530541461,45.67546944790279,9.273283443481525,-3.732616231407929,0.9657774070664522,2.356252176445422,1.5253662860699075,2.4988379167057664
THR_29_A_HB,GLN_31_C_OE1,2292,3265,47.377,-2.057,45.865,47.241,-1.777,44.083,47.309,-1.917,44.974,47.55267070236583,-1.855983528373726,45.678710055933344,9.72588408743706,-3.732616231407929,1.808983139777708,2.5589274232623587,1.6930187633007894,2.531417976006055
THR_29_A_HB,GLN_31_C_OE1,2298,3276,47.525,-1.398,46.043,47.312,-1.282,44.288,47.4185,-1.34,45.1655,47.51849677658937,-1.404686526205991,45.681950663963896,10.178484731392595,-3.732616231407929,1.7716799936783192,2.231396889289819,1.8213469132728037,2.58638461077975
GLU_26_A_HB3,GLN_31_C_OE1,596,3271,47.442,-0.927,46.304,47.19,-0.907,44.345,47.316,-0.917,45.3245,47.48432285081291,-0.9533895240382548,45.68519127199445,10.631085375348135,-3.732616231407929,1.97524302302274,3.3948257915283064,1.9147312966018752,2.6284685946615753
GLU_26_A_HB3,GLN_31_C_OE1,595,3273,47.297,-0.482,46.304,47.312,-0.532,44.288,47.3045,-0.507,45.296,47.45014892503645,-0.5020925218705201,45.68843188002501,11.083686019303672,-3.732616231407929,2.016675730007188,3.3811480838543884,2.006527399885822,2.658299801126371
GLU_26_A_HB3,GLN_31_C_OE1,591,3282,47.519,0.053,46.329,47.424,-0.187,44.123,47.4715,-0.067,45.226,47.41597499926,-0.0507955197027871,45.69167248805556,11.536286663259208,-3.732616231407929,2.2210495266877803,3.203574185570933,2.1169214078465868,2.6776117549008407
GLU_26_A_HB3,GLN_31_C_OE1,599,3298,47.239,0.398,45.886,47.072,0.361,43.527,47.1555,0.3795,44.706500000000005,47.38180107348354,0.4005014824649493,45.69491309608611,11.988887307214746,-3.732616231407929,2.3651932267787354,3.5166116535916823,2.17858917292133,2.704118336344606
GLN_54_A_C,GLN_54_C_HE22,13704,14227,50.096,-31.748,44.28,50.759,-31.44,48.36,50.4275,-31.594,46.32,50.25206247670844,-31.607649944948403,45.42013063153832,-20.14575841362838,-3.285170009179782,4.144976839501035,3.328410377013515,2.355951305954978,3.441431411000275
LYS_51_A_HA,LEU_50_C_HD12,12596,12298,49.961,-29.21,44.005,50.211,-29.424,45.413,50.086,-29.317,44.709,50.08119284782615,-29.35116493410973,45.436333671691095,-17.88275519385069,-3.285170009179782,1.4459460570851124,3.443802650395821,1.4794806127353493,3.0127098910273946
LYS_51_A_HA,LEU_50_C_CD1,12595,12039,50.106,-28.766,44.005,50.004,-28.765,44.993,50.055,-28.7655,44.499,50.04701892204969,-28.899867931941998,45.43957427972165,-17.430154549895157,-3.285170009179782,0.9932517304288978,3.0405577717566983,1.3454115227905266,2.8875026580229304
LYS_51_A_HA,LEU_50_C_CD1,12593,12077,50.01,-28.424,44.266,49.869,-28.492,44.927,49.9395,-28.458,44.5965,50.01284499627323,-28.44857092977426,45.4428148877522,-16.977553905939622,-3.285170009179782,0.6792834459929091,2.480699689104373,1.276048251405215,2.810968036061462
LYS_51_A_HA,LEU_50_C_CD1,12609,12084,49.831,-28.179,44.633,49.977,-28.072,44.627,49.904,-28.1255,44.63,49.978671070496766,-27.997273927606525,45.44605549578276,-16.52495326198408,-3.285170009179782,0.1811104635298524,1.9776409954729963,1.1982462678263723,2.7359062900540883
LYS_51_A_HA,LEU_50_C_CD1,12621,12083,49.913,-27.402,45.282,49.886,-27.619,44.627,49.8995,-27.5105,44.9545,49.94449714472031,-27.54597692543879,45.44929610381331,-16.072352618028546,-3.285170009179782,0.6905381959022914,2.018242236251987,1.1604747900251806,2.635499856253377
LYS_51_A_HA,LEU_50_C_CD1,12608,12080,49.949,-27.01,45.351,49.658,-27.16,44.927,49.8035,-27.085,45.139,49.91032321894385,-27.094679923271052,45.45253671184386,-15.619751974073008,-3.285170009179782,0.5356836753159436,2.058640087885042,1.1245078711192698,2.585211066282468
LYS_51_A_CB,LEU_50_C_CD1,12478,12069,50.09,-26.65,45.419,49.743,-26.539,45.288,49.9165,-26.5945,45.3535,49.87614929316739,-26.64338292110332,45.45577731987442,-15.167151330117472,-3.285170009179782,0.3871575906526957,2.121480817972063,1.1201466286826869,2.536315634983538
ASP_52_A_C,LEU_50_C_CD1,13038,12053,49.222,-26.196,37.869,50.033,-26.088,45.568,49.6275,-26.142000000000003,41.7185,49.84197536739093,-26.192085918935582,45.45901792790497,-14.714550686161935,-3.285170009179782,7.742350159996638,2.575803577646518,1.839978729032832,2.5121378293732866
LYS_51_A_HB2,LEU_50_C_HD13,12627,12314,49.949,-25.613,46.278,50.028,-25.535,46.19,49.9885,-25.574,46.234,49.80780144161447,-25.74078891676785,45.462258535935526,-14.261950042206395,-3.285170009179782,0.1416650980305317,2.762053707102873,1.1775634124114367,2.4886067533103646
LYS_51_A_HB2,LEU_50_C_HD13,12626,12315,49.973,-25.193,46.474,50.028,-25.067,46.19,50.0005,-25.130000000000003,46.332,49.773627515838015,-25.28949191460012,45.465499143966085,-13.80934939825086,-3.285170009179782,0.315526544049783,2.751912891281431,1.2037089597509805,2.459265217526638
LYS_51_A_HB2,ALA_47_C_HA,12664,11028,49.915,-24.878,46.538,49.91,-25.055,46.432,49.9125,-24.9665,46.485,49.73945359006156,-24.83819491243238,45.46873975199664,-13.356748754295324,-3.285170009179782,0.2063734479045178,2.7489984098877,1.24054409554712,2.474498081459515
LYS_51_A_HB2,ALA_47_C_CB,12665,10962,49.879,-24.335,46.414,49.896,-24.529,45.939,49.8875,-24.432,46.1765,49.70527966428509,-24.386897910264647,45.47198036002719,-12.904148110339786,-3.285170009179782,0.5133712107237813,2.644761739714748,1.2025808600783923,2.4338186450836776
LYS_51_A_HB2,ALA_47_C_HA,12662,11032,49.918,-23.875,46.034,50.129,-24.048,48.887,50.0235,-23.9615,47.4605,49.67110573850864,-23.935600908096912,45.47522096805775,-12.45154746638425,-3.285170009179782,2.8660179692388543,1.7064329251950994,1.5397545618913815,2.4724021396232017
LYS_51_A_CB,ALA_47_C_HB2,12487,11090,49.601,-23.294,45.422,49.595,-23.635,44.795,49.598,-23.4645,45.1085,49.63693181273218,-23.484303905929178,45.4784615760883,-11.998946822428714,-3.285170009179782,0.7137548598783724,2.479804750793821,1.1854802887241291,2.3976769563583766
LYS_51_A_CB,ALA_47_C_HB2,12476,11099,49.556,-23.183,45.239,49.497,-23.096,44.174,49.5265,-23.1395,44.7065,49.60275788695572,-23.033006903761443,45.48170218411885,-11.546346178473176,-3.285170009179782,1.0701752192982206,2.707179716313774,1.1842858113801173,2.3901055053611184
LEU_48_A_HD21,ALA_47_C_HB2,11523,11087,49.4,-22.593,44.764,49.328,-22.527,44.064,49.364,-22.56,44.414,49.56858396117926,-22.581709901593708,45.48494279214941,-11.09374553451764,-3.285170009179782,0.7067814372208733,2.664874154451553,1.2158779755304314,2.3921367019437354
GLU_49_A_HA,ALA_47_C_HB2,11838,11086,48.979,-22.112,40.413,49.57,-22.115,44.012,49.2745,-22.1135,42.2125,49.5344100354028,-22.130412899425973,45.48818340017996,-10.641144890562105,-3.285170009179782,3.647203175037008,2.1378705205751483,1.5461838819062759,2.252663695596032
LEU_48_A_HD21,ALA_47_C_CB,11521,11011,49.439,-21.846,44.643,49.249,-21.723,44.081,49.344,-21.7845,44.362,49.50023610962634,-21.67911589725824,45.49142400821052,-10.188544246606565,-3.285170009179782,0.6058654966244543,2.1512006082087582,1.2368082051810088,2.362039617675664
LEU_48_A_HD21,GLU_46_C_HA,11525,10757,49.537,-21.292,44.739,50.193,-21.003,52.645,49.865,-21.1475,48.692,49.466062183849886,-21.227818895090504,45.494664616241074,-9.735943602651028,-3.285170009179782,7.938431394173543,2.1344031065077944,2.1297756468968343,2.481465345117804
LEU_48_A_CD2,ALA_47_C_HB1,11262,11065,49.318,-20.791,44.928,49.265,-20.626,44.698,49.2915,-20.7085,44.813,49.43188825807342,-20.77652189292277,45.497905224271626,-9.283342958695492,-3.285170009179782,0.2879826383655757,2.0417470373339155,1.2397227606735821,2.3272988021793375
LEU_48_A_CD2,ALA_47_C_HB1,11235,11069,49.519,-20.199,44.955,49.25,-20.171,44.979,49.3845,-20.185,44.967,49.39771433229696,-20.325224890755035,45.50114583230218,-8.830742314739954,-3.285170009179782,0.2715161137022981,2.0518048831206737,1.2281366545214858,2.279595486372939
LEU_48_A_CD2,ALA_47_C_HB1,11236,11058,49.178,-19.849,44.924,49.525,-19.728,45.179,49.3515,-19.7885,45.0515,49.36354040652051,-19.8739278885873,45.50438644033274,-8.378141670784418,-3.285170009179782,0.4472974401894134,1.89684463366592,1.246851756331084,2.2882322236510233
LEU_48_A_HG,TYR_44_C_O,11385,9623,49.409,-19.362,44.986,49.403,-19.353,45.236,49.406,-19.3575,45.111,49.32936648074405,-19.422630886419565,45.50762704836329,-7.92554102682888,-3.285170009179782,0.2502338905903833,1.9047149303707007,1.2176079808719331,2.2604744550110327
LEU_48_A_CG,TYR_44_C_O,11163,9625,49.11,-18.903,44.646,49.084,-19.121,45.179,49.097,-19.012,44.9125,49.29519255496759,-18.97133388425183,45.51086765639384,-7.472940382873344,-3.285170009179782,0.5764451404947405,2.184477351375628,1.2284693964207045,2.3049080879964925
LEU_48_A_HG,TYR_44_C_O,11376,9661,49.34,-18.634,44.722,49.207,-18.692,45.054,49.2735,-18.663,44.888000000000005,49.26101862919113,-18.520036882084096,45.5141082644244,-7.020339738917807,-3.285170009179782,0.3623216802787285,2.1502024149048373,1.2195592535906492,2.2927009969894065
LEU_48_A_CD1,TYR_44_C_CB,11174,9677,49.208,-17.93,44.228,48.911,-17.969,44.3,49.0595,-17.9495,44.264,49.22684470341467,-18.06873987991636,45.51734887245495,-6.56773909496227,-3.285170009179782,0.3080811581385621,2.7052670994817496,1.1764498853219356,2.387427671793368
LEU_48_A_CD1,TYR_44_C_CG,11195,9710,49.043,-17.684,44.109,49.048,-17.713,44.035,49.0455,-17.698500000000003,44.072,49.19267077763821,-17.617442877748626,45.52058948048551,-6.115138451006733,-3.285170009179782,0.0796366749682631,2.8622808473396155,1.1861806478677375,2.4279269528000262
LEU_48_A_CD1,TYR_44_C_CD2,11199,9737,48.899,-17.292,43.882,48.71,-17.407,43.093,48.8045,-17.3495,43.4875,49.15849685186175,-17.16614587558089,45.523830088516064,-5.662537807051196,-3.285170009179782,0.8194309000763828,3.260565861414195,1.18093804071569,2.5162719125130133
LEU_48_A_CD1,ASN_45_C_CB,11202,10224,48.864,-16.928,43.582,49.828,-16.914,51.695,49.346,-16.921,47.6385,49.12432292608529,-16.714848873413157,45.527070696546616,-5.209937163095658,-3.285170009179782,8.170083292109084,3.2001621626174117,2.10850489655528,2.426910579144044
LEU_30_A_CD1,ILE_41_C_HG21,2555,8388,49.083,-11.998,48.008,49.085,-12.419,48.033,49.084,-12.2085,48.0205,48.782583668320704,-12.20187885173581,45.55947677685216,-0.6839307235402892,-3.285170009179782,0.421746369278979,2.123420364259816,1.03609437190871,2.192804751235417
LEU_30_A_CD1,ILE_41_C_HG21,2554,8394,48.777,-11.888,47.687,49.007,-11.962,47.753,48.892,-11.925,47.72,48.74840974254424,-11.750581849568077,45.56271738488272,-0.2313300795847528,-3.285170009179782,0.2504635702053271,2.0365757486755403,0.9550703900817163,2.17510331092236
LEU_30_A_CD1,ILE_41_C_CG2,2585,8290,48.677,-11.193,46.318,49.036,-11.172,47.217,48.8565,-11.1825,46.7675,48.71423581676778,-11.299284847400338,45.56595799291327,0.2212705643707853,-3.285170009179782,0.9682577136279384,1.9125302058288065,0.8805061828891027,2.193066040111904
LEU_30_A_CD1,ILE_41_C_HG23,2588,8422,48.785,-10.773,46.018,48.953,-10.744,46.815,48.869,-10.7585,46.4165,48.680061890991325,-10.847987845232606,45.56919860094382,0.6738712083263216,-3.285170009179782,0.8150300607953043,1.8380439704871403,0.8721360961268089,2.222160069830687
LEU_30_A_CD1,ILE_41_C_HG23,2542,8401,48.614,-10.34,46.053,48.86,-10.167,46.12,48.737,-10.2535,46.0865,48.64588796521487,-10.39669084306487,45.57243920897438,1.126471852281858,-3.285170009179782,0.3081136154083443,2.6936228026655606,0.8911770571705272,2.270102909714936
LEU_30_A_HD11,ILE_41_C_HG23,2880,8400,48.66,-9.912,45.827,48.69,-9.73,46.12,48.675,-9.821000000000002,45.9735,48.6117140394384,-9.945393840897134,45.57567981700493,1.579072496237396,-3.285170009179782,0.346226804277196,2.13228505315889,0.8906107592652175,2.3042058206141283
LEU_30_A_HD13,PHE_38_C_HE1,2909,7104,48.905,-9.638,49.044,48.817,-9.483,48.766,48.861,-9.5605,48.905,48.57754011366195,-9.4940968387294,45.57892042503549,2.0316731401929324,-3.285170009179782,0.3302317368152238,1.9183392107731896,1.0576331841616307,2.288881359343364
LEU_30_A_HG,PHE_38_C_HE1,2839,7105,48.996,-9.094,49.111,49.047,-9.174,48.995,49.0215,-9.134,49.053,48.54336618788549,-9.042799836561668,45.58216103306604,2.4842737841484688,-3.285170009179782,0.149856598119667,2.0053173154824337,1.0981942051977653,2.31303832177922
LEU_30_A_HD11,ILE_32_C_HD12,2859,3856,48.796,-8.518,46.804,48.85,-8.556,46.882,48.823,-8.536999999999999,46.843,48.50919226210903,-8.59150283439393,45.5854016410966,2.936874428104007,-3.285170009179782,0.102195890328327,2.161421360281711,0.9439435259363681,2.3741773212627
THR_29_A_C,PHE_38_C_CE1,2025,6837,48.795,-7.047,48.007,48.873,-7.136,48.533,48.834,-7.0915,48.27,48.40667048477965,-7.237611827890726,45.59512346518826,4.294676359970618,-3.285170009179782,0.5391484025757686,2.70353189375126,1.0707164668451352,2.4351652229020866
THR_29_A_HA,ILE_32_C_HD12,2264,3885,48.235,-6.738,46.174,48.369,-6.79,46.264,48.302,-6.764,46.219,48.3724965590032,-6.786314825722991,45.59836407321881,4.747277003926154,-3.285170009179782,0.1695877354056025,3.1552572026453687,0.9726739580046913,2.479915896946266
THR_29_A_HA,ILE_32_C_HD12,2284,3855,48.397,-6.355,44.904,48.197,-6.263,45.104,48.297,-6.309,45.004000000000005,48.33832263322673,-6.335017823555257,45.60160468124936,5.19987764788169,-3.285170009179782,0.2974289831203353,3.031811884390797,0.9707071802524906,2.504303315628969
THR_29_A_HA,GLN_31_C_HA,2286,3371,48.302,-5.947,44.695,48.29,-5.977,44.843,48.296,-5.962,44.769000000000005,48.304148707450274,-5.883720821387522,45.60484528927992,5.6524782918372285,-3.285170009179782,0.151485972947996,3.1489932460059182,0.9922938395645146,2.509479477129797
THR_29_A_HA,GLN_31_C_HB3,2285,3453,48.097,-5.592,44.695,47.665,-5.419,39.875,47.881,-5.5055,42.285,48.26997478167382,-5.432423819219787,45.60808589731048,6.105078935792765,-3.285170009179782,4.842411899043699,2.070564617089462,1.6100699162858396,2.422340969048933
THR_29_A_HA,GLN_31_C_HA,2252,3406,48.25,-5.194,44.681,48.146,-5.047,44.654,48.198,-5.1205,44.6675,48.23580085589736,-4.981126817052053,45.61132650534103,6.557679579748301,-3.285170009179782,0.1820823989297141,2.6952899759658653,1.0678430449388658,2.5072092670257913
THR_29_A_H,GLN_31_C_HA,2227,3412,48.581,-4.731,49.512,48.15,-4.625,44.569,48.3655,-4.678,47.0405,48.201626930120895,-4.529829814884318,45.61456711337159,7.010280223703839,-3.285170009179782,4.962886861495029,2.155809203430266,1.5808691474830634,2.4610571551877984
THR_29_A_CB,GLN_31_C_HA,2103,3402,47.961,-4.261,44.434,47.894,-4.242,44.313,47.9275,-4.2515,44.3735,48.16745300434444,-4.078532812716584,45.61780772140214,7.462880867659376,-3.285170009179782,0.1396101715492064,2.048356765209939,1.1840695635028653,2.48811926678451
THR_29_A_HB,GLN_31_C_HA,2304,3405,47.994,-3.517,44.355,48.058,-3.646,43.95,48.026,-3.5815,44.1525,48.13327907856798,-3.6272358105488496,45.62104832943269,7.915481511614912,-3.285170009179782,0.429839504931777,2.212389970889649,1.2763593854645279,2.4988206757661
THR_29_A_HB,GLN_31_C_HG3,2319,3472,48.13,-3.023,44.257,48.047,-3.344,43.792,48.0885,-3.1835,44.0245,48.09910515279152,-3.175938808381113,45.62428893746325,8.36808215557045,-3.285170009179782,0.571099816144251,2.390257588229689,1.3573511126017797,2.513132313637579
THR_29_A_HG23,ARG_33_C_HH21,2447,4601,48.471,-2.632,48.342,47.427,-2.939,38.985,47.949,-2.7855,43.6635,48.06493122701506,-2.72464180621338,45.6275295454938,8.820682799525986,-3.285170009179782,9.420065498710716,2.0060489152502217,2.2556748730346707,2.500344841302097
THR_29_A_HB,GLN_31_C_CD,2318,3230,48.035,-2.44,44.466,47.846,-2.344,43.833,47.9405,-2.392,44.1495,48.0307573012386,-2.273344804045645,45.63077015352435,9.273283443481525,-3.285170009179782,0.6675522451464031,2.610752983569285,1.50949311482756,2.5287930334452415
THR_29_A_HB,GLN_31_C_CD,2314,3218,47.944,-1.953,45.276,47.838,-1.684,43.978,47.891000000000005,-1.8185,44.627,47.996583375462144,-1.8220478018779107,45.63401076155491,9.72588408743706,-3.285170009179782,1.3298123927832848,2.419184701211728,1.6861093623712151,2.555148393334006
THR_29_A_HB,GLN_31_C_OE1,2299,3279,47.943,-1.534,46.043,47.802,-1.352,44.123,47.8725,-1.443,45.083,47.96240944968569,-1.370750799710176,45.63725136958546,10.178484731392595,-3.285170009179782,1.9337541208747315,2.2845137253151058,1.8161009303916393,2.583084252839889
THR_29_A_HG23,GLN_31_C_OE1,2441,3272,47.866,-1.02,46.904,47.584,-0.907,44.288,47.725,-0.9635,45.596,47.92823552390922,-0.9194537975424394,45.640491977616016,10.631085375348135,-3.285170009179782,2.633581022106598,3.576544094460217,1.9523867930627943,2.6197839090185475
GLU_26_A_HB3,GLN_31_C_OE1,586,3281,48.131,-0.391,46.552,47.802,-0.462,44.123,47.9665,-0.4265,45.3375,47.894061598132765,-0.4681567953747046,45.643732585646575,11.083686019303672,-3.285170009179782,2.452207780755948,2.8855467441213696,2.0790534799798723,2.6441363403449336
GLU_26_A_HB3,GLN_31_C_OE1,588,3286,47.812,-0.16,46.495,47.898,-0.121,43.862,47.855,-0.1405,45.1785,47.85988767235631,-0.0168597932069717,45.64697319367713,11.536286663259208,-3.285170009179782,2.6346927714631128,3.074285416287309,2.1635978503776876,2.663903304252658
GLU_26_A_OE2,GLN_31_C_OE1,355,3297,48.021,0.661,46.069,47.539,0.318,43.527,47.78,0.4895,44.798,47.82571374657985,0.4344372089607647,45.65021380170768,11.988887307214746,-3.285170009179782,2.609930458843685,3.323656692761707,2.2562370002148437,2.685928988680329
GLN_54_A_CB,GLN_54_C_HE22,13831,14235,50.771,-32.271,43.815,51.105,-32.276,47.944,50.938,-32.2735,45.8795,50.76432300135767,-32.476308222788056,45.36895012109878,-21.05095970153945,-2.837723786951636,4.142489831007438,3.735176400793253,2.450189495584828,3.513018343169152
GLN_54_A_CA,GLN_54_C_HE22,13692,14237,49.948,-31.888,39.836,51.005,-31.891,47.552,50.4765,-31.8895,43.694,50.7301490755812,-32.02501122062032,45.372190729129336,-20.598359057583917,-2.837723786951636,7.788062275046343,3.5002960543615917,2.987140831193868,3.435807770992241
GLN_54_A_C,GLN_54_C_HE22,13703,14236,50.472,-31.542,44.263,50.902,-31.44,47.552,50.687,-31.491,45.9075,50.695975149804745,-31.573714218452587,45.37543133715989,-20.14575841362838,-2.837723786951636,3.3185576686265392,3.62576996932414,2.2317972532414827,3.4255137592756695
GLN_54_A_C,GLN_54_C_HE22,13705,14232,50.495,-31.239,44.333,50.849,-30.988,47.944,50.672,-31.1135,46.1385,50.66180122402829,-31.12241721628485,45.37867194519044,-19.693157769672844,-2.837723786951636,3.636981990607052,3.592342113178712,2.2094108228444926,3.39544654748519
GLN_54_A_C,GLN_54_C_HE22,13706,14211,50.546,-30.695,44.298,50.998,-30.76,47.753,50.772,-30.7275,46.0255,50.62762729825183,-30.67112021411712,45.381912553221,-19.240557125717302,-2.837723786951636,3.485047201975891,3.821258807437707,2.0897985875795535,3.3500693884915833
GLN_54_A_HG2,LEU_50_C_HD12,14081,12299,50.484,-29.93,44.005,50.595,-29.68,45.413,50.5395,-29.805,44.709,50.55927944669891,-29.768526209781648,45.3883937692821,-18.335355837806237,-2.837723786951636,1.4343238825314115,4.023444670171685,1.6088343706055814,3.1435579213703035
GLN_54_A_HG2,LEU_50_C_HD12,14082,12305,50.324,-29.21,43.84,50.542,-29.171,44.702,50.433,-29.1905,44.271,50.52510552092245,-29.317229207613916,45.39163437731266,-17.88275519385069,-2.837723786951636,0.8899938202032599,3.6512592624476174,1.4277643419652029,3.0037665460211733
ALA_53_A_CB,LEU_50_C_CD1,13564,12031,49.775,-28.819,37.185,50.528,-29.042,47.286,50.1515,-28.9305,42.2355,50.490931595146,-28.865932205446175,45.394874985343215,-17.430154549895157,-2.837723786951636,10.131482566732274,2.941643168158344,2.4217766305576065,2.9895580606789247
LYS_51_A_HA,LEU_50_C_CD1,12594,12040,50.484,-28.491,44.005,50.293,-28.597,44.649,50.3885,-28.544,44.327,50.45675766936954,-28.414635203278443,45.39811559337377,-16.977553905939622,-2.837723786951636,0.6800389694716026,2.9607386949933945,1.2949314160258578,2.86760742218547
LYS_51_A_HA,LEU_50_C_CD1,12600,12087,50.474,-28.157,44.28,50.377,-28.065,44.4,50.4255,-28.111,44.34,50.42258374359307,-27.96333820111071,45.401356201404326,-16.52495326198408,-2.837723786951636,0.1796468758425763,2.350966652312993,1.2092584541222438,2.7681088875464903
LYS_51_A_HA,LEU_50_C_CD1,12624,12086,50.213,-27.63,45.073,50.247,-27.619,44.4,50.23,-27.6245,44.7365,50.388409817816616,-27.51204119894297,45.40459680943488,-16.072352618028546,-2.837723786951636,0.6739480692160208,1.946690776414069,1.140077225121927,2.654092546942766
LYS_51_A_HA,LEU_50_C_CD1,12607,12090,50.349,-26.946,45.199,50.377,-27.173,44.4,50.363,-27.0595,44.7995,50.35423589204016,-27.06074419677524,45.40783741746543,-15.619751974073008,-2.837723786951636,0.8310920526632403,1.8974298282767927,1.114301702022122,2.5750756164574184
LYS_51_A_CA,LEU_50_C_CD1,12421,12078,50.326,-26.529,45.363,50.198,-26.417,44.927,50.262,-26.473,45.145,50.320061966263694,-26.609447194607505,45.41107802549599,-15.167151330117472,-2.837723786951636,0.4679999999999996,1.927489265703216,1.0901073850830902,2.5044328705403434
LYS_51_A_HB2,LEU_50_C_HD11,12630,12247,50.469,-26.154,45.499,50.43,-26.094,45.129,50.4495,-26.124,45.314,50.28588804048724,-26.15815019243977,45.41431863352654,-14.714550686161935,-2.837723786951636,0.3768567367050817,1.973564833977635,1.092951032616969,2.469782945364943
LYS_51_A_HB2,LEU_50_C_HD11,12660,12245,50.327,-25.926,45.877,50.371,-25.864,45.465,50.349,-25.895,45.67100000000001,50.25171411471078,-25.706853190272035,45.41755924155709,-14.261950042206395,-2.837723786951636,0.4189558449287935,2.075545289690326,1.1262750377638655,2.4644532962588848
LYS_51_A_HB2,LEU_50_C_CD1,12671,12055,50.274,-25.217,46.443,50.186,-25.318,45.858,50.23,-25.2675,46.1505,50.21754018893432,-25.2555561881043,45.42079984958765,-13.80934939825086,-2.837723786951636,0.6001416499460788,2.3965993147062523,1.1692987456617634,2.4413381492411976
LYS_51_A_HB2,LEU_50_C_HD11,12669,12244,50.479,-24.862,46.443,50.275,-24.632,45.726,50.377,-24.747,46.0845,50.183366263157865,-24.80425918593657,45.42404045761821,-13.356748754295324,-2.837723786951636,0.780131399188622,2.291601015428406,1.1539856438690714,2.3780201632156444
LYS_51_A_HB2,ALA_47_C_HA,12670,11033,50.274,-24.507,46.443,50.417,-24.566,48.552,50.3455,-24.5365,47.4975,50.1491923373814,-24.35296218376883,45.42728106564876,-12.904148110339786,-2.837723786951636,2.1146656946193665,2.420121624143704,1.4536349883172082,2.4577284199127973
LYS_51_A_HB2,ALA_47_C_CB,12663,10961,50.149,-23.713,45.748,49.99,-24.071,45.465,50.069500000000005,-23.892000000000003,45.6065,50.11501841160494,-23.901665181601096,45.43052167367932,-12.45154746638425,-2.837723786951636,0.4832535566346064,2.348544366421643,1.1704923771054478,2.352577892266044
LYS_51_A_CB,ALA_47_C_HB2,12474,11091,50.052,-23.362,45.291,49.771,-23.526,44.493,49.9115,-23.444,44.892,50.080844485828486,-23.45036817943336,45.43376228170987,-11.998946822428714,-2.837723786951636,0.8617778135923385,2.1541056462192354,1.167369318632083,2.3392183609643618
LEU_48_A_HD21,ALA_47_C_HB2,11515,11104,49.902,-22.794,44.734,49.797,-22.868,43.965,49.8495,-22.831,44.349500000000006,50.04667056005203,-22.999071177265627,45.43700288974042,-11.546346178473176,-2.837723786951636,0.7796550519300173,2.311831005335942,1.1780911980831434,2.3142592513950273
LEU_48_A_HD21,GLU_46_C_HG2,11518,10805,50.014,-22.449,44.568,50.706,-22.379,52.545,50.36,-22.414,48.5565,50.01249663427557,-22.54777417509789,45.44024349777098,-11.09374553451764,-2.837723786951636,8.007265013723478,2.560629802704549,1.9264932203109748,2.4224749011953577
LEU_48_A_HD21,ALA_47_C_HB2,11517,11108,49.742,-22.074,44.568,49.797,-22.158,43.965,49.7695,-22.116,44.2665,49.97832270849911,-22.09647717293016,45.44348410580153,-10.641144890562105,-2.837723786951636,0.6113018894130732,2.1154009121831083,1.213264999131316,2.3023066674967017
LEU_48_A_HD21,ALA_47_C_CB,11520,11006,49.965,-21.431,44.629,50.0,-21.466,44.221,49.9825,-21.448500000000003,44.425,49.94414878272265,-21.645180170762423,45.44672471383208,-10.188544246606565,-2.837723786951636,0.4109914840966912,1.7462809364674627,1.2084749179799745,2.239378917836808
LEU_48_A_HD21,ALA_47_C_CB,11511,10995,49.986,-21.16,44.674,49.913,-20.995,44.448,49.9495,-21.0775,44.561,49.90997485694619,-21.193883168594688,45.44996532186264,-9.735943602651028,-2.837723786951636,0.2891885198274637,1.8617533473170744,1.2152673277632309,2.229597871729392
LEU_48_A_CD2,ALA_47_C_HB1,11232,11066,49.956,-20.738,44.77,49.669,-20.657,44.665,49.8125,-20.6975,44.7175,49.87580093116973,-20.742586166426957,45.4532059298932,-9.283342958695492,-2.837723786951636,0.3161566067631741,1.9968373379761468,1.2144237377011498,2.2332261045277795
LEU_48_A_HD23,ALA_47_C_HB1,11574,11063,49.476,-20.082,41.001,49.763,-20.112,45.02,49.6195,-20.097,43.0105,49.84162700539327,-20.29128916425922,45.45644653792375,-8.830742314739954,-2.837723786951636,4.029346100796015,2.06041017529963,1.5902926438640932,2.2425349186646204
LEU_48_A_HG,GLU_46_C_HA,11384,10751,49.675,-19.694,45.079,50.389,-19.756,51.922,50.032,-19.725,48.5005,49.80745307961681,-19.839992162091484,45.45968714595431,-8.378141670784418,-2.837723786951636,6.880427966340463,2.327708444568859,2.1086898794628404,2.393556426261819
LEU_48_A_HD11,TYR_44_C_O,11429,9648,49.426,-19.275,40.617,49.897,-19.312,45.204,49.6615,-19.2935,42.9105,49.77327915384036,-19.38869515992375,45.46292775398486,-7.92554102682888,-2.837723786951636,4.611266528839992,1.6507482302345964,1.5984411064979207,2.2606195871587405
LEU_48_A_HG,TYR_44_C_O,11393,9624,49.583,-19.111,45.132,49.525,-18.978,45.179,49.554,-19.0445,45.1555,49.73910522806389,-18.93739815775601,45.46616836201541,-7.472940382873344,-2.837723786951636,0.1525188512938651,1.796373221735813,1.213297993867885,2.243548109341106
LEU_48_A_HG,TYR_44_C_O,11404,9659,49.706,-18.298,44.813,49.59,-18.276,44.974,49.648,-18.287,44.8935,49.70493130228744,-18.48610115558828,45.46940897004597,-7.020339738917807,-2.837723786951636,0.199652197583693,1.810292553139747,1.2201918681609607,2.255050942303941
LEU_48_A_HG,TYR_44_C_CG,11377,9704,49.724,-18.171,44.673,49.621,-17.877,44.727,49.6725,-18.024,44.7,49.67075737651098,-18.034804153420545,45.47264957807652,-6.56773909496227,-2.837723786951636,0.3161660955890094,2.035849031766481,1.2211759855510698,2.2848627513814344
LEU_48_A_CD1,TYR_44_C_CG,11171,9706,49.451,-17.747,44.253,49.322,-17.745,44.377,49.3865,-17.746000000000002,44.315,49.63658345073452,-17.58350715125281,45.47589018610707,-6.115138451006733,-2.837723786951636,0.1789441253576099,2.4578789023838667,1.1953976110192983,2.3626382924232283
LEU_48_A_CD1,TYR_44_C_CG,11198,9707,49.284,-17.036,43.882,49.509,-17.339,43.764,49.3965,-17.1875,43.823,49.602409524958055,-17.132210149085076,45.47913079413763,-5.662537807051196,-2.837723786951636,0.3954212943178425,2.890298768210891,1.2034252190166936,2.424634999031246
LEU_48_A_CD1,TYR_44_C_CD2,11212,9753,49.164,-16.517,41.573,49.131,-16.614,41.996,49.1475,-16.5655,41.7845,49.5682355991816,-16.68091314691734,45.48237140216818,-5.209937163095658,-2.837723786951636,0.4352321219763103,3.62793381658457,1.2323054629632395,2.575226992406162
LEU_48_A_CD1,ASN_45_C_CB,11205,10221,49.165,-16.368,42.82,50.311,-16.102,51.835,49.738,-16.235,47.3275,49.53406167340514,-16.229616144749606,45.485612010198736,-4.757336519140122,-2.837723786951636,9.091440864901449,3.477203914436295,2.055865455264578,2.4108760814908288
LEU_30_A_CD1,ILE_41_C_HG21,2560,8393,49.307,-12.082,47.926,49.392,-12.232,47.796,49.349500000000006,-12.157,47.861,49.22649634141701,-12.167943125239994,45.514777482473725,-0.6839307235402892,-2.837723786951636,0.2159282288168927,2.405459738833864,1.0217603969914024,2.1908018477681996
LEU_30_A_CD1,ILE_41_C_CG2,2583,8307,49.306,-11.933,46.679,49.43,-11.626,47.262,49.368,-11.7795,46.9705,49.19232241564055,-11.71664612307226,45.518018090504285,-0.2313300795847528,-2.837723786951636,0.6704580523791172,1.710195693705388,0.9235995183820838,2.1810057232094953
LEU_30_A_CD1,ILE_41_C_HG23,2590,8432,49.426,-11.414,46.018,49.425,-11.082,46.589,49.4255,-11.248,46.3035,49.15814848986409,-11.265349120904522,45.52125869853484,0.2212705643707853,-2.837723786951636,0.6605043527487134,1.7150796210116226,0.8859795016563636,2.1982220770369656
LEU_30_A_CD1,ILE_41_C_HG23,2591,8430,49.185,-10.766,45.791,49.116,-10.635,46.46,49.1505,-10.7005,46.1255,49.12397456408763,-10.81405211873679,45.52449930656539,0.6738712083263216,-2.837723786951636,0.6851882952882411,2.048665424134252,0.8771473050663147,2.2282271875371524
LEU_30_A_CD1,ILE_41_C_HG23,2541,8435,49.008,-10.359,45.787,49.066,-10.207,45.687,49.037000000000006,-10.283,45.737,49.089800638311175,-10.362755116569057,45.52773991459595,1.126471852281858,-2.837723786951636,0.1909659655540746,2.452962498291362,0.8975128596175662,2.272164159426427
LEU_30_A_HD11,ILE_41_C_HG23,2882,8402,49.195,-10.05,45.618,48.98,-9.996,45.64,49.0875,-10.023,45.629000000000005,49.05562671253471,-9.911458114401318,45.5309805226265,1.579072496237396,-2.837723786951636,0.2227666940994578,2.435862870607529,0.903302460521464,2.2936127035331495
LEU_30_A_HD11,ILE_32_C_CD1,2884,3693,49.195,-9.34,45.618,48.919,-9.523,45.563,49.057,-9.4315,45.590500000000006,49.02145278675825,-9.460161112233584,45.53422113065705,2.0316731401929324,-2.837723786951636,0.335693312414772,2.551879360527553,0.9153471389272807,2.336635017378114
LEU_30_A_HD11,ILE_32_C_CD1,2878,3694,48.895,-9.112,45.827,48.909,-9.148,45.76,48.902,-9.13,45.7935,48.9872788609818,-9.00886411006585,45.5374617386876,2.4842737841484688,-2.837723786951636,0.0773369252039404,2.1208398919665354,0.9172804880472807,2.35239882253969
LEU_30_A_HD11,ILE_32_C_HD12,2857,3857,49.101,-8.488,46.135,48.986,-8.545,46.101,49.0435,-8.5165,46.118,48.95310493520534,-8.557567107898114,45.54070234671816,2.936874428104007,-2.837723786951636,0.1327780102275991,1.991129408704952,0.9206882517304862,2.382836900015628
LEU_30_A_HD11,PHE_38_C_HE1,2866,7102,48.969,-8.162,47.199,49.003,-8.075,47.207,48.986,-8.118500000000001,47.203,48.91893100942888,-8.106270105730381,45.54394295474872,3.3894750720595432,-2.837723786951636,0.0937496666660753,2.2120280969393846,0.9820712223834362,2.3967824733133822
LEU_30_A_HG,PHE_38_C_CE1,2843,6835,49.276,-7.761,48.874,49.219,-7.77,48.956,49.2475,-7.765499999999999,48.915000000000006,48.88475708365242,-7.6549731035626465,45.54718356277927,3.84207571601508,-2.837723786951636,0.1002696364808427,2.6789201934334046,1.1552570239293054,2.4066133046074043
THR_29_A_HA,ILE_32_C_HD12,2254,3884,48.764,-7.22,46.4,48.786,-6.99,46.264,48.775000000000006,-7.105,46.332,48.85058315787596,-7.203676101394911,45.55042417080983,4.294676359970618,-2.837723786951636,0.2681044572550008,2.9284760498987867,0.9386976170579966,2.4611686014974827
THR_29_A_HA,ILE_32_C_HD12,2268,3863,48.783,-6.656,45.261,48.754,-6.543,45.427,48.7685,-6.5995,45.344,48.8164092320995,-6.752379099227176,45.55366477884038,4.747277003926154,-2.837723786951636,0.2028940610269286,2.8226905016434127,0.9290580458528205,2.490586433015965
THR_29_A_O,PHE_38_C_HZ,2089,7174,49.393,-6.072,49.596,49.013,-6.492,49.933,49.203,-6.282,49.7645,48.78223530632304,-6.301082097059442,45.55690538687093,5.19987764788169,-2.837723786951636,0.6590667644480369,3.0936034798001937,1.2653493169171548,2.468541319275108
THR_29_A_HA,LEU_30_C_O,2287,2512,48.712,-5.947,44.695,48.871,-5.995,44.831,48.7915,-5.971,44.763000000000005,48.74806138054658,-5.849785094891707,45.56014599490149,5.6524782918372285,-2.837723786951636,0.2146648550648205,2.790002803189229,0.9994724402537897,2.508118837036259
THR_29_A_HA,GLN_31_C_HB3,2265,3454,48.532,-5.448,44.593,48.217,-5.488,39.972,48.3745,-5.468,42.2825,48.71388745477012,-5.398488092723972,45.56338660293204,6.105078935792765,-2.837723786951636,4.631896587792091,2.1649243015319373,1.6217522648261011,2.443045043286733
THR_29_A_HA,GLN_31_C_HB3,2257,3465,48.478,-4.754,44.512,48.299,-5.086,39.552,48.3885,-4.92,42.032,48.67971352899367,-4.947191090556238,45.566627210962594,6.557679579748301,-2.837723786951636,4.974320556618764,2.145542088932422,1.7086729768013926,2.462169165822402
THR_29_A_CB,GLN_31_C_HA,2097,3411,48.596,-4.276,44.182,48.56,-4.625,44.569,48.578,-4.4505,44.3755,48.6455396032172,-4.495894088388503,45.56986781899315,7.010280223703839,-2.837723786951636,0.5223657722324464,2.591451479502054,1.1327249462831788,2.520527357925766
THR_29_A_CB,GLN_31_C_HA,2102,3376,48.256,-3.923,44.267,48.332,-3.905,44.053,48.294,-3.914,44.16,48.611365677440745,-4.044597086220769,45.573108427023705,7.462880867659376,-2.837723786951636,0.2278069358031105,2.226171798885926,1.240595617725496,2.5111993563195436
THR_29_A_CB,GLN_31_C_HB3,2106,3442,48.547,-3.596,44.083,47.914,-3.717,39.363,48.2305,-3.6565,41.723,48.57719175166429,-3.593300084053034,45.57634903505426,7.915481511614912,-2.837723786951636,4.763793656320558,2.8829823323263413,1.8406525618438156,2.49377929657364
THR_29_A_CB,GLN_31_C_HA,2101,3377,48.387,-3.231,44.182,48.312,-3.293,43.638,48.3495,-3.262,43.91,48.54301782588783,-3.142003081885297,45.579589643084816,8.36808215557045,-2.837723786951636,0.5526345989892462,2.5432048154141764,1.3422626382680054,2.5280023208603413
THR_29_A_HB,GLN_31_C_HE21,2320,3500,48.335,-2.668,44.257,47.914,-2.827,39.363,48.1245,-2.7475,41.81,48.508843900111366,-2.6907060797175646,45.58283025111537,8.820682799525986,-2.837723786951636,4.914647291515433,2.382047439351818,1.9300206884539377,2.5066332625048524
THR_29_A_HB,GLN_31_C_CD,2317,3240,48.43,-2.26,44.466,48.136,-2.248,43.766,48.283,-2.254,44.116,48.47466997433491,-2.23940907754983,45.58607085914592,9.273283443481525,-2.837723786951636,0.7593286508488944,2.786664815828399,1.53890995088643,2.551882595191224
THR_29_A_HB,GLN_31_C_CD,2315,3241,48.309,-2.01,44.785,48.387,-1.857,43.766,48.348,-1.9335,44.2755,48.44049604855845,-1.7881120753820952,45.58931146717648,9.72588408743706,-2.837723786951636,1.0333702143955945,2.604761274468622,1.6439862439660886,2.5663662188765994
THR_29_A_HB,GLN_31_C_CD,2300,3219,48.381,-1.488,46.043,48.181,-1.378,43.887,48.281,-1.4329999999999998,44.965,48.406322122782,-1.3368150732143604,45.59255207520703,10.178484731392595,-2.837723786951636,2.1680488924376213,2.1723926805246787,1.8394244381009361,2.585189823902546
GLU_26_A_HB3,GLN_31_C_CD,589,3220,48.253,-0.767,46.495,48.416,-1.017,43.704,48.3345,-0.8919999999999999,45.0995,48.37214819700553,-0.885518071046624,45.59579268323758,10.631085375348135,-2.837723786951636,2.8069111136621303,2.573276559855345,2.040297864513882,2.6140487996697632
GLU_26_A_OE2,GLN_31_C_OE1,349,3285,48.526,-0.391,46.495,48.157,-0.477,43.862,48.3415,-0.434,45.1785,48.33797427122907,-0.4342210688788892,45.59903329126814,11.083686019303672,-2.837723786951636,2.660121425799954,2.4332976374261204,2.1253786787281626,2.6322211350555857
GLU_26_A_HB3,GLN_31_C_OE1,587,3296,48.253,-0.016,46.495,47.957,0.109,43.527,48.105,0.0465,45.011,48.303800345452615,0.0170759332888437,45.60227389929869,11.536286663259208,-2.837723786951636,2.9853416889863675,2.7361620731784178,2.240483880914802,2.6593294533491543
GLU_26_A_OE2,GLN_31_C_OE1,354,3302,48.458,0.615,46.069,47.948,0.253,43.144,48.203,0.434,44.6065,48.26962641967616,0.4683729354565802,45.60551450732925,11.988887307214746,-2.837723786951636,2.991115009490612,2.7396772374011737,2.3245048472846657,2.6668433626149364
GLN_54_A_HB2,GLN_54_C_NE2,14011,13955,51.144,-33.087,43.595,51.699,-32.657,48.044,51.4215,-32.872,45.8195,51.24240960023044,-32.89366949845998,45.3210102186898,-21.50356034549499,-2.390277564723489,4.504056615985193,3.818769166126835,2.5885155017329997,3.5814611018574847
GLN_54_A_HB3,GLN_54_C_HE22,14063,14205,50.772,-32.419,40.008,51.463,-32.318,47.41,51.1175,-32.3685,43.709,51.20823567445398,-32.44237249629224,45.32425082672035,-21.05095970153945,-2.390277564723489,7.434869602084485,3.6439962319225616,3.031250259682209,3.5041089388403366
GLN_54_A_HB3,GLN_54_C_NE2,14039,13959,50.531,-32.087,39.969,51.42,-31.934,47.134,50.9755,-32.0105,43.5515,51.17406174867752,-31.991075494124505,45.32749143475091,-20.598359057583917,-2.390277564723489,7.22156181168589,3.5552959603937397,2.881899054049968,3.440577609595714
GLN_54_A_CG,GLN_54_C_NE2,13866,13958,51.176,-31.412,44.368,51.453,-31.54,47.011,51.3145,-31.476,45.6895,51.13988782290106,-31.53977849195677,45.33073204278146,-20.14575841362838,-2.390277564723489,2.660556708660803,3.8150107740486834,2.1362073552193896,3.4405479357551663
GLN_54_A_CG,GLN_54_C_HE22,13867,14214,51.215,-31.027,44.39,51.198,-31.028,47.262,51.206500000000005,-31.0275,45.826,51.1057138971246,-31.08848148978904,45.333972650812015,-19.693157769672844,-2.390277564723489,2.8720504870214243,3.878237824049364,2.0938492173341587,3.3951924810429186
GLN_54_A_CG,GLN_54_C_HE22,13870,14215,50.916,-30.47,44.188,51.223,-30.597,47.222,51.0695,-30.5335,45.705,51.07153997134815,-30.6371844876213,45.337213258842574,-19.240557125717302,-2.390277564723489,3.0521359733799533,4.089004656403689,1.997276493362509,3.333270323281457
GLN_54_A_HG2,LEU_50_C_HD12,14094,12287,51.096,-29.997,44.06,51.332,-30.103,46.551,51.214,-30.05,45.3055,51.03736604557168,-30.185887485453566,45.340453866873126,-18.787956481761768,-2.390277564723489,2.504398730234465,4.236746611886864,1.8069269007756537,3.258549982118348
ALA_53_A_HB2,LEU_50_C_HD12,13632,12303,50.296,-29.941,37.923,50.816,-29.601,45.021,50.556,-29.771,41.472,51.00319211979522,-29.73459048328583,45.34369447490368,-18.335355837806237,-2.390277564723489,7.125138875839544,2.8823843570117926,2.3191905315932098,3.0366783658611145
GLN_54_A_HG2,LEU_50_C_HD12,14084,12306,51.037,-29.442,43.84,50.937,-29.351,44.702,50.987,-29.3965,44.271,50.969018194018766,-29.283293481118097,45.34693508293424,-17.88275519385069,-2.390277564723489,0.8725393973913106,3.873578153048059,1.4877133526234203,3.0879519847543615
GLN_54_A_HG2,LEU_50_C_HD12,14085,12309,50.596,-28.835,43.84,50.842,-28.943,44.493,50.719,-28.889000000000003,44.1665,50.93484426824231,-28.83199647895036,45.35017569096479,-17.430154549895157,-2.390277564723489,0.7061083486264693,3.5623846745485124,1.3631539863062128,2.96090269997722
LYS_51_A_HA,LEU_50_C_CD1,12602,12041,50.567,-28.443,44.019,50.714,-28.502,44.44,50.6405,-28.4725,44.2295,50.90067034246585,-28.380699476782627,45.35341629899534,-16.977553905939622,-2.390277564723489,0.4498121830275373,3.066440164162353,1.2753461986019763,2.8634165875766193
LYS_51_A_HA,LEU_50_C_CD1,12599,12093,50.912,-28.111,44.28,50.86,-27.985,44.26,50.886,-28.048,44.27,50.86649641668939,-27.929402474614893,45.3566569070259,-16.52495326198408,-2.390277564723489,0.1377679207943576,2.234723539631736,1.2068292689816675,2.7803848687013524
LYS_51_A_HA,LEU_50_C_CD1,12603,12092,50.836,-27.647,44.79,50.648,-27.619,44.26,50.742,-27.633,44.525,50.83232249091293,-27.47810547244716,45.35989751505645,-16.072352618028546,-2.390277564723489,0.563052395430478,2.158114508911302,1.1363525289583243,2.6760343817810472
LYS_51_A_HA,LEU_50_C_HD11,12597,12263,50.657,-26.871,45.038,50.679,-26.972,44.342,50.668,-26.9215,44.69,50.79814856513647,-27.026808470279423,45.363138123087005,-15.619751974073008,-2.390277564723489,0.7036341378870115,1.7937122157192469,1.0958222212914974,2.559293319619685
LYS_51_A_HB2,LEU_50_C_HB2,12633,12170,50.93,-26.362,45.037,50.856,-26.425,48.556,50.893,-26.3935,46.7965,50.76397463936001,-26.57551146811169,45.36637873111757,-15.167151330117472,-2.390277564723489,3.5203417447742185,2.1361979544229124,1.380702830818931,2.5710228610829953
LYS_51_A_HB2,LEU_50_C_HD11,12632,12272,50.834,-26.02,45.298,50.702,-26.064,44.769,50.768,-26.042,45.0335,50.72980071358355,-26.124214465943957,45.36961933914812,-14.714550686161935,-2.390277564723489,0.5469926873368647,1.7327717193479608,1.07878371355413,2.4461716812725824
LYS_51_A_HB2,LEU_50_C_HD11,12631,12246,50.775,-25.79,45.633,50.629,-25.508,45.465,50.702,-25.649,45.54900000000001,50.69562678780709,-25.67291746377622,45.37285994717867,-14.261950042206395,-2.390277564723489,0.3592547842409339,2.0129753164870685,1.0942749727110508,2.420980888728392
LYS_51_A_HB2,LEU_50_C_HD11,12673,12241,50.809,-25.079,46.234,50.831,-25.023,45.372,50.82,-25.051,45.803,50.66145286203064,-25.221620461608484,45.37610055520923,-13.80934939825086,-2.390277564723489,0.8640972167528395,1.8579380775334888,1.1192154318545753,2.3668059469904836
LYS_51_A_HB2,LEU_50_C_HD11,12674,12248,50.809,-24.645,46.234,50.865,-24.951,45.488,50.837,-24.798,45.861,50.62727893625418,-24.77032345944075,45.37934116323978,-13.356748754295324,-2.390277564723489,0.8082623336516458,1.9046413661178263,1.1396357030082338,2.3529730155182835
LYS_51_A_HB2,ALA_47_C_HB2,12675,11075,50.574,-24.279,46.234,50.72,-24.506,45.488,50.647,-24.3925,45.861,50.593105010477714,-24.31902645727301,45.38258177127033,-12.904148110339786,-2.390277564723489,0.7933227590331716,2.026207102767963,1.1575604816183,2.3367622300848394
LYS_51_A_HB2,ALA_47_C_HB2,12655,11078,50.487,-23.718,45.515,50.621,-23.884,45.227,50.554,-23.801,45.371,50.55893108470126,-23.86772945510528,45.38582237930089,-12.45154746638425,-2.390277564723489,0.358407589205366,1.9372516048995447,1.1356243080918753,2.2865091244793985
LYS_51_A_HB2,ALA_47_C_HB2,12629,11093,50.582,-23.24,44.983,50.65,-23.326,44.493,50.616,-23.283,44.738,50.5247571589248,-23.416432452937546,45.38906298733144,-11.998946822428714,-2.390277564723489,0.5021155245558486,1.7350218966814832,1.1224026466655355,2.2316308212470553
LEU_48_A_HD21,ALA_47_C_HB2,11516,11105,50.37,-22.794,44.734,50.207,-22.868,43.965,50.2885,-22.831,44.349500000000006,50.49058323314834,-22.96513545076981,45.392303595362,-11.546346178473176,-2.390277564723489,0.789560637316727,1.8828782801280384,1.1433580173591111,2.242690000177525
LEU_48_A_HA,ALA_47_C_HB2,11279,11106,50.455,-22.306,44.568,50.412,-22.513,43.965,50.4335,-22.4095,44.2665,50.45640930737188,-22.51383844860208,45.39554420339256,-11.09374553451764,-2.390277564723489,0.6389890452895054,1.840067481397404,1.1660565051945817,2.2094102556296678
LEU_48_A_HA,ALA_47_C_HB2,11280,11107,50.455,-21.843,44.568,50.207,-22.158,43.965,50.331,-22.0005,44.2665,50.42223538159542,-22.06254144643434,45.39878481142311,-10.641144890562105,-2.390277564723489,0.7241118698101785,1.7733555814727149,1.18377864494094,2.204853620691081
GLU_49_A_HA,ALA_47_C_HB2,11853,11084,49.696,-21.557,40.383,50.343,-21.656,44.279,50.0195,-21.6065,42.331,50.38806145581896,-21.611244444266607,45.40202541945366,-10.188544246606565,-2.390277564723489,3.950598182554132,2.045371665628898,1.5831813502307506,2.2061621491999426
LEU_48_A_HA,ALA_47_C_CB,11274,10994,50.427,-21.304,44.674,50.298,-21.251,44.448,50.3625,-21.2775,44.561,50.353887530042506,-21.159947442098872,45.40526602748422,-9.735943602651028,-2.390277564723489,0.2655673172662606,1.8685482630125163,1.1991610500709005,2.177202331672099
LEU_48_A_HG,ALA_47_C_HB1,11364,11067,50.171,-20.5,44.779,50.06,-20.674,44.775,50.1155,-20.587,44.777,50.31971360426604,-20.708650439931137,45.40850663551477,-9.283342958695492,-2.390277564723489,0.2064291646061651,2.034882528769924,1.2322173472171545,2.1865908549068145
LEU_48_A_HD23,ALA_47_C_HB1,11572,11064,49.795,-20.314,41.057,50.228,-20.234,45.171,50.0115,-20.274,43.114,50.28553967848959,-20.257353437763403,45.41174724354532,-8.830742314739954,-2.390277564723489,4.13749743202337,2.284879041123318,1.5903225300625983,2.2098976441761238
LEU_48_A_HG,TYR_44_C_O,11383,9650,50.006,-19.975,45.041,50.059,-19.777,45.22,50.0325,-19.876,45.1305,50.25136575271313,-19.806056435595668,45.41498785157588,-8.378141670784418,-2.390277564723489,0.2721286460481523,1.817207863664984,1.245700736754082,2.1881305131528768
LEU_48_A_HG,TYR_44_C_O,11391,9649,50.149,-19.466,45.341,50.39,-19.441,45.363,50.2695,-19.4535,45.352,50.21719182693667,-19.354759433427933,45.41822845960643,-7.92554102682888,-2.390277564723489,0.2432899504706264,1.5461132200176089,1.2577503372269427,2.157904890040895
LEU_48_A_HG,TYR_44_C_O,11386,9666,50.354,-19.111,45.413,50.216,-19.008,45.188,50.285,-19.0595,45.3005,50.183017901160206,-18.9034624312602,45.42146906763698,-7.472940382873344,-2.390277564723489,0.2833337254899198,1.3319675088115273,1.2318328150785975,2.155955414305314
LEU_48_A_HG,TYR_44_C_O,11398,9657,50.034,-18.409,45.132,49.946,-18.549,45.118,49.99,-18.479,45.125,50.14884397538375,-18.452165429092464,45.42470967566754,-7.020339738917807,-2.390277564723489,0.1659518002312726,1.384727252999315,1.2208755678703123,2.2013793755337625
LEU_48_A_HG,TYR_44_C_O,11403,9658,50.123,-18.098,44.813,49.926,-18.089,45.015,50.0245,-18.0935,44.914,50.11467004960729,-18.00086842692473,45.427950283698095,-6.56773909496227,-2.390277564723489,0.2823012575246478,1.521743604952237,1.2509056541681371,2.230381931857757
LEU_48_A_CD1,TYR_44_C_CG,11172,9703,49.922,-17.532,44.209,49.943,-17.656,44.833,49.9325,-17.594,44.521,50.080496123830834,-17.549571424756994,45.43119089172865,-6.115138451006733,-2.390277564723489,0.6365477201278736,2.2180073791860204,1.2734739767830026,2.299389399039726
LEU_48_A_CD1,TYR_44_C_CG,11197,9708,49.737,-16.945,43.882,49.888,-17.084,43.889,49.8125,-17.014499999999998,43.8855,50.04632219805437,-17.09827442258926,45.43443149975921,-5.662537807051196,-2.390277564723489,0.2053557888154087,3.07362927302152,1.2469194228391711,2.3895247918639675
LEU_48_A_CD1,TYR_44_C_CD2,11200,9730,49.737,-16.645,43.582,50.069,-16.819,43.684,49.903000000000006,-16.732,43.633,50.01214827227791,-16.646977420421525,45.43767210778976,-5.209937163095658,-2.390277564723489,0.3884636405122101,3.144802540304756,1.257498399782658,2.4064484873441896
LEU_48_A_CD1,TYR_44_C_CE2,11167,9796,49.77,-16.251,41.979,49.84,-16.252,42.091,49.80500000000001,-16.2515,42.035,49.977974346501455,-16.19568041825379,45.44091271582031,-4.757336519140122,-2.390277564723489,0.1320795215012549,3.4339880005710754,1.2383577816473186,2.5012207402857447
LEU_30_A_HD12,ILE_41_C_CG2,2903,8294,49.878,-12.217,47.178,49.862,-12.109,47.316,49.870000000000005,-12.163,47.247,49.670409014513325,-12.134007398744178,45.4700781880953,-0.6839307235402892,-2.390277564723489,0.1759659057885973,1.7926784070689386,0.971898928365934,2.1937160986174167
LEU_30_A_HD12,ILE_41_C_CG2,2901,8310,49.68,-11.839,46.338,49.95,-11.817,46.5,49.815,-11.828,46.419,49.63623508873686,-11.682710396576445,45.47331879612586,-0.2313300795847528,-2.390277564723489,0.3156390343414473,1.6654225738179695,0.956409913520506,2.1921574423778862
LEU_30_A_CD1,ILE_41_C_HG23,2592,8437,49.537,-11.07,45.791,49.708,-11.082,45.988,49.6225,-11.076,45.8895,49.6020611629604,-11.231413394408706,45.47655940415641,0.2212705643707853,-2.390277564723489,0.2611398092976267,1.9750448464282124,0.8982448290594846,2.205319880318817
LEU_30_A_CD1,LEU_30_C_HB2,2596,2785,49.668,-10.686,45.651,49.559,-10.762,45.68,49.6135,-10.724,45.6655,49.567887237183946,-10.780116392240974,45.47980001218696,0.6738712083263216,-2.390277564723489,0.136007352742417,1.987607134591516,0.897234444755803,2.2273847424879754
LEU_30_A_CD1,ILE_41_C_HG23,2540,8409,49.435,-10.219,45.633,49.583,-10.332,44.923,49.509,-10.2755,45.278000000000006,49.53371331140749,-10.32881939007324,45.48304062021752,1.126471852281858,-2.390277564723489,0.7340115802901207,2.247603943424838,0.9428181334486638,2.2713225203060614
LEU_30_A_CD2,ILE_41_C_HG23,2621,8408,49.979,-9.689,50.251,49.324,-9.977,44.923,49.6515,-9.833,47.587,49.499539385631024,-9.877522387905502,45.48628122824808,1.579072496237396,-2.390277564723489,5.375830447475065,2.1195058732895995,1.381616698285905,2.341827596177299
LEU_30_A_HD11,ILE_41_C_HG23,2883,8407,49.605,-9.34,45.618,49.233,-9.546,44.923,49.419,-9.443,45.2705,49.46536545985457,-9.42622538573777,45.48952183627863,2.0316731401929324,-2.390277564723489,0.8147668378131256,2.6361066327166283,0.9464630847044546,2.3354774019306443
LEU_30_A_HD11,ILE_32_C_CD1,2869,3691,49.561,-9.025,45.731,49.324,-9.116,44.923,49.4425,-9.0705,45.327,49.43119153407811,-8.974928383570035,45.49276244430918,2.4842737841484688,-2.390277564723489,0.8469439178599729,2.714145899271853,0.9503442664875463,2.359868219951534
LEU_30_A_HG,PHE_38_C_HE1,2847,7115,50.0,-8.463,50.115,49.437,-8.458,48.177,49.7185,-8.4605,49.146,49.39701760830165,-8.523631381402298,45.49600305233974,2.936874428104007,-2.390277564723489,2.018127349797334,2.0520134731767534,1.2271783184684026,2.3675299034630997
LEU_30_A_HD11,ILE_32_C_HD12,2858,3869,49.245,-8.043,46.135,49.335,-8.054,45.832,49.29,-8.0485,45.9835,49.36284368252519,-8.072334379234565,45.49924366037029,3.3894750720595432,-2.390277564723489,0.31627519662471,2.0885135027306365,0.9285480294364282,2.4094373076813396
LEU_30_A_H,ILE_32_C_HD12,2670,3870,49.455,-7.613,45.874,49.316,-7.673,46.008,49.3855,-7.643000000000001,45.941,49.32866975674873,-7.621037377066831,45.50248426840084,3.84207571601508,-2.390277564723489,0.2021806123247203,2.4682624645329154,0.9133709390499821,2.4318165669800744
LEU_30_A_H,ILE_32_C_HD12,2671,3871,49.196,-7.257,45.874,49.181,-7.279,46.064,49.1885,-7.268,45.969,49.294495830972274,-7.169740374899096,45.5057248764314,4.294676359970618,-2.390277564723489,0.1918567173700185,2.846196949393558,0.9097909607666552,2.4514977578499555
LEU_30_A_H,LEU_30_C_O,2696,2544,49.092,-6.919,45.532,49.169,-6.747,45.664,49.1305,-6.833,45.598,49.260321905195816,-6.718443372731361,45.50896548446195,4.747277003926154,-2.390277564723489,0.2300804207228441,2.998756420635178,0.9155607464524405,2.473025872189173
THR_29_A_HA,LEU_30_C_O,2267,2511,49.001,-6.33,44.965,49.166,-6.191,45.092,49.0835,-6.2605,45.0285,49.22614797941935,-6.267146370563627,45.512206092492505,5.19987764788169,-2.390277564723489,0.2503497553423981,3.038135929489342,0.9581231288614727,2.4955751710856324
THR_29_A_HA,LEU_30_C_O,2259,2535,49.245,-5.844,44.794,49.331,-5.925,44.929,49.288,-5.8845,44.8615,49.191974053642895,-5.815849368395892,45.51544670052306,5.6524782918372285,-2.390277564723489,0.1793934223989337,2.5964358571123496,0.9963665608439994,2.50433770153254
THR_29_A_OG1,GLN_31_C_HA,2123,3400,48.987,-5.314,44.424,48.949,-5.437,44.618,48.968,-5.375500000000001,44.521,49.15780012786644,-5.364552366228157,45.518687308553616,6.105078935792765,-2.390277564723489,0.2328282628891977,2.6754906635831386,1.0264147815000546,2.5174420142292386
THR_29_A_OG1,GLN_31_C_HA,2108,3401,48.833,-4.768,44.251,48.936,-5.044,44.516,48.8845,-4.906,44.3835,49.12362620208998,-4.913255364060423,45.52192791658417,6.557679579748301,-2.390277564723489,0.3962448737838768,2.714724147235434,1.0912437395852848,2.5257048671587565
THR_29_A_OG1,GLN_31_C_HA,2129,3399,49.081,-4.448,43.715,49.094,-4.362,44.204,49.087500000000006,-4.405,43.959500000000006,49.08945227631352,-4.461958361892688,45.52516852461473,7.010280223703839,-2.390277564723489,0.4966749440026115,2.902121891162498,1.1436698631617024,2.543532886740829
THR_29_A_OG1,GLN_31_C_HA,2128,3378,48.99,-4.018,43.715,48.972,-3.859,43.683,48.981,-3.9385,43.699,49.05527835053706,-4.010661359724954,45.52840913264528,7.462880867659376,-2.390277564723489,0.1631839452887452,2.973670919768105,1.2282795376211597,2.5519822780746284
THR_29_A_OG1,GLN_31_C_HB3,2119,3451,48.956,-3.639,43.813,48.508,-3.373,39.602,48.732,-3.506,41.7075,49.0211044247606,-3.5593643575572185,45.53164974067583,7.915481511614912,-2.390277564723489,4.243109826530542,2.967513542911047,1.7590969578054263,2.51161310267093
THR_29_A_CB,GLN_31_C_HA,2094,3382,49.013,-3.074,43.988,48.687,-3.298,43.422,48.85,-3.186,43.705,48.986930498984144,-3.108067355389482,45.53489034870639,8.36808215557045,-2.390277564723489,0.6905128528854501,2.854640687401314,1.3500112876373003,2.557461634658877
THR_29_A_CB,GLN_31_C_CD,2100,3201,48.658,-2.843,44.173,48.542,-2.853,43.422,48.6,-2.848,43.7975,48.95275657320768,-2.656770353221749,45.53813095673694,8.820682799525986,-2.390277564723489,0.7599717099997915,2.8773070811743358,1.4341178643122605,2.5548337634696483
THR_29_A_CB,GLN_31_C_CD,2098,3200,48.926,-2.104,44.663,48.687,-2.408,43.422,48.8065,-2.256,44.0425,48.91858264743122,-2.2054733510540143,45.541371564767495,9.273283443481525,-2.390277564723489,1.299853068619681,2.8782984053367886,1.5727308801485327,2.567917370682324
THR_29_A_HB,GLN_31_C_CD,2306,3208,48.896,-1.904,44.978,48.805,-1.73,43.553,48.8505,-1.817,44.2655,48.884408721654765,-1.7541763488862796,45.54461217279805,9.72588408743706,-2.390277564723489,1.438465154252967,2.802619673499426,1.6848737891215646,2.5749659897357215
THR_29_A_CG2,GLN_31_C_CD,2153,3212,48.839,-1.178,46.069,48.798,-1.463,43.548,48.8185,-1.3205,44.8085,48.85023479587831,-1.3028793467185449,45.547852780828606,10.178484731392595,-2.390277564723489,2.537389800562776,2.459108396929747,1.915272011359023,2.586405819607051
THR_29_A_CG2,GLN_31_C_CD,2152,3221,48.744,-0.836,46.329,48.519,-0.64,43.447,48.6315,-0.738,44.888000000000005,48.81606087010184,-0.8515823445508085,45.55109338885916,10.631085375348135,-2.390277564723489,2.897406599012294,2.2938297356865025,2.0765574888276332,2.6100695647269423
GLU_26_A_OE2,GLN_31_C_CD,350,3222,48.888,-0.391,46.329,48.48,-0.285,43.144,48.684,-0.3379999999999999,44.7365,48.781886944325386,-0.4002853423830738,45.55433399688972,11.083686019303672,-2.390277564723489,3.2127752800343843,2.014298338330599,2.210411760083317,2.624049167139611
GLU_26_A_OE2,GLN_31_C_OE1,351,3257,48.744,0.053,46.329,48.555,-0.163,42.801,48.6495,-0.055,44.565,48.74771301854893,0.0510116597846591,45.55757460492027,11.536286663259208,-2.390277564723489,3.539655491711021,2.3282170307311216,2.333245381507367,2.632558323868728
GLU_26_A_OE2,GLN_31_C_HE22,353,3575,48.839,0.395,46.069,48.223,0.301,42.424,48.531,0.348,44.2465,48.71353909277247,0.5023086619523957,45.56081521295082,11.988887307214746,-2.390277564723489,3.697880068363497,2.879769029445893,2.4037118479566835,2.656456941429974
GLU_26_A_OE2,GLN_31_C_HE22,416,3584,48.554,1.072,45.321,48.451,0.743,41.727,48.5025,0.9075,43.524,48.67936516699601,0.9536056641201304,45.56405582098138,12.441487951170284,-2.390277564723489,3.610496641737811,3.160467791788806,2.549938484119391,2.683325197989908
GLN_54_A_HB2,GLN_54_C_HE21,14010,14166,51.444,-33.306,43.475,52.108,-33.106,47.16,51.776,-33.206,45.3175,51.7204961991032,-33.31103077413189,45.273070316280815,-21.956160989450524,-1.9428313424953432,3.7496827865834135,3.894753923046936,2.509605863096779,3.5971374044283193
GLN_54_A_HG3,GLN_54_C_HE21,14113,14176,51.671,-32.628,44.073,52.008,-32.721,46.352,51.8395,-32.674499999999995,45.2125,51.686322273326745,-32.85973377196416,45.27631092431137,-21.50356034549499,-1.9428313424953432,2.305658040560218,3.719491802427868,2.2711300979414433,3.53748817715278
GLN_54_A_HG3,GLN_54_C_HE21,14131,14175,51.777,-32.545,44.281,51.905,-32.27,46.352,51.841,-32.4075,45.3165,51.65214834755029,-32.408436769796424,45.27955153234192,-21.05095970153945,-1.9428313424953432,2.093095793316682,3.50332506839089,2.1947784680942797,3.51678739790278
GLN_54_A_HG3,GLN_54_C_HE21,14126,14162,51.776,-32.149,44.6,51.92,-31.753,46.469,51.848,-31.951,45.5345,51.61797442177382,-31.95713976762869,45.28279214037248,-20.598359057583917,-1.9428313424953432,1.9159104885145335,3.646106798121631,2.093986380489953,3.4793063770651846
GLN_54_A_HG3,GLN_54_C_NE2,14108,13968,51.565,-31.543,44.541,51.684,-31.65,46.734,51.6245,-31.5965,45.6375,51.583800495997366,-31.505842765460955,45.28603274840303,-20.14575841362838,-1.9428313424953432,2.198831280476067,3.670587559987882,2.090746111988055,3.4481544622391027
GLN_54_A_CG,GLN_54_C_NE2,13872,13960,51.364,-31.223,44.46,51.828,-31.212,46.64,51.596,-31.2175,45.55,51.54962657022091,-31.05454576329322,45.28927335643358,-19.693157769672844,-1.9428313424953432,2.228860022522725,3.857701832275394,2.004996016676898,3.4215481184336514
GLN_54_A_CG,GLN_54_C_NE2,13874,13961,51.494,-30.777,44.46,51.716,-30.804,46.702,51.605,-30.7905,45.581,51.51545264444445,-30.603248761125485,45.29251396446414,-19.240557125717302,-1.9428313424953432,2.253126050623885,3.900261688061837,1.936101084332297,3.3782592565238847
GLN_54_A_CG,GLN_54_C_HE22,13865,14197,51.499,-30.234,44.248,51.98,-30.009,48.979,51.7395,-30.1215,46.6135,51.48127871866799,-30.15195175895775,45.29575457249469,-18.787956481761768,-1.9428313424953432,4.760708665734548,4.111916180311531,2.1499728635270174,3.2978188924750103
GLN_54_A_HG2,LEU_50_C_HD12,14089,12304,51.414,-29.608,44.019,51.278,-29.601,45.021,51.346,-29.6045,44.52,51.44710479289153,-29.700654756790016,45.298995180525246,-18.335355837806237,-1.9428313424953432,1.011211649458216,4.166244704399816,1.54669190743964,3.151744308541618
ALA_53_A_CB,LEU_50_C_HD12,13578,12307,50.464,-29.451,37.336,51.367,-29.29,44.702,50.9155,-29.3705,41.019,51.41293086711507,-29.24935775462228,45.302235788555805,-17.88275519385069,-1.9428313424953432,7.422889329634383,2.6756761771996835,2.2306154227285293,2.9985762455987697
GLN_54_A_HG2,LEU_50_C_HD12,14088,12310,51.414,-28.718,44.019,51.252,-28.943,44.493,51.333,-28.8305,44.256,51.378756941338615,-28.798060752454543,45.30547639658636,-17.430154549895157,-1.9428313424953432,0.5491311318801766,3.813692725458854,1.352763385534033,2.984733523821548
LYS_51_A_HA,LEU_50_C_CD1,12598,12042,51.33,-28.247,44.28,51.192,-28.495,44.403,51.261,-28.371,44.3415,51.34458301556216,-28.34676375028681,45.30871700461691,-16.977553905939622,-1.9428313424953432,0.3093169895107597,2.905348112740038,1.2426742122642849,2.869110788497647
LEU_50_A_HD21,LEU_50_C_CD1,12381,12094,51.206,-27.717,44.754,51.282,-27.985,44.26,51.244,-27.851,44.507,51.31040908978569,-27.89546674811908,45.31195761264747,-16.52495326198408,-1.9428313424953432,0.5671296148148138,2.304871978254444,1.1542513767405644,2.748824107716793
ALA_53_A_HB3,LEU_50_C_HD11,13673,12264,50.273,-27.262,37.195,51.075,-27.238,44.226,50.67400000000001,-27.25,40.7105,51.27623516400924,-27.444169745951346,45.31519822067802,-16.072352618028546,-1.9428313424953432,7.07663345101327,2.191322220548934,1.9952105748404982,2.6771867900774904
LYS_51_A_CA,LEU_50_C_HD11,12419,12278,51.146,-26.785,44.872,50.94,-26.877,44.241,51.043,-26.831,44.5565,51.24206123823278,-26.992872743783607,45.31843882870857,-15.619751974073008,-1.9428313424953432,0.6701201384826465,2.128818111300625,1.0961998633883554,2.557375865454428
GLU_49_A_OE2,LEU_50_C_HD11,11814,12281,50.235,-26.618,37.031,51.145,-26.522,44.241,50.69,-26.57,40.636,51.20788731245632,-26.541575741615876,45.32167943673913,-15.167151330117472,-1.9428313424953432,7.267834340434572,2.090269308053682,1.9098841488818112,2.579485674741493
LYS_51_A_HB2,LEU_50_C_HD11,12645,12276,51.315,-25.914,44.984,51.24,-26.114,44.45,51.2775,-26.014000000000003,44.717,51.17371338667986,-26.090278739448134,45.32492004476968,-14.714550686161935,-1.9428313424953432,0.5751356361763701,1.566571084788167,1.0644338158782556,2.4460313565089553
LYS_51_A_HB2,LEU_50_C_HD11,12652,12268,51.101,-25.846,45.251,50.983,-25.797,44.903,51.042,-25.8215,45.077,51.1395394609034,-25.638981737280403,45.32816065280024,-14.261950042206395,-1.9428313424953432,0.3707141756124247,1.8135884850389687,1.069322082428904,2.4192835383122615
LYS_51_A_HB2,LEU_50_C_HD11,12682,12249,51.005,-25.313,45.915,51.243,-25.226,45.488,51.124,-25.2695,45.7015,51.10536553512694,-25.18768473511267,45.3314012608308,-13.80934939825086,-1.9428313424953432,0.496529958814168,1.911609251866517,1.0908597470955403,2.373317236195294
LYS_51_A_HB2,ALA_47_C_O,12677,10926,51.108,-24.862,45.915,51.158,-24.738,45.654,51.133,-24.8,45.7845,51.071191609350485,-24.736387732944934,45.33464186886135,-13.356748754295324,-1.9428313424953432,0.2932524509701459,1.8958906965694444,1.110716164346936,2.326526527423932
LYS_51_A_HB2,ALA_47_C_O,12651,10925,51.053,-24.135,45.4,51.158,-24.274,45.654,51.1055,-24.204500000000003,45.527,51.03701768357402,-24.2850907307772,45.3378824768919,-12.904148110339786,-1.9428313424953432,0.3079967532296455,2.0921243941705736,1.1228440831715163,2.270045952059051
LYS_51_A_HB2,ALA_47_C_HB2,12640,11076,50.937,-23.899,45.269,50.865,-24.061,45.488,50.901,-23.98,45.3785,51.00284375779757,-23.833793728609464,45.34112308492246,-12.45154746638425,-1.9428313424953432,0.2817605366264047,1.9303429130348464,1.123474862012046,2.2576387976848102
LYS_51_A_HB2,ALA_47_C_HB2,12654,11077,50.792,-23.578,45.185,50.948,-23.589,45.227,50.870000000000005,-23.5835,45.206,50.96866983202111,-23.38249672644173,45.34436369295301,-11.998946822428714,-1.9428313424953432,0.1619289967856256,1.896238110280546,1.1292970332425358,2.232100907114586
LEU_48_A_HA,ALA_47_C_HB2,11276,11094,50.694,-22.895,44.818,50.938,-22.964,44.493,50.816,-22.9295,44.6555,50.93449590624465,-22.931199724273995,45.34760430098356,-11.546346178473176,-1.9428313424953432,0.4122159628156059,1.7313823029870512,1.1206673607388165,2.1929956363306644
GLU_49_A_HG2,ALA_47_C_HB2,11954,11097,49.846,-22.413,36.709,50.773,-22.513,44.174,50.3095,-22.463,40.441500000000005,50.900321980468185,-22.47990272210626,45.35084490901412,-11.09374553451764,-1.9428313424953432,7.523001661570995,2.282751757073023,1.5790070457995118,2.203126507401143
LEU_48_A_HA,ALA_47_C_HB2,11278,11096,50.893,-22.074,44.734,50.938,-22.062,44.493,50.9155,-22.068,44.6135,50.86614805469173,-22.028605719938525,45.35408551704467,-10.641144890562105,-1.9428313424953432,0.2454587541726715,1.4233961381975533,1.1600687470912447,2.131881966854498
LEU_48_A_HA,ALA_47_C_HB2,11300,11083,50.851,-21.541,44.817,50.738,-21.69,44.551,50.7945,-21.6155,44.684,50.83197412891527,-21.57730871777079,45.357326125075225,-10.188544246606565,-1.9428313424953432,0.3251553474879342,1.6992751085138385,1.187801487203052,2.1336427793212382
LEU_48_A_HA,ALA_47_C_CB,11304,10991,50.65,-20.968,44.772,50.662,-21.216,44.748,50.656,-21.092,44.76,50.79780020313881,-21.126011715603056,45.36056673310578,-9.735943602651028,-1.9428313424953432,0.249447389242703,1.8773913297392888,1.2079122027013767,2.1356156796578745
LEU_48_A_HA,ALA_47_C_CB,11275,10985,50.612,-20.643,44.779,50.628,-20.838,45.109,50.620000000000005,-20.7405,44.944,50.76362627736235,-20.67471471343532,45.36380734113634,-9.283342958695492,-1.9428313424953432,0.3836417599792793,2.0028046886434785,1.2307459122306494,2.129478089492228
LEU_48_A_HG,TYR_44_C_O,11369,9630,50.864,-20.201,44.976,50.643,-20.184,45.643,50.7535,-20.192500000000003,45.3095,50.72945235158589,-20.223417711267587,45.36704794916689,-8.830742314739954,-1.9428313424953432,0.7028648518741001,2.0108689187809428,1.2623838802833047,2.1047500155250742
LEU_48_A_HG,TYR_44_C_O,11371,9629,50.86,-19.777,45.112,50.643,-19.744,45.643,50.7515,-19.7605,45.3775,50.69527842580944,-19.77212070909985,45.37028855719745,-8.378141670784418,-1.9428313424953432,0.5745772358873943,1.850493411785873,1.2794408665122166,2.1078679146562638
LEU_48_A_HG,TYR_44_C_O,11392,9665,50.559,-19.466,45.341,50.509,-19.221,45.353,50.534,-19.3435,45.347,50.66110450003298,-19.32082370693212,45.373529165228,-7.92554102682888,-1.9428313424953432,0.2503377718203951,1.3700069012275866,1.2665691072803453,2.131394250157435
LEU_48_A_HG,TYR_44_C_O,11388,9664,50.559,-18.756,45.341,50.654,-18.776,45.353,50.6065,-18.766,45.347,50.62693057425651,-18.869526704764382,45.37676977325855,-7.472940382873344,-1.9428313424953432,0.0978212655816777,1.3549586799139397,1.2738380426548008,2.1366487637063627
LEU_48_A_HG,TYR_44_C_O,11402,9655,50.585,-18.098,44.813,50.397,-17.77,45.335,50.491,-17.933999999999997,45.074,50.5585827227036,-17.966932700428913,45.38325098931966,-6.56773909496227,-1.9428313424953432,0.6445246310266186,1.4969014367506015,1.3299687287544477,2.2034392785976458
LEU_48_A_HG,TYR_44_C_CD1,11381,9713,50.253,-17.744,44.339,50.34,-17.314,45.114,50.2965,-17.529,44.7265,50.52440879692714,-17.51563569826118,45.386491597350215,-6.115138451006733,-1.9428313424953432,0.8905582518847367,2.3680497499102264,1.342531596590819,2.266998081095006
LEU_48_A_CD1,TYR_44_C_CD1,11196,9723,50.19,-17.036,43.882,50.323,-16.851,44.512,50.2565,-16.9435,44.197,50.49023487115068,-17.064338696093444,45.38973220538077,-5.662537807051196,-1.9428313424953432,0.6699358178213827,3.061480555502294,1.3270766315864428,2.332960436500608
LEU_48_A_HD13,TYR_44_C_CD2,11504,9741,50.194,-16.789,43.7,50.1,-16.78,43.481,50.147000000000006,-16.7845,43.590500000000006,50.45606094537422,-16.61304169392571,45.392972813411326,-5.209937163095658,-1.9428313424953432,0.2384910899803193,3.085331342445965,1.2793685912595627,2.3828941205403638
LEU_48_A_HD13,TYR_44_C_CE2,11474,9797,49.968,-16.183,42.368,50.096,-16.383,42.451,50.032,-16.283,42.4095,50.42188701959776,-16.161744691757974,45.39621342144188,-4.757336519140122,-1.9428313424953432,0.251541249102404,3.221382341935752,1.224531370776651,2.459275419418827
LEU_30_A_HD12,ILE_41_C_CG2,2906,8285,50.194,-12.14,46.411,50.2,-12.183,46.259,50.197,-12.1615,46.335,50.11432168760963,-12.100071672248363,45.42537889371687,-0.6839307235402892,-1.9428313424953432,0.1580790941269599,1.7670904935317666,0.9761191885539092,2.2054960373472126
LEU_30_A_HD12,ILE_41_C_HG23,2908,8419,50.22,-11.482,45.883,49.94,-11.445,45.825,50.08,-11.4635,45.854,50.08014776183317,-11.648774670080629,45.42861950174743,-0.2313300795847528,-1.9428313424953432,0.2883279382924945,1.8778083916124984,0.9244160188382072,2.198183892177719
LEU_30_A_HD12,ILE_41_C_HG23,2899,8428,50.143,-11.208,45.816,49.973,-11.282,45.511,50.058,-11.245,45.6635,50.04597383605671,-11.197477667912892,45.43186010977798,0.2212705643707853,-1.9428313424953432,0.3569327667782833,1.7391372228408448,0.9215719318900163,2.2007218294460156
LEU_30_A_CD1,ILE_41_C_HG23,2597,8424,50.09,-10.686,45.651,49.81,-10.951,45.264,49.95,-10.8185,45.4575,50.01179991028025,-10.74618066574516,45.43510071780853,0.6738712083263216,-1.9428313424953432,0.5462545194321062,1.8844861809018705,0.924702587360728,2.2241879362474983
LEU_30_A_CD2,ILE_41_C_HG23,2618,8412,50.633,-10.47,51.061,50.057,-10.266,44.662,50.345,-10.368,47.8615,49.9776259845038,-10.294883663577425,45.43834132583909,1.126471852281858,-1.9428313424953432,6.428109597696668,3.288670111497073,1.5476376448050897,2.384970467310837
LEU_30_A_CD1,ILE_41_C_HG23,2539,8411,49.821,-9.943,45.616,49.678,-9.991,44.662,49.7495,-9.967,45.139,49.94345205872733,-9.843586661409688,45.44158193386964,1.579072496237396,-1.9428313424953432,0.9658514378515992,2.2884821757887703,0.9780037510728243,2.293145203735649
LEU_30_A_HD11,LEU_30_C_HB2,2870,2759,49.961,-9.381,45.688,49.896,-9.546,44.496,49.9285,-9.4635,45.092,49.90927813295088,-9.392289659241955,45.444822541900194,2.0316731401929324,-1.9428313424953432,1.2051199110461996,2.706849162746111,0.9896655447186299,2.3275668618910608
LEU_30_A_HD11,LEU_30_C_HB2,2867,2758,49.847,-8.738,45.796,49.678,-9.101,44.662,49.7625,-8.9195,45.229,49.87510420717442,-8.94099265707422,45.448063149930746,2.4842737841484688,-1.9428313424953432,1.2026163145409274,3.2896374094944667,0.9700451108708834,2.3673414147265617
LEU_30_A_H,ILE_32_C_HD12,2692,3860,49.704,-8.282,45.786,49.794,-8.564,44.886,49.749,-8.423,45.336,49.84093028139796,-8.489695654906484,45.451303757961306,2.936874428104007,-1.9428313424953432,0.947430208511422,2.641498058147981,0.9539749192064136,2.3922709671079097
LEU_30_A_HG,LEU_30_C_O,2833,2537,50.395,-7.998,49.889,49.96,-7.808,45.337,50.1775,-7.903,47.613,49.806756355621495,-8.038398652738751,45.45454436599186,3.3894750720595432,-1.9428313424953432,4.576683187637091,2.2483913364781056,1.2712850491896646,2.3898352121101847
LEU_30_A_H,LEU_30_C_O,2689,2542,49.716,-7.572,45.519,49.603,-7.628,45.685,49.6595,-7.6,45.602,49.77258242984504,-7.587101650571015,45.45778497402241,3.84207571601508,-1.9428313424953432,0.2084730198371031,2.7134321064988907,0.9028282772410832,2.430266648396097
LEU_30_A_H,LEU_30_C_O,2694,2539,49.506,-7.079,45.328,49.797,-6.987,45.583,49.6515,-7.033,45.4555,49.73840850406858,-7.13580464840328,45.46102558205297,4.294676359970618,-1.9428313424953432,0.3977059215048171,2.8362814105688727,0.9103674181864494,2.453887840310142
LEU_30_A_H,LEU_30_C_O,2693,2547,49.725,-6.753,45.033,49.916,-6.647,45.495,49.8205,-6.7,45.264,49.70423457829212,-6.684507646235545,45.46426619008352,4.747277003926154,-1.9428313424953432,0.5110391374444767,2.74655574230621,0.9101224364121768,2.461467249961781
LEU_30_A_H,LEU_30_C_O,2668,2549,49.6,-6.189,44.959,49.56,-6.302,45.33,49.58,-6.2455,45.1445,49.67006065251566,-6.233210644067811,45.46750679811407,5.19987764788169,-1.9428313424953432,0.3898845983108286,2.737201458593144,0.9458547759303879,2.4862935499868866
THR_29_A_HA,LEU_30_C_O,2258,2513,49.712,-5.844,44.794,49.556,-5.832,44.876,49.634,-5.838,44.835,49.6358867267392,-5.781913641900076,45.47074740614463,5.6524782918372285,-1.9428313424953432,0.1766465397340179,2.280509777405443,0.9811435504168883,2.50012800962626
THR_29_A_OG1,GLN_31_C_HA,2122,3390,49.428,-5.233,44.186,49.324,-5.155,44.449,49.376,-5.194,44.3175,49.60171280096274,-5.330616639732341,45.473988014175184,6.105078935792765,-1.9428313424953432,0.2933751864081193,2.228965937005341,1.0661886536973113,2.526749945153972
THR_29_A_OG1,GLN_31_C_CB,2130,3170,49.34,-4.804,43.715,48.941,-4.87,39.877,49.1405,-4.837,41.79600000000001,49.56753887518629,-4.879319637564607,45.477228622205736,6.557679579748301,-1.9428313424953432,3.859248761093279,2.604182064970066,1.590703844388885,2.492745624600137
THR_29_A_OG1,GLN_31_C_HA,2143,3392,49.436,-4.463,43.454,49.281,-4.411,44.17,49.3585,-4.436999999999999,43.812,49.53336494940982,-4.428022635396872,45.480469230236295,7.010280223703839,-1.9428313424953432,0.734428349126041,3.0298784329739568,1.1464483786689128,2.549987537126492
THR_29_A_OG1,GLN_31_C_HA,2142,3379,49.291,-4.018,43.454,49.409,-3.905,43.683,49.35,-3.9615,43.5685,49.499191023633365,-3.9767256332291376,45.48370983826685,7.462880867659376,-1.9428313424953432,0.2813076607559775,3.045327298684789,1.224497729860812,2.565287021155004
THR_29_A_OG1,GLN_31_C_HA,2141,3383,49.436,-3.573,43.454,49.065,-3.573,43.422,49.2505,-3.573,43.438,49.46501709785691,-3.525428631061403,45.4869504462974,7.915481511614912,-1.9428313424953432,0.3723774966348018,3.1324212522456083,1.285075999508627,2.5720126680353363
THR_29_A_OG1,GLN_31_C_HA,2118,3386,49.214,-3.22,43.811,49.177,-3.228,43.257,49.1955,-3.224,43.534,49.43084317208045,-3.0741316288936664,45.49019105432796,8.36808215557045,-1.9428313424953432,0.5552918151746901,3.3158542146987893,1.3558290323493882,2.5758588377530636
THR_29_A_CB,GLN_31_C_CD,2093,3204,49.33,-2.777,44.065,49.177,-2.478,43.257,49.2535,-2.6275000000000004,43.661,49.39666924630399,-2.622834626725933,45.49343166235851,8.820682799525986,-1.9428313424953432,0.8750279995520139,3.321551907744217,1.4693108703136168,2.581699334192251
THR_29_A_CB,GLN_31_C_CD,2104,3207,49.371,-2.111,44.61,49.184,-2.019,43.427,49.2775,-2.0650000000000004,44.0185,49.36249532052753,-2.1715376245581988,45.49667227038906,9.273283443481525,-1.9428313424953432,1.2012168829982377,3.0954734289898505,1.604677189359123,2.578586837822068
THR_29_A_HB,GLN_31_C_CD,2305,3205,49.255,-1.75,45.113,48.98,-1.741,43.488,49.1175,-1.7455,44.3005,49.32832139475107,-1.7202406223904645,45.49991287841962,9.72588408743706,-1.9428313424953432,1.6481295458792076,2.983142505837604,1.7133788292550072,2.5775415590425688
THR_29_A_CG2,GLN_31_C_CD,2210,3213,49.201,-1.364,45.512,48.889,-1.09,43.375,49.045,-1.227,44.4435,49.29414746897461,-1.2689436202227296,45.503153486450174,10.178484731392595,-1.9428313424953432,2.1769678454217005,2.64899486938126,1.8885850556286172,2.586989607656023
THR_29_A_CG2,GLN_31_C_CD,2190,3214,49.132,-0.764,46.058,49.063,-0.882,43.053,49.0975,-0.823,44.5555,49.25997354319815,-0.8176466180549931,45.506394094480726,10.631085375348135,-1.9428313424953432,3.008107378402576,2.3575795805351105,2.0903788911161696,2.6019800798785138
THR_29_A_CG2,GLN_31_C_CD,2191,3243,49.233,-0.33,46.047,48.764,-0.374,42.878,48.9985,-0.352,44.4625,49.22579961742169,-0.3663496158872583,45.509634702511285,11.083686019303672,-1.9428313424953432,3.203819283292985,2.045160346431921,2.238057664563898,2.614360187404306
GLU_26_A_OE2,GLN_31_C_HE22,362,3571,49.051,0.065,46.103,49.088,-0.084,42.282,49.069500000000005,-0.0095,44.1925,49.19162569164524,0.0849473862804746,45.51287531054184,11.536286663259208,-1.9428313424953432,3.824083027341331,2.4203423877423016,2.396932560215407,2.63324318874967
GLU_26_A_OE2,GLN_31_C_HE22,361,3572,49.147,0.481,45.844,48.665,0.319,42.214,48.906,0.4,44.029,49.15745176586878,0.5362443884482111,45.51611591857239,11.988887307214746,-1.9428313424953432,3.665442401675413,2.8602782415747314,2.454494240275267,2.650990922048277
GLU_26_A_OE2,GLN_31_C_HE22,417,3588,48.992,1.026,45.321,48.682,0.912,41.335,48.837,0.969,43.328,49.12327784009232,0.9875413906159458,45.51935652660295,12.441487951170284,-1.9428313424953432,3.999661485676004,2.9795505254188024,2.5977608398442733,2.6857468245363014
GLN_54_A_HB2,GLN_54_C_HE21,14008,14177,52.153,-33.353,42.839,52.296,-33.083,46.352,52.2245,-33.218,44.5955,52.16440887219952,-33.27709504763608,45.22837102190238,-21.956160989450524,-1.4953851202671968,3.526261192821653,3.790370834526824,2.4489097430572913,3.5929715229133192
GLN_54_A_HG3,GLN_54_C_NE2,14132,13964,52.194,-32.745,44.281,52.483,-32.973,48.339,52.3385,-32.858999999999995,46.31,52.13023494642306,-32.825798045468346,45.231611629932935,-21.50356034549499,-1.4953851202671968,4.074661826458731,3.627441417867076,2.472246815862634,3.5480644010630753
GLN_54_A_HG3,GLN_54_C_HE21,14127,14182,52.105,-32.434,44.6,52.204,-32.487,46.033,52.1545,-32.4605,45.316500000000005,52.0960610206466,-32.37450104330061,45.23485223796349,-21.05095970153945,-1.4953851202671968,1.4373931264619295,3.453362752533137,2.1260972476349544,3.518696667950546
GLN_54_A_HG3,GLN_54_C_HE21,14124,14181,52.22,-32.087,44.809,52.204,-32.053,46.033,52.212,-32.07,45.421,52.06188709487013,-31.923204041132877,45.238092845994046,-20.598359057583917,-1.4953851202671968,1.2245766615447191,3.3098083563724066,2.032399380014218,3.4816963988000533
GLN_54_A_HB3,GLN_54_C_CD,14056,13894,51.403,-31.511,39.721,52.499,-31.524,49.531,51.951,-31.5175,44.626,52.02771316909367,-31.47190703896514,45.2413334540246,-20.14575841362838,-1.4953851202671968,9.8710427514017,3.814635152934576,3.3563828297421465,3.5541673949192405
GLN_54_A_HG3,GLN_54_C_HE21,14109,14134,51.854,-31.22,44.643,51.988,-31.166,46.515,51.921,-31.193,45.579,51.993539243317215,-31.020610036797404,45.24457406205515,-19.693157769672844,-1.4953851202671968,1.8775665101401864,3.8240667621037057,1.9438600505801455,3.423351113613496
GLN_54_A_CG,LEU_50_C_HD12,13873,12288,51.846,-30.473,44.46,51.939,-30.38,46.254,51.8925,-30.4265,45.357,51.95936531754076,-30.56931303462967,45.24781467008571,-19.240557125717302,-1.4953851202671968,1.7988146096804944,3.956611525447689,1.7837570224635437,3.3306695501570553
GLN_54_A_CG,LEU_50_C_HD23,13863,12386,51.784,-30.212,44.33,51.926,-30.064,45.995,51.855,-30.138,45.1625,51.9251913917643,-30.11801603246193,45.25105527811626,-18.787956481761768,-1.4953851202671968,1.6775854672713393,4.092522072489711,1.7196852331812627,3.2823509544993166
GLN_54_A_HG2,LEU_50_C_HD23,14093,12402,51.573,-29.737,44.144,52.08,-29.537,45.182,51.8265,-29.637,44.663,51.89101746598784,-29.6667190302942,45.254295886146814,-18.335355837806237,-1.4953851202671968,1.1723877344974254,4.187302422048738,1.5394582873852816,3.1780051745562723
LEU_50_A_CD2,LEU_50_C_HD12,12094,12308,51.733,-29.302,44.162,51.696,-29.005,44.702,51.7145,-29.1535,44.432,51.856843540211386,-29.215422028126465,45.25753649417737,-17.88275519385069,-1.4953851202671968,0.6173961451126816,3.782719382008742,1.4213629762513766,3.0696712871101908
GLN_54_A_HG2,LEU_50_C_CD1,14086,12043,51.836,-28.943,44.28,51.642,-28.578,44.544,51.739,-28.7605,44.412,51.82266961443493,-28.76412502595873,45.260777102207925,-17.430154549895157,-1.4953851202671968,0.4904661048431353,3.547352364106348,1.3343842613493644,2.9806415095294825
LEU_50_A_CD2,LEU_50_C_CD1,12081,12088,51.657,-28.541,44.28,51.611,-28.242,44.4,51.634,-28.3915,44.34,51.78849568865847,-28.312828023791,45.26401771023848,-16.977553905939622,-1.4953851202671968,0.3254489207233587,3.3762490930628086,1.2644884208985203,2.897562960806036
LEU_50_A_HD21,LEU_50_C_CD1,12379,12089,51.563,-27.831,44.809,51.862,-27.851,44.4,51.712500000000006,-27.841,44.6045,51.754321762882,-27.86153102162326,45.26725831826904,-16.52495326198408,-1.4953851202671968,0.5070325433342507,2.1880705434557792,1.1777677928198143,2.7720397987015204
LEU_50_A_HD21,LEU_50_C_HD11,12380,12265,51.646,-27.497,44.88,51.545,-27.378,44.263,51.5955,-27.4375,44.5715,51.72014783710554,-27.41023401945553,45.27049892629959,-16.072352618028546,-1.4953851202671968,0.6364361711908,2.4277414546611134,1.1407449968721057,2.68732341246722
LEU_50_A_HD21,LEU_50_C_HD11,12364,12279,51.861,-27.038,44.871,51.76,-26.877,44.241,51.8105,-26.9575,44.556,51.685973911329086,-26.95893701728779,45.27373953433014,-15.619751974073008,-1.4953851202671968,0.6580440714724232,2.391512606278273,1.1018658858052761,2.6131466653675317
LEU_50_A_HD21,LEU_50_C_HD11,12366,12280,51.761,-26.359,44.723,51.555,-26.522,44.241,51.658,-26.4405,44.482,51.65179998555263,-26.507640015120057,45.2769801423607,-15.167151330117472,-1.4953851202671968,0.548934422312902,2.434242757066279,1.0879069743147203,2.5208296020338192
LYS_51_A_HB2,LEU_50_C_HD11,12648,12271,51.616,-25.914,44.723,51.581,-25.864,44.769,51.5985,-25.889000000000003,44.746,51.61762605977617,-26.05634301295232,45.28022075039125,-14.714550686161935,-1.4953851202671968,0.0764264352171405,2.475459926274272,1.0708984286312626,2.4485887387096152
LYS_51_A_HB2,LEU_50_C_HD11,12646,12251,51.407,-25.484,44.984,51.367,-25.558,45.227,51.387,-25.521,45.1055,51.583452133999714,-25.605046010784587,45.2834613584218,-14.261950042206395,-1.4953851202671968,0.2571478174124704,2.323572869022872,1.0691947622517037,2.3922499781581905
LYS_51_A_HB2,LEU_50_C_H,12657,12120,51.485,-25.123,45.089,51.85,-25.254,49.441,51.6675,-25.1885,47.265,51.54927820822326,-25.15374900861685,45.28670196645236,-13.80934939825086,-1.4953851202671968,4.36924364163868,1.750661875172183,1.4066759336832197,2.406870822584254
LYS_51_A_HB2,ALA_47_C_O,12635,10927,51.353,-24.814,45.233,51.599,-24.881,45.654,51.476,-24.8475,45.4435,51.5151042824468,-24.70245200644912,45.289942574482914,-13.356748754295324,-1.4953851202671968,0.4921849245964397,2.202051594369118,1.0893106164757376,2.32124481252071
LYS_51_A_HB2,ALA_47_C_O,12650,10924,51.357,-24.3,45.135,51.599,-24.131,45.654,51.478,-24.2155,45.3945,51.48093035667033,-24.251155004281383,45.29318318251347,-12.904148110339786,-1.4953851202671968,0.5970644856294876,1.948426517804423,1.1138848321123198,2.2481748911570767
LYS_51_A_HB2,ALA_47_C_O,12642,10929,51.312,-24.015,44.934,51.243,-23.786,45.488,51.2775,-23.9005,45.211,51.44675643089387,-23.79985800211365,45.296423790544026,-12.45154746638425,-1.4953851202671968,0.6034219087835652,2.079759507911658,1.1072511184437304,2.2180385538135057
LEU_48_A_HA,ALA_47_C_HB2,11284,11079,51.263,-23.229,44.673,51.257,-23.247,45.05,51.26,-23.238,44.8615,51.41258250511741,-23.348560999945917,45.29966439857458,-11.998946822428714,-1.4953851202671968,0.3774771516264216,1.9150728010387528,1.0992105743780898,2.1612758339590394
LEU_48_A_HA,ALA_47_C_C,11283,10917,51.407,-22.784,44.673,51.414,-22.838,44.995,51.4105,-22.811,44.834,51.37840857934096,-22.89726399777818,45.30290500660513,-11.546346178473176,-1.4953851202671968,0.3265715848018585,1.7491064882460243,1.112231646288179,2.1242801688379416
LEU_48_A_HA,ALA_47_C_HB2,11299,11082,51.182,-22.454,44.811,51.156,-22.612,44.677,51.169,-22.533,44.744,51.3442346535645,-22.445966995610444,45.30614561463569,-11.09374553451764,-1.4953851202671968,0.2087965516956627,1.4936579004913486,1.1261787543243715,2.1279951460236393
LEU_48_A_HA,ALA_47_C_HB2,11301,11070,51.13,-21.936,44.899,51.13,-21.876,44.898,51.13,-21.906,44.8985,51.31006072778804,-21.99466999344271,45.30938622266624,-10.641144890562105,-1.4953851202671968,0.0600083327547086,1.3708959988837697,1.1622194111771784,2.1061521263655814
LEU_48_A_HA,ALA_47_C_C,11312,10919,51.173,-21.76,44.991,51.328,-21.71,45.13,51.2505,-21.735,45.060500000000005,51.275886802011584,-21.54337299127497,45.31262683069679,-10.188544246606565,-1.4953851202671968,0.2141167905606686,1.5084026025898734,1.1794834519808721,2.0954169240413743
GLU_49_A_HA,LEU_48_C_N,11847,11150,50.591,-21.32,40.228,51.173,-20.918,45.622,50.882000000000005,-21.119,42.925,51.24171287623513,-21.09207598910724,45.31586743872735,-9.735943602651028,-1.4953851202671968,5.4401805117109845,2.009816048434958,1.716255572571165,2.1796462675848476
LEU_48_A_HA,LEU_48_C_N,11294,11153,51.256,-20.835,45.035,51.444,-20.684,45.904,51.35,-20.759500000000003,45.4695,51.207538950458655,-20.640778986939505,45.319108046757904,-9.283342958695492,-1.4953851202671968,0.9018347964012104,1.785679522522346,1.274078781285961,2.0791999183254704
LEU_48_A_HA,LEU_48_C_N,11296,11152,51.258,-20.393,44.972,51.065,-20.409,45.904,51.1615,-20.401,45.438,51.1733650246822,-20.18948198477177,45.322348654788456,-8.830742314739954,-1.4953851202671968,0.9519080837980136,1.9569543873154631,1.284052436925794,2.0759819609858985
LEU_48_A_HG,TYR_44_C_O,11372,9640,51.25,-19.51,44.951,51.375,-19.716,46.075,51.3125,-19.613,45.513000000000005,51.13919109890574,-19.73818498260404,45.325589262819015,-8.378141670784418,-1.4953851202671968,1.1495377331779957,1.6091673856887452,1.3568082281841836,2.0802852016200704
LEU_48_A_HG,TYR_44_C_O,11394,9644,51.094,-19.328,45.132,51.253,-19.417,45.984,51.1735,-19.3725,45.558,51.10501717312928,-19.2868879804363,45.32882987084957,-7.92554102682888,-1.4953851202671968,0.8712668936669214,1.634345415667677,1.3591057806592348,2.0924516645557625
LEU_48_A_HG,TYR_44_C_O,11395,9662,51.094,-18.894,45.132,50.932,-18.996,45.614,51.013000000000005,-18.945,45.373,51.070843247352826,-18.835590978268566,45.33207047888012,-7.472940382873344,-1.4953851202671968,0.5186251054470841,1.3790652668744052,1.3056532992420353,2.1041884673710736
LEU_48_A_HG,TYR_44_C_O,11396,9663,50.859,-18.528,45.132,50.932,-18.556,45.614,50.8955,-18.542,45.373,51.03666932157637,-18.38429397610083,45.33531108691068,-7.020339738917807,-1.4953851202671968,0.4883001126356613,1.3158233486472457,1.3259085667041863,2.1300265589839453
LEU_48_A_HG,TYR_44_C_O,11375,9652,51.078,-18.126,44.356,50.838,-18.023,45.763,50.958,-18.0745,45.0595,51.00249539579991,-17.932996973933097,45.33855169494123,-6.56773909496227,-1.4953851202671968,1.431033891981595,1.363876455593617,1.4311069220025396,2.1721245992939857
LEU_48_A_HD13,TYR_44_C_O,11502,9636,50.867,-17.551,43.859,50.838,-17.529,45.937,50.8525,-17.54,44.898,50.968321470023454,-17.481699971765362,45.34179230297178,-6.115138451006733,-1.4953851202671968,2.078318791716031,2.1015732414259403,1.513880169109883,2.230532338531644
LEU_48_A_HD11,TYR_44_C_CD1,11410,9721,50.55,-16.825,40.784,50.721,-16.953,45.239,50.63549999999999,-16.889,43.0115,50.93414754424698,-17.030402969597628,45.34503291100234,-5.662537807051196,-1.4953851202671968,4.4601177114511215,2.6228675120792984,1.600601972026309,2.320374300316868
LEU_48_A_HD13,TYR_44_C_CE1,11508,9766,50.507,-16.524,43.512,50.957,-16.394,44.717,50.732,-16.459,44.1145,50.899973618470526,-16.579105967429893,45.348273519032894,-5.209937163095658,-1.4953851202671968,1.2928360298197137,2.71671478869709,1.4030017322771504,2.3201995889730163
TYR_44_A_HE1,TYR_44_C_CE2,10026,9814,50.849,-16.279,43.137,50.735,-16.164,43.118,50.792,-16.2215,43.1275,50.86579969269407,-16.127808965262158,45.351514127063446,-4.757336519140122,-1.4953851202671968,0.1630398724238919,2.824819975511487,1.2787029244402237,2.3562949315277852
LEU_48_A_HD13,TYR_44_C_CE2,11475,9823,50.567,-15.859,41.97,50.529,-15.802,41.933,50.548,-15.8305,41.9515,50.83162576691761,-15.676511963094423,45.354754735094005,-4.304735875184585,-1.4953851202671968,0.0778588466392851,2.6202773041376397,1.213527898497539,2.405985383674817
LEU_30_A_HD12,ASN_45_C_HD22,2889,10420,50.935,-12.501,46.73,50.525,-12.673,46.641,50.73,-12.587,46.6855,50.5924082864824,-12.51743294792028,45.37743899130788,-1.1365313674958255,-1.4953851202671968,0.4534368754303106,1.8854195728241587,1.029987793522135,2.234988928949669
LEU_30_A_HD12,TYR_44_C_HH,2897,10131,50.691,-11.96,46.14,50.479,-11.857,43.667,50.585,-11.9085,44.9035,50.55823436070594,-12.066135945752547,45.38067959933844,-0.6839307235402892,-1.4953851202671968,2.4842065131546525,2.00340275002512,1.0920518469001164,2.229014732611828
LEU_30_A_HD12,TYR_44_C_HH,2896,10158,50.789,-11.556,45.913,50.562,-11.773,45.54,50.6755,-11.6645,45.7265,50.52406043492948,-11.614838943584813,45.383920207369,-0.2313300795847528,-1.4953851202671968,0.4875930680393233,1.793082219602796,0.9698343076411339,2.1995049654758954
LEU_30_A_HD22,TYR_44_C_HH,3000,10124,51.028,-11.346,51.09,50.566,-11.287,44.928,50.797,-11.3165,48.009,50.489886509153024,-11.163541941417076,45.38716081539955,0.2212705643707853,-1.4953851202671968,6.179576765442766,3.751704591607705,1.5926728493226736,2.3897221181138955
LEU_30_A_HD12,TYR_44_C_HH,2898,10126,50.538,-10.932,45.801,50.281,-10.726,44.667,50.4095,-10.829,45.234,50.45571258337657,-10.712244939249343,45.3904014234301,0.6738712083263216,-1.4953851202671968,1.1808645138202771,1.8646731772057248,0.9806846395744575,2.2226902437028446
LEU_30_A_CD1,ILE_41_C_HG23,2594,8427,50.302,-10.32,45.651,50.136,-10.281,44.667,50.219,-10.3005,45.159000000000006,50.42153865760011,-10.260947937081609,45.39364203146066,1.126471852281858,-1.4953851202671968,0.9986656097012664,2.523010590138129,0.9919101078655223,2.2586218316358537
LEU_30_A_CD1,LEU_30_C_HB2,2530,2760,50.429,-9.945,45.698,50.169,-9.921,44.496,50.299,-9.933,45.097,50.38736473182364,-9.809650934913872,45.39688263949121,1.579072496237396,-1.4953851202671968,1.2300325198953068,2.6862725647998835,1.0062794456206596,2.2815811582418837
LEU_30_A_HB2,LEU_30_C_HB2,2777,2763,50.442,-9.396,45.703,50.169,-9.171,44.496,50.3055,-9.2835,45.099500000000006,50.35319080604718,-9.35835393274614,45.40012324752176,2.0316731401929324,-1.4953851202671968,1.2577770072632128,2.7403523349097267,0.9918510029762488,2.3259917799166265
LEU_30_A_HD11,LEU_30_C_HB2,2864,2757,50.151,-9.123,45.751,50.057,-8.826,44.662,50.104,-8.974499999999999,45.2065,50.31901688027072,-8.907056930578404,45.40336385555232,2.4842737841484688,-1.4953851202671968,1.132680890630718,3.244860715595596,0.9780044463083922,2.353978128214074
LEU_30_A_H,LEU_30_C_HB2,2672,2755,50.151,-8.372,45.751,50.284,-8.634,44.721,50.2175,-8.503,45.236,50.284842954494266,-8.455759928410668,45.40660446358287,2.936874428104007,-1.4953851202671968,1.0710896321036822,2.850179837620668,0.9667156541018647,2.3741831468603287
LEU_30_A_H,LEU_30_C_O,2673,2509,50.263,-8.028,45.586,50.206,-8.212,44.917,50.2345,-8.120000000000001,45.2515,50.25066902871781,-8.004462926242935,45.40984507161343,3.3894750720595432,-1.4953851202671968,0.6961795745351878,2.6479502508287336,0.9376145600836576,2.3887458058070816
LEU_30_A_H,LEU_30_C_O,2698,2548,50.373,-7.511,45.088,50.406,-7.467,45.33,50.3895,-7.489,45.209,50.21649510294135,-7.5531659240752,45.41308567964398,3.84207571601508,-1.4953851202671968,0.2481713117989241,2.5053891728986857,0.9003688308918515,2.413401115051582
LEU_30_A_H,LEU_30_C_O,2697,2546,49.978,-7.331,45.088,50.188,-7.022,45.495,50.083,-7.176500000000001,45.2915,50.182321177164894,-7.101868921907465,45.416326287674536,4.294676359970618,-1.4953851202671968,0.5524762438331603,2.4908194451746626,0.8985852604666807,2.43291513367375
LEU_30_A_H,GLN_31_C_N,2687,3076,50.243,-6.449,44.833,49.759,-6.811,41.097,50.001000000000005,-6.63,42.965,50.14814725138844,-6.65057191973973,45.41956689570509,4.747277003926154,-1.4953851202671968,3.784573423782392,2.1769568457615955,1.301798086328285,2.422882471957723
LEU_30_A_H,LEU_30_C_O,2688,2528,50.009,-6.039,44.8,49.946,-6.127,45.249,49.9775,-6.083,45.0245,50.113973325611965,-6.199274917571996,45.42280750373564,5.19987764788169,-1.4953851202671968,0.4618592859302549,2.7025393460378213,0.9600864370822699,2.482337776896093
THR_29_A_OG1,LEU_30_C_O,2110,2514,50.137,-5.674,44.535,49.975,-5.696,44.876,50.056,-5.6850000000000005,44.7055,50.07979939983551,-5.7479779154042605,45.4260481117662,5.6524782918372285,-1.4953851202671968,0.3781653077689708,2.5193912748581484,0.9996659573236572,2.4976483863498222
THR_29_A_OG1,LEU_30_C_O,2111,2517,49.831,-5.393,44.297,50.058,-5.225,44.615,49.944500000000005,-5.308999999999999,44.456,50.04562547405905,-5.296680913236526,45.42928871979675,6.105078935792765,-1.4953851202671968,0.4252963672546495,2.1434932621851512,1.0473572161019657,2.511780837287679
THR_29_A_OG1,GLN_31_C_HA,2131,3391,49.721,-5.024,43.715,49.765,-5.012,44.449,49.743,-5.018,44.082,50.011451548282594,-4.845383911068792,45.4325293278273,6.557679579748301,-1.4953851202671968,0.73541552879987,2.737909756652595,1.0715355106284787,2.531001027120298
THR_29_A_OG1,GLN_31_C_HA,2148,3393,49.926,-4.393,43.289,49.718,-4.457,44.17,49.822,-4.425,43.7295,49.977277622506136,-4.394086908901056,45.43576993585786,7.010280223703839,-1.4953851202671968,0.9074805783045716,3.1109476987432028,1.149849003802924,2.555508359387979
THR_29_A_OG1,GLN_31_C_HA,2147,3380,49.654,-4.018,43.289,49.828,-3.769,43.683,49.741,-3.8935,43.486,49.94310369672968,-3.9427899067333225,45.439010543888415,7.462880867659376,-1.4953851202671968,0.4975067838733442,3.140384290758344,1.2310249522773342,2.569509358670228
THR_29_A_OG1,GLN_31_C_HA,2140,3385,49.814,-3.298,43.454,49.911,-3.298,43.422,49.8625,-3.298,43.438,49.90892977095322,-3.491492904565588,45.44225115191897,7.915481511614912,-1.4953851202671968,0.1021420579389336,3.395965489901486,1.330660185438583,2.582684950555911
THR_29_A_OG1,GLN_31_C_HA,2136,3387,49.721,-3.012,43.715,49.618,-3.085,43.257,49.6695,-3.0485,43.486,49.874755845176765,-3.0401959023978518,45.445491759949526,8.36808215557045,-1.4953851202671968,0.475081045717469,3.1966151413392905,1.3862648723986633,2.5841895177597443
THR_29_A_CB,GLN_31_C_CD,2092,3203,49.697,-2.578,44.207,49.618,-2.621,43.257,49.6575,-2.5995,43.732,49.84058191940029,-2.5888989002301184,45.44873236798008,8.820682799525986,-1.4953851202671968,0.9542483953353056,3.139858706623581,1.4768016814398417,2.576029738184981
THR_29_A_CB,GLN_31_C_HE21,2091,3541,49.907,-2.172,44.629,49.395,-2.187,39.377,49.651,-2.1795,42.003,49.80640799362384,-2.137601898062384,45.45197297601063,9.273283443481525,-1.4953851202671968,5.27691889268728,2.5060457954137725,1.906707323129601,2.5386387039690965
THR_29_A_HG22,GLN_31_C_CD,2405,3206,49.908,-1.852,44.859,49.629,-1.875,43.461,49.7685,-1.8635,44.16,49.77223406784738,-1.6863048958946487,45.45521358404119,9.72588408743706,-1.4953851202671968,1.4257538356953527,2.6772156184654583,1.64036588626642,2.568742511836465
THR_29_A_HG22,GLN_31_C_CD,2397,3209,49.637,-1.286,45.328,49.602,-1.411,43.381,49.6195,-1.3485,44.3545,49.73806014207092,-1.235007893726914,45.45845419207174,10.178484731392595,-1.4953851202671968,1.951322372136396,2.671627456586527,1.8299587285662426,2.5805778459950095
THR_29_A_HG22,GLN_31_C_HE22,2379,3554,49.525,-0.684,45.844,49.516,-0.779,42.285,49.5205,-0.7315,44.0645,49.703886216294464,-0.7837108915591775,45.46169480010229,10.631085375348135,-1.4953851202671968,3.5602790620961207,2.36710535219019,2.165618404540797,2.6007960239770127
THR_29_A_HG22,GLN_31_C_HE22,2413,3553,49.727,-0.532,45.767,49.258,-0.423,42.285,49.4925,-0.4775,44.026,49.66971229051801,-0.3324138893914428,45.46493540813285,11.083686019303672,-1.4953851202671968,3.5151338523589737,2.595229172328739,2.2189793599842957,2.6070726955829033
THR_29_A_HG22,GLN_31_C_HE22,2415,3578,49.835,-0.064,45.828,49.422,-0.053,42.046,49.6285,-0.0584999999999999,43.937,49.63553836474155,0.1188831127762901,45.468176016163405,11.536286663259208,-1.4953851202671968,3.8044991786042,2.6542560023505453,2.3533084920027263,2.627034288336767
GLU_26_A_OE2,GLN_31_C_HE22,373,3582,49.45,0.634,45.707,49.33,0.543,41.727,49.39,0.5885,43.717,49.60136443896509,0.5701801149440267,45.47141662419396,11.988887307214746,-1.4953851202671968,3.98284835262404,2.862518204987622,2.5336429952344073,2.6648301378317796
GLU_26_A_OE2,GLN_31_C_HE22,418,3587,49.41,1.162,45.321,49.134,0.822,41.335,49.272,0.992,43.328,49.56719051318862,1.0214771171117614,45.47465723222452,12.441487951170284,-1.4953851202671968,4.009984039868485,2.9352825433047625,2.604966120510082,2.6881801182259726
GLN_54_A_CB,GLN_54_C_HE21,13834,14184,52.49,-33.282,42.497,52.834,-33.033,46.033,52.662000000000006,-33.1575,44.265,52.60832154529582,-33.24315932114026,45.18367172752396,-21.956160989450524,-1.0479388980390505,3.561408850441073,3.7174444177174943,2.4345217637939784,3.5895780349313444
GLN_54_A_HG3,GLN_54_C_HE21,14133,14187,52.656,-32.745,44.281,52.739,-32.625,45.824,52.6975,-32.685,45.0525,52.574147619519366,-32.79186231897253,45.18691233555451,-21.50356034549499,-1.0479388980390505,1.549883221407341,3.517258417350756,2.146521724021741,3.54634105066446
GLN_54_A_HG3,GLN_54_C_HE21,14128,14186,52.535,-32.495,44.6,52.534,-32.27,45.824,52.5345,-32.3825,45.212,52.53997369374291,-32.34056531680479,45.19015294358506,-21.05095970153945,-1.0479388980390505,1.244508738418493,3.340248085857954,2.0572159869022726,3.514203807273781
GLN_54_A_HG3,GLN_54_C_HE21,14119,14190,52.425,-31.732,44.881,52.739,-31.915,45.824,52.582,-31.8235,45.3525,52.50579976796645,-31.88926831463706,45.19339355161562,-20.598359057583917,-1.0479388980390505,1.0106107064542686,3.345603495737964,1.9307390921306506,3.4660905808298597
GLN_54_A_HG3,GLN_54_C_HE21,14121,14146,52.63,-31.377,44.809,52.742,-31.581,45.943,52.686,-31.479,45.376,52.47162584218999,-31.43797131246933,45.19663415964617,-20.14575841362838,-1.0479388980390505,1.157633793563405,3.5740601502327323,1.8730790986329873,3.445078639491238
GLN_54_A_HG3,GLN_54_C_HE21,14110,14135,52.246,-31.008,44.66,52.356,-31.07,46.256,52.301,-31.039,45.458,52.43745191641353,-30.98667431030159,45.199874767676725,-19.693157769672844,-1.0479388980390505,1.6009871954516102,3.6689466308011847,1.870710570172202,3.40648035733478
GLN_54_A_CG,LEU_50_C_HD23,13862,12397,52.122,-30.415,44.489,52.639,-30.307,45.699,52.3805,-30.361,45.094,52.40327799063707,-30.535377308133857,45.20311537570728,-19.240557125717302,-1.0479388980390505,1.320247325314467,3.891369617271348,1.6942617712169186,3.31876872834332
GLN_54_A_CG,LEU_50_C_HD23,13860,12401,52.471,-30.189,44.524,52.352,-29.868,45.426,52.4115,-30.0285,44.975,52.36910406486061,-30.08408030596612,45.20635598373784,-18.787956481761768,-1.0479388980390505,0.964782877128322,3.9322382462036822,1.6110561852500664,3.2617033560066706
LEU_50_A_CD2,GLN_54_C_OE1,12091,13949,52.447,-29.779,44.576,52.774,-29.544,50.113,52.6105,-29.6615,47.3445,52.33493013908415,-29.632783303798387,45.20959659176839,-18.335355837806237,-1.0479388980390505,5.551623456251332,3.3523547891397447,2.159263515130301,3.1980365554679087
LEU_50_A_CD2,GLN_54_C_OE1,12090,13941,52.386,-29.38,44.682,52.493,-29.008,49.473,52.4395,-29.194,47.0775,52.30075621330769,-29.18148630163065,45.21283719979895,-17.88275519385069,-1.0479388980390505,4.806611488356426,3.5979146413181278,2.0303442263709797,3.140640371901154
LEU_50_A_CD2,LEU_50_C_CD2,12085,12107,52.414,-28.618,45.084,52.404,-28.593,44.866,52.409000000000006,-28.6055,44.975,52.26658228753124,-28.73018929946292,45.2160778078295,-17.430154549895157,-1.0479388980390505,0.219656550095829,3.103448234140005,1.2844974486540681,2.962599999832637
LEU_50_A_HD21,LEU_50_C_CD1,12389,12033,52.222,-28.268,45.158,52.17,-28.275,44.681,52.196,-28.2715,44.9195,52.23240836175478,-28.278892297295183,45.21931841586005,-16.977553905939622,-1.0479388980390505,0.4798770675912776,2.6056079647306847,1.229818037642887,2.882315211692688
LEU_50_A_HD21,LEU_50_C_CD1,12388,12032,52.1,-27.851,45.158,52.325,-27.791,44.668,52.212500000000006,-27.821,44.913,52.19823443597832,-27.82759529512745,45.22255902389061,-16.52495326198408,-1.0479388980390505,0.5425172808307607,2.475170908618821,1.180590956437846,2.791407658175347
LEU_50_A_HD21,LEU_50_C_HD11,12382,12266,52.057,-27.413,45.047,52.001,-27.365,44.446,52.029,-27.389,44.7465,52.16406051020186,-27.376298292959717,45.22579963192116,-16.072352618028546,-1.0479388980390505,0.6055088768961191,2.386633026320763,1.1433687862587039,2.696309385883185
LEU_50_A_HD21,LEU_50_C_HD11,12376,12273,52.135,-26.777,44.824,52.121,-26.877,44.45,52.128,-26.827,44.637,52.1298865844254,-26.92500129079198,45.22904023995172,-15.619751974073008,-1.0479388980390505,0.3873912750695295,2.424675552543817,1.1063739203008838,2.605373857323598
LEU_50_A_HD21,LEU_50_C_HD11,12367,12274,52.139,-26.634,44.723,51.999,-26.46,44.45,52.069,-26.547,44.5865,52.095712658648935,-26.473704288624244,45.232280847982274,-15.167151330117472,-1.0479388980390505,0.3527109297994575,2.441577217753314,1.1021256105599089,2.5582549549650686
LEU_50_A_HB3,LEU_50_C_HD11,12173,12270,51.979,-25.914,44.558,51.998,-26.064,44.769,51.9885,-25.989,44.6635,52.06153873287248,-26.02240728645651,45.235521456012826,-14.714550686161935,-1.0479388980390505,0.2595804306953798,2.5866219274106217,1.0783095293274825,2.469893952949605
LYS_51_A_HB2,LEU_50_C_HB3,12647,12186,51.761,-25.47,44.723,52.013,-25.423,45.438,51.887,-25.4465,45.0805,52.02736480709602,-25.57111028428877,45.23876206404338,-14.261950042206395,-1.0479388980390505,0.7595643488210875,2.587023954570244,1.0798565731326435,2.399627065950642
LYS_51_A_HB2,LEU_50_C_N,12656,12004,51.791,-25.078,44.79,52.343,-25.118,50.243,52.067,-25.098,47.5165,51.99319088131956,-25.11981328212104,45.24200267207394,-13.80934939825086,-1.0479388980390505,5.481013866065296,2.063686996264861,1.4998766538158845,2.4277530760403816
LYS_51_A_HB2,ALA_47_C_O,12639,10948,51.848,-24.58,44.637,52.102,-24.526,45.641,51.975,-24.553,45.139,51.95901695554311,-24.668516279953305,45.24524328010449,-13.356748754295324,-1.0479388980390505,1.0370380899465528,2.3141714087393077,1.0925111130728469,2.2842672210106145
LYS_51_A_HB2,ALA_47_C_O,12638,10947,51.993,-24.135,44.637,52.066,-24.133,45.553,52.0295,-24.134,45.095,51.92484302976664,-24.21721927778557,45.24848388813504,-12.904148110339786,-1.0479388980390505,0.918906415256741,1.948334449689978,1.089444376754287,2.2262068777934934
LYS_51_A_HB2,ALA_47_C_O,12644,10950,51.786,-23.949,44.673,51.85,-23.679,45.407,51.818,-23.814,45.04,51.89066910399018,-23.76592227561784,45.2517244961656,-12.45154746638425,-1.0479388980390505,0.7846986682797378,1.782919335605691,1.0898638907838145,2.1838521216758977
LEU_48_A_HA,ALA_47_C_O,11285,10949,51.625,-23.229,44.508,52.015,-23.392,45.315,51.82,-23.3105,44.9115,51.85649517821373,-23.3146252734501,45.25496510419615,-11.998946822428714,-1.0479388980390505,0.9109983534562468,1.930560437761256,1.1037395850546088,2.1463406043492568
LEU_48_A_HA,ALA_47_C_O,11286,10922,51.898,-22.854,44.508,51.876,-23.023,45.254,51.887,-22.9385,44.881,51.82232125243727,-22.863328271282366,45.25820571222671,-11.546346178473176,-1.0479388980390505,0.765219576330868,1.972157784935808,1.1087692411228602,2.1078309548639322
LEU_48_A_HA,ALA_47_C_C,11282,10915,51.786,-22.509,44.673,51.801,-22.601,45.143,51.7935,-22.555,44.908,51.788147326660805,-22.41203126911463,45.261446320257264,-11.09374553451764,-1.0479388980390505,0.4791544636127255,1.8113261570283696,1.1254778215124908,2.086775090839699
LEU_48_A_HA,ALA_47_C_C,11313,10914,51.932,-22.106,44.991,51.744,-22.059,45.162,51.838,-22.082500000000003,45.0765,51.75397340088435,-21.960734266946897,45.264686928287816,-10.641144890562105,-1.0479388980390505,0.2584453520572594,1.7583749226961878,1.1473201900014174,2.06663999721928
LEU_48_A_HA,ALA_47_C_C,11305,10918,51.822,-21.343,45.272,51.636,-21.467,45.38,51.729,-21.405,45.326,51.71979947510789,-21.50943726477916,45.26792753631837,-10.188544246606565,-1.0479388980390505,0.2482659863936269,1.4194800367418343,1.189908141415026,2.0479862272360636
LEU_48_A_HA,ALA_47_C_C,11308,10910,51.617,-20.988,45.2,51.619,-21.036,45.689,51.618,-21.012,45.444500000000005,51.68562554933144,-21.058140262611428,45.27116814434893,-9.735943602651028,-1.0479388980390505,0.4913542510246527,1.3593641503267158,1.2362319318559443,2.054887071025707
LEU_48_A_HA,LEU_48_C_N,11295,11149,51.671,-20.56,45.005,51.936,-20.722,45.883,51.8035,-20.641,45.444,51.65145162355497,-20.606843260443693,45.27440875237948,-9.283342958695492,-1.0479388980390505,0.931317883431861,1.780140931950675,1.2836797783982867,2.0503875802116234
LEU_48_A_HA,LEU_48_C_N,11297,11155,51.607,-20.155,44.829,51.816,-20.323,46.075,51.7115,-20.239,45.452,51.61727769777851,-20.15554625827596,45.27764936041003,-8.830742314739954,-1.0479388980390505,1.2745277556805137,1.75696078357282,1.3320600575156951,2.0568478077378187
LEU_48_A_HG,TYR_44_C_O,11367,9643,51.548,-19.619,44.726,51.455,-19.745,46.096,51.5015,-19.682,45.411,51.583103772002055,-19.704249256108223,45.28088996844059,-8.378141670784418,-1.0479388980390505,1.3789216801544582,1.8092041437843795,1.384031154675767,2.0716694869875654
LEU_48_A_HG,TYR_44_C_O,11368,9641,51.403,-19.291,44.816,51.825,-19.372,46.245,51.614,-19.3315,45.5305,51.5489298462256,-19.25295225394049,45.28413057647114,-7.92554102682888,-1.0479388980390505,1.4922084304814756,1.3088936084068532,1.4209559524227753,2.0871028762376493
LEU_48_A_HG,TYR_44_C_O,11400,9639,51.29,-18.66,44.813,51.423,-18.927,46.095,51.3565,-18.7935,45.454,51.51475592044913,-18.801655251772758,45.287371184501694,-7.472940382873344,-1.0479388980390505,1.316245417845772,1.4922716514873684,1.412940559512912,2.1123464197872432
LEU_48_A_HG,ASN_45_C_O,11373,10198,51.41,-18.542,44.509,52.095,-18.308,50.73,51.7525,-18.425,47.6195,51.48058199467268,-18.35035824960502,45.29061179253225,-7.020339738917807,-1.0479388980390505,6.262972297559679,1.9854147664037889,1.8835219193664652,2.2351406193403833
LEU_48_A_CG,TYR_44_C_O,11160,9632,51.47,-18.075,43.873,51.499,-17.973,46.533,51.4845,-18.024,45.203,51.44640806889622,-17.899061247437285,45.293852400562805,-6.56773909496227,-1.0479388980390505,2.662112882655433,2.2778585623278205,1.6258918433800138,2.1893414594140466
LEU_48_A_HD13,TYR_44_C_O,11501,9631,51.012,-17.284,43.648,51.354,-17.529,46.533,51.183,-17.4065,45.090500000000006,51.41223414311976,-17.44776424526955,45.29709300859336,-6.115138451006733,-1.0479388980390505,2.915512647888873,2.4264951510946005,1.6523049480753438,2.237967826219077
TYR_44_A_CE1,TYR_44_C_CD1,9731,9716,51.131,-16.816,43.482,51.328,-16.814,46.307,51.2295,-16.814999999999998,44.8945,51.3780602173433,-16.996467243101815,45.30033361662392,-5.662537807051196,-1.0479388980390505,2.8318612254134234,2.437694407707372,1.6623603365625212,2.2839357394344892
TYR_44_A_CE1,TYR_44_C_CE1,9732,9767,50.946,-16.529,43.415,51.164,-16.434,45.198,51.055,-16.4815,44.3065,51.34388629156684,-16.54517024093408,45.30357422465447,-5.209937163095658,-1.0479388980390505,1.798787925242997,2.5287319153823407,1.4870095999838497,2.301371521911792
LEU_48_A_HD13,TYR_44_C_CE2,11492,9815,51.085,-15.951,42.527,50.837,-16.027,42.695,50.961,-15.989,42.611,51.30971236579038,-16.093873238766346,45.30681483268502,-4.757336519140122,-1.0479388980390505,0.3090372145874969,2.6637792167208367,1.257004595321377,2.361400210433189
ASN_45_A_OD1,TYR_44_C_CE2,10255,9824,50.965,-15.544,42.074,50.858,-15.473,41.933,50.9115,-15.508500000000002,42.0035,51.275538440013925,-15.64257623659861,45.31005544071558,-4.304735875184585,-1.0479388980390505,0.1907118244892037,2.124133762318571,1.1906453909290304,2.363201240367347
ASN_45_A_OD1,TYR_44_C_CE2,10254,9825,50.972,-15.16,41.779,51.069,-15.059,41.933,51.0205,-15.1095,41.856,51.24136451423746,-15.191279234430873,45.31329604874613,-3.852135231229047,-1.0479388980390505,0.2081489851044182,1.970283509268001,1.1940012475724462,2.3413197113505966
ASN_45_A_OD1,TYR_44_C_HE2,10274,10073,50.914,-14.692,41.475,50.766,-14.665,41.548,50.84,-14.6785,41.5115,51.207190588461,-14.73998223226314,45.31653665677669,-3.3995345872735108,-1.0479388980390505,0.1672184200379882,1.894298738711175,1.1822902689743902,2.3410004019208532
ASN_45_A_OD1,TYR_44_C_HE2,10277,10082,50.882,-14.492,41.092,50.771,-14.279,41.49,50.8265,-14.3855,41.291,51.17301666268455,-14.288685230095403,45.31977726480724,-2.9469339433179744,-1.0479388980390505,0.4648591184434294,1.822726477126821,1.2350983228168766,2.3411685834002696
TYR_44_A_OH,TYR_44_C_HE1,9857,10032,51.277,-12.721,46.471,51.225,-12.941,46.562,51.251000000000005,-12.831,46.51649999999999,51.07049488535517,-12.9347942235922,45.329499088898906,-1.5891320114513636,-1.0479388980390505,0.2436903773233577,2.154915348067771,1.0315731412346798,2.25685619236076
TYR_44_A_OH,ASN_45_C_HD22,9837,10460,51.278,-12.281,47.686,51.17,-12.551,47.8,51.224,-12.416,47.743,51.03632095957871,-12.483497221424464,45.33273969692946,-1.1365313674958255,-1.0479388980390505,0.3123459620356864,2.347748489973415,1.1305051265055215,2.2564993983163815
LEU_30_A_HD12,TYR_44_C_HH,2887,10109,51.252,-12.114,46.03,51.049,-12.232,45.663,51.1505,-12.173,45.8465,51.00214703380225,-12.032200219256731,45.33598030496001,-0.6839307235402892,-1.0479388980390505,0.4356856665074077,2.0390218787580463,0.9980979866724001,2.2149219220833283
LEU_30_A_CD2,TYR_44_C_HH,2615,10154,51.375,-11.562,50.903,50.961,-11.556,45.221,51.168,-11.559,48.062,50.96797310802579,-11.580903217088997,45.33922091299057,-0.2313300795847528,-1.0479388980390505,5.697065560444257,3.7496411172901074,1.5911269757869027,2.389921062666662
LEU_30_A_CD2,TYR_44_C_HH,2634,10125,51.653,-11.235,51.074,51.004,-11.333,44.928,51.3285,-11.284,48.001,50.93379918224933,-11.12960621492126,45.34246152102112,0.2212705643707853,-1.0479388980390505,6.180948228225181,3.475342447114929,1.6139991920666483,2.3926065990611054
LEU_30_A_HB2,TYR_44_C_HH,2740,10129,51.107,-10.46,45.955,50.771,-10.656,44.502,50.939,-10.558,45.2285,50.89962525647287,-10.678309212753527,45.34570212905167,0.6738712083263216,-1.0479388980390505,1.5041678762691308,2.2983931112226728,1.019298818352297,2.2261350437499954
LEU_30_A_CD1,LEU_30_C_HB3,2531,2821,50.725,-10.245,45.776,50.602,-10.444,42.913,50.6635,-10.3445,44.3445,50.865451330696416,-10.227012210585793,45.34894273708223,1.126471852281858,-1.0479388980390505,2.8725422538232643,2.30750479560391,1.1258339025648887,2.262186891284646
LEU_30_A_HB2,LEU_30_C_HB2,2774,2766,50.857,-9.827,45.705,50.771,-9.906,44.502,50.814,-9.8665,45.1035,50.83127740491995,-9.775715208418056,45.35218334511279,1.579072496237396,-1.0479388980390505,1.208654623951768,2.3807885340950152,1.0142006841529638,2.2633212410522225
LEU_30_A_HB2,LEU_30_C_HB2,2772,2756,51.016,-9.446,45.56,50.903,-9.101,44.662,50.9595,-9.2735,45.111,50.797103479143495,-9.324418206250323,45.35542395314334,2.0316731401929324,-1.0479388980390505,0.9686062151359576,2.1009303726574524,0.9803473530242286,2.2882224788518415
LEU_30_A_HB2,LEU_30_C_HD21,2776,2980,50.781,-9.076,45.579,50.188,-8.948,41.118,50.4845,-9.012,43.3485,50.76292955336704,-8.873121204082588,45.35866456117389,2.4842737841484688,-1.0479388980390505,4.502061083548288,2.781867124909733,1.3445475160395237,2.3543396485373247
LEU_30_A_HB2,LEU_30_C_CA,2736,2506,50.642,-8.303,45.586,50.125,-8.252,41.333,50.3835,-8.2775,43.4595,50.72875562759058,-8.421824201914852,45.36190516920445,2.936874428104007,-1.0479388980390505,4.284611884406802,2.930237130548211,1.289867234649327,2.3916419941311196
LEU_30_A_HB2,LEU_30_C_O,2771,2532,50.658,-8.173,45.519,50.774,-7.992,44.992,50.716,-8.0825,45.2555,50.69458170181412,-7.970527199747119,45.365145777235,3.3894750720595432,-1.0479388980390505,0.5691625426888184,2.5480142364395166,0.9266912560748567,2.368240557537682
LEU_30_A_H,LEU_30_C_O,2686,2534,50.612,-7.731,45.262,50.72,-7.503,45.124,50.666,-7.617,45.193,50.66040777603766,-7.519230197579384,45.36838638526555,3.84207571601508,-1.0479388980390505,0.2875621671917199,2.358838395200309,0.9048917890513056,2.3911057906500175
LEU_30_A_H,GLN_31_C_N,2702,3074,50.688,-7.103,44.879,50.114,-7.156,41.262,50.401,-7.1295,43.0705,50.6262338502612,-7.067933195411649,45.37162699329611,4.294676359970618,-1.0479388980390505,3.662645765017413,1.6956489583743763,1.2636370063653308,2.4044785233059587
LEU_30_A_H,LEU_30_C_O,2674,2531,50.525,-6.496,44.82,50.69,-6.789,45.244,50.6075,-6.6425,45.032,50.59205992448474,-6.616636193243914,45.37486760132666,4.747277003926154,-1.0479388980390505,0.5411561696959565,2.3266448128695973,0.9183455586012736,2.4384796523687258
LEU_30_A_HA,LEU_30_C_O,2704,2525,51.124,-6.077,49.742,50.522,-6.192,45.306,50.823,-6.1345,47.524,50.55788599870828,-6.16533919107618,45.378108209357215,5.19987764788169,-1.0479388980390505,4.478138564180434,2.07865805505138,1.336286863637679,2.3969984244209734
THR_29_A_O,LEU_30_C_O,2047,2523,50.852,-5.702,49.742,50.592,-5.773,45.321,50.722,-5.7375,47.5315,50.52371207293182,-5.7140421889084445,45.381348817387774,5.6524782918372285,-1.0479388980390505,4.429207829849486,2.65397935225264,1.3542260739772243,2.4075538220863537
THR_29_A_HG1,LEU_30_C_O,2322,2515,50.414,-5.444,44.336,50.302,-5.402,44.876,50.358,-5.423,44.606,50.489538147155365,-5.26274518674071,45.384589425418326,6.105078935792765,-1.0479388980390505,0.5530895045107975,2.473773896678045,1.0270011138609223,2.49828087208626
THR_29_A_OG1,THR_29_C_HG1,2145,2356,50.282,-4.738,43.454,50.203,-4.78,44.615,50.2425,-4.759,44.0345,50.45536422137891,-4.811448184572976,45.38783003344888,6.557679579748301,-1.0479388980390505,1.1644423558081365,2.96825754286667,1.0869735452487,2.534473514529107
THR_29_A_OG1,GLN_31_C_HA,2149,3394,50.367,-4.25,43.289,50.137,-4.321,44.17,50.252,-4.2855,43.7295,50.42119029560244,-4.36015118240524,45.39107064147944,7.010280223703839,-1.0479388980390505,0.913291848206256,2.927793206063994,1.1565228874818623,2.553056135914502
THR_29_A_OG1,GLN_31_C_HA,2150,3396,50.367,-3.786,43.289,50.22,-3.849,43.909,50.2935,-3.8175,43.599,50.38701636982599,-3.908854180237507,45.39431124950999,7.462880867659376,-1.0479388980390505,0.6402952443990166,3.0719443358658736,1.2157459640164336,2.5625995710205616
THR_29_A_OG1,GLN_31_C_HA,2139,3381,50.282,-3.298,43.454,50.155,-3.475,43.683,50.2185,-3.3865,43.5685,50.35284244404953,-3.4575571780697723,45.39755185754054,7.915481511614912,-1.0479388980390505,0.316068030651628,2.989135236115434,1.2780093538235144,2.57057938945882
THR_29_A_OG1,THR_29_C_CG2,2135,2183,50.159,-2.966,43.715,50.334,-3.073,43.683,50.2465,-3.0195,43.699,50.31866851827307,-3.006260175902036,45.4007924655711,8.36808215557045,-1.0479388980390505,0.2076005780338813,3.245592050515512,1.3372317615134712,2.5709775848069722
THR_29_A_OG1,THR_29_C_CG2,2116,2184,49.995,-2.714,44.082,50.334,-2.633,43.683,50.1645,-2.6735,43.8825,50.28449459249661,-2.554963173734303,45.40403307360165,8.820682799525986,-1.0479388980390505,0.5297952434667611,2.729009998864413,1.418373169623003,2.565292985190743
THR_29_A_HG22,THR_29_C_CG2,2384,2227,50.279,-2.207,44.706,50.004,-2.109,43.594,50.1415,-2.158,44.150000000000006,50.25032066672015,-2.103666171566568,45.407273681632205,9.273283443481525,-1.0479388980390505,1.149683869591988,2.44536099515948,1.5338726855111071,2.55437523606561
THR_29_A_HG22,THR_29_C_HG22,2404,2407,50.245,-1.673,44.917,50.131,-1.741,43.654,50.188,-1.707,44.2855,50.21614674094369,-1.6523691693988334,45.41051428966277,9.72588408743706,-1.0479388980390505,1.269956298460697,2.453896679647514,1.6488892991408424,2.558385265764445
THR_29_A_HG22,THR_29_C_HG22,2432,2438,50.264,-1.379,44.988,50.042,-1.409,43.382,50.153000000000006,-1.394,44.185,50.18197281516724,-1.2010721672310989,45.41375489769332,10.178484731392595,-1.0479388980390505,1.6215486425019774,2.6720070056755003,1.7581641026026635,2.5663539618095728
THR_29_A_HG22,GLN_31_C_HE22,2410,3559,49.955,-0.802,45.496,49.926,-0.78,41.71,49.9405,-0.791,43.603,50.14779888939077,-0.7497751650633621,45.41699550572387,10.631085375348135,-1.0479388980390505,3.786174982749742,2.909205311991968,2.1447986376253603,2.602860706086322
THR_29_A_HG22,GLN_31_C_HE22,2412,3560,50.092,-0.379,45.742,49.651,-0.249,41.889,49.8715,-0.314,43.8155,50.11362496361431,-0.2984781628956273,45.42023611375443,11.083686019303672,-1.0479388980390505,3.8803337485324576,2.7029898624412847,2.2624574352317706,2.6155405451841762
THR_29_A_HG22,GLN_31_C_HE22,2414,3581,50.105,0.038,46.157,49.618,0.181,41.727,49.8615,0.1095,43.94199999999999,50.079451037837856,0.1528188392721056,45.42347672178498,11.536286663259208,-1.0479388980390505,4.458981722321812,2.443807064901472,2.4106591357705374,2.6357112728455734
GLU_26_A_OE2,GLN_31_C_HE22,371,3586,49.925,0.813,46.286,49.518,0.566,41.335,49.7215,0.6895,43.810500000000005,50.0452771120614,0.6041158414398421,45.42671732981553,11.988887307214746,-1.0479388980390505,4.973837452108784,2.818600818518732,2.561391728165966,2.6694607110430546
GLN_54_A_CG,GLN_54_C_HE21,13859,14179,52.763,-33.019,42.994,53.175,-33.283,46.352,52.969,-33.151,44.673,53.05223421839213,-33.20922359464445,45.138972433145526,-21.956160989450524,-0.6004926758109042,3.393464895943375,3.891185282628149,2.416263196391944,3.600890095841394
GLN_54_A_HG3,GLN_54_C_HE21,14105,14188,53.103,-32.604,44.228,53.149,-32.625,45.824,53.126000000000005,-32.6145,45.026,53.01806029261567,-32.757926592476714,45.14221304117608,-21.50356034549499,-0.6004926758109042,1.5968008642282197,3.5504858187344355,2.1250092646800445,3.551630361119664
GLN_54_A_HG3,GLN_54_C_CD,14129,13902,52.93,-32.315,44.6,53.331,-32.315,49.425,53.1305,-32.315,47.0125,52.983886366839215,-32.30662959030898,45.14545364920663,-21.05095970153945,-0.6004926758109042,4.841634641316914,3.292092781146426,2.4852847506499445,3.5011107040076594
GLN_54_A_HG3,GLN_54_C_HE21,14120,14189,52.835,-31.732,44.809,53.149,-31.915,45.824,52.992,-31.8235,45.3165,52.94971244106275,-31.855332588141245,45.14869425723719,-20.598359057583917,-0.6004926758109042,1.0781048186516935,3.50599806908345,1.9278470169005286,3.4805510859024222
GLN_54_A_HG3,GLN_54_C_HE21,14102,14147,52.971,-31.18,44.64,53.12,-31.609,45.92,53.0455,-31.3945,45.28,52.91553851528629,-31.40403558597351,45.15193486526774,-20.14575841362838,-0.6004926758109042,1.3581759827062194,3.6595554354614905,1.858775438104071,3.4459439721383767
GLN_54_A_HG3,LEU_50_C_HD23,14103,12399,52.663,-30.992,44.639,53.148,-30.736,45.84,52.9055,-30.864,45.23950000000001,52.88136458950984,-30.952738583805772,45.15517547329829,-19.693157769672844,-0.6004926758109042,1.3202886048133595,3.5734598615561186,1.764810593362735,3.3921220229668636
ALA_53_A_HB2,LEU_50_C_HD23,13639,12398,52.166,-30.59,39.616,53.001,-30.354,45.594,52.5835,-30.472,42.605,52.84719066373338,-30.50144158163804,45.15841608132885,-19.240557125717302,-0.6004926758109042,6.040646074717507,3.7064141533612553,2.2952642025458023,3.2638353097483552
ALA_53_A_HB2,LEU_50_C_HD23,13646,12405,52.249,-30.233,39.075,52.612,-29.859,45.272,52.4305,-30.046,42.1735,52.813016737956914,-30.050144579470302,45.16165668935941,-18.787956481761768,-0.6004926758109042,6.218878837861367,3.618201953091472,2.2700130082368566,3.172649392954909
LEU_50_A_CD2,LEU_50_C_HD23,12089,12409,52.745,-29.579,44.788,52.912,-29.631,45.063,52.8285,-29.605,44.9255,52.77884281218046,-29.59884757730257,45.16489729738996,-18.335355837806237,-0.6004926758109042,0.3259110308044262,3.8652890999930594,1.460025105135859,3.1866873602388157
LEU_50_A_CD2,LEU_50_C_HD23,12100,12383,52.703,-29.184,45.034,52.679,-28.993,44.997,52.691,-29.0885,45.0155,52.744668886404,-29.14755057513484,45.16813790542052,-17.88275519385069,-0.6004926758109042,0.1960255085441711,3.445704202659328,1.3589021668755703,3.0783205365906423
LEU_50_A_CD2,LEU_50_C_HD12,12098,12282,52.847,-28.792,45.261,52.687,-28.736,44.919,52.767,-28.764000000000003,45.09,52.71049496062754,-28.6962535729671,45.17137851345107,-17.430154549895157,-0.6004926758109042,0.3817066936798532,3.111423978785969,1.3036226347373483,3.005308264852787
LEU_50_A_HD21,LEU_50_C_CD2,12387,12106,52.666,-28.206,45.367,52.569,-28.133,44.782,52.6175,-28.1695,45.0745,52.676321034851085,-28.244956570799367,45.17461912148162,-16.977553905939622,-0.6004926758109042,0.597463806435168,2.657583054886337,1.2229933923322782,2.8766768111739442
LEU_50_A_HD21,LEU_50_C_HD11,12383,12252,52.871,-27.851,45.439,52.795,-27.626,44.874,52.833,-27.7385,45.1565,52.64214710907462,-27.793659568631632,45.17785972951218,-16.52495326198408,-0.6004926758109042,0.6128833494230338,2.539415170461373,1.1892951920122294,2.800876056024413
LEU_50_A_HD21,LEU_50_C_HD11,12391,12253,52.551,-27.149,45.158,52.357,-27.394,44.708,52.454,-27.2715,44.933,52.60797318329816,-27.342362566463898,45.18110033754273,-16.072352618028546,-0.6004926758109042,0.5478695100112821,2.4830626658747788,1.1473454000977883,2.6915461665049008
GLU_49_A_OE2,LEU_50_C_HD11,11811,12258,51.676,-26.97,36.822,52.33,-27.118,44.666,52.003,-27.044,40.744,52.573799257521706,-26.891065564296163,45.18434094557328,-15.619751974073008,-0.6004926758109042,7.872607954166136,2.65148841832167,1.95315230456848,2.725361059676479
LEU_50_A_HD21,LEU_50_C_HD11,12369,12269,52.251,-26.29,44.558,52.286,-26.426,44.769,52.2685,-26.358,44.6635,52.53962533174524,-26.439768562128428,45.18758155360384,-15.167151330117472,-0.6004926758109042,0.2534600560246119,2.351378233988445,1.0975706160299028,2.534699085615988
GLU_49_A_CD,LEU_50_C_HD11,11677,12260,51.661,-26.083,35.856,52.292,-26.206,44.939,51.9765,-26.1445,40.3975,52.50545140596879,-25.988471559960693,45.1908221616344,-14.714550686161935,-0.6004926758109042,9.10572232170518,3.1005161743403904,1.8672189100966983,2.6226091728982768
LEU_50_A_HB3,LEU_50_C_HB3,12176,12202,52.251,-25.539,44.558,52.552,-25.474,45.426,52.4015,-25.506500000000003,44.992,52.47127748019233,-25.53717455779296,45.19406276966495,-14.261950042206395,-0.6004926758109042,0.9210048859805278,2.5107087203908462,1.0939932937403183,2.4229107458139687
LEU_50_A_HB3,LEU_50_C_HB3,12189,12185,52.552,-25.177,44.55,52.369,-25.078,45.603,52.4605,-25.1275,45.0765,52.43710355441587,-25.085877555625224,45.19730337769551,-13.80934939825086,-0.6004926758109042,1.073358747111146,2.7066237954311,1.095149795724607,2.3707539267443707
LEU_50_A_HB3,LEU_50_C_HB3,12170,12201,52.21,-24.58,44.472,52.433,-24.604,45.644,52.3215,-24.592,45.058,52.40292962863941,-24.63458055345749,45.20054398572606,-13.356748754295324,-0.6004926758109042,1.193268201202057,2.4209211902357914,1.0788642866485427,2.2864261626563596
ALA_47_A_O,ALA_47_C_O,10901,10930,52.483,-24.205,44.472,52.369,-24.328,45.603,52.426,-24.2665,45.0375,52.36875570286295,-24.183283551289755,45.20378459375661,-12.904148110339786,-0.6004926758109042,1.1433660831072436,2.4016439776317093,1.0778607873157897,2.248220171855611
ALA_47_A_O,ALA_47_C_O,10926,10954,52.218,-23.912,44.605,52.222,-23.717,45.362,52.22,-23.8145,44.9835,52.33458177708649,-23.73198654912202,45.20702520178717,-12.45154746638425,-0.6004926758109042,0.7817224571419243,1.803270212558608,1.086209886197537,2.186126773476414
ALA_47_A_O,ALA_47_C_O,10904,10921,52.339,-23.461,44.508,52.196,-23.254,45.31,52.2675,-23.3575,44.909000000000006,52.300407851310034,-23.280689546954285,45.21026580981772,-11.998946822428714,-0.6004926758109042,0.8405367332841548,1.6286778257181074,1.0904634125060888,2.132764977809179
ALA_47_A_O,ALA_47_C_O,10905,10946,52.339,-22.997,44.508,52.385,-22.897,45.329,52.362,-22.947,44.9185,52.26623392553358,-22.82939254478655,45.21350641784827,-11.546346178473176,-0.6004926758109042,0.8283459422246221,1.915082847193551,1.113629569336907,2.1001923947374137
LEU_48_A_HA,ALA_47_C_C,11281,10920,52.254,-22.509,44.673,52.056,-22.412,45.199,52.155,-22.4605,44.936,52.23205999975711,-22.378095542618816,45.21674702587883,-11.09374553451764,-0.6004926758109042,0.5703411259939059,1.808426675163644,1.1288033912726883,2.0724504508362607
LEU_48_A_HA,GLU_49_C_HG3,11291,11985,52.35,-22.036,44.935,53.252,-21.924,54.966,52.801,-21.98,49.950500000000005,52.197886073980655,-21.92679854045108,45.21998763390938,-10.641144890562105,-0.6004926758109042,10.072095561500594,2.0857531634692164,1.7929893120499172,2.2202680605999268
LEU_48_A_HA,ALA_47_C_C,11311,10911,52.027,-21.698,45.2,52.289,-21.663,45.4,52.158,-21.6805,45.3,52.1637121482042,-21.475501538283343,45.223228241939935,-10.188544246606565,-0.6004926758109042,0.3314649302716632,1.2668467948073052,1.1754382580397955,2.049017003941811
LEU_48_A_HA,ALA_47_C_C,11307,10913,52.027,-20.988,45.2,52.011,-21.257,45.567,52.019000000000005,-21.1225,45.3835,52.12953822242774,-21.02420453611561,45.226468849970495,-9.735943602651028,-0.6004926758109042,0.4553086864974124,1.2682280530606809,1.2215589507453481,2.0398204009664256
LEU_48_A_CA,LEU_48_C_N,11148,11156,52.255,-20.504,44.862,52.306,-20.392,45.909,52.2805,-20.448,45.3855,52.09536429665128,-20.57290753394788,45.22970945800105,-9.283342958695492,-0.6004926758109042,1.054207759409877,1.7063823807886076,1.296055882511575,2.040629348459799
LEU_48_A_HA,LEU_48_C_CA,11288,11162,51.954,-20.34,44.807,52.069,-20.12,46.069,52.0115,-20.23,45.438,52.06119037087482,-20.121610531780146,45.2329500660316,-8.830742314739954,-0.6004926758109042,1.286183890429359,1.6948598851719598,1.3348786188238668,2.0501466409429874
LEU_48_A_CA,LEU_48_C_CB,11151,11167,51.859,-19.759,44.582,52.266,-19.515,46.245,52.0625,-19.637,45.4135,52.02701644509836,-19.670313529612407,45.23619067406216,-8.378141670784418,-0.6004926758109042,1.729379657565101,1.5639287861069076,1.426270170606198,2.0750528175499987
LEU_48_A_CB,ASN_45_C_O,11158,10202,51.895,-19.137,44.405,52.59,-19.047,50.602,52.24250000000001,-19.092,47.5035,51.992842519321904,-19.219016527444676,45.23943128209271,-7.92554102682888,-0.6004926758109042,6.2365001403030496,2.016692684643318,1.8838060282618425,2.209731191495427
LEU_48_A_HB2,LEU_48_C_HB2,11316,11336,51.905,-18.745,44.229,51.955,-18.877,46.298,51.93,-18.811,45.2635,51.95866859354544,-18.767719525276934,45.24267189012326,-7.472940382873344,-0.6004926758109042,2.073809296921973,1.9133238727957995,1.5110850715940054,2.1164647063426507
LEU_48_A_HB2,LEU_48_C_HB2,11335,11313,51.649,-18.386,44.114,51.877,-18.248,46.533,51.763000000000005,-18.317,45.3235,51.92449466776898,-18.316422523109203,45.24591249815382,-7.020339738917807,-0.6004926758109042,2.433636990185681,2.036476092480503,1.5887087630185464,2.1566897616268386
LEU_48_A_HB2,LEU_48_C_HB2,11314,11309,51.714,-18.022,43.672,51.865,-17.668,46.734,51.7895,-17.845,45.203,51.890320741992525,-17.86512552094147,45.24915310618437,-6.56773909496227,-0.6004926758109042,3.0860915410920704,2.78761225490265,1.7043450329192615,2.207074748665347
LEU_48_A_HD13,LEU_48_C_HB2,11484,11308,51.479,-17.414,43.362,51.865,-17.204,46.734,51.672,-17.309,45.048,51.85614681621607,-17.413828518773734,45.252393714214925,-6.115138451006733,-0.6004926758109042,3.4005117261965148,2.9570229830714423,1.7741025177491048,2.256546088712377
LEU_48_A_HD13,LEU_48_C_HB2,11485,11323,51.697,-16.969,43.196,51.87,-17.006,46.786,51.7835,-16.9875,44.991,51.8219728904396,-16.962531516606,45.25563432224549,-5.662537807051196,-0.6004926758109042,3.5943564097067533,2.763461267608773,1.808026941833578,2.275464225567211
LEU_48_A_HD13,TYR_44_C_CE1,11482,9759,51.479,-16.524,43.362,51.717,-16.326,46.451,51.598,-16.425,44.9065,51.787798964663146,-16.511234514438264,45.25887493027604,-5.209937163095658,-0.6004926758109042,3.104475640104137,2.386064517671551,1.67910438287055,2.2980117338876402
LEU_48_A_HD13,TYR_44_C_CE1,11495,9780,51.541,-16.211,43.229,51.64,-15.866,44.535,51.5905,-16.0385,43.882,51.75362503888669,-16.05993751227053,45.26211553830659,-4.757336519140122,-0.6004926758109042,1.3544231244334222,2.167618807792936,1.4400794329981967,2.30466955944316
LEU_48_A_HD13,TYR_44_C_CZ,11493,9851,51.503,-15.815,42.527,51.306,-15.645,43.123,51.4045,-15.73,42.825,51.71945111311023,-15.608640510102797,45.26535614633715,-4.304735875184585,-0.6004926758109042,0.6503268409038618,2.407243451023826,1.2940044673086326,2.3303343639844725
ASN_45_A_OD1,TYR_44_C_CE2,10253,9821,51.277,-15.173,42.067,51.304,-15.062,42.294,51.2905,-15.1175,42.1805,51.68527718733377,-15.157343507935057,45.2685967543677,-3.852135231229047,-0.6004926758109042,0.2541239854873969,2.1122158815766,1.1936232764454915,2.3242438054081695
ASN_45_A_OD1,TYR_44_C_CE2,10271,9826,51.245,-14.53,41.81,51.141,-14.6,41.933,51.193,-14.565,41.8715,51.65110326155731,-14.706046505767326,45.27183736239825,-3.3995345872735108,-0.6004926758109042,0.1756274466021734,1.6397798928278673,1.1475963432250125,2.3012098968521757
ASN_45_A_OD1,TYR_44_C_CE2,10273,9827,51.16,-14.294,41.475,51.069,-14.141,41.933,51.1145,-14.2175,41.704,51.61692933578085,-14.25474950359959,45.27507797042881,-2.9469339433179744,-0.6004926758109042,0.4913796902599838,1.8354036096188109,1.1774751448676346,2.3099905412240678
TYR_44_A_OH,TYR_44_C_HE1,9863,10030,51.978,-13.893,47.172,51.999,-13.997,47.133,51.9885,-13.945,47.1525,51.5827554100044,-13.803452501431853,45.27831857845936,-2.4943332993624363,-0.6004926758109042,0.113039815994186,2.442672269513277,1.1423219937288105,2.307543149215265
TYR_44_A_OH,ASN_45_C_HD22,9856,10433,51.574,-13.143,47.076,51.538,-13.209,47.077,51.556,-13.176,47.0765,51.54858148422793,-13.35215549926412,45.28155918648992,-2.0417326554069,-0.6004926758109042,0.0751864349467372,2.4669141112307744,1.0899254784236652,2.2802979071859486
TYR_44_A_OH,TYR_44_C_HE1,9854,10034,51.558,-12.959,46.146,51.551,-13.106,46.18,51.5545,-13.0325,46.163,51.514407558451474,-12.900858497096388,45.28479979452048,-1.5891320114513636,-0.6004926758109042,0.1510430402236394,2.686356221277095,1.0292081422268842,2.272029724132663
TYR_44_A_HH,TYR_44_C_HH,10069,10152,51.511,-12.469,46.03,51.468,-12.233,45.599,51.48950000000001,-12.351,45.8145,51.48023363267502,-12.449561494928648,45.28804040255103,-1.1365313674958255,-0.6004926758109042,0.4932605802210463,2.4216120151801435,1.0016045926721262,2.236974094223268
TYR_44_A_HH,LEU_30_C_CD2,10122,2647,51.54,-11.877,45.736,51.151,-12.025,40.99,51.3455,-11.951,43.363,51.44605970689856,-11.998264492760915,45.29128101058158,-0.6839307235402892,-0.6004926758109042,4.7642146257279325,1.891419922629345,1.2729558135457824,2.2528051898641643
LEU_30_A_HD12,TYR_44_C_HH,2894,10161,51.262,-11.52,45.86,51.389,-11.644,45.318,51.325500000000005,-11.582,45.589,51.411885781122095,-11.546967490593184,45.29452161861214,-0.2313300795847528,-0.6004926758109042,0.5703235923578847,1.7197567635690263,0.977148919301117,2.19848479929468
LEU_30_A_HD12,TYR_44_C_HH,2885,10143,51.402,-11.255,45.912,51.175,-11.313,44.942,51.2885,-11.284,45.427,51.37771185534564,-11.095670488425444,45.29776222664269,0.2212705643707853,-0.6004926758109042,0.9978942829779112,1.5724378076437049,0.9816177957803534,2.194864642677724
LEU_30_A_HB2,TYR_44_C_HH,2737,10141,51.426,-10.692,46.012,51.41,-10.706,44.615,51.418,-10.699,45.313500000000005,51.34353792956918,-10.644373486257711,45.30100283467324,0.6738712083263216,-0.6004926758109042,1.397161765866786,1.7483601427027342,1.01193395229578,2.2050090170557843
LEU_30_A_HB2,LEU_30_C_HB2,2775,2765,51.128,-10.065,45.828,51.212,-10.049,44.502,51.17,-10.057,45.165000000000006,51.30936400379272,-10.193076484089978,45.3042434427038,1.126471852281858,-0.6004926758109042,1.328754303850039,2.342205328159603,1.0097510847121467,2.2410757579863367
LEU_30_A_HB2,LEU_30_C_HD21,2773,2995,51.269,-9.703,45.628,50.601,-9.857,39.79,50.935,-9.78,42.709,51.27519007801626,-9.74177948192224,45.30748405073435,1.579072496237396,-0.6004926758109042,5.878110580790397,2.163086030655463,1.4632268991845718,2.3243183640975
LEU_30_A_HB2,LEU_30_C_HB2,2781,2794,51.431,-9.219,45.321,51.312,-9.222,44.909,51.3715,-9.2205,45.115,51.2410161522398,-9.290482479754507,45.3107246587649,2.0316731401929324,-0.6004926758109042,0.4288519558075946,1.4520531613546717,0.9559412056024116,2.2681581977730256
LEU_30_A_HB2,LEU_30_C_HB2,2780,2787,51.226,-8.864,45.321,51.069,-8.959,44.818,51.1475,-8.9115,45.0695,51.206842226463344,-8.839185477586774,45.313965266795456,2.4842737841484688,-0.6004926758109042,0.5354278662901276,1.7313730239609393,0.9489837975980159,2.2975596789749484
LEU_30_A_HB2,LEU_30_C_HB2,2769,2783,51.035,-8.508,45.425,51.353,-8.478,45.005,51.194,-8.492999999999999,45.215,51.17266830068689,-8.387888475419036,45.317205874826016,2.936874428104007,-0.6004926758109042,0.5276589807820943,2.165908943982892,0.9297886663590021,2.322613520358013
LEU_30_A_HB2,LEU_30_C_O,2770,2519,51.039,-7.999,45.356,51.032,-7.752,44.963,51.0355,-7.8755,45.1595,51.13849437491042,-7.936591473251304,45.32044648285657,3.3894750720595432,-0.6004926758109042,0.4642273150084994,2.0122383382027964,0.9111188071358527,2.3623423210247663
LEU_30_A_H,LEU_30_C_O,2699,2530,51.132,-7.165,45.088,51.13,-6.963,45.128,51.131,-7.064,45.108,51.07014652335751,-7.0339974689158336,45.32692769891768,4.294676359970618,-0.6004926758109042,0.2059320276207659,2.249984948889438,0.901470977796306,2.398424370749369
LEU_30_A_H,LEU_30_C_O,2703,2521,50.893,-6.748,44.879,50.82,-6.598,45.184,50.8565,-6.673,45.0315,51.03597259758105,-6.582700466748099,45.33016830694823,4.747277003926154,-0.6004926758109042,0.3476406190306305,2.270728222903481,0.9176546801708615,2.4273583631259665
LEU_30_A_H,LEU_30_C_O,2683,2522,50.894,-6.109,44.805,51.093,-6.223,45.184,50.9935,-6.166,44.9945,51.001798671804586,-6.131403464580365,45.33340891497878,5.19987764788169,-0.6004926758109042,0.4429875844761344,2.504873283270228,0.9589172404264803,2.4448611066028305
THR_29_A_HG1,THR_29_C_HG1,2345,2383,51.032,-5.497,44.409,50.955,-5.639,45.471,50.9935,-5.568,44.94,50.96762474602813,-5.680106462412629,45.33664952300934,5.6524782918372285,-0.6004926758109042,1.0742145968101509,2.634865430637983,0.9940513729269734,2.4725734489937654
THR_29_A_HG1,THR_29_C_HG1,2356,2381,50.6,-5.168,43.964,50.976,-5.263,45.659,50.788,-5.2155000000000005,44.8115,50.93345082025167,-5.228809460244895,45.33989013103989,6.105078935792765,-0.6004926758109042,1.738800161030588,3.51810715490986,1.0237354041803806,2.4895390277599705
THR_29_A_HG1,THR_29_C_HG1,2355,2353,50.807,-4.846,43.731,50.719,-4.78,45.211,50.763000000000005,-4.813000000000001,44.471,50.899276894475214,-4.777512458077161,45.343130739070446,6.557679579748301,-0.6004926758109042,1.48408220796558,3.077698749030083,1.069557023312107,2.514361771386716
THR_29_A_OG1,THR_29_C_HG1,2146,2386,50.66,-4.463,43.454,50.694,-4.285,45.014,50.677,-4.3740000000000006,44.234,50.86510296869875,-4.326215455909425,45.346371347101005,7.010280223703839,-0.6004926758109042,1.5704903692796106,2.9894941522288385,1.1146194154502616,2.525935670154456
THR_29_A_OG1,THR_29_C_HG1,2137,2363,50.805,-4.018,43.454,50.795,-3.865,44.505,50.8,-3.9415,43.9795,50.83092904292229,-3.8749184537416914,45.34961195513156,7.462880867659376,-0.6004926758109042,1.062125228021632,2.850483338519039,1.1775557578988078,2.536149391588813
THR_29_A_OG1,THR_29_C_HG1,2138,2365,50.66,-3.573,43.454,50.643,-3.625,44.17,50.6515,-3.599,43.812,50.79675511714584,-3.4236214515739567,45.35285256316211,7.915481511614912,-0.6004926758109042,0.7180870420777703,2.7216642470924106,1.2313177170250647,2.548750800138006
THR_29_A_OG1,THR_29_C_CG2,2126,2182,50.616,-2.878,44.05,50.572,-2.853,44.019,50.594,-2.8655,44.0345,50.76258119136938,-2.97232444940622,45.35609317119267,8.36808215557045,-0.6004926758109042,0.0593464404998282,2.2330682328129856,1.333612025543598,2.5440599697781825
THR_29_A_OG1,THR_29_C_CG2,2113,2230,50.832,-2.616,44.668,50.771,-2.561,44.664,50.8015,-2.5885,44.666,50.728407265592914,-2.5210274472384877,45.35933377922322,8.820682799525986,-0.6004926758109042,0.082231380871295,1.990186006640132,1.351329761359858,2.5132801196482606
THR_29_A_HG22,THR_29_C_CG2,2399,2210,50.642,-1.846,44.907,50.805,-1.952,44.735,50.7235,-1.899,44.821,50.694233339816456,-2.0697304450707525,45.36257438725377,9.273283443481525,-0.6004926758109042,0.2595939136420534,2.2004986979601115,1.4866455020479585,2.5119410195032437
THR_29_A_CG2,THR_29_C_HG22,2174,2450,50.861,-1.467,48.064,50.757,-1.581,44.642,50.809,-1.524,46.353,50.66005941404,-1.6184334429030178,45.36581499528433,9.72588408743706,-0.6004926758109042,3.4254774849646843,2.2416041098291744,1.8499773240271493,2.5161772859456826
THR_29_A_HG22,THR_29_C_HG22,2431,2408,50.674,-1.379,44.988,50.503,-1.358,43.56,50.5885,-1.3685,44.274,50.62588548826354,-1.167136440735283,45.36905560331488,10.178484731392595,-0.6004926758109042,1.4383553107629532,2.6115413433881085,1.7226256704790615,2.5504400783369476
GLN_54_A_HE21,GLN_54_C_HE21,14135,14180,53.218,-32.981,42.994,53.592,-33.083,46.352,53.405,-33.032,44.673,53.49614689148844,-33.17528786814863,45.09427313876709,-21.956160989450524,-0.1530464535827578,3.3803023533405967,3.918681244243433,2.388566897465761,3.6033927617726973
GLN_54_A_HE21,GLN_54_C_HE21,14150,14155,53.556,-32.491,44.223,53.73,-32.748,46.131,53.643,-32.6195,45.177,53.46197296571199,-32.723990865980895,45.097513746797645,-21.50356034549499,-0.1530464535827578,1.9330775980285952,3.7149483842383018,2.1550608278465293,3.5607705738372974
GLN_54_A_HG3,GLN_54_C_HE21,14106,14154,53.235,-32.244,44.456,53.558,-32.405,45.891,53.3965,-32.3245,45.1735,53.42779903993553,-32.27269386381316,45.1007543548282,-21.05095970153945,-0.1530464535827578,1.4796874670010511,3.537354154098133,2.0501698121209797,3.531765231994428
GLN_54_A_HG3,GLN_54_C_HE21,14107,14153,53.342,-31.812,44.501,53.394,-31.986,45.84,53.368,-31.899,45.1705,53.393625114159065,-31.82139686164543,45.10399496285876,-20.598359057583917,-0.1530464535827578,1.351259042522941,3.6198998683938255,1.96349350845385,3.5035929191021498
GLN_54_A_HG3,GLN_54_C_HE21,14130,14141,53.165,-31.515,44.6,53.34,-31.299,45.973,53.2525,-31.407,45.2865,53.35945118838261,-31.37009985947769,45.10723557088931,-20.14575841362838,-0.1530464535827578,1.4008604498664368,3.69330942725626,1.8619056598260075,3.4571189668844617
GLN_54_A_HG3,LEU_50_C_HD23,14101,12388,53.165,-30.815,44.565,53.462,-30.924,45.916,53.313500000000005,-30.8695,45.2405,53.32527726260615,-30.91880285730996,45.11047617891986,-19.693157769672844,-0.1530464535827578,1.3875485577088824,3.614248365676979,1.7684404488301855,3.40294879598459
LEU_50_A_HD23,LEU_50_C_HD23,12413,12396,53.118,-30.297,44.613,53.372,-30.303,45.556,53.245000000000005,-30.3,45.0845,53.29110333682969,-30.467505855142225,45.11371678695042,-19.240557125717302,-0.1530464535827578,0.976627359846116,3.602663056107774,1.6326942167154943,3.322685923604685
LEU_50_A_HD23,LEU_50_C_HD23,12412,12407,53.449,-30.052,44.8,53.437,-29.978,45.272,53.443,-30.015,45.036,53.25692941105323,-30.01620885297449,45.11695739498097,-18.787956481761768,-0.1530464535827578,0.4779163106653726,3.584421231856631,1.5474092061816154,3.2787817897200626
LEU_50_A_HD23,LEU_50_C_HD23,12408,12410,53.323,-29.553,45.032,53.322,-29.631,45.063,53.322500000000005,-29.592,45.0475,53.22275548527677,-29.564911850806755,45.12019800301152,-18.335355837806237,-0.1530464535827578,0.0839404550857348,3.449844501241353,1.4394717576024356,3.193945690024966
LEU_50_A_CD2,LEU_50_C_CD2,12099,12101,53.199,-29.096,45.261,53.087,-29.16,44.966,53.143,-29.128,45.1135,53.18858155950032,-29.11361484863902,45.12343861104208,-17.88275519385069,-0.1530464535827578,0.3219704955426814,3.3487952832457446,1.3538003240783245,3.095397188230837
LEU_50_A_CD2,LEU_50_C_CD2,12096,12114,53.33,-28.712,45.401,53.146,-28.701,44.832,53.238,-28.7065,45.1165,53.15440763372386,-28.66231784647129,45.12667921907264,-17.430154549895157,-0.1530464535827578,0.5981120296399346,3.0562739626252577,1.2914851484339123,3.008409619052808
LEU_50_A_CD2,LEU_50_C_CD2,12087,12104,53.054,-28.198,45.405,52.98,-27.997,44.832,53.017,-28.0975,45.1185,53.1202337079474,-28.21102084430355,45.12991982710319,-16.977553905939622,-0.1530464535827578,0.6117237938808671,2.7973260506630364,1.2269729273439387,2.8801183009255995
LEU_50_A_CD2,LEU_50_C_HA,12088,12132,53.297,-27.853,45.393,53.422,-27.853,50.241,53.3595,-27.853,47.817,53.086059782170935,-27.759723842135816,45.13316043513375,-16.52495326198408,-0.1530464535827578,4.849611221531061,2.296972036854364,1.8738550508405043,2.8795623007815334
LEU_50_A_HD21,LEU_50_C_HD21,12390,12374,52.981,-27.088,45.158,53.021,-27.352,44.951,53.001000000000005,-27.22,45.0545,53.05188585639448,-27.30842683996808,45.1364010431643,-16.072352618028546,-0.1530464535827578,0.3378535185550091,2.596225470457524,1.1581756913808952,2.710690766463943
LEU_50_A_HD21,LEU_50_C_HD21,12373,12347,53.167,-27.006,45.083,53.222,-26.694,45.318,53.194500000000005,-26.85,45.2005,53.01771193061802,-26.857129837800347,45.13964165119485,-15.619751974073008,-0.1530464535827578,0.3944540530911052,2.4796475904533075,1.1327095740849613,2.6542326705128176
LEU_50_A_HB3,LEU_50_C_HB3,12187,12183,52.905,-26.406,44.703,52.844,-26.419,45.318,52.8745,-26.4125,45.0105,52.98353800484156,-26.40583283563261,45.14288225922541,-15.167151330117472,-0.1530464535827578,0.6181545114289742,2.384149842787626,1.1204589467777593,2.567565357905641
LEU_50_A_HB3,LEU_50_C_HB3,12174,12203,52.692,-26.146,44.558,52.816,-25.751,45.4,52.754000000000005,-25.948500000000003,44.979,52.9493640790651,-25.95453583346488,45.14612286725596,-14.714550686161935,-0.1530464535827578,0.938277677449484,2.4272487789815176,1.1093028355985342,2.495112282433852
LEU_50_A_HB3,LEU_50_C_HB3,12188,12207,52.936,-25.403,44.651,52.986,-25.28,45.5,52.961,-25.3415,45.075500000000005,52.91519015328864,-25.503238831297143,45.14936347528651,-14.261950042206395,-0.1530464535827578,0.8593194982077349,2.3297074971143346,1.0962776714755507,2.416900761162101
GLU_49_A_CD,LEU_50_C_HB3,11702,12200,51.797,-25.238,35.142,52.82,-24.95,45.603,52.3085,-25.094,40.3725,52.88101622751218,-25.051941829129408,45.15260408331707,-13.80934939825086,-0.1530464535827578,10.514846361217076,3.500050223494532,1.7926414686388767,2.4945077529944375
LEU_50_A_HB3,GLU_49_C_CD,12172,11700,52.924,-24.812,44.472,54.059,-24.721,55.364,53.4915,-24.7665,49.918,52.84684230173573,-24.600644826961677,45.155844691347625,-13.356748754295324,-0.1530464535827578,10.951354710719578,3.2077521463726315,1.672773576266996,2.463458969745159
ALA_47_A_O,ALA_47_C_O,10900,10945,52.924,-24.348,44.472,52.676,-24.144,45.568,52.8,-24.246,45.02,52.81266837595926,-24.14934782479394,45.15908529937818,-12.904148110339786,-0.1530464535827578,1.142075303997066,2.668763211398768,1.0807097585277112,2.262825804214864
ALA_47_A_O,ALA_47_C_O,10924,10955,52.884,-23.627,44.715,52.663,-23.574,45.362,52.7735,-23.6005,45.0385,52.778494450182805,-23.698050822626204,45.162325907408736,-12.45154746638425,-0.1530464535827578,0.6857543291879383,1.9269463638386768,1.0786627942666278,2.1715264358105224
ALA_47_A_O,ALA_47_C_O,10902,10956,52.777,-23.229,44.673,52.663,-23.11,45.362,52.72,-23.1695,45.0175,52.74432052440635,-23.24675382045847,45.16556651543929,-11.998946822428714,-0.1530464535827578,0.7084334831160939,1.8550619046720804,1.0897079670578673,2.121727774484486
GLU_49_A_HG3,GLU_49_C_HG3,11977,11970,51.79,-22.692,35.354,53.703,-22.714,54.979,52.7465,-22.703,45.1665,52.71014659862989,-22.79545681829073,45.16880712346984,-11.546346178473176,-0.1530464535827578,19.718029262580984,3.293228758980751,10.415650212612933,2.626541915797838
LEU_48_A_HA,ALA_47_C_C,11289,10912,52.597,-22.241,44.811,52.553,-22.14,45.379,52.575,-22.1905,45.095,52.67597267285343,-22.344159816123,45.1720477315004,-11.09374553451764,-0.1530464535827578,0.5785853437480055,1.833470236976393,1.1520517521056108,2.0552712531346433
LEU_48_A_HA,LEU_48_C_HA,11292,11299,52.514,-21.779,44.997,52.784,-21.701,45.4,52.649,-21.74,45.1985,52.64179874707697,-21.892862813955265,45.17528833953095,-10.641144890562105,-0.1530464535827578,0.4913176162117502,1.1928817539883327,1.1815698700667832,2.0434778396610493
LEU_48_A_HA,GLU_49_C_HG3,11293,11992,52.664,-21.34,44.975,53.688,-21.266,54.438,53.176,-21.303,49.706500000000005,52.60762482130051,-21.44156581178753,45.1785289475615,-10.188544246606565,-0.1530464535827578,9.51853040127519,1.992695412966428,1.8217373815173314,2.222906479357545
LEU_48_A_CA,LEU_48_C_CA,11147,11159,52.565,-20.787,44.881,52.554,-20.841,45.632,52.5595,-20.814,45.2565,52.57345089552405,-20.9902688096198,45.18176955559206,-9.735943602651028,-0.1530464535827578,0.7530192560618864,1.2829237585242146,1.244321513993018,2.0314727761061335
LEU_48_A_CA,GLU_49_C_HB2,11152,11873,52.637,-20.488,44.754,53.058,-20.44,50.832,52.8475,-20.464,47.793,52.53927696974759,-20.53897180745206,45.18501016362261,-9.283342958695492,-0.1530464535827578,6.09275216958642,1.8867457252936617,1.7958669111132164,2.2070404407958844
LEU_48_A_CA,LEU_48_C_CA,11154,11164,52.55,-20.017,44.527,52.69,-20.122,45.796,52.62,-20.0695,45.1615,52.50510304397113,-20.08767480528433,45.188250771653166,-8.830742314739954,-0.1530464535827578,1.2810097579643942,1.5050519705078556,1.3394046939710376,2.0527214771230295
LEU_48_A_CA,LEU_48_C_CB,11149,11168,52.448,-19.845,44.437,52.757,-19.585,46.079,52.6025,-19.715,45.258,52.47092911819468,-19.63637780311659,45.191491379683725,-8.378141670784418,-0.1530464535827578,1.6909302173655798,2.054332942832394,1.4092987540643425,2.068883613051118
LEU_48_A_HB2,LEU_48_C_HB2,11333,11316,52.389,-18.931,44.134,52.575,-18.927,46.261,52.482,-18.929,45.197500000000005,52.40258126664176,-18.73378379878112,45.19797259574483,-7.472940382873344,-0.1530464535827578,2.1351208396716124,2.0175042410573085,1.534681718703782,2.1064658463549706
LEU_48_A_HB2,LEU_48_C_HB2,11334,11314,52.117,-18.496,44.032,52.345,-18.248,46.533,52.231,-18.372,45.2825,52.368407340865296,-18.282486796613387,45.20121320377539,-7.020339738917807,-0.1530464535827578,2.523586535072658,2.251356402074575,1.5991253100606646,2.1528005979458684
LEU_48_A_HB2,LEU_48_C_HB2,11317,11334,52.202,-18.021,43.622,52.666,-17.981,46.627,52.434,-18.001,45.1245,52.33423341508884,-17.831189794445653,45.20445381180594,-6.56773909496227,-0.1530464535827578,3.04087503853743,2.878413484030618,1.70347790670448,2.1900579863161407
LEU_48_A_HD13,LEU_48_C_HB2,11486,11319,51.969,-17.344,43.196,52.292,-17.231,47.047,52.1305,-17.2875,45.1215,52.30005948931238,-17.379892792277918,45.20769441983649,-6.115138451006733,-0.1530464535827578,3.866173689838572,2.863756428489841,1.828230282061693,2.255800073407523
ASN_45_A_OD1,LEU_48_C_HB2,10231,11317,51.865,-16.944,40.616,52.586,-17.018,47.212,52.2255,-16.981,43.914,52.26588556353592,-16.928595790110183,45.21093502786705,-5.662537807051196,-0.1530464535827578,6.635701394728371,2.63230313951071,1.9723961849428004,2.2861392683374966
LEU_48_A_HD13,LEU_48_C_HD13,11488,11484,51.969,-16.594,43.196,52.292,-16.341,47.047,52.1305,-16.4675,45.1215,52.23171163775946,-16.47729878794245,45.2141756358976,-5.209937163095658,-0.1530464535827578,3.8727947273254735,2.478582622451277,1.8180529140511714,2.3049617135617178
LEU_48_A_HD13,LEU_48_C_HD13,11479,11485,52.202,-15.917,43.622,52.376,-15.869,46.786,52.289,-15.893,45.204,52.197537711983,-16.026001785774714,45.21741624392816,-4.757336519140122,-0.1530464535827578,3.169144364020044,2.4486386419032797,1.6647718372366607,2.3125104807235513
TYR_44_A_HE1,TYR_44_C_CZ,10011,9855,52.2,-15.754,43.564,51.955,-15.383,44.072,52.0775,-15.5685,43.818,52.16336378620655,-15.57470478360698,45.22065685195872,-4.304735875184585,-0.1530464535827578,0.6750777732972737,2.1247943200803827,1.3630065918487162,2.296828945659371
ASN_45_A_OD1,TYR_44_C_CZ,10240,9865,52.009,-15.119,42.527,51.735,-14.996,42.887,51.872,-15.0575,42.707,52.12918986043008,-15.123407781439242,45.22389745998927,-3.852135231229047,-0.1530464535827578,0.4688336592012138,1.980932896167493,1.2146076256108067,2.293872064567874
TYR_44_A_CZ,TYR_44_C_HE1,9829,10039,52.334,-14.781,46.685,52.186,-14.704,46.73,52.260000000000005,-14.7425,46.7075,52.09501593465362,-14.67211077927151,45.22713806801982,-3.3995345872735108,-0.1530464535827578,0.1727946758439057,2.419201236271104,1.214615486903902,2.312381691214393
TYR_44_A_CE1,TYR_44_C_HE1,9728,10049,52.13,-14.075,45.664,52.25,-14.024,45.792,52.19,-14.049499999999998,45.728,52.06084200887717,-14.220813777103777,45.23037867605038,-2.9469339433179744,-0.1530464535827578,0.1827156260422174,3.361779107576543,1.1368504812985374,2.3186400891410885
TYR_44_A_CE1,TYR_44_C_CE1,9727,9765,52.12,-13.813,45.442,52.22,-13.82,45.332,52.17,-13.8165,45.387,52.02666808310071,-13.769516774936038,45.23361928408093,-2.4943332993624363,-0.1530464535827578,0.14882540105775,3.3143494418873893,1.100397965519242,2.308058733249063
TYR_44_A_HH,TYR_44_C_HH,10092,10135,52.196,-13.092,45.208,52.125,-13.328,45.191,52.1605,-13.21,45.1995,51.992494157324245,-13.318219772768304,45.23685989211148,-2.0417326554069,-0.1530464535827578,0.2470344105585273,3.099610594398879,1.0243412259952227,2.2805215182292167
TYR_44_A_HH,TYR_44_C_HH,10116,10150,51.882,-12.881,45.602,51.896,-12.907,45.568,51.889,-12.894,45.585,51.95832023154779,-12.86692277060057,45.24010050014204,-1.5891320114513636,-0.1530464535827578,0.0450333209967907,2.95110178290598,1.0044262622381979,2.2678834784524695
TYR_44_A_HH,TYR_44_C_HH,10124,10159,51.89,-12.32,45.371,52.019,-12.19,45.318,51.9545,-12.255,45.3445,51.92414630577133,-12.415625768432834,45.243341108172594,-1.1365313674958255,-0.1530464535827578,0.1906567596493764,2.264494121254262,0.9820226283518938,2.2267670095817538
TYR_44_A_HH,TYR_44_C_HH,10120,10160,51.921,-11.832,45.452,51.784,-11.824,45.318,51.8525,-11.828,45.385,51.88997237999487,-11.9643287662651,45.246581716203146,-0.6839307235402892,-0.1530464535827578,0.1918045880577423,1.6193531425856786,0.9663419505446585,2.2015613593314747
LEU_30_A_CD2,TYR_44_C_HH,2645,10147,52.409,-11.621,50.547,52.023,-11.572,44.919,52.216,-11.5965,47.733,51.85579845421841,-11.513031764097368,45.249822324233705,-0.2313300795847528,-0.1530464535827578,5.64143430343738,3.4642014039009847,1.532827331609724,2.370074528555202
TYR_44_A_HH,TYR_44_C_HH,10067,10139,52.038,-11.136,45.789,51.85,-11.025,44.644,51.944,-11.0805,45.2165,51.82162452844195,-11.06173476192963,45.25306293226426,0.2212705643707853,-0.1530464535827578,1.1656285857853717,1.7362934408165918,0.9980345672331361,2.1891283712393235
LEU_30_A_HB2,LEU_30_C_CD2,2763,2632,52.016,-10.443,45.857,51.026,-10.703,39.74,51.521,-10.573,42.7985,51.78745060266549,-10.610437759761895,45.25630354029481,0.6738712083263216,-0.1530464535827578,6.202047162026419,2.29241237712752,1.4404960407968859,2.289535324522091
LEU_30_A_HB2,LEU_30_C_HB2,2741,2781,51.66,-9.972,45.789,51.505,-9.985,44.621,51.5825,-9.9785,45.205,51.75327667688904,-10.159140757594162,45.25954414832537,1.126471852281858,-0.1530464535827578,1.1783115038053378,1.7391502862301338,1.0014888226934275,2.2287464668871815
LEU_30_A_HB2,LEU_30_C_HB2,2778,2795,51.526,-9.627,45.53,51.641,-9.507,44.909,51.5835,-9.567,45.2195,51.71910275111257,-9.707843755426426,45.26278475635592,1.579072496237396,-0.1530464535827578,0.6428576825394574,1.3967526953809517,0.971912185215212,2.243318897348118
LEU_30_A_HB2,LEU_30_C_HB2,2782,2792,51.841,-9.219,45.321,51.756,-9.16,45.118,51.7985,-9.1895,45.2195,51.68492882533612,-9.256546753258691,45.26602536438647,2.0316731401929324,-0.1530464535827578,0.2278486339656184,1.3980575829454769,0.9422292181901333,2.2578408567933925
LEU_30_A_HD21,LEU_30_C_HB2,2962,2791,51.968,-8.719,50.476,51.551,-8.805,45.118,51.7595,-8.762,47.797,51.65075489955966,-8.805249751090958,45.269265972417024,2.4842737841484688,-0.1530464535827578,5.374890603537896,2.157181796390108,1.4600489065422375,2.3673454384476886
LEU_30_A_HB2,LEU_30_C_HB2,2784,2790,51.841,-8.509,45.321,51.756,-8.45,45.118,51.7985,-8.4795,45.2195,51.6165809737832,-8.353952748923222,45.27250658044758,2.936874428104007,-0.1530464535827578,0.2278486339656189,1.3656437270666737,0.9183489425065576,2.297356793438905
LEU_30_A_HB2,LEU_30_C_HB2,2743,2767,51.681,-7.962,45.481,51.746,-7.984,44.963,51.7135,-7.973,45.222,51.582407048006736,-7.902655746755489,45.275747188478135,3.3894750720595432,-0.1530464535827578,0.5225255974591114,1.938109962724486,0.9192730901057812,2.331076208970214
LEU_30_A_H,LEU_30_C_O,2676,2520,51.387,-7.285,45.315,51.305,-7.377,44.963,51.346,-7.330999999999999,45.139,51.54823312223028,-7.451358744587754,45.27898779650869,3.84207571601508,-0.1530464535827578,0.3729503988468142,1.9808737395075824,0.9121791451349252,2.376232573729001
LEU_30_A_H,LEU_30_C_HA,2682,2751,51.361,-7.161,45.246,51.116,-7.086,40.722,51.2385,-7.1235,42.984,51.51405919645382,-7.000061742420018,45.28222840453925,4.294676359970618,-0.1530464535827578,4.531249937931035,1.9616417080926527,1.3092628344954003,2.38495171482956
LEU_30_A_H,LEU_30_C_H,2679,2715,51.268,-6.505,45.105,51.504,-6.67,45.16,51.386,-6.5875,45.13249999999999,51.47988527067736,-6.548764740252284,45.2854690125698,4.747277003926154,-0.1530464535827578,0.2931654822792046,2.320073417244631,0.9381890717390516,2.408987139494413
LEU_30_A_H,THR_29_C_HG1,2680,2368,51.412,-6.06,45.105,51.448,-5.878,45.35,51.43,-5.968999999999999,45.2275,51.4457113449009,-6.09746773808455,45.28870962060035,5.19987764788169,-0.1530464535827578,0.3073190524520114,2.5408062725974982,0.9731352577223565,2.43265308374552
THR_29_A_HG1,THR_29_C_HG1,2331,2367,51.496,-5.589,44.844,51.325,-5.546,45.611,51.4105,-5.567500000000001,45.2275,51.41153741912444,-5.646170735916814,45.29195022863091,5.6524782918372285,-0.1530464535827578,0.7870063532145046,2.485295868568408,0.98686901048668,2.4513953306644263
THR_29_A_HG1,THR_29_C_HG1,2344,2378,51.51,-5.384,44.589,51.379,-5.296,45.951,51.4445,-5.34,45.27,51.37736349334799,-5.19487373374908,45.29519083666146,6.105078935792765,-0.1530464535827578,1.3711123221676644,2.7318300644550586,0.9920863419000343,2.4585056508901997
GLN_31_A_H,THR_29_C_HG1,3358,2388,51.589,-4.634,49.495,51.344,-4.703,46.547,51.4665,-4.6685,48.021,51.34318956757153,-4.743576731581346,45.298431444692014,6.557679579748301,-0.1530464535827578,2.958967725406953,2.7046975945831844,1.362303325603854,2.400616083361443
GLN_31_A_H,THR_29_C_HG1,3329,2387,51.682,-4.364,49.297,51.222,-4.286,46.547,51.452,-4.324999999999999,47.922,51.30901564179506,-4.29227972941361,45.30167205272257,7.010280223703839,-0.1530464535827578,2.789298119599266,2.28564146687136,1.3960386908635478,2.403950904286571
GLN_31_A_HB2,THR_29_C_OG1,3410,2144,51.665,-3.862,48.979,51.65,-4.024,46.794,51.6575,-3.943,47.8865,51.27484171601861,-3.840982727245876,45.304912660753125,7.462880867659376,-0.1530464535827578,2.191048607402403,1.8289888069945115,1.4225566080916223,2.4010853705009096
THR_29_A_HG1,THR_29_C_CG2,2351,2209,51.281,-3.367,44.27,51.001,-3.415,44.954,51.141,-3.391,44.612,51.24066779024215,-3.389685725078141,45.30815326878368,7.915481511614912,-0.1530464535827578,0.7406483646103575,2.0271375748392577,1.2054637539977617,2.500503151219162
THR_29_A_HG1,THR_29_C_CG2,2321,2207,51.199,-3.079,44.729,50.951,-2.945,44.859,51.075,-3.012,44.794,51.20649386446569,-2.9383887229104046,45.31139387681424,8.36808215557045,-0.1530464535827578,0.3104190715790503,1.8439292053156533,1.2765849865272694,2.4973066417945984
THR_29_A_HG22,THR_29_C_CG2,2402,2228,51.0,-2.4,44.979,50.982,-2.328,45.025,50.991,-2.364,45.002,51.17231993868923,-2.487091720742672,45.31463448484479,8.820682799525986,-0.1530464535827578,0.0873155198117721,2.172485388210544,1.3814305201352957,2.4944714915383948
THR_29_A_HG22,THR_29_C_CG2,2400,2211,50.977,-1.987,45.029,51.089,-2.092,45.162,51.033,-2.0395000000000003,45.0955,51.13814601291277,-2.035794718574937,45.31787509287534,9.273283443481525,-0.1530464535827578,0.2031206537996548,2.245861549987932,1.4261045368303458,2.4887120449933198
THR_29_A_HG22,THR_29_C_HG22,2430,2449,50.879,-1.734,44.988,50.9,-1.581,45.034,50.8895,-1.6575,45.011,51.10397208713631,-1.5844977164072025,45.3211157009059,9.72588408743706,-0.1530464535827578,0.1611396909516708,2.219550525971681,1.5121784449204927,2.5016761265869247
THR_29_A_HG22,THR_29_C_HG22,2426,2448,51.118,-1.317,45.197,51.003,-1.13,45.034,51.060500000000005,-1.2235,45.1155,51.069798161359856,-1.1332007142394676,45.32435630893645,10.178484731392595,-0.1530464535827578,0.2734282355573427,2.271086456938808,1.6274373501579855,2.5031862112408927
THR_29_A_HG22,THR_29_C_HG22,2420,2451,50.921,-0.642,45.908,51.103,-0.745,44.642,51.012,-0.6935,45.275000000000006,51.03562423558339,-0.6819037120717312,45.327596916967,10.631085375348135,-0.1530464535827578,1.2831558751765104,1.8083362375560696,1.8613166724995893,2.5301142266680348
GLN_54_A_HE21,GLN_54_C_HE21,14145,14156,53.748,-32.996,43.682,53.875,-32.946,46.51,53.8115,-32.971000000000004,45.096,53.94005956458475,-33.14135214165282,45.04957384438867,-21.956160989450524,0.2943997686453885,2.8312917546589893,3.866602540075608,2.2961137231674877,3.5932586368613135
GLN_54_A_HE21,GLN_54_C_HE21,14146,14151,53.882,-32.777,44.048,54.172,-32.679,46.267,54.027,-32.728,45.1575,53.90588563880829,-32.69005513948508,45.05281445241922,-21.50356034549499,0.2943997686453885,2.240014508881584,3.748078198191681,2.194584061238678,3.581984673974785
GLN_54_A_HE21,GLN_54_C_HE21,14151,14149,53.671,-32.109,44.354,53.857,-32.051,45.828,53.764,-32.08,45.091,53.87171171303184,-32.23875813731735,45.05605506044977,-21.05095970153945,0.2943997686453885,1.4868207692926578,3.642938493627247,2.0096212906099056,3.5301790119555
GLN_54_A_HE21,GLN_54_C_CD,14152,13885,53.751,-31.7,44.305,54.169,-31.724,49.938,53.96,-31.712,47.1215,53.83753778725537,-31.787461135149613,45.05929566848033,-20.598359057583917,0.2943997686453885,5.648538660574081,3.4338575178239408,2.479368810337841,3.460712614015077
GLN_54_A_HG3,GLN_54_C_HG3,14100,14102,53.742,-31.302,44.248,53.735,-31.299,45.916,53.7385,-31.3005,45.082,53.803363861478914,-31.33616413298188,45.06253627651088,-20.14575841362838,0.2943997686453885,1.668017386000517,3.808866126756579,1.8737660738213948,3.4686129549608826
GLN_54_A_HG3,GLN_54_C_HG3,14098,14113,53.524,-30.857,44.413,53.941,-30.873,45.764,53.7325,-30.865,45.0885,53.76918993570246,-30.884867130814143,45.06577688454144,-19.693157769672844,0.2943997686453885,1.413982319550007,3.853334191624019,1.7544807269808949,3.4151681726602603
LEU_50_A_HD23,LEU_50_C_HD23,12411,12394,53.755,-30.229,44.728,53.894,-30.384,45.607,53.8245,-30.3065,45.1675,53.735016009926,-30.43357012864641,45.069017492572,-19.240557125717302,0.2943997686453885,0.9033199876012904,3.4809439261786723,1.6310335640177578,3.338899602672964
LEU_50_A_HD23,LEU_50_C_HD23,12416,12395,53.632,-29.938,44.942,53.632,-30.104,45.435,53.632,-30.021,45.188500000000005,53.700842084149535,-29.982273126478677,45.07225810060255,-18.787956481761768,0.2943997686453885,0.5201970780387009,3.3789847385245464,1.5500520397672002,3.28509414541476
LEU_50_A_HD23,LEU_50_C_CD2,12414,12103,53.747,-29.591,45.151,53.819,-29.468,45.199,53.783,-29.5295,45.175,53.66666815837308,-29.53097612431094,45.0754987086331,-18.335355837806237,0.2943997686453885,0.1503894943139319,3.200226391951763,1.431925427172806,3.1991248804876387
GLN_54_A_OE1,LEU_50_C_CD2,13928,12102,53.062,-29.18,39.439,53.485,-29.288,45.017,53.2735,-29.234,42.228,53.63249423259662,-29.079679122143204,45.07873931666366,-17.88275519385069,0.2943997686453885,5.595058266005818,3.2768212219954918,2.0341686946648525,3.110763021252575
LEU_50_A_CD2,LEU_50_C_CD2,12097,12115,53.752,-28.712,45.401,53.568,-28.701,44.832,53.66,-28.7065,45.1165,53.59832030682016,-28.62838211997547,45.08197992469421,-17.430154549895157,0.2943997686453885,0.5981120296399368,2.975291326061771,1.2920213013624717,3.0249287141058447
LEU_50_A_CD2,ALA_53_C_CB,12095,13570,53.541,-28.346,45.449,54.113,-28.193,52.308,53.827,-28.2695,48.8785,53.564146381043706,-28.17708511780773,45.08522053272476,-16.977553905939622,0.2943997686453885,6.8845097138431015,2.272868978820273,2.007389871666418,2.906152855391119
LEU_50_A_HD21,LEU_50_C_HD21,12370,12349,53.466,-27.659,45.33,53.296,-27.659,44.905,53.381,-27.659,45.1175,53.52997245526724,-27.72578811564,45.08846114075532,-16.52495326198408,0.2943997686453885,0.4577390086064308,2.5855827357272814,1.1976985627127366,2.8116789818824053
LEU_50_A_HD21,LEU_50_C_HD21,12372,12373,53.625,-27.096,45.221,53.476,-27.174,45.006,53.5505,-27.135,45.1135,53.495798529490784,-27.274491113472266,45.09170174878587,-16.072352618028546,0.2943997686453885,0.2729651992470809,2.4881999828562957,1.1556744330028164,2.720424550986624
LEU_50_A_HD21,LEU_50_C_HA,12371,12138,53.322,-26.807,44.959,53.957,-26.982,51.307,53.6395,-26.8945,48.133,53.46162460371433,-26.82319411130453,45.094942356816425,-15.619751974073008,0.2943997686453885,6.382080695196512,2.5084223909110803,1.7931730960026757,2.7089001454559027
LEU_50_A_HB3,LEU_50_C_HD21,12178,12372,53.407,-26.319,44.794,53.396,-26.403,45.472,53.4015,-26.361,45.133,53.42745067793786,-26.3718971091368,45.09818296484698,-15.167151330117472,0.2943997686453885,0.6832722736947591,2.484312878399787,1.1217041014088234,2.5801917750867736
LEU_50_A_HB3,LEU_50_C_HB3,12179,12199,53.407,-25.855,44.794,53.321,-25.935,45.553,53.364,-25.895,45.1735,53.393276752161405,-25.92060010696906,45.101423572877536,-14.714550686161935,0.2943997686453885,0.7680345044332318,2.4203665429915326,1.1105827180807553,2.504889128068611
LEU_50_A_HB3,LEU_50_C_HB3,12192,12206,53.206,-25.586,44.769,53.191,-25.635,45.5,53.1985,-25.6105,45.1345,53.35910282638495,-25.469303104801327,45.10466418090809,-14.261950042206395,0.2943997686453885,0.7327939683157898,2.252249662628127,1.0981157255889735,2.459440067278446
LEU_50_A_HB3,GLU_49_C_CD,12191,11702,53.411,-25.231,44.769,54.388,-24.978,55.224,53.8995,-25.1045,49.9965,53.32492890060849,-25.018006102633592,45.10790478893865,-13.80934939825086,0.2943997686453885,10.503597621767504,3.14098025846073,1.7124068049909822,2.5264546692653376
ALA_47_A_O,LEU_50_C_HB3,10921,12189,53.208,-24.511,44.554,53.331,-24.675,45.83,53.2695,-24.593,45.192,53.29075497483203,-24.566709100465857,45.1111453969692,-13.356748754295324,0.2943997686453885,1.2923625652269537,2.645635161764709,1.1000373168348858,2.324315917098863
GLU_49_A_CD,ALA_47_C_O,11708,10933,52.35,-24.122,35.002,53.331,-24.212,45.83,52.840500000000006,-24.167,40.416,53.25658104905557,-24.115412098298123,45.11438600499975,-12.904148110339786,0.2943997686453885,10.872720220809503,3.4336549145461563,1.7914284504660274,2.4210840971633916
ALA_47_A_O,ALA_47_C_O,10929,10942,53.374,-23.479,44.949,53.167,-23.867,45.667,53.2705,-23.673,45.308,53.22240712327911,-23.664115096130388,45.11762661303031,-12.45154746638425,0.2943997686453885,0.8419720897987099,2.125554516444118,1.0809551906118453,2.1980334145370275
ALA_47_A_O,ALA_47_C_O,10928,10944,53.374,-23.015,44.949,53.231,-23.021,45.638,53.3025,-23.018,45.2935,53.188233197502655,-23.212818093962653,45.12086722106086,-11.998946822428714,0.2943997686453885,0.7037087465706251,1.440793485183779,1.106622447990905,2.1190237754590835
ALA_47_A_O,ALA_47_C_O,10922,10943,52.929,-22.951,44.77,53.229,-22.602,45.599,53.079,-22.7765,45.1845,53.1540592717262,-22.76152109179492,45.124107829091415,-11.546346178473176,0.2943997686453885,0.9481782532836258,1.4208110814828951,1.1303649846442247,2.0991252500585382
ALA_47_A_C,LEU_48_C_HA,10894,11300,53.292,-22.092,44.93,53.039,-22.101,45.475,53.1655,-22.0965,45.2025,53.11988534594973,-22.310224089627184,45.12734843712197,-11.09374553451764,0.2943997686453885,0.6009284483197662,1.175271981898203,1.163654131744063,2.0558617297042967
ALA_47_A_C,LEU_48_C_HA,10896,11298,52.987,-21.7,44.912,53.265,-21.698,45.322,53.126000000000005,-21.699,45.117,53.08571142017328,-21.85892708745945,45.130589045152526,-10.641144890562105,0.2943997686453885,0.4953665309647012,1.2366427619653,1.1793891459972998,2.0449337607775693
ALA_47_A_C,LEU_48_C_HA,10897,11297,53.109,-21.251,44.797,53.04,-21.291,45.34,53.0745,-21.271,45.0685,53.05153749439682,-21.407630085291714,45.13382965318308,-10.188544246606565,0.2943997686453885,0.5488260197913426,1.0968060455585371,1.2019939448023362,2.0367596686992164
LEU_48_A_CA,GLU_49_C_CB,11146,11623,53.071,-20.798,44.665,53.892,-20.95,51.731,53.4815,-20.874,48.198,53.01736356862036,-20.95633308312398,45.13707026121364,-9.735943602651028,0.2943997686453885,7.115159941983036,2.161347233591635,1.8030724546267018,2.212367367739905
GLU_49_A_HB2,LEU_48_C_HA,11859,11294,52.215,-20.579,39.495,53.043,-20.724,45.433,52.629000000000005,-20.6515,42.464,52.9831896428439,-20.505036080956245,45.14031086924419,-9.283342958695492,0.2943997686453885,5.997203765089195,1.8375641385218715,1.7998297383339599,2.1863733004906156
LEU_48_A_CA,LEU_48_C_CA,11153,11165,52.935,-20.273,44.527,53.186,-20.21,45.569,53.060500000000005,-20.2415,45.048,52.94901571706744,-20.05373907878851,45.14355147727474,-8.830742314739954,0.2943997686453885,1.0736545068130632,1.4256374836279162,1.3160345539859681,2.050400455693301
LEU_48_A_CA,LEU_48_C_CB,11142,11170,52.926,-19.789,44.229,53.054,-19.472,45.964,52.99,-19.6305,45.0965,52.91484179129098,-19.602442076620772,45.1467920853053,-8.378141670784418,0.2943997686453885,1.7683602574136297,1.415343541015871,1.4177859881168764,2.0730522020975184
ASN_45_A_O,LEU_48_C_CB,10166,11172,52.379,-19.153,39.979,53.113,-19.077,46.014,52.746,-19.115,42.9965,52.880667865514525,-19.15114507445304,45.15003269333585,-7.92554102682888,0.2943997686453885,6.0799471214805845,1.544000276574778,1.9623878514391178,2.1796604376338298
LEU_48_A_HB2,LEU_48_C_HB2,11332,11331,52.791,-18.312,43.815,53.089,-18.355,46.283,52.94,-18.3335,45.049,52.8123200139616,-18.24855107011757,45.15651390939696,-7.020339738917807,0.2943997686453885,2.486297850218276,2.436226651908414,1.6075382006163952,2.156260972999303
ASN_45_A_O,LEU_48_C_HB2,10145,11326,52.255,-17.922,40.643,52.794,-17.838,46.786,52.5245,-17.880000000000003,43.7145,52.778146088185146,-17.797254067949837,45.15975451742752,-6.56773909496227,0.2943997686453885,6.167173258471015,2.8321550687780017,1.9626864585119757,2.230081842472788
LEU_48_A_HB2,LEU_48_C_HB2,11323,11321,52.704,-17.414,43.362,53.139,-17.506,47.047,52.9215,-17.46,45.2045,52.74397216240869,-17.345957065782102,45.16299512545807,-6.115138451006733,0.2943997686453885,3.711726552428124,3.275276376264887,1.7971559398336605,2.2460221381107677
LEU_48_A_HD13,LEU_48_C_HD13,11487,11475,52.41,-16.737,43.196,52.905,-16.786,47.269,52.6575,-16.761499999999998,45.2325,52.709798236632224,-16.894660063614367,45.16623573348863,-5.662537807051196,0.2943997686453885,4.103261507630242,2.656021530850376,1.8569052764038652,2.292161789348922
LEU_48_A_HB2,LEU_48_C_HD13,11320,11477,52.704,-16.524,43.362,53.027,-16.411,47.212,52.8655,-16.4675,45.287000000000006,52.67562431085577,-16.443363061446632,45.16947634151918,-5.209937163095658,0.2943997686453885,3.865177615582499,2.5294302072588537,1.817945689840149,2.29948952670381
TYR_44_A_CE1,TYR_44_C_HE1,9712,10027,52.659,-15.829,43.958,52.662,-15.924,46.879,52.6605,-15.8765,45.4185,52.64145038507931,-15.992066059278898,45.17271694954973,-4.757336519140122,0.2943997686453885,2.9225459791079413,2.385505138280643,1.6514866251851494,2.3113315085682595
TYR_44_A_CZ,TYR_44_C_HE1,9831,10038,52.964,-15.453,46.685,52.634,-15.724,47.129,52.799,-15.5885,46.907,52.60727645930285,-15.540769057111165,45.17595755758029,-4.304735875184585,0.2943997686453885,0.6160170452187141,2.1522846637970163,1.350541608521214,2.3043346630655135
TYR_44_A_CZ,ASN_45_C_OD1,9828,10269,52.97,-15.288,47.086,52.96,-15.149,48.107,52.965,-15.2185,47.5965,52.57310253352639,-15.089472054943426,45.17919816561084,-3.852135231229047,0.2943997686453885,1.0304668844751887,2.135978457844441,1.2882473767738343,2.3248444495594773
TYR_44_A_HE1,TYR_44_C_CZ,10006,9864,52.341,-14.671,43.244,52.181,-14.585,43.248,52.261,-14.628,43.246,52.53892860774993,-14.638175052775694,45.182438773641394,-3.3995345872735108,0.2943997686453885,0.1816920471567231,2.0612947139621367,1.15629199277575,2.2765684744634966
TYR_44_A_HE1,TYR_44_C_CZ,10023,9840,52.293,-14.279,43.574,52.388,-14.284,43.63,52.3405,-14.2815,43.602,52.50475468197347,-14.18687805060796,45.18567938167195,-2.9469339433179744,0.2943997686453885,0.1103902169578459,2.305691495481105,1.1370524542850415,2.2806663904341353
ASN_45_A_HD22,TYR_44_C_OH,10368,9902,52.461,-13.872,42.827,52.273,-13.725,42.856,52.367,-13.7985,42.8415,52.470580756197016,-13.735581048440222,45.188919989702505,-2.4943332993624363,0.2943997686453885,0.2404038269246113,1.7575868634656948,1.073811889959939,2.2537795943191465
TYR_44_A_HE1,TYR_44_C_OH,10021,9896,52.444,-13.166,44.553,52.475,-13.103,44.69,52.459500000000006,-13.1345,44.6215,52.43640683042055,-13.28428404627249,45.19216059773306,-2.0417326554069,0.2943997686453885,0.1539447953001339,2.934019933353651,1.0188071071446638,2.2746716041625983
TYR_44_A_HH,TYR_44_C_OH,10112,9885,52.486,-12.794,44.714,52.396,-12.796,44.785,52.441,-12.795,44.7495,52.402232904644094,-12.832987044104756,45.195401205763616,-1.5891320114513636,0.2943997686453885,0.1146516463030472,2.805851633653054,0.9997921349507491,2.2550993796588146
LEU_30_A_HD23,TYR_44_C_HH,3030,10162,52.533,-12.421,48.684,52.318,-12.407,44.999,52.4255,-12.414,46.8415,52.36805897886764,-12.381690041937018,45.19864181379417,-1.1365313674958255,0.2943997686453885,3.691293269302775,3.035569855490843,1.2837163977063102,2.312851388736313
TYR_44_A_HH,TYR_44_C_HH,10127,10146,52.189,-12.103,45.052,52.304,-11.966,44.925,52.2465,-12.0345,44.9885,52.33388505309118,-11.930393039769283,45.20188242182472,-0.6839307235402892,0.2943997686453885,0.2193695512143862,1.83778780465094,0.9644174085152327,2.209336069954056
TYR_44_A_HH,TYR_44_C_HH,10068,10145,52.134,-11.478,45.528,52.449,-11.57,44.706,52.2915,-11.524,45.117,52.29971112731472,-11.47909603760155,45.20512302985528,-0.2313300795847528,0.2943997686453885,0.885083611869518,1.608875477786261,0.9715349002826895,2.1894891552930753
TYR_44_A_HH,TYR_44_C_HH,10118,10140,52.223,-11.126,45.677,52.34,-10.956,44.479,52.2815,-11.041,45.078,52.26553720153826,-11.027799035433814,45.20836363788583,0.2212705643707853,0.2943997686453885,1.2156450962349177,1.555430268609423,0.9915314989444375,2.1892984016665373
TYR_44_A_HH,LEU_30_C_HB2,10119,2769,52.322,-10.715,45.761,52.067,-10.581,44.479,52.194500000000005,-10.648,45.120000000000005,52.2313632757618,-10.57650203326608,45.211604245916384,0.6738712083263216,0.2943997686453885,1.3139653724508915,1.715046814786633,0.9966629513348656,2.1976456613084285
LEU_30_A_HB2,LEU_30_C_HB2,2764,2771,52.064,-10.026,45.758,52.34,-10.205,44.479,52.202,-10.1155,45.1185,52.197189349985344,-10.125205031098346,45.21484485394694,1.126471852281858,0.2943997686453885,1.3206278809717789,1.6347793409903777,0.9970961167448725,2.2160919357757085
LEU_30_A_HB2,LEU_30_C_HB2,2749,2796,52.342,-9.672,45.769,52.071,-9.568,44.909,52.2065,-9.62,45.339,52.16301542420888,-9.67390802893061,45.218085461977495,1.579072496237396,0.2943997686453885,0.9076656873541048,1.8962945077424764,0.9725294054136657,2.2381847904170495
LEU_30_A_HB2,LEU_30_C_HB2,2779,2793,52.285,-9.281,45.53,52.166,-9.16,45.118,52.2255,-9.2205,45.324,52.12884149843242,-9.222611026762875,45.22132607000805,2.0316731401929324,0.2943997686453885,0.4455850087244848,1.6472243997732432,0.9407593574801091,2.2554129947089416
LEU_30_A_HB2,LEU_30_C_HB2,2783,2788,52.046,-8.864,45.321,51.961,-8.805,45.19,52.0035,-8.8345,45.2555,52.094667572655965,-8.771314024595142,45.2245666780386,2.4842737841484688,0.2943997686453885,0.1669341187414973,1.364430146908559,0.9270492493289287,2.2744135691089893
LEU_30_A_HD21,LEU_30_C_HB2,2965,2778,52.398,-8.452,49.965,52.038,-8.212,45.077,52.218,-8.332,47.521,52.06049364687951,-8.320017022427406,45.22780728606916,2.936874428104007,0.2943997686453885,4.907111574032126,2.525122800942584,1.3698028086232474,2.357041361110764
LEU_30_A_HB2,LEU_30_C_H,2742,2713,52.0,-7.73,45.538,52.007,-7.7,45.034,52.0035,-7.715,45.286,52.02631972110304,-7.868720020259673,45.23104789409971,3.3894750720595432,0.2943997686453885,0.5049405905648681,2.046470130342164,0.9071377258218969,2.334237829542051
LEU_30_A_O,LEU_30_C_H,2485,2686,52.122,-7.355,45.481,52.039,-7.307,45.129,52.0805,-7.331,45.305,51.992145795326586,-7.417423018091938,45.23428850213026,3.84207571601508,0.2943997686453885,0.3648246153975941,2.166236218365585,0.9025644212335439,2.3497633931900124
LEU_30_A_H,LEU_30_C_H,2681,2714,51.762,-6.895,45.301,51.933,-6.846,45.289,51.8475,-6.8705,45.295,51.95797186955013,-6.966126015924202,45.23752911016082,4.294676359970618,0.2943997686453885,0.1782862866291172,2.4976492958580714,0.9149300473342807,2.379598444614383
LEU_30_A_H,LEU_30_C_HA,2677,2745,52.025,-6.505,45.327,51.598,-6.314,40.578,51.8115,-6.4095,42.9525,51.92379794377367,-6.514829013756468,45.24076971819137,4.747277003926154,0.2943997686453885,4.771981873393901,2.116036369224956,1.3130128988375556,2.3806569546487126
LEU_30_A_H,LEU_30_C_H,2678,2688,51.705,-6.273,45.271,51.827,-6.153,45.35,51.766,-6.212999999999999,45.310500000000005,51.88962401799721,-6.063532011588734,45.244010326221925,5.19987764788169,0.2943997686453885,0.1884807682497079,2.542896804747101,0.9515344094826735,2.406895125620323
THR_29_A_HG1,THR_29_C_HG1,2330,2366,51.791,-5.785,45.105,51.743,-5.682,45.611,51.767,-5.7335,45.358,51.85545009222075,-5.612235009420998,45.24725093425248,5.6524782918372285,0.2943997686453885,0.518602930959708,2.4745301817373635,0.973742305156845,2.427229736910461
THR_29_A_HG1,THR_29_C_HG1,2342,2395,51.895,-5.351,44.802,51.762,-5.299,46.228,51.828500000000005,-5.325,45.515,51.82127616644429,-5.160938007253264,45.25049154228304,6.105078935792765,0.2943997686453885,1.4331325828408223,2.988033219696731,0.9940336848341734,2.43913546832531
THR_29_A_HG1,THR_29_C_OG1,2361,2142,51.815,-4.825,44.279,52.153,-4.752,46.769,51.984,-4.7885,45.524,51.78710224066784,-4.70964100508553,45.25373215031359,6.557679579748301,0.2943997686453885,2.51389598034604,3.1776984501852845,1.048234109155307,2.4440259297061746
GLN_31_A_H,THR_29_C_OG1,3330,2158,52.061,-4.089,49.297,52.126,-4.224,47.061,52.0935,-4.1565,48.179,51.75292831489137,-4.258344002917794,45.25697275834415,7.010280223703839,0.2943997686453885,2.241014502407333,2.3897954003282877,1.3926915733084346,2.381841933603331
THR_29_A_HG1,THR_29_C_OG1,2328,2157,51.854,-3.747,45.62,51.981,-3.779,47.061,51.9175,-3.763,46.3405,51.71875438911491,-3.80704700075006,45.2602133663747,7.462880867659376,0.2943997686453885,1.4469395287986322,2.275835190206633,1.1918885745998133,2.4495251370399305
THR_29_A_HG1,THR_29_C_OG1,2324,2172,51.885,-3.548,46.003,51.703,-3.559,46.8,51.794,-3.5535,46.4015,51.684580463338456,-3.3557499985823256,45.26345397440525,7.915481511614912,0.2943997686453885,0.8175903619784136,2.176689263355942,1.2205660374875118,2.4513697801153835
THR_29_A_CG2,THR_29_C_HG1,2180,2371,51.668,-2.879,45.659,51.524,-2.88,45.777,51.596,-2.8795,45.718,51.650406537562,-2.904452996414589,45.26669458243581,8.36808215557045,0.2943997686453885,0.1861746491872618,2.317273717784887,1.2993585915791617,2.454284417161171
THR_29_A_CG2,THR_29_C_OG1,2208,2149,51.786,-2.566,45.873,51.866,-2.431,45.941,51.826,-2.4985,45.907,51.616232611785534,-2.453155994246856,45.26993519046636,8.820682799525986,0.2943997686453885,0.1710233902131528,1.6931834294620511,1.3654715007876652,2.439790163210839
THR_29_A_HG22,THR_29_C_HG22,2396,2428,51.66,-1.884,45.847,51.625,-1.826,45.594,51.6425,-1.855,45.7205,51.58205868600908,-2.001858992079121,45.27317579849692,9.273283443481525,0.2943997686453885,0.2619121990286054,1.953805215654416,1.485160601635159,2.450714612173678
THR_29_A_HG22,THR_29_C_HG22,2421,2441,51.508,-1.734,45.516,51.529,-1.581,45.562,51.5185,-1.6575,45.539,51.54788476023262,-1.550561989911387,45.276416406527474,9.72588408743706,0.2943997686453885,0.1611396909516708,1.8454380586310235,1.5154901007910873,2.4601227378051544
THR_29_A_HG22,THR_29_C_HG22,2422,2440,51.405,-1.283,45.516,51.734,-1.226,45.562,51.569500000000005,-1.2545,45.539,51.51371083445616,-1.0992649877436522,45.279657014558026,10.178484731392595,0.2943997686453885,0.3370548916719654,1.8184027451659068,1.6179826063773566,2.4634467540623994
GLN_54_A_HE21,GLN_54_C_CB,14163,13841,54.235,-32.907,44.108,54.918,-32.962,48.44,54.5765,-32.9345,46.274,54.38397223768106,-33.107416415157005,45.00487455001024,-21.956160989450524,0.7418459908735358,4.385856586802629,3.297715714385572,2.5036565260609907,3.5891459415682943
GLN_54_A_HE21,GLN_54_C_HG3,14161,14116,54.35,-32.56,44.317,54.483,-32.47,45.987,54.4165,-32.515,45.152,54.34979831190461,-32.65611941298927,45.00811515804079,-21.50356034549499,0.7418459908735358,1.6777034898932544,3.5953417368615788,2.1309206429824785,3.5680326255268717
GLN_54_A_CD,GLN_54_C_HG3,13887,14124,53.94,-32.359,40.782,54.5,-32.094,45.64,54.22,-32.2265,43.211,54.31562438612815,-32.204822410821535,45.01135576607134,-21.05095970153945,0.7418459908735358,4.897345097090876,3.452590358731434,2.3836520432485813,3.5460866234490056
GLN_54_A_HE21,GLN_54_C_HG3,14148,14114,54.121,-31.985,44.322,54.147,-31.709,45.696,54.134,-31.847,45.009,54.281450460351685,-31.7535254086538,45.0145963741019,-20.598359057583917,0.7418459908735358,1.4016875543429737,3.5825459524564525,1.9671140757109502,3.5193388546467292
GLN_54_A_OE1,GLN_54_C_HG3,13914,14112,53.959,-31.187,40.102,54.282,-31.136,45.632,54.1205,-31.1615,42.867,54.24727653457523,-31.302228406486066,45.01783698213245,-20.14575841362838,0.7418459908735358,5.53965973684305,3.426922969086308,2.2827535908885777,3.4165776160653656
LEU_50_A_HD23,GLN_54_C_OE1,12394,13929,54.014,-30.927,44.248,54.55,-31.07,50.17,54.282,-30.9985,47.209,54.21310260879877,-30.850931404318327,45.021077590163,-19.693157769672844,0.7418459908735358,5.947926445409362,3.705744211621573,2.3829984148368184,3.3644710183018987
LEU_50_A_HD23,GLN_54_C_OE1,12403,13914,54.272,-30.263,44.609,54.696,-30.316,50.621,54.484,-30.2895,47.615,54.17892868302231,-30.399634402150596,45.02431819819356,-19.240557125717302,0.7418459908735358,6.027165917742766,3.2751339768880854,2.3328761547558727,3.270013914199272
LEU_50_A_HD23,LEU_50_C_HD23,12417,12393,54.062,-29.999,44.942,54.02,-29.798,45.49,54.041,-29.8985,45.216,54.14475475724585,-29.948337399982854,45.027558806224114,-18.787956481761768,0.7418459908735358,0.5852085098492688,3.2790425086441237,1.5347962193097118,3.2769247631274028
LEU_50_A_HD23,LEU_50_C_CD2,12415,12099,54.157,-29.591,45.151,54.169,-29.548,45.436,54.163,-29.5695,45.2935,54.11058083146939,-29.497040397815123,45.030799414254666,-18.335355837806237,0.7418459908735358,0.2884753022357344,3.1401421952322743,1.4614567541774484,3.227366067874672
LEU_50_A_HD23,LEU_50_C_CD2,12410,12109,53.988,-29.131,45.248,54.195,-29.173,45.199,54.0915,-29.152,45.2235,54.07640690569293,-29.04574339564739,45.034040022285225,-17.88275519385069,0.7418459908735358,0.2168271200749576,3.165090752241903,1.3750203809326589,3.1437611739218263
LEU_50_A_CD2,LEU_50_C_CD2,12082,12112,54.12,-28.404,45.378,54.148,-28.567,44.972,54.134,-28.4855,45.175,54.04223297991648,-28.59444639347965,45.03728063031578,-17.430154549895157,0.7418459908735358,0.4383936587132613,2.994689492683651,1.2690654025599184,3.0075631833765613
LEU_50_A_CD2,LEU_50_C_HD21,12083,12367,53.877,-27.944,45.396,53.835,-28.079,44.838,53.856,-28.0115,45.117,54.00805905414002,-28.14314939131192,45.04052123834633,-16.977553905939622,0.7418459908735358,0.5756326953883009,2.6986199233871875,1.2225279993237683,2.901418820555569
LEU_50_A_CD1,ALA_53_C_CB,12040,13539,54.089,-27.559,45.382,54.891,-27.845,53.171,54.49,-27.702,49.2765,53.97388512836356,-27.691852389144184,45.04376184637689,-16.52495326198408,0.7418459908735358,7.835401776552369,2.5602893620391574,2.0273291794607298,2.8263832968364766
LEU_50_A_HA,LEU_50_C_HD21,12141,12382,53.45,-27.396,39.849,53.731,-27.362,44.881,53.590500000000006,-27.379,42.365,53.9397112025871,-27.24055538697645,45.04700245440744,-16.072352618028546,0.7418459908735358,5.039954464080012,2.101659229985459,1.7016970140012406,2.8156658281543816
LEU_50_A_HD11,LEU_50_C_HD21,12259,12354,53.894,-26.704,45.173,53.97,-26.751,45.294,53.932,-26.7275,45.2335,53.90553727681064,-26.789258384808715,45.05024306243799,-15.619751974073008,0.7418459908735358,0.1504194136406566,2.3499802715377416,1.118547471262081,2.6648628597535877
LEU_50_A_HD11,LEU_50_C_HD21,12235,12351,53.7,-26.532,44.959,53.847,-26.418,45.555,53.7735,-26.475,45.257000000000005,53.87136335103418,-26.33796138264098,45.05348367046855,-15.167151330117472,0.7418459908735358,0.624356468693963,2.417248369852036,1.1143010884991889,2.6146634325356213
LEU_50_A_HB3,LEU_50_C_HB3,12177,12196,53.845,-26.087,44.959,53.761,-25.93,45.72,53.803,-26.0085,45.3395,53.83718942525772,-25.886664380473245,45.056724278499104,-14.714550686161935,0.7418459908735358,0.7815535810166778,2.4451988405677976,1.110502811442485,2.542425103291308
LEU_50_A_HB3,LEU_50_C_HB3,12185,12195,53.84,-25.411,44.842,53.761,-25.466,45.72,53.8005,-25.4385,45.281,53.80301549948126,-25.43536737830551,45.059964886529656,-14.261950042206395,0.7418459908735358,0.8832610033280086,2.445791504638929,1.0959456267788286,2.457781801971476
LEU_50_A_HB3,LEU_50_C_HB3,12181,12197,53.892,-24.998,44.68,53.82,-25.197,45.7,53.856,-25.0975,45.19,53.768841573704805,-24.984070376137776,45.063205494560215,-13.80934939825086,0.7418459908735358,1.0417221318566705,2.405593014190401,1.0915596024998433,2.413205229297166
GLU_49_A_OE1,LEU_50_C_HB3,11739,12187,52.866,-24.343,35.06,53.65,-24.443,45.887,53.258,-24.393,40.4735,53.73466764792835,-24.53277337397004,45.06644610259077,-13.356748754295324,0.7418459908735358,10.855808813718117,3.296565739949615,1.807527442681676,2.4677709373252004
ALA_47_A_O,ALA_47_C_O,10920,10940,53.5,-24.113,44.729,53.898,-23.867,45.738,53.699,-23.99,45.2335,53.70049372215188,-24.081476371802307,45.06968671062132,-12.904148110339786,0.7418459908735358,1.112205466629257,2.362998595131187,1.090680051899182,2.2606230504802527
ALA_47_A_O,ALA_47_C_O,10930,10941,53.815,-23.622,44.949,53.557,-23.656,45.703,53.686,-23.639,45.326,53.66631979637543,-23.63017936963457,45.07292731865188,-12.45154746638425,0.7418459908735358,0.7976440308809469,1.927158934477523,1.0928042392405466,2.2068320621771043
ALA_47_A_O,ALA_47_C_O,10927,10937,53.693,-23.247,45.006,53.683,-23.263,45.813,53.688,-23.255000000000003,45.4095,53.63214587059897,-23.17888236746684,45.07616792668243,-11.998946822428714,0.7418459908735358,0.8072205398774263,1.705835730737128,1.1104471232939488,2.1609430437773773
ALA_47_A_C,ALA_47_C_O,10890,10936,53.751,-22.879,45.004,53.683,-22.799,45.813,53.717,-22.839,45.4085,53.59797194482251,-22.727585365299102,45.07940853471298,-11.546346178473176,0.7418459908735358,0.8157848981196008,1.4607292016281697,1.128812101643858,2.1252036364745965
GLU_49_A_HG3,LEU_48_C_HA,11995,11296,52.65,-22.385,35.33,53.58,-22.387,45.639,53.115,-22.386000000000003,40.4845,53.56379801904605,-22.276288363131368,45.08264914274354,-11.09374553451764,0.7418459908735358,10.350863973601436,2.081112908816773,1.843779771539291,2.250672903082235
GLU_49_A_HG3,LEU_48_C_HA,11991,11301,52.56,-21.683,35.539,53.745,-21.91,45.337,53.1525,-21.7965,40.438,53.52962409326959,-21.824991360963637,45.08588975077409,-10.641144890562105,0.7418459908735358,9.872008812799956,1.902740901964744,1.84453665949611,2.240202322563802
ALA_47_A_C,LEU_48_C_HA,10895,11303,53.468,-21.577,44.904,53.65,-21.502,45.128,53.559,-21.5395,45.016000000000005,53.49545016749313,-21.3736943587959,45.089130358804645,-10.188544246606565,0.7418459908735358,0.2982029510249641,1.1821587224453045,1.1890762092605678,2.059504171137371
ALA_47_A_C,LEU_48_C_HA,10893,11307,53.46,-20.816,44.558,53.65,-20.792,45.128,53.555,-20.804,44.843,53.46127624171668,-20.922397356628164,45.092370966835205,-9.735943602651028,0.7418459908735358,0.6013118991006242,1.2880619603232653,1.2385289431623192,2.0484976618365134
GLU_49_A_HB2,LEU_48_C_HA,11867,11293,52.762,-20.334,38.865,53.31,-20.386,45.457,53.036,-20.36,42.161,53.42710231594021,-20.47110035446043,45.09561157486576,-9.283342958695492,0.7418459908735358,6.614943083655367,1.774271872775484,1.855203232381367,2.2004119291240065
LEU_48_A_CA,LEU_48_C_HA,11144,11276,53.274,-19.882,44.229,53.501,-20.217,45.512,53.3875,-20.0495,44.8705,53.39292839016375,-20.01980335229269,45.09885218289631,-8.830742314739954,0.7418459908735358,1.3453040548515416,1.416239276029781,1.3437350628740434,2.0573101096231117
LEU_48_A_CA,LEU_48_C_CA,11143,11158,53.453,-19.53,44.117,53.227,-19.798,45.787,53.34,-19.664,44.952,53.358754464387296,-19.56850635012496,45.10209279092687,-8.378141670784418,0.7418459908735358,1.7063997187060267,1.377118808881101,1.398193599138969,2.071025468647128
ASN_45_A_O,LEU_48_C_CB,10167,11169,52.59,-19.291,39.707,53.517,-19.222,45.835,53.0535,-19.256500000000003,42.771,53.32458053861084,-19.117209347957225,45.10533339895742,-7.92554102682888,0.7418459908735358,6.198102451557251,1.5371407144114848,1.98998632340555,2.1796183352234593
LEU_48_A_HB2,LEU_48_C_HG,11331,11376,53.248,-18.516,43.958,53.454,-18.577,46.017,53.351,-18.5465,44.9875,53.29040661283437,-18.66591234578949,45.10857400698797,-7.472940382873344,0.7418459908735358,2.0701782531946424,1.8936650456130435,1.5431059297963476,2.1344473511507327
LEU_48_A_HB2,LEU_48_C_HB2,11325,11332,53.142,-18.202,43.759,53.194,-18.097,46.455,53.168000000000006,-18.149500000000003,45.107,53.25623268705792,-18.214615343621755,45.11181461501853,-7.020339738917807,0.7418459908735358,2.698544978317017,2.346537574264148,1.638814238144742,2.1723180036148557
LEU_48_A_HB2,LEU_48_C_HB2,11326,11329,53.227,-17.714,43.594,53.28,-17.822,46.743,53.2535,-17.768,45.1685,53.22205876128146,-17.76331834145402,45.11505522304908,-6.56773909496227,0.7418459908735358,3.151297193220596,3.1552380196524106,1.7019031748464528,2.2093159004540985
LEU_48_A_HB2,LEU_48_C_HD13,11330,11480,53.168,-17.196,43.57,53.517,-17.231,47.047,53.3425,-17.213500000000003,45.3085,53.187884835505,-17.312021339286286,45.11829583107964,-6.115138451006733,0.7418459908735358,3.494646620189226,3.061744363343783,1.7585124916530366,2.258193483960133
LEU_48_A_HB2,LEU_48_C_HD13,11318,11476,53.126,-16.749,43.622,53.299,-16.786,47.212,53.2125,-16.7675,45.417,53.15371090972854,-16.86072433711855,45.121536439110194,-5.662537807051196,0.7418459908735358,3.5943564097067537,2.82009682374235,1.7728659146814794,2.285253849223748
TYR_44_A_CE1,ASN_45_C_OD1,9713,10265,52.947,-16.347,43.622,53.399,-16.593,49.69,53.173,-16.47,46.656,53.11953698395208,-16.409427334950816,45.124777047140746,-5.209937163095658,0.7418459908735358,6.089781933698445,3.345836520697841,1.8131568298387435,2.317012549284861
TYR_44_A_CE1,LEU_48_C_HD13,9735,11482,53.081,-15.761,45.796,53.139,-16.066,47.047,53.11,-15.9135,46.4215,53.08536305817562,-15.958130332783082,45.1280176551713,-4.757336519140122,0.7418459908735358,1.2889491844134096,2.11976792977494,1.4437489963014343,2.2989924960534127
TYR_44_A_CE2,ASN_45_C_OD1,9782,10270,53.482,-15.522,47.223,53.338,-15.424,48.107,53.41,-15.473,47.665,53.051189132399166,-15.506833330615349,45.13125826320186,-4.304735875184585,0.7418459908735358,0.9009972253009442,2.139673441249966,1.2932527155772335,2.3365842563166734
TYR_44_A_CE2,ASN_45_C_OD1,9804,10290,53.358,-14.891,48.014,53.167,-15.112,48.206,53.2625,-15.0015,48.11,53.0170152066227,-15.05553632844761,45.13449887123241,-3.852135231229047,0.7418459908735358,0.3495511407505322,1.941821512721392,1.2599852091479258,2.3385250103518134
TYR_44_A_CE2,ASN_45_C_OD1,9799,10335,53.515,-14.668,48.375,53.367,-14.533,48.564,53.441,-14.6005,48.4695,52.982841280846245,-14.604239326279878,45.13773947926296,-3.3995345872735108,0.7418459908735358,0.2754087870784099,2.184725410611946,1.2028879673394117,2.3606484371377245
TYR_44_A_CE2,ASN_45_C_OD1,9798,10333,53.443,-14.209,48.375,53.452,-14.297,48.899,53.4475,-14.253,48.637,52.94866735506979,-14.152942324112145,45.14098008729352,-2.9469339433179744,0.7418459908735358,0.5314141511100369,2.0328267558475277,1.2331413122400627,2.3661832017322566
ASN_45_A_HD22,TYR_44_C_OH,10395,9901,52.492,-13.712,43.049,52.604,-13.563,43.191,52.548,-13.6375,43.120000000000005,52.91449342929333,-13.701645321944406,45.14422069532407,-2.4943332993624363,0.7418459908735358,0.2343266950221443,2.1482706081449936,1.0578509138333108,2.255771084136287
ASN_45_A_HD22,TYR_44_C_OH,10393,9903,52.462,-13.375,42.705,52.452,-13.323,42.856,52.457,-13.349,42.7805,52.88031950351687,-13.250348319776672,45.14746130335463,-2.0417326554069,0.7418459908735358,0.1600156242371384,1.8477098448993805,1.0541941310314769,2.2533653415080748
TYR_44_A_HE1,TYR_44_C_OH,10014,9882,52.923,-12.817,44.198,52.81,-12.912,44.051,52.8665,-12.8645,44.1245,52.84614557774041,-12.79905131760894,45.150701911385184,-1.5891320114513636,0.7418459908735358,0.2083338666659829,2.2733867018985747,1.0067882466907327,2.2474831061006526
ASN_45_A_HD22,LEU_30_C_CD2,10408,2639,52.601,-12.498,42.151,52.392,-12.451,42.2,52.4965,-12.4745,42.1755,52.81197165196395,-12.347754315441202,45.153942519415736,-1.1365313674958255,0.7418459908735358,0.219752133095445,1.531831660652234,1.090890761656695,2.226615939455465
LEU_30_A_CD2,TYR_44_C_HH,2602,10144,53.211,-11.681,49.21,52.651,-11.919,44.604,52.931,-11.8,46.907,52.77779772618749,-11.89645731327347,45.15718312744629,-0.6839307235402892,0.7418459908735358,4.646017649557523,2.539774015445756,1.353758596198025,2.3215638851789975
TYR_44_A_HH,LEU_30_C_HD12,10125,2925,52.819,-11.557,45.052,52.885,-11.518,44.544,52.852,-11.5375,44.798,52.74362380041103,-11.445160311105736,45.16042373547685,-0.2313300795847528,0.7418459908735358,0.5137518856413104,1.7631202625919402,0.9461956684339122,2.1855666084366114
TYR_44_A_HH,LEU_30_C_HD12,10075,2926,52.844,-11.169,45.508,52.643,-11.179,44.539,52.7435,-11.174,45.0235,52.70944987463457,-10.993863308937998,45.1636643435074,0.2212705643707853,0.7418459908735358,0.9896777253227448,1.65417989332621,0.9712699858194354,2.1864564428975815
LEU_30_A_HB2,LEU_30_C_HB2,2748,2770,52.635,-10.349,45.934,52.781,-10.349,44.479,52.708,-10.349,45.2065,52.67527594885812,-10.542566306770263,45.16690495153795,0.6738712083263216,0.7418459908735358,1.462306739367632,2.093700624854625,0.9987651425483404,2.2136242744240535
LEU_30_A_HB2,LEU_30_C_CD2,2747,2629,52.635,-9.885,45.934,51.953,-10.048,39.215,52.294,-9.9665,42.5745,52.64110202308166,-10.09126930460253,45.17014555956851,1.126471852281858,0.7418459908735358,6.755490655755503,3.1613772389738,1.4580662246132843,2.320221339113871
LEU_30_A_HD21,LEU_30_C_HB2,2978,2775,53.205,-9.849,50.643,52.458,-9.572,44.813,52.8315,-9.7105,47.728,52.60692809730519,-9.639972302434794,45.17338616759906,1.579072496237396,0.7418459908735358,5.884185415161556,2.77854147396482,1.4590196529573982,2.3499612056031536
ILE_41_A_HG22,LEU_30_C_HB2,8385,2776,52.442,-9.323,45.656,52.663,-9.273,44.885,52.5525,-9.298,45.2705,52.572754171528736,-9.18867530026706,45.176626775629614,2.0316731401929324,0.7418459908735358,0.8036056246692153,1.925359199009801,0.954558908942943,2.2572838237093644
LEU_30_A_HB2,LEU_30_C_HB2,2767,2789,52.406,-8.631,45.521,52.371,-8.805,45.118,52.3885,-8.718,45.319500000000005,52.53858024575228,-8.737378298099326,45.17986738366017,2.4842737841484688,0.7418459908735358,0.4403521318217939,1.860176568927155,0.9265255016794202,2.282887276459042
LEU_30_A_HB2,LEU_30_C_HB2,2766,2777,52.417,-8.142,45.492,52.488,-8.365,45.023,52.4525,-8.253499999999999,45.2575,52.50440631997582,-8.28608129593159,45.183107991690726,2.936874428104007,0.7418459908735358,0.5241478798964988,1.9714478180602577,0.9158141954814184,2.305700153157716
LEU_30_A_CA,LEU_30_C_H,2481,2712,52.768,-7.664,49.24,52.414,-7.861,45.092,52.591,-7.762499999999999,47.166,52.47023239419936,-7.834784293763858,45.18634859972128,3.3894750720595432,0.7418459908735358,4.167736675942954,2.386431700203651,1.267910544084097,2.347143075858598
LEU_30_A_O,LEU_30_C_H,2486,2711,52.612,-7.285,45.315,52.343,-7.376,45.25,52.477500000000006,-7.330500000000001,45.2825,52.4360584684229,-7.383487291596123,45.18958920775183,3.84207571601508,0.7418459908735358,0.291319412329489,2.0713537738965844,0.887051012894511,2.341509206316512
LEU_30_A_O,LEU_30_C_H,2519,2718,52.579,-6.927,45.213,52.586,-6.885,45.589,52.5825,-6.906,45.401,52.40188454264644,-6.932190289428387,45.19282981578239,4.294676359970618,0.7418459908735358,0.3784032240877424,2.064712846414845,0.890099152164325,2.352202989559894
LEU_30_A_O,LEU_30_C_H,2487,2707,52.419,-6.505,45.271,52.208,-6.372,45.529,52.3135,-6.4385,45.400000000000006,52.36771061686999,-6.480893287260653,45.19607042381294,4.747277003926154,0.7418459908735358,0.358850943986498,2.0164957948110422,0.9159422069957426,2.3736401613212945
LEU_30_A_O,LEU_30_C_H,2516,2709,52.473,-6.184,45.214,52.586,-5.913,45.725,52.5295,-6.048500000000001,45.4695,52.33353669109352,-6.029596285092919,45.19931103184349,5.19987764788169,0.7418459908735358,0.5893479447660801,2.226320427524512,0.9386808391318975,2.378293533689178
LEU_30_A_O,THR_29_C_HG1,2518,2375,52.376,-5.782,45.131,52.17,-5.68,45.84,52.273,-5.731,45.4855,52.29936276531706,-5.578299282925183,45.20255163987405,5.6524782918372285,0.7418459908735358,0.745332811568096,2.453496859681797,0.9614999937929803,2.4023678887360975
THR_29_A_HG1,THR_29_C_HG1,2336,2377,52.277,-4.961,45.219,52.381,-5.333,46.136,52.329,-5.147,45.6775,52.265188839540606,-5.1270022807574485,45.20579224790461,6.105078935792765,0.7418459908735358,0.9950321602842808,2.905018515739334,1.0158663479672472,2.4182708837289493
THR_29_A_HG1,THR_29_C_OG1,2333,2173,52.43,-4.721,45.554,52.627,-4.831,46.8,52.5285,-4.776,46.177,52.23101491376415,-4.675705278589715,45.20903285593516,6.557679579748301,0.7418459908735358,1.2662641904436802,3.462759378685593,1.0616924080825025,2.419152693887854
THR_29_A_HG1,THR_29_C_OG1,2329,2155,52.134,-4.107,45.62,52.419,-4.011,47.226,52.2765,-4.059,46.423,52.19684098798768,-4.224408276421979,45.21227346396572,7.010280223703839,0.7418459908735358,1.6339146244525762,2.9786170494719686,1.1677751113927894,2.4394954190400955
THR_29_A_HG1,THR_29_C_OG1,2323,2154,52.216,-3.709,46.338,52.419,-3.547,47.226,52.3175,-3.628,46.782,52.16266706221123,-3.7731112742542448,45.21551407199627,7.462880867659376,0.7418459908735358,0.9252010592298276,3.2739581493084398,1.2273921364156037,2.4347394930679007
THR_29_A_CG2,THR_29_C_OG1,2158,2166,52.428,-3.143,46.849,52.126,-3.334,47.061,52.277,-3.2385,46.955,52.12849313643477,-3.32181427208651,45.21875468002682,7.915481511614912,0.7418459908735358,0.4154864618733097,3.331436296492538,1.3009681697623219,2.433397368370135
THR_29_A_CG2,THR_29_C_OG1,2157,2170,52.249,-2.741,46.849,52.209,-2.863,46.8,52.229,-2.802,46.8245,52.09431921065831,-2.870517269918773,45.22199528805738,8.36808215557045,0.7418459908735358,0.137422705547518,2.8406189622876523,1.3642304070159201,2.4269844951404513
THR_29_A_CG2,THR_29_C_OG1,2167,2178,52.004,-2.333,46.522,52.17,-2.639,46.465,52.087,-2.486,46.4935,52.06014528488185,-2.4192202677510406,45.22523589608793,8.820682799525986,0.7418459908735358,0.3527619594003873,2.0316521709978423,1.397682595888073,2.4267297657143363
THR_29_A_CG2,THR_29_C_HG22,2168,2427,52.361,-1.926,46.953,51.924,-2.057,45.771,52.1425,-1.9915,46.362,52.02597135910539,-1.967923265583306,45.22847650411848,9.273283443481525,0.7418459908735358,1.266986187770018,2.032079313747326,1.5374167414017985,2.418996593655736
THR_29_A_HG22,THR_29_C_HG22,2389,2429,51.994,-1.611,46.731,51.971,-1.659,45.658,51.9825,-1.635,46.194500000000005,51.99179743332893,-1.5166262634155714,45.23171711214904,9.72588408743706,0.7418459908735358,1.0743193193832088,1.6366908842482122,1.6210761911359806,2.4338040309988798
GLN_31_A_HE22,THR_29_C_HG22,3549,2439,52.393,-1.217,47.895,52.144,-1.226,45.562,52.2685,-1.2215,46.7285,51.95762350755248,-1.065329261247837,45.2349577201796,10.178484731392595,0.7418459908735358,2.346267461309564,2.385307427896389,1.8541805242537226,2.4486276407509338
GLN_31_A_HE22,THR_29_C_HG22,3544,2444,52.491,-0.796,48.905,52.049,-0.818,45.353,52.27,-0.8069999999999999,47.129000000000005,51.92344958177601,-0.6140322590801002,45.23819832821015,10.631085375348135,0.7418459908735358,3.579462529486794,2.087681190749396,2.0743732311297434,2.4906498650249986
GLN_31_A_HE22,THR_29_C_HG22,3563,2420,52.6,-0.334,49.935,51.921,-0.152,44.71,52.2605,-0.243,47.322500000000005,51.88927565599956,-0.1627352569123654,45.24143893624071,11.083686019303672,0.7418459908735358,5.272076441023975,2.0914359598373444,2.3047730212737583,2.5642772017797717
GLN_54_A_HE21,GLN_54_C_CG,14164,13866,54.665,-32.968,44.108,54.981,-32.875,47.421,54.823,-32.9215,45.7645,54.82788491077737,-33.073480688661185,44.9601752556318,-21.956160989450524,1.189292213101682,3.3293353691089784,3.5111608748584184,2.4106830145734395,3.604268016969932
GLN_54_A_HE21,GLN_54_C_HG3,14162,14119,54.76,-32.56,44.317,54.774,-32.524,45.959,54.767,-32.542,45.138000000000005,54.793710985000914,-32.62218368649345,44.96341586366236,-21.50356034549499,1.189292213101682,1.642454261159199,3.488283002655293,2.147282722647157,3.5730040671158663
GLN_54_A_HE21,GLN_54_C_HG3,14158,14125,54.555,-32.205,44.389,54.895,-32.274,45.64,54.725,-32.2395,45.0145,54.759537059224456,-32.17088668432572,44.96665647169291,-21.05095970153945,1.189292213101682,1.298214928276515,3.4146780820661213,2.0540737800333035,3.5525255362068284
GLN_54_A_HE21,GLN_54_C_HG3,14160,14129,54.76,-31.85,44.317,54.8,-31.866,45.431,54.78,-31.858,44.874,54.72536313344799,-31.71958968215798,44.96989707972347,-20.598359057583917,1.189292213101682,1.1148327228781876,3.385676269809189,1.9752947163465213,3.538778866105866
GLN_54_A_HE21,GLN_54_C_HG3,14143,14133,54.61,-31.183,44.157,54.8,-31.156,45.431,54.705,-31.1695,44.794,54.691189207671535,-31.26829267999025,44.97313768775402,-20.14575841362838,1.189292213101682,1.28837300499506,3.7182511134024434,1.8566996120801087,3.4897122493924475
LEU_50_A_HD23,GLN_54_C_HG3,12400,14111,54.523,-30.836,44.21,54.55,-30.919,45.577,54.5365,-30.8775,44.8935,54.65701528189508,-30.81699567782251,44.97637829578457,-19.693157769672844,1.189292213101682,1.3697835595450811,3.650958065587596,1.7992389858677214,3.4507376499405242
LEU_50_A_HD23,LEU_50_C_HD23,12404,12391,54.635,-30.15,44.469,54.632,-30.242,45.712,54.6335,-30.196,45.090500000000006,54.62284135611862,-30.365698675654777,44.97961890381513,-19.240557125717302,1.189292213101682,1.2464036264388858,3.795570448833693,1.672791781224508,3.3718884107239613
LEU_50_A_HD23,GLN_54_C_CG,12418,13874,54.457,-29.819,44.942,54.543,-30.101,45.702,54.5,-29.96,45.322,54.58866743034216,-29.91440167348704,44.98285951184568,-18.787956481761768,1.189292213101682,0.8151809615048654,3.321949749628496,1.5728620092934311,3.3134125490263124
LEU_50_A_HD23,LEU_50_C_CD2,12407,12098,54.513,-29.3,45.12,54.51,-29.301,45.49,54.5115,-29.3005,45.305,54.5544935045657,-29.463104671319307,44.98610011987624,-18.335355837806237,1.189292213101682,0.3700135132667499,3.288253833545196,1.4334468518243104,3.199697587745659
LEU_50_A_HD23,LEU_50_C_CD2,12396,12108,54.447,-28.885,45.205,54.77,-28.794,45.499,54.60850000000001,-28.8395,45.352,54.52031957878924,-29.01180766915157,44.98934072790679,-17.88275519385069,1.189292213101682,0.4461457161062995,3.1801872491967016,1.3500763573698613,3.1175318739587294
LEU_50_A_HD12,LEU_50_C_CD2,12275,12110,54.392,-28.619,45.292,54.451,-28.788,45.199,54.4215,-28.7035,45.2455,54.486145653012784,-28.56051066698384,44.99258133593735,-17.430154549895157,1.189292213101682,0.2017201031132012,3.069252224916181,1.3133363734375814,3.0695566000655927
LEU_50_A_CD1,LEU_50_C_HD21,12039,12379,54.309,-28.011,45.441,54.585,-28.134,45.09,54.447,-28.0725,45.2655,54.45197172723633,-28.109213664816103,44.9958219439679,-16.977553905939622,1.189292213101682,0.4631479245338377,2.55841788975676,1.2306826033928469,2.94802753703823
LEU_50_A_CD1,LEU_50_C_HD21,12038,12380,54.489,-27.626,45.553,54.346,-27.717,44.881,54.4175,-27.6715,45.217,54.41779780145986,-27.65791666264837,44.999062551998456,-16.52495326198408,1.189292213101682,0.6930468959601477,2.516253275808279,1.200688101969349,2.8632166465594913
LEU_50_A_HD11,LEU_50_C_HD21,12236,12376,54.407,-27.363,45.52,54.585,-27.3,45.09,54.496,-27.3315,45.30500000000001,54.383623875683405,-27.206619660480637,45.00230316002901,-16.072352618028546,1.189292213101682,0.469630705980775,2.260205657889754,1.1580559700094004,2.799818642484124
LEU_50_A_HD11,LEU_50_C_HD21,12258,12360,54.26,-26.708,45.495,54.569,-26.616,45.367,54.4145,-26.662,45.431,54.34944994990695,-26.7553226583129,45.00554376805956,-15.619751974073008,1.189292213101682,0.346884707071388,2.243377028682235,1.1035675256247142,2.676129164618962
LEU_50_A_HD11,LEU_50_C_HD21,12234,12352,54.123,-26.307,45.22,54.314,-26.418,45.555,54.2185,-26.3625,45.3875,54.31527602413048,-26.304025656145164,45.00878437609012,-15.167151330117472,1.189292213101682,0.4012816965673885,2.2211879993902133,1.110480131703004,2.618127207470655
LEU_50_A_HD11,LEU_50_C_HB3,12255,12193,54.458,-25.766,45.288,54.475,-25.698,45.72,54.4665,-25.732,45.504,54.281102098354026,-25.85272865397743,45.01202498412067,-14.714550686161935,1.189292213101682,0.4376494030614022,2.5019724140828266,1.0928560623667756,2.5314871127048755
LEU_50_A_HD11,LEU_50_C_HB3,12257,12194,54.281,-25.493,44.959,54.202,-25.323,45.72,54.2415,-25.408,45.3395,54.24692817257757,-25.40143165180969,45.01526559215122,-14.261950042206395,1.189292213101682,0.7837486842094172,2.459662613376479,1.0888668879520629,2.473810391183667
LEU_50_A_HB3,LEU_50_C_HB3,12182,12191,54.333,-24.855,44.68,54.263,-24.888,45.665,54.298,-24.8715,45.1725,54.21275424680111,-24.95013464964196,45.01850620018178,-13.80934939825086,1.189292213101682,0.9880354244661468,2.564704882661585,1.0862819829545098,2.39954248689404
ALA_47_A_O,LYS_51_C_HB2,10915,12610,54.265,-24.322,44.655,54.407,-24.443,45.665,54.336,-24.3825,45.16,54.178580321024654,-24.498837647474225,45.021746808212335,-13.356748754295324,1.189292213101682,1.0270856828911574,2.336542706176984,1.0999600499345101,2.3409258670812014
ALA_47_A_O,LYS_51_C_HB2,10916,12611,54.296,-23.917,44.709,54.263,-23.999,45.665,54.2795,-23.958,45.187,54.14440639524819,-24.04754064530649,45.02498741624289,-12.904148110339786,1.189292213101682,0.960077601030246,2.1053991946983754,1.087324046178066,2.278499921513528
ALA_47_A_O,ALA_47_C_O,10918,10938,54.16,-23.374,44.951,54.124,-23.406,45.813,54.142,-23.39,45.382000000000005,54.11023246947173,-23.59624364313876,45.028228024273446,-12.45154746638425,1.189292213101682,0.8633446588703741,1.669230638562487,1.1154002839049364,2.2046883652541998
ALA_47_A_O,ALA_47_C_O,10919,10935,53.962,-23.086,45.0,54.002,-23.031,45.87,53.982,-23.0585,45.435,54.07605854369528,-23.14494664097102,45.031468632304,-11.998946822428714,1.189292213101682,0.8726539978708603,1.6316977930591032,1.1200942151221225,2.1597630494669744
ALA_47_A_O,LEU_48_C_HA,10908,11272,54.196,-22.89,45.054,54.124,-22.656,45.813,54.16,-22.773,45.4335,54.04188461791882,-22.693649638803286,45.03470924033455,-11.546346178473176,1.189292213101682,0.797509247595287,1.879065113070967,1.1336966382962212,2.1536149545342633
ALA_47_A_C,LEU_48_C_HA,10887,11285,54.125,-22.409,45.157,54.082,-22.083,45.497,54.1035,-22.246,45.327,54.00771069214235,-22.24235263663555,45.03794984836511,-11.09374553451764,1.189292213101682,0.4729957716512935,1.604624883313975,1.1461384691955718,2.1227246620604254
ALA_47_A_C,GLU_49_C_CG,10888,11651,54.088,-21.854,45.132,54.812,-21.689,54.258,54.45,-21.7715,49.695,53.973536766365896,-21.791055634467817,45.04119045639566,-10.641144890562105,1.189292213101682,9.156160603659162,2.612121175149454,1.8127795741061605,2.220199962276626
ALA_47_A_C,LEU_48_C_HA,10899,11304,53.88,-21.458,44.957,54.06,-21.502,45.128,53.97,-21.48,45.0425,53.93936284058944,-21.33975863230008,45.04443106442621,-10.188544246606565,1.189292213101682,0.2521447996687612,1.195281240549776,1.1884511797179185,2.079933898055472
ALA_47_A_C,LEU_48_C_HA,10886,11306,53.944,-20.831,44.564,54.06,-20.792,45.128,54.002,-20.8115,44.846,53.90518891481298,-20.888461630132348,45.04767167245677,-9.735943602651028,1.189292213101682,0.5771247698721653,1.5168334359357325,1.2296373405641388,2.0742175823178304
LEU_48_A_N,LEU_48_C_HA,11138,11290,54.003,-20.614,44.436,54.099,-20.426,45.292,54.051,-20.52,44.864,53.87101498903652,-20.437164627964613,45.05091228048733,-9.283342958695492,1.189292213101682,0.8816439190512251,1.5269468493764884,1.255621063032431,2.077053005932632
LEU_48_A_N,LEU_48_C_HA,11137,11288,53.644,-20.188,44.232,54.067,-20.004,45.42,53.8555,-20.096,44.826,53.83684106326006,-19.98586762579688,45.05415288851788,-8.830742314739954,1.189292213101682,1.274413198299518,1.6207103210996012,1.3224142662286686,2.0790475116197276
TYR_44_A_O,LEU_48_C_HG,9624,11356,53.834,-19.431,44.199,54.024,-19.497,45.512,53.929,-19.464,44.8555,53.8026671374836,-19.534570623629143,45.05739349654844,-8.378141670784418,1.189292213101682,1.3283166038260628,1.7671215885272054,1.3759257416975288,2.0935449327982902
TYR_44_A_O,LEU_48_C_HG,9585,11357,53.479,-19.301,44.063,53.699,-19.189,45.737,53.589,-19.245,44.900000000000006,53.768493211707145,-19.08327362146141,45.06063410457899,-7.92554102682888,1.189292213101682,1.6921051976753685,1.3738972216348513,1.4386128126537807,2.0938328990536297
ASN_45_A_O,LEU_48_C_HG,10159,11373,53.166,-18.703,39.414,53.798,-18.792,45.649,53.482,-18.7475,42.5315,53.73431928593068,-18.631976619293678,45.06387471260954,-7.472940382873344,1.189292213101682,6.267580873032274,1.7181822759422667,1.975287326003789,2.1985080012497904
TYR_44_A_O,LEU_48_C_HG,9590,11375,53.764,-18.104,44.02,53.803,-18.269,45.827,53.7835,-18.1865,44.9235,53.700145360154224,-18.18067961712594,45.0671153206401,-7.020339738917807,1.189292213101682,1.8149366380124627,1.6401110534403025,1.5208548567148639,2.1562798658143003
TYR_44_A_O,LEU_48_C_CG,9594,11179,53.521,-17.927,43.759,53.657,-17.901,46.397,53.589,-17.914,45.078,53.66597143437777,-17.729382614958205,45.07035592867065,-6.56773909496227,1.189292213101682,2.6416313141693317,2.3126325551883817,1.6231188278594468,2.189978623555407
TYR_44_A_O,LEU_48_C_CG,9593,11178,53.665,-17.482,43.759,53.917,-17.318,46.709,53.791,-17.4,45.234,53.63179750860131,-17.27808561279047,45.0735965367012,-6.115138451006733,1.189292213101682,2.965282448604183,2.4164498342596827,1.647014465770555,2.2321635393611574
TYR_44_A_CD1,LEU_48_C_HD13,9669,11481,53.705,-16.806,43.996,53.662,-16.786,47.047,53.6835,-16.796,45.5215,53.597623582824845,-16.826788610622735,45.07683714473176,-5.662537807051196,1.189292213101682,3.051368545423507,2.4052151242736075,1.6762542741254212,2.27290037674143
TYR_44_A_CD1,LEU_48_C_HD13,9675,11501,53.693,-16.273,45.118,53.832,-16.56,46.938,53.7625,-16.4165,46.028000000000006,53.56344965704839,-16.375491608455,45.08007775276232,-5.209937163095658,1.189292213101682,1.847725628982832,2.4695334924108714,1.5021156480380586,2.2866551468216856
TYR_44_A_CE2,LEU_48_C_HD13,9809,11489,53.935,-15.773,47.613,53.921,-15.929,47.511,53.928,-15.851,47.562,53.52927573127193,-15.924194606287267,45.08331836079287,-4.757336519140122,1.189292213101682,0.1869117438792961,2.909192824827991,1.2361631731039948,2.353381312552417
TYR_44_A_CE2,LEU_48_C_HD13,9806,11495,53.941,-15.608,48.014,54.019,-15.568,48.121,53.98,-15.588,48.0675,53.49510180549547,-15.472897604119533,45.08655896882343,-4.304735875184585,1.189292213101682,0.1383220878963272,2.467446878491734,1.2294183833767216,2.3781319054815326
TYR_44_A_CE2,ASN_45_C_OD1,9800,10282,53.726,-15.082,48.375,53.889,-15.01,49.129,53.807500000000005,-15.046,48.752,53.46092787971901,-15.021600601951796,45.08979957685398,-3.852135231229047,1.189292213101682,0.7747702885371883,1.7613369277094764,1.2609038993491035,2.3857121384228748
TYR_44_A_CE2,ASN_45_C_OD1,9794,10332,53.834,-14.662,48.675,53.698,-14.695,48.899,53.766000000000005,-14.6785,48.787,53.42675395394255,-14.570303599784063,45.09304018488453,-3.3995345872735108,1.189292213101682,0.2641230773711422,2.339212498899653,1.2504157985450244,2.3960673526834313
ASN_45_A_HD22,TYR_44_C_OH,10399,9878,52.975,-12.85,43.196,52.952,-12.59,43.354,52.9635,-12.72,43.275,53.29005825083672,-12.765115591113124,45.10600261700675,-1.5891320114513636,1.189292213101682,0.3051114550455299,1.9158720861032472,1.0138706571755889,2.2299897974366214
ASN_45_A_HD22,LEU_30_C_CD2,10407,2638,52.985,-12.242,42.151,52.741,-12.106,42.109,52.863,-12.174,42.13,53.25588432506026,-12.313818588945388,45.1092432250373,-1.1365313674958255,1.189292213101682,0.2824818578245341,1.733894103400695,1.068598870643031,2.2250069250450717
TYR_44_A_HH,LEU_30_C_HD12,10109,2922,53.056,-11.901,44.815,53.099,-12.01,44.197,53.0775,-11.9555,44.506,53.2217103992838,-11.862521586777657,45.112483833067856,-0.6839307235402892,1.189292213101682,0.6290103337783838,1.7508522405417732,0.9583296512869243,2.2032387856908184
TYR_44_A_HH,LEU_30_C_HD12,10111,2923,53.093,-11.41,45.168,53.348,-11.506,44.436,53.2205,-11.458,44.802,53.187536473507336,-11.41122458460992,45.115724441098415,-0.2313300795847528,1.189292213101682,0.7810665784681845,1.6537062152365394,0.9387024496598025,2.185054069305766
TYR_44_A_HH,LEU_30_C_HD12,10076,2924,53.281,-11.123,45.508,53.112,-11.1,44.554,53.1965,-11.1115,45.031000000000006,53.15336254773088,-10.959927582442184,45.11896504912897,0.2212705643707853,1.189292213101682,0.9691264107432012,1.946901063602372,0.9617963614998731,2.194065811329335
TYR_44_A_HH,LEU_30_C_CD1,10071,2577,53.076,-10.492,45.934,53.256,-10.369,44.663,53.166,-10.4305,45.2985,53.11918862195442,-10.50863058027445,45.12220565715952,0.6738712083263216,1.189292213101682,1.2895619411257462,2.232940736178639,0.9775731597186261,2.2175480321386494
LEU_30_A_HB2,LEU_30_C_CD1,2745,2569,53.349,-10.117,45.934,53.088,-10.009,44.669,53.2185,-10.063,45.3015,53.08501469617797,-10.057333578106716,45.12544626519008,1.126471852281858,1.189292213101682,1.2961519972595803,2.3652595546144384,0.9724506197257995,2.2344910289032778
LEU_30_A_HB2,LEU_30_C_CD1,2746,2571,53.076,-9.742,45.934,52.886,-9.62,44.741,52.981,-9.681,45.3375,53.0508407704015,-9.60603657593898,45.12868687322063,1.579072496237396,1.189292213101682,1.214179970185637,2.4196479850552284,0.9724270953357778,2.249937367729108
LEU_30_A_HB2,LEU_30_C_CD1,2755,2572,53.076,-9.126,45.943,53.082,-9.29,44.76,53.079,-9.207999999999998,45.3515,53.01666684462504,-9.154739573771248,45.13192748125118,2.0316731401929324,1.189292213101682,1.1943286817287777,2.7374128492094854,0.9624535214173864,2.2754715964297825
LEU_30_A_HB2,LEU_30_C_HB2,2751,2779,52.852,-8.573,45.694,52.829,-8.875,44.87,52.8405,-8.724,45.282,52.982492918848585,-8.703442571603512,45.13516808928173,2.4842737841484688,1.189292213101682,0.8779003360291009,2.5552852795766365,0.9351150876014959,2.290312291155378
LEU_30_A_O,LEU_30_C_HB2,2511,2773,52.891,-8.049,45.531,52.739,-8.456,44.882,52.815,-8.2525,45.2065,52.94831899307213,-8.252145569435775,45.13840869731229,2.936874428104007,1.189292213101682,0.7809955185530846,2.39186825872176,0.9125873535847309,2.3080615974016627
LEU_30_A_O,LEU_30_C_HB2,2510,2772,52.918,-7.606,45.303,52.883,-8.011,44.882,52.9005,-7.808499999999999,45.0925,52.914145067295664,-7.800848567268042,45.141649305342845,3.3894750720595432,1.189292213101682,0.585227306266547,2.3712545780534917,0.8892824034780803,2.3243403752036507
LEU_30_A_O,LEU_30_C_H,2522,2721,52.895,-7.206,45.111,52.901,-7.293,45.38,52.898,-7.2495,45.2455,52.879971141519206,-7.349551565100307,45.1448899133734,3.84207571601508,1.189292213101682,0.2827826020108077,2.396983086090957,0.8728723239619721,2.3389076995554685
GLN_31_A_N,LEU_30_C_H,3052,2719,53.358,-6.972,49.147,52.996,-6.885,45.589,53.177,-6.9285,47.368,52.84579721574275,-6.898254562932571,45.14813052140396,4.294676359970618,1.189292213101682,3.5774260299830094,1.6657932191275069,1.2380804442171613,2.3177327620783807
LEU_30_A_O,LEU_30_C_H,2514,2716,52.826,-6.355,45.106,52.791,-6.53,45.661,52.8085,-6.442500000000001,45.3835,52.81162328996629,-6.446957560764837,45.15137112943451,4.747277003926154,1.189292213101682,0.5829879930152935,2.1619331345900723,0.9027086634451157,2.3580184927197303
LEU_30_A_O,LEU_30_C_H,2515,2692,52.789,-5.854,45.185,52.634,-5.948,45.709,52.7115,-5.901,45.447,52.77744936418983,-5.995660558597103,45.15461173746506,5.19987764788169,1.189292213101682,0.554470017223656,2.141648150207488,0.936063863765243,2.3772720847506985
LEU_30_A_O,THR_29_C_OG1,2492,2130,52.936,-5.417,45.554,52.946,-5.428,45.95,52.941,-5.422499999999999,45.752,52.74327543841337,-5.544363556429367,45.15785234549562,5.6524782918372285,1.189292213101682,0.3962789421606964,2.4724945106976643,0.9736606096110025,2.3755409924053836
THR_29_A_HG1,THR_29_C_O,2334,2090,52.609,-5.122,45.554,52.255,-4.979,40.653,52.432,-5.0505,43.1035,52.70910151263691,-5.0930665542616325,45.16109295352617,6.105078935792765,1.189292213101682,4.915848451691736,2.5559958611506515,1.39965572598818,2.402466366133897
THR_29_A_HG1,THR_29_C_OG1,2332,2174,52.708,-4.501,45.815,53.065,-4.785,46.8,52.8865,-4.643000000000001,46.3075,52.674927586860456,-4.641769552093899,45.16433356155672,6.557679579748301,1.189292213101682,1.0855090971521144,3.101150610697989,1.0819153554744414,2.405164437361025
GLN_31_A_HA,THR_29_C_OG1,3369,2156,52.962,-4.14,46.338,52.86,-4.154,47.226,52.911,-4.147,46.782,52.64075366108399,-4.190472549926163,45.16757416958728,7.010280223703839,1.189292213101682,0.8939485443804903,3.225978388772105,1.1550876579019407,2.4068490686728654
GLN_31_A_HA,THR_29_C_OG1,3366,2151,52.838,-3.807,46.599,52.738,-3.779,47.283,52.788,-3.793,46.941,52.606579735307534,-3.7391755477584296,45.17081477761784,7.462880867659376,1.189292213101682,0.6918381313573332,3.030220640278076,1.2013084113968657,2.4123843211960114
GLN_31_A_HA,THR_29_C_OG1,3379,2153,52.755,-3.437,46.849,52.86,-3.404,47.226,52.807500000000005,-3.4205,47.0375,52.57240580953108,-3.287878545590695,45.17405538564839,7.915481511614912,1.189292213101682,0.3927378260366592,3.6076610692135063,1.266703761534488,2.4091215493911986
GLN_31_A_HA,THR_29_C_OG1,3375,2169,52.672,-2.966,47.11,52.627,-2.727,46.8,52.6495,-2.8465,46.955,52.53823188375462,-2.8365815434229584,45.17729599367895,8.36808215557045,1.189292213101682,0.3940126901509659,2.59310665439493,1.3735376610739356,2.4021311824331653
THR_29_A_CG2,THR_29_C_OG1,2166,2139,52.521,-2.333,47.119,52.772,-2.523,46.538,52.6465,-2.428,46.8285,52.50405795797816,-2.385284541255225,45.1805366017095,8.820682799525986,1.189292213101682,0.6608040556776286,2.179806764374595,1.4548194596046733,2.3964256914574626
GLN_31_A_CD,THR_29_C_CB,3203,2120,52.711,-1.939,47.159,52.577,-1.934,45.913,52.644,-1.9365,46.536,52.4698840322017,-1.9339875390874903,45.18377720974005,9.273283443481525,1.189292213101682,1.2531947175120095,2.0224805933080474,1.5834526161160873,2.396214237103139
THR_29_A_HG22,THR_29_C_HG22,2388,2430,52.709,-1.623,47.157,52.521,-1.617,45.687,52.615,-1.62,46.422,52.43571010642524,-1.4826905369197558,45.18701781777061,9.72588408743706,1.189292213101682,1.4819851551213317,1.8791743299035144,1.6740108916393657,2.4117969931116208
GLN_31_A_HE22,THR_29_C_HG22,3550,2443,52.812,-1.008,47.895,52.444,-0.998,45.353,52.628,-1.003,46.624,52.40153618064878,-1.0313935347520211,45.19025842580116,10.178484731392595,1.189292213101682,2.5685186392159984,2.4278515770413,1.9387606563251931,2.4579820739526865
GLN_31_A_HE22,THR_29_C_HG22,3547,2415,52.753,-0.778,48.23,52.523,-0.655,44.987,52.638000000000005,-0.7165,46.6085,52.36736225487232,-0.5800965325842847,45.19349903383171,10.631085375348135,1.189292213101682,3.253471684216718,2.6309193647576703,2.08769334148799,2.4945981877620005
GLN_31_A_HE22,THR_29_C_HG22,3566,2419,52.676,-0.083,48.605,52.281,-0.233,44.861,52.4785,-0.158,46.733,52.33318832909586,-0.1287995304165499,45.19673964186227,11.083686019303672,1.189292213101682,3.767766049000389,2.948292773724543,2.2595322057621297,2.5582938105468394
GLN_31_A_HE22,THR_29_C_HG22,3596,2417,52.686,0.551,48.778,52.084,0.21,44.635,52.385000000000005,0.3805,46.7065,52.29901440331941,0.3224974717511829,45.199980249892825,11.536286663259208,1.189292213101682,4.200373078668132,2.502320469850837,2.404778694926913,2.6174889732252224
GLN_31_A_HE22,GLU_26_C_OE2,3590,390,52.786,0.936,49.17,52.335,0.964,44.843,52.560500000000005,0.95,47.0065,52.26484047754295,0.7737944739189194,45.20322085792338,11.988887307214746,1.189292213101682,4.3505303125021415,2.6095437351656634,2.5615864756527613,2.661247140295788
GLN_54_A_HE21,GLN_54_C_HB2,14172,14028,55.203,-33.018,43.789,55.544,-32.841,46.93,55.3735,-32.929500000000004,45.3595,55.271797583873685,-33.03954496216537,44.91547596125338,-21.956160989450524,1.6367384353298284,3.164410055602779,3.4270883654243494,2.390891175549639,3.610643331590926
GLN_54_A_HE21,GLN_54_C_HG3,14166,14120,55.295,-32.422,44.108,55.236,-32.524,45.959,55.2655,-32.473,45.0335,55.23762365809723,-32.58824795999764,44.91871656928393,-21.50356034549499,1.6367384353298284,1.854746883000488,3.4388399267756573,2.1857743529303124,3.58872746937162
GLN_54_A_HE21,GLN_54_C_HG3,14159,14126,54.965,-32.205,44.317,55.325,-32.213,45.64,55.145,-32.209,44.9785,55.20344973232077,-32.1369509578299,44.92195717731448,-21.05095970153945,1.6367384353298284,1.3711283674404815,3.328652685370091,2.0875137112651907,3.5643050422041447
GLN_54_A_HE21,GLN_54_C_HG3,14168,14130,55.06,-31.622,44.108,55.21,-31.866,45.431,55.135000000000005,-31.744,44.7695,55.16927580654431,-31.685653955662165,44.92519778534504,-20.598359057583917,1.6367384353298284,1.3536487727619748,3.579848001071047,2.0000665735008933,3.542613159754996
GLN_54_A_HE21,GLN_54_C_HG3,14142,14132,54.902,-31.463,44.1,55.21,-31.156,45.431,55.056,-31.3095,44.7655,55.13510188076785,-31.23435695349443,44.92843839337559,-20.14575841362838,1.6367384353298284,1.4002406935952083,3.4644849513336613,1.9189013800907435,3.5115541415257616
GLN_54_A_HE21,GLN_54_C_CG,14140,13868,54.787,-30.769,44.014,55.071,-30.769,45.579,54.929,-30.769,44.7965,55.10092795499139,-30.783059951326692,44.93167900140615,-19.693157769672844,1.6367384353298284,1.5905599642893042,4.117982448614353,1.8290001890581018,3.46732915389705
LEU_50_A_HD23,GLN_54_C_CG,12399,13872,54.879,-30.339,44.014,54.919,-30.28,45.712,54.899,-30.3095,44.863,55.06675402921493,-30.33176294915896,44.934919609436704,-19.240557125717302,1.6367384353298284,1.6994955133803682,4.369118811273984,1.7586738769546382,3.4159189310265696
LEU_50_A_HD23,GLN_54_C_CG,12405,13871,54.889,-29.745,44.642,55.243,-30.028,45.821,55.066,-29.8865,45.2315,55.03258010343847,-29.880465946991222,44.93816021746726,-18.787956481761768,1.6367384353298284,1.2631096547806078,3.847348668112857,1.62682778939761,3.343715855311787
LEU_50_A_HD12,GLN_54_C_HG2,12298,14090,55.054,-29.339,44.989,55.047,-29.331,45.884,55.0505,-29.335,45.4365,54.99840617766201,-29.42916894482349,44.94140082549781,-18.335355837806237,1.6367384353298284,0.895063126265408,3.854828955508232,1.5029379029145975,3.253399807064433
LEU_50_A_HD12,LEU_50_C_CD2,12297,12100,55.216,-28.919,45.319,54.977,-28.852,45.776,55.0965,-28.8855,45.5475,54.96423225188556,-28.97787194265576,44.94464143352837,-17.88275519385069,1.6367384353298284,0.5200567276749747,3.360541712194657,1.394323344459824,3.160351599671649
LEU_50_A_HD12,LEU_50_C_HD21,12274,12370,55.126,-28.549,45.457,54.822,-28.35,45.437,54.974,-28.4495,45.447,54.9300583261091,-28.526574940488025,44.94788204155892,-17.430154549895157,1.6367384353298284,0.3638914673360675,2.86161806159035,1.2975614008366418,3.0551661499585303
LEU_50_A_CD1,ALA_53_C_CB,12037,13557,54.733,-28.085,45.535,55.809,-27.96,53.384,55.271,-28.0225,49.4595,54.89588440033264,-28.075277938320287,44.95112264958947,-16.977553905939622,1.6367384353298284,7.923395862886068,2.494219875944238,2.0698217837383837,2.9059910023964663
LEU_50_A_CD1,LEU_50_C_HD21,12045,12365,54.984,-27.681,45.809,55.003,-27.837,45.415,54.9935,-27.759,45.612,54.861710474556176,-27.623980936152552,44.95436325762003,-16.52495326198408,1.6367384353298284,0.4241851011056355,2.57785794870444,1.201332173088808,2.9203028282225003
LEU_50_A_CD1,ALA_53_C_HB3,12029,13676,55.101,-27.128,45.93,55.898,-27.272,53.389,55.4995,-27.2,49.6595,54.82753654877972,-27.172683933984818,44.95760386565058,-16.072352618028546,1.6367384353298284,7.502841195174002,2.38072616992557,1.969338534378694,2.799289049289928
LEU_50_A_HD11,LEU_50_C_HD21,12264,12359,54.892,-26.558,45.986,54.801,-26.721,45.39,54.846500000000006,-26.6395,45.688,54.79336262300326,-26.721386931817083,44.960844473681135,-15.619751974073008,1.6367384353298284,0.6245526398951462,2.1301855441700246,1.10788686059016,2.699441855851872
LEU_50_A_HD11,LEU_50_C_HD21,12270,12353,54.653,-26.141,45.777,54.693,-26.143,45.555,54.673,-26.142,45.666,54.7591886972268,-26.270089929649348,44.964085081711694,-15.167151330117472,1.6367384353298284,0.2255836873534975,2.1245497760791614,1.0900852127011034,2.6044619423785194
LEU_50_A_HD11,LYS_51_C_HB2,12273,12618,54.654,-25.745,45.458,54.837,-25.698,45.555,54.74550000000001,-25.7215,45.5065,54.72501477145034,-25.818792927481613,44.967325689742246,-14.714550686161935,1.6367384353298284,0.2123840860328293,2.040068652250488,1.0848468055929816,2.544833815205824
LEU_50_A_HD11,LYS_51_C_HB2,12251,12619,54.843,-25.488,45.245,54.693,-25.253,45.555,54.768,-25.3705,45.4,54.69084084567388,-25.36749592531388,44.9705662977728,-14.261950042206395,1.6367384353298284,0.4169232543286628,2.336036902874441,1.0838970000418355,2.4977593267199754
LEU_50_A_HD11,LYS_51_C_HB2,12253,12636,54.576,-24.984,44.772,54.901,-24.952,45.231,54.7385,-24.968000000000004,45.0015,54.65666691989743,-24.916198923146144,44.97380690580336,-13.80934939825086,1.6367384353298284,0.5633205126746271,2.1237310664851567,1.0784423384980244,2.4420759148916336
ALA_47_A_O,LYS_51_C_HB2,10914,12612,54.528,-24.618,44.643,54.708,-24.443,45.404,54.618,-24.5305,45.0235,54.62249299412097,-24.46490192097841,44.97704751383391,-13.356748754295324,1.6367384353298284,0.8013401275363684,2.101981691744909,1.0997478277390025,2.375852736189082
ALA_47_A_O,LYS_51_C_HB2,10913,12638,54.705,-23.877,44.618,54.807,-24.152,45.219,54.756,-24.0145,44.9185,54.5883190683445,-24.013604918810675,44.98028812186446,-12.904148110339786,1.6367384353298284,0.66875257008852,1.8914951503029036,1.0929428689383445,2.3254660366384368
ALA_47_A_O,LYS_51_C_HB2,10909,12613,54.593,-23.532,44.783,54.614,-23.476,45.648,54.6035,-23.504,45.215500000000006,54.554145142568046,-23.56230791664294,44.98352872989502,-12.45154746638425,1.6367384353298284,0.8670651647944365,1.9005843894074688,1.1174456914902817,2.25496169961822
ALA_47_A_O,LYS_51_C_HB2,10917,12614,54.478,-23.142,45.041,54.759,-23.031,45.648,54.6185,-23.0865,45.3445,54.51997121679159,-23.111010914475205,44.98676933792557,-11.998946822428714,1.6367384353298284,0.6780346598810472,1.4630454040658762,1.1366469933430083,2.225623718985866
ALA_47_A_HB2,LEU_48_C_HA,11073,11273,54.615,-22.719,45.278,54.614,-22.586,45.648,54.6145,-22.6525,45.463,54.48579729101513,-22.65971391230747,44.990009945956125,-11.546346178473176,1.6367384353298284,0.3931793483895155,1.6912753413166934,1.133857541040617,2.19268268563181
ALA_47_A_HB2,LEU_48_C_HA,11070,11284,54.443,-22.1,45.341,54.498,-22.158,45.504,54.4705,-22.129,45.4225,54.45162336523867,-22.208416910139736,44.99325055398669,-11.09374553451764,1.6367384353298284,0.1815433832448841,1.5161166693471668,1.1531875661361228,2.1533906291298734
ALA_47_A_HB2,LEU_48_C_HA,11071,11283,54.487,-21.616,45.254,54.513,-21.733,45.398,54.5,-21.6745,45.326,54.41744943946221,-21.757119907972,44.99649116201724,-10.641144890562105,1.6367384353298284,0.1873526087355113,1.3927868025690298,1.1689846107579493,2.1377788994820537
ALA_47_A_HB2,LEU_48_C_HA,11062,11305,54.353,-21.518,45.128,54.265,-21.147,45.128,54.309,-21.3325,45.128,54.38327551368575,-21.305822905804263,44.99973177004779,-10.188544246606565,1.6367384353298284,0.3812938499372915,1.4589806241385057,1.1775412525350262,2.1103169905578385
LEU_48_A_N,LEU_48_C_HA,11139,11291,54.406,-20.277,44.405,54.52,-20.604,45.377,54.463,-20.4405,44.891000000000005,54.31492766213283,-20.4032289014688,45.0062129861089,-9.283342958695492,1.6367384353298284,1.03184737243451,1.753872201257006,1.2562092779055978,2.1170003396228267
LEU_48_A_N,LEU_48_C_HA,11140,11289,54.113,-20.064,44.239,54.444,-20.169,45.393,54.2785,-20.1165,44.816,54.28075373635637,-19.951931899301066,45.00945359413945,-8.830742314739954,1.6367384353298284,1.2051149322782495,1.6191543632661538,1.3045660629882205,2.1029553103757355
TYR_44_A_O,LEU_48_C_HG,9586,11369,54.379,-19.367,44.397,54.334,-19.305,45.291,54.3565,-19.336,44.844,54.24657981057992,-19.500634897133327,45.01269420217001,-8.378141670784418,1.6367384353298284,0.897276434550689,1.6577067541482655,1.3234251074950822,2.114953341847835
TYR_44_A_O,LEU_48_C_HG,9622,11388,54.293,-18.983,44.525,54.192,-18.874,45.227,54.2425,-18.9285,44.876,54.21240588480346,-19.049337894965596,45.01593481020056,-7.92554102682888,1.6367384353298284,0.7175555727607428,1.784749983291272,1.3407284482239104,2.121467267763129
TYR_44_A_O,LEU_48_C_HG,9629,11387,54.269,-18.552,44.68,54.192,-18.44,45.227,54.2305,-18.496,44.9535,54.178231959027,-18.598040892797854,45.01917541823112,-7.472940382873344,1.6367384353298284,0.5636328592266389,1.6503942571585402,1.3456745853123195,2.1366861843381937
TYR_44_A_O,LEU_48_C_HG,9628,11381,54.269,-18.112,44.68,53.996,-18.206,45.546,54.1325,-18.159,45.113,54.14405803325054,-18.146743890630123,45.02241602626167,-7.020339738917807,1.6367384353298284,0.912864173905405,1.3753176793090856,1.3782316394093301,2.153577073502147
TYR_44_A_O,LEU_48_C_HG,9616,11380,54.252,-17.757,44.539,54.284,-17.844,45.546,54.268,-17.8005,45.0425,54.10988410747408,-17.69544688846239,45.02565663429223,-6.56773909496227,1.6367384353298284,1.0112576328512906,1.4280051457416436,1.3985450731219191,2.180564221417167
TYR_44_A_O,LEU_48_C_HG,9589,11361,54.096,-17.022,44.355,54.253,-17.347,46.397,54.1745,-17.1845,45.376,54.07571018169762,-17.244149886294654,45.02889724232278,-6.115138451006733,1.6367384353298284,2.073653297926153,1.8917429278735145,1.4977321007044782,2.240402048420022
TYR_44_A_CD1,LEU_48_C_HD13,9673,11492,54.202,-16.697,45.074,54.014,-16.961,46.762,54.108,-16.829,45.918,54.04153625592116,-16.79285288412692,45.03213785035334,-5.662537807051196,1.6367384353298284,1.7188321616725717,2.505165851861414,1.454996195372371,2.270337874899939
TYR_44_A_CE2,LEU_48_C_HD13,9807,11493,54.355,-15.822,48.014,54.477,-15.697,48.016,54.416,-15.7595,48.015,53.97318840436824,-15.890258879791451,45.03861906641444,-4.757336519140122,1.6367384353298284,0.1746797068923575,2.616958393285367,1.180971926859197,2.3985842609220787
TYR_44_A_CE2,LEU_48_C_CD1,9796,11203,54.475,-15.303,48.675,54.339,-15.615,48.84,54.407,-15.459,48.7575,53.93901447859179,-15.438961877623717,45.041859674445,-4.304735875184585,1.6367384353298284,0.3782393422160133,2.0644367476966865,1.2701161906267349,2.424320555128275
ILE_41_A_CG2,LEU_30_C_HD12,8267,2930,53.79,-11.796,44.385,53.776,-11.824,44.036,53.783,-11.81,44.2105,53.665623072380114,-11.82858586028184,45.06778453868943,-0.6839307235402892,1.6367384353298284,0.3504011986280834,1.862981703168229,0.9312900260549503,2.199581275449871
ILE_41_A_HG22,LEU_30_C_HD12,8384,2927,53.745,-11.238,44.95,53.75,-11.166,44.564,53.7475,-11.202,44.757000000000005,53.63144914660365,-11.377288858114104,45.07102514671999,-0.2313300795847528,1.6367384353298284,0.3926894447270032,1.860488325585328,0.924386159062659,2.191621091722878
TYR_44_A_HH,LEU_30_C_CD1,10074,2575,53.567,-10.562,45.769,53.739,-10.289,44.803,53.653,-10.4255,45.286,53.563101295050735,-10.474694853778637,45.07750636278109,0.6738712083263216,1.6367384353298284,1.0184640396204476,2.220809832318081,0.9467111706277807,2.2253199360405853
ILE_41_A_HG22,LEU_30_C_CD1,8346,2574,53.629,-10.078,45.777,53.527,-9.923,44.803,53.578,-10.0005,45.29,53.52892736927428,-10.0233978516109,45.08074697081165,1.126471852281858,1.6367384353298284,0.9915165152431936,2.431015023263301,0.9447009285762948,2.2422083100930084
LEU_30_A_HB2,LEU_30_C_CD1,2757,2570,53.517,-9.733,45.943,53.328,-9.659,44.752,53.4225,-9.696000000000002,45.3475,53.49475344349781,-9.572100849443164,45.083987578842205,1.579072496237396,1.6367384353298284,1.2081713454638745,2.563745018813717,0.959061715898823,2.257905523060013
LEU_30_A_HB2,LEU_30_C_CD2,2754,2673,53.517,-8.983,45.943,52.804,-9.217,39.595,53.1605,-9.1,42.769,53.46057951772136,-9.12080384727543,45.08722818687276,2.0316731401929324,1.6367384353298284,6.392200638277869,3.487208157410248,1.3782381063873785,2.3444573801217263
LEU_30_A_HB2,LEU_30_C_HD11,2759,2900,53.629,-8.638,45.777,53.276,-8.797,44.72,53.4525,-8.717500000000001,45.2485,53.4264055919449,-8.669506845107696,45.09046879490331,2.4842737841484688,1.6367384353298284,1.1256726877738488,3.2778557711580687,0.9285244781966046,2.304472276597546
LEU_30_A_HB2,LEU_30_C_H,2750,2691,53.293,-8.429,45.694,53.374,-8.081,44.716,53.3335,-8.254999999999999,45.205,53.39223166616844,-8.21820984293996,45.09370940293387,2.936874428104007,1.6367384353298284,1.0412247595980435,2.626263481609988,0.9068391026592406,2.314745234535024
LEU_30_A_O,LEU_30_C_H,2509,2690,53.429,-7.536,45.088,53.262,-7.736,44.882,53.3455,-7.635999999999999,44.985,53.35805774039198,-7.766912840772226,45.09695001096442,3.3894750720595432,1.6367384353298284,0.3321520736048503,2.5651125129299417,0.8740946797100998,2.3264337787021367
LEU_30_A_O,LEU_30_C_H,2508,2701,53.382,-7.135,44.913,53.364,-7.425,45.072,53.373,-7.279999999999999,44.9925,53.32388381461552,-7.315615838604492,45.10019061899497,3.84207571601508,1.6367384353298284,0.3312174512310635,2.3607166186403705,0.8571373308869764,2.3317778571942065
LEU_30_A_O,LEU_30_C_H,2507,2723,53.455,-6.705,44.86,53.531,-6.747,45.38,53.493,-6.726,45.120000000000005,53.28970988883906,-6.864318836436756,45.10343122702553,4.294676359970618,1.6367384353298284,0.5272001517450495,2.1380162574839034,0.8764497781588706,2.3351249901948887
GLN_31_A_N,LEU_30_C_H,3050,2717,53.714,-6.627,49.313,53.201,-6.53,45.589,53.4575,-6.5785,47.451,53.255535963062606,-6.4130218342690215,45.10667183505608,4.747277003926154,1.6367384353298284,3.760419391504095,1.893002640426933,1.2636320937804735,2.307708194133169
LEU_30_A_O,LEU_30_C_H,2512,2706,53.265,-5.744,45.323,53.123,-5.764,45.683,53.194,-5.754,45.503,53.22136203728614,-5.961724832101288,45.10991244308664,5.19987764788169,1.6367384353298284,0.3875099998709717,2.1324375621965426,0.9365373613416912,2.353568168676498
LEU_30_A_O,THR_29_C_O,2493,2085,53.354,-5.553,45.554,52.604,-5.497,40.642,52.979,-5.525,43.098,53.18718811150968,-5.510427829933552,45.1131530511172,5.6524782918372285,1.6367384353298284,4.969243403175175,2.085426030578525,1.331605658946124,2.3634628609909143
LEU_30_A_O,THR_29_C_OG1,2490,2127,53.231,-5.22,45.815,53.397,-5.202,45.95,53.314,-5.211,45.8825,53.15301418573323,-5.059130827765817,45.11639365914775,6.105078935792765,1.6367384353298284,0.21472074888096,2.273639716864521,0.9941345016750652,2.3547139474332908
GLN_31_A_HA,THR_29_C_OG1,3385,2175,53.146,-4.732,45.98,53.446,-4.565,46.8,53.296,-4.6485,46.39,53.11884025995677,-4.607833825598084,45.1196342671783,6.557679579748301,1.6367384353298284,0.8889820020675326,3.0043096621819583,1.0720225191741442,2.3766971316468255
GLN_31_A_HA,THR_29_C_OG1,3370,2161,53.399,-4.094,46.338,53.35,-4.224,47.061,53.3745,-4.159000000000001,46.6995,53.08466633418031,-4.156536823430348,45.12287487520886,7.010280223703839,1.6367384353298284,0.7362268672087419,3.096719069124641,1.128680160205529,2.3702583069008387
GLN_31_A_HA,THR_29_C_OG1,3380,2152,53.173,-3.573,46.849,53.132,-3.779,47.226,53.1525,-3.676,47.0375,53.05049240840385,-3.705239821262614,45.12611548323941,7.462880867659376,1.6367384353298284,0.431562278240351,3.553748242392788,1.2225056224681612,2.3846424470974537
GLN_31_A_HA,THR_29_C_OG1,3376,2164,53.05,-3.241,47.11,52.972,-3.059,47.061,53.011,-3.1500000000000004,47.0855,53.01631848262739,-3.25394281909488,45.12935609126996,7.915481511614912,1.6367384353298284,0.2039828424157269,2.621218488674841,1.3146770722476349,2.3819154596519
GLN_31_A_HA,THR_29_C_OG1,3374,2168,53.406,-2.896,47.276,53.065,-2.773,46.8,53.2355,-2.8345,47.038,52.98214455685093,-2.802645816927143,45.13259669930052,8.36808215557045,1.6367384353298284,0.598319312741956,2.3811102043550982,1.3621832714282882,2.3571163234990515
GLN_31_A_HA,THR_29_C_CB,3372,2118,53.284,-2.521,47.332,53.119,-2.389,46.431,53.2015,-2.455,46.8815,52.94797063107447,-2.35134881475941,45.13583730733107,8.820682799525986,1.6367384353298284,0.9254458385016412,2.279985710784417,1.4480286320589357,2.357335685772547
GLN_31_A_CD,THR_29_C_CB,3202,2121,53.046,-1.712,47.202,52.9,-1.687,45.771,52.973,-1.6995,46.4865,52.91379670529801,-1.9000518125916752,45.139077915361625,9.273283443481525,1.6367384353298284,1.4386458911073263,1.952161299295312,1.6470397971599755,2.392722677988985
GLN_31_A_CD,THR_29_C_HG22,3169,2431,53.028,-1.391,47.214,52.798,-1.415,45.504,52.913,-1.403,46.359,52.879622779521554,-1.4487548104239405,45.14231852339218,9.72588408743706,1.6367384353298284,1.725565414581551,1.8585799319159615,1.739546196451025,2.414194849087134
GLN_31_A_HE21,THR_29_C_CG2,3535,2213,53.279,-0.791,50.939,52.689,-1.01,45.225,52.984,-0.9005000000000001,48.082,52.8454488537451,-0.9974578082562058,45.145559131422736,10.178484731392595,1.6367384353298284,5.748552600437782,2.478478810873749,2.095445039129912,2.4903538236226512
GLN_31_A_HE22,THR_29_C_CG2,3551,2196,53.127,-0.662,47.895,52.822,-0.399,44.675,52.974500000000006,-0.5305,46.285,52.81127492796863,-0.5461608060884693,45.14879973945329,10.631085375348135,1.6367384353298284,3.245087672159265,2.926838406288596,2.1347822198622586,2.51763852953182
GLN_31_A_HE22,THR_29_C_HG22,3558,2416,53.031,-0.072,48.304,52.618,-0.314,44.727,52.8245,-0.193,46.5155,52.777101002192175,-0.0948638039207345,45.15204034748385,11.083686019303672,1.6367384353298284,3.6088865318821033,2.569414118202407,2.234975764978081,2.5519765158218686
GLN_31_A_HE22,GLU_26_C_OE2,3557,385,53.277,0.296,48.205,52.424,0.555,43.779,52.8505,0.4255,45.992,52.74292707641572,0.3564331982469984,45.1552809555144,11.536286663259208,1.6367384353298284,4.514882722729347,3.482481748798228,2.4535951959663573,2.6433338335260776
GLN_31_A_HE22,GLU_26_C_OE2,3598,384,53.117,0.683,48.459,52.649,0.965,43.638,52.883,0.8240000000000001,46.0485,52.70875315063926,0.8077302004147349,45.15852156354495,11.988887307214746,1.6367384353298284,4.851864486978181,4.080770383037397,2.583855286370878,2.6852702771626262
GLN_31_A_HE22,GLU_26_C_OE2,3589,408,53.17,1.192,49.17,52.754,1.389,45.282,52.962,1.2905,47.226,52.6745792248628,1.2590272025824696,45.16176217157551,12.441487951170284,1.6367384353298284,3.915151210362129,2.701834653173649,2.6073259002961335,2.669371662679983
GLN_54_A_HE21,GLN_54_C_HB2,14177,14026,55.391,-33.041,43.397,55.955,-33.05,47.013,55.673,-33.0455,45.205,55.71571025696999,-33.00560923566955,44.87077666687495,-21.956160989450524,2.0841846575579748,3.659731274287772,3.390400100825277,2.4691623247185555,3.6225935367362143
GLN_54_A_HE21,GLN_54_C_HG3,14173,14109,55.491,-32.656,43.789,55.652,-32.531,46.3,55.5715,-32.5935,45.0445,55.681536331193534,-32.55431223350182,44.8740172749055,-21.50356034549499,2.0841846575579748,2.519259216515835,3.489386172283369,2.3036684483750745,3.602926338156088
GLN_54_A_HE21,GLN_54_C_HG3,14169,14127,55.594,-32.205,43.789,55.654,-31.928,45.64,55.624,-32.0665,44.7145,55.64736240541708,-32.10301523133408,44.87725788293605,-21.05095970153945,2.0841846575579748,1.8725730960365727,3.570826278595728,2.140732674250678,3.574893457201215
GLN_54_A_NE2,GLN_54_C_HG3,13954,14123,55.39,-31.463,43.737,55.776,-31.511,45.64,55.583,-31.487,44.688500000000005,55.61318847964061,-31.651718229166352,44.88049849096661,-20.598359057583917,2.0841846575579748,1.9423462616124851,3.902192411014945,2.038319676710731,3.5538487734249022
GLN_54_A_NE2,GLN_54_C_CG,13959,13870,55.614,-31.123,43.421,55.876,-31.228,45.738,55.745,-31.1755,44.5795,55.57901455386416,-31.200421226998618,44.88373909899716,-20.14575841362838,2.0841846575579748,2.334128959590708,3.9432217717851255,2.049754639210836,3.5458999862687834
GLN_54_A_NE2,GLN_54_C_CG,13946,13869,55.248,-30.955,43.667,55.525,-30.926,45.609,55.3865,-30.9405,44.638000000000005,55.5448406280877,-30.749124224830883,44.88697970702771,-19.693157769672844,2.0841846575579748,1.9618700262759512,4.059075689392395,1.9366974088031488,3.511296908346452
GLN_54_A_NE2,GLN_54_C_CG,13944,13879,55.34,-30.17,43.761,55.672,-30.343,45.781,55.506,-30.256500000000003,44.771,55.51066670231124,-30.297827222663148,44.89022031505827,-19.240557125717302,2.0841846575579748,2.054398452102216,4.406571589856042,1.818401198331158,3.448506854637437
LEU_50_A_HD12,GLN_54_C_HG2,12294,14098,55.565,-29.83,43.875,55.679,-29.881,46.0,55.622,-29.8555,44.9375,55.476492776534776,-29.846530220495413,44.89346092308882,-18.787956481761768,2.0841846575579748,2.128666718864182,4.504685526302756,1.7615331316925251,3.4060529636999948
LEU_50_A_HD12,GLN_54_C_HG2,12296,14099,55.415,-29.19,45.134,55.523,-29.393,46.106,55.469,-29.2915,45.620000000000005,55.44231885075832,-29.39523321832768,44.896701531119376,-18.335355837806237,2.0841846575579748,0.998827812988807,3.654177401640426,1.519112416467462,3.272786363123653
LEU_50_A_HD12,GLN_54_C_HG2,12302,14087,55.554,-28.897,45.487,55.608,-29.128,46.258,55.581,-29.0125,45.8725,55.40814492498186,-28.943936216159944,44.899942139149935,-17.88275519385069,2.0841846575579748,0.8066709366278182,3.738088862271251,1.4646476036065983,3.228878884057922
LEU_50_A_HD12,GLN_54_C_HG2,12300,14086,55.669,-28.55,45.696,55.463,-28.683,46.258,55.566,-28.6165,45.977,55.373970999205405,-28.49263921399221,44.90318274718049,-17.430154549895157,2.0841846575579748,0.6131631104363694,3.616266666873703,1.3829423550922848,3.154074230426847
LEU_50_A_CD1,LEU_50_C_HD21,12046,12356,55.336,-27.985,45.809,55.281,-27.952,45.838,55.3085,-27.9685,45.8235,55.33979707342895,-28.041342211824475,44.90642335521104,-16.977553905939622,2.0841846575579748,0.0703917608815123,2.895906309982736,1.2464824924236715,2.9951829405339208
LEU_50_A_CD1,LEU_50_C_HD21,12043,12355,55.467,-27.601,45.949,55.608,-27.658,45.838,55.5375,-27.6295,45.8935,55.30562314765248,-27.59004520965674,44.9096639632416,-16.52495326198408,2.0841846575579748,0.188284359414156,2.556803140120932,1.2004270920094866,2.9482771229999774
LEU_50_A_CD1,LYS_51_C_HA,12030,12603,55.497,-26.982,45.996,55.543,-27.307,45.507,55.52,-27.1445,45.7515,55.271449221876026,-27.138748207489005,44.91290457127215,-16.072352618028546,2.0841846575579748,0.5889499129807251,2.2282786556201697,1.1403013732791067,2.842430125231273
LEU_50_A_HD11,LEU_50_C_HD21,12260,12358,55.302,-26.558,46.058,55.12,-26.489,45.447,55.211,-26.5235,45.7525,55.23727529609957,-26.68745120532127,44.9161451793027,-15.619751974073008,2.0841846575579748,0.6412534600296493,2.1578893664071197,1.098957741758689,2.704793164376762
LEU_50_A_HD11,LYS_51_C_HB2,12263,12624,55.097,-26.203,45.986,55.242,-26.114,45.39,55.1695,-26.1585,45.688,55.203101370323104,-26.236154203153536,44.91938578733326,-15.167151330117472,2.0841846575579748,0.6198080347978674,1.923542349305837,1.1002906744212366,2.639193822771539
LEU_50_A_HD11,LYS_51_C_HB2,12268,12626,55.412,-25.795,45.777,55.354,-25.769,45.225,55.383,-25.782,45.501000000000005,55.16892744454665,-25.7848572009858,44.92262639536381,-14.714550686161935,2.0841846575579748,0.555647370190843,2.0199543446921573,1.0836318344301132,2.6003250483862104
LEU_50_A_HD11,LYS_51_C_HB2,12239,12621,54.937,-25.304,45.044,55.047,-25.268,45.294,54.992,-25.286,45.169,55.13475351877019,-25.333560198818063,44.925867003394366,-14.261950042206395,2.0841846575579748,0.2754922866433826,2.08650436128972,1.0752081191998115,2.4992704765340825
LEU_50_A_HD11,LYS_51_C_HB2,12241,12622,55.06,-24.972,44.783,55.163,-25.028,44.958,55.1115,-25.0,44.8705,55.10057959299373,-24.88226319665033,44.929107611424925,-13.80934939825086,2.0841846575579748,0.2106418761784977,1.901848213662308,1.082873507783242,2.4733274582739346
LEU_50_A_HD11,LYS_51_C_HB2,12243,12640,55.146,-24.484,44.618,55.158,-24.321,44.396,55.152,-24.402500000000003,44.507000000000005,55.06640566721728,-24.4309661944826,44.93234821945548,-13.356748754295324,2.0841846575579748,0.275675533916234,2.227814343479994,1.1016978866646225,2.4173903754569386
ALA_47_A_O,LYS_51_C_HB2,10912,12637,55.146,-24.02,44.618,55.014,-24.028,44.859,55.08,-24.024,44.7385,55.03223174144081,-23.979669192314866,44.93558882748603,-12.904148110339786,2.0841846575579748,0.2748981629622127,1.7155046296510383,1.0967490024069921,2.3586626511624234
ALA_47_A_HB2,LYS_51_C_HB2,11061,12617,55.06,-23.532,44.783,55.085,-23.701,45.052,55.072500000000005,-23.6165,44.9175,54.99805781566435,-23.528372190147127,44.93882943551659,-12.45154746638425,2.0841846575579748,0.3186644002708793,1.5183701577861213,1.118966530105881,2.3226871191802387
ALA_47_A_HB2,LYS_51_C_HB2,11072,12615,55.047,-22.848,45.518,55.06,-23.031,45.387,55.0535,-22.9395,45.4525,54.963883889887896,-23.077075187979396,44.94207004354714,-11.998946822428714,2.0841846575579748,0.2254306988854892,1.56522107765226,1.1418659809573224,2.2717099669178635
ALA_47_A_HB2,LEU_48_C_HA,11088,11281,54.945,-22.463,45.767,55.159,-22.522,45.51,55.052,-22.4925,45.6385,54.92970996411144,-22.625778185811654,44.94531065157769,-11.546346178473176,2.0841846575579748,0.3395968197730976,1.864589885453068,1.1483107609388972,2.2554907348044346
ALA_47_A_HB2,GLU_49_C_HG2,11081,11940,55.11,-22.012,46.086,55.834,-21.931,52.346,55.472,-21.9715,49.216,54.895536038334974,-22.174481183643923,44.94855125960825,-11.09374553451764,2.0841846575579748,6.302248566979882,2.101603146738792,1.7971299031770187,2.2547813346150494
ALA_47_A_HB2,LEU_48_C_HA,11069,11282,54.738,-21.831,45.587,54.851,-21.925,45.553,54.7945,-21.878,45.57,54.86136211255852,-21.72318418147619,44.9517918676388,-10.641144890562105,2.0841846575579748,0.1508674915281636,1.6017299625270405,1.15415088299302,2.1907048126236477
ALA_47_A_CB,LEU_48_C_HA,10987,11292,54.923,-21.054,45.501,54.81,-21.152,45.468,54.8665,-21.103,45.4845,54.82718818678206,-21.27188717930845,44.95503247566936,-10.188544246606565,2.0841846575579748,0.1531731046887801,1.715872202980541,1.184202082210972,2.176450225856136
ALA_47_A_CB,LEU_48_C_HA,10961,11287,54.701,-21.042,45.206,54.732,-20.936,45.427,54.7165,-20.989,45.316500000000005,54.7930142610056,-20.82059017714072,44.95827308369992,-9.735943602651028,2.0841846575579748,0.2470586974789569,1.887185843548226,1.1889603029866216,2.151007475700758
ALA_47_A_CB,LEU_48_C_HD23,10932,11575,54.65,-20.454,44.665,55.143,-20.303,49.537,54.8965,-20.378500000000003,47.101,54.75884033522914,-20.369293174972984,44.96151369173047,-9.283342958695492,2.0841846575579748,4.899207486930922,2.6713559519233923,1.6169803860260206,2.2137781243962107
TYR_44_A_O,LEU_48_C_HG,9595,11372,54.829,-20.052,44.665,54.779,-19.894,45.441,54.804,-19.973,45.053,54.72466640945268,-19.91799617280525,44.96475429976102,-8.830742314739954,2.0841846575579748,0.7934985822293605,1.937231656994289,1.2565198084295734,2.1495013913016807
TYR_44_A_O,LEU_48_C_HG,9596,11370,54.829,-19.612,44.665,54.759,-19.49,45.26,54.794,-19.551,44.9625,54.69049248367622,-19.466699170637515,44.96799490779158,-8.378141670784418,2.0841846575579748,0.6113992149160797,1.8716427024281128,1.271725039136148,2.1511015924260795
TYR_44_A_O,LEU_48_C_HG,9611,11390,54.854,-19.155,44.841,54.727,-19.012,45.018,54.7905,-19.0835,44.9295,54.656318557899766,-19.01540216846978,44.97123551582213,-7.92554102682888,2.0841846575579748,0.2605897158369851,1.763430929872888,1.2578241708617903,2.1575087745475727
TYR_44_A_O,LEU_48_C_HG,9627,11389,54.692,-18.777,44.941,54.522,-18.657,45.018,54.607,-18.717,44.9795,54.6221446321233,-18.56410516630205,44.97447612385268,-7.472940382873344,2.0841846575579748,0.2218760915466119,1.8392545528960669,1.2734426798381941,2.1517319807402995
TYR_44_A_O,LEU_48_C_HG,9626,11394,54.547,-18.332,44.941,54.727,-18.302,45.018,54.637,-18.317,44.9795,54.587970706346844,-18.11280816413431,44.97771673188324,-7.020339738917807,2.0841846575579748,0.198063121251786,1.5775312713771952,1.275444813938201,2.170146536724024
TYR_44_A_O,LEU_48_C_HG,9600,11379,54.697,-17.75,44.96,54.701,-17.644,45.546,54.699,-17.697,45.253,54.55379678057039,-17.661511161966576,44.98095733991379,-6.56773909496227,2.0841846575579748,0.5955232992923103,1.4812726370931912,1.2979355315167524,2.212264258728171
TYR_44_A_CD1,LEU_48_C_CD1,9672,11186,54.474,-17.05,45.015,54.829,-17.287,46.065,54.6515,-17.1685,45.54,54.51962285479393,-17.21021415979884,44.984197947944345,-6.115138451006733,2.0841846575579748,1.1334434260253117,2.012342004643415,1.3619282476291152,2.2610859766228124
TYR_44_A_CG,LEU_48_C_CD1,9665,11193,54.614,-16.537,45.804,54.436,-16.7,46.626,54.525,-16.618499999999997,46.215,54.485448929017466,-16.758917157631107,44.9874385559749,-5.662537807051196,2.0841846575579748,0.8567012314687028,3.027328305884725,1.312566782779057,2.310368279112806
TYR_44_A_CD2,LEU_48_C_HD13,9687,11504,54.473,-16.101,47.012,54.503,-16.149,46.906,54.488,-16.125,46.959,54.45127500324101,-16.307620155463372,44.990679164005456,-5.209937163095658,2.0841846575579748,0.1201665510864008,3.2658497887941293,1.2072791014649062,2.359364879285006
TYR_44_A_CD2,LEU_48_C_HD13,9689,11502,54.811,-16.041,47.858,54.613,-15.73,47.617,54.712,-15.8855,47.7375,54.41710107746455,-15.856323153295635,44.99391977203601,-4.757336519140122,2.0841846575579748,0.4404611220073798,3.019585109188704,1.1419284402729166,2.40946199132192
ILE_41_A_CG2,LEU_30_C_HD12,8237,2932,54.051,-11.857,43.743,53.997,-11.903,43.644,54.024,-11.88,43.6935,54.10953574547642,-11.794650133786025,45.023085244311,-0.6839307235402892,2.0841846575579748,0.1217908042505716,1.4798884621174038,0.936748042729846,2.204251461678139
ILE_41_A_CG2,LEU_30_C_HD12,8266,2929,54.049,-11.472,44.135,54.05,-11.394,44.355,54.0495,-11.433,44.245,54.07536181969996,-11.343353131618288,45.02632585234156,-0.2313300795847528,2.0841846575579748,0.2334202219174667,1.695529804192688,0.8972820127410545,2.19328724986754
ILE_41_A_HG22,LEU_30_C_CD1,8382,2578,54.18,-10.839,44.559,54.067,-10.739,44.663,54.1235,-10.789,44.611,54.0411878939235,-10.892056129450552,45.02956646037211,0.2212705643707853,2.0841846575579748,0.1832621073762922,1.5661735578874814,0.8917525679280617,2.200830072649881
ILE_41_A_HG22,LEU_30_C_CD1,8344,2576,54.206,-10.351,45.172,54.161,-10.289,44.803,54.1835,-10.32,44.9875,54.00701396814704,-10.44075912728282,45.03280706840266,0.6738712083263216,2.0841846575579748,0.3768686773930677,1.9665417880369809,0.8999346405365799,2.228376337946219
ILE_41_A_HG22,LEU_30_C_CD1,8350,2573,54.103,-10.145,45.516,53.95,-9.923,44.851,54.0265,-10.034,45.1835,53.972840042370585,-9.989462125115084,45.03604767643322,1.126471852281858,2.0841846575579748,0.7175778703388213,2.127115040761017,0.9150433143638311,2.2439360983682963
ILE_41_A_HG22,LEU_30_C_HD11,8348,2894,54.152,-9.358,45.777,53.924,-9.55,44.839,54.038,-9.454,45.308,53.93866611659412,-9.538165122947348,45.03928828446377,1.579072496237396,2.0841846575579748,0.9842215197809918,2.5419584406582985,0.9278814241510568,2.280271391786181
LEU_30_A_HB2,LEU_30_C_HD11,2758,2905,54.008,-8.913,45.777,53.897,-9.23,44.842,53.9525,-9.0715,45.3095,53.90449219081766,-9.086868120779616,45.042528892494325,2.0316731401929324,2.0841846575579748,0.9934963512766444,2.74949959147726,0.918643403784831,2.2947635356968656
ILE_32_A_CD1,LEU_30_C_HD11,3691,2895,54.103,-8.572,45.516,54.035,-8.62,44.742,54.069,-8.596,45.129,53.870318265041206,-8.63557111861188,45.04576950052488,2.4842737841484688,2.0841846575579748,0.778462587411882,2.9893298944236864,0.8903601060595887,2.307345453312295
ILE_32_A_HD12,LEU_30_C_HG,3858,2874,53.879,-8.018,45.268,53.575,-8.152,40.322,53.727,-8.085,42.795,53.83614433926475,-8.184274116444143,45.04901010855544,2.936874428104007,2.0841846575579748,4.957145146150149,2.4547183758855264,1.199813448368168,2.336011592955283
LEU_30_A_O,LEU_30_C_HD11,2504,2898,53.848,-7.724,44.982,53.793,-7.911,44.695,53.8205,-7.8175,44.8385,53.80197041348829,-7.732977114276411,45.05225071658599,3.3894750720595432,2.0841846575579748,0.3469337112475511,2.588455396038247,0.8655005127732209,2.317852940545252
LEU_30_A_O,LEU_30_C_H,2503,2700,53.744,-7.299,44.738,53.862,-7.433,44.663,53.803,-7.366,44.7005,53.76779648771183,-7.281680112108677,45.05549132461654,3.84207571601508,2.0841846575579748,0.1936620768245574,2.2503495691653552,0.8620087291878535,2.3274257138125516
LEU_30_A_O,LEU_30_C_H,2502,2694,53.811,-6.809,44.659,53.887,-6.808,44.936,53.849,-6.8085,44.7975,53.73362256193537,-6.830383109940941,45.0587319326471,4.294676359970618,2.0841846575579748,0.2872385767963639,2.4227429501239386,0.871932372547092,2.3276771762356194
LEU_30_A_O,LEU_30_C_H,2506,2704,53.636,-6.311,44.936,53.528,-6.419,45.445,53.582,-6.365,45.1905,53.69944863615891,-6.379086107773206,45.06197254067765,4.747277003926154,2.0841846575579748,0.5314216781426978,2.335104189198602,0.8947900314215614,2.3345512697881152
LEU_30_A_O,THR_29_C_HA,2521,2281,53.618,-5.709,45.372,53.602,-5.833,45.523,53.61,-5.771,45.447500000000005,53.66527471038245,-5.927789105605473,45.0652131487082,5.19987764788169,2.0841846575579748,0.196043362550231,2.1341038782099995,0.9293324845453818,2.3316871377341877
GLN_31_A_H,THR_29_C_HA,3338,2280,53.962,-5.683,49.714,53.49,-5.488,45.689,53.726,-5.5855,47.7015,53.63110078460599,-5.476492103437737,45.06845375673876,5.6524782918372285,2.0841846575579748,4.05726927871444,2.1449431414676967,1.3248462503911786,2.300843959589888
GLN_31_A_HA,THR_29_C_OG1,3386,2134,53.587,-4.876,45.98,53.546,-4.885,46.311,53.566500000000005,-4.8805,46.1455,53.596926858829534,-5.025195101270002,45.071694364769314,6.105078935792765,2.0841846575579748,0.3336510152839375,2.601531373188765,1.0235291983587482,2.3478811035624387
GLN_31_A_HA,THR_29_C_OG1,3384,2135,53.859,-4.501,45.98,53.859,-4.522,46.386,53.859,-4.5115,46.183,53.56275293305308,-4.573898099102268,45.074934972799866,6.557679579748301,2.0841846575579748,0.4065427406804908,1.898371064329502,1.0490049642085901,2.326814392237781
GLN_31_A_HB3,THR_29_C_OG1,3448,2176,53.95,-3.999,50.699,53.705,-4.209,46.8,53.8275,-4.104,48.7495,53.52857900727661,-4.122601096934533,45.078175580830425,7.010280223703839,2.0841846575579748,3.91232999630655,1.3731500735722788,1.5007262836340387,2.3011248387007703
GLN_31_A_HA,THR_29_C_OG1,3381,2167,53.611,-3.527,46.849,53.796,-3.779,46.8,53.7035,-3.653,46.8245,53.49440508150016,-3.6713040947667994,45.08141618886098,7.462880867659376,2.0841846575579748,0.3164332473050211,2.219816598103838,1.2026290102027768,2.3259513331275508
GLN_31_A_HA,THR_29_C_OG1,3377,2136,53.518,-3.241,47.11,53.808,-3.33,46.696,53.663,-3.2855,46.903,53.4602311557237,-3.220007092599064,45.08465679689153,7.915481511614912,2.0841846575579748,0.5132416584806817,2.03187614570779,1.2767710009997302,2.3250572179872386
GLN_31_A_HE21,THR_29_C_OG1,3514,2137,53.793,-2.76,50.706,53.535,-2.965,46.725,53.664,-2.8625,48.715500000000006,53.42605722994724,-2.7687100904313278,45.08789740492209,8.36808215557045,2.0841846575579748,3.9946151253906814,1.605693218443224,1.6583347869603076,2.3410003930381054
GLN_31_A_CD,THR_29_C_CB,3201,2123,53.454,-1.79,47.219,53.337,-2.051,46.213,53.3955,-1.9205,46.716,53.35770937839432,-1.86611608609586,45.09437862098319,9.273283443481525,2.0841846575579748,1.0458709289391306,2.1226458068398606,1.5538633385414249,2.3620324993511868
GLN_31_A_CD,THR_29_C_HG23,3170,2502,53.423,-1.391,47.157,52.89,-1.414,42.017,53.1565,-1.4025,44.587,53.32353545261786,-1.414819083928125,45.09761922901375,9.72588408743706,2.0841846575579748,5.167612408066217,2.6164504808774227,2.0383589181320967,2.47172759332392
GLN_31_A_CD,THR_29_C_CG2,3197,2197,53.607,-1.0,47.092,53.069,-0.767,44.797,53.338,-0.8835,45.9445,53.28936152684141,-0.9635220817603902,45.100859837044304,10.178484731392595,2.0841846575579748,2.3687038649860823,2.345811945086626,1.9267420478153112,2.4613106189266802
GLN_31_A_CD,THR_29_C_CG2,3196,2191,53.378,-0.658,47.427,53.284,-0.669,44.53,53.331,-0.6635,45.9785,53.25518760106494,-0.5122250795926537,45.104100445074856,10.631085375348135,2.0841846575579748,2.898545497314126,2.521206004634814,2.0406832371472965,2.495795658004309
GLN_31_A_CD,GLU_26_C_OE2,3214,362,53.625,0.044,47.647,53.235,0.118,44.269,53.43,0.0809999999999999,45.958,53.22101367528848,-0.060928077424919,45.107341053105415,11.083686019303672,2.0841846575579748,3.401243890108441,2.7317586450344,2.299556585423226,2.592747951618227
GLN_31_A_CD,GLU_26_C_OE2,3192,357,53.671,0.284,47.886,52.802,0.595,43.653,53.2365,0.4395,45.7695,53.186839749512025,0.3903689247428138,45.11058166113597,11.536286663259208,2.0841846575579748,4.332455539298705,3.613317093810592,2.4167252529176477,2.6397677521490985
GLN_31_A_HE22,GLU_26_C_OE2,3597,381,53.512,0.863,48.459,52.9,0.824,44.734,53.206,0.8434999999999999,46.596500000000006,53.15266582373557,0.8416659269105504,45.11382226916652,11.988887307214746,2.0841846575579748,3.775141056967277,3.231100488140016,2.4924150837865153,2.662202923491874
GLN_31_A_HE22,GLU_26_C_OE2,3594,409,53.391,1.113,48.778,53.192,1.435,45.282,53.2915,1.274,47.03,53.1184918979591,1.2929629290782851,45.11706287719708,12.441487951170284,2.0841846575579748,3.516432993816321,2.717314587764071,2.5822241356279902,2.66534925847673
GLN_54_A_NE2,GLN_54_C_HB2,13951,14024,55.752,-32.415,42.92,56.5,-32.619,46.677,56.126000000000005,-32.517,44.7985,56.12544900428985,-32.520376507006006,44.829317980527065,-21.50356034549499,2.531630879786121,3.836165924461556,3.6255154564076952,2.4425452287180676,3.6272128460856377
GLN_54_A_NE2,GLN_54_C_HG3,13952,14105,55.792,-32.072,43.217,56.18,-31.93,46.231,55.986,-32.001000000000005,44.724,56.09127507851339,-32.06907950483827,44.83255858855762,-21.05095970153945,2.531630879786121,3.042187370955316,3.9272911845764886,2.2836558255655155,3.60231858066599
GLN_54_A_HE22,GLN_54_C_HG3,14209,14107,56.018,-31.636,42.951,56.029,-31.574,45.889,56.0235,-31.605,44.42,56.05710115273693,-31.617782502670536,44.83579919658818,-20.598359057583917,2.531630879786121,2.938674701289684,3.718418297920484,2.2244161175923622,3.585060312002037
GLN_54_A_HE22,GLN_54_C_CG,14191,13865,55.789,-31.022,43.162,56.284,-31.236,45.982,56.0365,-31.129,44.572,56.02292722696047,-31.1664855005028,44.83903980461873,-20.14575841362838,2.531630879786121,2.8711010083241586,3.991074380507772,2.1141548449509204,3.554329259630532
GLN_54_A_HE22,GLN_54_C_CG,14190,13878,55.697,-30.592,43.162,55.923,-30.734,45.781,55.81,-30.663,44.4715,55.98875330118401,-30.715188498335067,44.84228041264928,-19.693157769672844,2.531630879786121,2.632565478767812,4.05254443015101,1.9933198470181996,3.513216292388053
GLN_54_A_HE22,GLN_54_C_CG,14198,13863,55.888,-30.308,42.988,56.063,-30.453,45.895,55.9755,-30.3805,44.441500000000005,55.95457937540756,-30.26389149616733,44.84552102067984,-19.240557125717302,2.531630879786121,2.9158701960135374,4.016291633612729,1.9912487834440589,3.496707379988303
GLN_54_A_HE22,ALA_53_C_C,14189,13442,55.673,-29.921,43.497,56.642,-29.961,51.877,56.1575,-29.941,47.687,55.92040544963109,-29.8125944939996,44.84876162871039,-18.787956481761768,2.531630879786121,8.435932728513194,4.128662495464106,2.4831149553474647,3.2867293978524814
LEU_50_A_HD12,GLN_54_C_HG2,12306,14097,56.105,-29.208,45.168,56.038,-29.57,46.202,56.0715,-29.389,45.685,55.88623152385463,-29.361297491831863,44.852002236740944,-18.335355837806237,2.531630879786121,1.097583254245435,3.9866788164819846,1.5713398619504801,3.327913317848296
LEU_50_A_HD12,GLN_54_C_HG2,12303,14085,55.984,-28.958,45.487,55.901,-28.915,46.423,55.9425,-28.9365,45.955,55.852057598078176,-28.910000489664128,44.8552428447715,-17.88275519385069,2.531630879786121,0.9406561539691322,3.8852946397408497,1.4830935754612826,3.2520214662696727
LEU_50_A_HD12,GLN_54_C_HG2,12301,14084,56.079,-28.55,45.696,55.901,-28.452,46.423,55.99,-28.501,46.0595,55.81788367230172,-28.458703487496397,44.858483452802055,-17.430154549895157,2.531630879786121,0.7548622390873745,3.8188064840961737,1.3835021229813353,3.1766569433427834
LEU_50_A_HD12,LYS_51_C_HA,12283,12566,56.099,-28.083,45.772,55.986,-27.964,46.258,56.0425,-28.0235,46.015,55.78370974652526,-28.00740648532866,44.86172406083261,-16.977553905939622,2.531630879786121,0.5129580879565152,3.672891906201832,1.2694042838485469,3.0868215605035596
LEU_50_A_CD1,LYS_51_C_HA,12044,12568,55.889,-27.601,45.949,55.691,-27.767,45.997,55.790000000000006,-27.684,45.973,55.7495358207488,-27.556109483160924,44.864964668863166,-16.52495326198408,2.531630879786121,0.2628003044138276,2.9951876263527324,1.2162598252663044,2.9845862773050844
LEU_50_A_CD1,LYS_51_C_HA,12041,12601,55.678,-27.235,45.997,55.891,-27.175,45.48,55.7845,-27.205,45.7385,55.71536189497234,-27.10481248099319,44.86820527689372,-16.072352618028546,2.531630879786121,0.5623682067827123,2.4288297277970274,1.1539107380798546,2.8777859556403707
LEU_50_A_HD11,LYS_51_C_HB2,12267,12625,55.807,-25.975,45.777,55.733,-26.044,45.225,55.77,-26.009500000000003,45.501000000000005,55.64701404341942,-26.20221847665772,44.87468649295483,-15.167151330117472,2.531630879786121,0.5611960441770775,2.182040751342727,1.0985213507794498,2.676285425974371
LEU_50_A_HB2,LYS_51_C_HB2,12165,12632,55.422,-25.869,41.435,55.464,-25.54,45.018,55.443,-25.7045,43.2265,55.61284011764296,-25.750921474489985,44.87792710098538,-14.714550686161935,2.531630879786121,3.598318218279199,2.215869673166256,1.3544853165094595,2.6515562113169486
ALA_47_A_HB2,LYS_51_C_HB2,11066,12631,55.482,-25.435,45.328,55.42,-25.233,44.731,55.451,-25.334,45.0295,55.5786661918665,-25.29962447232225,44.881167709015934,-14.261950042206395,2.531630879786121,0.6332906125942501,2.1059665223742523,1.0813044635751368,2.544188359423054
LEU_50_A_HD11,LYS_51_C_HB2,12245,12649,55.72,-24.938,44.74,55.692,-24.904,44.077,55.706,-24.921,44.4085,55.544492266090046,-24.84832747015452,44.88440831704649,-13.80934939825086,2.531630879786121,0.6644614360517884,2.2043305593896867,1.099633728458675,2.5291316024420407
ALA_47_A_HB2,LYS_51_C_HB2,11059,12648,55.583,-24.252,44.783,55.457,-24.538,44.077,55.52,-24.395,44.43,55.51031834031359,-24.39703046798678,44.887648925077045,-13.356748754295324,2.531630879786121,0.7720803067039105,1.9810882499456524,1.1033407172304042,2.45090328905925
ALA_47_A_HB2,LYS_51_C_HB2,11060,12644,55.439,-23.807,44.783,55.261,-23.87,44.396,55.35,-23.8385,44.5895,55.47614441453712,-23.94573346581905,44.8908895331076,-12.904148110339786,2.531630879786121,0.4306065489515918,1.9907397760176864,1.1192153373531402,2.380277159423673
ALA_47_A_HB2,LYS_51_C_HB2,11057,12633,55.355,-23.336,45.044,55.377,-23.436,44.779,55.366,-23.386,44.9115,55.44197048876067,-23.49443646365131,44.89413014113816,-12.45154746638425,2.531630879786121,0.2840932945354344,2.161102792225136,1.1172003543505133,2.349123700924937
ALA_47_A_HB2,LYS_51_C_HB2,11055,12623,55.394,-23.112,45.379,55.271,-22.867,45.345,55.3325,-22.9895,45.362,55.40779656298421,-23.043139461483577,44.89737074916871,-11.998946822428714,2.531630879786121,0.2762426469609608,2.153320938958049,1.1392469176773665,2.3219779488290455
ALA_47_A_HB2,LYS_51_C_CB,11083,12474,55.561,-22.714,46.086,55.573,-22.8,45.283,55.567,-22.757,45.6845,55.37362263720775,-22.59184245931584,44.90061135719926,-11.546346178473176,2.531630879786121,0.8076812490085404,2.5205869957635096,1.159580930723113,2.353659908012628
ALA_47_A_HB2,GLU_49_C_HA,11078,11845,55.471,-22.012,46.295,56.005,-21.928,51.565,55.738,-21.97,48.93,55.33944871143129,-22.140545457148107,44.90385196522982,-11.09374553451764,2.531630879786121,5.297651555170457,2.168009944307692,1.7583674733948804,2.267885936941036
ALA_47_A_HB2,LEU_48_C_HA,11086,11278,55.232,-21.595,46.086,55.261,-21.869,45.717,55.2465,-21.732,45.9015,55.30527478565483,-21.689248454980373,44.90709257326037,-10.641144890562105,2.531630879786121,0.460519272126586,1.755883170981262,1.1718029791774185,2.2627393551409734
ALA_47_A_CB,LEU_48_C_HD21,10954,11509,55.423,-21.214,45.983,55.261,-21.406,45.717,55.342,-21.31,45.85,55.27110085987837,-21.23795145281264,44.91033318129092,-10.188544246606565,2.531630879786121,0.3658742953529242,1.9305669502053535,1.175016300879956,2.2625925328674374
ALA_47_A_CB,LEU_48_C_CD2,10978,11258,55.498,-20.675,45.801,55.35,-20.619,45.616,55.424,-20.647,45.7085,55.23692693410192,-20.786654450644903,44.91357378932148,-9.735943602651028,2.531630879786121,0.2434440387440197,2.2904330789771183,1.1944421313187634,2.2555264516311753
ALA_47_A_CB,LEU_48_C_HA,10945,11280,55.345,-20.236,45.36,55.221,-20.349,45.593,55.283,-20.2925,45.4765,55.20275300832545,-20.33535744847717,44.916814397352034,-9.283342958695492,2.531630879786121,0.2871132180865283,1.959667945404932,1.209851072847648,2.2193737552534847
ALA_47_A_HB1,LEU_48_C_HG,11049,11358,55.356,-19.799,45.147,55.343,-19.974,45.536,55.349500000000006,-19.8865,45.3415,55.168579082549,-19.884060446309437,44.920055005382586,-8.830742314739954,2.531630879786121,0.4267493409485274,2.0925216247688265,1.230266613800106,2.221365034601476
TYR_44_A_O,LEU_48_C_HG,9610,11360,54.922,-19.574,44.769,54.987,-19.629,45.371,54.9545,-19.6015,45.07,55.13440515677254,-19.4327634441417,44.923295613413146,-8.378141670784418,2.531630879786121,0.6079917762601771,1.8879256632922523,1.259277803330332,2.1679676464430444
TYR_44_A_O,LEU_48_C_HG,9614,11391,55.046,-19.05,44.974,55.137,-19.012,45.018,55.0915,-19.031,44.996,55.10023123099608,-18.981466441973964,44.9265362214437,-7.92554102682888,2.531630879786121,0.1079861102179376,1.8665498006482864,1.2380672187485213,2.1927125879419616
TYR_44_A_O,LEU_48_C_HG,9625,11393,54.985,-18.564,45.106,55.137,-18.302,45.018,55.061,-18.433,45.062,55.066057305219616,-18.53016943980623,44.92977682947425,-7.472940382873344,2.531630879786121,0.3154235248043505,2.1960589395600825,1.2264706513887038,2.204470829508246
TYR_44_A_O,LEU_48_C_HG,9608,11384,55.057,-18.056,45.146,55.252,-17.955,45.227,55.1545,-18.005499999999998,45.1865,55.03188337944316,-18.07887243763849,44.93301743750481,-7.020339738917807,2.531630879786121,0.2340662299435781,1.7914663672441613,1.2368322958139122,2.226043620722027
TYR_44_A_O,LEU_48_C_HG,9607,11378,55.031,-17.596,45.226,55.163,-17.644,45.546,55.097,-17.619999999999997,45.386,54.9977094536667,-17.62757543547076,44.93625804553536,-6.56773909496227,2.531630879786121,0.3494681673629223,1.877052466674364,1.256242102262653,2.2527509458107406
TYR_44_A_CG,LEU_48_C_CD1,9662,11184,55.111,-16.991,45.797,55.127,-17.033,46.205,55.119,-17.012,46.001,54.96353552789024,-17.176278433303025,44.93949865356591,-6.115138451006733,2.531630879786121,0.4104680255513227,2.5036170754572624,1.261527124306332,2.3242637720252146
TYR_44_A_CG,LEU_48_C_CD1,9658,11232,54.911,-16.564,46.345,54.935,-16.561,46.514,54.923,-16.5625,46.4295,54.92936160211378,-16.72498143113529,44.94273926159647,-5.662537807051196,2.531630879786121,0.1707219962395045,3.051699926550359,1.228329561633553,2.352375824563931
TYR_44_A_CD2,LEU_48_C_CD1,9699,11214,55.165,-16.153,47.983,55.388,-16.17,49.184,55.2765,-16.1615,48.5835,54.89518767633732,-16.273684428967556,44.945979869627024,-5.209937163095658,2.531630879786121,1.2216460207441435,2.7645072316507067,1.1967450338727277,2.469994222404327
TYR_44_A_CD2,LEU_48_C_CD1,9691,11221,55.318,-15.616,48.488,55.272,-15.806,48.422,55.295,-15.711,48.455,54.86101375056087,-15.82238742679982,44.949220477657576,-4.757336519140122,2.531630879786121,0.206329833034392,2.7139111496365085,1.1519155361325757,2.483754070705675
ASN_45_A_HD22,LEU_30_C_CD1,10385,2607,54.196,-11.944,42.638,54.297,-11.743,42.528,54.2465,-11.8435,42.583,54.553448418572735,-11.760714407290209,44.978385949932566,-0.6839307235402892,2.531630879786121,0.2504036740944507,2.565100811064873,0.9751468584470977,2.2386449155061916
ILE_41_A_CG2,LEU_30_C_CD1,8271,2557,54.357,-11.218,43.42,54.384,-11.374,44.139,54.3705,-11.296,43.7795,54.51927449279627,-11.309417405122474,44.981626557963125,-0.2313300795847528,2.531630879786121,0.7362241506497881,1.8308709739794653,0.8891514348847361,2.2018996379912275
ILE_41_A_HG22,LEU_30_C_CD1,8368,2581,54.201,-11.082,44.193,54.403,-11.017,44.436,54.302,-11.0495,44.3145,54.48510056701981,-10.858120402954738,44.98486716599368,0.2212705643707853,2.531630879786121,0.3226112211315664,1.8498516232095457,0.8845910892980321,2.1959982626352046
ILE_41_A_HG22,LEU_30_C_CD1,8386,2579,54.34,-10.417,44.717,54.49,-10.546,44.663,54.415000000000006,-10.4815,44.69,54.45092664124336,-10.406823400787005,44.98810777402423,0.6738712083263216,2.531630879786121,0.2050780339285504,1.7716232114187362,0.8808597210139023,2.218103170183351
ILE_41_A_HG22,LEU_30_C_HD11,8352,2893,54.478,-10.029,45.181,54.35,-9.755,44.826,54.414,-9.892,45.0035,54.4167527154669,-9.95552639861927,44.99134838205479,1.126471852281858,2.531630879786121,0.4663528706891353,2.175609898327645,0.8942130463607694,2.2543025873067717
ILE_41_A_HG22,LEU_30_C_HD11,8349,2906,54.453,-9.358,45.516,54.512,-9.585,44.842,54.4825,-9.4715,45.179,54.382578789690434,-9.504229396451532,44.99458899008534,1.579072496237396,2.531630879786121,0.7136427677767071,2.244883148838132,0.896594408289749,2.2796260134671016
ILE_32_A_CD1,LEU_30_C_HD11,3690,2901,54.362,-8.928,45.516,54.307,-9.23,44.914,54.334500000000006,-9.079,45.215,54.34840486391398,-9.0529323942838,44.99782959811589,2.0316731401929324,2.531630879786121,0.675746254151657,2.784007363785629,0.8920249017308662,2.2950824549987208
ILE_32_A_CD1,LEU_30_C_HD11,3700,2896,54.391,-8.415,44.96,54.346,-8.413,44.627,54.3685,-8.414,44.7935,54.31423093813752,-8.601635392116066,45.00107020614645,2.4842737841484688,2.531630879786121,0.3360327365004771,2.5366887757807697,0.866826975645434,2.3070582071690957
ILE_32_A_CD1,LEU_30_C_HD11,3699,2897,54.442,-8.169,44.477,54.209,-8.052,44.491,54.325500000000005,-8.1105,44.484,54.28005701236106,-8.15033838994833,45.004310814177,2.936874428104007,2.531630879786121,0.2611015128259484,2.1386035552555747,0.8588091500588229,2.3130409839020425
ILE_32_A_HD12,LEU_30_C_H,3884,2699,54.069,-7.672,44.572,54.213,-7.478,44.34,54.141000000000005,-7.574999999999999,44.456,54.2458830865846,-7.699041387780595,45.00755142220756,3.3894750720595432,2.531630879786121,0.3349567136213263,2.2179313984528743,0.8638327828671238,2.3184694554608036
ILE_32_A_HD12,LEU_30_C_H,3883,2697,54.025,-7.294,44.407,54.003,-7.048,44.6,54.014,-7.170999999999999,44.5035,54.21170916080814,-7.247744385612861,45.01079203023811,3.84207571601508,2.531630879786121,0.3134469652110251,2.493733479081826,0.8598410531429764,2.3217963449844405
ILE_32_A_HD12,LEU_30_C_H,3882,2696,54.094,-6.888,44.357,54.261,-6.692,44.6,54.1775,-6.79,44.4785,54.17753523503168,-6.796447383445125,45.01403263826867,4.294676359970618,2.531630879786121,0.3540536682481929,2.756320925023916,0.8659593862506566,2.320794060096615
LEU_30_A_O,THR_29_C_HA,2501,2283,54.031,-6.371,44.764,54.202,-6.462,44.936,54.1165,-6.4165,44.85,54.143361309255226,-6.34515038127739,45.01727324629922,4.747277003926154,2.531630879786121,0.2590482580524305,2.4147289817894944,0.8686140923584461,2.3176492433490465
LEU_30_A_O,THR_29_C_HA,2498,2300,54.184,-5.886,45.334,54.161,-5.881,45.523,54.1725,-5.8835,45.4285,54.10918738347876,-5.893853379109657,45.02051385432977,5.19987764788169,2.531630879786121,0.1904599695474086,2.2544000772152275,0.8918253476687585,2.3025240427357767
LEU_30_A_O,THR_29_C_HA,2499,2279,53.915,-5.351,45.697,53.958,-5.488,45.689,53.9365,-5.4195,45.693,54.07501345770231,-5.442556376941921,45.02375446236033,5.6524782918372285,2.531630879786121,0.1438123777704829,2.1122353868288983,0.9455154442153476,2.3103497009248994
GLN_31_A_HA,THR_29_C_OG1,3402,2132,54.235,-5.131,45.784,53.991,-4.894,46.074,54.113,-5.0125,45.929,54.04083953192585,-4.991259374774186,45.02699507039088,6.105078935792765,2.531630879786121,0.4469955257046757,2.1392437285032573,0.9691897505872054,2.3014612635355283
GLN_31_A_HA,THR_29_C_OG1,3408,2133,54.184,-4.508,45.851,54.239,-4.532,46.056,54.2115,-4.52,45.9535,54.00666560614939,-4.539962372606452,45.03023567842144,6.557679579748301,2.531630879786121,0.2136024344430542,2.039674516326896,1.0328391754217507,2.297460644624481
GLN_31_A_HA,THR_29_C_OG1,3403,2126,53.863,-4.192,46.044,54.088,-4.228,46.27,53.9755,-4.21,46.157,53.972491680372926,-4.088665370438717,45.03347628645199,7.010280223703839,2.531630879786121,0.3209314568564499,1.926371023280333,1.0757864209131458,2.312614229140039
GLN_31_A_HA,THR_29_C_O,3398,2078,54.175,-3.435,46.539,53.586,-3.664,41.16,53.8805,-3.5495,43.8495,53.93831775459647,-3.637368368270983,45.03671689448255,7.462880867659376,2.531630879786121,5.415995107087898,2.5788190507782973,1.6226390574131642,2.3677172127548
GLN_31_A_HA,THR_29_C_CB,3382,2115,53.992,-3.307,46.849,54.113,-3.403,46.47,54.0525,-3.355,46.6595,53.90414382882001,-3.1860713661032483,45.0399575025131,7.915481511614912,2.531630879786121,0.4092651951974402,1.841353375214379,1.2144915561311127,2.288866923327708
GLN_31_A_HA,THR_29_C_HG23,3378,2460,53.896,-2.966,47.11,53.687,-2.7,41.992,53.7915,-2.833,44.551,53.869969903043554,-2.734774363935512,45.043198110543656,8.36808215557045,2.531630879786121,5.129167671269874,2.221307584147098,1.739692571936285,2.377259437035707
GLN_31_A_CG,THR_29_C_HB,3152,2340,54.035,-2.333,47.119,53.907,-2.387,46.359,53.971,-2.3600000000000003,46.739,53.83579597726709,-2.283477361767779,45.04643871857421,8.820682799525986,2.531630879786121,0.7725930364687459,2.026014294858141,1.4159265147885005,2.3062346619276144
GLN_31_A_CD,THR_29_C_HG23,3189,2500,54.064,-1.928,47.026,53.505,-1.769,42.017,53.7845,-1.8485,44.5215,53.80162205149063,-1.8321803596000443,45.04967932660476,9.273283443481525,2.531630879786121,5.042602800142007,2.30075699797558,1.9049718087752034,2.4173263912395018
GLN_31_A_CD,THR_29_C_HB,3200,2350,53.769,-1.542,47.043,53.83,-1.525,45.747,53.7995,-1.5335,46.395,53.767448125714175,-1.3808833574323096,45.05291993463532,9.72588408743706,2.531630879786121,1.2975461456148674,1.8742413457618528,1.6545685371371543,2.365635775408566
GLN_31_A_CD,THR_29_C_CG2,3218,2205,54.129,-1.036,46.759,53.548,-1.112,44.887,53.8385,-1.074,45.823,53.73327419993772,-0.9295863552645748,45.05616054266587,10.178484731392595,2.531630879786121,1.9615608580923496,1.8119732073381745,1.798051327159111,2.4210645270642006
GLN_31_A_CD,THR_29_C_HB,3217,2320,53.859,-0.583,46.986,53.85,-0.678,44.293,53.8545,-0.6305000000000001,45.6395,53.69910027416125,-0.4782893530968383,45.05940115069642,10.631085375348135,2.531630879786121,2.69469014916372,2.123016783961463,1.9991902203986296,2.490685043932808
GLN_31_A_CD,GLU_26_C_OE2,3216,363,53.751,-0.163,47.286,53.598,0.118,44.104,53.6745,-0.0225,45.695,53.6649263483848,-0.0269923509291035,45.06264175872698,11.083686019303672,2.531630879786121,3.198045340516612,3.1707569513491745,2.2375127999393807,2.5759125984911946
GLN_31_A_OE1,GLU_26_C_OE2,3222,361,54.0,0.466,47.792,53.38,0.562,44.269,53.69,0.514,46.0305,53.63075242260834,0.4243046512386293,45.065882366757535,11.536286663259208,2.531630879786121,3.5784277273685463,3.2340244379243406,2.3741439277099334,2.6412700311568926
GLN_31_A_HE22,GLU_26_C_CD,3556,221,53.75,0.833,48.391,53.619,0.905,43.615,53.6845,0.869,46.003,53.59657849683188,0.8756016534063659,45.06912297478809,11.988887307214746,2.531630879786121,4.778338728051828,4.128444190605121,2.5386026619679773,2.689550513422041
GLN_31_A_HE22,GLU_26_C_OE2,3593,358,53.853,1.113,48.778,53.665,1.124,44.53,53.759,1.1185,46.654,53.56240457105542,1.3268986555741005,45.072363582818646,12.441487951170284,2.531630879786121,4.25217226838236,3.344757381771952,2.533644241844786,2.681514309215035
GLN_54_A_HE22,GLN_54_C_CB,14221,13834,56.218,-32.058,42.171,57.135,-32.109,50.0,56.6765,-32.0835,46.0855,56.5351877516097,-32.03514377834245,44.78785929417919,-21.05095970153945,2.9790771020142675,7.882685519542182,3.498059782743505,3.0463767417320353,3.610016429927324
GLN_54_A_HE22,GLN_54_C_CB,14220,13830,56.318,-31.673,42.563,56.895,-31.688,46.474,56.6065,-31.6805,44.5185,56.50101382583323,-31.58384677617472,44.79109990220975,-20.598359057583917,2.9790771020142675,3.953362492866036,3.565660515292804,2.3632322188698227,3.6081221421323777
GLN_54_A_HE22,GLN_54_C_CG,14217,13862,56.122,-31.005,42.882,56.554,-30.935,45.997,56.338,-30.97,44.4395,56.466839900056776,-31.132549774006986,44.7943405102403,-20.14575841362838,2.9790771020142675,3.1455919951576705,3.9964875234623616,2.1613683565862885,3.560797900887256
GLN_54_A_HE22,GLN_54_C_CG,14197,13861,56.127,-30.514,42.641,56.449,-30.562,45.955,56.288,-30.538,44.298,56.43266597428032,-30.68125277183925,44.797581118270855,-19.693157769672844,2.9790771020142675,3.3299525522145204,3.9068026513493495,2.0760946900681034,3.520733928615766
GLN_54_A_HE22,GLN_54_C_CG,14194,13860,55.985,-30.281,42.774,56.347,-30.19,46.015,56.166,-30.2355,44.3945,56.39849204850386,-30.22995576967152,44.800821726301415,-19.240557125717302,2.9790771020142675,3.262423332432503,4.27613682697189,1.996918076109518,3.4967271634120176
GLN_54_A_HE22,GLN_54_C_HG2,14193,14091,55.953,-29.997,42.237,56.408,-29.812,46.149,56.1805,-29.9045,44.193,56.3643181227274,-29.77865876750378,44.80406233433197,-18.787956481761768,2.9790771020142675,3.9427140398461553,3.9930709698476834,1.9853182726730387,3.4509058316703816
LEU_50_A_HD12,ALA_53_C_CA,12310,13422,56.326,-29.287,44.776,57.067,-29.152,52.57,56.6965,-29.2195,48.673,56.33014419695094,-29.327361765336047,44.80730294236252,-18.335355837806237,2.9790771020142675,7.830309189297697,3.4535179434613736,2.3255935182399243,3.1910647682893534
LEU_50_A_HD12,GLN_54_C_HG2,12304,14095,56.379,-28.778,45.487,56.426,-29.089,46.439,56.4025,-28.9335,45.963,56.29597027117448,-28.876064763168312,44.81054355039308,-17.88275519385069,2.9790771020142675,1.0026135845877997,4.114749581677077,1.4817733672909148,3.2786075240351953
LEU_50_A_HG,LYS_51_C_HA,12204,12571,56.231,-28.48,42.62,56.426,-28.338,46.439,56.328500000000005,-28.409,44.5295,56.261796345398025,-28.424767761000577,44.81378415842363,-17.430154549895157,2.9790771020142675,3.826610771949509,4.12198046209439,1.6333431254742194,3.2150388487158565
LEU_50_A_CD1,LYS_51_C_HA,12047,12573,56.218,-27.858,45.809,56.538,-27.994,46.274,56.378,-27.926,46.0415,56.22762241962157,-27.973470758832843,44.81702476645418,-16.977553905939622,2.9790771020142675,0.5806212190404331,3.672421275836878,1.254127233766158,3.0861864196360553
LEU_50_A_CD1,LYS_51_C_HA,12048,12567,56.469,-27.467,45.809,56.109,-27.631,45.997,56.289,-27.549,45.903,56.1934484938451,-27.522173756665108,44.82026537448474,-16.52495326198408,2.9790771020142675,0.4379954337661535,3.283694033351308,1.2115733810117588,3.0082970373070146
LEU_50_A_CD1,LYS_51_C_HA,12049,12600,56.469,-27.003,45.809,56.303,-27.259,45.483,56.386,-27.131,45.646,56.159274568068646,-27.070876754497373,44.82350598251529,-16.072352618028546,2.9790771020142675,0.4465064389233393,2.8843845736041853,1.164380749145436,2.930846671417963
LEU_50_A_CD1,LYS_51_C_HA,12032,12570,56.09,-26.424,45.793,56.048,-26.449,45.229,56.069,-26.4365,45.511,56.12510064229219,-26.61957975232964,44.826746590545845,-15.619751974073008,2.9790771020142675,0.5661139461274561,2.625746278240196,1.1095403237937755,2.773279052460293
LEU_50_A_CD1,ALA_53_C_CA,12033,13418,56.204,-26.09,45.552,56.87,-26.109,52.54,56.537,-26.0995,49.046,56.090926716515725,-26.168282750161904,44.8299871985764,-15.167151330117472,2.9790771020142675,7.019690947613007,2.976263818359757,1.8610479101633461,2.712256572275007
LEU_50_A_CD1,LYS_51_C_CB,12023,12464,56.197,-25.534,44.84,56.253,-25.746,44.745,56.225,-25.64,44.7925,56.05675279073927,-25.71698574799417,44.83322780660696,-14.714550686161935,2.9790771020142675,0.2389665248523331,2.4542810408349736,1.115854509704687,2.676895454152558
LEU_50_A_HD11,LYS_51_C_CB,12246,12466,55.979,-25.294,44.74,56.154,-25.41,44.424,56.066500000000005,-25.352,44.582,56.02257886496281,-25.265688745826434,44.83646841463751,-14.261950042206395,2.9790771020142675,0.3793903003504478,2.415845349879382,1.1142808937827653,2.621185737934097
LEU_50_A_CD1,LYS_51_C_HB2,12021,12652,56.074,-24.812,44.436,55.992,-24.676,43.868,56.033,-24.744,44.152,55.98840493918635,-24.8143917436587,44.83970902266807,-13.80934939825086,2.9790771020142675,0.5897830109455496,2.231211960183578,1.1448531060508689,2.557784024444229
LEU_50_A_HD11,LYS_51_C_HB2,12247,12651,55.93,-24.508,44.479,55.787,-24.321,43.868,55.8585,-24.4145,44.1735,55.954231013409895,-24.363094741490965,44.84294963069862,-13.356748754295324,2.9790771020142675,0.6547816429925291,2.205582713411853,1.1453134925556356,2.5075196248551928
ALA_47_A_CB,LYS_51_C_HB2,10933,12653,56.074,-24.063,44.479,55.992,-23.966,43.868,56.033,-24.0145,44.1735,55.92005708763343,-23.91179773932323,44.84619023872917,-12.904148110339786,2.9790771020142675,0.6240624968703024,2.447118745106146,1.1846223824896853,2.5000881880209556
ALA_47_A_HB2,GLU_49_C_HG2,11064,11938,55.797,-23.669,44.885,56.531,-23.317,52.682,56.164,-23.493,48.7835,55.885883161856974,-23.460500737155492,44.84943084675973,-12.45154746638425,2.9790771020142675,7.839379375945526,2.410927402360453,1.8202599401030506,2.402633840737865
ALA_47_A_HB2,LYS_51_C_CB,11067,12473,55.768,-23.196,45.48,55.92,-22.855,45.035,55.844,-23.0255,45.25749999999999,55.85170923608052,-23.00920373498776,44.85267145479028,-11.998946822428714,2.9790771020142675,0.5808700370995231,2.7298716539524315,1.174064253733508,2.4103026980399673
ALA_47_A_HB2,LEU_48_C_HD21,11084,11511,55.991,-22.775,46.086,55.814,-22.357,45.551,55.9025,-22.566,45.8185,55.81753531030406,-22.557906732820022,44.85591206282084,-11.546346178473176,2.9790771020142675,0.7016252561018563,2.6824209167277164,1.183253261612843,2.404876249654654
ALA_47_A_HB2,LEU_48_C_HD21,11074,11510,55.881,-22.012,46.367,55.702,-22.013,45.717,55.7915,-22.012500000000003,46.042,55.7833613845276,-22.10660973065229,44.859152670851394,-11.09374553451764,2.9790771020142675,0.6741973004988961,2.8861351681702208,1.1739095605384269,2.368037672608852
ALA_47_A_HB2,LEU_48_C_HD21,11076,11507,56.086,-21.657,46.295,55.975,-21.638,45.717,56.0305,-21.6475,46.006,55.74918745875114,-21.65531272848456,44.862393278881946,-10.641144890562105,2.9790771020142675,0.5888684063523894,2.7342765696252127,1.2143437739355367,2.4046359934418975
ALA_47_A_CB,LEU_48_C_HD21,10953,11508,55.859,-21.297,46.168,55.702,-21.263,45.717,55.7805,-21.28,45.9425,55.71501353297468,-21.204015726316825,44.8656338869125,-10.188544246606565,2.9790771020142675,0.4787546344423221,2.260680731933153,1.1872822535940422,2.341539760895546
ALA_47_A_CB,LEU_48_C_HD23,10971,11577,55.994,-20.763,46.028,55.99,-20.578,49.537,55.992,-20.6705,47.7825,55.68083960719822,-20.752718724149087,44.86887449494306,-9.735943602651028,2.9790771020142675,3.51387563809535,2.5074828853179065,1.5647513995293834,2.303224237585495
ALA_47_A_CB,LEU_48_C_CD2,10946,11257,55.765,-20.161,45.56,55.617,-20.342,45.552,55.691,-20.2515,45.556,55.64666568142176,-20.301421721981352,44.87211510297361,-9.283342958695492,2.9790771020142675,0.2339423005785829,2.167697436811128,1.2165233628940966,2.2873955668830592
ALA_47_A_HB1,LEU_48_C_CD2,11050,11256,55.741,-19.623,45.251,55.742,-19.765,45.409,55.7415,-19.694000000000003,45.33,55.6124917556453,-19.850124719813618,44.87535571100416,-8.830742314739954,2.9790771020142675,0.2124358726769098,2.119130206752416,1.2301908560122476,2.276637379683667
ALA_47_A_HB1,LEU_48_C_HG,11051,11367,55.41,-19.336,45.076,55.561,-19.269,45.262,55.4855,-19.3025,45.169,55.57831782986885,-19.398827717645883,44.87859631903472,-8.378141670784418,2.9790771020142675,0.2487689691259764,2.166117434808481,1.2282415955875128,2.2377582581030784
TYR_44_A_O,LEU_48_C_HD11,9615,11408,55.454,-18.864,45.083,56.039,-19.053,49.545,55.7465,-18.9585,47.314,55.54414390409239,-18.94753071547815,44.88183692706527,-7.92554102682888,2.9790771020142675,4.504152528500787,2.154268533107812,1.5495871253491615,2.2821721854080597
ASN_45_A_C,LEU_48_C_HG,10130,11392,55.102,-18.389,38.861,55.342,-18.657,45.018,55.222,-18.523,41.9395,55.50996997831592,-18.496233713310414,44.885077535095824,-7.472940382873344,2.9790771020142675,6.16750135792446,2.043700989611128,2.0752451186571066,2.3507346412714374
TYR_44_A_O,LEU_48_C_HG,9613,11383,55.526,-18.255,45.171,55.581,-18.24,45.227,55.5535,-18.2475,45.199,55.475796052539465,-18.04493671114268,44.888318143126384,-7.020339738917807,2.9790771020142675,0.0799124520960262,2.189622925032548,1.215503737645972,2.262653864569745
TYR_44_A_O,LEU_48_C_HG,9606,11365,55.37,-17.753,45.318,55.425,-17.623,45.723,55.3975,-17.688000000000002,45.5205,55.44162212676301,-17.593639708974944,44.891558751156936,-6.56773909496227,2.9790771020142675,0.4288939262801475,2.049743775118904,1.2331439134025917,2.2759140551286428
TYR_44_A_CG,LEU_48_C_CD1,9666,11185,55.614,-17.034,46.316,55.632,-17.177,46.159,55.623,-17.1055,46.2375,55.40744820098655,-17.14234270680721,44.89479935918749,-6.115138451006733,2.9790771020142675,0.2131243768319367,2.6801275339246726,1.1866729761524681,2.3745720036243236
TYR_44_A_CD2,LEU_48_C_CD1,9685,11234,55.477,-16.781,46.806,55.505,-16.839,46.287,55.491,-16.81,46.5465,55.373274275210086,-16.691045704639475,44.89803996721805,-5.662537807051196,2.9790771020142675,0.5229808791915805,3.00860319705692,1.1881432668751049,2.3987464107073913
TYR_44_A_CD2,LEU_48_C_CD1,9697,11213,55.585,-16.045,48.283,55.847,-16.242,49.184,55.716,-16.143500000000003,48.7335,55.33910034943363,-16.23974870247174,44.9012805752486,-5.209937163095658,2.9790771020142675,0.9587773464157324,2.918157272417622,1.1628335645456662,2.5251280112367533
TYR_44_A_CD2,LEU_48_C_CD1,9695,11220,55.696,-15.701,48.51,55.735,-15.835,48.422,55.7155,-15.768,48.466,55.30492642365717,-15.788451700304003,44.90452118327915,-4.757336519140122,2.9790771020142675,0.1649878783426236,2.9856080679620107,1.129307257482794,2.524982374340845
ILE_41_A_HG23,LEU_30_C_CD1,8390,2608,54.81,-11.618,42.627,54.739,-11.599,42.528,54.7745,-11.6085,42.5775,54.99736109166904,-11.726778680794393,44.93368665555414,-0.6839307235402892,2.9790771020142675,0.1233004460657035,2.929195109997212,0.9197199593855075,2.2447793992495035
ILE_41_A_CG2,LEU_30_C_HD13,8263,2937,54.641,-11.413,42.902,54.777,-11.425,42.076,54.709,-11.419,42.489,54.96318716589258,-11.275481678626658,44.9369272635847,-0.2313300795847528,2.9790771020142675,0.8372072622714173,3.096529645827023,0.9272128909198797,2.247132430619966
ILE_41_A_CG2,LEU_30_C_CD1,8270,2582,54.599,-10.82,43.42,54.788,-10.761,44.436,54.6935,-10.7905,43.928,54.92901324011612,-10.824184676458922,44.94016787161525,0.2212705643707853,2.9790771020142675,1.0351125542664414,1.807983654043227,0.8731546252145497,2.207337487041342
ILE_41_A_HG22,LEU_30_C_CD1,8381,2583,54.761,-10.2,43.925,55.044,-10.376,44.436,54.9025,-10.288,44.1805,54.89483931433966,-10.372887674291189,44.94340847964581,0.6738712083263216,2.9790771020142675,0.6100704877307208,2.3407967308933766,0.8707497845547667,2.236583657134261
ILE_41_A_HG22,LEU_30_C_HD11,8356,2892,54.706,-9.808,44.799,54.794,-9.82,44.678,54.75,-9.814,44.7385,54.860665388563206,-9.921590672123454,44.94664908767636,1.126471852281858,2.9790771020142675,0.1500966355385738,2.5546791929988237,0.8718187627570585,2.261831260742382
ILE_32_A_CD1,LEU_30_C_HD13,3698,2954,54.831,-9.42,44.578,54.661,-9.678,41.103,54.746,-9.549,42.840500000000006,54.82649146278674,-9.470293669955716,44.94988969570692,1.579072496237396,2.9790771020142675,3.4887087869296303,2.7729940611385797,1.0541585935384388,2.304029233183907
ILE_32_A_CD1,LEU_30_C_HD11,3692,2902,54.647,-9.124,45.181,54.717,-9.23,44.842,54.682,-9.177,45.0115,54.79231753701029,-9.018996667787984,44.95313030373747,2.0316731401929324,2.9790771020142675,0.362017955355807,2.709366401136224,0.8851339845695135,2.292549767899067
ILE_32_A_CD1,LEU_30_C_HD11,3696,2909,54.697,-8.723,44.612,54.812,-8.647,44.633,54.7545,-8.685,44.6225,54.75814361123383,-8.56769966562025,44.95637091176802,2.4842737841484688,2.9790771020142675,0.1394345724703846,2.0735704219256963,0.8577558800271184,2.296510194771631
ILE_32_A_HD12,LEU_30_C_HD11,3863,2886,54.62,-8.266,44.265,54.562,-8.27,44.437,54.591,-8.268,44.351,54.72396968545737,-8.116402663452513,44.95961151979858,2.936874428104007,2.9790771020142675,0.1815599074685789,2.073307021893613,0.848826868682815,2.305580032476991
PHE_38_A_HE1,LEU_30_C_HD11,7120,2881,54.449,-7.874,43.244,54.591,-7.86,43.294,54.52,-7.867,43.269,54.689795759680905,-7.66510566128478,44.96285212782913,3.3894750720595432,2.9790771020142675,0.1511952380202516,2.167131264831824,0.9098247698397544,2.3242220893144325
PHE_38_A_CE1,LEU_30_C_HG,6817,2854,54.152,-7.193,41.907,54.16,-7.038,41.887,54.156,-7.1155,41.897,54.65562183390445,-7.213808659117046,44.96609273585968,3.84207571601508,2.9790771020142675,0.1564896162689383,2.8046165845345845,1.0408540903260475,2.3795551866801885
ILE_32_A_HD12,THR_29_C_C,3873,2044,54.492,-6.853,43.802,54.452,-6.898,43.69,54.472,-6.8755,43.746,54.62144790812799,-6.76251165694931,44.96933334389024,4.294676359970618,2.9790771020142675,0.1271573827978554,2.077557479793207,0.8802554280041334,2.323482869309174
ILE_32_A_HD12,THR_29_C_HA,3888,2286,54.57,-6.432,44.12,54.632,-6.485,44.07,54.601,-6.458500000000001,44.095,54.58727398235153,-6.311214654781575,44.97257395192079,4.747277003926154,2.9790771020142675,0.0956713123146087,2.7383324194774423,0.8680121843005306,2.3165906428746603
ILE_32_A_HD12,THR_29_C_HA,3860,2307,54.621,-5.84,45.334,54.63,-5.823,45.593,54.6255,-5.8315,45.4635,54.55310005657507,-5.8599176526138415,44.97581455995135,5.19987764788169,2.9790771020142675,0.2597133034713473,2.1857685333286256,0.8833268087709774,2.2820279106996213
LEU_30_A_O,THR_29_C_HA,2497,2306,54.528,-5.553,45.595,54.725,-5.415,45.802,54.6265,-5.484,45.6985,54.51892613079861,-5.408620650446106,44.97905516798191,5.6524782918372285,2.9790771020142675,0.3173357843042624,2.178997723083664,0.9153624408189408,2.2774627283249878
GLN_31_A_HB3,THR_29_C_HA,3445,2304,54.866,-4.99,50.428,54.459,-4.957,45.907,54.6625,-4.9735,48.1675,54.48475220502216,-4.957323648278371,44.98229577601246,6.105078935792765,2.9790771020142675,4.539402934307551,1.5459623653585055,1.4000322590148722,2.253117437767307
GLN_31_A_HA,THR_29_C_HA,3397,2277,54.693,-4.718,45.768,54.66,-4.658,45.843,54.6765,-4.688000000000001,45.8055,54.4505782792457,-4.506026646110637,44.98553638404301,6.557679579748301,2.9790771020142675,0.1015578652788668,1.8548825916417568,0.9780563449167388,2.2655468316864336
GLN_31_A_HA,THR_29_C_HA,3409,2276,54.389,-4.153,45.851,54.442,-4.213,46.009,54.4155,-4.183,45.93,54.41640435346923,-4.054729643942902,44.98877699207357,7.010280223703839,2.9790771020142675,0.1771242501748424,1.909696612617628,1.0538744573815773,2.278041071786438
GLN_31_A_HA,PHE_28_C_O,3406,1441,54.484,-3.745,46.06,54.708,-3.786,46.116,54.596,-3.7655,46.088,54.382230427692775,-3.603432641775168,44.99201760010412,7.462880867659376,2.9790771020142675,0.2345058634661364,1.8735802419662264,1.0948095095326669,2.2557716608998364
GLN_31_A_HA,THR_29_C_CB,3391,2114,54.442,-3.272,46.506,54.479,-3.051,46.26,54.4605,-3.1615,46.383,54.34805650191632,-3.152135639607433,44.99525820813467,7.915481511614912,2.9790771020142675,0.3327551652491676,1.739054749779941,1.1976110052187376,2.254742355303007
GLN_31_A_HG3,THR_29_C_HB,3463,2344,54.491,-2.486,46.767,54.471,-2.538,46.275,54.481,-2.512,46.521,54.31388257613986,-2.7008386374396967,44.99849881616523,8.36808215557045,2.9790771020142675,0.4951444233756495,1.9084541645622408,1.3288596549497596,2.2608681876964365
GLN_31_A_HG3,THR_29_C_HB,3464,2345,54.596,-2.091,46.727,54.266,-2.183,46.275,54.431,-2.137,46.501,54.2797086503634,-2.249541635271964,45.00173942419578,8.820682799525986,2.9790771020142675,0.5671578263587633,1.9844181342137568,1.3993803570224204,2.2822322579380185
GLN_31_A_CD,THR_29_C_HB,3188,2346,54.473,-1.82,46.768,54.566,-1.955,46.066,54.5195,-1.8875,46.417,54.24553472458694,-1.7982446331042288,45.004980032226335,9.273283443481525,2.9790771020142675,0.7208869536896878,1.8891430707565016,1.4741847325983315,2.2939579166317494
GLN_31_A_CD,THR_29_C_HB,3219,2349,54.259,-1.482,46.759,54.292,-1.525,45.747,54.2755,-1.5034999999999998,46.253,54.21136079881048,-1.346947630936494,45.008220640256894,9.72588408743706,2.9790771020142675,1.013450541467121,2.036059928838058,1.6052944879762148,2.3428638878522956
GLN_31_A_CD,THR_29_C_HB,3221,2317,54.53,-1.036,46.619,54.194,-1.011,44.554,54.362,-1.0235,45.5865,54.17718687303402,-0.8956506287687593,45.011461248287446,10.178484731392595,2.9790771020142675,2.09230638291814,1.9382036770316216,1.8064889270669628,2.4238213906925665
GLN_31_A_CD,THR_29_C_CG2,3220,2194,54.259,-0.59,46.759,53.87,-0.258,44.104,54.0645,-0.424,45.4315,54.14301294725756,-0.4443536266010228,45.014701856318,10.631085375348135,2.9790771020142675,2.703806575922177,2.64667124633192,2.025325610500858,2.514352254194725
GLN_31_A_OE1,GLU_26_C_HB3,3293,569,54.456,0.254,46.834,53.87,0.493,44.104,54.163,0.3735,45.469,54.074665095704646,0.4582403777344448,45.02118307237911,11.536286663259208,2.9790771020142675,2.8023948686792925,3.157781126411284,2.2027494986231173,2.6123673390795332
GLN_31_A_OE1,GLU_26_C_OE2,3256,360,54.36,0.785,47.787,53.758,0.837,44.269,54.059,0.8109999999999999,46.028,54.04049116992819,0.9095373799021812,45.02442368040966,11.988887307214746,2.9790771020142675,3.569514252668001,3.453250513529703,2.3770385534016523,2.669256305530134
GLN_54_A_HE22,GLN_54_C_HA,14222,13985,56.474,-31.674,42.171,57.642,-31.661,50.265,57.058,-31.6675,46.218,56.94492649892955,-31.549911049678904,44.74640060783132,-20.598359057583917,3.426523324242414,8.177849900799112,3.376378206550547,3.012421675854589,3.576277047810257
GLN_54_A_HE22,GLN_54_C_C,14223,13713,56.564,-31.222,42.171,56.944,-31.019,46.046,56.754000000000005,-31.1205,44.1085,56.91075257315309,-31.09861404751117,44.74964121586187,-20.14575841362838,3.426523324242414,3.8988759918725298,3.8301717469035528,2.2602885791824217,3.5752569484928522
GLN_54_A_HE22,GLN_54_C_C,14224,13710,56.474,-30.77,42.171,57.223,-30.769,45.894,56.8485,-30.7695,44.0325,56.87657864737663,-30.647317045343435,44.75288182389242,-19.693157769672844,3.426523324242414,3.797595423422563,3.675700075795481,2.1823390608360493,3.5575822305675935
LEU_50_A_HD12,GLN_54_C_C,12308,13684,56.81,-28.646,45.168,57.061,-28.714,46.274,56.935500000000005,-28.68,45.721,56.7398829442708,-28.842129036672496,44.765844256014645,-17.88275519385069,3.426523324242414,1.1361606400505178,3.992865570246405,1.420333734100284,3.2674590958466765
LEU_50_A_HD12,LYS_51_C_HA,12305,12572,56.614,-28.412,45.487,56.917,-28.269,46.274,56.7655,-28.3405,45.8805,56.70570901849434,-28.39083203450476,44.7690848640452,-17.430154549895157,3.426523324242414,0.8553519743357125,3.7988449812382536,1.328164124625196,3.2018479138473963
LEU_50_A_HD12,LYS_51_C_HA,12285,12587,56.828,-28.145,45.344,56.931,-27.887,46.037,56.8795,-28.016,45.6905,56.67153509271788,-27.939535032337027,44.77232547207575,-16.977553905939622,3.426523324242414,0.7466069916629468,3.98326707031604,1.2939884713557417,3.1585350663326395
LEU_50_A_CD1,LYS_51_C_HA,12054,12604,56.772,-27.688,45.582,56.643,-27.425,45.563,56.7075,-27.5565,45.572500000000005,56.63736116694142,-27.48823803016929,44.77556608010631,-16.52495326198408,3.426523324242414,0.2935489737675783,3.317037517835429,1.2290727263137746,3.040121704296258
LEU_50_A_CD1,LYS_51_C_HA,12051,12606,56.863,-27.235,45.582,56.764,-27.175,45.244,56.813500000000005,-27.205,45.413,56.60318724116496,-27.03694102800156,44.77880668813686,-16.072352618028546,3.426523324242414,0.3572744043448954,3.0922712158745727,1.2019761665267197,2.987601679838705
LEU_50_A_CD1,LYS_51_C_HA,12052,12608,56.772,-26.782,45.582,56.669,-26.767,45.035,56.7205,-26.7745,45.3085,56.5690133153885,-26.585644025833822,44.78204729616741,-15.619751974073008,3.426523324242414,0.5568150500839618,3.217835683044714,1.1746433983891935,2.9012579777547045
LEU_50_A_CD1,LYS_51_C_CA,12059,12411,56.551,-26.033,45.282,56.335,-26.035,44.922,56.443,-26.034,45.102,56.53483938961204,-26.134347023666088,44.78528790419797,-15.167151330117472,3.426523324242414,0.4198333002514213,2.89474720903256,1.120830440108926,2.7528151889504215
LEU_50_A_CD1,LYS_51_C_CB,12064,12463,56.466,-25.715,44.921,56.662,-25.823,44.645,56.564,-25.769,44.783,56.50066546383558,-25.683050021498357,44.78852851222853,-14.714550686161935,3.426523324242414,0.3553252031590178,2.544145555744629,1.1506138139353475,2.733618892833352
LEU_50_A_HD13,LYS_51_C_CB,12320,12465,56.48,-25.237,43.981,56.393,-25.204,44.161,56.4365,-25.2205,44.071,56.46649153805912,-25.23175301933062,44.79176912025908,-14.261950042206395,3.426523324242414,0.2026277374892171,2.5663103842971102,1.1780439263222329,2.6568701954008858
LEU_50_A_HD13,LYS_51_C_HB2,12319,12630,56.311,-24.801,43.981,56.553,-24.98,44.0,56.432,-24.8905,43.9905,56.43231761228267,-24.780456017162884,44.79500972828964,-13.80934939825086,3.426523324242414,0.3016057028638539,2.7969597560950934,1.1868242364100272,2.6207540133059575
ALA_47_A_HA,LYS_51_C_HB2,11018,12629,56.396,-24.307,43.796,56.403,-24.302,43.78,56.3995,-24.3045,43.788,56.39814368650621,-24.32915901499515,44.79825033632019,-13.356748754295324,3.426523324242414,0.0181659021245823,2.749311258787705,1.2187731177611738,2.5815083813920023
ALA_47_A_CB,LYS_51_C_HB2,10958,12628,56.265,-23.989,44.392,56.339,-23.767,43.903,56.302,-23.878,44.1475,56.36396976072975,-23.87786201282741,44.80149094435074,-12.904148110339786,3.426523324242414,0.542107922834563,2.720881902082376,1.1974002725667434,2.5307668049865883
ALA_47_A_CB,LYS_51_C_CB,10957,12468,56.292,-23.619,44.65,56.197,-23.318,44.283,56.2445,-23.4685,44.4665,56.32979583495329,-23.42656501065968,44.8047315523813,-12.45154746638425,3.426523324242414,0.4840609465759418,2.535440172398594,1.1998284096273388,2.496110476840791
ALA_47_A_CB,ASP_52_C_HB3,10948,13412,56.461,-23.057,45.458,57.045,-22.941,52.537,56.753,-22.999,48.9975,56.29562190917683,-22.975268008491945,44.80797216041185,-11.998946822428714,3.426523324242414,7.103995565876996,2.2260891788157684,1.8196317694772544,2.3999906196472773
ALA_47_A_HB2,LYS_51_C_CB,11085,12471,56.386,-22.595,46.086,56.209,-22.382,45.379,56.2975,-22.4885,45.7325,56.26144798340037,-22.52397100632421,44.8112127684424,-11.546346178473176,3.426523324242414,0.7593069208166088,2.9912554910290656,1.2101850503519809,2.4691220956337756
ALA_47_A_CB,LYS_51_C_CB,10951,12472,56.567,-21.916,46.184,56.421,-21.983,45.522,56.494,-21.9495,45.853,56.22727405762391,-22.072674004156475,44.81445337647296,-11.09374553451764,3.426523324242414,0.6812114209259846,3.389306242581431,1.213771738003603,2.4918112488274944
ALA_47_A_CB,LEU_48_C_HD21,10952,11518,56.265,-21.546,46.239,56.089,-21.698,45.677,56.177,-21.622,45.958,56.19310013184745,-21.62137700198874,44.81769398450352,-10.641144890562105,3.426523324242414,0.6082137782063132,2.907064715603921,1.2014160950748547,2.4283755335452994
ALA_47_A_CB,LEU_48_C_HD21,10965,11519,56.125,-21.147,46.168,56.248,-21.255,45.629,56.1865,-21.201,45.8985,56.158926206070994,-21.17007999982101,44.82093459253407,-10.188544246606565,3.426523324242414,0.563306310988969,2.6476650629833824,1.2114163167101053,2.415786638042452
ALA_47_A_CB,LEU_48_C_CD2,10970,11250,56.453,-20.697,46.028,56.058,-20.626,45.529,56.2555,-20.6615,45.7785,56.12475228029454,-20.71878299765327,44.82417520056463,-9.735943602651028,3.426523324242414,0.6403647398162998,2.607964590592968,1.2309001175707508,2.3918776157060515
ALA_47_A_CB,LEU_48_C_CD2,10947,11269,56.225,-20.059,45.572,56.132,-20.181,45.398,56.1785,-20.12,45.485,56.09057835451807,-20.267485995485536,44.82741580859518,-9.283342958695492,3.426523324242414,0.231967670161168,2.136829066241737,1.2407179974490001,2.3549796496150694
GLU_46_A_HA,LEU_48_C_HD23,10737,11595,55.232,-19.622,37.922,56.386,-19.679,49.417,55.809,-19.6505,43.6695,56.056404428741615,-19.8161889933178,44.83065641662573,-8.830742314739954,3.426523324242414,11.552921275590869,2.7092792016901583,2.8323391813038645,2.548520966340828
GLU_46_A_HA,LEU_48_C_CD2,10723,11255,55.152,-19.264,38.355,56.086,-19.372,45.382,55.619,-19.318,41.8685,56.02223050296516,-19.364891991150067,44.83389702465629,-8.378141670784418,3.426523324242414,7.089622627474611,2.391842950780411,2.3211993211928643,2.4545965539010024
ALA_47_A_HB1,LEU_48_C_HG,11044,11366,56.242,-19.075,45.102,55.829,-18.893,45.314,56.0355,-18.984,45.208,55.9880565771887,-18.91359498898233,44.83713763268684,-7.92554102682888,3.426523324242414,0.4986351371493972,2.43142882178383,1.2360019556110793,2.3032175941483404
TYR_44_A_O,LEU_48_C_HD11,9604,11407,55.801,-18.468,45.102,56.561,-18.636,49.307,56.181,-18.552,47.2045,55.95388265141224,-18.4622979868146,44.84037824071739,-7.472940382873344,3.426523324242414,4.276429468610472,2.258052626411649,1.484536381749716,2.315884562327105
TYR_44_A_O,LEU_48_C_CG,9612,11175,55.89,-18.072,45.26,55.874,-18.028,45.665,55.882000000000005,-18.05,45.4625,55.91970872563578,-18.011000984646863,44.84361884874795,-7.020339738917807,3.426523324242414,0.4076971915527514,2.503149314938316,1.2170686225775715,2.3055469280962195
TYR_44_A_CB,LEU_48_C_CD1,9633,11182,56.005,-17.547,45.638,56.144,-17.427,46.253,56.0745,-17.487000000000002,45.9455,55.88553479985932,-17.559703982479128,44.8468594567785,-6.56773909496227,3.426523324242414,0.6418301956125168,2.6561081479287734,1.205110128845556,2.3661305516644697
TYR_44_A_CG,LEU_48_C_CD1,9657,11233,56.118,-17.095,46.422,55.928,-17.032,46.287,56.023,-17.063499999999998,46.3545,55.851360874082864,-17.108406980311393,44.850100064809055,-6.115138451006733,3.426523324242414,0.2414415043028044,2.8732406751554707,1.1599280306587523,2.4185969968861776
TYR_44_A_CD2,LEU_48_C_CD1,9686,11230,55.933,-16.86,46.886,55.841,-16.561,46.514,55.887,-16.7105,46.7,55.8171869483064,-16.65710997814366,44.853340672839614,-5.662537807051196,3.426523324242414,0.4860545236905005,3.3476369548015525,1.1563130499790628,2.4473770360034632
TYR_44_A_CD2,LEU_48_C_CD1,9698,11219,56.038,-16.136,48.283,56.177,-15.979,48.422,56.1075,-16.057499999999997,48.3525,55.78301302252994,-16.205812975975924,44.85658128087017,-5.209937163095658,3.426523324242414,0.2515770259781279,2.998231397249601,1.089693403877734,2.549038979211673
TYR_44_A_HD2,LEU_48_C_CD1,9982,11222,56.321,-15.657,48.565,56.062,-15.878,47.999,56.1915,-15.7675,48.282,55.748839096753485,-15.75451597380819,44.85982188890072,-4.757336519140122,3.426523324242414,0.6605134366536347,3.098338701339556,1.1141915751390414,2.543413451021983
ILE_41_A_CG2,LEU_30_C_CD1,8239,2605,55.594,-11.829,46.356,55.029,-11.487,42.951,55.3115,-11.658,44.6535,55.44127376476536,-11.692842954298577,44.88898736117571,-0.6839307235402892,3.426523324242414,3.468459888769078,3.220161803502428,1.0206381126235493,2.293461709418477
ILE_41_A_CG2,LEU_30_C_HD13,8253,2938,55.037,-11.456,42.596,55.033,-11.434,42.453,55.035,-11.445,42.5245,55.40709983898889,-11.241545952130842,44.89222796920627,-0.2313300795847528,3.426523324242414,0.1447376937773922,3.1742870110558643,0.9062015227106545,2.24531653539049
ILE_41_A_CG2,LEU_30_C_CD1,8257,2591,54.998,-10.742,43.014,55.413,-10.812,43.775,55.2055,-10.777,43.3945,55.372925913212434,-10.790248949963106,44.89546857723682,0.2212705643707853,3.426523324242414,0.8696240567049606,1.7593110404273462,0.8729661145607599,2.219561259686626
ILE_41_A_CG2,LEU_30_C_CD1,8259,2586,55.042,-10.197,43.308,55.363,-10.382,44.136,55.2025,-10.2895,43.722,55.33875198743598,-10.338951947795373,44.89870918526737,0.6738712083263216,3.426523324242414,0.907110798083676,1.8719608971865904,0.857420928546455,2.235864512124834
ILE_41_A_HG22,LEU_30_C_CD1,8372,2587,55.059,-9.694,43.848,55.435,-9.923,44.136,55.247,-9.8085,43.992,55.30457806165952,-9.887654945627638,44.90194979329793,1.126471852281858,3.426523324242414,0.5260807922743478,2.441335597120689,0.8695730157326095,2.265424468575881
ILE_41_A_HG22,LEU_30_C_HD11,8370,2907,55.0,-9.478,44.231,55.047,-9.447,44.633,55.0235,-9.4625,44.432,55.270404135883055,-9.4363579434599,44.90519040132848,1.579072496237396,3.426523324242414,0.4059236381389985,2.630183171332969,0.8725141365141732,2.276379486888497
PHE_38_A_CE1,LEU_30_C_CD1,6822,2562,54.801,-8.936,41.633,54.881,-8.858,41.627,54.841,-8.897,41.63,55.2362302101066,-8.985060941292168,44.90843100935904,2.0316731401929324,3.426523324242414,0.1118928058455933,2.0633689850190744,1.0172557808158755,2.324486917472822
PHE_38_A_HE1,LEU_30_C_HD11,7109,2915,54.967,-8.584,43.45,55.143,-8.394,43.506,55.055,-8.489,43.478,55.20205628433014,-8.533763939124434,44.91167161738959,2.4842737841484688,3.426523324242414,0.2649754705628432,2.319515251814309,0.879890601014722,2.3041850875487473
PHE_38_A_CZ,LEU_30_C_CD1,6958,2563,54.76,-8.215,39.377,54.85,-8.24,42.724,54.805,-8.2275,41.0505,55.16788235855368,-8.082466936956697,44.91491222542015,2.936874428104007,3.426523324242414,3.3483031523444766,3.8353192730165633,1.1961662310404066,2.391769637855666
ILE_32_A_HD12,THR_29_C_HA,3887,2285,54.987,-6.232,44.12,54.913,-6.125,44.07,54.95,-6.1785,44.095,55.03118665544785,-6.277278928285759,44.92787465754236,4.747277003926154,3.426523324242414,0.1393735986476654,2.680850652793271,0.869864405583,2.3052996273218183
ILE_32_A_HD12,THR_29_C_HA,3862,2310,55.162,-5.816,44.985,55.168,-5.873,45.274,55.165,-5.8445,45.1295,54.99701272967138,-5.8259819261180255,44.93111526557291,5.19987764788169,3.426523324242414,0.2946285797406642,2.274962079773912,0.8653698380234157,2.2672871405041977
PHE_38_A_CZ,THR_29_C_C,6943,2057,54.76,-5.417,41.025,54.669,-5.431,41.764,54.7145,-5.424,41.3945,54.962838803894925,-5.37468492395029,44.93435587360347,5.6524782918372285,3.426523324242414,0.7447133676791404,3.217092345907932,1.10381023454392,2.3677115338832526
GLN_31_A_HA,THR_29_C_HA,3395,2294,55.122,-4.715,45.63,55.068,-4.859,45.768,55.095,-4.787,45.699,54.92866487811847,-4.923387921782555,44.93759648163402,6.105078935792765,3.426523324242414,0.2066301042926701,2.224705016580502,0.9563208021570646,2.245932220143214
GLN_31_A_HA,THR_29_C_HA,3396,2278,54.878,-4.37,45.788,54.933,-4.283,45.843,54.9055,-4.3265,45.8155,54.89449095234201,-4.472090919614821,44.940837089664576,6.557679579748301,3.426523324242414,0.1167004712929672,1.8017792409927464,1.0119424231692407,2.244239027900167
GLN_31_A_HB3,THR_29_C_HA,3439,2275,55.381,-3.865,51.343,54.821,-3.938,46.009,55.101,-3.9015,48.676,54.860317026565546,-4.020793917447086,44.944077697695135,7.010280223703839,3.426523324242414,5.3638125433314725,1.8401549474795036,1.5629636656239552,2.2851302219081426
GLN_31_A_HA,PHE_28_C_O,3400,1440,54.872,-3.696,46.096,55.1,-3.6,46.125,54.986,-3.648,46.1105,54.82614310078909,-3.5694969152793523,44.94731830572569,7.462880867659376,3.426523324242414,0.2490803083344826,1.6750343290430572,1.088776012716914,2.220132529601664
GLN_31_A_HG3,THR_29_C_CB,3486,2113,54.889,-3.267,46.272,54.814,-3.312,46.177,54.8515,-3.2895,46.2245,54.79196917501263,-3.1181999131116176,44.95055891375624,7.915481511614912,3.426523324242414,0.1291317157014503,1.700676145587415,1.1540964087074248,2.2257858679414233
GLN_31_A_HG3,THR_29_C_HB,3484,2336,54.889,-2.818,46.387,54.769,-2.581,46.158,54.829,-2.6995,46.2725,54.757795249236175,-2.666902910943881,44.9537995217868,8.36808215557045,3.426523324242414,0.35072781469396,1.6430507189583383,1.2513447419042887,2.234120891469259
GLN_31_A_HG3,THR_29_C_HB,3491,2337,54.936,-2.399,46.394,54.882,-2.242,46.021,54.909,-2.3205,46.2075,54.72362132345971,-2.215605908776148,44.95704012981735,8.820682799525986,3.426523324242414,0.4082817654512609,1.767704865115664,1.3335197613907985,2.245860508455173
GLN_31_A_CD,THR_29_C_HB,3187,2348,54.775,-1.573,46.62,54.709,-1.725,45.747,54.742,-1.649,46.1835,54.68944739768325,-1.7643089066084134,44.9602807378479,9.273283443481525,3.426523324242414,0.8885882060887345,1.7175528915121063,1.530481854391763,2.3064326112604276
GLN_31_A_NE2,THR_29_C_HB,3311,2323,55.079,-1.293,50.692,54.811,-1.507,45.083,54.945,-1.4,47.8875,54.6552734719068,-1.3130119044406787,44.96352134587846,9.72588408743706,3.426523324242414,5.619475153428478,2.4304642450756986,1.8951672081340472,2.3866213751002494
GLN_31_A_OE1,THR_29_C_HB,3249,2318,54.953,-0.817,46.543,54.613,-0.875,44.554,54.783,-0.846,45.5485,54.62109954613034,-0.8617149022729439,44.96676195390901,10.178484731392595,3.426523324242414,2.018683977248542,2.164388613823777,1.8171631535981825,2.435827199031703
GLN_31_A_OE1,GLU_26_C_HB3,3248,562,54.593,-0.55,46.627,54.696,-0.403,44.293,54.6445,-0.4765,45.46,54.586925620353874,-0.4104179001052074,44.970002561939566,10.631085375348135,3.426523324242414,2.34089171043857,2.753924126030193,1.9586056153038078,2.4964108533614033
GLN_31_A_OE1,GLU_26_C_HB3,3299,563,54.666,-0.176,46.573,54.403,-0.19,44.128,54.5345,-0.183,45.3505,54.55275169457742,0.0408791020625273,44.973243169970125,11.083686019303672,3.426523324242414,2.4591441600687016,3.2512641068112136,2.031399563476395,2.5432705938529816
GLN_31_A_OE1,GLU_26_C_HB3,3292,566,54.715,0.61,46.834,54.605,0.562,44.269,54.66,0.5860000000000001,45.5515,54.51857776880096,0.4921761042302602,44.97648377800068,11.536286663259208,3.426523324242414,2.5678062621623203,3.5774521521619507,2.190303535015466,2.6424946817857973
GLN_31_A_OE1,GLU_26_C_HB3,3284,564,54.656,0.84,47.169,54.521,1.034,44.53,54.5885,0.937,45.8495,54.4844038430245,0.9434731063979968,44.97972438603123,11.988887307214746,3.426523324242414,2.649562605412444,3.318886299878328,2.277814792607301,2.6752537841569595
LEU_50_A_HD12,GLN_54_C_C,12312,13696,56.966,-28.647,44.776,57.147,-28.684,46.214,57.0565,-28.6655,45.495000000000005,57.1837956173671,-28.80819331017668,44.72114496163621,-17.88275519385069,3.87396954647056,1.4498186093439365,4.05639666744959,1.4444886933273098,3.276921086042174
LEU_50_A_HD12,GLN_54_C_C,12286,13698,57.028,-28.279,44.986,57.272,-28.23,46.068,57.15,-28.2545,45.527,57.149621691590646,-28.356896308008945,44.724385569666765,-17.430154549895157,3.87396954647056,1.11025267394409,4.166770509775625,1.3476404970799354,3.2181753382665144
LEU_50_A_CD1,LYS_51_C_HA,12055,12586,57.091,-27.694,45.282,57.351,-27.787,45.887,57.221,-27.7405,45.5845,57.11544776581419,-27.90559930584121,44.72762617769732,-16.977553905939622,3.87396954647056,0.6650368410847656,3.5922614691209733,1.2789314278112054,3.126113379392483
LEU_50_A_CD1,LYS_51_C_HA,12056,12589,57.163,-27.235,45.282,56.97,-27.544,45.679,57.0665,-27.3895,45.4805,57.08127384003773,-27.45430230367348,44.73086678572788,-16.52495326198408,3.87396954647056,0.5388311423813625,3.5974009435871683,1.2231520830752896,3.0535004258712193
LEU_50_A_HD13,LYS_51_C_HA,12361,12607,57.008,-26.818,42.563,57.194,-27.114,45.244,57.101,-26.966,43.9035,57.04709991426127,-27.00300530150574,44.73410739375843,-16.072352618028546,3.87396954647056,2.703696173759172,2.4885486158079955,1.43416114730495,2.9932405508935607
LEU_50_A_CD1,LYS_51_C_HA,12057,12609,57.091,-26.776,45.282,57.079,-26.767,45.035,57.085,-26.7715,45.1585,57.01292598848481,-26.551708299338006,44.73734800178898,-15.619751974073008,3.87396954647056,0.2474550464225774,3.438926377899729,1.1989382214451236,2.9434542381362765
LEU_50_A_CD1,LYS_51_C_HA,12063,12596,56.846,-25.984,44.921,56.906,-26.112,44.817,56.876,-26.048,44.869,56.978752062708345,-26.10041129717027,44.74058860981954,-15.167151330117472,3.87396954647056,0.1754992877478402,3.1286031360137656,1.17282749482504,2.8133671959104722
LEU_50_A_CD1,LYS_51_C_CB,12069,12461,56.859,-25.808,44.52,57.079,-25.694,44.445,56.969,-25.751,44.4825,56.94457813693189,-25.649114295002537,44.74382921785009,-14.714550686161935,3.87396954647056,0.2588841439717776,2.951764961088844,1.1894343578055477,2.7815870746550235
LEU_50_A_HD13,LYS_51_C_HB2,12327,12627,56.748,-25.111,43.252,56.667,-25.046,44.025,56.7075,-25.0785,43.6385,56.91040421115543,-25.1978172928348,44.74706982588064,-14.261950042206395,3.87396954647056,0.7799455109172649,2.7763730288354127,1.285470597643212,2.693834694751436
ALA_47_A_HA,LYS_51_C_HG3,11021,12708,56.681,-24.11,43.461,56.866,-24.457,43.697,56.7735,-24.2835,43.579,56.84205635960252,-24.295223288499333,44.75355104194176,-13.356748754295324,3.87396954647056,0.4586174876735554,2.954440703448473,1.296756206656083,2.6383331092385025
ALA_47_A_HA,LYS_51_C_HG3,11017,12707,56.565,-23.87,43.796,56.742,-23.954,43.683,56.6535,-23.912,43.7395,56.80788243382605,-23.8439262863316,44.75679164997231,-12.904148110339786,3.87396954647056,0.2261725005388579,2.78878563348499,1.2648830223966114,2.5972997229949066
ALA_47_A_CB,LYS_51_C_HG3,10944,12696,56.917,-23.438,43.919,56.818,-23.389,43.963,56.8675,-23.4135,43.941,56.7737085080496,-23.392629284163863,44.76003225800287,-12.45154746638425,3.87396954647056,0.118903322073023,2.861466043001994,1.3153650022842618,2.6094911847887
ALA_47_A_CB,LYS_51_C_CB,10981,12475,56.795,-22.926,45.501,56.533,-22.874,44.559,56.664,-22.9,45.03,56.73953458227314,-22.94133228199613,44.76327286603342,-11.998946822428714,3.87396954647056,0.9791383967550248,3.1422540805404635,1.237192286422477,2.541284576950019
ALA_47_A_CB,LYS_51_C_CB,10950,12469,56.713,-22.341,46.012,56.719,-22.515,45.05,56.716,-22.428,45.531,56.70536065649668,-22.490035279828398,44.76651347406397,-11.546346178473176,3.87396954647056,0.9776277410139332,3.305143329482509,1.2232165247286448,2.5416404918666125
ALA_47_A_CB,ASP_52_C_CB,10966,13099,56.876,-22.136,46.028,57.344,-21.869,51.265,57.11,-22.0025,48.6465,56.671186730720216,-22.03873827766066,44.76975408209453,-11.09374553451764,3.87396954647056,5.264644527411136,2.9554849500940024,1.7345649774428265,2.395459829727483
ALA_47_A_CB,LEU_48_C_HD21,10963,11515,56.759,-21.513,46.168,56.603,-21.542,45.665,56.681,-21.527500000000003,45.9165,56.63701280494376,-21.587441275492925,44.77299469012508,-10.641144890562105,3.87396954647056,0.5274334081189773,3.178930849793954,1.2217530096061817,2.505503190140808
ALA_47_A_CB,LEU_48_C_HD21,10964,11513,56.547,-21.147,46.168,56.731,-20.977,45.687,56.639,-21.062,45.9275,56.6028388791673,-21.13614427332519,44.77623529815563,-10.188544246606565,3.87396954647056,0.5423255479875557,2.743750020201871,1.2430355584334567,2.4763108989584537
ALA_47_A_CB,LEU_48_C_CD2,10969,11244,56.876,-20.89,46.028,56.876,-20.734,45.649,56.876,-20.812,45.8385,56.56866495339085,-20.68484727115745,44.77947590618619,-9.735943602651028,3.87396954647056,0.4098499725509298,2.535759696834455,1.2565581410280866,2.494092322414865
TYR_44_A_HB2,LEU_48_C_CD2,9923,11270,56.74,-20.067,45.515,56.554,-20.181,45.398,56.647000000000006,-20.124,45.456500000000005,56.53449102761438,-20.23355026898972,44.78271651421674,-9.283342958695492,3.87396954647056,0.247549994950514,2.123352850621108,1.2462370599184196,2.41326605167278
ALA_47_A_HB1,LEU_48_C_CD2,11045,11267,56.44,-19.854,45.4,56.766,-19.815,45.398,56.603,-19.8345,45.399,56.50031710183792,-19.782253266821986,44.7859571222473,-8.830742314739954,3.87396954647056,0.3283306260463683,2.046306867657757,1.263512875701909,2.39490203248069
ALA_47_A_HB1,LEU_48_C_CD2,11046,11268,56.552,-19.509,45.235,56.554,-19.449,45.398,56.553,-19.479,45.316500000000005,56.466143176061465,-19.33095626465425,44.789197730277856,-8.378141670784418,3.87396954647056,0.1737037708283879,2.0273399727647545,1.2715984206883924,2.3773293875088735
GLU_46_A_CA,LEU_48_C_CD2,10434,11254,56.018,-18.861,38.513,56.333,-18.934,45.525,56.1755,-18.8975,42.019,56.43196925028501,-18.87965926248652,44.79243833830841,-7.92554102682888,3.87396954647056,7.019451403065627,2.8467851444993952,2.4074610219746493,2.5218442805177808
TYR_44_A_O,LEU_48_C_HD22,9601,11559,56.535,-18.398,45.268,56.567,-18.546,45.803,56.551,-18.472,45.5355,56.39779532450854,-18.42836226031878,44.79567894633896,-7.472940382873344,3.87396954647056,0.5560152875596106,2.3757719986825205,1.2523507047973115,2.3703132358980157
TYR_44_A_CB,LEU_48_C_CG,9631,11173,56.452,-17.927,45.529,56.343,-18.207,45.909,56.3975,-18.067,45.719,56.363621398732086,-17.977065258151047,44.79891955436952,-7.020339738917807,3.87396954647056,0.4844388506302896,2.6238223501309585,1.238962927586771,2.3765152199869366
TYR_44_A_CB,LEU_48_C_HD12,9647,11440,56.559,-17.424,46.311,56.566,-17.655,46.44,56.5625,-17.5395,46.3755,56.32944747295563,-17.525768255983312,44.80216016240007,-6.56773909496227,3.87396954647056,0.2646714944983691,3.0287943622050806,1.181218100416021,2.433473475386995
TYR_44_A_HB2,LEU_48_C_HD12,9901,11456,56.465,-17.075,46.68,56.496,-17.116,46.521,56.480500000000006,-17.0955,46.6005,56.29527354717917,-17.074471253815577,44.80540077043062,-6.115138451006733,3.87396954647056,0.1671017654006073,3.3570276996228063,1.158895875816962,2.476669861864067
TYR_44_A_CD2,LEU_48_C_HD12,9683,11455,56.603,-16.666,47.47,56.376,-16.704,46.649,56.4895,-16.685000000000002,47.0595,56.26109962140271,-16.623174251647843,44.80864137846118,-5.662537807051196,3.87396954647056,0.8526511596192188,3.188412188305581,1.1035759438387243,2.503616177055111
TYR_44_A_HD2,LEU_48_C_HD12,9980,11451,56.658,-16.315,48.005,56.576,-16.15,48.157,56.617,-16.2325,48.081,56.22692569562625,-16.171877249480108,44.81188198649173,-5.209937163095658,3.87396954647056,0.2388576982221824,3.098837875590373,1.0934566992054446,2.5680727790245514
ILE_41_A_CG2,LEU_30_C_HD13,8241,2955,55.588,-11.027,42.55,55.65,-11.063,42.565,55.619,-11.045,42.5575,55.8510125120852,-11.207610225635026,44.84752867482784,-0.2313300795847528,3.87396954647056,0.0732461603089187,1.5726991475159833,0.8539524117840162,2.22808792988176
ILE_41_A_CG2,LEU_30_C_HD13,8249,2941,55.568,-10.624,42.64,55.763,-10.558,43.067,55.6655,-10.591,42.8535,55.81683858630874,-10.756313223467291,44.85076928285839,0.2212705643707853,3.87396954647056,0.4740358636221524,1.928339978167613,0.8584042513161608,2.234811952688341
ILE_41_A_CG2,LEU_30_C_CD1,8248,2597,55.541,-10.229,42.623,55.788,-10.155,43.374,55.6645,-10.192,42.9985,55.78266466053229,-10.305016221299557,44.85400989088894,0.6738712083263216,3.87396954647056,0.7940314855218319,1.893005856192198,0.8768321299281342,2.2460205865433287
PHE_38_A_HE1,LEU_30_C_CD1,7112,2598,55.351,-9.867,42.723,55.788,-9.691,43.374,55.5695,-9.779,43.0485,55.74849073475583,-9.853719219131822,44.8572504989195,1.126471852281858,3.87396954647056,0.8035832253102365,1.944837725596579,0.8756153237429617,2.2598035872135718
PHE_38_A_CE1,LEU_30_C_HD13,6798,2946,55.314,-9.223,41.653,55.269,-9.291,41.699,55.2915,-9.257,41.676,55.71431680897936,-9.402422216964087,44.86049110695005,1.579072496237396,3.87396954647056,0.0936215787091845,2.1240733586788223,0.95253096882337,2.300857643804038
PHE_38_A_CE1,LEU_30_C_CD1,6790,2615,55.295,-9.002,40.514,55.152,-9.05,41.766,55.2235,-9.026,41.14,55.680142883202905,-8.951125214796352,44.8637317149806,2.0316731401929324,3.87396954647056,1.2610539243029968,2.7728057380572504,1.068383134366094,2.3471522003573564
PHE_38_A_CZ,LEU_30_C_CD1,6906,2602,55.205,-8.648,39.904,55.372,-8.663,42.951,55.2885,-8.6555,41.4275,55.64596895742645,-8.499828212628618,44.866972323011154,2.4842737841484688,3.87396954647056,3.051609902985633,3.4636543406850087,1.095926174361628,2.367090685265321
ILE_32_A_HG12,THR_29_C_HA,3777,2313,55.477,-5.792,44.516,55.356,-5.896,44.466,55.4165,-5.843999999999999,44.491,55.44092540276769,-5.79204619962221,44.88641597119448,5.19987764788169,3.87396954647056,0.1672034688635333,2.567117696834413,0.8726313293867366,2.2834674604231697
ILE_32_A_HG12,THR_29_C_HA,3764,2292,55.361,-5.23,45.32,55.561,-5.267,45.315,55.461,-5.2485,45.3175,55.40675147699123,-5.340749197454475,44.88965657922504,5.6524782918372285,3.87396954647056,0.2034551547638967,2.2464951456519957,0.8962939044444012,2.2528411163377347
ILE_32_A_HG12,THR_29_C_HA,3781,2293,55.353,-5.019,45.399,55.339,-5.103,45.604,55.346,-5.061,45.5015,55.372577551214775,-4.88945219528674,44.89289718725559,6.105078935792765,3.87396954647056,0.2219842336743745,2.1493592905006498,0.9048599987416877,2.2460411942054193
GLN_31_A_HA,PHE_28_C_O,3394,1433,55.315,-4.444,45.707,55.256,-4.403,45.825,55.2855,-4.4235,45.766000000000005,55.33840362543832,-4.438155193119006,44.896137795286144,6.557679579748301,3.87396954647056,0.1381520901036254,1.9836399689145483,0.981437538439883,2.2285218647666882
GLN_31_A_HA,PHE_28_C_O,3389,1404,55.21,-4.049,46.001,55.289,-3.938,46.009,55.2495,-3.9935,46.005,55.30422969966185,-3.986858190951271,44.8993784033167,7.010280223703839,3.87396954647056,0.1364771043069136,1.474238611172031,1.0371249047926685,2.211814254153943
GLN_31_A_HG3,PHE_28_C_O,3461,1437,55.444,-3.329,46.223,55.52,-3.332,46.25,55.482,-3.3305,46.2365,55.2700557738854,-3.5355611887835368,44.902619011347255,7.462880867659376,3.87396954647056,0.0807093550959251,1.573900890053792,1.115869252361564,2.1853801201938747
GLN_31_A_HG3,PHE_28_C_O,3462,1434,55.566,-2.954,46.167,55.573,-2.846,46.199,55.569500000000005,-2.9000000000000004,46.183,55.23588184810894,-3.084264186615802,44.90585961937781,7.915481511614912,3.87396954647056,0.1128583182578925,1.6614257167996982,1.1714199599075839,2.184828128665837
GLN_31_A_HG3,THR_29_C_H,3492,2244,55.266,-2.616,46.185,55.041,-2.435,42.056,55.1535,-2.5255,44.1205,55.20170792233248,-2.632967184448065,44.909100227408366,8.36808215557045,3.87396954647056,4.139085285422377,2.039155222040958,1.6265315518864387,2.32671938020011
GLN_31_A_HG3,THR_29_C_HB,3495,2334,55.471,-2.261,46.185,55.28,-2.398,45.981,55.3755,-2.3295000000000003,46.083,55.16753399655602,-2.1816701822803326,44.91234083543892,8.820682799525986,3.87396954647056,0.3112330316659826,1.664568834479874,1.3026582698764282,2.2205390355668566
GLN_31_A_HG3,THR_29_C_HB,3482,2324,55.16,-1.875,46.457,55.23,-1.716,45.083,55.19499999999999,-1.7955,45.77,55.13336007077956,-1.730373180112598,44.91558144346947,9.273283443481525,3.87396954647056,1.384939348852507,2.032597402465011,1.5184574969709488,2.293375773977602
GLN_31_A_OE1,THR_29_C_HB,3223,2326,55.106,-1.241,46.581,54.87,-1.277,44.748,54.988,-1.259,45.6645,55.0991861450031,-1.2790761779448632,44.91882205150003,9.72588408743706,3.87396954647056,1.8484807275165247,2.1395891466507075,1.6820981134193356,2.369815628489325
GLN_31_A_OE1,THR_29_C_HB,3224,2330,55.228,-0.866,46.524,54.966,-0.936,44.487,55.097,-0.901,45.5055,55.065012219226645,-0.8277791757771285,44.92206265953058,10.178484731392595,3.87396954647056,2.054972749211044,2.5101615464625358,1.7703542458250037,2.422774494770249
GLN_31_A_OE1,THR_29_C_HB,3302,2319,55.301,-0.551,46.408,54.94,-0.58,44.554,55.1205,-0.5655,45.481,55.03083829345018,-0.3764821736093919,44.925303267561134,10.631085375348135,3.87396954647056,1.889041555921944,2.333138915075293,1.833671785325584,2.4681283374098357
GLN_31_A_OE1,GLU_26_C_HB3,3305,593,55.301,0.199,46.408,54.966,-0.046,44.487,55.1335,0.0765,45.447500000000005,54.99666436767372,0.0748148285583427,44.92854387559169,11.083686019303672,3.87396954647056,1.9653221110036891,3.757987883361892,1.9629146328139893,2.570406686317832
GLN_31_A_OE1,GLU_26_C_HB3,3297,559,55.189,0.544,46.573,54.94,0.664,44.554,55.0645,0.6040000000000001,45.563500000000005,54.96249044189727,0.5261118307260757,44.931784483622245,11.536286663259208,3.87396954647056,2.0378326722280207,3.4339085421847555,2.082656565488003,2.640290942577459
GLN_31_A_OE1,GLU_26_C_HB3,3291,613,55.096,0.83,46.834,54.78,1.174,44.9,54.938,1.002,45.867,54.92831651612081,0.9774088328938122,44.9350250916528,11.988887307214746,3.87396954647056,1.9896100120375388,3.262059299294695,2.170757618406962,2.6727620740814033
LEU_50_A_CD1,ALA_53_C_HA,12071,13620,57.36,-28.118,44.097,58.361,-28.387,53.088,57.8605,-28.2525,48.5925,57.59353436468696,-28.32296058151313,44.67968627528833,-17.430154549895157,4.3214157686987065,9.050549320345146,3.350396457336106,2.1714673477242226,3.078894918338911
LEU_50_A_CD1,GLN_54_C_C,12067,13697,57.4,-27.917,44.52,57.696,-28.081,46.06,57.548,-27.999,45.290000000000006,57.5593604389105,-27.871663579345395,44.682926883318885,-16.977553905939622,4.3214157686987065,1.5767409425774408,4.017186602363934,1.3926227556296418,3.181727592037834
LEU_50_A_CD1,LYS_51_C_HA,12060,12588,57.39,-27.235,44.921,57.489,-27.362,45.669,57.4395,-27.2985,45.295,57.52518651313403,-27.42036657717766,44.68616749134944,-16.52495326198408,4.3214157686987065,0.7651365891133395,3.600756330340083,1.2621802428871307,3.066234979437202
LEU_50_A_CD1,LYS_51_C_HA,12061,12594,57.326,-26.773,44.921,57.617,-26.834,45.285,57.4715,-26.8035,45.103,57.49101258735757,-26.969069575009925,44.68940809938,-16.072352618028546,4.3214157686987065,0.4699978723356054,3.607026104413412,1.235035956822969,2.9878932629827326
LEU_50_A_HD13,LYS_51_C_HA,12334,12591,57.43,-26.594,44.569,57.299,-26.612,45.034,57.3645,-26.603,44.8015,57.45683866158112,-26.51777257284219,44.69264870741055,-15.619751974073008,4.3214157686987065,0.4834356213602763,3.3648714802647186,1.2437352119547225,2.9497483940519023
LEU_50_A_HD13,LYS_51_C_HA,12335,12590,57.24,-26.202,44.541,57.312,-26.262,44.849,57.276,-26.232,44.69499999999999,57.42266473580466,-26.066475570674456,44.69588931544111,-15.167151330117472,4.3214157686987065,0.3219440945257407,2.936173735496593,1.2249950497753945,2.8831041614763047
LEU_50_A_HD13,LYS_51_C_CG,12322,12495,57.075,-25.686,43.732,57.467,-25.404,43.855,57.271,-25.545,43.7935,57.3884908100282,-25.61517856850672,44.69912992347166,-14.714550686161935,4.3214157686987065,0.4983141579365333,2.8783535071308326,1.2871285068675336,2.8063563571930588
ALA_47_A_HA,LYS_51_C_HG3,11026,12706,56.875,-24.077,42.783,57.124,-24.134,43.423,56.9995,-24.1055,43.103,57.28596903269883,-24.26128756200352,44.70885174756332,-13.356748754295324,4.3214157686987065,0.689093607574473,2.8970933762709947,1.4515172346382816,2.696998584484658
ALA_47_A_HA,LYS_51_C_HG3,11025,12705,56.921,-23.986,43.151,57.06,-23.598,43.546,56.9905,-23.792,43.3485,57.25179510692236,-23.809990559835786,44.71209235559388,-12.904148110339786,4.3214157686987065,0.5708677605190181,2.962156327327571,1.4194855555893227,2.6755599724275165
ALA_47_A_HA,LYS_51_C_HG3,11028,12711,57.208,-23.389,43.346,57.232,-23.409,43.419,57.22,-23.399,43.38249999999999,57.2176211811459,-23.358693557668047,44.715332963624434,-12.45154746638425,4.3214157686987065,0.0794040301244218,2.806415166515181,1.4459610652177417,2.690310054858645
ALA_47_A_CB,LYS_51_C_CG,10989,12488,57.124,-23.033,45.14,57.271,-22.718,44.468,57.197500000000005,-22.8755,44.804,57.18344725536944,-22.907396555500316,44.718573571654986,-11.998946822428714,4.3214157686987065,0.7565831084553741,3.066689532555224,1.2881801063529401,2.621855218090754
ALA_47_A_CB,LYS_51_C_CB,10979,12457,57.174,-22.351,45.801,57.249,-22.317,45.238,57.2115,-22.334,45.5195,57.14927332959299,-22.456099553332574,44.72181417968554,-11.546346178473176,4.3214157686987065,0.5689903338370548,3.7851550910665295,1.2493308685103075,2.613943113977069
ALA_47_A_CB,LEU_48_C_HD21,10980,11517,57.43,-21.966,45.801,57.235,-21.989,45.516,57.3325,-21.9775,45.6585,57.11509940381653,-22.004802551164843,44.7250547877161,-11.09374553451764,4.3214157686987065,0.3460910284881742,3.762186816163146,1.2556560773438288,2.61577303291735
ALA_47_A_CB,LEU_48_C_HD21,10967,11516,57.127,-21.745,46.028,57.123,-21.644,45.681,57.125,-21.6945,45.8545,57.08092547804007,-21.55350554899711,44.72829539574665,-10.641144890562105,4.3214157686987065,0.361422190796306,3.64548228972448,1.2491103085581792,2.5797188736784946
ALA_47_A_CB,LEU_48_C_HD21,10968,11512,57.127,-21.281,46.028,57.05,-21.209,45.744,57.0885,-21.245,45.886,57.046751552263615,-21.10220854682937,44.7315360037772,-10.188544246606565,4.3214157686987065,0.3029339862082167,3.193773991616814,1.2526605826740302,2.5483545629793327
ALA_47_A_CB,LEU_48_C_CD2,10974,11243,57.174,-20.675,45.801,57.326,-20.822,45.715,57.25,-20.7485,45.758,57.01257762648716,-20.65091154466164,44.73477661180776,-9.735943602651028,4.3214157686987065,0.228273958216875,2.8242651716741407,1.2603946431771795,2.5348071063726914
ALA_47_A_CB,LEU_48_C_CD2,10940,11266,57.17,-20.228,45.476,57.134,-20.047,45.538,57.152,-20.137500000000003,45.507,56.978403700710686,-20.199614542493904,44.73801721983831,-9.283342958695492,4.3214157686987065,0.1946817916498616,2.1658471416901235,1.286142761464555,2.475409522617184
ALA_47_A_CB,LEU_48_C_HD23,10938,11608,57.061,-19.836,45.308,57.569,-19.594,48.874,57.315,-19.715,47.091,56.94422977493423,-19.74831754032617,44.741257827868864,-8.830742314739954,4.3214157686987065,3.6101224355968897,2.390548253569648,1.479604042932883,2.4077964406101517
GLU_46_A_CA,LEU_48_C_HD22,10428,11556,56.206,-19.216,37.984,57.069,-19.41,45.514,56.6375,-19.313,41.749,56.91005584915777,-19.297020538158435,44.74449843589942,-8.378141670784418,4.3214157686987065,7.581774528433302,2.995561562656097,2.4563489950785184,2.6190972316422703
ALA_47_A_HB1,LEU_48_C_HD22,11047,11555,56.993,-18.902,45.235,56.888,-18.986,45.601,56.9405,-18.944000000000003,45.418,56.875881923381314,-18.8457235359907,44.747739043929975,-7.92554102682888,4.3214157686987065,0.3899192224038211,2.195602475379176,1.2790309258857777,2.4048312326607153
GLU_46_A_N,LEU_48_C_HD22,10424,11558,56.315,-18.415,38.911,56.951,-18.473,45.921,56.633,-18.444,42.416,56.84170799760486,-18.39442653382297,44.75097965196053,-7.472940382873344,4.3214157686987065,7.03903118333766,2.834898934174343,2.4588351787827913,2.589664945866147
TYR_44_A_HB2,LEU_48_C_HD22,9904,11527,57.018,-17.888,45.977,56.944,-17.93,46.44,56.981,-17.909,46.2085,56.8075340718284,-17.94312953165523,44.75422025999109,-7.020339738917807,4.3214157686987065,0.4707536510745301,2.5100844047405704,1.224539284921259,2.4440228437191283
TYR_44_A_HB2,LEU_48_C_HD12,9936,11444,57.042,-17.623,46.608,57.03,-17.432,46.694,57.036,-17.5275,46.651,56.77336014605194,-17.491832529487496,44.75746086802164,-6.56773909496227,4.3214157686987065,0.2098118204487105,2.811133593439717,1.1720991137450338,2.487128794981412
TYR_44_A_HB2,LEU_48_C_HD12,9925,11471,57.149,-17.122,47.071,57.02,-16.869,46.814,57.084500000000006,-16.9955,46.9425,56.739186220275485,-17.04053552731976,44.76070147605219,-6.115138451006733,4.3214157686987065,0.383013054607801,3.0569296909308834,1.112464025962748,2.529070358282411
TYR_44_A_HB2,LEU_48_C_HD12,9927,11469,57.042,-16.746,47.32,57.019,-16.473,47.133,57.0305,-16.609499999999997,47.2265,56.70501229449901,-16.589238525152027,44.76394208408275,-5.662537807051196,4.3214157686987065,0.3317031805696157,2.8883452713221582,1.0745779906883135,2.548811172751267
TYR_44_A_HD2,LEU_48_C_HD12,9999,11463,57.026,-16.201,48.132,56.823,-16.194,47.941,56.9245,-16.197499999999998,48.0365,56.67083836872256,-16.137941522984292,44.7671826921133,-5.209937163095658,4.3214157686987065,0.2788171443796085,3.134650702944584,1.0914651506988124,2.572320136300498
ILE_41_A_CG2,LEU_30_C_HD13,8243,2963,56.034,-10.582,42.289,55.906,-10.679,42.149,55.97,-10.6305,42.219,56.260751259405055,-10.722377496971475,44.80606998847996,0.2212705643707853,4.3214157686987065,0.2130563305794974,1.865656821523748,0.8577825676325788,2.2418516964613775
ILE_41_A_CG2,LEU_30_C_HD13,8244,2959,55.942,-10.152,42.289,55.996,-10.227,42.149,55.969,-10.1895,42.219,56.2265773336286,-10.271080494803742,44.80931059651051,0.6738712083263216,4.3214157686987065,0.167752794313539,1.9726153239087851,0.8470634819809142,2.251726492634694
PHE_38_A_CE1,LEU_30_C_HD13,6783,2960,56.059,-9.912,41.954,55.906,-9.775,42.149,55.9825,-9.8435,42.0515,56.19240340785214,-9.819783492636008,44.812551204541066,1.126471852281858,4.3214157686987065,0.2832013418047306,2.361040427123947,0.8738681124030526,2.2703745413613428
PHE_38_A_CE1,LEU_30_C_HD13,6784,2944,55.743,-9.566,41.954,55.739,-9.42,42.448,55.741,-9.493,42.201,56.15822948207567,-9.368486490468271,44.81579181257162,1.579072496237396,4.3214157686987065,0.5151388162427678,2.124801605826058,0.9021330920048009,2.2837931027965985
ILE_32_A_CG1,THR_29_C_HA,3673,2290,55.714,-5.742,44.286,55.618,-5.588,44.494,55.666,-5.665,44.39,55.884838075864,-5.758110473126395,44.84171667681605,5.19987764788169,4.3214157686987065,0.2760362295061984,2.3020016361939635,0.8606218623763476,2.2820316476147555
ILE_32_A_HG12,THR_29_C_HA,3776,2291,55.636,-5.412,44.719,55.667,-5.46,44.876,55.6515,-5.436,44.7975,55.85066415008754,-5.30681347095866,44.84495728484661,5.6524782918372285,4.3214157686987065,0.1670748335327581,2.527420907572722,0.868457467319212,2.2654075358151866
ILE_32_A_HG12,THR_29_C_HA,3779,2288,55.654,-4.967,45.066,55.951,-5.023,45.077,55.8025,-4.994999999999999,45.0715,55.81649022431108,-4.855516468790925,44.84819789287716,6.105078935792765,4.3214157686987065,0.3024334637569033,2.59188674830621,0.9014841415764605,2.249548573978222
ILE_32_A_HG12,PHE_28_C_O,3762,1430,55.771,-4.335,45.74,55.711,-4.265,45.973,55.741,-4.3,45.8565,55.782316298534624,-4.404219466623191,44.85143850090771,6.557679579748301,4.3214157686987065,0.2505773333723521,1.9501249721348068,0.9789775735859518,2.2032767400430395
GLN_31_A_HG3,PHE_28_C_O,3473,1448,55.964,-3.754,46.052,55.728,-3.769,46.265,55.846,-3.7615,46.1585,55.74814237275817,-3.952922464455455,44.85467910893827,7.010280223703839,4.3214157686987065,0.3182608992634801,1.6159521007478532,1.0493117507535854,2.1789688434236045
GLN_31_A_HG3,PHE_28_C_O,3474,1446,56.034,-3.353,46.159,56.021,-3.556,46.43,56.0275,-3.4545000000000003,46.2945,55.71396844698171,-3.501625462287721,44.85791971696882,7.462880867659376,4.3214157686987065,0.3388495241253857,1.5879174805393677,1.0693597352084787,2.16193212628659
GLN_31_A_HG3,PHE_28_C_O,3475,1445,55.658,-3.105,46.189,56.021,-3.092,46.43,55.8395,-3.0985,46.3095,55.67979452120525,-3.0503284601199865,44.861160324999375,7.915481511614912,4.3214157686987065,0.4359116883039493,1.5839083830638252,1.1275336633340607,2.16927701262438
ARG_33_A_HH22,PHE_28_C_O,4624,1435,56.634,-2.5,54.804,55.694,-2.487,46.054,56.164,-2.4935,50.429,55.6456205954288,-2.59903145795225,44.864400933029934,8.36808215557045,4.3214157686987065,8.800356185973383,3.732435649170888,1.746962537551794,2.3974191374460245
GLN_31_A_HG3,PHE_28_C_O,3494,1436,55.881,-2.261,46.185,55.785,-2.2,45.782,55.833,-2.2305,45.9835,55.61144666965232,-2.147734455784517,44.867641541060486,8.820682799525986,4.3214157686987065,0.4187433581562881,1.597041725760935,1.3123073020798188,2.2093501501947768
GLN_31_A_HG3,PHE_28_C_O,3479,1405,55.676,-1.756,46.423,55.826,-1.887,45.291,55.751000000000005,-1.8215,45.857,55.57727274387587,-1.6964374536167823,44.87088214909104,9.273283443481525,4.3214157686987065,1.1493846179586755,1.8181313162640675,1.4534799794700806,2.260486423774697
GLN_31_A_HG3,THR_29_C_HB,3480,2331,55.883,-1.313,46.595,55.344,-1.211,44.487,55.6135,-1.262,45.541,55.54309881809941,-1.2451404514490476,44.8741227571216,9.72588408743706,4.3214157686987065,2.1782077495041627,2.425597162706267,1.6511335404767828,2.360168062982544
GLN_31_A_OE1,THR_29_C_HB,3242,2332,55.495,-0.896,46.512,55.456,-0.866,44.321,55.4755,-0.881,45.4165,55.50892489232295,-0.7938434492813129,44.87736336515215,10.178484731392595,4.3214157686987065,2.1915524178079817,2.5857120146308734,1.7588284124644236,2.4177530395652607
GLN_31_A_OE1,GLU_26_C_HB3,3303,596,55.742,-0.408,46.408,55.456,-0.116,44.321,55.599,-0.262,45.3645,55.474750966546495,-0.3425464471135764,44.8806039731827,10.631085375348135,4.3214157686987065,2.1266473614588786,3.92629607186022,1.8588894647935084,2.5159806368668614
GLN_31_A_OE1,GLU_26_C_HB3,3304,592,55.742,0.056,46.408,55.344,0.229,44.487,55.543,0.1425,45.447500000000005,55.44057704077004,0.1087505550541582,44.88384458121326,11.083686019303672,4.3214157686987065,1.969409556186827,3.715550799039345,1.928294086231516,2.578835964254096
GLN_31_A_OE1,GLU_26_C_HB3,3296,610,55.657,0.544,46.573,55.254,0.697,44.84,55.4555,0.6205,45.706500000000005,55.40640311499358,0.5600475572218913,44.88708518924381,11.536286663259208,4.3214157686987065,1.7858071004450589,3.555913313940036,2.0045687193844905,2.634912737768314
GLN_31_A_OE1,GLU_26_C_HB3,3290,615,55.534,0.876,46.834,55.361,0.971,45.146,55.4475,0.9235,45.99,55.37222918921712,1.0113445593896278,44.890325797274365,11.988887307214746,4.3214157686987065,1.6994993380404737,3.686291063524223,2.0687754388934017,2.6610572538249615
LEU_50_A_HD13,LYS_51_C_HA,12346,12579,57.69,-27.27,43.899,58.195,-27.333,46.266,57.9425,-27.3015,45.0825,57.969099186230345,-27.386430850681847,44.64146819697102,-16.52495326198408,4.768861990926853,2.4210912828722484,3.1738656971102306,1.3839557680089853,3.0940115954052376
LEU_50_A_HD13,LYS_51_C_HA,12347,12595,57.78,-26.818,43.899,57.855,-26.894,45.608,57.8175,-26.856,44.7535,57.93492526045389,-26.935133848514116,44.64470880500157,-16.072352618028546,4.768861990926853,1.712332327557938,3.126627033327832,1.3261218981220755,3.0182214865086614
LEU_50_A_HD13,LYS_51_C_HA,12348,12592,57.69,-26.366,43.899,57.744,-26.515,45.057,57.717,-26.4405,44.478,57.90075133467743,-26.483836846346374,44.64794941303212,-15.619751974073008,4.768861990926853,1.1687946782904188,2.6334344947560084,1.3137468184673022,2.956861501914754
ALA_47_A_HA,LYS_51_C_HG3,11014,12713,57.316,-23.234,43.114,57.663,-23.277,43.1,57.4895,-23.2555,43.107,57.661533854242215,-23.324757831172235,44.67063366924601,-12.45154746638425,4.768861990926853,0.3499342795440249,2.879212662919766,1.5595140641986636,2.7373079681888997
ALA_47_A_HB3,LYS_51_C_CG,11108,12485,57.765,-22.783,44.095,57.59,-22.774,43.99,57.6775,-22.7785,44.0425,57.62735992846576,-22.8734608290045,44.67387427727656,-11.998946822428714,4.768861990926853,0.2042816682915977,2.807278319863333,1.4105026910830498,2.7031510294509444
ALA_47_A_HB3,LYS_51_C_CD,11110,12506,57.749,-22.62,45.008,57.768,-22.285,44.92,57.7585,-22.4525,44.964,57.5931860026893,-22.42216382683677,44.67711488530711,-11.546346178473176,4.768861990926853,0.3468861484694952,3.455234054285426,1.3349096744610982,2.688640738941979
ALA_47_A_HB3,LYS_51_C_CD,11112,12519,57.818,-21.837,45.501,57.807,-21.772,45.378,57.8125,-21.8045,45.4395,57.55901207691284,-21.97086682466903,44.68035549333767,-11.09374553451764,4.768861990926853,0.1395528573695267,3.6902384149932463,1.321934624806924,2.6741522479583617
ALA_47_A_CB,LEU_48_C_HD21,10972,11514,57.521,-21.513,45.801,57.663,-21.654,45.521,57.592,-21.5835,45.661,57.52483815113638,-21.519569822501296,44.683596101368224,-10.641144890562105,4.768861990926853,0.3441583937665897,3.694768853948186,1.2874733470005653,2.636194413094548
ALA_47_A_CB,LEU_48_C_CD2,10973,11242,57.43,-21.06,45.801,57.388,-21.26,45.701,57.409,-21.16,45.751000000000005,57.49066422535992,-21.06827282033356,44.686836709398776,-10.188544246606565,4.768861990926853,0.2275170323294534,3.4162247787388096,1.277574625759545,2.5858358635478047
ALA_47_A_CB,LEU_48_C_CD2,10985,11241,57.538,-20.64,45.501,57.615,-20.724,45.783,57.5765,-20.682,45.642,57.45649029958346,-20.616975818165827,44.690077317429335,-9.735943602651028,4.768861990926853,0.30415292206389,2.860091550151775,1.3066826566623873,2.564110133044197
ALA_47_A_CB,LEU_48_C_HD22,10937,11542,57.455,-20.011,45.219,57.732,-19.927,45.798,57.5935,-19.969,45.5085,57.422316373807,-20.16567881599809,44.69331792545989,-9.283342958695492,4.768861990926853,0.6473221763542488,2.180250033914421,1.3226695979338359,2.505701791766292
ALA_47_A_CB,LEU_48_C_HD22,10936,11557,57.387,-19.594,45.187,57.33,-19.791,45.598,57.3585,-19.692500000000003,45.3925,57.38814244803054,-19.71438181383036,44.69655853349044,-8.830742314739954,4.768861990926853,0.4593245040273826,1.930745332768761,1.332788984384707,2.469295275554072
TYR_44_A_HA,LEU_48_C_HD22,9895,11571,57.356,-19.178,45.198,57.595,-19.351,45.61,57.4755,-19.2645,45.404,57.353968522254085,-19.263084811662623,44.699799141521,-8.378141670784418,4.768861990926853,0.5067484583104297,1.6784667505254356,1.3480514115789122,2.465313883633764
TYR_44_A_HA,LEU_48_C_HD22,9871,11570,57.5,-18.589,45.411,57.505,-18.649,45.819,57.5025,-18.619,45.615,57.31979459647763,-18.811787809494888,44.70303974955155,-7.92554102682888,4.768861990926853,0.4124184767926884,1.940591747591268,1.3293771301166644,2.4609263704020337
TYR_44_A_HA,LEU_48_C_HD22,9870,11567,57.376,-18.256,45.672,57.416,-18.338,46.138,57.396,-18.297,45.905,57.28562067070117,-18.360490807327157,44.7062803575821,-7.472940382873344,4.768861990926853,0.4748473438906456,2.0206772855246204,1.2958552153752507,2.4629800416793652
TYR_44_A_HB2,LEU_48_C_HD22,9937,11551,57.459,-17.823,46.608,57.337,-17.847,46.714,57.398,-17.835,46.661,57.25144674492471,-17.90919380515942,44.70952096561266,-7.020339738917807,4.768861990926853,0.1633891061240019,2.5496535810386995,1.2146066507752928,2.4962263417184887
TYR_44_A_HB2,LEU_48_C_HD12,9930,11443,57.37,-17.512,46.927,57.393,-17.463,47.055,57.3815,-17.4875,46.991,57.21727281914825,-17.457896802991684,44.71276157364321,-6.56773909496227,4.768861990926853,0.1389748178628061,2.844625558736532,1.1612481878490528,2.521030309388298
TYR_44_A_HB2,LEU_48_C_HD12,9917,11468,57.559,-16.912,47.235,57.307,-16.835,47.133,57.433,-16.8735,47.184,57.18309889337179,-17.00659980082395,44.716002181673765,-6.115138451006733,4.768861990926853,0.2825544195371871,2.816190022178848,1.108772203236656,2.556048974436266
TYR_44_A_HB2,LEU_48_C_HD12,9920,11466,57.561,-16.48,47.469,57.207,-16.45,47.525,57.384,-16.465,47.497,57.14892496759533,-16.555302798656214,44.719242789704325,-5.662537807051196,4.768861990926853,0.359655390617184,2.792203662773676,1.0866341315554553,2.5650118033543676
ILE_32_A_CG1,PHE_28_C_C,3665,1397,56.312,-5.137,44.218,56.276,-5.199,44.242,56.294,-5.167999999999999,44.23,56.29457682318385,-5.272877744462844,44.80025799046818,5.6524782918372285,4.768861990926853,0.0756042326857387,2.679681441081919,0.8785644645707908,2.2804503544617365
ILE_32_A_HG12,PHE_28_C_O,3785,1406,56.068,-4.732,44.705,56.37,-4.814,45.077,56.219,-4.773,44.891,56.2604028974074,-4.821580742295109,44.803498598498734,6.105078935792765,4.768861990926853,0.4861193269146986,2.888426491405337,0.8930644843807588,2.2553337756047305
ILE_32_A_HG12,PHE_28_C_O,3774,1456,56.128,-4.288,45.581,56.229,-4.376,46.004,56.1785,-4.332000000000001,45.7925,56.22622897163094,-4.370283740127375,44.806739206529286,6.557679579748301,4.768861990926853,0.4437048568586954,2.1971963563595014,0.9466337646816589,2.1995895343891076
ILE_32_A_HG12,PHE_28_C_O,3775,1447,56.239,-3.98,45.846,56.462,-3.699,46.43,56.3505,-3.8395,46.138,56.19205504585448,-3.91898673795964,44.809979814559846,7.010280223703839,4.768861990926853,0.6853801864658815,1.819482106712898,1.005620740104255,2.175246030480209
ILE_32_A_H,PHE_28_C_O,3711,1442,56.509,-3.291,46.346,56.34,-3.324,46.487,56.4245,-3.3075,46.4165,56.15788112007802,-3.4676897357919056,44.8132204225904,7.462880867659376,4.768861990926853,0.2225556110278967,1.494279042124017,1.0994682914374367,2.155714487339847
GLN_31_A_HG3,PHE_28_C_O,3476,1444,56.474,-2.853,46.408,56.462,-2.949,46.43,56.468,-2.901,46.419,56.12370719430156,-3.016392733624171,44.81646103062095,7.915481511614912,4.768861990926853,0.0992169340384982,1.5217840361002493,1.1683804065603678,2.156110893327111
GLN_31_A_HG3,PHE_28_C_O,3493,1454,56.086,-2.616,46.185,56.106,-2.604,46.265,56.096,-2.6100000000000003,46.225,56.0895332685251,-2.5650957314564344,44.81970163865151,8.36808215557045,4.768861990926853,0.0833306666239977,1.3161324413237152,1.2118966365016024,2.1746294153955503
GLN_31_A_HG3,PHE_28_C_O,3490,1455,56.325,-2.199,46.394,56.229,-2.272,46.004,56.277,-2.2355,46.199,56.05535934274864,-2.113798729288701,44.82294224668206,8.820682799525986,4.768861990926853,0.4082217534625037,1.4613038928666964,1.2981171903181357,2.1934914748973258
GLN_31_A_HG3,PHE_28_C_H,3478,1716,56.183,-1.736,46.605,56.244,-1.752,45.291,56.2135,-1.744,45.94799999999999,56.02118541697218,-1.662501727120967,44.82618285471261,9.273283443481525,4.768861990926853,1.3155124476796105,1.4970208222633692,1.4581570705518256,2.2527914473839226
GLN_31_A_HG3,PHE_28_C_H,3465,1719,56.339,-1.372,46.913,56.107,-1.407,44.748,56.223,-1.3895,45.8305,55.98701149119572,-1.2112047249532325,44.82942346274317,9.72588408743706,4.768861990926853,2.177676284483072,1.9857542100556935,1.5849249071396527,2.3116770153758868
GLN_31_A_OE1,PHE_28_C_H,3300,1725,56.035,-0.621,46.573,55.897,-0.723,44.321,55.966,-0.6719999999999999,45.447,55.95283756541927,-0.7599077227854976,44.83266407077373,10.178484731392595,4.768861990926853,2.2585287246346923,2.5349546354717902,1.7551827015153627,2.4361258212139845
GLN_31_A_OE1,GLU_26_C_HB3,3294,595,56.18,-0.176,46.573,55.897,-0.259,44.321,56.0385,-0.2175,45.447,55.9186636396428,-0.308610720617761,44.83590467880428,10.631085375348135,4.768861990926853,2.271229182623368,4.0271696506079415,1.8276822482448698,2.508790030594121
GLN_31_A_OE1,GLU_26_C_HB3,3295,591,56.035,0.269,46.573,55.812,0.229,44.487,55.9235,0.249,45.53,55.88448971386634,0.1426862815499737,44.83914528683484,11.083686019303672,4.768861990926853,2.098267142191383,4.100028337184584,1.9119793373218024,2.5831612148635106
GLN_31_A_OE1,GLU_26_C_HB3,3289,589,55.952,0.74,46.834,55.689,0.561,44.748,55.8205,0.6505000000000001,45.791,55.85031578808989,0.5939832837177066,44.84238589486539,11.536286663259208,4.768861990926853,2.1101199018065357,4.25471348287915,1.984608745048839,2.6339598923643037
GLN_31_A_OE1,GLU_26_C_HB3,3281,597,55.991,0.964,47.169,56.034,1.22,45.367,56.0125,1.092,46.268,55.81614186231343,1.045280285885443,44.84562650289594,11.988887307214746,4.768861990926853,1.820601274304728,4.039286146405922,2.0229233470393666,2.6544762328111027
GLU_46_A_CG,LYS_51_C_HG3,10504,12709,57.516,-22.631,38.625,57.937,-22.847,43.419,57.7265,-22.739,41.022,58.07127260156207,-22.839525102508684,44.62917498289813,-11.998946822428714,5.216308213154999,4.817295195439031,3.870111648476168,2.5371540550142457,3.0316596298943828
ALA_47_A_HB3,LYS_51_C_CD,11123,12517,58.064,-22.445,44.956,58.006,-22.216,44.701,58.035,-22.3305,44.828500000000005,58.03709867578561,-22.38822810034095,44.63241559092868,-11.546346178473176,5.216308213154999,0.347606098910823,3.3275836614008694,1.3898985660552956,2.7232202203224793
ALA_47_A_HB3,LYS_51_C_CD,11119,12518,58.156,-21.849,45.275,58.169,-21.779,45.09,58.1625,-21.814,45.182500000000005,58.00292475000914,-21.93693109817321,44.63565619895924,-11.09374553451764,5.216308213154999,0.1982271424401769,3.4070665236355864,1.3621454655513825,2.715877151897383
ALA_47_A_HB3,LYS_51_C_CD,11120,12508,58.156,-21.415,45.275,58.262,-21.498,45.356,58.209,-21.4565,45.3155,57.968750824232686,-21.48563409600548,44.63889680698979,-10.641144890562105,5.216308213154999,0.1571177902084966,3.4667556222514277,1.3700967732286382,2.6999019306215595
ALA_47_A_HB3,LYS_51_C_CD,11114,12507,57.925,-20.952,45.246,58.168,-21.212,45.617,58.0465,-21.082,45.4315,57.93457689845623,-21.034337093837745,44.64213741502034,-10.188544246606565,5.216308213154999,0.5140914315566798,3.3143583639190357,1.3638323073455654,2.6532019494165557
ALA_47_A_HB3,LEU_48_C_HD22,11096,11534,57.937,-20.469,44.856,58.227,-20.688,45.848,58.082,-20.5785,45.352,57.90040297267977,-20.58304009167001,44.6453780230509,-9.735943602651028,5.216308213154999,1.056468172734036,2.8392157122414914,1.4172286714443798,2.613899841008532
ALA_47_A_HB3,LEU_48_C_HD22,11095,11532,57.846,-20.038,44.856,57.786,-20.081,45.848,57.816,-20.0595,45.352,57.86622904690331,-20.13174308950228,44.648618631081455,-9.283342958695492,5.216308213154999,0.9947426802947554,2.296738209061007,1.373146278295144,2.5399269845039334
ALA_47_A_CB,LEU_48_C_HD22,10935,11538,57.716,-19.741,45.023,58.162,-19.862,46.034,57.939,-19.8015,45.5285,57.83205512112685,-19.68044608733454,44.65185923911201,-8.830742314739954,5.216308213154999,1.1116105433109156,2.2917359090460847,1.4032830792539661,2.5338698924702046
TYR_44_A_HA,LEU_48_C_HD22,9894,11568,57.707,-19.334,45.119,57.956,-19.351,45.819,57.831500000000005,-19.3425,45.469,57.79788119535039,-19.229149085166807,44.655099847142566,-8.378141670784418,5.216308213154999,0.7431621626536198,1.9025570403522605,1.3800490721811454,2.499541450968202
TYR_44_A_HA,LEU_48_C_HD22,9893,11569,57.697,-18.939,45.267,57.834,-18.934,45.819,57.7655,-18.9365,45.543000000000006,57.763707269573935,-18.777852082999072,44.65834045517312,-7.92554102682888,5.216308213154999,0.5687688458416122,1.8715858572683592,1.364029608406176,2.483893489806552
TYR_44_A_HA,LEU_48_C_HD22,9884,11566,57.949,-18.218,45.763,57.833,-18.538,46.138,57.891,-18.378,45.9505,57.72953334379747,-18.326555080831337,44.66158106320367,-7.472940382873344,5.216308213154999,0.5064395324221838,1.9822989964128663,1.343217048968656,2.499138087241603
ILE_32_A_CG1,PHE_28_C_C,3678,1395,56.732,-5.1,44.05,56.736,-5.152,44.115,56.734,-5.126,44.0825,56.73848949628016,-5.2389420179670285,44.75555869608975,5.6524782918372285,5.216308213154999,0.0833366666000066,2.6243040647329265,0.8685137318110495,2.2912729752831704
ILE_32_A_HG12,PHE_28_C_C,3787,1401,56.606,-4.782,44.386,56.581,-4.987,44.69,56.593500000000006,-4.8845,44.538,56.7043155705037,-4.787645015799294,44.7587993041203,6.105078935792765,5.216308213154999,0.3675132650667141,2.771157259793482,0.8861861555014191,2.271759544862271
ILE_32_A_HG12,PHE_28_C_O,3766,1460,56.765,-4.232,45.618,56.689,-4.549,45.669,56.727,-4.3905,45.6435,56.670141644727245,-4.33634801363156,44.76203991215085,6.557679579748301,5.216308213154999,0.329948480826931,2.051023909329777,0.9545602066424608,2.2049949571898297
ILE_32_A_H,PHE_28_C_O,3708,1451,56.977,-3.924,46.074,56.952,-3.769,46.265,56.9645,-3.8465,46.1695,56.63596771895078,-3.885051011463824,44.76528052018141,7.010280223703839,5.216308213154999,0.2472468402224805,1.7408638084459642,1.008291786736892,2.164903049168473
ILE_32_A_H,PHE_28_C_O,3710,1443,56.893,-3.511,46.363,56.734,-3.324,46.43,56.813500000000005,-3.4175,46.3965,56.60179379317432,-3.4337540092960905,44.768521128211965,7.462880867659376,5.216308213154999,0.2544385977008987,1.6003838407113298,1.0818469999338503,2.1514912767517798
GLN_31_A_HG3,PHE_28_C_HA,3470,1771,56.967,-2.999,46.721,56.365,-2.814,41.178,56.666,-2.9065000000000003,43.9495,56.567619867397866,-2.982457007128356,44.77176173624252,7.915481511614912,5.216308213154999,5.578662742987785,1.7127095595215565,1.5872398412037036,2.3121765042283724
GLN_31_A_HG3,PHE_28_C_O,3472,1453,56.675,-2.719,46.598,56.574,-2.604,46.265,56.6245,-2.6615,46.4315,56.53344594162141,-2.5311600049606198,44.77500234427308,8.36808215557045,5.216308213154999,0.3664901090070491,1.3931882991559934,1.2198977454938817,2.1649609754797896
GLN_31_A_HG3,PHE_28_C_H,3488,1738,56.612,-2.165,46.713,56.755,-1.93,45.802,56.6835,-2.0475,46.2575,56.499272015844944,-2.0798630027928864,44.77824295230363,8.820682799525986,5.216308213154999,0.9516275531950528,1.7466075937903445,1.3578152730971629,2.2110844278946282
GLN_31_A_HG3,PHE_28_C_H,3466,1739,56.518,-1.774,46.913,56.478,-1.758,45.481,56.498000000000005,-1.766,46.197,56.46509809006849,-1.6285660006251514,44.78148356033418,9.273283443481525,5.216308213154999,1.4326478981243038,1.7333553979730776,1.4497922023489593,2.2415592463769856
GLN_31_A_CG,PHE_28_C_H,3161,1740,56.673,-1.088,47.354,56.648,-1.326,45.263,56.6605,-1.207,46.3085,56.43092416429203,-1.1772689984574167,44.78472416836474,9.72588408743706,5.216308213154999,2.1046496145439515,1.9132900583196464,1.5901094182877173,2.3111325815331587
GLN_31_A_OE1,PHE_28_C_H,3244,1721,56.528,-0.787,47.093,56.613,-0.711,44.748,56.5705,-0.749,45.9205,56.39675023851557,-0.725971996289682,44.78796477639529,10.178484731392595,5.216308213154999,2.347770431707501,2.078688589595438,1.7000836198234244,2.3839626282134776
GLN_31_A_OE1,PHE_28_C_H,3286,1722,56.458,-0.396,46.834,56.335,-0.491,44.487,56.3965,-0.4435,45.6605,56.36257631273911,-0.2746749941219455,44.79120538442584,10.631085375348135,5.216308213154999,2.3521400893654283,2.4456999214610224,1.7535664259229005,2.445006040581903
GLN_31_A_OE1,GLU_26_C_HB3,3287,590,56.458,0.044,46.834,56.191,-0.046,44.487,56.3245,-0.001,45.6605,56.32840238696265,0.1766220080457891,44.7944459924564,11.083686019303672,5.216308213154999,2.36385236425628,3.855925406596461,1.839877010104217,2.5217076239445255
GLN_31_A_OE1,GLU_26_C_HB3,3280,601,56.364,0.682,47.169,56.472,0.705,45.082,56.418,0.6935,46.1255,56.294228461186194,0.6279190102135221,44.79768660048696,11.536286663259208,5.216308213154999,2.0899191371916723,3.991699890798407,1.9248559053724652,2.5957267043656724
GLN_31_A_OE1,GLU_26_C_HB3,3273,606,56.362,0.844,47.552,56.375,0.969,45.327,56.3685,0.9065,46.4395,56.260054535409736,1.0792160123812586,44.80092720851751,11.988887307214746,5.216308213154999,2.22854638722195,3.9336883940950074,1.9739294863404582,2.61431071046755
GLU_46_A_CG,LYS_51_C_HG3,10484,12702,57.808,-22.696,38.517,58.334,-22.967,43.177,58.071,-22.8315,40.847,58.51518527465838,-22.80558937601287,44.584475688519696,-11.998946822428714,5.6637544353831455,4.6974159917980405,3.776302305050449,2.6955054020528686,3.12489721965662
ALA_47_A_HB3,LYS_51_C_HE3,11131,12791,58.252,-22.468,44.148,58.239,-22.305,44.337,58.2455,-22.3865,44.24250000000001,58.48101134888192,-22.354292373845134,44.58771629655025,-11.546346178473176,5.6637544353831455,0.2499179865475877,2.9244801273593786,1.526531160235499,2.774916111931205
ALA_47_A_HB3,LYS_51_C_HE3,11132,12799,58.508,-22.084,44.148,58.575,-21.985,44.263,58.5415,-22.0345,44.2055,58.44683742310546,-21.9029953716774,44.59095690458081,-11.09374553451764,5.6637544353831455,0.1658764600538572,3.0058664611311707,1.5685666624727208,2.8066825193639295
ALA_47_A_HB3,LYS_51_C_HZ1,11121,12828,58.455,-21.632,44.956,58.599,-21.46,47.502,58.527,-21.546,46.229,58.412663497329,-21.451698369509664,44.59419751261136,-10.641144890562105,5.6637544353831455,2.5558630636244963,3.6952909403514416,1.5427205948295712,2.6895863167324
ALA_47_A_HB3,LEU_48_C_HD22,11122,11535,58.352,-21.181,44.956,58.339,-21.033,45.682,58.3455,-21.107,45.319,58.37848957155254,-21.00040136734193,44.59743812064191,-10.188544246606565,5.6637544353831455,0.7410458825201032,3.0497230343714405,1.428305101162021,2.686239855849382
ALA_47_A_HB3,LEU_48_C_HD22,11107,11540,58.159,-20.743,44.774,58.668,-20.558,46.034,58.4135,-20.6505,45.404,58.344315645776085,-20.549104365174195,44.60067872867247,-9.735943602651028,5.6637544353831455,1.3714612644912705,2.862268890119896,1.4814943316754938,2.6513500464396653
TYR_44_A_HA,LEU_48_C_HD22,9891,11539,58.115,-19.959,44.519,58.341,-20.264,46.034,58.228,-20.1115,45.2765,58.31014171999962,-20.09780736300646,44.60391933670302,-9.283342958695492,5.6637544353831455,1.561834178138,2.476236917711249,1.4769844381701327,2.597269630856876
TYR_44_A_HA,LEU_48_C_HD22,9890,11546,58.06,-19.542,44.771,58.208,-19.63,46.108,58.134,-19.586,45.4395,58.27596779422316,-19.646510360838725,44.60715994473357,-8.830742314739954,5.6637544353831455,1.3480419132949792,1.9477466059170463,1.4454117208698558,2.5435035923542095
TYR_44_A_HA,LEU_48_C_HD22,9897,11545,58.472,-18.987,44.917,58.403,-19.397,46.551,58.4375,-19.192,45.734,58.24179386844671,-19.19521335867099,44.61040055276413,-8.378141670784418,5.6637544353831455,1.686065538465217,1.6791140892577996,1.5011758179666654,2.55984554932062
TYR_44_A_HA,LEU_48_C_HD22,9896,11563,58.329,-18.757,45.236,58.277,-18.899,46.53,58.303,-18.828000000000003,45.883,58.20761994267025,-18.743916356503256,44.613641160794685,-7.92554102682888,5.6637544353831455,1.3028062020116462,1.7679299131758976,1.4361387946664306,2.532265153797076
PHE_38_A_CD1,PHE_28_C_CB,6727,1477,57.047,-5.786,42.554,57.193,-5.535,42.694,57.12,-5.6605,42.624,57.21657609515293,-5.656303293638948,44.70761879368076,5.19987764788169,5.6637544353831455,0.3223615982092161,2.382418214907964,0.8862010189273518,2.347241563360168
ILE_32_A_CG1,PHE_28_C_HB2,3677,1815,57.191,-5.028,44.05,57.192,-5.152,44.234,57.191500000000005,-5.09,44.142,57.18240216937647,-5.2050062914712125,44.71085940171132,5.6524782918372285,5.6637544353831455,0.2218851054036792,2.5046744485530703,0.8424135934258077,2.2917507283183642
ILE_32_A_CG1,PHE_28_C_C,3663,1396,57.063,-4.782,44.405,56.926,-4.961,44.573,56.9945,-4.8715,44.489,57.148228243600016,-4.753709289303478,44.71410000974187,6.105078935792765,5.6637544353831455,0.2811298632305006,2.762985590866791,0.8703081295416729,2.274299387683417
ILE_32_A_H,PHE_28_C_O,3709,1461,57.074,-4.211,45.771,57.107,-4.34,45.669,57.0905,-4.2755,45.72,57.11405431782356,-4.302412287135744,44.71734061777242,6.557679579748301,5.6637544353831455,0.1677319289819346,2.102605683741638,0.9717593881928878,2.198494345678599
ILE_32_A_H,PHE_28_C_O,3707,1459,57.32,-3.828,46.239,57.307,-3.754,46.004,57.313500000000005,-3.791,46.1215,57.079880392047095,-3.851115284968009,44.72058122580298,7.010280223703839,5.6637544353831455,0.2467184630302314,1.6318801827076286,1.0293292687732274,2.1684916595640478
ILE_32_A_H,PHE_28_C_O,3701,1452,57.346,-3.274,46.721,57.097,-3.324,46.265,57.2215,-3.299,46.493,57.04570646627064,-3.399818282800275,44.72382183383353,7.462880867659376,5.6637544353831455,0.5219549789014316,1.5131714738085764,1.1235979989978409,2.1601555629504183
GLN_31_A_HG3,PHE_28_C_O,3469,1419,57.42,-2.915,47.13,57.13,-2.874,46.182,57.275000000000006,-2.8945,46.656000000000006,57.01153254049418,-2.9485212806325403,44.727062441864085,7.915481511614912,5.6637544353831455,0.9922121748900284,1.4690469648440805,1.217449458196704,2.1711940787478614
GLN_31_A_HG3,PHE_28_C_O,3468,1420,57.093,-2.621,47.13,56.904,-2.526,46.122,56.99850000000001,-2.5735,46.626000000000005,56.97735861471772,-2.497224278464804,44.73030304989464,8.36808215557045,5.6637544353831455,1.029956309752994,1.374762024670931,1.278924715093506,2.1789541737269036
ARG_33_A_HA,PHE_28_C_HA,4222,1789,57.218,-2.022,47.61,56.762,-1.924,40.991,56.99,-1.973,44.3005,56.94318468894126,-2.045927276297071,44.7335436579252,8.820682799525986,5.6637544353831455,6.635412647303858,1.6573718687678711,1.7722469693302445,2.36518937883146
ARG_33_A_HG3,PHE_28_C_H,4332,1736,57.175,-1.623,47.945,57.164,-1.75,45.869,57.1695,-1.6865,46.907,56.9090107631648,-1.594630274129336,44.73678426595575,9.273283443481525,5.6637544353831455,2.0799100942108057,1.73591433070761,1.4884814302391816,2.255579114545869
GLN_31_A_CG,PHE_28_C_H,3154,1741,57.298,-1.346,48.382,57.077,-1.242,45.699,57.1875,-1.294,47.0405,56.87483683738834,-1.1433332719616014,44.74002487398631,9.72588408743706,5.6637544353831455,2.69409465312561,1.870620454986682,1.6068097804689985,2.295181468348859
GLN_31_A_OE1,PHE_28_C_H,3229,1734,57.121,-0.622,48.369,57.028,-0.827,45.363,57.0745,-0.7244999999999999,46.866,56.840662911611886,-0.6920362697938666,44.74326548201686,10.178484731392595,5.6637544353831455,3.0144170248988447,2.3181584540248514,1.7016245073526295,2.356917407950273
ARG_33_A_HG3,PHE_28_C_H,4333,1726,56.946,-0.37,48.17,56.978,-0.432,45.082,56.962,-0.401,46.626000000000005,56.80648898583542,-0.24073926762613,44.74650609004741,10.631085375348135,5.6637544353831455,3.0887881118652354,2.444325647405724,1.7491332309516847,2.4036472540910117
GLU_46_A_OE1,LYS_51_C_HG3,10587,12703,58.508,-23.066,38.264,58.67,-23.322,43.023,58.589,-23.194,40.6435,58.99327187353114,-23.222950651684787,44.53653578611072,-12.45154746638425,6.111200657611292,4.768633032641535,3.545704435187908,2.797406080167297,3.186369303544878
GLU_46_A_OE1,LYS_51_C_HE3,10555,12804,58.591,-22.924,38.868,58.829,-22.846,43.123,58.71,-22.885,40.9955,58.959097947754685,-22.77165364951705,44.53977639414127,-11.998946822428714,6.111200657611292,4.26236471926089,3.654988009525423,2.8609720868295434,3.228441743717725
GLU_46_A_HB3,LYS_51_C_HE3,10771,12801,58.513,-22.318,40.032,58.971,-22.355,43.152,58.742,-22.3365,41.592,58.92492402197823,-22.32035664734932,44.54301700217182,-11.546346178473176,6.111200657611292,3.153653912527503,3.9435036540797914,2.8103163180486512,3.2593901878038625
GLU_46_A_HB3,LYS_51_C_HE3,10785,12812,58.504,-21.781,40.835,58.966,-21.741,43.352,58.735,-21.761,42.0935,58.89075009620176,-21.869059645181583,44.54625761020238,-11.09374553451764,6.111200657611292,2.559361834520469,3.93194412851416,2.6485088416537796,3.2127892538565965
GLU_46_A_CG,LYS_51_C_CD,10485,12509,57.819,-21.403,35.955,58.702,-21.508,45.021,58.2605,-21.4555,40.488,58.856576170425306,-21.417762643013848,44.54949821823293,-10.641144890562105,6.111200657611292,9.109504377297377,4.253259710381952,2.5329861444471478,2.9127541789547755
GLU_46_A_HB3,LYS_51_C_CE,10769,12522,58.507,-21.119,41.038,58.813,-21.099,45.421,58.66,-21.109,43.2295,58.82240224464885,-20.966465640846117,44.552738826263486,-10.188544246606565,6.111200657611292,4.393714260167589,3.6666959713616234,2.482122810107735,3.018697416693757
GLU_43_A_O,LYS_51_C_HZ1,9111,12838,58.412,-20.301,42.023,59.087,-20.694,46.034,58.7495,-20.4975,44.0285,58.78822831887239,-20.51516863867838,44.555979434294045,-9.735943602651028,6.111200657611292,4.086342496658837,2.8552401010652293,2.249737079374611,2.88602744504634
GLU_43_A_O,LEU_48_C_HD22,9130,11543,58.513,-19.894,43.05,58.774,-20.179,46.339,58.6435,-20.0365,44.6945,58.75405439309593,-20.063871636510644,44.5592200423246,-9.283342958695492,6.111200657611292,3.3116260356507663,1.8109577864499264,1.8925758910928552,2.725275573657232
PHE_38_A_CG,PHE_28_C_CB,6718,1478,57.605,-5.71,42.61,57.598,-5.748,42.694,57.6015,-5.729,42.652,57.66048876824924,-5.622367567143133,44.66291949930233,5.19987764788169,6.111200657611292,0.0924608025057133,2.444063586566943,0.8369251257727558,2.35605798106981
PHE_38_A_CD2,PHE_28_C_HB3,6755,1863,57.147,-5.033,40.896,57.306,-5.115,40.965,57.2265,-5.074,40.9305,57.62631484247278,-5.171070564975397,44.66616010733289,5.6524782918372285,6.111200657611292,0.1917446218280971,2.6125564357230147,1.0014451494868621,2.4862282752691724
ILE_32_A_CG1,PHE_28_C_HB2,3675,1816,57.539,-4.837,44.411,57.395,-4.915,44.588,57.467,-4.876,44.4995,57.59214091669632,-4.719773562807663,44.66940071536344,6.105078935792765,6.111200657611292,0.2411410375693018,2.777507724425468,0.8610924880527551,2.273554866992036
ILE_32_A_HG12,PHE_28_C_O,3770,1422,57.613,-4.453,45.413,57.663,-4.265,45.126,57.638,-4.359,45.2695,57.557966990919866,-4.268476560639929,44.672641323394,6.557679579748301,6.111200657611292,0.3467174642269976,2.5948229921479258,0.9419330223561633,2.2274071248429808
ILE_32_A_H,PHE_28_C_O,3706,1462,57.687,-3.736,46.317,57.423,-3.994,45.669,57.555,-3.865,45.993,57.5237930651434,-3.817179558472193,44.67588193142456,7.010280223703839,6.111200657611292,0.7457640377492079,1.76211563118879,1.0317447716302386,2.188627830303728
ILE_32_A_H,PHE_28_C_O,3702,1418,57.469,-3.606,46.46,57.388,-3.174,46.039,57.4285,-3.39,46.2495,57.489619139366944,-3.3658825563044594,44.67912253945511,7.462880867659376,6.111200657611292,0.6086263221386337,1.338580119188743,1.0949740905081067,2.1690427416780773
ARG_33_A_H,PHE_28_C_O,4146,1416,57.662,-2.75,47.488,57.647,-2.932,45.916,57.6545,-2.841,46.702,57.45544521359049,-2.9145855541367247,44.68236314748566,7.915481511614912,6.111200657611292,1.5825716413483493,1.5561513995114868,1.260047516347006,2.1955905364394432
ARG_33_A_H,PHE_28_C_O,4144,1414,57.957,-2.553,47.749,57.775,-2.542,46.032,57.866,-2.5475,46.8905,57.42127128781403,-2.463288551968988,44.68560375551622,8.36808215557045,6.111200657611292,1.726653989657459,1.9594644026284849,1.3054430863706012,2.21365995193286
GLN_31_A_CG,PHE_28_C_O,3157,1415,57.807,-2.106,48.184,57.548,-2.216,46.024,57.6775,-2.161,47.104,57.387097362037565,-2.0119915498012557,44.68884436354677,8.820682799525986,6.111200657611292,2.1782518219893645,1.830186999040035,1.4071820394608991,2.234895791570752
ARG_33_A_HG3,PHE_28_C_H,4314,1735,57.92,-1.444,48.643,57.593,-1.457,45.985,57.7565,-1.4505,47.314,57.35292343626111,-1.5606945476335206,44.69208497157732,9.273283443481525,6.111200657611292,2.678070574126082,1.8259093916300195,1.5342525853359594,2.284976596496622
GLN_31_A_CG,PHE_28_C_H,3153,1731,57.542,-1.169,48.643,57.622,-1.218,45.94,57.582,-1.1935,47.2915,57.31874951048465,-1.1093975454657858,44.69532557960788,9.72588408743706,6.111200657611292,2.704627515943742,2.0404593560582573,1.5847807340267415,2.305875263524628
GLN_31_A_OE1,PHE_28_C_H,3230,1732,57.54,-0.831,48.369,57.352,-0.569,45.684,57.446,-0.7,47.0265,57.28457558470819,-0.6581005432980511,44.698566187638434,10.178484731392595,6.111200657611292,2.704295287131199,2.1454264977387867,1.6532661313315842,2.343266480008942
GLU_46_A_OE1,ASP_52_C_OD1,10612,13193,59.038,-23.417,38.471,60.248,-23.54,53.706,59.643,-23.4785,46.0885,59.47135847240392,-23.640311927356706,44.48859588370173,-12.904148110339786,6.558646879839438,15.28346995940386,3.385819639122769,5.856292144222356,3.4962387659296894
GLU_46_A_OE1,LYS_51_C_HE3,10596,12790,59.066,-23.064,39.189,59.467,-23.063,43.083,59.2665,-23.0635,41.136,59.437184546627456,-23.18901492518897,44.491836491732286,-12.45154746638425,6.558646879839438,3.914592954573947,3.699355567674308,3.012428015529169,3.324860628222471
GLU_46_A_OE1,LYS_51_C_HE3,10577,12802,59.078,-22.704,39.489,59.306,-22.71,42.998,59.192,-22.707,41.2435,59.403010620851,-22.73771792302124,44.49507709976284,-11.998946822428714,6.558646879839438,3.516404555792749,3.73664689906608,2.984781036538273,3.3273145029355735
GLU_46_A_HB3,ASP_52_C_OD1,10772,13208,58.824,-22.077,40.196,60.015,-22.113,53.28,59.4195,-22.095,46.738,59.36883669507454,-22.2864209208535,44.49831770779339,-11.546346178473176,6.558646879839438,13.138144199239104,4.20222187727211,4.543044932544354,3.3803806573818695
GLU_46_A_HB3,LYS_51_C_HE3,10790,12817,58.935,-21.649,40.516,59.162,-21.975,43.033,59.0485,-21.812,41.7745,59.33466276929808,-21.835123918685767,44.50155831582395,-11.09374553451764,6.558646879839438,2.548155018832256,4.253766500357747,2.8405050888676318,3.307079509759361
GLU_46_A_HB3,LYS_51_C_HE3,10786,12811,58.739,-21.415,40.835,59.254,-21.379,43.352,58.9965,-21.397,42.0935,59.30048884352162,-21.383826916518032,44.5047989238545,-10.641144890562105,6.558646879839438,2.5693987623566685,3.9498312202338894,2.7701377783581074,3.262532320200706
GLU_46_A_HB3,LYS_51_C_CE,10768,12543,58.802,-20.972,40.826,59.292,-21.11,44.907,59.047,-21.041,42.8665,59.26631491774516,-20.932529914350297,44.50803953188505,-10.188544246606565,6.558646879839438,4.112627505622163,3.960446626820159,2.707924844616227,3.1638217435359466
GLU_43_A_O,LYS_51_C_HZ1,9126,12839,58.801,-20.302,41.321,59.524,-20.648,46.034,59.1625,-20.475,43.6775,59.23214099196871,-20.481232912182563,44.51128013991561,-9.735943602651028,6.558646879839438,4.780670873423521,3.809826590406499,2.602005129437167,3.0765237025440957
PHE_38_A_CE2,PHE_28_C_CB,6867,1479,57.613,-5.847,37.781,58.043,-5.857,42.694,57.828,-5.852,40.2375,58.138575367122016,-6.039728842815052,44.61497959689335,4.747277003926154,6.558646879839438,4.931791662266365,3.30195568321933,1.264820472290104,2.4324646795021945
PHE_38_A_HB2,PHE_28_C_HB2,6968,1807,58.049,-5.679,43.19,58.072,-5.806,43.24,58.060500000000005,-5.7425,43.215,58.10440144134555,-5.588431840647318,44.6182202049239,5.19987764788169,6.558646879839438,0.1384124271877367,2.1801511197037584,0.8004827831132584,2.33754355354954
ILE_32_A_CG1,PHE_28_C_HB2,3674,1809,57.979,-4.993,44.411,57.938,-4.96,44.653,57.9585,-4.9765,44.532,58.07022751556909,-5.137134838479582,44.62146081295446,5.6524782918372285,6.558646879839438,0.2476570208978507,2.406269748089943,0.8336868556162377,2.278455470684672
PHE_38_A_CD2,PHE_28_C_HB3,6766,1866,57.542,-4.831,40.776,57.606,-4.887,40.756,57.574,-4.859,40.766000000000005,58.03605358979264,-4.685837836311848,44.62470142098501,6.105078935792765,6.558646879839438,0.0873613186713664,2.671556712561724,0.9854984722496716,2.5484143061997004
ARG_33_A_H,PHE_28_C_HB2,4155,1812,58.253,-4.374,45.478,58.035,-4.263,44.889,58.144,-4.3185,45.1835,58.00187966401618,-4.234540834144114,44.62794202901557,6.557679579748301,6.558646879839438,0.6377820944491934,2.109564810807784,0.9343605688502623,2.2342947776804616
ARG_33_A_H,PHE_28_C_HB2,4157,1793,58.226,-3.869,45.988,58.089,-3.984,44.931,58.1575,-3.9265,45.4595,57.96770573823972,-3.7832438319763777,44.63118263704612,7.010280223703839,6.558646879839438,1.0720275183035204,1.916334245369456,0.9878976295378593,2.218322247749042
ARG_33_A_HH12,PHE_28_C_O,4553,1410,58.979,-3.547,55.008,57.812,-3.288,45.488,58.3955,-3.4175,50.248000000000005,57.93353181246326,-3.331946829808644,44.63442324507668,7.462880867659376,6.558646879839438,9.5947574226762,4.042726718286293,1.6273130779453695,2.4576141484435565
ARG_33_A_H,PHE_28_C_O,4149,1409,58.073,-3.101,47.153,58.071,-2.932,45.488,58.072,-3.0165,46.3205,57.8993578866868,-2.880649827640909,44.63766385310723,7.915481511614912,6.558646879839438,1.6735560940703471,1.947302253440337,1.184524371989782,2.207313195207165
ARG_33_A_HA,TYR_27_C_HB2,4196,1184,58.218,-2.457,47.848,58.181,-2.456,46.012,58.1995,-2.4565,46.93,57.86518396091034,-2.4293528254731727,44.64090446113779,8.36808215557045,6.558646879839438,1.8363730557814213,2.089581958129886,1.293093208084483,2.229305549209493
ARG_33_A_HG3,TYR_27_C_HB2,4317,1183,58.102,-1.909,48.445,58.087,-1.804,46.267,58.0945,-1.8565,47.356,57.83101003513388,-1.97805582330544,44.64414506916834,8.820682799525986,6.558646879839438,2.1805811152075925,2.008345056403815,1.4284463215887888,2.263560986279146
ARG_33_A_HH12,TYR_27_C_HB2,4544,1177,58.748,-1.352,55.4,58.184,-1.291,46.452,58.466,-1.3215,50.926,57.79683610935742,-1.526758821137705,44.64738567719889,9.273283443481525,6.558646879839438,8.965964588375307,4.597300505413022,1.8106256946474333,2.526920524914634
ARG_33_A_HG3,TYR_27_C_HB2,4308,1161,58.003,-0.987,48.751,58.045,-0.993,46.2,58.024,-0.99,47.4755,57.76266218358096,-1.0754618189699705,44.65062628522945,9.72588408743706,6.558646879839438,2.551352778429509,1.8856704201040084,1.5520293508761156,2.325250592473955
ARG_33_A_HG3,TYR_27_C_HB2,4311,1162,58.154,-0.724,48.865,58.045,-0.553,46.2,58.099500000000006,-0.6385000000000001,47.5325,57.72848825780451,-0.6241648168022357,44.65386689326,10.178484731392595,6.558646879839438,2.6727040614329143,2.1386579202914064,1.5951341665774408,2.354168758591182
ARG_33_A_CZ,TYR_27_C_H,4079,1097,58.345,-0.346,52.777,57.866,-0.151,46.2,58.1055,-0.2485,49.4885,57.69431433202804,-0.1728678146344991,44.65710750129056,10.631085375348135,6.558646879839438,6.597302100101221,2.9418335745889346,1.9031838920103405,2.493646355028064
GLU_46_A_OE1,LYS_51_C_CE,10603,12541,59.477,-23.416,38.854,59.723,-23.507,43.157,59.6,-23.4615,41.0055,59.91527114550022,-23.60637620086089,44.443896589323295,-12.904148110339786,7.0060931020675845,4.310986662006735,3.404976441793724,3.0710261238760896,3.3250252398805884
GLU_46_A_OE1,ASP_52_C_HA,10597,13329,59.484,-23.2,39.189,60.435,-23.349,47.731,59.959500000000006,-23.2745,43.46,59.88109721972376,-23.155079198693155,44.447137197353854,-12.45154746638425,7.0060931020675845,8.596066891317216,2.8018405277963145,3.3413547097314575,3.2674309822731087
GLU_46_A_OE1,LYS_51_C_HE3,10590,12819,59.361,-22.868,39.45,59.697,-22.547,42.824,59.529,-22.7075,41.137,59.846923293947306,-22.70378219652542,44.450377805384406,-11.998946822428714,7.0060931020675845,3.405849820529374,3.755312086217125,3.1273150922047876,3.3869456754921488
GLU_46_A_OE1,LYS_51_C_HE3,10583,12818,59.223,-22.065,39.911,59.492,-22.192,42.824,59.3575,-22.128500000000003,41.3675,59.81274936817085,-22.25248519435769,44.45361841341496,-11.546346178473176,7.0060931020675845,2.9281494155865717,3.940226317810688,3.049682073307687,3.3940205741958542
GLU_46_A_OE1,LYS_51_C_HE3,10584,12823,59.411,-21.701,39.884,59.697,-21.837,42.824,59.554,-21.769,41.354,59.778575442394384,-21.80118819218995,44.45685902144552,-11.09374553451764,7.0060931020675845,2.95700727087371,4.098459480032433,3.1486210517036417,3.4368617708207587
GLU_46_A_HB3,LYS_51_C_HE3,10774,12815,59.208,-21.337,40.141,59.792,-21.429,43.033,59.5,-21.383,41.587,59.74440151661793,-21.349891190022216,44.46009962947607,-10.641144890562105,7.0060931020675845,2.951810292007266,4.3085630830415145,3.1304608748685347,3.4330379805944173
GLU_46_A_HB3,LYS_51_C_HE3,10760,12806,59.235,-21.094,40.011,59.45,-21.1,43.744,59.3425,-21.097,41.8775,59.71022759084147,-20.89859418785448,44.46334023750662,-10.188544246606565,7.0060931020675845,3.7391910889923743,4.124902050127419,2.998660847856931,3.335333946697648
GLU_46_A_CB,LYS_51_C_HZ1,10475,12869,59.037,-20.301,40.419,59.943,-20.448,46.098,59.49,-20.3745,43.2585,59.67605366506501,-20.447297185686747,44.46658084553718,-9.735943602651028,7.0060931020675845,5.75269380377576,3.992111332746757,2.974692320449775,3.226746741810269
PHE_38_A_CD2,PHE_28_C_CB,6753,1482,58.122,-5.947,38.062,58.156,-5.82,42.271,58.139,-5.8835,40.1665,58.58248804021832,-6.005793116319236,44.57028030251492,4.747277003926154,7.0060931020675845,4.211052837474262,3.28594467101736,1.239547147073036,2.4735431976240014
ILE_32_A_HB,PHE_28_C_HB2,3759,1823,58.685,-5.514,44.193,58.591,-5.661,44.141,58.638000000000005,-5.5875,44.167,58.54831411444186,-5.554496114151502,44.57352091054547,5.19987764788169,7.0060931020675845,0.1820686683644387,2.3247342747255275,0.7653259918379224,2.317490906130593
ILE_32_A_CG1,PHE_28_C_HB2,3661,1817,58.43,-5.128,44.723,58.565,-5.003,44.669,58.4975,-5.0655,44.696,58.5141401886654,-5.103199111983766,44.57676151857603,5.6524782918372285,7.0060931020675845,0.1917446218280963,2.6433346030585696,0.8402676318353025,2.2831031665491217
PHE_38_A_CD2,PHE_28_C_HD2,6769,1908,57.999,-4.595,40.375,58.17,-4.62,40.419,58.084500000000006,-4.6075,40.397,58.479966262888944,-4.651902109816032,44.58000212660658,6.105078935792765,7.0060931020675845,0.1783311526346407,2.939893524782594,1.011901592582063,2.672590543628242
ARG_33_A_H,PHE_28_C_HB2,4178,1795,58.702,-4.059,45.538,58.579,-4.054,44.766,58.6405,-4.0565,45.152,58.445792337112486,-4.200605107648298,44.58324273463713,6.557679579748301,7.0060931020675845,0.7817531579725131,1.7861737446567414,0.9291400864138649,2.2466070381023324
ARG_33_A_H,PHE_28_C_HB2,4183,1792,58.46,-3.88,45.771,58.467,-3.709,44.931,58.4635,-3.7945,45.351,58.41161841133602,-3.749308105480562,44.58648334266769,7.010280223703839,7.0060931020675845,0.8572572542708552,1.9115768141952365,0.9724885772678538,2.2285478683839233
ARG_33_A_H,PHE_28_C_HD2,4188,1899,58.651,-3.372,46.012,57.803,-3.416,40.708,58.227,-3.394,43.36,58.377444485559565,-3.2980111033128283,44.58972395069824,7.462880867659376,7.0060931020675845,5.371541305807862,1.5729734227294496,1.3198183895599689,2.3685245255217504
ARG_33_A_H,TYR_27_C_HB2,4150,1160,58.539,-3.058,47.153,58.452,-2.712,45.488,58.4955,-2.885,46.3205,58.34327055978311,-2.8467141011450936,44.5929645587288,7.915481511614912,7.0060931020675845,1.702794761561122,2.253352017548797,1.1649959158521974,2.2239368295375987
ARG_33_A_H,TYR_27_C_HB2,4145,1158,58.425,-2.553,47.749,58.43,-2.493,45.823,58.4275,-2.523,46.786,58.30909663400665,-2.395417098977357,44.59620516675936,8.36808215557045,7.0060931020675845,1.9269408397768748,2.02984000917026,1.2620403723381681,2.233498102037119
ARG_33_A_HG3,TYR_27_C_HB2,4318,1190,58.57,-1.909,48.445,58.698,-2.017,46.66,58.634,-1.963,47.5525,58.274922708230186,-1.9441200968096244,44.59944577478991,8.820682799525986,7.0060931020675845,1.792839368153213,1.8388864457583745,1.3303409036898008,2.276766917456414
ARG_33_A_HG3,TYR_27_C_HB2,4316,1186,58.458,-1.564,48.61,58.697,-1.621,46.979,58.5775,-1.5925,47.7945,58.24074878245373,-1.4928230946418897,44.60268638282046,9.273283443481525,7.0060931020675845,1.6494032254121498,1.788457891678643,1.3774940530825635,2.3059044034084923
ARG_33_A_HG3,TYR_27_C_HB2,4315,1173,58.766,-1.169,48.643,58.415,-0.958,46.842,58.5905,-1.0635,47.7425,58.20657485667727,-1.041526092474155,44.60592699085102,9.72588408743706,7.0060931020675845,1.846976718857064,1.94614253522358,1.4209311390753554,2.338562169439819
ARG_33_A_HE,TYR_27_C_HD2,4451,1248,58.828,-0.705,50.244,58.621,-0.475,47.705,58.724500000000006,-0.59,48.9745,58.172400930900814,-0.5902290903064202,44.60916759888157,10.178484731392595,7.0060931020675845,2.55778615212453,2.604680238851517,1.5318279811708806,2.4566758160547195
ARG_33_A_CD,TYR_27_C_HD2,3996,1263,58.896,-0.336,51.189,58.467,-0.152,48.249,58.6815,-0.244,49.719,58.13822700512435,-0.1389320881386837,44.61240820691212,10.631085375348135,7.0060931020675845,2.97682666609932,2.6029900384064444,1.608304612355796,2.5199218090964517
GLU_46_A_OE1,LYS_51_C_CE,10604,12553,59.944,-23.373,38.854,59.998,-23.472,43.091,59.971,-23.4225,40.9725,60.35918381859653,-23.572440474365077,44.39919729494487,-12.904148110339786,7.453539324295731,4.23850044237346,3.305194850074004,3.1678058413013614,3.3649632430069905
GLU_46_A_OE1,LYS_51_C_CE,10598,12559,59.922,-23.154,39.189,60.129,-23.088,42.951,60.0255,-23.121,41.07,60.32500989282008,-23.12114347219734,44.40243790297543,-12.45154746638425,7.453539324295731,3.7682687006104016,3.367139474213951,3.2534224420835387,3.4055088044184534
GLU_46_A_OE1,LYS_51_C_HE3,10589,12820,59.717,-22.523,39.615,60.107,-22.547,42.824,59.912,-22.535,41.2195,60.29083596704362,-22.669846470029604,44.40567851100598,-11.998946822428714,7.453539324295731,3.2327011925014,3.832784603505202,3.285742539934655,3.4554739149417077
GLU_46_A_OE1,LYS_51_C_HE3,10579,12821,59.669,-22.08,39.703,60.312,-22.192,42.824,59.9905,-22.136,41.2635,60.25666204126716,-22.21854946786187,44.40891911903653,-11.546346178473176,7.453539324295731,3.1885159557386524,3.974659379783381,3.3546224101586937,3.4922362474249193
GLU_46_A_OE1,LYS_51_C_HE3,10580,12822,59.815,-21.663,39.604,60.107,-21.837,42.824,59.961,-21.75,41.214,60.2224881154907,-21.76725246569413,44.41215972706709,-11.09374553451764,7.453539324295731,3.237891289095419,3.9939601881641527,3.3462114197362323,3.4949487759565665
GLU_46_A_HB3,LYS_51_C_HE3,10762,12814,59.52,-21.291,39.676,60.222,-21.49,43.033,59.871,-21.3905,41.3545,60.18831418971424,-21.3159554635264,44.41540033509765,-10.641144890562105,7.453539324295731,3.435382656997615,4.34775485370499,3.3565987680030123,3.506326191590656
GLU_46_A_OE1,LYS_51_C_HE3,10557,12795,59.73,-20.86,39.415,59.933,-20.965,43.891,59.8315,-20.9125,41.653,60.15414026393778,-20.864658461358665,44.4186409431282,-10.188544246606565,7.453539324295731,4.481831099004066,4.173300055698225,3.257271425353392,3.423778475701906
GLU_46_A_HB3,LYS_51_C_HZ3,10764,12962,59.52,-20.43,39.676,60.29,-20.561,44.71,59.905,-20.4955,42.193,60.119966338161326,-20.41336145919093,44.42188155115876,-9.735943602651028,7.453539324295731,5.09423370096033,4.376116924213371,3.3071350249245,3.4294727627596315
ILE_32_A_O,PHE_28_C_CB,3630,1481,59.737,-5.859,50.921,58.946,-5.748,42.694,59.3415,-5.8035,46.807500000000005,59.02640071331464,-5.971857389823421,44.52558100813649,4.747277003926154,7.453539324295731,8.26568394024354,2.345494372195624,1.402171162790959,2.3956070582917244
PHE_38_A_HB2,PHE_28_C_HB2,6965,1827,58.902,-5.588,43.794,58.812,-5.74,43.749,58.857,-5.664,43.7715,58.99222678753817,-5.520560387655687,44.52882161616704,5.19987764788169,7.453539324295731,0.182288233301001,2.1374832619763344,0.7636846398190926,2.3530541498327935
PHE_38_A_CD2,PHE_28_C_HB3,6752,1842,58.484,-5.034,41.193,58.405,-5.265,41.089,58.444500000000005,-5.1495,41.141,58.95805286176172,-5.069263385487951,44.5320622241976,5.6524782918372285,7.453539324295731,0.2653639010867904,2.7406018282763545,0.8610185494920195,2.581476021492599
PHE_38_A_CD2,PHE_28_C_HD2,6768,1906,58.462,-4.624,40.375,58.585,-4.658,40.127,58.5235,-4.641,40.251000000000005,58.92387893598526,-4.6179663833202165,44.53530283222816,6.105078935792765,7.453539324295731,0.2789067944672525,2.738445769854817,0.9401036345747965,2.7466552097968098
ARG_33_A_H,PHE_28_C_HD1,4179,1888,58.987,-4.247,45.419,59.09,-4.196,44.784,59.0385,-4.2215,45.1015,58.8897050102088,-4.166669381152483,44.53854344025871,6.557679579748301,7.453539324295731,0.6453177511892865,1.6715145387465573,0.8860829828068353,2.2692974033530406
ARG_33_A_H,PHE_28_C_HD1,4193,1873,59.094,-3.83,45.484,59.098,-3.486,45.061,59.096,-3.658,45.2725,58.855531084432336,-3.715372378984747,44.54178404828927,7.010280223703839,7.453539324295731,0.5452348118013022,1.7899664642948865,0.9311073601053541,2.2610525228798863
ARG_33_A_H,PHE_28_C_HD1,4187,1874,59.068,-3.172,46.012,58.657,-3.343,45.061,58.8625,-3.2575000000000003,45.5365,58.82135715865588,-3.264075376817013,44.54502465631982,7.462880867659376,7.453539324295731,1.050029999571442,1.790106906478895,1.0166976902535168,2.2419496051072603
ARG_33_A_H,TYR_27_C_HB2,4176,1159,59.064,-2.987,46.437,58.89,-2.666,45.488,58.977,-2.8265,45.9625,58.78718323287942,-2.8127783746492785,44.54826526435037,7.915481511614912,7.453539324295731,1.0168175844270182,2.000562960468109,1.0644478522470695,2.2391067163239997
ARG_33_A_HA,TYR_27_C_HB2,4198,1191,59.103,-2.205,47.848,59.115,-2.217,46.66,59.109,-2.2110000000000003,47.254,58.75300930710296,-2.361481372481542,44.55150587238093,8.36808215557045,7.453539324295731,1.1881212059381845,1.9188155017756812,1.1948039771655614,2.2739032374872448
ARG_33_A_HG3,TYR_27_C_HB2,4322,1187,59.044,-1.975,48.184,59.026,-1.906,46.979,59.035,-1.9405,47.5815,58.7188353813265,-1.9101843703138088,44.55474648041148,8.820682799525986,7.453539324295731,1.2071081144619962,1.952939512857393,1.2366128226372035,2.291928193041081
ARG_33_A_HG3,TYR_27_C_HB2,4319,1172,58.948,-1.634,48.445,59.115,-1.34,47.264,59.0315,-1.487,47.8545,58.68466145555004,-1.458887368146074,44.55798708844203,9.273283443481525,7.453539324295731,1.2284486151239675,2.2416414472909807,1.2936743977352785,2.336672761481827
ARG_33_A_HH11,TYR_27_C_CD2,4479,836,59.869,-1.013,54.854,59.076,-0.943,47.484,59.4725,-0.978,51.169,58.65048752977359,-1.0075903659783394,44.56122769647259,9.72588408743706,7.453539324295731,7.412870496642982,5.03007364697174,1.7163280019839164,2.590707250526427
ARG_33_A_HG3,TYR_27_C_CD2,4335,855,59.063,-0.703,48.576,59.17,-0.507,48.291,59.1165,-0.605,48.4335,58.61631360399713,-0.5562933638106047,44.56446830450314,10.178484731392595,7.453539324295731,0.362063530336876,2.359374468368566,1.3293847132365122,2.4478231537923976
ARG_33_A_HG3,TYR_27_C_CD2,4341,838,59.187,-0.225,49.033,58.96,-0.08,48.618,59.0735,-0.1525,48.825500000000005,58.58213967822066,-0.1049963616428681,44.567708912533696,10.631085375348135,7.453539324295731,0.494751452751781,2.561217720668447,1.3630787273733398,2.502567388311858
ARG_33_A_HD3,TYR_27_C_CD2,4404,845,59.353,0.135,51.502,59.063,0.439,48.952,59.208,0.287,50.227,58.547965752444206,0.3463006405248665,44.570949520564255,11.083686019303672,7.453539324295731,2.584379229138019,3.351860883352164,1.566135808543827,2.6379103913689352
GLU_46_A_OE1,LYS_51_C_CE,10615,12554,60.353,-23.308,38.471,60.457,-23.538,43.091,60.405,-23.423,40.781,60.80309649169284,-23.53850474786926,44.35449800056644,-12.904148110339786,7.900985546523877,4.626890532528303,3.285967916748461,3.2968899519865085,3.394800527418643
GLU_46_A_OE1,LYS_51_C_CE,10599,12560,60.303,-22.934,39.189,60.551,-23.088,42.951,60.427,-23.011000000000003,41.07,60.768922565916384,-23.087207745701527,44.357738608597,-12.45154746638425,7.900985546523877,3.773309422774656,3.353551550141784,3.3831702437866977,3.4452592773302935
GLU_46_A_OE1,LYS_51_C_CE,10592,12558,60.207,-22.593,39.45,60.763,-22.722,42.951,60.485,-22.6575,41.200500000000005,60.73474864013993,-22.635910743533792,44.36097921662755,-11.998946822428714,7.900985546523877,3.547221165926926,3.654553122104776,3.466781079061636,3.4838570607636163
GLU_46_A_OE1,LYS_51_C_CE,10593,12531,60.352,-22.148,39.45,60.614,-22.274,42.951,60.483,-22.211,41.200500000000005,60.70057471436347,-22.184613741366057,44.3642198246581,-11.546346178473176,7.900985546523877,3.513050099272708,3.4029124594475157,3.4896350548501416,3.501488742792465
GLU_46_A_OE1,LYS_51_C_HE3,10594,12813,60.207,-21.703,39.45,60.551,-21.775,43.033,60.379000000000005,-21.739,41.2415,60.666400788587005,-21.73331673919832,44.36746043268866,-11.09374553451764,7.900985546523877,3.6001956891258,3.717023831658584,3.4920577286922803,3.5188526269494873
GLU_46_A_OE1,LYS_51_C_HE3,10566,12797,60.141,-21.368,39.335,60.552,-21.356,43.329,60.3465,-21.362,41.332,60.63222686281055,-21.282019737030588,44.37070104071921,-10.641144890562105,7.900985546523877,4.015109089427085,3.922656026432313,3.537990260929218,3.531024484477059
GLU_46_A_OE1,LYS_51_C_HE3,10559,12793,60.092,-20.86,39.25,60.666,-21.026,43.614,60.379,-20.943,41.432,60.59805293703409,-20.830722734862853,44.37394164874976,-10.188544246606565,7.900985546523877,4.40471656295839,4.216418824371216,3.584548139487575,3.5471292625758113
GLU_46_A_HB3,LYS_51_C_HZ3,10765,12963,59.874,-20.415,39.415,60.488,-20.548,44.212,60.181,-20.4815,41.813500000000005,60.56387901125763,-20.37942573269512,44.37718225678032,-9.735943602651028,7.900985546523877,4.837963827892891,4.643626950286972,3.455369076434047,3.497107775296226
PHE_38_A_HB2,PHE_28_C_HB2,6967,1796,59.359,-5.513,43.412,59.328,-5.432,43.348,59.343500000000006,-5.4725,43.38,59.43613946063448,-5.486624661159871,44.48412232178861,5.19987764788169,7.900985546523877,0.1077868266533524,1.937210712381769,0.7576251331804107,2.4163594380617637
PHE_38_A_CD2,PHE_28_C_CD2,6746,1548,59.085,-5.018,40.796,59.108,-5.078,40.701,59.0965,-5.048,40.7485,59.40196553485802,-5.035327658992135,44.48736292981917,5.6524782918372285,7.900985546523877,0.1146908889145064,2.7623505865905824,0.8691985115297192,2.723044555271633
PHE_38_A_CD2,PHE_28_C_HD2,6771,1913,58.789,-4.667,39.952,58.853,-4.743,39.975,58.821,-4.705,39.9635,59.36779160908157,-4.5840306568244005,44.49060353784972,6.105078935792765,7.900985546523877,0.1019852930573827,2.641312866475148,0.9977727334196181,2.812346819302543
PHE_38_A_HB2,PHE_28_C_HD1,7001,1886,59.501,-4.343,45.421,59.552,-4.172,44.974,59.5265,-4.2575,45.1975,59.33361768330511,-4.132733654656667,44.493844145880274,6.557679579748301,7.900985546523877,0.4813013608956479,1.664170246359684,0.8409095512247724,2.3052268461806595
ARG_33_A_H,PHE_28_C_HD1,4192,1889,59.504,-3.83,45.484,59.429,-3.685,45.141,59.4665,-3.7575,45.3125,59.29944375752864,-3.681436652488932,44.49708475391083,7.010280223703839,7.900985546523877,0.3798670820168573,1.7744447538295114,0.8881460977842016,2.287328627394411
ARG_33_A_H,PHE_28_C_HD1,4189,1870,59.189,-3.422,45.693,59.391,-3.273,45.227,59.29,-3.3475,45.46,59.265269831752185,-3.2301396503211977,44.500325361941385,7.462880867659376,7.900985546523877,0.5293023710508015,1.754981300251973,0.9490651924896435,2.26798583899789
ARG_33_A_HA,TYR_27_C_HB2,4220,1169,59.481,-2.74,46.4,59.532,-2.655,45.823,59.5065,-2.6975,46.1115,59.23109590597573,-2.778842648153463,44.50356596997194,7.915481511614912,7.900985546523877,0.5854528162029776,1.845270812292808,1.0067889123719045,2.267729280026984
ARG_33_A_HA,TYR_27_C_HB2,4218,1170,59.539,-2.359,46.696,59.533,-2.415,46.217,59.536,-2.387,46.4565,59.19692198019927,-2.3275456459857264,44.5068065780025,8.36808215557045,7.900985546523877,0.482299699357152,1.5627568718931768,1.0420181736004246,2.27095937536146
ARG_33_A_HA,TYR_27_C_HB2,4200,1188,59.43,-2.04,47.466,59.456,-1.967,46.979,59.443,-2.0035,47.2225,59.162748054422806,-1.8762486438179933,44.51004718603305,8.820682799525986,7.900985546523877,0.4931267585519995,1.8085260727408363,1.1228318151570633,2.3014823044018087
ARG_33_A_HA,TYR_27_C_HB2,4217,1171,59.541,-1.541,47.886,59.436,-1.463,47.263,59.4885,-1.502,47.5745,59.12857412864635,-1.4249516416502588,44.5132877940636,9.273283443481525,7.900985546523877,0.6365830660644416,2.2602833812838723,1.1534323333124377,2.3534802730442226
ARG_33_A_HG3,TYR_27_C_CD2,4329,834,59.478,-1.116,48.129,59.297,-0.788,47.858,59.3875,-0.952,47.9935,59.09440020286989,-0.973654639482524,44.51652840209416,9.72588408743706,7.900985546523877,0.4623699817245947,2.362850403609784,1.2155837423218454,2.4130456482826963
ARG_33_A_HG3,TYR_27_C_CD2,4346,856,59.518,-0.478,48.322,59.584,-0.721,48.291,59.551,-0.5994999999999999,48.3065,59.06022627709344,-0.5223576373147892,44.51976901012471,10.178484731392595,7.900985546523877,0.25370455258036,2.6450474555243946,1.2142689358437622,2.4760909840743692
ARG_33_A_HG3,TYR_27_C_CD2,4340,846,59.571,0.031,49.033,59.319,0.054,48.952,59.445,0.0424999999999999,48.9925,59.02605235131697,-0.0710606351470527,44.523009618155264,10.631085375348135,7.900985546523877,0.265695314222886,2.634043179066438,1.2814642201556499,2.5584996941657425
ARG_33_A_HD3,TYR_27_C_CD2,4406,842,59.804,0.314,50.813,59.463,0.446,49.179,59.6335,0.38,49.996,58.99187842554051,0.380236367020682,44.52625022618582,11.083686019303672,7.900985546523877,1.6744136287070772,3.2197789434264297,1.4286557079376394,2.669695114992219
GLU_46_A_OE1,LYS_51_C_CE,10616,12556,60.689,-22.999,38.471,61.131,-22.954,43.091,60.91,-22.9765,40.781,61.21283523901269,-23.05327201920571,44.31303931421856,-12.45154746638425,8.348431768752024,4.641313283974704,2.810188297669309,3.5609658892700793,3.462368106258555
GLU_46_A_OE1,LYS_51_C_CE,10600,12557,60.562,-22.578,39.189,61.131,-22.49,43.091,60.8465,-22.534,41.14,61.17866131323623,-22.601975017037976,44.31627992224912,-11.998946822428714,8.348431768752024,3.944250118843886,3.1998527361686078,3.5933315383149376,3.4939117749183612
GLU_46_A_OE1,LYS_51_C_HZ2,10595,12900,60.653,-22.148,39.189,61.597,-22.127,47.194,61.125,-22.1375,43.191500000000005,61.144487387459776,-22.15067801487024,44.31952053027967,-11.546346178473176,8.348431768752024,8.06049638669977,2.764080468664108,3.8928470007203613,3.429234609968942
GLU_46_A_OE1,LYS_51_C_CE,10565,12552,60.587,-21.572,39.121,61.178,-21.884,43.318,60.8825,-21.728,41.2195,61.11031346168332,-21.699381012702503,44.32276113831023,-11.09374553451764,8.348431768752024,4.249874586384868,3.4418731517003907,3.7128902077853616,3.540920412305404
GLU_46_A_OE1,LYS_51_C_HE3,10564,12794,60.612,-21.183,39.093,60.967,-21.342,43.504,60.7895,-21.2625,41.2985,61.07613953590686,-21.24808401053477,44.32600174634078,-10.641144890562105,8.348431768752024,4.428117771694871,3.532836527944452,3.6893805412475427,3.5534997637484853
GLU_46_A_OE1,LYS_51_C_HZ3,10563,12965,60.588,-20.752,39.201,61.107,-20.939,43.65,60.8475,-20.8455,41.4255,61.0419656101304,-20.79678700836704,44.32924235437133,-10.188544246606565,8.348431768752024,4.483071603264884,3.9561633786779513,3.7375778340310597,3.577704942721554
GLU_43_A_HG2,LYS_51_C_HZ3,9487,12994,60.72,-20.14,39.415,60.918,-20.465,43.913,60.819,-20.3025,41.664,61.00779168435395,-20.345490006199302,44.33248296240189,-9.735943602651028,8.348431768752024,4.51407055771174,4.275339439639831,3.6283786970354437,3.5610677744402417
GLU_43_A_HG2,LYS_51_C_HZ3,9485,12988,60.597,-19.808,39.676,61.192,-20.035,44.232,60.8945,-19.9215,41.954,60.97361775857748,-19.894193004031568,44.33572357043244,-9.283342958695492,8.348431768752024,4.600292382012253,4.38255041491027,3.6394921648571663,3.564463858689215
PHE_38_A_HB2,PHE_28_C_CG,7002,1490,59.797,-5.334,43.24,59.708,-5.41,42.823,59.7525,-5.372,43.0315,59.88005213373079,-5.452688934664056,44.43942302741018,5.19987764788169,8.348431768752024,0.433111994754245,2.0333718370260154,0.7618887155331541,2.49504354218404
PHE_38_A_CD2,PHE_28_C_CD2,6770,1537,59.194,-4.88,39.952,59.169,-4.866,40.053,59.1815,-4.872999999999999,40.0025,59.84587820795433,-5.00139193249632,44.44266363544074,5.6524782918372285,8.348431768752024,0.1049857133137652,2.7637807493195723,0.9942561491503475,2.8429835030303465
ARG_33_A_H,PHE_28_C_HD1,4161,1885,59.85,-4.553,45.509,59.814,-4.478,44.789,59.832,-4.515499999999999,45.149,59.81170428217787,-4.550094930328585,44.44590424347129,6.105078935792765,8.348431768752024,0.7247903145048219,2.1150263186557114,0.8359423225262625,2.3543908736980597
ARG_33_A_H,PHE_28_C_HD1,4191,1893,59.709,-4.185,45.484,59.998,-4.146,45.246,59.8535,-4.1655,45.365,59.77753035640141,-4.098797928160852,44.44914485150184,6.557679579748301,8.348431768752024,0.3764120083100385,2.1051876049352,0.8424595157477057,2.333524901120692
ARG_33_A_H,PHE_28_C_HD1,4175,1892,59.802,-3.863,45.542,59.669,-3.861,45.246,59.7355,-3.862,45.394000000000005,59.74335643062496,-3.647500925993116,44.4523854595324,7.010280223703839,8.348431768752024,0.3245134820003636,2.092539825253903,0.8653860438639454,2.3126819327096797
ARG_33_A_H,PHE_28_C_HD1,4158,1883,59.905,-2.984,46.077,59.763,-3.366,45.428,59.834,-3.175,45.7525,59.7091825048485,-3.196203923825382,44.45562606756295,7.462880867659376,8.348431768752024,0.7663478322537371,1.9228306116199068,0.9269755388694061,2.3008094025180137
ARG_33_A_HA,TYR_27_C_HB2,4221,1168,59.837,-2.9,46.136,59.706,-2.628,45.897,59.7715,-2.764,46.0165,59.67500857907204,-2.7449069216576474,44.45886667559351,7.915481511614912,8.348431768752024,0.3850532430716589,1.5869823267724104,0.9589521315644055,2.28209724633499
ARG_33_A_HA,TYR_27_C_CB,4219,772,59.867,-2.455,46.326,60.026,-2.403,46.341,59.9465,-2.4290000000000003,46.3335,59.64083465329559,-2.293609919489911,44.462107283624064,8.36808215557045,8.348431768752024,0.1679583281650598,1.507073721097954,0.9679995674202102,2.2968455396579133
ARG_33_A_HA,TYR_27_C_CB,4226,766,59.762,-1.634,47.112,59.771,-1.793,47.053,59.7665,-1.7134999999999998,47.0825,59.60666072751911,-1.842312917322178,44.465347891654616,8.820682799525986,8.348431768752024,0.1698322701962161,1.9538438544226784,1.064442822887597,2.3369504692977325
ARG_33_A_HA,TYR_27_C_CB,4214,760,59.986,-1.392,47.335,59.934,-1.435,47.277,59.96,-1.4135,47.306,59.572486801742656,-1.3910159151544432,44.46858849968517,9.273283443481525,8.348431768752024,0.0889775252521666,2.2427577075615988,1.0660031427649854,2.3871724989716996
ARG_33_A_HG3,TYR_27_C_CD2,4328,833,59.775,-0.875,48.041,59.674,-0.933,47.856,59.7245,-0.904,47.9485,59.5383128759662,-0.9397189129867084,44.47182910771573,9.72588408743706,8.348431768752024,0.2186092404268356,2.5526200262732304,1.1546830371893246,2.4461088565352185
ARG_33_A_HG3,TYR_27_C_CD2,4345,852,59.913,-0.298,48.322,60.157,-0.593,48.652,60.035,-0.4455,48.487,59.50413895018974,-0.4884219108189738,44.47506971574628,10.178484731392595,8.348431768752024,0.505431498820561,2.771852013225683,1.1465611516863374,2.5456933342731927
ARG_33_A_HG3,TYR_27_C_CD2,4339,843,60.023,0.121,49.033,59.815,0.142,49.179,59.919,0.1315,49.106,59.46996502441328,-0.0371249086512373,44.47831032377683,10.631085375348135,8.348431768752024,0.254992156742129,2.7534880922493525,1.2246385679947387,2.619981387060893
ARG_33_A_CG,TYR_27_C_CE2,3964,961,60.086,0.236,50.409,59.782,0.574,49.358,59.934,0.4049999999999999,49.8835,59.43579109863683,0.4141720935164974,44.48155093180739,11.083686019303672,8.348431768752024,1.1451030521311194,3.032110702430696,1.3618913309816227,2.703951909795438
ARG_33_A_HD3,TYR_27_C_CE2,4430,985,60.022,0.727,51.383,59.947,1.003,49.745,59.9845,0.865,50.564,59.40161717286037,0.8654690956842304,44.48479153983794,11.536286663259208,8.348431768752024,1.6627823068580012,3.071099917961372,1.5255696614663588,2.794996857532748
GLU_46_A_OE1,LYS_51_C_CE,10607,12550,60.847,-22.382,38.854,61.525,-22.722,43.318,61.186,-22.552,41.086,61.62257398633255,-22.56803929054216,44.27158062787069,-11.998946822428714,8.79587799098017,4.527977473442197,2.9020236125298604,3.706796280809864,3.4985203191694407
GLU_46_A_OE1,LYS_51_C_CE,10608,12551,60.847,-21.914,38.854,61.434,-22.269,43.318,61.1405,-22.0915,41.086,61.58840006055609,-22.116742288374425,44.27482123590124,-11.546346178473176,8.79587799098017,4.516402329288211,2.9232532864376006,3.7452445064218667,3.5207273734141764
GLU_46_A_OE1,LYS_51_C_CE,10610,12526,60.906,-21.698,38.471,61.483,-21.82,43.534,61.1945,-21.759,41.0025,61.554226134779626,-21.66544528620669,44.2780618439318,-11.09374553451764,8.79587799098017,5.097232778675114,3.1559430352137707,3.777231705188282,3.5243540495524224
GLU_46_A_OE1,LYS_51_C_HZ3,10561,12959,60.741,-21.092,38.635,61.483,-21.314,43.623,61.112,-21.203,41.129,61.52005220900317,-21.21414828403896,44.281302451962354,-10.641144890562105,8.79587799098017,5.04777099322067,3.595885672291713,3.854951927613295,3.567976620769019
GLU_46_A_OE1,LYS_51_C_HZ3,10562,12997,60.816,-20.642,38.635,61.218,-20.693,43.704,61.017,-20.6675,41.1695,61.48587828322671,-20.76285128187122,44.284543059992906,-10.188544246606565,8.79587799098017,5.085171186892338,3.923728724442084,3.787881376385174,3.5687205500737633
GLU_43_A_HG2,LYS_51_C_HZ3,9507,12993,61.116,-20.221,39.437,61.313,-20.285,43.913,61.2145,-20.253,41.675,61.451704357450254,-20.311554279703486,44.287783668023465,-9.735943602651028,8.79587799098017,4.480790220485667,3.9173877173047607,3.7065899146885926,3.5849326925194314
GLU_43_A_HG2,LYS_51_C_HZ3,9483,12980,61.054,-19.72,40.011,61.423,-19.866,44.624,61.2385,-19.793,42.3175,61.41753043167379,-19.86025727753575,44.29102427605402,-9.283342958695492,8.79587799098017,4.630037364860028,4.242230643056063,3.59528896100867,3.5588702710978346
PHE_38_A_HB2,PHE_28_C_CD1,6997,1506,60.276,-5.231,43.064,60.331,-5.201,43.134,60.3035,-5.215999999999999,43.099,60.3239648068271,-5.418753208168241,44.39472373303175,5.19987764788169,8.79587799098017,0.0939414711402798,2.1203368996258667,0.745709429555623,2.5580573193269123
PHE_38_A_HB2,PHE_28_C_CD1,7008,1497,60.111,-5.12,42.924,60.274,-5.138,43.488,60.1925,-5.129,43.206,60.28979088105064,-4.967456206000505,44.39796434106231,5.6524782918372285,8.79587799098017,0.5873576423270589,2.043226593320162,0.775745347777776,2.534065198633397
ARG_33_A_H,PHE_28_C_HD1,4162,1897,60.291,-4.696,45.509,60.087,-4.457,44.927,60.189,-4.576499999999999,45.218,60.255616955274185,-4.51615920383277,44.40120494909287,6.105078935792765,8.79587799098017,0.661408345880212,2.544703092647444,0.8173675297301063,2.3997534588633194
ARG_33_A_H,PHE_28_C_HD1,4159,1894,60.256,-4.111,45.596,60.428,-4.207,45.246,60.342,-4.159,45.421,60.22144302949773,-4.064862201665036,44.40444555712342,6.557679579748301,8.79587799098017,0.4016217125604578,2.580846470647906,0.8092763538356641,2.392402062801983
GLY_34_A_H,PHE_28_C_HD1,4777,1891,60.47,-3.587,45.512,60.523,-3.799,45.455,60.4965,-3.693,45.4835,60.18726910372126,-3.613565199497301,44.407686165153976,7.010280223703839,8.79587799098017,0.2258362238437417,2.76050147616692,0.8178937459382436,2.3942702794026447
ARG_33_A_HA,PHE_28_C_HD1,4202,1881,60.379,-3.051,45.816,60.379,-3.024,45.672,60.379,-3.0375,45.744,60.153095177944806,-3.1622681973295665,44.41092677318453,7.462880867659376,8.79587799098017,0.1465093853649027,2.1247146523146005,0.8706443813040092,2.3433311098694953
ARG_33_A_HA,TYR_27_C_CB,4201,756,60.283,-2.709,46.077,60.146,-2.739,45.878,60.2145,-2.724,45.9775,60.11892125216835,-2.710971195161832,44.41416738121508,7.915481511614912,8.79587799098017,0.2434543078279769,1.8734722481039885,0.9085838917109262,2.3155365628303617
ARG_33_A_HA,TYR_27_C_CB,4212,773,60.433,-2.22,46.124,60.491,-2.371,46.341,60.462,-2.2955,46.2325,60.08474732639189,-2.2596741929940958,44.41740798924564,8.36808215557045,8.79587799098017,0.270654761642945,1.6963855745796397,0.9210172940469106,2.3417627936663323
ARG_33_A_HA,TYR_27_C_CB,4232,767,60.093,-1.887,46.401,60.143,-1.88,47.002,60.118,-1.8835,46.7015,60.05057340061543,-1.8083771908263624,44.42064859727619,8.820682799525986,8.79587799098017,0.6031169040907397,1.9947274577453653,0.9795765474455236,2.3451547428141506
ARG_33_A_HA,TYR_27_C_CG,4213,776,60.353,-1.255,47.345,60.298,-1.216,47.501,60.325500000000005,-1.2355,47.423,60.01639947483897,-1.3570801886586277,44.42388920530674,9.273283443481525,8.79587799098017,0.1699470505775242,2.5775126113320463,1.0279143850904617,2.443218117560971
ARG_33_A_HG3,TYR_27_C_CG,4326,777,60.506,-0.943,47.913,60.543,-0.976,47.891,60.5245,-0.9595,47.902,59.98222554906251,-0.9057831864908932,44.4271298133373,9.72588408743706,8.79587799098017,0.0542402064892812,2.9092790086094835,1.0578878399167642,2.5212868960190606
ARG_33_A_HG3,TYR_27_C_O,4325,720,60.383,-0.61,48.174,59.579,-0.597,40.75,59.981,-0.6034999999999999,44.462,59.948051623286055,-0.4544861843231583,44.430370421367854,10.178484731392595,8.79587799098017,7.4674199694405825,2.2450323139350603,1.7419913855834024,2.558366243769962
ARG_33_A_CG,TYR_27_C_CE2,3968,959,60.277,0.141,49.165,60.596,0.15,49.22,60.4365,0.1455,49.1925,59.91387769750959,-0.0031891821554218,44.433611029398406,10.631085375348135,8.79587799098017,0.32383174643632,2.8965574313656828,1.1693329458683381,2.6677691901803473
ARG_33_A_CG,TYR_27_C_CE2,3973,960,60.548,0.285,49.814,60.179,0.328,49.337,60.3635,0.3065,49.575500000000005,59.87970377173313,0.4481078200123128,44.436851637428965,11.083686019303672,8.79587799098017,0.6045982136923634,2.945050855805926,1.2348733195693853,2.703896540542262
ARG_33_A_HD3,TYR_27_C_CE2,4429,981,60.474,0.817,51.383,60.443,1.091,49.972,60.4585,0.954,50.6775,59.84552984595668,0.8994048221800458,44.44009224545952,11.536286663259208,8.79587799098017,1.4376919002345403,3.033103972055546,1.462058966094632,2.8259614194308087
GLU_46_A_OE2,LYS_51_C_HZ3,10663,12991,61.094,-20.733,36.843,62.072,-20.631,43.913,61.583,-20.682,40.378,61.92979095632302,-20.728915555375405,44.23984376561448,-10.188544246606565,9.243324213208316,7.138052115248242,3.45248970660792,4.025819828419958,3.53103243758532
GLU_46_A_OE2,LYS_51_C_HZ3,10664,12992,61.019,-20.283,36.843,61.743,-20.346,43.913,61.381,-20.3145,40.378,61.89561703054656,-20.27761855320767,44.24308437364503,-9.735943602651028,9.243324213208316,7.107252985507123,3.434011626541727,3.926317556248663,3.50462743488219
GLU_43_A_HG2,LYS_51_C_HZ3,9512,12987,61.334,-19.615,40.657,61.654,-20.035,44.232,61.494,-19.825,42.4445,61.8614431047701,-19.826321551039936,44.24632498167559,-9.283342958695492,9.243324213208316,3.613782644266257,4.559902272774933,3.6173161850538906,3.5820485438238983
PHE_38_A_HB2,PHE_28_C_CD2,7000,1531,60.257,-5.199,41.618,60.354,-5.226,41.541,60.3055,-5.2125,41.5795,60.76787747992341,-5.384817481672425,44.35002443865332,5.19987764788169,9.243324213208316,0.1267556704846023,2.871694018102932,0.8053034390220936,2.7655103444283404
PHE_38_A_HB2,PHE_28_C_CD1,6998,1505,60.465,-5.133,42.742,60.693,-5.152,42.782,60.579,-5.1425,42.762,60.73370355414696,-4.933520479504689,44.35326504668388,5.6524782918372285,9.243324213208316,0.232260629466118,2.592929631858191,0.7455523810766476,2.6399139465133072
GLY_34_A_H,PHE_28_C_HD1,4745,1898,60.868,-4.556,45.373,60.549,-4.457,44.927,60.7085,-4.5065,45.15,60.6995296283705,-4.482223477336954,44.35650565471443,6.105078935792765,9.243324213208316,0.557205527610773,3.394558400561251,0.7936420080253533,2.476135998575629
ARG_33_A_H,PHE_28_C_HD1,4160,1895,60.65,-4.111,45.539,60.823,-4.027,45.246,60.7365,-4.069,45.3925,60.66535570259404,-4.03092647516922,44.35974626274498,6.557679579748301,9.243324213208316,0.3504768180636204,3.1478856799054853,0.7875627405170118,2.4426263287905656
GLY_34_A_H,PHE_28_C_HD1,4774,1880,60.708,-3.277,45.401,60.607,-3.337,45.513,60.6575,-3.3070000000000004,45.457,60.59700785104111,-3.128332470833751,44.366227478806096,7.462880867659376,9.243324213208316,0.1623114290492159,2.463796140657019,0.8196219622087995,2.3974734299241653
GLY_34_A_H,TYR_27_C_CB,4744,757,60.638,-2.695,45.816,60.581,-2.697,45.845,60.6095,-2.696,45.8305,60.562833925264655,-2.6770354686660163,44.36946808683665,7.915481511614912,9.243324213208316,0.0639843730921795,1.638561807464475,0.8788477750234893,2.3534004416789855
GLY_34_A_H,TYR_27_C_CB,4770,759,60.846,-2.154,45.907,60.841,-2.408,46.035,60.8435,-2.281,45.971,60.5286599994882,-2.22573846649828,44.37270869486721,8.36808215557045,9.243324213208316,0.2844731973314885,1.6597596633230705,0.8935523065156726,2.3751190877868935
ARG_33_A_HA,TYR_27_C_CB,4231,768,60.488,-1.707,46.401,60.596,-1.789,47.002,60.542,-1.748,46.7015,60.49448607371174,-1.774441464330547,44.37594930289776,8.820682799525986,9.243324213208316,0.6161079450875457,2.2972835976125814,0.9409524103653772,2.3872763475069023
ARG_33_A_HA,TYR_27_C_CG,4207,782,60.818,-1.257,47.369,60.62,-1.367,47.38,60.719,-1.3119999999999998,47.3745,60.46031214793528,-1.3231444621628123,44.37918991092831,9.273283443481525,9.243324213208316,0.2267708094089718,2.8593578545501432,1.002047898230516,2.474977426987031
ARG_33_A_CG,TYR_27_C_CG,3955,778,60.905,-0.81,48.061,60.978,-0.779,48.059,60.941500000000005,-0.7945,48.06,60.426138222158826,-0.8718474599950776,44.38243051895887,9.72588408743706,9.243324213208316,0.0793347338811952,3.174849144244721,1.0515766904122335,2.5928308965870848
ARG_33_A_CG,TYR_27_C_CD2,3982,853,60.777,-0.416,48.329,60.616,-0.521,48.652,60.6965,-0.4685,48.4905,60.39196429638237,-0.4205504578273429,44.38567112698942,10.178484731392595,9.243324213208316,0.3758656674930562,3.1640117470570432,1.0796255324163186,2.618488345409605
ARG_33_A_CG,TYR_27_C_CD2,3978,849,60.66,0.107,48.99,60.61,-0.202,48.952,60.635,-0.0475,48.971,60.3577903706059,0.0307465443403935,44.38891173501997,10.631085375348135,9.243324213208316,0.3153173005085512,2.9810541834779856,1.1191994198823494,2.6624441003257893
ARG_33_A_CG,TYR_27_C_CE2,3976,991,60.661,0.248,49.391,60.785,0.356,49.445,60.723,0.302,49.418,60.32361644482944,0.4820435465081283,44.39215234305053,11.083686019303672,9.243324213208316,0.1730780170905567,2.778995368467087,1.1775047208468965,2.7179647420438924
ARG_33_A_HD3,TYR_27_C_CE2,4428,982,60.926,0.727,51.383,60.902,1.025,49.972,60.914,0.8759999999999999,50.6775,60.28944251905298,0.9333405486758612,44.395392951081085,11.536286663259208,9.243324213208316,1.442324859385015,2.9839089465902946,1.41414535960149,2.8378460809957193
PHE_38_A_CB,PHE_28_C_CD2,6701,1555,61.085,-5.462,41.386,60.676,-5.169,40.967,60.8805,-5.3155,41.1765,61.21179015301972,-5.3508817551766095,44.30532514427489,5.19987764788169,9.690770435436464,0.6547449885260693,3.4138226279040924,0.8835843980087402,2.9094621337175655
GLY_34_A_O,PHE_28_C_CD1,4730,1517,61.252,-4.991,44.747,61.368,-4.79,44.118,61.31,-4.890499999999999,44.432500000000005,61.17761622724326,-4.899584753008874,44.30856575230545,5.6524782918372285,9.690770435436464,0.6704461201319588,4.227466924609312,0.7447182490717665,2.6322668640108557
GLY_34_A_H,PHE_28_C_CD1,4750,1513,61.222,-4.542,45.112,61.039,-4.683,44.479,61.1305,-4.6125,44.7955,61.143442301466806,-4.448287750841139,44.311806360336,6.105078935792765,9.690770435436464,0.6738390015426559,4.033540172172319,0.7771779833077204,2.5661338235200564
GLY_34_A_H,PHE_28_C_CD1,4748,1502,61.314,-4.111,45.112,61.156,-4.121,44.921,61.235,-4.116,45.0165,61.10926837569035,-3.996990748673405,44.31504696836655,6.557679579748301,9.690770435436464,0.2480826475189294,3.4141049492512017,0.7676773486170007,2.5364198016945125
GLY_34_A_H,PHE_28_C_CD1,4749,1503,61.222,-3.681,45.112,61.299,-3.669,45.033,61.2605,-3.675,45.072500000000005,61.07509444991389,-3.5456937465056697,44.31828757639711,7.010280223703839,9.690770435436464,0.1109684639886477,3.027665447660101,0.7714765783356938,2.5037733510610063
GLY_34_A_H,PHE_28_C_HD1,4773,1878,61.021,-3.319,45.127,61.005,-3.267,45.335,61.013000000000005,-3.293,45.231,61.04092052413743,-3.094396744337936,44.32152818442766,7.462880867659376,9.690770435436464,0.2149976744060253,2.437566892860851,0.7983158980732658,2.442522390522129
GLY_34_A_H,TYR_27_C_HB3,4787,1200,61.119,-2.504,45.074,61.204,-2.535,45.654,61.1615,-2.5195,45.364,61.00674659836097,-2.643099742170201,44.324768792458215,7.915481511614912,9.690770435436464,0.5870144802302635,1.5439891305245708,0.8435010316238992,2.4218652993005447
GLY_34_A_H,TYR_27_C_HB3,4766,1202,61.222,-2.046,45.645,61.136,-2.239,46.093,61.179,-2.1425,45.869,60.97257267258451,-2.1918027400024647,44.32800940048877,8.36808215557045,9.690770435436464,0.4953271646094126,1.9424943747130796,0.8731914862055201,2.407717116604923
ARG_33_A_HA,TYR_27_C_CB,4209,761,61.36,-1.664,46.781,61.127,-1.701,46.817,61.2435,-1.6825,46.799,60.93839874680805,-1.7405057378347315,44.331250008519326,8.820682799525986,9.690770435436464,0.2386503718832189,2.7066566473393,0.9297286592025027,2.4586941009981595
ARG_33_A_HA,TYR_27_C_CG,4224,781,61.05,-1.378,47.112,61.066,-1.478,47.156,61.058,-1.428,47.134,60.90422482103159,-1.289208735666997,44.33449061654988,9.273283443481525,9.690770435436464,0.1104173899347377,2.828085554554943,0.9663163784763635,2.4814939136078014
ARG_33_A_CG,TYR_27_C_O,3956,713,61.339,-0.964,48.084,60.518,-0.69,41.093,60.9285,-0.827,44.5885,60.87005089525513,-0.8379117334992622,44.33773122458044,9.72588408743706,9.690770435436464,7.0443734994675005,2.761976557143384,1.678290219070133,2.597476330372027
ARG_33_A_CG,TYR_27_C_CG,3981,779,61.23,-0.507,48.329,61.376,-0.478,48.142,61.303,-0.4925,48.2355,60.83587696947868,-0.3866147313315274,44.34097183261099,10.178484731392595,9.690770435436464,0.2390104600221491,3.3578644551552865,1.0483562689608639,2.661548811531889
ARG_33_A_CG,TYR_27_C_CE2,3977,957,61.125,0.075,48.99,61.377,0.04,48.733,61.251000000000005,0.0574999999999999,48.8615,60.80170304370221,0.064682270836209,44.34421244064154,10.631085375348135,9.690770435436464,0.3616324100519805,3.205072611889225,1.1187708965585428,2.7233123015286336
ARG_33_A_HD3,TYR_27_C_CE2,4427,992,61.31,0.471,51.383,61.244,0.428,49.445,61.277,0.4495,50.414,60.76752911792576,0.5159792730039438,44.3474530486721,11.083686019303672,9.690770435436464,1.939600216539483,3.2089192907304245,1.3437000950325981,2.8155122160868307
GLY_34_A_O,PHE_28_C_CD1,4742,1522,61.699,-4.712,43.577,61.761,-4.697,43.717,61.73,-4.7045,43.647,61.62152890033957,-4.865649026513058,44.26386645792702,5.6524782918372285,10.138216657664607,0.153847326918607,3.883403819159093,0.7346029249758055,2.755321673664181
GLY_34_A_O,PHE_28_C_CD1,4739,1518,61.68,-4.411,44.167,61.748,-4.521,44.118,61.714,-4.465999999999999,44.1425,61.58735497456311,-4.414352024345323,44.267107065957575,6.105078935792765,10.138216657664607,0.1382931668593923,3.7306913848932513,0.7258074592372423,2.6977058358466235
GLY_34_A_H,PHE_28_C_CD1,4756,1511,61.607,-3.806,44.616,61.418,-4.108,44.779,61.5125,-3.957,44.697500000000005,61.553181048786655,-3.9630550221775898,44.27034767398813,6.557679579748301,10.138216657664607,0.3917831032599556,3.1375789570664407,0.7384558523769742,2.5771212138950657
ARG_33_A_HB3,PHE_28_C_HE2,4252,1968,62.299,-3.277,50.773,60.883,-3.416,38.832,61.591,-3.3465,44.8025,61.5190071230102,-3.511758020009854,44.273588282018686,7.010280223703839,10.138216657664607,12.025467059536608,4.295058757470467,2.187326331364116,2.902511960916478
GLY_34_A_H,TYR_27_C_HB3,4793,1194,61.645,-2.955,44.546,61.621,-2.992,44.967,61.633,-2.9735,44.7565,61.48483319723374,-3.0604610178421203,44.27682889004924,7.462880867659376,10.138216657664607,0.4233036735016595,2.0933705974274086,0.7718061217049859,2.5070161811010467
GLY_34_A_H,TYR_27_C_HB3,4791,1193,61.315,-2.738,44.755,61.526,-2.651,45.228,61.4205,-2.6945,44.9915,61.45065927145728,-2.6091640156743856,44.28006949807979,7.915481511614912,10.138216657664607,0.5251847294048081,1.7234428368961927,0.7987364500993381,2.4575023060481613
GLY_34_A_H,TYR_27_C_HB3,4786,1204,61.407,-2.142,45.074,61.51,-2.255,45.797,61.4585,-2.1985,45.4355,61.416485345680826,-2.157867013506649,44.28331010611035,8.36808215557045,10.138216657664607,0.7389905276794818,1.7965707045384145,0.8480915259419065,2.4367990433347932
GLY_34_A_H,TYR_27_C_CB,4768,755,61.452,-1.791,46.337,61.636,-1.549,46.446,61.544,-1.67,46.3915,61.382311419904354,-1.7065700113389162,44.2865507141409,8.820682799525986,10.138216657664607,0.3229566534381983,2.5280500682981786,0.8991260528449985,2.459208102983004
ARG_33_A_CD,TYR_27_C_CG,4004,788,62.308,-1.189,51.737,61.628,-1.243,47.245,61.968,-1.2160000000000002,49.491,61.3481374941279,-1.2552730091711817,44.28979132217145,9.273283443481525,10.138216657664607,4.54349865192013,3.121970836558349,1.3177829280389555,2.656822948839288
ARG_33_A_HG2,TYR_27_C_CG,4283,786,61.713,-0.683,48.405,61.713,-0.925,47.606,61.713,-0.804,48.0055,61.31396356835144,-0.8039760070034466,44.29303193020201,9.72588408743706,10.138216657664607,0.8348442968601985,3.274263210382576,1.045561843139768,2.653614774603279
ARG_33_A_HG2,TYR_27_C_CD2,4282,831,61.623,-0.294,48.683,61.667,-0.148,48.173,61.645,-0.2209999999999999,48.428,61.27978964257498,-0.3526790048357119,44.29627253823256,10.178484731392595,10.138216657664607,0.5323081814137355,3.411277056269056,1.0856485292628602,2.7195034922584487
ARG_33_A_HG2,TYR_27_C_CE2,4281,939,61.628,-0.033,49.092,61.598,0.088,48.528,61.613,0.0274999999999999,48.81,61.245615716798525,0.0986179973320245,44.29951314626312,10.631085375348135,10.138216657664607,0.577613192370119,3.315690164439648,1.1092625426762674,2.7454137476273996
GLY_34_A_O,PHE_28_C_CE1,4735,1576,61.85,-4.862,43.193,61.943,-4.643,43.028,61.8965,-4.7525,43.1105,62.06544157343588,-4.831713300017243,44.21916716354859,5.6524782918372285,10.585662879892755,0.289542742958616,4.311452031851799,0.7247931659168778,2.8301808657292304
GLY_34_A_C,PHE_28_C_CE1,4712,1578,62.045,-4.234,43.649,62.063,-4.399,43.879,62.054,-4.3165,43.764,62.03126764765943,-4.380416297849508,44.22240777157914,6.105078935792765,10.585662879892755,0.2836353292521906,3.547950819323453,0.728395468111372,2.75999882589185
GLY_34_A_O,PHE_28_C_CE1,4737,1579,61.933,-4.14,44.01,62.044,-4.144,44.248,61.9885,-4.142,44.129,61.99709372188297,-3.929119295681774,44.225648379609694,6.557679579748301,10.585662879892755,0.2626423423593369,3.430525472367828,0.7284966490869188,2.7019711617129913
GLY_34_A_C,PHE_28_C_CE1,4718,1581,61.909,-3.583,44.338,61.855,-3.441,44.764,61.882,-3.512,44.551,61.962919796106505,-3.4778222935140386,44.228888987640254,7.010280223703839,10.585662879892755,0.4522786751550441,2.856477082664877,0.7526830489603223,2.5896191960467294
GLY_34_A_H,PHE_28_C_HE2,4759,1993,62.064,-2.801,44.448,61.297,-3.036,38.471,61.6805,-2.9185,41.4595,61.92874587033005,-3.0265252913463048,44.232129595670806,7.462880867659376,10.585662879892755,6.030592259471706,3.887908177148586,1.355963021716156,2.7813767811252545
GLY_34_A_H,PHE_28_C_HE1,4785,1950,61.824,-1.942,45.074,62.172,-2.183,45.168,61.998,-2.0625,45.121,61.86039801877713,-2.1239312870108336,44.23861081173192,8.36808215557045,10.585662879892755,0.4336138835415668,1.79080437781104,0.8349064935416717,2.4869754312586583
GLY_34_A_H,TYR_27_C_HB3,4779,1198,62.055,-1.773,45.882,61.805,-1.803,45.905,61.93,-1.7879999999999998,45.8935,61.82622409300067,-1.6726342848431006,44.24185141976247,8.820682799525986,10.585662879892755,0.2528418478021392,2.4031886078281466,0.8807576471290449,2.4788725137321097
ARG_33_A_HG2,TYR_27_C_CD1,4276,799,62.07,-1.12,48.344,62.034,-1.176,46.95,62.052,-1.148,47.647000000000006,61.79205016722421,-1.221337282675366,44.24509202779302,9.273283443481525,10.585662879892755,1.3955887646437954,3.087614501064598,1.0609912503641024,2.6267880883457986
ARG_33_A_HG2,TYR_27_C_CD1,4306,801,62.387,-0.76,48.613,62.017,-0.564,47.734,62.202,-0.6619999999999999,48.1735,61.75787624144776,-0.7700402805076312,44.24833263582358,9.72588408743706,10.585662879892755,0.9736308335298314,3.5460377581293216,1.0712076482115738,2.7147223257488498
ARG_33_A_HG2,TYR_27_C_CD1,4307,792,62.058,-0.475,48.613,62.141,-0.215,47.912,62.0995,-0.345,48.2625,61.7237023156713,-0.3187432783398964,44.25157324385413,10.178484731392595,10.585662879892755,0.7522566051554486,3.423793825144169,1.0908719998763639,2.7342779877996253
ARG_33_A_HG2,TYR_27_C_CZ,4301,1004,62.19,-0.085,49.324,62.026,0.29,48.508,62.108,0.1024999999999999,48.916,61.68952838989483,0.13255372382784,44.25481385188469,10.631085375348135,10.585662879892755,0.9128948460803088,3.3888892326702145,1.126286487057633,2.7837493864142155
ARG_35_A_HA,PHE_28_C_CZ,5125,1657,62.23,-4.417,41.904,62.077,-4.389,42.022,62.1535,-4.4030000000000005,41.963,62.47518032075573,-4.346480571353693,44.17770847720071,6.105078935792765,11.033109102120902,0.19523575492209,4.2186152056589,0.8312697370940587,3.001106107406311
GLY_34_A_C,PHE_28_C_CE2,4708,1642,62.472,-3.89,43.205,62.106,-4.046,39.45,62.289,-3.968,41.3275,62.44100639497928,-3.895183569185959,44.18094908523126,6.557679579748301,11.033109102120902,3.7760186705046848,4.397334184268625,1.1650968092070362,3.0160085398433893
GLY_34_A_C,PHE_28_C_CE1,4714,1583,62.542,-3.226,43.892,62.633,-3.535,44.444,62.587500000000006,-3.3805,44.168000000000006,62.40683246920281,-3.443886567018223,44.18418969326182,7.010280223703839,11.033109102120902,0.6391134484580965,2.627525879857019,0.7453381698055096,2.6822997844729906
GLY_34_A_C,PHE_28_C_HE1,4716,1948,62.503,-2.897,44.261,62.451,-3.097,44.722,62.477,-2.997,44.4915,62.372658543426354,-2.992589564850489,44.18743030129237,7.462880867659376,11.033109102120902,0.5051979809935889,2.397330415926603,0.7526857051977626,2.6098869136563843
GLY_34_A_H,PHE_28_C_HE1,4758,1949,62.406,-2.532,44.568,62.406,-2.541,44.94,62.406,-2.5365,44.754,62.3384846176499,-2.5412925626827545,44.190670909322925,7.915481511614912,11.033109102120902,0.3721088550411021,2.2057092134322387,0.785132416446182,2.5589291605591598
GLY_34_A_H,PHE_28_C_HE1,4784,1929,62.286,-1.942,45.074,62.32,-2.147,45.092,62.303,-2.0445,45.083,62.30431069187344,-2.089995560515018,44.19391151735349,8.36808215557045,11.033109102120902,0.2085785223842567,2.1207851536248032,0.8399553973783973,2.522180906101497
ARG_33_A_C,TYR_27_C_HB3,3905,1197,62.597,-1.855,48.025,62.224,-1.806,45.353,62.4105,-1.8305,46.689,62.270136766096975,-1.638698558347285,44.19715212538404,8.820682799525986,11.033109102120902,2.698353942684315,2.907908179751337,1.0535503440492175,2.5758230911095468
ARG_33_A_HG2,TYR_27_C_CD1,4275,812,62.472,-1.198,48.539,62.516,-1.059,47.009,62.494,-1.1284999999999998,47.774,62.23596284032052,-1.1874015561795503,44.20039273341459,9.273283443481525,11.033109102120902,1.5369310329354415,3.134032052846662,1.0934307176205367,2.675639717775585
ARG_33_A_HG2,TYR_27_C_CD1,4303,810,62.674,-0.726,48.932,62.627,-0.796,47.37,62.6505,-0.761,48.151,62.20178891454406,-0.7361045540118157,44.20363334144515,9.72588408743706,11.033109102120902,1.564273952989058,3.311263980053769,1.1129959999467638,2.7445661443689775
ARG_33_A_HG2,TYR_27_C_CE1,4300,877,62.574,-0.341,49.324,62.639,-0.134,47.926,62.6065,-0.2375,48.625,62.1676149887676,-0.284807551844081,44.2068739494757,10.178484731392595,11.033109102120902,1.4147360177785784,3.4228872062252504,1.1335505272218023,2.7878599420386725
ARG_35_A_HA,PHE_28_C_CZ,5124,1675,62.573,-4.319,41.003,62.465,-4.305,41.04,62.519000000000005,-4.311999999999999,41.0215,62.91909299385205,-4.312544844857877,44.13300918282228,6.105078935792765,11.480555324349048,0.115017389989511,4.289600544808182,0.8796638681923216,3.2054682156899346
ARG_35_A_HG2,PHE_28_C_CE2,5229,1643,62.659,-3.98,39.956,62.435,-3.717,39.45,62.547,-3.8485,39.703,62.88491906807559,-3.861247842690143,44.13624979085283,6.557679579748301,11.480555324349048,0.6126834419176013,4.245254826793758,1.0737815299613016,3.4625140273127157
GLY_34_A_C,PHE_28_C_CE1,4721,1585,62.802,-3.2,43.595,62.997,-3.57,44.144,62.8995,-3.385,43.8695,62.850745142299125,-3.4099508405224075,44.1394903988834,7.010280223703839,11.480555324349048,0.6901637486857733,2.8200633136195905,0.7560470513773768,2.7420342083916704
GLY_34_A_C,PHE_28_C_HE1,4713,1952,62.942,-2.91,44.032,63.003,-2.979,44.633,62.9725,-2.9445,44.3325,62.81657121652267,-2.9586538383546737,44.14273100691395,7.462880867659376,11.480555324349048,0.6080156247992378,2.272606635901397,0.7349255381090519,2.661218829976218
GLY_34_A_H,PHE_28_C_HE2,4752,1981,62.794,-2.557,44.607,62.273,-2.681,38.68,62.5335,-2.619,41.6435,62.78239729074621,-2.507356836186939,44.1459716149445,7.915481511614912,11.480555324349048,5.95114661220844,3.668841858318381,1.3565037817485521,2.8677448608974827
GLY_34_A_H,PHE_28_C_HE1,4762,1941,62.772,-2.148,45.051,62.941,-2.192,44.844,62.8565,-2.17,44.947500000000005,62.74822336496975,-2.0560598340192024,44.14921222297505,8.36808215557045,11.480555324349048,0.2708246665279986,2.416133261444936,0.8121626028176326,2.588529653188404
ARG_35_A_HG2,PHE_28_C_CZ,5235,1702,62.749,-4.432,39.54,62.908,-4.152,41.21,62.828500000000005,-4.292,40.375,63.363005666948354,-4.278609118362062,44.08830988844385,6.105078935792765,11.928001546577194,1.7007589482345833,4.089915660925943,0.9498254316959149,3.2569572412525596
ARG_35_A_HG2,PHE_28_C_CZ,5221,1673,62.827,-3.688,40.384,62.935,-3.781,40.43,62.881,-3.7345,40.407,63.328831741171896,-3.827312116194328,44.0915504964744,6.557679579748301,11.928001546577194,0.1497631463344731,4.399765757863816,0.9614620096244131,3.3793052857527766
ARG_35_A_HG2,PHE_28_C_CE2,5230,1639,63.005,-3.144,39.956,62.881,-3.306,39.811,62.943,-3.225,39.8835,63.29465781539543,-3.3760151140265924,44.09479110450496,7.010280223703839,11.928001546577194,0.2502898319948324,3.998003971939265,1.0493790814777502,3.489774632686946
GLY_34_A_H,PHE_28_C_HE1,4754,1955,63.253,-2.729,44.272,63.434,-2.847,44.314,63.3435,-2.7880000000000003,44.293,63.260483889618975,-2.9247181118588585,44.09803171253552,7.462880867659376,11.928001546577194,0.2201113354645761,2.414412318074515,0.741436116160909,2.6978329732253554
GLY_34_A_H,PHE_28_C_HE1,4753,1953,63.231,-2.511,44.607,63.238,-2.613,44.633,63.2345,-2.5620000000000003,44.620000000000005,63.22630996384252,-2.473421109691124,44.10127232056607,7.915481511614912,11.928001546577194,0.1054940756630443,2.394268685729162,0.7640137583138603,2.645788488647353
GLY_34_A_CA,PHE_28_C_HE1,4681,1938,63.288,-2.135,45.182,63.186,-2.0,44.663,63.237,-2.0675,44.9225,63.19213603806606,-2.022124107523388,44.10451292859663,8.36808215557045,11.928001546577194,0.5458846031900927,2.610676928663812,0.8415236622821286,2.6316480253293952
ARG_35_A_HG2,PHE_28_C_CZ,5240,1710,63.101,-3.763,38.829,63.287,-3.727,40.809,63.194,-3.745,39.819,63.77274441426821,-3.793376389698512,44.04685120209597,6.557679579748301,12.37544776880534,1.9890429859608327,3.747830534919586,1.0389232360329135,3.3473704059903584
ARG_35_A_CA,PHE_28_C_CZ,4872,1666,63.63,-3.246,42.548,63.62,-3.285,42.586,63.625,-3.2655000000000003,42.567,63.73857048849175,-3.342079387530777,44.05009181012653,7.010280223703839,12.37544776880534,0.0553624421426644,3.808388835040012,0.7762092693097673,3.018171344260235
GLY_34_A_C,PHE_28_C_HE1,4719,1944,63.672,-2.891,43.595,63.628,-2.84,43.524,63.65,-2.8655,43.5595,63.70439656271529,-2.890782385363043,44.05333241815708,7.462880867659376,12.37544776880534,0.0978672570372719,2.885443048924037,0.756419361005361,2.809868289088765
GLY_34_A_CA,PHE_28_C_HE1,4666,1954,63.527,-2.573,44.389,63.537,-2.396,44.314,63.532,-2.4845,44.3515,63.67022263693883,-2.4394853831953083,44.05657302618764,7.915481511614912,12.37544776880534,0.1924941557554421,2.423294471917006,0.7706439700633002,2.696584775765277
GLY_34_A_HA2,PHE_28_C_HE1,4810,1958,63.866,-2.059,45.045,63.59,-1.944,43.922,63.728,-2.0015,44.4835,63.63604871116237,-1.988188381027572,44.0598136342182,8.36808215557045,12.37544776880534,1.1621230571673589,2.94761593516374,0.8239639436693994,2.7102785568980248
ARG_35_A_CA,PHE_28_C_CZ,4875,1691,63.76,-3.156,42.114,63.841,-3.158,42.056,63.8005,-3.157,42.085,64.18248316158805,-3.3081436610349613,44.0053925157481,7.010280223703839,12.822893991033489,0.0996443676280826,4.113041995570959,0.8227433692252245,3.120725812011043
ARG_35_A_CG,PHE_28_C_HZ,4915,2002,63.941,-2.678,40.566,63.789,-2.764,40.722,63.865,-2.721,40.644000000000005,64.1483092358116,-2.8568466588672274,44.00863312377865,7.462880867659376,12.822893991033489,0.2341708777794538,3.910162154030155,0.9201126801021513,3.440241644056244
ARG_35_A_CG,PHE_28_C_HZ,4917,2001,63.935,-2.513,40.165,63.577,-2.518,40.379,63.756,-2.5155,40.272,64.11413531003514,-2.4055496566994927,44.0118737318092,7.915481511614912,12.822893991033489,0.4171150920309673,3.9263466221970034,0.9882284846927493,3.4768860473306114
GLY_34_A_HA2,PHE_28_C_HZ,4828,1999,64.327,-1.916,44.973,63.734,-1.749,42.386,64.0305,-1.8325,43.6795,64.07996138425868,-1.954252654531756,44.01511433983976,8.36808215557045,12.822893991033489,2.6593433399995527,3.171390230604257,1.0029914736485042,2.8396099638802523
ARG_35_A_CG,PHE_28_C_HZ,4914,2026,64.355,-2.464,40.566,64.157,-2.469,41.17,64.256,-2.4665,40.868,64.55804798313144,-2.3716139302036776,43.96717443743078,7.915481511614912,13.270340213261631,0.6356453413657667,3.9509047331587857,0.9143919298725889,3.3867766699870434
GLY_34_A_HA2,PHE_28_C_HZ,4827,2018,64.789,-1.916,44.973,64.247,-2.017,41.586,64.518,-1.9665,43.2795,64.52387405735499,-1.920316928035941,43.97041504546134,8.36808215557045,13.270340213261631,3.4315789368743954,2.9889176578157017,1.1078327005825908,2.9314826786103283
