res1,res2,idx1,idx2,x1,y1,z1,x2,y2,z2,mid_x,mid_y,mid_z,plane_x,plane_y,plane_z,plane_u,plane_v,physical_distance,zernike_distance,smoothed_physical,smoothed_zernike
GLU_26_A_N,GLN_31_C_OE1,0,3050,42.908,2.449,44.993,46.249,-0.049,43.527,44.578500000000005,1.2,44.260000000000005,44.7685819906243,1.2005407343424173,46.01531557524111,12.922011857667616,-6.3523538215528585,4.4217011432253095,1.6578284527154998,2.6207284480155586,2.543106485144312
GLU_26_A_N,GLN_31_C_OE1,10,3050,42.881,2.847,45.114,46.249,-0.049,43.527,44.565,1.399,44.3205,44.74875633404552,1.3995227394774707,46.017401185325056,13.121907185342028,-6.358107322200889,4.716864318591325,1.7913843656146635,2.6391692418494257,2.5356964231523174
GLU_26_A_CA,GLN_31_C_OE1,20,3057,42.709,1.863,44.658,45.971,-0.247,43.144,44.34,0.808,43.901,44.57128456663536,0.8086579450669695,46.03680150752086,12.545212845818831,-6.578146965821429,4.169525152820159,2.2652455249330594,2.5839217695873926,2.5692759501572646
GLU_26_A_CA,GLN_31_C_OE1,30,3050,43.916,2.916,44.561,46.249,-0.049,43.527,45.0825,1.4335,44.044,45.289851983690696,1.43408986302796,45.9587956381035,13.11773524882218,-5.8127665175600605,3.9119394167088046,1.8956718354099915,2.61101076407603,2.522456451380325
GLU_26_A_C,GLN_31_C_OE1,40,3027,44.742,-0.207,48.023,46.433,-0.907,44.123,45.5875,-0.557,46.073,45.57189194051181,-0.5570444009122395,45.928867092779655,11.111486241250464,-5.671264462016539,4.308071610361189,3.619049641963684,2.403237035013476,2.6096494877432175
GLU_26_A_C,ARG_33_C_HA,50,3828,41.43,0.762,45.637,41.95,-2.866,43.602,41.69,-1.052,44.6195,41.87515708395807,-1.0514732757495364,46.329336435689626,10.882373130839651,-9.415351986258049,4.192136567431937,3.18027749558279,2.303847215225868,2.784671996624307
GLU_26_A_CB,GLN_31_C_OE1,60,3034,45.265,0.513,48.023,46.578,-0.462,44.123,45.9215,0.0254999999999999,46.073,45.90200145217925,0.0254445316497385,45.89294030801161,11.668922622801002,-5.298677478027403,4.229018089344151,4.628365249783608,2.510416095488086,2.6230439653179998
GLU_26_A_CB,GLN_31_C_OE1,70,3033,46.489,1.206,48.282,46.956,-0.187,44.123,46.7225,0.5095,46.2025,46.67984044265956,0.5093786445385435,45.80855954732153,12.096070911294737,-4.483882919171972,4.410875083245954,4.572303545918281,2.5749370648815653,2.6421373742907526
GLU_26_A_CB,GLN_31_C_OE1,80,3039,46.236,0.697,45.105,46.661,0.009,43.862,46.4485,0.353,44.4835,46.59301323261927,0.353411102953807,45.81801005648628,11.94669979909814,-4.582078751038674,1.482908628338237,2.2026006055148466,2.3588057271834573,2.49095147896278
GLU_26_A_CG,GLN_31_C_OE1,90,3049,45.73,4.163,44.899,46.622,0.233,43.527,46.176,2.198,44.213,46.35256360523597,2.1985022780151806,45.843479801234885,13.804303907002597,-4.6922293470070064,4.257105589482132,3.393618445242867,2.607124481821184,2.5963967432504154
GLU_26_A_CG,GLN_31_C_OE1,100,3047,47.879,3.704,44.73,47.539,0.318,43.527,47.709,2.011,44.1285,47.87684567251176,2.011477477740292,45.67847389405007,13.508868798378728,-3.176195329402283,3.6094050756322695,4.368186316463242,2.545150274805965,2.643480483419926
GLU_26_A_CD,GLN_31_C_OE1,110,3032,48.027,0.923,47.302,47.424,-0.187,44.123,47.7255,0.368,45.7125,47.72366642938478,0.3679947839635022,45.69556785904008,11.88048147641996,-3.446650831457245,3.420782074321604,2.165074834791305,2.418343986023567,2.551674843693911
GLU_26_A_CD,GLU_26_C_OE2,120,274,47.848,4.501,45.83,51.646,3.101,44.564,49.747,3.801,45.197,49.77679883654226,3.801084770020713,45.47217789420714,15.15823536892088,-1.1428079483009967,4.241174365668076,2.693547523882666,3.00302390829158,2.391975784649496
GLU_26_A_CD,GLN_31_C_OE1,130,3032,47.456,1.841,48.27,47.424,-0.187,44.123,47.44,0.827,46.1965,47.38965587746161,0.826856783928315,45.731596291220185,12.362042974057022,-3.749163567927359,4.616429031188506,2.749617704228503,2.567100106606273,2.6071041528791263
GLU_26_A_CD,GLU_26_C_OE2,140,265,49.403,2.331,47.867,51.83,2.221,45.282,50.6165,2.276,46.5745,50.48883142807083,2.2756368157705893,45.39554226686577,13.585780424641849,-0.5368043673584284,3.5474855884132923,1.8107755948412123,2.7135876170771076,2.3355770312487287
GLU_26_A_CD,GLU_26_C_OE2,150,273,48.219,4.676,46.682,51.678,2.901,44.947,49.9485,3.7885,45.8145,49.90987011207713,3.788390107910933,45.45777160233263,15.13606720288526,-1.0101986255565192,4.257408953812162,2.6123976816698447,2.9945294349636664,2.3862555693533634
GLU_26_A_CD,GLU_26_C_OE2,160,273,48.778,4.31,45.858,51.678,2.901,44.947,50.228,3.6055,45.4025,50.23023464527379,3.6055063569906767,45.4231358721379,14.930761265387478,-0.7017687205290415,3.3504032593107325,2.292852117255759,2.9135475762908376,2.3571449222433416
GLU_26_A_OE1,GLU_26_C_OE2,170,273,47.611,4.651,47.205,51.678,2.901,44.947,49.6445,3.776,46.076,49.58140464319182,3.775820509948568,45.49334478807261,15.146992411754558,-1.3406432508688884,4.970065693730817,2.589295852378446,3.0160526129999723,2.4024652260918877
GLU_26_A_OE1,GLU_26_C_OE2,180,265,48.77,2.328,48.399,51.83,2.221,45.282,50.3,2.2745,46.8405,50.14752882589762,2.2740662587507865,45.43250218917007,13.608593863390622,-0.8793470884440683,4.369294908792493,1.9964290791840984,2.763836729633118,2.3574727956644352
GLU_26_A_OE1,GLU_26_C_OE2,190,264,49.332,3.182,48.321,51.83,2.661,45.282,50.581,2.9215,46.8015,50.42942484980307,2.921068807708191,45.40177653810675,14.233824821678198,-0.5505493069990859,3.968244700116161,1.8377661795355995,2.8605391211830846,2.3321515082382933
GLU_26_A_OE1,GLU_26_C_OE2,200,263,48.637,4.685,47.54,52.009,3.063,45.282,50.323,3.874,46.411,50.21618068956219,3.873696126553615,45.4245751486388,15.19927716904976,-0.6968142108016927,4.370335456232166,2.85550648588702,2.9932870122061765,2.3711398652485007
GLU_26_A_OE2,GLN_31_C_OE1,210,3032,48.021,0.661,46.069,47.424,-0.187,44.123,47.7225,0.237,45.096,47.786692104334975,0.2371826100158773,45.68878314677062,11.745497824119033,-3.3927109900789807,2.2050916080743725,2.472500385596185,2.314155313837505,2.536107269196427
GLU_26_A_OE2,THR_29_C_HG22,220,2197,49.773,0.302,46.624,51.291,-0.768,45.034,50.532,-0.233,45.829,50.48518756231028,-0.2331331693372329,45.39670969873638,11.083610920431612,-0.7187088781135537,2.444856642014004,1.7943808651452966,2.153786684118799,2.4472961945175755
GLU_26_A_OE2,GLU_26_C_OE2,230,271,49.85,1.159,45.729,51.678,1.981,44.947,50.764,1.57,45.338,50.76699287046775,1.5700085139462143,45.36563771638473,12.86206568548715,-0.3078582015429697,2.151462758218227,2.0291843518048283,2.4589634311228696,2.3789983141474043
GLU_26_A_OE2,GLU_26_C_OE2,240,273,49.555,3.192,45.606,51.678,2.901,44.947,50.6165,3.0465,45.2765,50.627736412846254,3.0465319647026616,45.38026285735474,14.344805057608182,-0.3426678371849804,2.2418945113452566,2.325132195470366,2.7670131959690267,2.3169719357360674
GLU_26_A_OE2,GLN_31_C_OE1,250,3037,47.87,1.238,45.336,47.517,0.099,43.862,47.6935,0.6685,44.599,47.81121000279238,0.6688348546632261,45.68599514659196,12.17430782279942,-3.3374430461097737,1.8959446194443517,2.987424814686401,2.3450838145474515,2.5625201722617685
GLU_26_A_OE2,GLU_26_C_OE2,260,264,50.192,2.528,46.437,51.83,2.661,45.282,51.011,2.5945,45.8595,50.95527786142477,2.594341484856817,45.34493290500274,13.870360322620376,-0.046171581600401,2.008670704719914,1.934585530994703,2.659520934595199,2.2985121922104272
GLU_26_A_OE2,GLU_26_C_OE2,270,271,50.068,1.618,45.656,51.678,1.981,44.947,50.873,1.7995,45.3015,50.878628669136624,1.7995160121150595,45.353478046794216,13.083018768966465,-0.1795467222213815,1.796260003451614,2.1860336192847307,2.4735933198088347,2.364966251305913
GLU_26_A_OE2,GLN_31_C_OE1,280,3036,48.647,1.358,45.06,47.898,-0.121,43.862,48.2725,0.6185,44.461,48.3982713762207,0.6188577871958942,45.62243804510162,12.082521919339191,-2.751991411454938,2.04539629412004,3.450569340830366,2.2954984470552455,2.569968746305993
GLU_26_A_HA,GLN_31_C_OE1,290,3057,43.788,0.758,43.585,45.971,-0.247,43.144,44.87949999999999,0.2555,43.3645,45.16197346818831,0.256303564317532,45.9730063433672,11.952060119929287,-6.024749814500495,2.443357321392023,2.0780743829396195,2.3910509664797686,2.4993989546598194
GLU_26_A_HA,GLN_31_C_OE1,300,3049,45.616,1.542,44.271,46.622,0.233,43.527,46.119,0.8875000000000001,43.899,46.32987622193172,0.8880998885787301,45.84634027978684,12.49883379271602,-4.808096092210685,1.81081556211559,2.1646228447471167,2.45969220579961,2.499238169077288
GLU_26_A_HA,GLN_31_C_OE1,310,3057,44.32,0.67,43.904,45.971,-0.247,43.144,45.1455,0.2115,43.524,45.40781984756248,0.2122462324537365,45.94639736972983,11.8905527602423,-5.781220816381762,2.035752931963993,1.742964806448246,2.390094018049409,2.4776639690791167
GLU_26_A_HA,GLN_31_C_OE1,320,3056,43.881,2.257,44.045,46.251,0.113,43.144,45.066,1.185,43.5945,45.32166329567162,1.1857272962767893,45.95542732107841,12.86772799181349,-5.798496228994302,3.3204573480169857,1.7940862631281311,2.580092414708739,2.5392894863774726
GLU_26_A_HB2,GLN_31_C_OE1,330,3033,47.125,2.227,48.478,46.956,-0.187,44.123,47.0405,1.02,46.3005,46.98364842748948,1.0198382719079488,45.77550312693,12.583538799215097,-4.142802125229994,4.982166396257759,3.79226917427407,2.5823740990495376,2.6239007118069515
GLU_26_A_HB3,GLN_31_C_OE1,340,3034,45.7,-0.116,45.528,46.578,-0.462,44.123,46.139,-0.289,44.8255,46.250516015545145,-0.2886827656363604,45.855296659495856,11.33069399794388,-4.9713293431935135,1.6925203100701638,2.140700357679372,2.2889659579825263,2.466898288968534
GLU_26_A_HB3,GLN_31_C_OE1,350,3024,46.559,-0.218,45.865,46.871,-0.675,44.288,46.715,-0.4465,45.0765,46.79297940216897,-0.4462781686701862,45.796602197612856,11.134747469514416,-4.438269464064573,1.6712635938115863,1.943881569010202,2.2411072845023727,2.4805170041138953
GLU_26_A_HB3,GLN_31_C_OE1,360,3024,46.28,0.214,47.553,46.871,-0.675,44.288,46.575500000000005,-0.2305,45.9205,46.56475231399386,-0.2305305744005819,45.82125029947639,11.366252607751466,-4.651922285495351,3.435087626247692,3.924258512233174,2.4276969283161156,2.584680623092483
GLU_26_A_HB3,GLN_31_C_OE1,370,3023,47.898,0.328,46.329,47.312,-0.532,44.288,47.605,-0.102,45.3085,47.64782041780639,-0.101878186931922,45.70392592155636,11.417213828022264,-3.5561321970293656,2.290999127018608,2.175507743524297,2.28665706307941,2.522963607044077
GLU_26_A_HB3,GLN_31_C_OE1,380,3033,47.043,0.688,45.521,46.956,-0.187,44.123,46.9995,0.2504999999999999,44.822,47.10139907996974,0.2507898766570133,45.76298889424598,11.808022752745146,-4.079303163940416,1.6515441259621275,2.243785120138617,2.3115388154487406,2.5139875141797483
GLU_26_A_HG2,GLN_31_C_OE1,390,3049,45.74,2.803,44.209,46.622,0.233,43.527,46.181,1.518,43.868,46.39445487177407,1.518607224173873,45.83915286832572,13.123134702329608,-4.698506241431034,2.8014189261872278,2.676701682395975,2.5336099407337356,2.546320790093575
GLU_26_A_HG2,GLN_31_C_OE1,400,3054,47.347,3.543,44.257,47.076,0.474,43.144,47.2115,2.0085,43.7005,47.43092274752254,2.0091242012444392,45.72676332470286,13.538374765044244,-3.623759916903481,3.275816081528388,3.8535478387834847,2.558652885882881,2.645330765563381
GLU_26_A_HG2,GLN_31_C_OE1,410,3049,45.895,1.841,44.138,46.622,0.233,43.527,46.2585,1.037,43.8325,46.47487216910023,1.0376155231339477,45.83059270316958,12.637614177083089,-4.651997595241658,1.8674886880514137,2.4720892453112,2.469135921665907,2.5211263568694093
GLU_26_A_HG2,GLN_31_C_OE1,420,3054,46.347,3.177,43.945,47.076,0.474,43.144,46.7115,1.8255,43.5445,46.95342144864662,1.826188204258703,45.77852798655267,13.3900100974441,-4.115837730918377,2.911915349044337,3.1127595168296645,2.5554155858010517,2.603919615632449
GLU_26_A_HG2,GLN_31_C_OE1,430,3054,46.647,2.949,43.736,47.076,0.474,43.144,46.8615,1.7115,43.44,47.11287168163709,1.7122150877393811,45.76129633377139,13.264935119674677,-3.963958081579193,2.580722766978274,3.213133683557128,2.5249196636115356,2.602517612461995
GLU_26_A_HG3,GLN_31_C_OE1,440,3048,45.616,4.651,45.359,47.072,0.361,43.527,46.344,2.506,44.443,46.49398835239079,2.506426678260441,45.82807014889526,14.101347823674113,-4.528458884688924,4.886743291804882,3.406831612588564,2.6521830170373284,2.6159489014558495
TYR_27_A_C,GLN_31_C_OE1,450,3027,44.882,-1.024,48.186,46.433,-0.907,44.123,45.6575,-0.9655,46.1545,45.6323707760565,-0.9655714861746748,45.92244372766788,10.699671448398789,-5.6396115798452,4.350546977105296,2.6853554276738816,2.2408093617154905,2.5956817213885035
TYR_27_A_O,PHE_38_C_CD2,460,4969,43.012,-2.827,50.242,44.391,-5.87,50.362,43.7015,-4.3485,50.302,43.255229321692,-4.349769525224263,46.18090536165644,7.493830651033682,-8.265061076552145,3.3430360452738164,3.470292689057963,2.0841812854223645,3.095997423210026
TYR_27_A_O,PHE_38_C_CD2,470,4971,44.546,-1.7,49.116,44.949,-5.798,49.939,44.7475,-3.749,49.5275,44.371983706822775,-3.7500682472084392,46.05978800894846,8.012244033657693,-7.102005206266485,4.199207306147197,2.479941690287582,1.9798075691257078,2.809406008185629
TYR_27_A_O,PHE_38_C_CD2,480,4969,42.616,-2.03,49.863,44.391,-5.87,50.362,43.5035,-3.95,50.1125,43.07979411437369,-3.951205334196525,46.19978034718851,7.903919324934659,-8.412758303856476,4.259721352389144,3.106785876606314,2.1354880931364533,3.0773962601402083
TYR_27_A_O,PHE_38_C_CD2,490,4968,44.06,-2.183,49.799,44.836,-5.761,50.362,44.448,-3.972,50.0805,44.016772551697606,-3.9732267311065335,46.09832234081918,7.815023064780204,-7.474246334876417,3.704217731181578,2.882172767324444,2.0618746087747035,2.9410875559188754
TYR_27_A_O,PHE_38_C_CD2,500,4971,44.386,-1.513,49.203,44.949,-5.798,49.939,44.6675,-3.6555,49.571,44.28825188939394,-3.6565788632685754,46.06882647350645,8.1114783057035,-7.179371447305424,4.384049497895751,2.2745576500708906,1.9921203620036854,2.8191221264116213
TYR_27_A_CB,ARG_33_C_HA,510,3828,41.928,-3.228,43.574,41.95,-2.866,43.602,41.939,-3.047,43.588,42.23174256466963,-3.0461672227459085,46.2913365002806,8.867248478761319,-9.199310835280905,0.3637471649374057,2.419021975599082,1.7367150819409591,2.6028087892963265
TYR_27_A_CG,ARG_33_C_HA,520,3831,42.16,-2.839,43.258,42.181,-2.697,43.21,42.1705,-2.768,43.234,42.49844023294676,-2.7670670944383904,46.262370003644605,9.126592436815496,-8.911901202119653,0.151357193420069,2.5084286945942678,1.7999652832700617,2.5932358113075473
TYR_27_A_CG,ARG_33_C_HA,530,3833,40.864,-2.849,43.147,41.345,-3.043,43.21,41.1045,-2.946,43.1785,41.4507421482225,-2.945015030199747,46.37587937078521,9.02393368702638,-9.97570677744675,0.5224614818338303,2.9221151706889152,1.904104718482633,2.737385331921338
TYR_27_A_CD1,GLY_34_C_H,540,4257,39.402,-3.166,45.391,39.837,-3.844,45.032,39.6195,-3.505,45.2115,39.76537219013474,-3.5045850311618123,46.5585593742052,8.58616767406086,-11.706407035476207,0.8819240330096483,2.911661198144099,1.9458218413320902,2.949721743369408
TYR_27_A_CD1,GLY_34_C_HA2,550,4292,38.304,-1.898,45.35,38.278,-3.813,44.85,38.291,-2.8555,45.1,38.46418328521461,-2.855007338125296,46.69926417495013,9.327050651075858,-12.9657457511917,1.9793688387968529,3.3085347551464634,2.2636975494038793,3.1260431194160163
TYR_27_A_CD1,GLY_34_C_H,560,4273,39.5,0.325,45.626,40.289,-3.484,44.792,39.8945,-1.5795,45.209,40.03738885448335,-1.5790935179839265,46.52850970725439,10.487362290417687,-11.296684389991382,3.978260675219762,4.234778472852057,2.279065054803283,2.9991272417449957
TYR_27_A_CD1,GLY_34_C_H,570,4269,39.277,-0.833,46.327,40.51,-3.563,45.184,39.8935,-2.198,45.7555,39.97792664896339,-2.1977598279123662,46.53513941457116,9.87450700236258,-11.400299571542002,3.206187455530321,3.144137693723281,2.164812997133251,2.9963455378074797
TYR_27_A_CD1,GLY_34_C_CA,580,4144,38.978,-2.843,44.192,38.729,-3.9,44.306,38.8535,-3.3715,44.249,39.11126665351926,-3.3707667202114697,46.62935081710845,8.766372054631008,-12.353167580800584,1.0919001785877682,2.968672554046249,2.145271990392865,2.997990419442417
TYR_27_A_CD2,ARG_33_C_HA,590,3804,42.946,-2.299,42.861,42.821,-2.69,42.654,42.8835,-2.4945,42.7575,43.25416886706567,-2.4934455424712816,46.18044834708133,9.345539062014234,-8.134232856835967,0.4597336185227239,2.302807980889382,1.8562146088839009,2.5369307820202267
TYR_27_A_CD2,ARG_33_C_CG,600,3638,41.485,-1.54,41.518,41.382,-1.635,41.657,41.4335,-1.5875,41.5875,41.94617543688923,-1.5860415703279944,46.32181058071112,10.3440827995404,-9.382079989857562,0.1973702105182014,2.969521222171731,2.082999580129057,2.8024410270705777
TYR_27_A_CD2,ARG_33_C_HG3,610,3937,42.336,-2.159,42.074,42.266,-2.029,42.216,42.301,-2.094,42.145,42.743965670322055,-2.092739876672856,46.235574482409966,9.781677043010372,-8.617652844940766,0.2048511654836282,2.5671591824671536,1.9620964171058495,2.636714160345004
TYR_27_A_CE1,ARG_33_C_HG3,620,3952,40.917,0.747,44.804,42.133,-1.653,41.971,41.525000000000006,-0.453,43.3875,41.8439159259981,-0.4520927662690966,46.332534878150895,11.482470506747491,-9.404110342320728,3.906986690532748,3.2775946208173585,2.5041066713065994,2.835384814342555
TYR_27_A_CE1,ARG_33_C_HG2,630,3899,38.867,1.612,43.832,40.158,-2.008,41.319,39.5125,-0.1979999999999999,42.575500000000005,39.94164549935924,-0.1967791915023851,46.53845186406588,11.873022384023614,-11.294530621985905,4.591976698547152,4.281636120627201,2.8032835931770195,3.19003826262861
TYR_27_A_CE1,ARG_33_C_HG2,640,3900,37.423,-0.358,43.105,39.87,-2.37,41.319,38.6465,-1.364,42.212,39.12462839179525,-1.3626398477800024,46.627285268881856,10.768469507076754,-12.197083855733322,3.6367222879950503,3.9817153021837335,2.5962738405470462,3.2094072718165862
TYR_27_A_CE1,GLY_34_C_HA2,650,4292,38.358,0.413,45.333,38.278,-3.813,44.85,38.318,-1.7000000000000002,45.0915,38.49174202829445,-1.6995057486450382,46.69592389801157,10.477663460032227,-12.855997270896514,4.254264331232839,4.173813329331868,2.4592271670412478,3.1936166388102096
TYR_27_A_CE1,GLY_34_C_HA2,660,4296,37.846,-1.693,44.271,38.278,-3.813,44.434,38.062,-2.753,44.3525,38.317842231272,-2.752272194697481,46.71507970511167,9.439979637797066,-13.105271335643376,2.169698827026461,3.670875423738402,2.3059034205520152,3.1418140361996514
TYR_27_A_CE1,GLY_34_C_CA,670,4145,38.209,-1.824,43.024,38.49,-4.024,43.916,38.349500000000006,-2.924,43.47,38.69647323402419,-2.9230129504487983,46.67413059582399,9.242623900174824,-12.73751953850474,2.390528184314084,3.425422515621885,2.3115484987271837,3.084377919616892
TYR_27_A_CE2,ARG_33_C_HG3,680,3952,41.308,1.008,44.397,42.133,-1.653,41.971,41.7205,-0.3225,43.184,42.05892710767922,-0.3215372619787568,46.30921123775104,11.597337328526605,-9.179112223652409,3.6941875967525,3.06034641357893,2.5066336063971786,2.8118721671440974
TYR_27_A_CE2,ARG_33_C_HG3,690,3954,42.936,1.356,43.406,42.684,-1.342,41.652,42.81,0.007,42.529,43.20589561471864,0.0081262211332497,46.1849052038698,11.844237094810593,-8.004928565230104,3.227882277902959,1.8786745883148133,2.4197103943638125,2.651822434464569
TYR_27_A_CE2,ARG_33_C_HG2,700,3899,40.074,-1.445,41.904,40.158,-2.008,41.319,40.116,-1.7265,41.61150000000001,40.641381899505504,-1.725005423712079,46.46314863921574,10.298674528195082,-10.701061287458476,0.8162413858657264,3.3552904317381542,2.249378893532458,2.9950536001985735
TYR_27_A_CE2,ARG_33_C_CG,710,3647,39.831,0.37,40.864,40.762,-1.484,40.472,40.2965,-0.5569999999999999,40.668,40.92073798988673,-0.5552242035772805,46.43253699115117,11.44554441889674,-10.337668311449937,2.1113363067024618,3.562811183785975,2.4787296480393617,3.0573598131353132
TYR_27_A_CE2,ARG_33_C_CG,720,3632,40.528,-1.503,41.667,40.717,-1.955,41.588,40.6225,-1.729,41.6275,41.14029876328741,-1.7275269957829695,46.40912203086068,10.260520554301424,-10.200673893554356,0.4962519521372185,3.376589422024002,2.1629184805343153,2.9289843122904577
TYR_27_A_CE2,ARG_33_C_CG,730,3646,40.759,-0.64,40.779,41.167,-1.271,40.472,40.963,-0.9555,40.6255,41.58407490510375,-0.9537332017394138,46.36082742759838,11.000658861825148,-9.70045218852158,0.8117105395398055,2.9352857621255897,2.281475574306174,2.9230938138951257
TYR_27_A_CZ,ARG_33_C_HG2,740,3899,38.126,-0.652,42.23,40.158,-2.008,41.319,39.142,-1.33,41.7745,39.66121155854943,-1.3285229767440545,46.56916851422256,10.764170792914406,-11.656302445215251,2.607236276212803,3.6839235238279295,2.510603626292028,3.171465474918717
TYR_27_A_CZ,ARG_33_C_CG,750,3640,40.156,2.076,43.326,41.268,-1.435,41.296,40.712,0.3205,42.311,41.15553594689652,0.3217617456172288,46.40684071173584,12.30354188363002,-10.039783963107134,4.2053020105576255,3.3769538093654656,2.734743234787873,3.027454766091913
TYR_27_A_CZ,ARG_33_C_HG2,760,3905,38.186,-0.414,41.964,39.97,-1.985,40.927,39.078,-1.1995,41.4455,39.63316330956706,-1.1979207032652197,46.572165608272094,10.896446557555354,-11.6751641198549,2.593466020598688,3.639557464762773,2.561165166031648,3.1975766211668457
TYR_27_A_OH,ARG_33_C_HG2,770,3905,37.984,-0.104,42.084,39.97,-1.985,40.927,38.977,-1.0445,41.5055,39.5269068040021,-1.0429356566706978,46.58362431270167,11.058630069805034,-11.770760248983354,2.970017845064234,3.788555797585591,2.60223813226449,3.2323990213672467
TYR_27_A_OH,ARG_33_C_HG2,780,3899,37.822,1.268,42.851,40.158,-2.008,41.319,38.99,-0.37,42.085,39.4777075672345,-0.3686125974912433,46.588744337472576,11.7347633864753,-11.77221138018766,4.305356663506519,4.526532073512556,2.7495695937929696,3.253938612820149
TYR_27_A_OH,ARG_33_C_HG2,790,3905,37.638,0.617,41.808,39.97,-1.985,40.927,38.804,-0.684,41.3675,39.370670821791,-0.6823879673545991,46.600431937726064,11.429426873091508,-11.901895848040748,3.60344127189552,3.970327122121853,2.669196252438549,3.2567718831929633
TYR_27_A_OH,ARG_33_C_HG2,800,3905,38.241,0.281,41.09,39.97,-1.985,40.927,39.1055,-0.8520000000000001,41.0085,39.70710705324935,-0.8502885827675484,46.56405119806556,11.23791816733581,-11.576276548348662,2.854954640620407,3.874094857529645,2.5870973305352747,3.2047243183610226
TYR_27_A_OH,ARG_33_C_HG2,810,3904,38.555,1.067,40.664,40.354,-1.729,40.927,39.4545,-0.331,40.7955,40.07484301710457,-0.3292352837724051,46.52406879465238,11.731386432466762,-11.170303712560845,3.335144074848941,3.9899082037450633,2.5879027098142617,3.1845829221649784
TYR_27_A_H,GLN_31_C_OE1,820,3043,44.145,-1.243,44.148,45.917,-0.907,43.527,45.031000000000006,-1.0750000000000002,43.837500000000006,45.26113417636422,-1.0743453274972774,45.96267820778633,10.61769078217681,-6.019804090638568,1.9074907601348945,1.7774132715867668,2.0895493415134085,2.4374217870653325
TYR_27_A_H,GLN_31_C_OE1,830,3042,44.791,-1.254,44.864,46.155,-1.127,43.862,45.473,-1.1905,44.363,45.64176843958821,-1.1900198972248672,45.92149520328237,10.47511896922064,-5.646129945918738,1.6972415856324057,1.4893455281717596,2.073744858469993,2.4368453720341083
TYR_27_A_HA,GLY_34_C_H,840,4265,40.384,-2.577,47.844,40.421,-3.874,45.503,40.4025,-3.2255000000000003,46.6735,40.38280348552757,-3.225556031514434,46.49161218139145,8.820386976858753,-11.067109114318006,2.676538622923272,2.468574656743431,2.0248912686199043,3.0332029435026735
TYR_27_A_HA,GLY_34_C_H,850,4272,41.2,0.192,46.353,40.741,-3.394,44.792,40.9705,-1.601,45.572500000000005,41.06201107733674,-1.6007396745369455,46.41756069632746,10.39257972595693,-10.270212176943977,3.9378671892282,3.816765483182021,2.2318434731950108,2.883897398559653
TYR_27_A_HA,GLY_34_C_H,860,4264,41.581,-1.076,48.195,40.851,-3.813,45.503,41.216,-2.4445,46.849,41.16806422673925,-2.4446363649378187,46.40633623611851,9.543240121213778,-10.223767382946503,3.907804114845063,2.0840400401041514,2.1366751647808186,2.9446664436513523
TYR_27_A_HA,GLY_34_C_H,870,4269,40.497,-0.499,46.753,40.51,-3.563,45.184,40.5035,-2.031,45.9685,40.55805255299346,-2.0308448120267824,46.47226653582003,9.999560466651351,-10.80639611389369,3.4423866720634404,3.8921358673368704,2.219809271544137,2.947398135848285
TYR_27_A_HB2,ARG_33_C_HA,880,3827,42.509,-3.076,43.52,42.412,-2.866,43.602,42.4605,-2.971,43.561,42.75008545069793,-2.970176203922617,46.23518207429241,8.906021032609747,-8.673854851335461,0.2454241226937547,2.232232315648894,1.719919852519087,2.5467303417092158
TYR_27_A_HB2,ARG_33_C_H,890,3786,44.105,-3.696,44.709,43.943,-4.406,44.307,44.024,-4.051,44.508,44.19413767104557,-4.050516002113765,46.0791393959033,7.725259523336027,-7.301786168527217,0.831834118078839,1.7545950817274438,1.6107072357075807,2.434523832788975
TYR_27_A_HB2,ARG_33_C_H,900,3784,43.297,-4.093,44.927,43.392,-4.717,44.626,43.3445,-4.404999999999999,44.7765,43.49378651730754,-4.404575318279743,46.15508904014418,7.422122676876892,-8.029609044428518,0.6992867795118122,1.7559398999852862,1.5270057531998358,2.4642245184321268
TYR_27_A_HB2,ARG_33_C_HA,910,3829,43.241,-3.023,43.539,43.017,-3.043,43.21,43.129000000000005,-3.0330000000000004,43.3745,43.43080101398304,-3.0321414537889573,46.161486914057896,8.795587310117627,-7.995291118243216,0.3985185064711536,1.8564042524631288,1.7445149827528035,2.4876365054853173
TYR_27_A_HB3,GLY_34_C_H,920,4261,41.524,-4.583,45.396,41.481,-4.793,45.503,41.5025,-4.688000000000001,45.4495,41.601111836356594,-4.6877194747050375,46.3601327837338,7.274892173193535,-9.948659376441974,0.2395787970585038,1.8410862436992603,1.5891125334218248,2.7437366772223393
TYR_27_A_HD1,GLY_34_C_H,930,4265,40.013,-2.698,47.461,40.421,-3.874,45.503,40.217,-3.286,46.482,40.219952597660814,-3.2859916006195578,46.50926581642179,8.771736953127816,-11.234792434039482,2.3201732693917485,2.585658121713891,1.9953581175468735,3.0124894312798216
TYR_27_A_HD1,GLY_34_C_H,940,4269,39.568,-1.875,46.685,40.51,-3.563,45.184,40.039,-2.7190000000000003,45.9345,40.10259826437094,-2.718819079305984,46.52179932089819,9.34585899861152,-11.312237085883066,2.447388199693709,2.549580413311213,2.0746890101008835,2.9934159392191675
TYR_27_A_HD1,GLY_34_C_HA2,950,4292,38.173,-1.117,45.366,38.278,-3.813,44.85,38.2255,-2.465,45.108,38.39857332439143,-2.464507650935538,46.70624873974259,9.721250132926086,-13.003827575056516,2.746943210188372,3.566075267051652,2.3502644104726755,3.159002126076884
TYR_27_A_HD1,GLY_34_C_HA2,960,4292,38.433,-2.247,45.663,38.278,-3.813,44.85,38.3555,-3.03,45.2565,38.51119058894741,-3.029557100344124,46.69422755535807,9.14958417356669,-12.930984810578982,1.7712566160779737,3.0752487311407486,2.209022232106247,3.119970244777912
TYR_27_A_HD2,ARG_33_C_HG3,970,3949,43.839,-1.674,43.221,43.193,-2.138,41.971,43.516,-1.906,42.596,43.89660439071218,-1.9049172784635848,46.11069811962749,9.886689349915343,-7.447858046900978,1.48159103668995,1.9722084788871348,1.9856551153088184,2.50738143607297
TYR_27_A_HD2,ARG_33_C_HG3,980,3954,43.281,-0.135,42.091,42.684,-1.342,41.652,42.9825,-0.7385,41.8715,43.44679579180997,-0.7371791979669008,46.15904787450536,11.083607168358286,-7.816185937480819,1.4163258805797492,2.12863446467282,2.193147792721299,2.6005659928938885
TYR_27_A_HD2,ARG_33_C_HG3,990,3953,43.869,-0.396,42.444,43.101,-1.542,41.652,43.485,-0.969,42.048,43.92458754706048,-0.9677494865641164,46.10737914214305,10.81948982006413,-7.353196408870122,1.5907243633011985,1.580626307732672,2.1644066714766153,2.532397153853511
TYR_27_A_HE1,GLY_34_C_HA2,1000,4292,37.82,-0.965,45.081,38.278,-3.813,44.85,38.049,-2.389,44.965500000000006,38.23936894406399,-2.3884584493488994,46.723465451962326,9.808479475680722,-13.158155060358585,2.8938260141204064,3.669322075495363,2.335825989601564,3.1870673720769958
TYR_27_A_HE1,GLY_34_C_HA2,1010,4297,36.971,-0.296,44.3,37.826,-3.903,44.434,37.3985,-2.0995,44.367,37.66045909365221,-2.098754793798291,46.7860659812304,10.138803845582204,-13.718395597857436,3.7093705665516894,3.8724445358076944,2.4681809947544706,3.2661446971137646
TYR_27_A_HE1,GLY_34_C_HA2,1020,4297,37.114,-0.296,43.492,37.826,-3.903,44.434,37.47,-2.0995,43.963,37.77437217747335,-2.0986341394905668,46.77373036974367,10.130787122471537,-13.604097283414823,3.795359930230597,4.172610373802489,2.4888152063941313,3.257443914737274
TYR_27_A_HE2,ARG_33_C_HG3,1030,3958,41.942,1.782,42.043,42.453,-1.173,41.26,42.197500000000005,0.3045,41.6515,42.69440759675136,0.3059135742249405,46.2402021761956,12.177808637119709,-8.496949989047573,3.099392682446031,2.346416916431276,2.503765286386549,2.758507052013619
TYR_27_A_HE2,ARG_33_C_CG,1040,3642,40.756,1.825,41.409,41.269,-1.286,40.895,41.0125,0.2694999999999999,41.152,41.57660727028851,0.2711047400011517,46.3612587750795,12.222934809848722,-9.620919540880998,3.1946339383409788,3.162713889395008,2.5550398083988486,2.9518390282513076
TYR_27_A_HE2,ARG_33_C_HG3,1050,3958,42.608,0.665,41.087,42.453,-1.173,41.26,42.5305,-0.254,41.1735,43.074728667686855,-0.2524518095071474,46.199189460353146,11.593687155316992,-8.155043340815665,1.852619226932506,2.0795249436968986,2.312326826899995,2.682184676621579
TYR_27_A_HE2,ARG_33_C_HG3,1060,3961,42.218,0.248,40.768,42.453,-1.173,40.844,42.3355,-0.4625,40.806,42.92133079004487,-0.4608334621760686,46.215865010589546,11.396789688826123,-8.32375399163315,1.4423044061501025,2.234118562577197,2.321607220114416,2.7276826317706995
TYR_27_A_HH,ARG_33_C_HG2,1070,3899,38.414,1.702,43.357,40.158,-2.008,41.319,39.286,-0.153,42.338,39.7431899232798,-0.15169941233405,46.55992860323385,11.932164373445278,-11.490439472167363,4.5781087798347455,4.302153908234167,2.80430329288868,3.232279209173971
TYR_27_A_HH,ARG_33_C_CG,1080,3640,39.353,2.273,43.408,41.268,-1.435,41.296,40.310500000000005,0.419,42.352,40.754297948675095,0.4202624909448564,46.45026017189178,12.430455046049454,-10.435350173458527,4.677289065259918,4.024838536641532,2.8087803784703644,3.0978617544847356
TYR_27_A_HH,ARG_33_C_CG,1090,3640,39.68,2.568,43.139,41.268,-1.435,41.296,40.474,0.5665,42.2175,40.93029411136428,0.5677980393116036,46.431156211921895,12.565045931921953,-10.24828964304181,4.68427176837553,4.017952581150605,2.802373969866863,3.076155068365982
TYR_27_A_HH,ARG_33_C_CG,1100,3642,39.406,2.998,41.62,41.269,-1.286,40.895,40.3375,0.8560000000000001,41.2575,40.89811952237122,0.8575948182559573,46.43455110394967,12.856408637834138,-10.25998050095752,4.727478186094569,3.9826237003774105,2.724374377077653,3.0676911481117437
PHE_28_A_CA,GLN_31_C_OE1,1110,3025,46.342,-2.037,47.5,46.871,-1.139,44.288,46.6065,-1.588,45.894,46.59827416977917,-1.5880234003699187,45.818038422269794,10.009795909705884,-4.714739718234781,3.376860820347801,2.626407575163516,2.0195038753794736,2.52192113691685
PHE_28_A_C,ILE_32_C_CG1,1120,3408,45.928,-6.106,46.313,46.083,-5.912,46.274,46.0055,-6.009,46.2935,45.96162576783173,-6.009124810898722,45.888342610687296,5.645344809118115,-5.667613340164389,0.2513602991723244,2.436036365941613,1.151273457149879,2.49744357721934
PHE_28_A_O,ILE_32_C_HG12,1130,3476,46.812,-5.598,45.371,47.029,-5.545,45.644,46.9205,-5.5715,45.5075,46.9501347648102,-5.571415696721138,45.78116277083436,6.011336278116358,-4.644736481284044,0.352742115432791,2.890235971796085,1.1911018951262737,2.4831347774261396
PHE_28_A_O,GLN_31_C_HG3,1140,3242,46.763,-2.862,44.866,46.736,-2.977,44.195,46.7495,-2.9195,44.5305,46.88560173768589,-2.919112825584435,45.78733395461502,8.661545962080815,-4.521036253474676,0.6813185745302994,1.9618202794626871,1.633133905632684,2.4107724187901747
PHE_28_A_O,GLN_31_C_HG3,1150,3234,45.575,-3.603,44.432,46.206,-3.705,43.977,45.8905,-3.654,44.2045,46.071475485401336,-3.653485171321223,45.87572138829908,7.98718443323566,-5.390031744653265,0.7845954371521703,1.6463690222650658,1.602100900713593,2.373731919160945
PHE_28_A_O,ILE_32_C_HG12,1160,3447,45.33,-4.779,44.896,45.379,-5.289,44.677,45.3545,-5.034,44.7865,45.47943967975045,-5.033644578766511,45.94025772902689,6.652803453568682,-6.082085734967575,0.5571911700664326,1.810997712391724,1.4075662686820267,2.397178705542522
PHE_28_A_O,GLN_31_C_HG3,1170,3244,46.179,-3.389,44.3,46.17,-3.332,43.986,46.1745,-3.3605,44.143,46.35875666255056,-3.359975837216703,45.844521477940695,8.25943085479675,-5.080946765554832,0.3192585159396692,1.5221669187616935,1.6272658752122136,2.382612689765766
PHE_28_A_O,GLN_31_C_HG3,1180,3231,46.732,-3.877,44.135,46.715,-3.735,44.202,46.7235,-3.806,44.1685,46.89867870500941,-3.805501661669536,45.78619091508181,7.776463099924709,-4.5708941462060055,0.1579303644015293,1.7254745518809749,1.5194956609018073,2.405874951266488
PHE_28_A_CB,PHE_38_C_HB2,1190,5162,44.045,-6.907,48.271,43.802,-6.46,48.322,43.9235,-6.6835,48.2965,43.68939027061451,-6.684165981927889,46.13460947604145,5.1343205957994025,-7.995323880539152,0.511330617115777,2.0562406688582864,1.3749337040209293,2.798665387749116
PHE_28_A_CB,PHE_38_C_CD1,1200,4917,45.402,-6.92,47.969,45.605,-6.742,47.86,45.5035,-6.831,47.9145,45.29196894840165,-6.8316017514006,45.961112683830656,4.872781561911622,-6.397921553234452,0.291159749965545,2.479673594159048,1.1846065319490378,2.6033499664018067
PHE_28_A_CG,PHE_38_C_HB2,1210,5164,42.943,-6.764,47.564,42.631,-6.613,47.537,42.787,-6.6885,47.5505,42.64591073776568,-6.68890136263928,46.247608659869314,5.204135315554498,-9.042590169386548,0.3476693831789024,1.8464249574339275,1.3702211125007497,2.840157032727163
PHE_28_A_CD1,ARG_33_C_H,1220,3768,43.115,-6.619,46.937,43.353,-6.69,47.016,43.234,-6.6545000000000005,46.9765,43.14916621987581,-6.654741330271005,46.19310092537173,5.202260326499107,-8.535243576196635,0.2606261690621261,1.5163426278945429,1.3118468769101688,2.71154543074889
PHE_28_A_CD1,PHE_38_C_HB2,1230,5135,42.204,-6.77,47.805,42.125,-6.816,47.951,42.1645,-6.792999999999999,47.878,41.995575671804815,-6.7934805462381,46.3180652405612,5.146275349001942,-9.702505965298297,0.1722585266394681,2.573313161980588,1.455608417218442,2.9876905947763532
PHE_28_A_CD1,GLY_34_C_O,1240,4223,41.447,-6.123,46.197,41.504,-6.197,46.088,41.4755,-6.16,46.1425,41.50029861997494,-6.159929454308528,46.37150330401391,5.813604097876066,-10.15440674169298,0.1435479014127333,2.5360633134941297,1.480747023240862,2.8458691532769893
PHE_28_A_CD2,PHE_38_C_CD2,1250,4969,43.616,-3.293,50.477,44.391,-5.87,50.362,44.0035,-4.5815,50.4195,43.541160105295646,-4.582815238009218,46.15001389263928,7.240949203140559,-7.994742794837495,2.693469695392914,3.463836602137876,2.016189708307194,3.0920207440383933
PHE_28_A_CD2,PHE_38_C_HD2,1260,5258,42.634,-5.175,51.618,43.331,-6.583,51.129,42.9825,-5.879,51.3735,42.429926329646136,-5.880571929877709,46.27074846181024,6.025850190236544,-9.201856774735957,1.6454160568075205,3.983658271475215,1.9664517229530531,3.3580677489784616
PHE_28_A_CD2,PHE_38_C_CD2,1270,4966,43.8,-3.707,50.89,44.493,-5.885,50.785,44.1465,-4.795999999999999,50.8375,43.63776941779069,-4.797447207575719,46.139618251073536,7.019958629379771,-7.913063683106266,2.288003059438516,3.146320766978037,2.0076616419473323,3.1240282536240107
PHE_28_A_CD2,PHE_38_C_CB,1280,4901,42.253,-6.686,49.705,42.611,-7.028,49.286,42.432,-6.856999999999999,49.4955,42.08684946276887,-6.857981864447927,46.30820113062871,5.075417143281447,-9.615513205170876,0.6486054270509883,2.9991833978508096,1.66468334019153,3.1962461495298733
PHE_28_A_CE1,ARG_35_C_HA,1290,4543,39.996,-6.152,48.359,40.381,-5.804,48.163,40.188500000000005,-5.978,48.261,40.00145785376698,-5.978532086767482,46.53375592268864,6.101608665066739,-11.645315165755912,0.5547476903962741,3.9428733897501664,1.6599015685209737,3.3448931885321196
PHE_28_A_CE1,ARG_35_C_HA,1300,4528,40.444,-6.373,48.149,40.688,-6.27,48.101,40.566,-6.3215,48.125,40.38915035507036,-6.322003091724492,46.49187876004809,5.731311920435482,-11.280744425735042,0.2691635190734439,3.7174497598372223,1.6124217830133805,3.2811960746952833
PHE_28_A_CE1,ARG_35_C_HA,1310,4519,40.444,-6.373,47.303,40.59,-6.177,47.493,40.517,-6.275,47.398,40.41853062693562,-6.275280120023561,46.48868279611104,5.775818113210256,-11.247947330595004,0.3095674401483501,3.411111633132436,1.5919376834597665,3.169839573493898
PHE_28_A_CE2,PHE_38_C_CD2,1320,4969,42.581,-2.78,50.341,44.391,-5.87,50.362,43.486,-4.325,50.3515,43.03692814215505,-4.326277493859113,46.204537818633966,7.532857066358946,-8.48241496415147,3.5811507926922017,3.8786943561900937,2.0926344746757293,3.126048510117964
PHE_28_A_CE2,ARG_35_C_HG2,1330,4618,40.912,-5.563,51.573,39.914,-5.714,51.036,40.413,-5.6385000000000005,51.3045,39.897585971408674,-5.639966220260575,46.54489984475785,6.446738710655048,-11.725475333791708,1.1433171038692609,4.453153059182573,2.01045667106519,3.6641058243182516
PHE_28_A_CE2,ARG_35_C_HG2,1340,4624,40.578,-3.557,51.266,39.43,-5.073,50.644,40.004000000000005,-4.315,50.955,39.53069136654456,-4.316346441247969,46.58422287655034,7.793221545151723,-11.999539646877023,2.000760855274815,3.91216091656804,2.0669169293029714,3.60341637753735
PHE_28_A_CE2,ARG_35_C_HG2,1350,4624,40.16,-3.478,50.668,39.43,-5.073,50.644,39.795,-4.2755,50.656,39.3561157384151,-4.276748512769709,46.6031153602822,7.84518973829696,-12.1718790756777,1.7542807643019962,3.839158075493904,2.054568267733874,3.5909196315027585
PHE_28_A_CE2,ARG_35_C_HG2,1360,4617,41.154,-6.038,51.231,40.017,-6.165,51.036,40.5855,-6.1015,51.1335,40.0864046960606,-6.102919797688847,46.52459540226703,5.971467360623551,-11.568925214478702,1.1605701185193429,4.333614633222198,1.985939953746687,3.6417701680509684
PHE_28_A_CE2,ARG_35_C_HG2,1370,4624,40.626,-3.226,50.87,39.43,-5.073,50.644,40.028,-4.1495,50.757,39.5756005050238,-4.1507869601303256,46.57930869344949,7.955154659892182,-11.942718981156766,2.211990280267975,3.787692689768491,2.0827334809607616,3.5811448181797236
PHE_28_A_CE2,ARG_35_C_HG2,1380,4599,40.939,-6.402,50.046,40.15,-6.376,49.823,40.5445,-6.389,49.9345,40.17422339724967,-6.390053341637699,46.515174024822855,5.6787863727609,-11.501217031547457,0.8203206690069451,4.551668602647046,1.8379739352487041,3.5537132561916063
PHE_28_A_CZ,ARG_35_C_HG2,1390,4612,40.6,-2.53,48.932,39.214,-5.076,49.912,39.907,-3.803,49.422,39.59888220585724,-3.803876515824859,46.57668066547801,8.299525323072464,-11.89471224377851,3.059985620881249,3.118085851231399,2.08787577640365,3.4023315173511266
PHE_28_A_CZ,ARG_35_C_HG2,1400,4611,39.21,-4.871,50.24,39.166,-4.953,50.332,39.188,-4.912000000000001,50.286,38.79577491217357,-4.913115779428916,46.663990343004805,7.250457134723707,-12.779286709311666,0.1308587024236451,4.170128904255095,1.9772506133954086,3.629307696933701
PHE_28_A_CZ,ARG_35_C_CA,1410,4348,39.488,-3.249,48.117,38.867,-5.226,48.023,39.1775,-4.2375,48.07,39.0225621587862,-4.237940758282304,46.63922370718239,7.90772591360829,-12.503778264867588,2.074368819665394,3.5562713690317684,1.980080958559301,3.329401381026204
PHE_28_A_CZ,ARG_35_C_HG2,1420,4611,40.092,-2.84,49.877,39.166,-4.953,50.332,39.629,-3.8965,50.1045,39.251056652770735,-3.897575151552569,46.614375334473216,8.230909459536347,-12.250345202120409,2.351439984350016,3.417400366271236,2.0929642582847103,3.528339150944498
PHE_28_A_CZ,ARG_35_C_HA,1430,4509,38.983,-5.336,49.053,39.112,-5.355,49.043,39.0475,-5.3455,49.048,38.78942603219279,-5.346234154018586,46.664811283549504,6.818886856714185,-12.816429727045415,0.1307746152737649,4.72529796035317,1.8800142141646503,3.5465586139353498
PHE_28_A_CZ,ARG_35_C_CA,1440,4348,38.969,-4.686,48.229,38.867,-5.226,48.023,38.918,-4.956,48.126000000000005,38.76009971174922,-4.956449185681687,46.66786693651853,7.209781602415592,-12.818158718154882,0.5868901089641904,4.094901916446908,1.8965655091409974,3.405839528177301
PHE_28_A_H,GLN_31_C_OE1,1450,3025,46.35,-1.503,46.291,46.871,-1.139,44.288,46.6105,-1.321,45.2895,46.66692117665572,-1.3208394962733858,45.81052237477596,10.27140097074878,-4.6268822588585445,2.1014152374054973,1.832276591810186,2.05383324894272,2.4601238579666513
PHE_28_A_H,GLN_31_C_HG3,1460,3242,46.102,-2.411,45.53,46.736,-2.977,44.195,46.419,-2.694,44.8625,46.52338966294382,-2.69370303827542,45.82648822769927,8.912259729444362,-4.868430587422112,1.582572905113696,2.266152351606934,1.7333215402739217,2.4140474834303607
PHE_28_A_HA,PHE_38_C_CD2,1470,4971,44.704,-3.282,49.685,44.949,-5.798,49.939,44.8265,-4.54,49.812,44.41964289599538,-4.541157403749139,46.054870725357766,7.219749721324554,-7.110395468860922,2.540629252763968,2.773756337371442,1.858052421007792,2.8813835685180074
PHE_28_A_HA,PHE_38_C_CZ,1480,5132,47.253,-2.451,48.038,47.352,-5.903,49.368,47.3025,-4.177,48.703,46.98563336866364,-4.177901404015011,45.77688937041259,7.398793119524154,-4.510111037798532,3.7006762895449272,2.636914182410184,1.6826792607585042,2.6044264888614754
PHE_28_A_HA,PHE_38_C_CE2,1490,5068,46.437,-3.659,49.396,46.192,-5.623,50.077,46.3145,-4.641,49.7365,45.89848039974414,-4.642183468692846,45.894759488253854,7.013342220343138,-5.633846052120184,2.0931034374822466,2.3037899381706213,1.670740108211652,2.6779601911610595
PHE_28_A_HA,PHE_38_C_CE2,1500,5066,45.288,-2.658,49.465,45.737,-5.569,50.478,45.5125,-4.1135,49.971500000000006,45.080605682822295,-4.114728628176854,45.98316412814667,7.597886735561724,-6.416949334865299,3.114753762338205,2.551042478180337,1.9250030386582069,2.7971802231278304
PHE_28_A_HA,PHE_38_C_CE2,1510,5065,45.926,-3.592,49.605,46.193,-5.482,50.478,46.0595,-4.537,50.0415,45.61378715936871,-4.538267938319641,45.92555672375633,7.137331424500529,-5.912097423249271,2.0989325858635874,2.930677378972431,1.7880164536393093,2.767540125657828
PHE_28_A_HB2,PHE_38_C_HB2,1520,5175,43.244,-6.653,47.23,43.139,-6.515,47.304,43.191500000000005,-6.584,47.267,43.07606306379652,-6.584328388373795,46.20099552787404,5.277717245915966,-8.603585597502422,0.1885338165953261,1.6898210186357348,1.316779586719667,2.745011803076136
PHE_28_A_HB2,ILE_32_C_CG1,1530,3412,44.992,-5.931,45.941,45.096,-5.998,45.913,45.044,-5.9645,45.927,45.05049675814583,-5.96448151839513,45.98699443042714,5.754959310736455,-6.57858311926231,0.1268424219257902,2.1542256149931958,1.1823825053604688,2.4646789769561206
PHE_28_A_HB2,ARG_33_C_H,1540,3751,43.788,-5.921,45.998,43.783,-6.552,45.389,43.7855,-6.2365,45.6935,43.83158506309831,-6.236368899856277,46.11907334746314,5.570828700408965,-7.820842845401434,0.8769646515111043,1.848857013209332,1.2691652936708164,2.540696886186565
PHE_28_A_HB2,ILE_32_C_CG1,1550,3406,44.546,-6.871,46.55,44.442,-6.69,46.729,44.494,-6.7805,46.6395,44.43063666238497,-6.780680252387857,46.054370114472015,4.985101309653331,-7.258483886034057,0.2749872724327448,1.918137693785069,1.1453590045530113,2.5494111557810624
PHE_28_A_HB3,PHE_38_C_CE2,1560,5046,45.499,-4.652,49.68,45.591,-5.828,49.88,45.545,-5.24,49.78,45.13326317877702,-5.241171285288744,45.97780888857864,6.4705293912263215,-6.444151695155857,1.1964280170574415,2.1785275410692173,1.6191128500279361,2.7854316730813746
PHE_28_A_HB3,PHE_38_C_CE1,1570,4979,46.363,-6.177,48.769,46.467,-6.461,48.923,46.415,-6.319,48.846,46.093184819803525,-6.319915481362924,45.87419190659456,5.325942007846268,-5.5577010207032735,0.3393935768396351,2.241980406976704,1.2704977655727197,2.620819650367912
PHE_28_A_HB3,PHE_38_C_CG,1580,4909,45.268,-6.792,48.802,45.24,-6.359,48.817,45.254000000000005,-6.5755,48.8095,44.94955678674833,-6.576366062587943,45.99811364907861,5.151831501286687,-6.723331368783738,0.43416356364854,1.9107468070828928,1.3136840924571398,2.691637832847626
PHE_28_A_HB3,PHE_38_C_CE2,1590,5046,45.713,-5.562,49.919,45.591,-5.828,49.88,45.652,-5.695,49.8995,45.22624739340711,-5.696211156590915,45.96787986545951,6.00999742627875,-6.383190696093338,0.2952304184869837,2.3250733301027853,1.52516321777746,2.7895533509885833
PHE_28_A_HB3,PHE_38_C_CG,1600,4904,45.755,-6.654,48.999,45.985,-6.491,48.953,45.870000000000005,-6.5725,48.976,45.54059564452013,-6.573437070613398,45.934109530381775,5.11253383167325,-6.130130112241512,0.2856308806834418,2.062007952307576,1.2984048284750067,2.6651707301519187
PHE_28_A_HD1,ARG_33_C_H,1610,3783,43.849,-4.284,45.388,43.822,-4.656,44.626,43.8355,-4.47,45.007,43.95442626152024,-4.469661685393717,46.10522670977964,7.324296244707308,-7.5720705757826705,0.8483849362170455,1.4612667297849369,1.535218899217182,2.4805011634497136
PHE_28_A_HD1,GLY_34_C_O,1620,4209,42.279,-6.142,45.895,41.762,-6.359,45.562,42.0205,-6.250500000000001,45.7285,42.083296850245134,-6.250321359122916,46.30839864768009,5.6817957335147415,-9.57590316721003,0.6521249880199398,2.137172551338318,1.4541545948278067,2.743866944140104
PHE_28_A_HD1,GLY_34_C_H,1630,4231,42.093,-5.625,45.425,41.714,-5.853,45.177,41.9035,-5.739,45.301,42.01339321254726,-5.738687382093233,46.31581085590458,6.197130080463466,-9.6096862502591,0.5070788893259138,2.335947943298383,1.520989977772208,2.704081043158487
PHE_28_A_HD2,PHE_38_C_CD2,1640,4968,44.666,-4.006,50.214,44.836,-5.761,50.362,44.751,-4.8835,50.288,44.29408103855617,-4.884799816849262,46.06857359873397,6.885944936207903,-7.260788361967111,1.769414875036378,2.6784012726653805,1.8493533128975455,2.966974956756913
PHE_28_A_HD2,PHE_38_C_CD2,1650,4950,43.324,-4.484,51.539,44.02,-6.212,51.104,43.672,-5.348,51.3215,43.116982836574245,-5.349578880986623,46.19618398090918,6.506423287610434,-8.474801328724155,1.9130146366402967,3.672045604755051,1.9804815889604332,3.2513083829170153
PHE_28_A_HD2,PHE_38_C_CD2,1660,4950,43.873,-5.369,51.612,44.02,-6.212,51.104,43.9465,-5.7905,51.358,43.38440904127937,-5.792099004113672,46.167360890508064,6.045918639875175,-8.23793200971078,0.995149235039652,3.671108408041967,1.861005572762447,3.233688470263239
PHE_28_A_HD2,PHE_38_C_CD2,1670,4950,43.899,-6.027,51.084,44.02,-6.212,51.104,43.959500000000006,-6.1195,51.094,43.42552623906722,-6.121019017922416,46.16300966126772,5.71489278074034,-8.220048687373561,0.2219594557571274,3.401880529262612,1.8097627259464237,3.2074980066400496
PHE_28_A_HE1,GLY_34_C_H,1680,4224,39.717,-4.251,45.89,39.743,-4.428,45.689,39.73,-4.3395,45.7895,39.812753170333465,-4.339264588528368,46.55368564594063,7.750212996148614,-11.71817353342806,0.2690836301226818,2.884929252754905,1.820725468238037,2.994948189086205
PHE_28_A_HE1,GLY_34_C_C,1690,4197,39.17,-4.013,47.182,39.188,-4.84,46.583,39.179,-4.4265,46.8825,39.15115411566919,-4.426579214374299,46.62535667825927,7.710378568681548,-12.388163912673358,1.021300151767346,3.3399892263945548,1.8701390853808293,3.167996478628203
PHE_28_A_HE2,ARG_35_C_HG2,1700,4618,41.328,-4.514,52.283,39.914,-5.714,51.036,40.621,-5.114000000000001,51.6595,40.06516067860349,-5.1155812198144535,46.52659174828018,6.957828234364317,-11.520088877725168,2.234816547280784,4.322325411807601,2.057871788461284,3.647090303049095
PHE_28_A_HE2,ARG_35_C_HG2,1710,4618,41.438,-5.277,52.002,39.914,-5.714,51.036,40.676,-5.4955,51.519000000000005,40.13457407599184,-5.49704021740842,46.51919252676438,6.5723749061935015,-11.477548698324163,1.856529288753616,4.366661462208473,2.017788510908811,3.6545462590611715
PHE_28_A_HE2,ARG_35_C_HG2,1720,4619,40.392,-4.063,51.683,39.626,-5.352,51.036,40.009,-4.7075,51.3595,39.492351021494336,-4.708969733375245,46.588495677471066,7.404329233612411,-12.06590272722106,1.63306031731838,4.023337580590506,2.0842860050623417,3.651114517813669
PHE_28_A_HZ,ARG_35_C_CG,1730,4406,38.999,-3.38,49.912,38.707,-4.741,49.968,38.853,-4.060499999999999,49.94,38.50166354145501,-4.0614994618020095,46.69557712854011,8.12093028706864,-13.013863065540267,1.3930976275911178,3.7472029522968313,2.065055890630224,3.558286165289005
PHE_28_A_HZ,ARG_35_C_CG,1740,4406,39.195,-3.101,49.104,38.707,-4.741,49.968,38.951,-3.921,49.536,38.641764873014445,-3.921879694349232,46.68036263516253,8.250189446882182,-12.863378471706456,1.9168307176169748,3.4026820905865005,2.0811870451919656,3.4956321041996565
THR_29_A_CA,PHE_38_C_CE1,1750,4994,47.989,-6.359,47.355,47.784,-6.834,47.687,47.8865,-6.5965,47.521,47.6894586205631,-6.5970605320124704,45.701417823084576,4.9354718673175295,-3.9758402874593024,0.6147145679093667,2.3894846422298848,1.210451815381252,2.565302200105881
THR_29_A_C,PHE_38_C_HE1,1760,5268,48.9,-7.371,47.697,48.803,-7.467,47.906,48.8515,-7.419,47.8015,48.61327765659294,-7.419677681256329,45.601631467586735,4.0489431354349685,-3.1074137160950803,0.2496116984437998,2.737550264698388,1.256248374221616,2.528960564849322
THR_29_A_C,PHE_38_C_CZ,1770,5082,47.671,-5.94,48.301,47.843,-6.339,48.757,47.757000000000005,-6.1395,48.529,47.453554070778296,-6.140363225571545,45.72682308646385,5.407866205619904,-4.180076432318153,0.6298579204868331,2.841962886302625,1.303460292483339,2.609766221045838
THR_29_A_O,THR_29_C_OG1,1780,1922,49.673,-3.419,48.755,51.703,-3.559,46.8,50.688,-3.489,47.7775,50.4309306406206,-3.4897312961661613,45.40358835821896,7.839118600557136,-1.0045271340888269,2.8217946417129696,2.951536261117542,1.7760342902451225,2.5870236026781592
THR_29_A_O,PHE_38_C_HZ,1790,5354,49.779,-7.059,49.332,49.304,-7.288,49.714,49.5415,-7.173500000000001,49.523,49.111012630238456,-7.174724625773558,45.54765660947028,4.257722793602055,-2.5906289997725302,0.6511451451097519,2.4469409767739334,1.4343855553451568,2.599051850449057
THR_29_A_O,PHE_38_C_HZ,1800,5375,50.516,-5.743,49.842,49.28,-6.527,50.381,49.898,-6.135,50.1115,49.40035669051999,-6.136415667138306,45.516003871324905,5.272739217387962,-2.2265561580507254,1.55976696977465,3.106728608298395,1.5845305223280914,2.6901004326309685
THR_29_A_O,PHE_38_C_CZ,1810,5120,49.603,-4.924,50.022,48.548,-6.047,50.192,49.075500000000005,-5.4855,50.107,48.58785025019122,-5.486887238033058,45.60378957858931,5.978665347180936,-2.995600061522492,1.5501786993763005,3.162959270259216,1.4737151310243126,2.713902385765555
THR_29_A_O,PHE_38_C_HZ,1820,5375,50.63,-4.37,49.596,49.28,-6.527,50.381,49.955,-5.4485,49.9885,49.469838593516656,-5.449880159336716,45.508268229966816,5.952576453588378,-2.108066028761291,2.6629633869056497,2.126152920786319,1.5901003719536904,2.652059229149806
THR_29_A_CB,GLN_31_C_HA,1830,3132,49.013,-3.074,43.988,48.687,-3.298,43.422,48.85,-3.186,43.705,49.05012106559846,-3.1854307070730123,45.55302159439264,8.241284548579504,-2.368281794326464,0.6905128528854501,2.830124793896667,1.7248044356037913,2.6132528994541935
THR_29_A_CB,THR_29_C_CG2,1840,1977,49.371,-2.111,44.61,50.004,-2.109,43.594,49.6875,-2.1100000000000003,44.102,49.83538582895606,-2.109579302877612,45.46765435826638,9.258323788496895,-1.5039810700687712,1.1970584781037186,2.7342807672339373,1.8291064666530374,2.607658535135856
THR_29_A_OG1,THR_29_C_CG2,1850,1973,50.683,-2.783,44.313,50.694,-2.912,44.303,50.688500000000005,-2.8475,44.308,50.80275884622346,-2.8471749629889973,45.363125378929446,8.453490517858457,-0.5858157111345266,0.1298537639038628,2.03486598480336,1.6357173336170696,2.573622644526963
THR_29_A_OG1,LEU_30_C_O,1860,2286,49.344,-5.551,44.573,49.311,-5.607,44.671,49.3275,-5.579000000000001,44.622,49.42401506617679,-5.578725439476559,45.513270121641376,5.827330072182193,-2.1631955556698546,0.1175967686630882,2.349542407334649,1.3290716609743538,2.5766380247683425
THR_29_A_OG1,THR_29_C_CG2,1870,1933,50.577,-3.102,43.715,50.334,-3.073,43.683,50.4555,-3.0875,43.699,50.63765121146955,-3.0869818266831515,45.38107865190926,8.22608371325494,-0.7685076052063908,0.2468076173864935,2.996874480774752,1.6502520534566725,2.6275689839573646
THR_29_A_OG1,GLN_31_C_HA,1880,3145,49.814,-4.738,43.454,49.841,-4.124,43.909,49.8275,-4.431,43.6815,50.01884754562535,-4.430455665479316,45.44850236575389,6.93020767962913,-1.484811447897998,0.7646894794620882,2.701194724564874,1.5755265778706182,2.6241846027920914
THR_29_A_CG2,THR_29_C_HG22,1890,2198,49.098,-0.822,46.069,51.003,-1.13,45.034,50.0505,-0.976,45.5515,50.03899495587588,-0.9760327288895114,45.44525646225837,10.374461384751152,-1.2191599965180746,2.189774874273612,2.0875422907742807,2.017824712006574,2.4935310330365157
THR_29_A_CG2,THR_29_C_OG1,1900,1928,51.93,-1.373,47.512,52.17,-2.639,46.465,52.05,-2.006,46.9885,51.86154524054941,-2.006536105288527,45.24821112041977,9.216373366415205,0.5361991568919449,1.6602906372078337,3.229744624285364,1.882417161994821,2.5065843319083205
THR_29_A_CG2,THR_29_C_OG1,1910,1920,50.861,-1.467,48.064,52.209,-2.863,46.8,51.535,-2.165,47.432,51.30505000811334,-2.165654148545289,45.30852264709799,9.097409177161005,-0.033441516988781,2.315948185948905,4.114369034903213,1.9431386962201949,2.5607390744405008
THR_29_A_CG2,THR_29_C_OG1,1920,1922,49.741,-3.215,48.667,51.703,-3.559,46.8,50.722,-3.387,47.7335,50.46924269959135,-3.387719029468174,45.39940814465877,7.938136342600354,-0.9588404033509969,2.73010421046524,3.0096911301285947,1.7925168898189046,2.5897459756011756
THR_29_A_CG2,THR_29_C_HG22,1930,2196,50.129,-0.436,46.777,51.29,-1.164,45.353,50.7095,-0.7999999999999999,46.065,50.63538884386115,-0.8002108271654195,45.3806191902116,10.50723716594181,-0.6083019282084882,1.9762795854837956,1.6701354532413806,2.061906177759577,2.4546850716310065
THR_29_A_CG2,THR_29_C_HG22,1940,2191,50.533,-1.153,47.882,51.529,-1.581,45.562,51.031000000000006,-1.367,46.722,50.88285967205435,-1.367421421106514,45.353995466218,9.923782624780538,-0.4003132512012681,2.5607811308270776,2.797814801888016,2.033631807426001,2.50912331519553
THR_29_A_H,PHE_38_C_CZ,1950,5081,47.598,-5.781,48.486,47.373,-6.281,48.765,47.4855,-6.031,48.6255,47.17486855843933,-6.031883666504833,45.75696834300169,5.5359787584325,-4.451975935492593,0.6151959037574962,2.8401171742201887,1.2891537462996083,2.59850136622987
THR_29_A_H,PHE_38_C_CZ,1960,5130,48.284,-5.708,48.884,48.257,-6.091,49.368,48.2705,-5.8995,49.126000000000005,47.89719493458155,-5.9005619568345615,45.67870763162106,5.615371162864179,-3.717930725600292,0.6177977015172538,2.547770277318932,1.405088227131125,2.6438312913820097
THR_29_A_H,PHE_38_C_CZ,1970,5127,47.198,-4.119,49.337,47.353,-5.762,49.769,47.2755,-4.9405,49.553,46.86799242208337,-4.941659254180007,45.78986391226992,6.645368808910258,-4.682406112926482,1.7059009349900702,2.2418651202132143,1.5177022949024186,2.6432701617018135
THR_29_A_H,PHE_38_C_CZ,1980,5106,46.762,-4.693,49.297,46.818,-5.816,49.777,46.79,-5.2545,49.537,46.38984259013375,-5.255638344843599,45.841739171872895,6.366338547389135,-5.184445241761789,1.2225649267012382,1.766829559993352,1.4773677200642026,2.6328951225866035
THR_29_A_HA,ILE_32_C_HD12,1990,3551,48.764,-7.22,46.4,48.631,-7.153,46.59,48.697500000000005,-7.1865,46.495000000000005,48.60089513354233,-7.186774815982128,45.60290061604308,4.282141917999383,-3.103289388475877,0.2414083677091632,2.9494489961643278,1.1737239267218584,2.531192256080745
THR_29_A_HA,ILE_32_C_HD12,2000,3562,48.235,-6.738,46.174,48.369,-6.79,46.264,48.302,-6.764,46.219,48.23950674928137,-6.76417777721457,45.64190494763032,4.729485764923567,-3.4358471157286057,0.1695877354056025,3.1068865919909627,1.1576043164235295,2.541473375468094
THR_29_A_HA,GLN_31_C_HA,2010,3120,47.726,-5.752,44.895,47.912,-5.702,44.843,47.819,-5.727,44.869,47.90656701609231,-5.726750894376112,45.6776391915372,5.788073498836137,-3.696178345068017,0.1994993734325998,3.171650431911876,1.2822232297263358,2.5298915330894385
THR_29_A_HA,ILE_32_C_HD12,2020,3532,48.397,-6.355,44.904,48.197,-6.263,45.104,48.297,-6.309,45.004000000000005,48.36459625168733,-6.308807706061021,45.6282188069737,5.174769590123965,-3.2779898676354926,0.2974289831203353,3.031888038345132,1.2538480994672456,2.548313698623636
THR_29_A_HB,GLN_31_C_HG3,2030,3241,47.018,-2.496,45.53,47.146,-2.977,44.195,47.082,-2.7365,44.8625,47.17870645384188,-2.7362248950279064,45.75553749449104,8.823034554996672,-4.213968151890341,1.4247701569025095,2.215388764819162,1.6932331660429132,2.437897040452253
THR_29_A_HB,GLN_31_C_HA,2040,3155,47.994,-3.517,44.355,48.058,-3.646,43.95,48.026,-3.5815,44.1525,48.18778700962212,-3.581039757596326,45.64652506217811,7.908273782445423,-3.261575292052303,0.429839504931777,2.1891401248402222,1.5876905224276934,2.532759561803138
THR_29_A_HB,GLN_31_C_OE1,2050,3029,47.944,-1.953,45.276,47.802,-1.352,44.123,47.873000000000005,-1.6525,44.6995,47.977949070642566,-1.6522014469044906,45.66865408819603,9.84722671627416,-3.3350627305514093,1.3079655958778176,2.331490081219204,1.895241501837809,2.5053743070580574
THR_29_A_HG1,THR_29_C_OG1,2060,1896,51.885,-3.548,46.003,51.401,-3.379,46.239,51.643,-3.4635,46.121,51.55216286574208,-3.463758408268446,45.28216284320501,7.784933663421135,0.1222578684030263,0.5643695597744385,1.9369151765327912,1.5467514155737905,2.517168620390865
THR_29_A_HG1,THR_29_C_HG1,2070,2120,52.609,-5.122,45.554,52.522,-5.603,45.875,52.5655,-5.3625,45.7145,52.507542494435945,-5.362664874186958,45.17929036817439,5.822581179689724,0.9458788230553864,0.5847828656860589,2.8746978327463717,1.3187981447035557,2.5111177846425288
THR_29_A_HG1,THR_29_C_HG1,2080,2118,51.51,-5.384,44.589,51.448,-5.878,45.35,51.479,-5.631,44.9695,51.51338508241565,-5.630902183290126,45.28702966455115,5.626036703972357,-0.0706241227930456,0.9093959533668508,2.473040361517876,1.319345999708643,2.530183559612103
THR_29_A_HG1,THR_29_C_HG1,2090,2114,51.002,-4.453,43.644,50.464,-4.026,44.17,50.733,-4.2395,43.907,50.889709673044266,-4.2390542013121495,45.35413830585474,7.058917755398105,-0.5974706691358966,0.8651294700794836,2.6918412065987365,1.5179876561895875,2.6120962847346503
THR_29_A_HG1,THR_29_C_HG1,2100,2110,51.527,-3.561,44.279,50.881,-3.405,44.505,51.204,-3.483,44.392,51.30331394007288,-3.4827174774006626,45.30911637318164,7.783798356616127,-0.1287609316214492,0.7019458668586921,1.9478972874330416,1.552778204693062,2.568240586760694
THR_29_A_HG21,THR_29_C_OG1,2110,1916,51.455,-3.177,48.552,52.126,-3.334,47.061,51.7905,-3.2555,47.8065,51.51754024239495,-3.256276500259444,45.28584818882867,7.994364394150325,0.1022623939876438,1.642550151441349,2.3231087721677013,1.8376952393663795,2.576567094413103
THR_29_A_HG22,THR_29_C_CG2,2120,1960,50.279,-2.207,44.706,50.805,-1.952,44.735,50.542,-2.0795,44.7205,50.613779948688126,-2.0792958045198016,45.38335323248382,9.232928279150004,-0.7208615109850607,0.5852708774576058,2.20504095665244,1.7527329987685587,2.5456902068592093
THR_29_A_HG22,THR_29_C_HG22,2130,2190,51.641,-1.362,46.213,51.734,-1.226,45.562,51.6875,-1.294,45.8875,51.62106803285728,-1.2941889818491,45.274032799680086,9.944098076102648,0.3455392037765076,0.6715251298350681,1.6824661963839516,1.9281903534747065,2.4411514768633067
THR_29_A_HG22,THR_29_C_HG22,2140,2200,50.245,-1.673,44.917,50.757,-1.581,44.642,50.501,-1.627,44.7795,50.56692522815801,-1.6268124596928952,45.3882877100141,9.687615043079376,-0.735722128658331,0.588415669403866,2.490127106291837,1.8423819964751553,2.5242686045155596
THR_29_A_HG22,THR_29_C_HG22,2150,2197,50.105,0.038,46.157,51.291,-0.768,45.034,50.69799999999999,-0.365,45.5955,50.67426034982245,-0.3650675331949455,45.37627577170488,10.938504080265435,-0.5383848762306127,1.821362402159437,1.9097613399065447,2.1029361367113832,2.445970623929286
THR_29_A_HG22,THR_29_C_HG22,2160,2198,50.7,-0.721,45.516,51.003,-1.13,45.034,50.8515,-0.9255,45.275,50.86030412463251,-0.9254749545313152,45.35630184791863,10.366223393780036,-0.3915429968444049,0.7010092724065764,2.1111589270309223,1.9601858267648966,2.4726284915289067
THR_29_A_HG23,GLN_31_C_OE1,2170,3026,47.677,-2.16,47.5,47.312,-1.282,44.288,47.4945,-1.721,45.894,47.47598604521692,-1.72105266743647,45.72303255019939,9.814405865978404,-3.8435774091782218,3.349784022888643,2.667190952090486,2.01500663805365,2.5201966237462736
THR_29_A_HG23,GLN_31_C_OE1,2180,3026,47.722,-1.465,46.904,47.312,-1.282,44.288,47.517,-1.3735,45.596,47.53010998858632,-1.3734627054565545,45.71706442636264,10.157251197518915,-3.764578168308068,2.654250364980673,2.06616424923954,2.0625938673027417,2.508053236729146
THR_29_A_HG23,GLN_31_C_OE1,2190,3022,48.235,-0.361,46.875,47.584,-0.907,44.288,47.9095,-0.634,45.5815,47.91958826559916,-0.6339713014807618,45.674660270866354,10.867052425208172,-3.321271057612602,2.722955379729901,1.92779348629372,2.210483465355718,2.508675040107508
THR_29_A_HG23,GLN_31_C_OE1,2200,3023,46.909,0.058,47.156,47.312,-0.532,44.288,47.1105,-0.237,45.722,47.11479781137744,-0.2369877738327484,45.76168821678209,11.320520717247271,-4.100516826234875,2.9556611781461037,2.505444879267324,2.3642587578279204,2.5437859530457407
THR_29_A_HG23,THR_29_C_OG1,2210,1929,49.469,-1.367,48.316,51.797,-2.921,46.465,50.633,-2.144,47.3905,50.41794601414152,-2.144611773241881,45.40458008378244,9.18176624417517,-0.9219836904765204,3.355696797983986,2.6649323442439954,1.9017530845263608,2.538791079150709
LEU_30_A_CA,THR_29_C_OG1,2220,1924,53.403,-7.289,49.074,53.065,-4.785,46.8,53.234,-6.037,47.937,52.93043286842119,-6.037863570361058,45.13370384110845,5.118880825059404,1.3221945017982228,3.39931404845154,2.6049902725086693,1.8293458469121113,2.4940534404983965
LEU_30_A_O,LEU_30_C_H,2230,2440,53.335,-7.978,45.485,53.262,-7.736,44.882,53.2985,-7.856999999999999,45.1835,53.28896394686454,-7.857027127616901,45.09543914510239,3.2787039818791763,1.5526591521053117,0.6538363709675395,2.2551547847221824,1.2604887798410036,2.4033114929630996
LEU_30_A_O,LEU_30_C_HD11,2240,2648,53.848,-7.724,44.982,53.793,-7.911,44.695,53.8205,-7.8175,44.8385,53.84183911627645,-7.817439295706185,45.03555645463268,3.2786986272515573,2.1101751482676327,0.3469337112475511,2.5424181519192124,1.2299199906404015,2.388353651638012
LEU_30_A_O,LEU_30_C_H,2250,2455,52.826,-6.355,45.106,52.979,-6.208,45.638,52.9025,-6.2815,45.372,52.87732595534639,-6.281571613678061,45.13952983001093,4.879582231845922,1.2515964846413865,0.5727495089478435,2.0886324660912954,1.2693830984732224,2.469981697260531
LEU_30_A_CG,PHE_38_C_CE1,2260,5011,49.39,-9.425,49.681,48.873,-9.314,49.379,49.1315,-9.3695,49.53,48.70508797072539,-9.370713032478733,45.59229041479615,2.096280241271187,-3.153921269500797,0.6089449893052762,2.1638213489129585,1.3988857049629728,2.4495333256916747
LEU_30_A_CD1,PHE_38_C_HE1,2270,5282,48.744,-9.229,48.632,48.817,-9.483,48.766,48.7805,-9.356,48.699,48.44710126797663,-9.35694843358664,45.620223388053695,2.1284386352223783,-3.411783038034488,0.2963123352140454,1.992196140364972,1.2471078074023352,2.4109757630045916
LEU_30_A_CD1,PHE_38_C_HE1,2280,5266,48.181,-9.861,46.722,48.575,-9.724,46.9,48.378,-9.7925,46.811,48.251361470185536,-9.792860254024694,45.64155420937622,1.7076105980578076,-3.639141676998181,0.4535294918745675,2.363573841541494,1.1320267677065636,2.33941406740585
LEU_30_A_CD1,ILE_41_C_HG21,2290,5795,48.777,-11.888,47.687,49.007,-11.962,47.753,48.892,-11.925,47.72,48.66218009578233,-11.925653778479347,45.59772394402666,-0.4491386224633038,-3.378500058995331,0.2504635702053271,2.041593889593987,1.2182585471838128,2.271478649102402
LEU_30_A_CD1,PHE_38_C_HE1,2300,5275,48.256,-9.428,47.926,48.575,-9.843,48.0,48.4155,-9.6355,47.963,48.16511824657113,-9.636212271648406,45.650845176145246,1.870023248928683,-3.7145401975576977,0.5286416555664155,2.1089830445670223,1.1419732483373564,2.3591713447276126
LEU_30_A_CD1,ILE_41_C_CG2,2310,5719,48.256,-11.212,47.08,48.53,-11.013,47.58,48.393,-11.1125,47.33,48.21068038468248,-11.113018652382454,45.64636621971541,0.3936944617067427,-3.773754787622766,0.6038849228122859,1.778634544216864,1.165730697803322,2.3002918978665448
LEU_30_A_CD1,ILE_41_C_HG23,2320,5800,48.466,-10.779,46.318,48.849,-10.347,46.502,48.6575,-10.563,46.41,48.57056799851372,-10.563247299170763,45.60722486231032,0.9163688300895376,-3.3736158293888656,0.605944716950316,2.2196928026301816,1.168665131816581,2.3016175412125817
LEU_30_A_CD1,LEU_30_C_HB2,2330,2535,50.302,-10.32,45.651,49.559,-10.762,45.68,49.9305,-10.541,45.6655,49.908499318477816,-10.541062586276674,45.46233430915803,0.8429259787656898,-2.0296843585134896,0.8650167628433584,1.930296870589352,1.2535899788054903,2.26560270871005
LEU_30_A_CD2,ASN_45_C_HD22,2340,7230,53.075,-11.547,49.611,51.587,-12.751,49.0,52.331,-12.149,49.3055,51.891624464871725,-12.150249910316504,45.24807868587361,-0.9038537609214412,-0.1543350035297666,2.0092488646257816,2.278114084504133,1.6180892166374963,2.351683420526523
LEU_30_A_CD2,ASN_45_C_HD22,2350,7229,51.375,-11.902,50.579,51.049,-12.801,49.319,51.212,-12.3515,49.949,50.716724588213445,-12.352908931078789,45.375370265338496,-1.0220748302262186,-1.3475186959439192,1.5817954987924314,3.1996001582621245,1.5997177175174684,2.423998712604977
LEU_30_A_CD2,PHE_38_C_HZ,2360,5376,50.887,-8.904,50.378,49.536,-7.815,50.381,50.2115,-8.3595,50.3795,49.68161119921137,-8.361007397262142,45.48623229949196,3.0336788462790807,-2.1024293462260832,1.7352610754580986,3.1995029269991435,1.645169169671948,2.5755397724875175
LEU_30_A_CD2,ASN_45_C_HD22,2370,7229,51.653,-11.235,51.074,51.049,-12.801,49.319,51.351,-12.018,50.1965,50.82761152535617,-12.019488905507233,45.36325967866996,-0.6974183353372212,-1.212575548963872,2.4284145033333964,3.178463421754185,1.6253033848058591,2.4209404128974636
LEU_30_A_CD2,ASN_45_C_CG,2380,7024,51.995,-11.832,50.547,51.468,-13.371,49.808,51.7315,-12.6015,50.1775,51.2057541667957,-12.60299561158563,45.3224906084702,-1.3064619918500155,-0.8746408291438913,1.7867207392315083,3.18297359859314,1.6526545048502095,2.411951937972246
LEU_30_A_CD2,ASN_45_C_HD22,2390,7230,53.184,-10.881,50.186,51.587,-12.751,49.0,52.3855,-11.816,49.593,51.91470946168174,-11.817339277915378,45.24547627157071,-0.5734334781472561,-0.1075203099489416,2.7301840597293032,2.1781904923367064,1.7170342079617806,2.348863649179044
LEU_30_A_CD2,ASN_45_C_HD22,2400,7230,51.765,-12.305,49.362,51.587,-12.751,49.0,51.676,-12.528,49.181,51.25755460430149,-12.529190369456558,45.31685843642955,-1.236543495046019,-0.8174252346080768,0.6013684394778297,2.792429444236184,1.469351321610139,2.383343371619673
LEU_30_A_H,LEU_30_C_O,2410,2271,50.525,-6.496,44.82,50.82,-6.598,45.184,50.6725,-6.547000000000001,45.002,50.71278454448338,-6.546885400838874,45.37400835355805,4.769557099559344,-0.9389526641495306,0.4795049530505382,2.235444209127311,1.2787462727655605,2.5203677517022767
LEU_30_A_H,LEU_30_C_O,2420,2272,51.168,-6.451,45.034,51.093,-6.223,45.184,51.1305,-6.337,45.109,51.15401643674521,-6.336933101789824,45.32616295982314,4.947460600116656,-0.4813446694466002,0.2830353334832929,2.57560258862436,1.2788170122828733,2.510924550152678
LEU_30_A_H,LEU_30_C_O,2430,2289,49.506,-7.079,45.328,49.797,-6.987,45.583,49.6515,-7.033,45.4555,49.65509462818878,-7.032989774207943,45.48869465892712,4.360234427931469,-2.034677684385201,0.3977059215048171,2.8342704012805284,1.2373397952521354,2.5259017798121595
LEU_30_A_HA,PHE_38_C_HZ,2440,5374,51.124,-6.077,49.742,49.536,-6.911,50.381,50.33,-6.494,50.0615,49.83271307059454,-6.495414653328715,45.4692948695594,4.883763290844113,-1.8182771224731047,1.904106352071755,2.8419245281159298,1.6425594333045106,2.659411131893621
LEU_30_A_HA,PHE_38_C_HZ,2450,5373,51.58,-7.986,49.945,49.626,-7.363,50.381,50.603,-7.6745,50.163,50.09172377204672,-7.6759544492826945,45.44161043947732,3.6877052404251263,-1.6422875745030063,2.0967453350371383,2.846947113062234,1.6845164972452387,2.58278359085414
LEU_30_A_HA,PHE_38_C_HZ,2460,5374,50.733,-6.668,49.763,49.536,-6.911,50.381,50.1345,-6.7895,50.072,49.63836492973885,-6.7909113765859015,45.49043173362968,4.602896083033157,-2.034262982910776,1.3688615707952327,2.55100693006197,1.609432616618151,2.6489680700421467
LEU_30_A_HB2,LEU_30_C_O,2470,2259,50.424,-8.747,45.751,50.206,-8.212,44.917,50.315,-8.4795,45.334,50.323956572239375,-8.479474520857108,45.41670962809737,2.86962691279619,-1.4663771450808372,1.014546696806013,3.141779190433564,1.3335970171679796,2.4184544027012578
LEU_30_A_HB2,LEU_30_C_CD1,2480,2319,52.954,-10.117,45.991,53.088,-10.009,44.669,53.021,-10.063,45.33,52.9990725833224,-10.063062377857046,45.12751087468841,1.098951452397522,1.1050700168312415,1.33315565482805,2.207705509014864,1.3376897258279223,2.235182023542277
LEU_30_A_HB2,LEU_30_C_HD11,2490,2649,53.517,-8.983,45.943,53.69,-9.031,44.769,53.6035,-9.007000000000001,45.356,53.57200331328376,-9.007089599967488,45.06514327769862,2.1113298098575526,1.754922236554048,1.1876485170285007,3.031542932750702,1.3065331357775622,2.3095370399974673
LEU_30_A_HB2,LEU_30_C_HB2,2500,2546,52.064,-10.026,45.758,52.071,-9.568,44.909,52.0675,-9.797,45.3335,52.05624089136374,-9.797032029266344,45.22952755796256,1.4316581135001554,0.1780223227738614,0.9646833677430156,1.6508373890970656,1.306426292780439,2.2506292983688336
LEU_30_A_HB2,LEU_30_C_HB2,2510,2536,50.857,-9.827,45.705,51.237,-9.392,44.782,51.047,-9.6095,45.2435,51.0571960598397,-9.60947099483389,45.3376556987274,1.6901092022795443,-0.8109996418792393,1.0888314837476023,1.984146977434712,1.31551604289507,2.2818535172597096
LEU_30_A_HB2,LEU_30_C_HB2,2520,2540,51.841,-8.509,45.321,51.756,-8.45,45.118,51.7985,-8.4795,45.2195,51.80251723751288,-8.479488571993182,45.25659725236264,2.763995922151664,0.0170714410758708,0.2278486339656189,1.3472849809835488,1.2323638528780307,2.369448745320575
LEU_30_A_HB3,LEU_30_C_H,2530,2471,53.693,-8.922,48.581,52.901,-7.293,45.38,53.297,-8.1075,46.980500000000006,53.09514913720255,-8.108074213754827,45.11650456213373,3.0421359805047503,1.340366541722683,3.6779486130178594,2.202058397844236,1.6066263829714902,2.404286913652844
LEU_30_A_HB3,LEU_30_C_HD11,2540,2651,54.03,-9.181,47.221,54.307,-9.23,44.914,54.1685,-9.2055,46.0675,54.05430630053432,-9.205824851685245,45.01297621998172,1.878644796951075,2.224699799306548,2.324086702341369,2.758543336810818,1.5163304976398475,2.3015850919991574
LEU_30_A_HB3,LEU_30_C_HD11,2550,2651,53.973,-9.28,47.586,54.307,-9.23,44.914,54.14,-9.255,46.25,54.00660452532094,-9.255379475793816,45.01815707999585,1.8326228549021453,2.173319430588725,2.693258249778507,2.5363077961357328,1.5623155934520219,2.3025288794275713
LEU_30_A_HG,PHE_38_C_CZ,2560,5086,49.548,-7.372,49.129,49.164,-7.493,49.229,49.356,-7.4325,49.179,48.964491002722696,-7.433613742335601,45.56360309411311,4.009954319941932,-2.756029229024913,0.4148457544678511,2.696631654707807,1.3753897479252266,2.5763051541108153
LEU_30_A_HG,PHE_38_C_CZ,2570,5123,49.965,-9.11,50.173,49.151,-8.494,50.192,49.55800000000001,-8.802,50.182500000000005,49.05678602580932,-8.803425824760435,45.55403050356905,2.637011196839397,-2.7607544442369663,1.0209862878609093,2.772204527263032,1.5356224057625902,2.5333550967176306
LEU_30_A_HG,PHE_38_C_CZ,2580,5086,49.485,-7.614,49.151,49.164,-7.493,49.229,49.3245,-7.5535,49.19,48.93218272212855,-7.554616041685866,45.56713901236923,3.8915656734254136,-2.7970415751770368,0.3518039226614705,2.753561343913363,1.3651560082069685,2.568347968686821
LEU_30_A_HG,PHE_38_C_CE1,2590,5012,49.023,-8.818,49.195,49.096,-8.907,49.379,49.0595,-8.8625,49.287,48.659915091829866,-8.863636716223617,45.59702594912486,2.605301870868027,-3.1632156432034013,0.2170391669722269,2.295629545876443,1.3398393167784106,2.4714902058226946
LEU_30_A_HD11,ILE_32_C_HD12,2600,3536,50.151,-9.123,45.751,49.44,-8.579,45.147,49.7955,-8.850999999999999,45.449,49.79818123874834,-8.850992372565823,45.47375994764383,2.5366053014855514,-2.0202873912455765,1.0799412021031545,2.88963055989796,1.2883191991585317,2.383998093526865
LEU_30_A_HD11,ILE_41_C_HG23,2610,5798,48.308,-9.243,46.538,48.557,-9.496,46.502,48.432500000000005,-9.3695,46.52,48.33636278348517,-9.3697734856384,45.63221913788577,2.123556298381679,-3.523798906145233,0.3567996636769726,2.1537379071406786,1.1667131438727116,2.359515226959813
LEU_30_A_HD11,ILE_32_C_CD1,2620,3420,49.195,-9.34,45.618,48.919,-9.523,45.563,49.057,-9.4315,45.590500000000006,49.05311474571421,-9.431511052548505,45.55462154913139,2.0107755209236355,-2.809063441414667,0.335693312414772,2.2485633480833918,1.26550311527241,2.360557827237558
LEU_30_A_HD12,TYR_44_C_HH,2630,6973,51.262,-11.52,45.86,51.021,-11.864,45.479,51.1415,-11.692,45.6695,51.10507283851232,-11.69210362589927,45.33311271937885,-0.3906801245585909,-0.910936011096002,0.5670784778141389,1.7774737466885189,1.2622252864942245,2.2266060276606323
LEU_30_A_HD12,ILE_41_C_CG2,2640,5710,50.201,-12.217,47.536,50.229,-12.371,47.347,50.215,-12.294,47.441500000000005,49.99966683811728,-12.29461256742582,45.45300202774468,-0.912704716250662,-2.062805457803377,0.2453996740014133,2.009662044793754,1.2331579367428835,2.274381179123161
LEU_30_A_HD13,PHE_38_C_CE1,2650,4996,49.195,-10.833,49.502,48.27,-9.875,49.369,48.7325,-10.354,49.435500000000005,48.32085983895256,-10.355171010315422,45.634201498715306,1.14175649205241,-3.609365797961232,1.3383116229040215,2.227844768262153,1.4273746528728524,2.4147997766824036
LEU_30_A_HD13,PHE_38_C_CE1,2660,4985,48.15,-10.32,48.703,47.832,-10.286,48.802,47.991,-10.303,48.7525,47.66105699272243,-10.303938602939134,45.70563534062812,1.2399906529319893,-4.267710235824622,0.3347850056379437,2.3184464083403644,1.3097262050303249,2.3762368229527575
LEU_30_A_HD13,PHE_38_C_CE1,2670,4987,47.904,-10.771,47.895,47.959,-10.707,48.084,47.9315,-10.739,47.98950000000001,47.6839281069304,-10.739704278318849,45.70329288237816,0.8036925133058351,-4.275724733542216,0.2069830910968333,1.9250740876134187,1.1894297797711162,2.3118835124556383
LEU_30_A_HD21,PHE_38_C_HE1,2680,5291,53.291,-8.384,49.24,49.437,-8.458,48.593,51.364,-8.421,48.9165,50.97734601926776,-8.422099931063054,45.345936832078586,2.880183400079072,-0.8067507642601045,3.908631601980416,2.042664815954207,1.6656729102121774,2.4464392514093487
LEU_30_A_HD21,ASN_45_C_HD22,2690,7230,53.185,-10.465,50.353,51.587,-12.751,49.0,52.386,-11.608,49.6765,51.90625945247805,-11.609364738388123,45.24632724994487,-0.3653809306612398,-0.101221627873441,3.100001451612563,2.20248714195284,1.7451441264279257,2.352646614453681
LEU_30_A_HD21,PHE_38_C_HZ,2700,5376,52.081,-8.439,50.174,49.536,-7.815,50.381,50.8085,-8.127,50.2775,50.2826013948061,-8.128496046182622,45.42107983277318,3.222672485841968,-1.4829319760087976,2.628545225024673,2.6403072106796093,1.7604222824386893,2.564452866900608
LEU_30_A_HD21,PHE_38_C_HZ,2710,5368,52.906,-9.632,50.962,49.536,-7.815,50.797,51.221,-8.7235,50.8795,50.62590532616988,-8.725192891189078,45.38408748729265,2.602960633525993,-1.180888323776648,3.8321813631403177,3.662686493596921,1.9261723389358067,2.5539545651196707
LEU_30_A_HD21,ASN_45_C_HD22,2720,7230,53.348,-9.849,50.251,51.587,-12.751,49.0,52.4675,-11.3,49.6255,51.99226340196007,-11.301351925811018,45.2369190527764,-0.0642899905733343,0.0069510674295121,3.617696228264609,1.9723720396785704,1.7568405403253877,2.3522377818871543
LEU_30_A_HD22,ARG_42_C_HD2,2730,6040,49.585,-11.511,49.549,48.128,-11.755,50.018,48.8565,-11.633,49.7835,48.40621686716626,-11.634280939624713,45.625352277874775,-0.140218104552384,-3.614607543143226,1.5499503217845416,2.2849486187818138,1.5874338047610044,2.3626760586541597
LEU_30_A_HD22,ASN_45_C_ND2,2740,7142,50.933,-11.754,50.881,50.518,-13.222,49.802,50.7255,-12.488,50.3415,50.19385702410375,-12.489512387438856,45.4320333377808,-1.120983433070417,-1.881820844498023,1.868552916028872,3.080946459565338,1.6731941658546465,2.4214023269616773
LEU_30_A_HD22,ASN_45_C_HD22,2750,7221,50.371,-12.083,50.17,50.768,-12.994,49.492,50.569500000000005,-12.5385,49.831,50.094307791335474,-12.539851799534668,45.44282896726527,-1.1640845971300433,-1.985275865775748,1.203002078136195,3.383521838077768,1.5755108544214667,2.409827887890817
LEU_30_A_HD23,ASN_45_C_HD22,2760,7238,53.262,-11.61,47.869,51.775,-12.728,48.192,52.5185,-12.169,48.0305,52.21342047824532,-12.16986787272187,45.21323764671595,-0.9464087709165088,0.167131181015333,1.888232506869852,2.0082088380588368,1.4409627331225416,2.2903725578159624
LEU_30_A_HD23,ASN_45_C_HD22,2770,7238,53.429,-11.672,48.389,51.775,-12.728,48.192,52.602,-12.2,48.2905,52.26812478823216,-12.200949789048884,45.207323327248346,-0.9813197908458456,0.2198079967501018,1.9722223505477288,1.8013166896192694,1.497379288503205,2.3013378704273304
LEU_30_A_HD23,ASN_45_C_HD22,2780,7230,51.967,-12.29,49.22,51.587,-12.751,49.0,51.777,-12.520499999999998,49.11,51.364983128029095,-12.521672081961045,45.30522275488927,-1.2367180733686056,-0.709107318433169,0.6366482545330634,2.693260855663592,1.4695060973759622,2.3770435269184897
GLN_31_A_C,PHE_28_C_O,2790,1197,57.243,-4.489,49.837,56.462,-3.699,46.43,56.852500000000006,-4.093999999999999,48.1335,56.48589576409957,-4.095042894699157,44.74808656281997,6.802816724289883,5.027451463592163,3.5835331727221424,2.5229604499592693,2.166840968638469,2.3893879059034853
GLN_31_A_C,PHE_28_C_O,2800,1200,56.505,-6.368,49.933,56.574,-4.044,46.265,56.5395,-5.206,48.099,56.18025298725662,-5.207021965292785,44.781526972932944,5.715480623123147,4.64179173714593,4.342805659939206,1.802678903944966,2.2336241864537594,2.3741481035500698
GLN_31_A_C,THR_29_C_OG1,2810,1911,55.776,-5.758,50.14,53.35,-4.224,47.061,54.563,-4.991,48.6005,54.172977195466245,-4.992109514499744,44.9988273678436,6.073234252343865,2.643148380210712,4.209379170376555,3.1808558608611315,2.1809377973066435,2.5191580784041894
GLN_31_A_O,THR_29_C_OG1,2820,1924,53.844,-7.432,49.074,53.065,-4.785,46.8,53.4545,-6.1085,47.937,53.14837948447356,-6.109370834081231,45.11012457093069,5.031985849286576,1.5357811619176671,3.5755455527793254,2.577274845924029,1.8714076808445868,2.4914580995329723
GLN_31_A_O,PHE_28_C_O,2830,1200,56.806,-6.57,49.715,56.574,-4.044,46.265,56.69,-5.307,47.99,56.34067865016763,-5.307993729336348,44.7641856863391,5.603304463474402,4.795573790330608,4.282172345901087,1.8408826133672211,2.2392067092056775,2.3652522956453454
GLN_31_A_O,THR_29_C_HA,2840,2058,56.717,-7.481,49.576,55.025,-5.643,45.593,55.871,-6.561999999999999,47.584500000000006,55.57461515228013,-6.562843138611965,44.84752877111354,4.40634799383882,3.93781997813724,4.701637693400032,2.3144949591933184,2.094886629548,2.3902605321358825
GLN_31_A_O,THR_29_C_OG1,2850,1925,55.68,-6.83,50.237,53.446,-4.565,46.8,54.563,-5.6975,48.5185,54.18177729480933,-5.698584480481972,44.99809204415431,5.367916086446828,2.6017823934026465,4.683369513502008,3.240509283483949,2.164779753532324,2.5141291797744927
GLN_31_A_O,THR_29_C_HA,2860,2056,56.292,-7.275,50.015,54.725,-5.415,45.802,55.5085,-6.345000000000001,47.9085,55.18163053265203,-6.34592985950906,44.89001800061522,4.650784878832518,3.558947670105053,4.864612831459459,1.9641360182169183,2.1565080942658255,2.4126688384262
GLN_31_A_O,THR_29_C_HA,2870,2058,56.447,-7.846,49.419,55.025,-5.643,45.593,55.736,-6.7445,47.506,55.44958809404057,-6.745314768159368,44.86112408190853,4.233268477758486,3.799414868149457,4.638272199860629,2.128690307669713,2.058592144806367,2.3876079951282705
GLN_31_A_CB,THR_29_C_OG1,2880,1901,52.862,-4.265,49.936,52.738,-3.779,47.283,52.8,-4.022,48.6095,52.42941627852837,-4.023054215311419,45.18733793144459,7.164387094263205,0.962673878137346,2.699996481479188,2.816647836206295,1.967532860369689,2.614014210894182
GLN_31_A_CG,TYR_27_C_HD2,2890,1024,57.298,-1.346,48.382,58.279,-0.175,47.857,57.7885,-0.7605000000000001,48.1195,57.41243546741244,-0.7615698068084618,44.64672528221272,10.061680568887846,6.193898719615834,1.6153101869300528,1.6376042386401588,2.0712712393121806,2.4072265168129205
GLN_31_A_CG,THR_29_C_HB,2900,2089,54.351,-2.689,46.846,54.235,-2.723,46.351,54.293,-2.706,46.5985,54.12031379877809,-2.70649124779868,45.00382615615769,8.35683814636577,2.7527044732448784,0.5095458762466805,1.7786267159735545,1.6781116129285236,2.3416343351495335
GLN_31_A_CD,THR_29_C_HB,2910,2090,53.89,-1.888,47.119,53.907,-2.387,46.359,53.8985,-2.1375,46.739,53.715329266070384,-2.138021073595857,45.04750654952102,8.952800649268084,2.3867707598629986,0.9093349217972424,1.9673141771697344,1.7846256326928247,2.366935715273205
GLN_31_A_CD,TYR_27_C_HD2,2920,1020,56.634,-0.75,49.687,58.179,0.21,48.249,57.4065,-0.27,48.968,56.94402841049619,-0.2713156126470273,44.697297754635294,10.584155176213422,5.758775512318483,2.318721414918142,2.335410160643123,2.2945875038715804,2.465563436676289
GLN_31_A_CD,TYR_27_C_HD2,2930,1019,55.049,0.473,49.672,58.076,0.661,48.249,56.5625,0.567,48.9605,56.11058608971063,0.5657144212331365,44.78729283400944,11.478604552549896,4.982048528638442,3.350074924535269,3.0420135783499864,2.389542424468926,2.48453352492149
GLN_31_A_CD,TYR_27_C_HD2,2940,1020,55.493,-0.413,50.183,58.179,0.21,48.249,56.836,-0.1014999999999999,49.216,56.35359084731624,-0.1028723298829959,44.761183967383936,10.79434907480964,5.178353572093539,3.3679490791875093,2.460340822447268,2.392623666021647,2.4857174057483467
GLN_31_A_CD,THR_29_C_HB,2950,2097,53.625,0.044,47.647,54.171,-1.775,46.066,53.898,-0.8654999999999999,46.8565,53.702216602077385,-0.8660569533788229,45.04853467609694,10.22248691533361,2.4639880369797367,2.47112079834232,2.2006169211419,2.0389824055565633,2.3631436347488464
GLN_31_A_OE1,THR_29_C_HB,2960,2098,55.228,-0.866,46.524,54.709,-1.725,45.747,54.968500000000006,-1.2955,46.1355,54.83749463144089,-1.2958726765570403,44.92572855812503,9.712661917165086,3.572481417068447,1.26924032397336,1.8478391342673397,1.8723083588386153,2.3086629034198176
GLN_31_A_OE1,TYR_27_C_HD2,2970,1024,57.119,-0.944,48.382,58.279,-0.175,47.857,57.699,-0.5595,48.1195,57.32396620440352,-0.5605668746269992,44.65624364157163,10.26849508633755,6.119418227003213,1.4874763863671945,1.846575400399917,2.0833224811984707,2.412886774484605
GLN_31_A_OE1,PHE_28_C_H,2980,1491,56.528,-0.787,47.093,57.077,-1.242,45.699,56.8025,-1.0145,46.396,56.622345679063415,-1.0150124926772148,44.73236166978066,9.865316309486309,5.383189315958063,1.565778400668503,2.099572920014848,1.94740600347338,2.347212065110337
GLN_31_A_OE1,GLU_26_C_HG2,2990,430,54.997,0.997,48.456,54.829,2.56,46.724,54.913,1.7785,47.59,54.62685531381017,1.7776859920121042,44.94759172769679,12.793499503250004,3.5795225546645604,2.3390205215004043,2.0311986051834965,2.4777987221457325,2.2897105357254444
GLN_31_A_OE1,TYR_27_C_HD2,3000,1022,56.734,0.274,47.95,57.933,0.661,47.857,57.3335,0.4675,47.9035,56.98578811643485,0.4665108491809588,44.69254833165008,11.3171340034092,5.853096012291088,1.2633364555810127,2.5147596854035474,2.1719162771715603,2.439286374373495
GLN_31_A_OE1,GLU_26_C_HA,3010,328,55.98,1.093,47.552,56.658,2.004,46.382,56.319,1.5485,46.967,56.08324872932618,1.5478293483096257,44.78995063336861,12.460190238203086,5.024400233178363,1.6304922569580051,2.7740646644720948,2.38325610562696,2.4164243455674432
GLN_31_A_OE1,GLU_26_C_HG2,3020,438,54.656,0.84,47.169,54.488,2.31,46.405,54.572,1.575,46.787,54.375762901874914,1.574441755960863,44.97484497338344,12.60870501439832,3.313159353170778,1.6651786690922972,1.3680261394433255,2.367430859139376,2.2644579767808137
GLN_31_A_OE1,TYR_27_C_H,3030,869,56.18,-0.176,46.573,57.258,0.602,46.295,56.719,0.213,46.434,56.53570572628699,0.2124785749652575,44.741365719160136,11.095894138421809,5.383476364354511,1.3581796641092834,2.322995033724049,2.1106038985799684,2.3792991699238994
GLN_31_A_OE1,GLU_26_C_HB3,3040,392,55.742,0.056,46.408,56.375,0.969,45.327,56.0585,0.5125,45.8675,55.94348635843178,0.5121728157905012,44.80540444982798,11.437134574597383,4.810592133998236,1.550102899810206,2.3267893088070504,2.2313831373469584,2.3518264525354327
GLN_31_A_NE2,GLU_26_C_HG2,3050,429,54.064,0.19,50.539,54.399,2.621,46.724,54.2315,1.4055,48.6315,53.841790532198445,1.4043913768626186,45.032720881555925,12.477227257946168,2.765339270192385,4.53610085866706,1.8165059154145256,2.711840176051933,2.2829586290891415
GLN_31_A_NE2,TYR_27_C_HD2,3060,1019,54.529,-0.221,50.651,58.076,0.661,48.249,56.3025,0.22,49.45,55.80121786355458,0.2185739813354933,44.82090105799677,11.154440290820451,4.646992968314109,4.37364116040628,2.9292643507868474,2.4981630333689417,2.5104963969455514
GLN_31_A_H,THR_29_C_OG1,3070,1901,52.701,-4.365,49.873,52.738,-3.779,47.283,52.7195,-4.072,48.578,52.35322255288989,-4.073041965069155,45.19560429980599,7.119968366445771,0.8826765755735618,2.6557230653816264,2.814368498608383,1.9331488173842122,2.6088669745272095
GLN_31_A_H,THR_29_C_OG1,3080,1906,53.626,-5.11,50.07,52.86,-4.154,47.226,53.243,-4.632,48.648,52.86318091078773,-4.633080487555757,45.14055376125581,6.52491768591654,1.354530284741142,3.0966155718784347,3.3298466887005738,2.0156279197633595,2.610484788434417
GLN_31_A_H,PHE_38_C_HZ,3090,5374,51.742,-5.966,49.803,49.536,-6.911,50.381,50.639,-6.4385,50.092,50.1348651822906,-6.4399341338085145,45.43655792134605,4.917520181953416,-1.5111840311643256,2.4685106846031646,2.8023407440336583,1.681213548090405,2.6394712807997713
GLN_31_A_H,THR_29_C_OG1,3100,1910,53.216,-5.928,49.886,52.972,-4.499,47.061,53.094,-5.2135,48.4735,52.7346045609443,-5.214522387527444,45.15465632747128,5.954129715515679,1.1842172318025224,3.1752483367447053,3.3197064235958416,1.938182294110667,2.580602170737408
GLN_31_A_HA,THR_29_C_OG1,3110,1913,53.406,-2.896,47.276,53.35,-3.334,47.061,53.378,-3.115,47.1685,53.15492324902724,-3.1156345959438334,45.10849371444595,8.017688848041352,1.755052106894878,0.4911262566794829,2.1678065964751587,1.7358483401126301,2.4498897069213643
GLN_31_A_HA,THR_29_C_OG1,3120,1883,53.859,-4.501,45.98,54.239,-4.532,46.056,54.049,-4.516500000000001,46.018,53.94133496990897,-4.516806279301142,45.023765335227736,6.563883030712642,2.444510607987336,0.3887634242055142,1.849601962260039,1.4385628208257761,2.4187324076522967
GLN_31_A_HA,PHE_28_C_O,3130,1183,55.315,-4.444,45.707,55.256,-4.403,45.825,55.2855,-4.4235,45.766000000000005,55.19047266516242,-4.423770328310675,44.8884683602785,6.567455093451762,3.704388848801897,0.1381520901036254,1.958016051131103,1.373409809980739,2.345474869224703
GLN_31_A_HA,THR_29_C_OG1,3140,1885,53.516,-4.476,46.036,53.859,-4.522,46.386,53.6875,-4.4990000000000006,46.211,53.56336681766564,-4.499353126955907,45.064689885927,6.608291206123311,2.066532739000727,0.4922042259062832,1.6923863311443874,1.427917314916014,2.4397895839248553
GLN_31_A_HB2,THR_29_C_OG1,3150,1903,52.486,-2.509,49.264,52.86,-3.404,47.226,52.673,-2.9565,48.245000000000005,52.342867126207466,-2.9574391430605025,45.19638201486672,8.23349153652637,0.9515507062019216,2.2570655728179494,3.308353370597972,1.9322384302988298,2.5804636194448403
GLN_31_A_HB2,THR_29_C_OG1,3160,1904,52.158,-3.575,49.175,52.419,-3.547,47.226,52.2885,-3.561,48.2005,51.96760669032823,-3.5619128588785403,45.23720493660365,7.657351165843193,0.5321014815521158,1.966597569407628,2.6625232304609603,1.8611546574524738,2.5875291802993137
GLN_31_A_HB3,PHE_28_C_O,3170,1192,55.997,-4.171,50.889,56.34,-3.324,46.487,56.1685,-3.7475,48.688,55.750461890285614,-3.7486892108327576,44.82761952620544,7.200828825445513,4.31419434538066,4.495849419186548,1.609026509307092,2.196781752509315,2.4007836732494066
GLN_31_A_HB3,THR_29_C_OG1,3180,1902,54.794,-3.32,51.051,53.132,-3.779,47.226,53.963,-3.5495,49.1385,53.52229966529109,-3.550753679030348,45.06884480022092,7.5574268638051665,2.0927279721252963,4.195658470371488,3.6893935704609095,2.2026795086033344,2.602516758059595
GLN_31_A_HB3,THR_29_C_OG1,3190,1902,54.502,-3.854,51.073,53.132,-3.779,47.226,53.817,-3.8165,49.1495,53.37682332973809,-3.8177521893397706,45.0846805890139,7.301494822947944,1.9278003171285285,4.0843523354382665,3.2527072032156754,2.1717433573891833,2.6062755409776712
GLN_31_A_HG3,THR_29_C_HB,3200,2095,54.596,-2.091,46.727,54.266,-2.183,46.275,54.431,-2.137,46.501,54.26713136016046,-2.137466164105899,44.98775208598559,8.91393766888059,2.940436835791932,0.5671578263587633,1.7626201269982735,1.7506884118591672,2.3203423529394045
GLN_31_A_HG3,PHE_28_C_O,3210,1196,56.034,-3.353,46.159,56.021,-3.556,46.43,56.0275,-3.4545000000000003,46.2945,55.8672728678703,-3.45495580495367,44.81487965469654,7.48547582932773,4.452261378812104,0.3388495241253857,1.626159705780346,1.4947425095635063,2.2658647787687385
GLN_31_A_HG3,THR_29_C_HB,3220,2072,54.889,-2.818,46.387,54.65,-2.88,46.186,54.7695,-2.849,46.2865,54.6246902323284,-2.8494119465197136,44.94925158521763,8.178249874471877,3.248594103887706,0.3183802757709753,1.6713601332595156,1.6089351684349291,2.312572434609249
GLN_31_A_HG3,PHE_28_C_O,3230,1185,55.881,-2.261,46.185,55.694,-2.487,46.054,55.7875,-2.374,46.1195,55.64874998535429,-2.3743947080819376,44.83821048397254,8.578915710291755,4.309790018294184,0.3212569065405429,1.609909836992237,1.6320143459497016,2.2650536362601907
GLN_31_A_HE21,THR_29_C_OG1,3240,1915,52.549,-0.762,49.816,52.504,-3.059,47.061,52.5265,-1.9105,48.438500000000005,52.17731955186817,-1.9114933285072704,45.21398684563736,9.28861946769078,0.8597703962535268,3.5872355651671404,3.6793686111243713,2.039758564180199,2.562809796100792
GLN_31_A_HE21,THR_29_C_OG1,3250,1903,53.793,-2.76,50.706,52.86,-3.404,47.226,53.3265,-3.082,48.966,52.91162510778936,-3.083180212293067,45.13483031537056,8.0674405561273,1.5132553810304623,3.6600034152989567,3.82015536363369,2.1384752061339305,2.627452957356235
GLN_31_A_HE21,THR_29_C_OG1,3260,1915,52.377,-1.6,49.254,52.504,-3.059,47.061,52.4405,-2.3295000000000003,48.1575,52.122406774322656,-2.330404893360227,45.22006236281874,8.874689126251928,0.7749122991109823,2.63705498615406,3.403039218488832,1.9723091031020825,2.5619653143248553
GLN_31_A_HE21,THR_29_C_OG1,3270,1903,53.279,-2.195,50.939,52.86,-3.404,47.226,53.069500000000005,-2.7995,49.0825,52.64512510963439,-2.800707237342829,45.163602410841406,8.36823636755122,1.2659439500341445,3.9272905418367015,4.163176671518232,2.1058407313148657,2.6363087702389345
GLN_31_A_HE22,THR_29_C_OG1,3280,1919,52.491,-0.796,48.905,52.627,-2.727,46.8,52.559,-1.7614999999999998,47.8525,52.27215998288411,-1.7623159860254267,45.20367068170263,9.430645138321792,0.96552350015773,2.8597695711368103,2.228408355792046,2.001701012363984,2.514342050191744
GLN_31_A_HE22,GLU_26_C_HG2,3290,429,54.35,1.033,49.021,54.399,2.621,46.724,54.3745,1.827,47.8725,54.064358126208525,1.8261177261894712,45.00848926540779,12.881989302744849,3.0186065320552906,2.792911384201085,1.896333327486298,2.5713181531002305,2.264117686916615
GLN_31_A_HE22,THR_29_C_OG1,3300,1920,51.59,-1.236,47.904,52.209,-2.863,46.8,51.8995,-2.0495,47.352,51.67388413856165,-2.050141819059625,45.26854625299594,9.18628291584536,0.3448193515985435,2.0613359745563105,4.208608835110348,1.9292982224383255,2.5444388686024024
GLN_31_A_HE22,GLU_26_C_HG2,3310,429,52.973,0.517,50.297,54.399,2.621,46.724,53.686,1.569,48.51049999999999,53.3155589866336,1.5679461906564145,45.089655772019626,12.677958658860415,2.2489883206417924,4.384817099948413,1.2984951066179904,2.7307423363690995,2.249135664759259
GLN_31_A_HE22,GLU_26_C_HG2,3320,429,53.17,1.192,49.586,54.399,2.621,46.724,53.7845,1.9065,48.155,53.450956835672216,1.905551155540623,45.07488962533022,13.00503864625733,2.4088207665695154,3.426882840133291,1.457590927845357,2.68499422869266,2.2398163306561085
GLN_31_A_HE22,GLU_26_C_HG2,3330,429,53.391,1.113,48.778,54.399,2.621,46.724,53.895,1.867,47.751,53.60341918599767,1.8661705276275575,45.05839170723752,12.954866806597725,2.558989238387511,2.7402634909803862,1.6965240696416723,2.593496912534531,2.248556865663078
ILE_32_A_C,PHE_28_C_O,3340,1201,57.796,-4.977,49.671,56.952,-3.769,46.265,57.374,-4.373,47.968,57.01907459188502,-4.374009671439858,44.69043490892081,6.486468770534378,5.54257262436483,3.7111232800865017,2.704125139316808,2.1400775598811896,2.3957301970259066
ILE_32_A_O,PHE_28_C_O,3350,1201,58.32,-5.205,49.892,56.952,-3.769,46.265,57.636,-4.487,48.078500000000005,57.26621431772998,-4.488051945095279,44.66370743886423,6.355060949072893,5.782426801700964,4.133841917635461,3.201381261338489,2.170691723901898,2.419727631268185
ILE_32_A_O,TYR_27_C_HB2,3360,946,59.357,-4.97,50.791,59.456,-1.967,46.979,59.4065,-3.4685,48.885,58.92983638279922,-3.469855985313261,44.48324121856415,7.25184737808162,7.52389272020665,4.853777291965503,3.879998030547436,2.431356780781837,2.632459340103576
ILE_32_A_CG1,PHE_28_C_HB2,3370,1558,57.391,-5.613,43.347,57.636,-5.636,43.421,57.5135,-5.6245,43.384,57.64764372658304,-5.624118395622093,44.622752665724654,5.194619201876984,6.084399679222112,0.2569630323606918,2.2380008162642966,1.1522295278906838,2.527779375467109
ILE_32_A_CG1,PHE_28_C_HB2,3380,1559,58.091,-4.865,44.798,57.938,-4.96,44.653,58.0145,-4.9125,44.7255,57.999226949677485,-4.912543447897382,44.584460740970265,5.879281454593201,6.487702964849512,0.2312120239087934,2.428138254619199,1.223073642552067,2.404984427495784
ILE_32_A_CG1,PHE_28_C_CB,3390,1223,56.679,-5.697,43.384,56.699,-5.234,43.337,56.689,-5.4655000000000005,43.3605,56.83521029035031,-5.465084069353717,44.71068156675194,5.411285596098298,5.28057931963202,0.4658089737220608,2.2635889694414977,1.140289599279547,2.5186139063356197
ILE_32_A_CG2,PHE_28_C_HB2,3400,1569,59.083,-8.554,48.245,58.47,-5.411,44.46,58.7765,-6.9825,46.3525,58.57831847500466,-6.983063775433148,44.5223891283344,3.772627934816743,6.92159840634809,4.957866779170249,3.0786046259969755,2.011509900025741,2.540453708891489
ILE_32_A_CD1,LEU_30_C_HD11,3410,2653,54.478,-8.688,45.181,54.512,-8.875,44.842,54.495000000000005,-8.781500000000001,45.0115,54.49003608226021,-8.78151412106842,44.965660611984994,2.2707580284383284,2.6920176988697877,0.3886463688238947,2.614516681477037,1.2893557766546304,2.2987509366911207
ILE_32_A_H,PHE_28_C_O,3420,1197,56.649,-3.684,46.214,56.462,-3.699,46.43,56.5555,-3.6915,46.322,56.38621737112458,-3.69198156551132,44.75875650645877,7.211979688361381,4.956081066071739,0.2860943900183986,1.6825516365761275,1.4882779564231015,2.2701107047098055
ILE_32_A_HA,PHE_28_C_O,3430,1200,57.169,-6.57,49.549,56.574,-4.044,46.265,56.8715,-5.307,47.907,56.52895878309816,-5.307974441603145,44.74379694633315,5.589874421305562,4.984477849351923,4.185613097265441,1.707586221704507,2.2247350358869595,2.3609902241354015
ILE_32_A_HA,PHE_28_C_HB2,3440,1569,58.747,-8.25,48.401,58.47,-5.411,44.46,58.6085,-6.8305,46.4305,58.403912027286665,-6.831082000128093,44.54122867118417,3.936683872145301,6.757413611581581,4.864990339147655,2.9113999946120845,2.016151109976927,2.5336425356508494
ILE_32_A_HA,PHE_28_C_O,3450,1207,57.555,-7.012,49.511,56.667,-4.33,46.004,57.111,-5.670999999999999,47.7575,56.78169643369433,-5.671936783894136,44.71654026983119,5.208778259379512,5.212191591611761,4.503411706695273,1.970282132520972,2.2048309888708433,2.3687534302847495
ILE_32_A_HB,PHE_28_C_HB2,3460,1570,59.131,-5.297,44.911,58.865,-5.231,44.46,58.998000000000005,-5.263999999999999,44.685500000000005,58.97562048910869,-5.264063663948729,44.47883600250725,5.458903577327725,7.442349408207963,0.5277433088159428,2.056343437123448,1.230284490625789,2.461970840525121
ILE_32_A_HG12,PHE_28_C_O,3470,1210,56.765,-4.232,45.618,56.689,-4.549,45.669,56.727,-4.3905,45.6435,56.62837532383593,-4.390780561820911,44.73274864683224,6.497648807360698,5.149389918729318,0.329948480826931,2.1560035838093614,1.3535087552226701,2.307370458764219
ILE_32_A_HG12,THR_29_C_HA,3480,2041,55.636,-5.412,44.719,55.667,-5.46,44.876,55.6515,-5.436,44.7975,55.655926488186985,-5.435987407780342,44.83837648510372,5.524547667449026,4.099463492489853,0.1670748335327581,2.4798969212337134,1.1632236477669686,2.397466028057789
ILE_32_A_HG12,PHE_28_C_C,3490,1150,55.78,-5.094,44.705,55.951,-5.109,44.946,55.8655,-5.1015,44.8255,55.86443809917317,-5.101503020834554,44.81569385763709,5.843292279780851,4.33242973623512,0.2958834229895274,2.738251481413822,1.184482736844582,2.4025616880883214
ILE_32_A_HG22,LEU_30_C_HD11,3500,2658,56.753,-9.2,47.053,55.047,-9.013,44.633,55.9,-9.1065,45.843,55.78976297865694,-9.106813595954304,44.8250142355615,1.8534381846964705,3.97292960247536,2.9667836119272306,2.438189448878364,1.7390992053447725,2.259914489608339
ILE_32_A_HG22,LEU_30_C_HD11,3510,2658,57.731,-9.043,47.951,55.047,-9.013,44.633,56.389,-9.028,46.292,56.22503420021101,-9.028466440500948,44.77785486067777,1.900494919992576,4.41520664617479,4.267772252592682,1.8031473063562096,1.9144354263551002,2.2534083437845274
ILE_32_A_HD11,LEU_30_C_HD11,3520,2651,54.641,-9.195,46.105,54.307,-9.23,44.914,54.474,-9.2125,45.5095,54.4159906663328,-9.212665021624572,44.9738117606198,1.8459859708643125,2.587094093333916,1.237441715799167,2.2209043454088637,1.3734879628867007,2.270854004622457
ILE_32_A_HD11,LEU_30_C_HD11,3530,2658,56.426,-8.906,47.053,55.047,-9.013,44.633,55.7365,-8.9595,45.843,55.62815320531894,-8.959808218745934,44.84246956780866,2.011616204574366,3.8212302207432622,2.787380490711662,2.8045450486183343,1.6859222942336836,2.2685584890163795
ILE_32_A_HD12,LEU_30_C_HD11,3540,2648,53.879,-8.018,45.268,53.793,-7.911,44.695,53.836,-7.9645,44.9815,53.84185841750134,-7.964483334309975,45.03559966221732,3.13202482123577,2.099747005710667,0.5892147316556168,2.4408281034342214,1.2480825674091833,2.3761235689471323
ILE_32_A_HD12,THR_29_C_CA,3550,1792,55.649,-6.199,43.582,55.255,-5.792,43.539,55.452,-5.9955,43.560500000000005,55.59115857773071,-5.995104129661237,44.84556239921452,4.971470471721239,3.994756072317232,0.5680968227335889,2.4640719855605786,1.1351727742088085,2.513103322480719
ILE_32_A_HD12,LEU_30_C_HD11,3560,2628,54.396,-7.535,43.572,54.452,-7.354,43.69,54.424,-7.4445,43.631,54.56757564670584,-7.444091564236811,44.9568519024362,3.5992618075146496,2.8648377842773094,0.2232061827100641,1.6986469660709802,1.1949546800701145,2.415777935290079
ILE_32_A_HD12,THR_29_C_HA,3570,2036,54.57,-6.432,44.12,54.632,-6.485,44.07,54.601,-6.458500000000001,44.095,54.69282772003499,-6.4582387737699625,44.94298473904295,4.573676097426619,3.060549041440649,0.0956713123146087,2.7742425213897413,1.16236975625445,2.465940811018606
ARG_33_A_C,TYR_27_C_CD1,3580,568,63.156,-2.791,48.748,62.627,-0.796,47.37,62.8915,-1.7935,48.059,62.462797937061865,-1.7947195470351245,44.10014305757314,8.670382856847553,11.187554921772463,2.481682896745673,3.0998090414372443,2.3232839240573817,2.7866221510647726
ARG_33_A_C,TYR_27_C_CD1,3590,571,63.68,-2.993,48.29,62.956,-0.903,47.009,63.318,-1.948,47.6495,62.92819011739429,-1.9491089087916595,44.04979359923348,8.483139640152308,11.64351654548094,2.556019757357128,2.8071928698354336,2.3183162812884825,2.7879712991930883
ARG_33_A_O,TYR_27_C_CD1,3600,571,64.141,-3.848,48.257,62.956,-0.903,47.009,63.5485,-2.3755,47.633,63.157798629278645,-2.3766114448459077,44.025061136129466,8.040316031298923,11.843510128467535,3.4109755202874146,2.529876934294635,2.4063283024098188,2.7843650376975178
ARG_33_A_O,TYR_27_C_CG,3610,546,63.184,-4.277,49.621,61.628,-1.243,47.245,62.406,-2.76,48.433,61.94292628210505,-2.7613173255473336,44.15673738913306,7.743363498017792,10.597287330105887,4.155919633486675,2.854265212498937,2.4658651319970097,2.7529485752527165
ARG_33_A_O,TYR_27_C_CD1,3620,571,64.141,-4.314,48.827,62.956,-0.903,47.009,63.5485,-2.6085000000000003,47.918,63.12730156520068,-2.6096982011442607,44.02843544713405,7.809996809567666,11.796351365178753,4.042804719498581,2.4196398264723906,2.483937816586395,2.7973608697093173
ARG_33_A_CB,TYR_27_C_CG,3630,544,62.482,-2.695,50.073,61.713,-0.925,47.606,62.0975,-1.81,48.8395,61.59446127639212,-1.8114310157028968,44.19417982212159,8.715740898217037,10.315159718542876,3.1321478253747843,3.065873426774543,2.3994968364751545,2.7950125026921797
ARG_33_A_CG,TYR_27_C_CE2,3640,745,60.825,0.291,50.119,60.785,0.656,49.745,60.805,0.4735,49.932,60.1999320551972,0.4717787374218,44.34448913638138,11.092794914922749,9.07824192938034,0.524119261237366,2.5739578691820664,2.272100834041278,2.742417674950442
ARG_33_A_CG,TYR_27_C_CD2,3650,611,60.526,-0.369,48.356,60.616,-0.521,48.652,60.571,-0.445,48.504000000000005,60.12151939174375,-0.446278656648833,44.353263205578905,10.18265884179748,8.934341834578328,0.3447027705139588,2.923924312461456,2.0046686569695886,2.636147374417971
ARG_33_A_CG,TYR_27_C_CD2,3660,612,60.777,-0.116,48.629,61.03,-0.31,48.652,60.9035,-0.213,48.6405,60.43554767811641,-0.2143312039200875,44.31918583249393,10.391588354572386,9.265888379602584,0.3196466799452173,2.996377168873987,2.0510873001286933,2.681809249053866
ARG_33_A_CD,TYR_27_C_CE2,3670,740,61.243,-0.852,53.191,60.902,1.025,49.972,61.072500000000005,0.0864999999999999,51.581500000000005,60.28779140190296,0.0842677059968264,44.33509427928182,10.699987211276804,9.13885905217523,3.7418405898701783,2.9603332543394147,2.7924579263238822,2.849259660970594
ARG_33_A_CD,TYR_27_C_CE2,3680,746,61.883,-0.962,52.499,61.238,0.747,49.745,61.560500000000005,-0.1074999999999999,51.122,60.81932376873336,-0.1096084556233559,44.277594706958055,10.468632441176618,9.658374012693413,3.304727220210472,2.8978702188446,2.706588569394011,2.8498922817719214
ARG_33_A_CD,TYR_27_C_CE2,3690,746,61.892,-0.161,51.314,61.238,0.747,49.745,61.565,0.293,50.5295,60.887176168069054,0.2910717656479116,44.27012358274808,10.863453206663518,9.754919176481677,1.9271587895137268,2.8283555692342888,2.488090866922932,2.813591020705983
ARG_33_A_CZ,TYR_27_C_CD2,3700,610,59.846,-3.752,51.652,60.157,-0.593,48.652,60.00149999999999,-2.1725,50.152,59.38228487534583,-2.1742615076638545,44.43384674855028,8.511848182882424,8.069889491710473,4.3676082699802645,4.433029040663655,2.68074455686857,2.7836324317527583
ARG_33_A_CZ,TYR_27_C_CE2,3710,743,58.963,-0.254,52.329,59.947,1.003,49.745,59.455,0.3744999999999999,51.037,58.74730992659297,0.3724868038775112,44.50182323646219,11.097518038980928,7.613761937121988,3.0373279375135014,3.0164139780664425,2.644392918143244,2.760054142633071
ARG_33_A_CZ,TYR_27_C_HD2,3720,1016,57.282,-1.347,51.331,58.466,0.244,48.568,57.874,-0.5515,49.9495,57.30106499055167,-0.553129852647086,44.65872130822304,10.277549199554878,6.096969691244712,3.4010742420594173,2.0993505848212,2.5215091517729538,2.5545030138157037
ARG_33_A_CZ,TYR_27_C_CE2,3730,743,58.345,-0.346,52.777,59.947,1.003,49.745,59.146,0.3284999999999999,51.261,58.4179172980618,0.3264287920977354,44.53750714000658,11.07510569545935,7.2800077281450575,3.6850005427408057,3.058231669453174,2.709106688701784,2.7586446671978035
ARG_33_A_NH1,TYR_27_C_CE2,3740,745,60.646,-2.878,53.267,60.785,0.656,49.745,60.7155,-1.111,51.506,59.94304983558545,-1.1131974219142706,44.37279500650632,9.530174010190388,8.707897453529371,4.991288510995937,3.468764323300326,2.9010538523639573,2.879498844456125
ARG_33_A_NH2,TYR_27_C_HD2,3750,1016,56.077,-1.947,52.332,58.466,0.244,48.568,57.2715,-0.8515,50.45,56.65198764102626,-0.8532623532189956,44.729101932858185,10.024540278966269,5.4244216691726015,4.967443809445662,2.479841707917995,2.6049596631825316,2.553875252173372
ARG_33_A_H,TYR_27_C_HB2,3760,949,58.539,-3.058,47.153,59.115,-2.217,46.66,58.827,-2.6375,46.9065,58.56879293499244,-2.6382345326458667,44.52208219504911,8.107157308287466,7.220742334281743,1.1323011966786938,1.57552085814062,1.7802818562283345,2.378687733776811
ARG_33_A_H,PHE_28_C_HD1,3770,1641,60.65,-4.111,45.539,60.523,-3.799,45.455,60.5865,-3.955,45.497,60.4588073055879,-3.9553632528516656,44.31781950736137,6.658349194693458,9.023423859735946,0.3471728676034451,2.638391680685797,1.5054243445949722,2.5970704681317005
ARG_33_A_H,PHE_28_C_HB2,3780,1550,59.602,-5.461,44.747,59.203,-5.052,44.338,59.4025,-5.2565,44.5425,59.390737708535255,-5.256533460691987,44.433880907045456,5.436761976346555,7.859374251520077,0.7026827164517387,1.582619367774962,1.2771630907889069,2.51746008214084
ARG_33_A_H,PHE_28_C_HB2,3790,1554,58.852,-4.666,45.286,58.833,-4.614,44.686,58.8425,-4.640000000000001,44.986,58.7897384858524,-4.640150092928657,44.498772844747606,6.0945183643411855,7.300181959592112,0.6025487532142123,1.7478629645508836,1.3004586176093373,2.450275337396604
ARG_33_A_H,PHE_28_C_HD1,3800,1624,58.794,-3.602,45.693,58.657,-3.343,45.061,58.7255,-3.4725,45.377,58.63220572649805,-3.4727653981972098,44.51547234648098,7.270205757411723,7.225071222036318,0.6966161066182703,1.6540294775118116,1.5223409068962184,2.4173986556741274
ARG_33_A_HA,TYR_27_C_HB2,3810,946,59.43,-2.04,47.466,59.456,-1.967,46.979,59.443,-2.0035,47.2225,59.14380937442206,-2.004351120327857,44.459618764811765,8.698364022078586,7.842697628263208,0.4931267585519995,1.6925264291128006,1.797790719358871,2.431049152366181
ARG_33_A_HA,TYR_27_C_CB,3820,529,61.021,-1.67,46.482,61.016,-1.897,46.702,61.0185,-1.7835,46.592,60.76852609122457,-1.7842111114353318,44.28361142496298,8.801890454153602,9.488427525577832,0.3161550252645046,2.212349732607999,1.7462204299912323,2.568057691316474
ARG_33_A_HA,TYR_27_C_HB2,3830,928,59.481,-2.74,46.4,59.533,-2.415,46.217,59.507000000000005,-2.5775,46.3085,59.30491575580805,-2.5780748776648297,44.44234939743131,8.114581987916335,7.96357352948112,0.3765873072741565,1.3065437235818185,1.6449946184613573,2.4007848851610816
ARG_33_A_HA,TYR_27_C_CB,3840,523,59.662,-2.019,46.72,59.785,-2.081,46.803,59.7235,-2.05,46.7615,59.47040249195568,-2.0507199972713366,44.42426649110321,8.62878303461404,8.167076121090881,0.1608166658030165,1.6851979414287117,1.6944247583588865,2.4295410065882175
ARG_33_A_HB3,TYR_27_C_CD2,3850,616,61.238,-4.521,50.913,60.505,-0.784,48.291,60.8715,-2.6525,49.602,60.3010856335282,-2.6541226820665518,44.33449823131179,7.967567676236293,8.957634070910013,4.62356377700146,3.257729992515432,2.625693784459218,2.763981892494747
ARG_33_A_HB3,TYR_27_C_CD2,3860,612,62.299,-3.277,50.773,61.03,-0.31,48.652,61.6645,-1.7935,49.712500000000006,61.07303863442897,-1.7951825553621763,44.25063933802761,8.76919470892266,9.793167428300318,3.861617666211921,3.440535622175514,2.6097608213229733,2.825356031068294
ARG_33_A_HB3,TYR_27_C_CD2,3870,611,62.198,-3.869,50.883,60.616,-0.521,48.652,61.407,-2.1950000000000003,49.7675,60.81264958799336,-2.1966907739557406,44.27896038654277,8.387301372352136,9.50339015801527,4.323099466817761,3.477677830245362,2.6328477114166193,2.8003005933741103
ARG_33_A_HG2,TYR_27_C_CD1,3880,567,62.834,-1.645,49.208,62.621,-0.477,47.67,62.727500000000006,-1.061,48.439,62.260001658135295,-1.0623299124637735,44.12187811917703,9.415407790960092,11.036124515223609,1.9429454444219447,3.042045318646504,2.310095856513899,2.811244531306714
ARG_33_A_HG2,TYR_27_C_CG,3890,537,61.713,-0.683,48.405,61.376,-0.478,48.142,61.5445,-0.5805,48.2735,61.108411730640285,-0.5817405588914247,44.24643500098047,9.97704330008968,9.914872777403591,0.4740917632695186,3.182260486623949,2.04473733329452,2.7251999175344688
ARG_33_A_HG2,TYR_27_C_CE1,3900,656,62.83,-1.629,49.74,62.793,0.081,48.161,62.8115,-0.774,48.950500000000005,62.28827058654835,-0.7754884530190742,44.11872853212185,9.699505027192266,11.08486705756442,2.3278122776547083,3.1200649899141437,2.419000750821936,2.830882997664654
ARG_33_A_HG2,TYR_27_C_CE1,3910,656,62.674,-0.726,48.932,62.793,0.081,48.161,62.7335,-0.3225,48.5465,62.25440158761817,-0.3238629116789133,44.12225705849304,10.15240855564718,11.082974152187354,1.1224308441948667,3.0822166683693264,2.2836500071678656,2.812078090232263
ARG_33_A_HG3,TYR_27_C_HD2,3920,1021,58.276,-1.099,48.809,58.467,-0.152,48.249,58.3715,-0.6255,48.529,57.94484315443137,-0.6267137289180797,44.58902965430779,10.158164736425118,6.73764838429142,1.1166422882911038,1.6604634011606183,2.104494485209654,2.452443248308285
ARG_33_A_HG3,TYR_27_C_CD2,3930,593,59.303,-1.62,48.184,59.394,-1.096,47.528,59.3485,-1.358,47.856,58.982577243532376,-1.359040956065561,44.47687969694962,9.353560531782872,7.72678178991034,0.8445075488117313,2.2445161226077115,1.9314548132744125,2.4742409369304403
ARG_33_A_HG3,TYR_27_C_HD2,3940,1023,56.946,-0.37,48.17,58.023,0.209,47.857,57.4845,-0.0805,48.0135,57.12328223316287,-0.0815275715809732,44.67782800866304,10.760659071704945,5.952106522135451,1.262196102038036,2.1223480817693603,2.113441228699749,2.4197700419090222
ARG_33_A_HG3,TYR_27_C_CD2,3950,605,59.792,-0.048,48.641,59.704,-0.202,48.952,59.748000000000005,-0.125,48.7965,59.27674045412553,-0.1263406121211696,44.4446452128227,10.562132829876388,8.10950126246822,0.3580237422294786,2.6448537884284864,2.048460354600857,2.5831679760095256
ARG_33_A_HD2,TYR_27_C_CE2,3960,749,61.304,-2.786,52.814,60.785,0.356,49.445,61.0445,-1.215,51.1295,60.30853831201744,-1.2170936215897663,44.33324850108795,9.400432699101945,9.067212586802995,4.635912639383965,3.2441897020993795,2.8195176900267396,2.8687656852350307
ARG_33_A_HD2,TYR_27_C_CE2,3970,750,62.114,-2.735,51.7,61.244,0.428,49.445,61.679,-1.1535,50.572500000000005,60.99530005644888,-1.1554449503773272,44.25886052387086,9.412868606653443,9.760625286163638,3.980765504271761,3.481766110542708,2.7295800869735087,2.8739330666048377
ARG_33_A_HD2,TYR_27_C_CE2,3980,746,61.769,-1.654,52.96,61.238,0.747,49.745,61.5035,-0.4534999999999999,51.3525,60.73832446224321,-0.4556767274736807,44.2864726777549,10.129224722880323,9.552518660633496,4.047590270766055,2.924239412426085,2.808084207635938,2.8679475017690783
ARG_33_A_HD2,TYR_27_C_CE2,3990,746,62.117,-1.523,52.528,61.238,0.747,49.745,61.6775,-0.3879999999999999,51.1365,60.9334249139016,-0.3901167021192814,44.26532517966185,10.180682592067637,9.7529222722179,3.697381505876829,3.008915338245981,2.7622546370178385,2.8645726454821183
ARG_33_A_HD3,TYR_27_C_CE2,4000,739,59.976,-0.296,53.05,60.443,1.091,49.972,60.2095,0.3974999999999999,51.511,59.44232980177635,0.395317598230649,44.426552949650805,11.07064427344517,8.312702055353391,3.408216835824853,2.998366281137006,2.7344191330749013,2.8121117940029063
ARG_33_A_HD3,TYR_27_C_CE2,4010,740,61.301,-0.126,52.47,60.902,1.025,49.972,61.1015,0.4494999999999999,51.221,60.35502913230685,0.4473764824986788,44.32770129125804,11.057375390174272,9.232118056130943,2.779209599868277,2.815491663614337,2.6540070866465086,2.824682980152924
ARG_33_A_HD3,TYR_27_C_CE2,4020,739,59.35,-0.083,52.374,60.443,1.091,49.972,59.8965,0.504,51.173,59.169131727333095,0.5019308244651433,44.45610455001474,11.196503229784428,8.046175531193231,2.88834364298987,3.17319358975539,2.6574661943595768,2.7840463867740266
ARG_33_A_HD3,TYR_27_C_CE2,4030,737,60.926,0.727,51.799,60.996,1.475,50.112,60.961,1.101,50.9555,60.2445537188691,1.0989618947200994,44.33946387810174,11.71520562037398,9.167572621910896,1.8467195239126035,2.6573061151190767,2.537032200204638,2.79182355276579
ARG_33_A_HD3,TYR_27_C_CE2,4040,739,60.243,0.648,50.991,60.443,1.091,49.972,60.343,0.8694999999999999,50.4815,59.68445859276593,0.8676266191835083,44.40018748184582,11.52446385567746,8.58918910274369,1.128986270952838,2.45643844755614,2.399811453798977,2.7427562710874698
ARG_33_A_HE,TYR_27_C_HD2,4050,1021,57.438,-1.015,49.035,58.467,-0.152,48.249,57.9525,-0.5834999999999999,48.642,57.518603393464815,-0.5847343241747487,44.635173950914286,10.230485332796905,6.312981889614516,1.5560867585067304,1.791324652826123,2.152013482417903,2.4491445184832656
ARG_33_A_HE,TYR_27_C_CD2,4060,604,58.541,-0.787,50.488,59.319,0.054,48.952,58.93,-0.3665,49.72,58.369383497772176,-0.3680948096644275,44.5429767856191,10.385804181938887,7.18196741165858,1.9162100615537987,2.4217286811432226,2.337267647176374,2.58920162007755
ARG_33_A_HH11,TYR_27_C_CE2,4070,740,60.965,-0.55,53.127,60.902,1.025,49.972,60.9335,0.2374999999999999,51.5495,60.153822619761634,0.2352820185167625,44.34955515146001,10.860189575726766,9.015176893303812,3.526842638961938,2.8465838491761204,2.7622369433956124,2.839463251421121
ARG_33_A_HH11,TYR_27_C_CE2,4080,739,59.582,-0.568,54.058,60.443,1.091,49.972,60.0125,0.2615,52.015,59.19367241069825,0.2591706462479628,44.4535218388237,10.952603560547209,8.05354920131989,4.493216887709738,3.167732925528328,2.812818201131069,2.8217735499731096
ARG_33_A_HH21,TYR_27_C_HD2,4090,1016,55.667,-2.078,51.488,58.466,0.244,48.568,57.066500000000005,-0.917,50.028,56.49453431880101,-0.9186270951576916,44.74617258744724,9.970587978984698,5.261803543666016,4.663955938899939,2.665427633489849,2.598626621210325,2.550883136743113
ARG_33_A_HH21,PHE_28_C_O,4100,1197,57.128,-3.984,50.433,56.462,-3.699,46.43,56.795,-3.8415,48.4315,56.39715771050656,-3.842631758921974,44.75761819276592,7.060928726282388,4.95635385451386,4.068020403095343,2.3252017156110454,2.198597214298485,2.4130780253686375
ARG_33_A_HH21,TYR_27_C_CD2,4110,609,58.038,-3.912,50.865,59.698,-0.521,48.652,58.868,-2.2165,49.7585,58.30404230134991,-2.218104314508333,44.55062244691676,8.545137512878936,6.984966626098959,4.376282669115423,4.474930820879506,2.548904384171183,2.679552200193084
ARG_33_A_HH21,THR_29_C_OG1,4120,1913,55.26,-2.194,51.334,53.35,-3.334,47.061,54.305,-2.764,49.197500000000005,53.85399474050568,-2.7652829938892105,45.0326837861863,8.31721875977151,2.481327655472544,4.817284400987761,2.4955959673268677,2.2158105167376627,2.550114534870961
GLY_34_A_CA,PHE_28_C_HE1,4130,1705,65.883,-4.014,45.373,63.434,-2.847,44.314,64.6585,-3.4305000000000003,44.8435,64.5535396754232,-3.430798585110055,43.87424198714496,6.889092064498057,13.168966045710611,2.912210672324375,2.309223627045073,2.2755865401376254,2.993845890650789
GLY_34_A_CA,TYR_27_C_CD1,4140,574,64.275,-2.79,47.315,62.957,-1.059,46.608,63.616,-1.9245,46.9615,63.2963748533602,-1.9254092512810987,44.00991581102495,8.480479124595739,12.01460256409897,2.2876481372798603,2.379505069823709,2.2553905642369876,2.7951404124498445
GLY_34_A_CA,TYR_27_C_CD1,4150,575,65.092,-3.397,47.223,63.349,-0.81,46.608,64.2205,-2.1035,46.9155,63.8987977720054,-2.1044151600429783,43.94473496574265,8.25889315259299,12.60629901320441,3.1794406740809,2.5297543844838817,2.379368658733223,2.826242650173197
GLY_34_A_CA,TYR_27_C_CD1,4160,578,63.881,-2.142,46.562,63.247,-0.947,46.185,63.564,-1.5445,46.3735,63.307901147269625,-1.5452285353245223,44.00855051939644,8.858875694071868,12.053178884121364,1.4043183399785095,2.874239965125173,2.176353746543116,2.8211985354097977
GLY_34_A_C,PHE_28_C_CE1,4170,1337,65.627,-6.313,44.675,62.963,-3.948,43.783,64.295,-5.1305,44.229,64.26008145024102,-5.130599334287168,43.90654402163256,5.214549463753126,12.753766314794769,3.672299688206283,3.649184297794005,2.402159886121136,3.1642643081670756
GLY_34_A_C,PHE_28_C_HE1,4180,1696,62.942,-2.91,44.032,63.157,-3.333,44.159,63.0495,-3.1215,44.0955,63.04324044650259,-3.121517806818693,44.037696040182624,7.305475358308313,11.675647412334312,0.4912056595765149,2.514248858177344,1.7163301824229888,2.9616476215497176
GLY_34_A_C,PHE_28_C_CE1,4190,1336,62.219,-3.917,43.595,62.583,-4.217,43.783,62.401,-4.067,43.689,62.44579756957522,-4.066872562443993,44.10268396527246,6.40518642682848,11.009061427305372,0.5077794796956635,3.437174701105075,1.5903194663236824,3.005154873666546
GLY_34_A_O,PHE_28_C_CD1,4200,1270,61.108,-5.34,43.967,60.927,-5.09,43.717,61.0175,-5.215,43.842,61.06199487359802,-5.214873423536143,44.25288871380442,5.358935002419213,9.539117448146571,0.3971913896347692,3.799630753388053,1.4750535282278485,2.8524717646730426
GLY_34_A_O,PHE_28_C_CD1,4210,1275,61.54,-4.995,43.267,61.659,-4.834,43.294,61.5995,-4.9145,43.2805,61.69733890138271,-4.914221673506109,44.18399510175845,5.613442862841605,10.197923631482569,0.2020173259896283,3.8906756346918434,1.5449599414496757,2.987983913412398
GLY_34_A_H,PHE_28_C_HE1,4220,1703,63.231,-2.511,44.607,63.238,-2.613,44.633,63.2345,-2.5620000000000003,44.620000000000005,63.16993828824228,-2.5621836614538704,44.02380370680911,7.854345631200612,11.842504985534289,0.1054940756630443,2.2678079482453,1.8104159569309666,2.898778661910702
GLY_34_A_H,PHE_28_C_HE1,4230,1691,62.674,-2.382,44.757,62.941,-2.192,44.844,62.807500000000005,-2.287,44.8005,62.72855876158811,-2.2872245675063825,44.07151570823135,8.160138596073613,11.419201917263129,0.3390545678795703,2.159317611010296,1.8039191817308577,2.835272307260135
GLY_34_A_H,PHE_28_C_HD1,4240,1628,61.021,-3.319,45.127,61.005,-3.267,45.335,61.013000000000005,-3.293,45.231,60.908813156380255,-3.2932963847558008,44.26888471101175,7.286597931409418,9.521957652658962,0.2149976744060253,2.384735574286334,1.5559668157000406,2.6539207132807263
GLY_34_A_H,PHE_28_C_HD1,4250,1628,61.016,-2.955,45.074,61.005,-3.267,45.335,61.0105,-3.111,45.2045,60.90917253832228,-3.111288250550087,44.26878972519492,7.468120421172488,9.5352499363208,0.4069225970623912,2.244454684404777,1.567317913736247,2.65182838770428
GLY_34_A_H,TYR_27_C_HB3,4260,952,61.645,-2.955,44.546,61.621,-2.992,44.967,61.633,-2.9735,44.7565,61.57240413714849,-2.973672379634413,44.19692641015543,7.558012355478207,10.21045217106584,0.4233036735016595,2.1207935393952537,1.6178474892376673,2.741457551504358
GLY_34_A_HA2,PHE_28_C_HE1,4270,1704,65.633,-2.932,46.172,63.537,-2.396,44.314,64.585,-2.664,45.243,64.43810615343709,-2.6644178751877847,43.88650612105816,7.661781649504503,13.107602337036122,2.8517847043561995,2.331471407455685,2.254094162237144,2.9347453246493673
GLY_34_A_HA2,TYR_27_C_CD1,4280,579,65.206,-2.116,46.173,63.59,-0.643,46.185,64.398,-1.3795000000000002,46.179,64.1530472444557,-1.3801968275466727,43.91697935515642,8.963119610334225,12.912845025250297,2.186625025010004,2.7171317982279435,2.2922530389858875,2.8668176465353663
GLY_34_A_HA2,PHE_28_C_HE1,4290,1704,65.01,-1.837,45.365,63.537,-2.396,44.314,64.2735,-2.1165,44.8395,64.17338689216587,-2.1167847960259376,43.91500369769432,8.226940247481084,12.880917208085071,1.8938878002669597,2.493387067768888,2.099140329841764,2.938791007205671
GLY_34_A_HA3,PHE_28_C_HE1,4300,1702,64.843,-3.96,47.502,63.003,-2.979,44.633,63.923,-3.4695,46.0675,63.69555603560057,-3.4701470195420545,43.9671646031868,6.911130808500167,12.305349735170791,3.546705795523504,2.291372718181208,2.2755591262103745,2.9213693986282845
GLY_34_A_HA3,PHE_28_C_CE1,4310,1337,65.107,-5.796,45.6,62.963,-3.948,43.783,64.035,-4.872,44.691500000000005,63.95358318263015,-4.872231609891382,43.939654929636,5.494158111682833,12.464611675735236,3.36352924768018,3.67572344376186,2.3237791231801115,3.0852446725511253
GLY_34_A_HA3,PHE_28_C_HE1,4320,1705,65.743,-4.274,46.432,63.434,-2.847,44.314,64.5885,-3.5605,45.373000000000005,64.42768070007453,-3.5609574895186427,43.88791127049221,6.7682524940043285,13.03344309716396,3.442925209759863,2.209899534045487,2.3367450062392474,2.9542429891466595
GLY_34_A_HA3,PHE_28_C_HE1,4330,1705,65.712,-4.483,46.659,63.434,-2.847,44.314,64.57300000000001,-3.665,45.4865,64.40021541942818,-3.66549152766261,43.89091767027417,6.665944543343127,12.998459837698595,3.655790612165858,2.2899869199212586,2.355689728886813,2.9559117291348853
ARG_35_A_CA,PHE_28_C_CE1,4340,1346,63.266,-3.392,42.831,63.477,-3.58,42.959,63.3715,-3.486,42.895,63.49001482672791,-3.4856628558198124,43.98942730775945,6.910336463364801,12.0980264929838,0.3102402294996564,3.511080300515104,1.764979836054354,3.170093366712483
ARG_35_A_CB,PHE_28_C_HZ,4350,1776,64.485,-2.715,41.201,64.157,-2.469,41.17,64.321,-2.592,41.185500000000005,64.61145497646109,-2.59117373034561,43.867711725655646,7.722457987444203,13.286728355554477,0.4111702810272185,3.856121971233348,2.012189483520427,3.4121928188829544
ARG_35_A_CB,PHE_28_C_HZ,4360,1776,67.202,-3.671,40.727,64.157,-2.469,41.17,65.67949999999999,-3.07,40.9485,65.97959192496059,-3.069146315707366,43.71970430061464,7.1479641836803305,14.625429057545448,3.303494816100067,4.196347582383897,2.492652503011592,3.4968016880243082
ARG_35_A_CG,PHE_28_C_HZ,4370,1776,64.64,-2.519,40.82,64.157,-2.469,41.17,64.3985,-2.494,40.995000000000005,64.70844348355003,-2.493118290558649,43.8571786963248,7.813337509223406,13.391004417079758,0.5985724684614261,3.849842490104853,2.0409728606479915,3.414577627126612
ARG_35_A_CG,PHE_28_C_HE2,4380,1722,63.39,-3.814,38.615,62.441,-3.39,39.24,62.9155,-3.6020000000000003,38.9275,63.46396217822676,-3.60043976625923,43.99228388988978,6.797710618758344,12.06373277851464,1.2128487127420289,3.4833907436604927,2.118909641466992,3.379793048949129
ARG_35_A_CG,PHE_28_C_HE2,4390,1726,64.055,-2.875,38.557,62.541,-2.681,38.999,63.298,-2.778,38.778000000000006,63.85800319254915,-2.776406935043762,43.94935959507699,7.591513692881315,12.517624398273473,1.589086530054305,2.9796807531574507,2.22476643970575,3.3469931457292557
ARG_35_A_CD,PHE_28_C_HZ,4400,1777,66.849,-3.986,39.053,64.001,-2.468,40.778,65.42500000000001,-3.2270000000000003,39.9155,65.83861325307005,-3.2258233767455824,43.735019055200816,7.001753508091557,14.47285229838632,3.659378772414793,4.050207966769377,2.5548704508940934,3.455608913244193
ARG_35_A_CD,PHE_28_C_HE2,4410,1725,63.94,-4.68,37.541,62.438,-3.132,38.999,63.189,-3.906,38.27,63.804677140884,-3.904248556989408,43.9554816764292,6.470331566757281,12.38398865485408,2.6034730649653364,3.464151741410743,2.389881955099842,3.3280301090283224
ARG_35_A_CZ,PHE_28_C_HE2,4420,1741,64.683,-4.47,36.361,62.151,-3.098,38.68,63.417,-3.784,37.5205,64.11025257879068,-3.7820278748339535,43.92235345876647,6.570415417993091,12.69925829329984,3.6974543945801455,2.7296003115141363,2.6105166431407896,3.2216524130261117
ARG_35_A_CZ,PHE_28_C_HZ,4430,1777,67.074,-4.099,38.254,64.001,-2.468,40.778,65.5375,-3.2835,39.516,65.99257132870402,-3.282205439190361,43.71836440336266,6.934516357028595,14.623313485950511,4.298146809963565,3.6503735229805914,2.6054332806867047,3.407797331749661
ARG_35_A_CZ,PHE_28_C_HE2,4440,1741,64.932,-4.466,35.745,62.151,-3.098,38.68,63.5415,-3.782,37.2125,64.26627600837334,-3.779938198789895,43.90545713855087,6.561354702032213,12.85594609240306,4.268443510227119,2.0646404938235703,2.668276907619557,3.177619781826746
ARG_35_A_H,PHE_28_C_CE1,4450,1341,65.654,-5.257,44.452,63.294,-3.786,43.382,64.47399999999999,-4.5215,43.917,64.4703813111332,-4.521510294238494,43.88358315230716,5.807077006488212,13.008037435489165,2.979654510173956,3.670999888592595,2.3444586975971036,3.1765698414458
ARG_35_A_H,PHE_28_C_CZ,4460,1441,66.598,-4.596,43.087,63.841,-3.158,42.056,65.2195,-3.877,42.5715,65.35123373464542,-3.8766252514289015,43.78799755165303,6.387410982457098,13.937621640300888,3.27595085433222,3.967580869734024,2.4183094354865853,3.3620986455054753
ARG_35_A_H,PHE_28_C_HE1,4470,1694,64.801,-2.856,43.331,63.628,-2.84,43.524,64.2145,-2.848,43.4275,64.26622714942941,-2.847852849572756,43.90517529558198,7.491087964964657,12.922121917633154,1.1888793042188948,2.9744352942679617,1.972893987164254,3.124350087629856
ARG_35_A_H,PHE_28_C_HE1,4480,1706,66.183,-3.711,44.605,63.59,-2.848,43.922,64.88650000000001,-3.2795,44.26349999999999,64.84097186043059,-3.2796295158396163,43.84306957292228,7.019347158277543,13.468089228421656,2.816896696721414,2.5408825384766867,2.255086247708002,3.062593338528175
ARG_35_A_H,PHE_28_C_HE1,4490,1694,66.347,-3.012,43.788,63.628,-2.84,43.524,64.9875,-2.926,43.656,65.00581282334886,-2.925947904730697,43.82511009793897,7.360359973756262,13.658604391895269,2.7371958278500945,2.701971523767618,2.1987950164476944,3.1238546893096952
ARG_35_A_HA,PHE_28_C_CE2,4500,1373,62.449,-5.257,40.847,61.907,-4.621,40.635,62.178,-4.939,40.741,62.54094785778414,-4.937967506755551,44.09264854743205,5.529496120250844,11.042634868126862,0.8620928024290669,4.586932914140291,1.8385177231720866,3.327882081333021
ARG_35_A_HA,PHE_28_C_CZ,4510,1414,62.862,-3.65,42.353,63.11,-4.003,42.342,62.986,-3.8265,42.3475,63.16759547878505,-3.825983407599613,44.02444672839787,6.5939071259799205,11.750361211203147,0.4315483750403875,3.83533137330206,1.7089147433171308,3.2293936311356943
ARG_35_A_HA,PHE_28_C_CZ,4520,1439,62.992,-3.509,42.036,63.3,-3.903,42.056,63.146,-3.706,42.046,63.358007810256645,-3.7053968923437184,44.00378995260952,6.7005873046788444,11.949970843978583,0.5004997502496877,3.9276369913556617,1.7357910078968841,3.280720448247061
ARG_35_A_HB2,PHE_28_C_HZ,4530,1767,66.636,-3.13,42.416,64.157,-2.469,41.586,65.3965,-2.7995,42.001,65.58720966966217,-2.7989574800722634,43.76211188865202,7.445498958367436,14.250946344259544,2.6965277673333894,3.622013602274001,2.3428278668286984,3.3955672071214953
ARG_35_A_HB2,PHE_28_C_HZ,4540,1767,67.04,-3.321,41.603,64.157,-2.469,41.586,65.5985,-2.895,41.5945,65.83038090615871,-2.894340358500563,43.735808415619005,7.332986854187459,14.488144663948198,3.006307036880973,3.868727114610033,2.41651631307718,3.448512769771295
ARG_35_A_HB2,PHE_28_C_CZ,4550,1417,64.633,-2.959,42.904,63.723,-2.848,42.684,64.178,-2.9035,42.794,64.29795820359293,-2.9031587497841085,43.90175619748641,7.433655212555205,12.95002839679083,0.9427730373743176,3.464638144745694,1.9739649401966401,3.2212870394586135
ARG_35_A_HB2,PHE_28_C_HZ,4560,1776,66.905,-2.939,41.333,64.157,-2.469,41.17,65.531,-2.704,41.2515,65.80036970845106,-2.703233712506436,43.73899943742372,7.525754301948761,14.471612397475498,2.792664140207344,3.93840729283607,2.38523916249273,3.4565678303172973
ARG_35_A_HB3,PHE_28_C_CZ,4570,1450,66.882,-6.75,41.053,63.541,-3.736,41.633,65.2115,-5.243,41.343,65.47486301357216,-5.242250800007443,43.7750305050855,5.016405535279334,13.96463174292884,4.536835571188365,5.183426507591172,2.6204896913184577,3.537635111299586
ARG_35_A_HB3,PHE_28_C_CZ,4580,1455,67.339,-5.102,40.357,63.841,-3.158,41.21,65.59,-4.13,40.7835,65.90882488302321,-4.1290930252629305,43.7276941401551,6.095751235058156,14.47911860128908,4.091790439404245,4.36635763619585,2.604937556449045,3.5248591266104623
ARG_35_A_HB3,PHE_28_C_CZ,4590,1455,67.479,-4.507,40.916,63.841,-3.158,41.21,65.66,-3.8325,41.063,65.94808766864926,-3.8316804647270657,43.72335077891446,6.389607540575479,14.539642431258708,3.891179898179984,4.220813960075192,2.5562820020635186,3.5086073560358804
ARG_35_A_HG2,PHE_28_C_CE2,4600,1377,63.025,-5.376,40.169,62.414,-4.271,40.212,62.7195,-4.8235,40.1905,63.13509003119062,-4.822317753320587,44.028273648455375,5.602412666000228,11.646958533610835,1.2634061104807108,4.685323662960779,1.981242472927689,3.4060914879441135
ARG_35_A_HG2,PHE_28_C_CZ,4610,1423,62.827,-3.688,40.384,62.935,-3.781,40.43,62.881,-3.7345,40.407,63.27150932785849,-3.7333891014666127,44.01316544058509,6.678844622501755,11.861197499019127,0.1497631463344731,4.148205462142485,1.837058896784587,3.3915173840483925
ARG_35_A_HG2,PHE_28_C_CE2,4620,1388,62.749,-3.528,39.956,62.696,-3.733,39.811,62.7225,-3.6305,39.8835,63.17087542209088,-3.629224487321368,44.02403093281765,6.789934501078142,11.767631759405685,0.2566300839730241,3.674815915595352,1.883799323945511,3.3942640723265884
ARG_35_A_HG2,PHE_28_C_CE2,4630,1393,63.101,-4.197,38.829,62.435,-3.717,39.45,62.768,-3.957,39.1395,63.2954922562859,-3.955499420290177,44.01063676701671,6.455582467818141,11.869478746503956,1.029367281391826,3.799876427766205,2.060848165259357,3.3930082480557036
ARG_35_A_HG3,PHE_28_C_HZ,4640,1782,65.393,-2.224,38.571,63.836,-2.017,40.459,64.61449999999999,-2.1205,39.515,65.08033819908502,-2.119174810215169,43.81679126234231,8.159770664103204,13.790697574336624,2.455940145850469,3.0695304078750785,2.338211326910695,3.3431286715666118
ARG_35_A_HG3,PHE_28_C_HZ,4650,1778,66.136,-2.266,39.634,64.104,-2.017,40.778,65.12,-2.1415,40.206,65.50601917932595,-2.1404018747835702,43.77070108287063,8.108189877350153,14.21627789847149,2.345156924386934,3.2360253392713427,2.3376980062118795,3.400951594304237
ARG_35_A_HG3,PHE_28_C_HZ,4660,1782,65.069,-2.089,38.826,63.836,-2.017,40.459,64.4525,-2.053,39.6425,64.90656680071281,-2.051708296813962,43.83558807148636,8.239479564402036,13.621145102901098,2.047476983997627,3.137734878696324,2.2780269616971003,3.35322469242185
ARG_35_A_HD2,PHE_28_C_CZ,4670,1453,66.273,-6.844,39.802,63.3,-3.903,41.21,64.78649999999999,-5.3735,40.506,65.14438097320829,-5.372481920738117,43.81085831031007,4.9101106252001765,13.623804004139418,4.412558668165218,4.673684714655563,2.565288399960487,3.4894653477705897
ARG_35_A_HD2,PHE_28_C_CZ,4680,1450,66.568,-6.679,40.995,63.541,-3.736,41.633,65.05449999999999,-5.2075000000000005,41.314,65.3227855691106,-5.20673679660384,43.791487933105,5.0626930274981525,13.814574725256143,4.269780088013903,5.236887568941487,2.59598691534302,3.5375927601633665
ARG_35_A_HD2,PHE_28_C_CZ,4690,1453,66.789,-6.978,40.671,63.3,-3.903,41.21,65.0445,-5.4405,40.9405,65.35288643159103,-5.439622719970737,43.788300071889566,4.828245482455277,13.828228527181512,4.681801683113033,5.017368325770447,2.621493793921592,3.5323357710385004
ARG_35_A_HD2,PHE_28_C_CZ,4700,1461,67.227,-5.023,39.148,63.582,-3.365,40.809,65.4045,-4.194,39.9785,65.81163959152907,-4.192841792646558,43.73823791078841,6.0391057422416194,14.377082600443924,4.335194343971214,4.008492753987483,2.591775507003398,3.4686581773905485
ARG_35_A_HD3,PHE_28_C_CE2,4710,1376,63.493,-6.472,39.781,62.022,-4.52,40.212,62.7575,-5.496,39.9965,63.1934363944933,-5.494759873153482,44.02216250782284,4.927502134945592,11.657720677792444,2.481915792286277,4.347452165935241,2.1837012274117633,3.3708170236445483
ARG_35_A_HD3,PHE_28_C_CE2,4720,1377,63.444,-5.807,39.452,62.414,-4.271,40.212,62.929,-5.039,39.832,63.38054065285694,-5.037715483054464,44.00176031348987,5.370026191668964,11.87791669676981,1.9994489240788351,4.155286758091229,2.1381841190598085,3.398563202733245
ARG_35_A_HD3,PHE_28_C_CE2,4730,1393,64.901,-6.429,37.074,62.435,-3.717,39.45,63.668,-5.073,38.262,64.27901996513161,-5.071261805455819,43.90447490283664,5.272384212628122,12.776983393621146,4.368234883794597,3.487641406359534,2.548197667532772,3.308458964618462
ARG_35_A_HD3,PHE_28_C_CE2,4740,1386,63.677,-6.699,38.648,62.021,-4.364,39.811,62.849,-5.531499999999999,39.2295,63.36597224971813,-5.530029347001356,44.00348957637862,4.879997163163139,11.82832112664396,3.0898430380846187,3.80947464185573,2.332906191450778,3.335914680731538
ARG_35_A_HD3,PHE_28_C_CE2,4750,1386,63.709,-6.673,38.286,62.021,-4.364,39.811,62.865,-5.5185,39.0485,63.40115956043172,-5.516974764040563,43.99967514368006,4.89050524423555,11.864552316253496,3.241365453015134,3.6601576327935295,2.3552857167577925,3.3218623278015187
ARG_35_A_HE,PHE_28_C_HE2,4760,1725,64.267,-4.154,37.323,62.438,-3.132,38.999,63.3525,-3.643,38.161,63.97794012318481,-3.641220783817436,43.93663811280239,6.720318041544267,12.576512712595726,2.683039507722534,3.3788566608839954,2.4306784544626607,3.298150314600351
ARG_35_A_HE,PHE_28_C_HE2,4770,1731,65.074,-3.22,36.251,62.273,-2.681,38.68,63.6735,-2.9505,37.4655,64.36963897178921,-2.948519663788736,43.89400790703878,7.383288613693812,13.018723278496394,3.7464867542805993,2.230461427803095,2.6468453729386097,3.1578261151246587
ARG_35_A_HE,PHE_28_C_HZ,4780,1782,65.197,-2.379,38.188,63.836,-2.017,40.459,64.51650000000001,-2.198,39.3235,65.00397368862373,-2.196613262815701,43.82508458121762,8.08798280671352,13.70857854445608,2.672228657880911,3.1590825518258687,2.3579355841876453,3.3293245344326494
ARG_35_A_HE,PHE_28_C_HE2,4790,1726,65.958,-2.428,37.163,62.541,-2.681,38.999,64.2495,-2.5545,38.081,64.87307014269246,-2.552726103430665,43.83936974417451,7.742120678528524,13.55194027404845,3.887260474936048,2.318981123178312,2.580420204472315,3.203003870914782
ARG_35_A_HE,PHE_28_C_HE2,4800,1731,65.001,-2.937,36.452,62.273,-2.681,38.68,63.637,-2.809,37.566,64.32280042845328,-2.807049074283722,43.89903644189231,7.527747461598161,12.981781374624916,3.531501663598648,2.13311808348972,2.6145091212484313,3.1683832941447103
ARG_35_A_HH21,PHE_28_C_HE2,4810,1726,66.493,-2.577,36.052,62.541,-2.681,38.999,64.517,-2.629,37.5255,65.19692959387818,-2.627065775297127,43.8043221139831,7.644834856291703,13.871588731121642,4.930915635051973,2.087716148104401,2.6879043395970648,3.1439262565290904
ARG_35_A_HH21,PHE_28_C_HE2,4820,1731,65.507,-3.547,35.101,62.273,-2.681,38.68,63.89,-3.114,36.8905,64.6451796482797,-3.1118517082592647,43.86422010034627,7.200686842112469,13.283570267519604,4.900811463421136,1.813948790022456,2.727345901791389,3.1203923073481685
GLU_36_A_CB,PHE_28_C_CE1,4830,1341,66.267,-6.889,44.675,63.294,-3.786,43.382,64.78049999999999,-5.3375,44.0285,64.7614213648827,-5.33755427380669,43.85231799945515,4.972305684602357,13.242059740870111,4.487670553861991,3.547420954423218,2.538822763633826,3.212094089897065
GLU_36_A_H,PHE_28_C_CZ,4840,1451,67.346,-6.079,42.068,63.801,-3.359,41.633,65.5735,-4.718999999999999,41.8505,65.7783300596326,-4.718417311196923,43.742006884843775,5.517237840107676,14.306320686235823,4.48939305474582,4.72829878950442,2.610575137138511,3.4932774886504254
GLU_36_A_H,PHE_28_C_CE1,4850,1346,66.925,-5.546,43.168,63.477,-3.58,42.959,65.201,-4.563000000000001,43.063500000000005,65.28030995522661,-4.562774383589178,43.79588921385308,5.7080621419807125,13.81771231903261,3.974612056540865,3.717173736209812,2.4896091723502605,3.313331084479485
GLU_36_A_HB2,PHE_28_C_CE1,4860,1341,66.076,-6.473,44.359,63.294,-3.786,43.382,64.685,-5.1295,43.8705,64.68393281846414,-5.129503035856812,43.86064509283406,5.185366317526489,13.1790970565194,3.9892382731544114,3.66233771387268,2.500339393901786,3.2264967764814934
ARG_37_A_H,PHE_28_C_CE1,4870,1336,65.045,-7.456,46.087,62.583,-4.217,43.783,63.814,-5.8365,44.935,63.70911369396539,-5.836798374546352,43.96642551270968,4.549492026352516,12.150801182427951,4.675572799133817,3.633725324482025,2.378787047477353,3.095171829205499
ARG_37_A_H,PHE_28_C_CE1,4880,1340,65.956,-7.186,45.004,62.976,-4.124,43.382,64.46600000000001,-5.654999999999999,44.193,64.43296997185634,-5.655093961929216,43.88798360859533,4.679030521621403,12.889961053613629,4.570243757175324,3.784084817839835,2.48968733746511,3.1855652190701407
ARG_37_A_HG3,PHE_28_C_CE1,4890,1334,65.046,-7.018,47.076,62.668,-3.899,44.144,63.857,-5.4585,45.61,63.67935474761602,-5.459005355022935,43.9695317086427,4.928456032885349,12.147786104617587,4.896904021930595,2.9046852340003304,2.3752037006549633,3.040979182304125
ARG_37_A_HD2,TYR_27_C_CG,4900,543,62.434,-5.019,50.293,61.299,-1.136,47.606,61.8665,-3.0775,48.9495,61.35440675056574,-3.0789567734985344,44.22056563985595,7.468566090152021,9.98425349081267,4.856529934016672,3.285650086668903,2.5554479245723227,2.768425197369505
PHE_38_A_CB,PHE_28_C_CD2,4910,1303,59.709,-5.226,41.175,59.773,-5.278,40.967,59.741,-5.252,41.071,60.09688334145713,-5.250987603486323,44.35741114382727,5.3918522179882,8.568248817094002,0.2237498603351503,2.747050596642941,1.5037700848194742,2.9859325502411553
PHE_38_A_CG,PHE_28_C_HB3,4920,1590,58.349,-5.162,41.494,58.459,-5.398,41.344,58.404,-5.279999999999999,41.419,58.73813308167058,-5.279049477377608,44.50455797702559,5.460919905699122,7.203011994315312,0.3004929283693726,2.4616304367831057,1.3863571486207455,2.8176375186032856
PHE_38_A_CD1,PHE_28_C_CB,4930,1228,57.517,-5.725,42.915,57.598,-5.748,42.694,57.557500000000005,-5.7365,42.8045,57.753163748478514,-5.735943386993049,44.61136041895063,5.075539278997988,6.182323419804403,0.2364973572790991,2.480219784039193,1.143424129824709,2.5847724742598173
PHE_38_A_CD2,PHE_28_C_CD2,4940,1308,59.461,-8.165,39.663,59.886,-5.241,40.544,59.6735,-6.702999999999999,40.1035,60.13376914167959,-6.701690652750193,44.35386370115628,3.942180564297672,8.502183847274802,3.083271314691589,5.169933599031141,2.0300513844030483,3.123336728368408
PHE_38_A_CD2,PHE_28_C_CD2,4950,1299,59.033,-5.117,41.251,58.893,-5.198,41.146,58.963,-5.157500000000001,41.1985,59.314250902037806,-5.156500781584234,44.44213279834916,5.542005479546624,7.789741879724216,0.1928367184952066,2.6519173185742777,1.440737214130736,2.8898085163497758
PHE_38_A_CD2,PHE_28_C_HB3,4960,1613,57.147,-5.033,40.896,57.306,-5.115,40.965,57.2265,-5.074,40.9305,57.62656050267649,-5.072861930832416,44.62486593693313,5.745988548214852,6.102413622068079,0.1917446218280971,2.700363553834632,1.3595385926174648,2.799860822240685
PHE_38_A_CD2,PHE_28_C_HB3,4970,1595,57.998,-4.736,40.776,58.037,-4.981,40.752,58.0175,-4.858499999999999,40.764,58.4262063757518,-4.857337335548683,44.538206407988845,5.9038479310281975,6.920016620297186,0.2492428534582289,2.708866715127056,1.44221269350202,2.8802901292882517
PHE_38_A_CD2,PHE_28_C_HD2,4980,1666,58.463,-4.768,39.128,58.657,-4.464,39.583,58.56,-4.616,39.3555,59.11316811356966,-4.614426379084334,44.46374093480149,6.097073749796294,7.626508695025966,0.5805833273527551,2.8746440044836894,1.7653984315731535,3.0648747386373487
PHE_38_A_CE1,LEU_30_C_HD13,4990,2718,56.069,-9.731,41.571,55.75,-9.776,41.757,55.9095,-9.7535,41.664,56.24647011734641,-9.75254140674127,44.775756634210026,1.1767186273447996,4.385267774540861,0.3719973118182464,2.603609712403679,1.3059800086926736,2.3640161500942596
PHE_38_A_CE1,PHE_28_C_CB,5000,1213,56.462,-5.865,42.691,56.534,-5.191,42.862,56.498000000000005,-5.5280000000000005,42.7765,56.70893414011447,-5.527399946658946,44.72437512629141,5.358147398818138,5.149458077091456,0.6990715270986222,2.552604712002207,1.1711573503618555,2.579370026311253
PHE_38_A_CE1,THR_29_C_H,5010,1997,55.229,-5.668,41.694,54.956,-5.398,42.061,55.0925,-5.533,41.8775,55.41594872838022,-5.532079871612916,44.86439312360964,5.445840210613525,3.851864848461006,0.5311478137016062,2.94660151488576,1.2849558899963276,2.681714475105511
PHE_38_A_CE1,THR_29_C_C,5020,1798,54.668,-6.895,42.987,54.437,-6.855,42.772,54.5525,-6.875,42.8795,54.7750036689336,-6.874367034327075,44.93421414911376,4.152729464549522,3.113430714341714,0.3180974693391982,2.278943523367942,1.2027832859032688,2.4925747161982046
PHE_38_A_CE1,THR_29_C_C,5030,1801,55.42,-5.83,42.233,55.215,-5.476,42.528,55.3175,-5.6530000000000005,42.3805,55.58450658360671,-5.652240434988429,44.84617711837127,5.313942844654288,4.0124426154436605,0.5043471026981322,3.0025917574057344,1.2405220249433409,2.6278980873609195
PHE_38_A_CE1,LEU_30_C_HG,5040,2617,54.37,-8.335,40.986,54.409,-8.507,40.85,54.3895,-8.421,40.918,54.82389150359582,-8.419764267970482,44.92939618492984,2.607745605857137,3.052679423906706,0.2227128195681571,2.2421315150165597,1.3615414897466231,2.472957462829123
PHE_38_A_CE2,PHE_28_C_HD2,5050,1667,57.913,-7.441,37.902,59.074,-4.664,39.583,58.4935,-6.0525,38.7425,59.11309822154957,-6.050737402524074,44.464190966648886,4.66439757998852,7.524388393748513,3.4475224437267986,3.5427010677065445,2.2086367406891645,3.1240799095849674
PHE_38_A_CE2,PHE_28_C_HD2,5060,1666,57.225,-7.417,37.688,58.657,-4.464,39.583,57.941,-5.9405,38.6355,58.57845102993304,-5.938686615878953,44.52205304808217,4.814356264174274,6.995934600313084,3.789704210093443,3.152478579473012,2.1836390601071374,3.072985183042529
PHE_38_A_CE2,PHE_28_C_HD2,5070,1673,57.543,-5.07,38.2,58.8,-4.234,39.264,58.1715,-4.652,38.732,58.79590809661602,-4.650223719667415,44.49810784481492,6.084029486354633,7.305656237274152,1.8469003763062035,3.0943857949666227,1.9495221893466024,3.10552492709674
PHE_38_A_CE2,LEU_30_C_HG,5080,2621,55.344,-6.84,38.289,54.019,-8.09,40.531,54.6815,-7.465,39.41,55.27388307975447,-7.463314822598191,44.88037224824513,3.5296339726180666,3.5721148344878846,2.8887175355164088,3.401532232524627,1.7054116085741051,2.600543981040612
PHE_38_A_CE2,PHE_28_C_HB3,5090,1612,56.699,-4.615,40.29,57.071,-4.749,40.965,56.885,-4.682,40.6275,57.321437151571054,-4.680758448628475,44.65778675810087,6.1588967620329695,5.824140397387446,0.7822819184923077,3.185522012120768,1.4525138710026595,2.83165030395869
PHE_38_A_CE2,PHE_28_C_HD2,5100,1665,56.7,-4.474,39.043,58.369,-4.102,39.583,57.5345,-4.288,39.313,58.10409247829352,-4.28637965599379,44.572912027462905,6.49637201353744,6.637404294932339,1.7931940776168065,4.014414269171316,1.8069164669143767,3.0523233378010444
PHE_38_A_CZ,LEU_30_C_HG,5110,2609,55.541,-8.957,39.904,54.294,-8.959,40.775,54.9175,-8.958,40.3395,55.40770862306511,-8.956605482631097,44.86634038270871,2.030557708146013,3.600284284799371,1.5210700181122467,2.6845075620692573,1.55487454296049,2.470409505739588
PHE_38_A_CZ,LEU_30_C_HG,5120,2620,55.464,-7.966,38.683,54.141,-8.507,40.531,54.8025,-8.2365,39.607,55.37242031045929,-8.23487872339565,44.86993939951824,2.7529812365414745,3.6161581169049337,2.336260687508994,2.6800127655929824,1.6938872739521813,2.5470373344177304
PHE_38_A_CZ,THR_29_C_O,5130,1823,54.051,-5.98,40.557,53.58,-5.864,40.989,53.8155,-5.922000000000001,40.773,54.271982105561925,-5.92070142589329,44.988392247735085,5.139916941184075,2.6765040176609167,0.6495544626896188,3.6944313461253366,1.463034450139987,2.791059201999618
PHE_38_A_CZ,LEU_30_C_HG,5140,2621,54.223,-7.809,39.572,54.019,-8.09,40.531,54.121,-7.9495,40.0515,54.6512331837147,-7.947991623057067,44.947947910858346,3.090659361000218,2.912969740844641,1.0199303897815737,2.9991785745180297,1.5619005675186621,2.5556430284266147
PHE_38_A_CZ,THR_29_C_O,5150,1818,54.177,-6.134,41.025,53.881,-5.937,41.321,54.029,-6.035500000000001,41.173,54.44019756158417,-6.03433024876614,44.97021130854797,5.014559267000185,2.8372023347186115,0.4626456527408414,3.759621114427972,1.415419889805645,2.7349326035879535
PHE_38_A_CZ,LEU_30_C_HG,5160,2620,54.754,-8.38,39.778,54.141,-8.507,40.531,54.4475,-8.4435,40.1545,54.96294059773695,-8.442033704157044,44.91434550849731,2.5755998539440883,3.1906060415863906,0.979237969035106,2.492348206362885,1.5525845633683169,2.515242178211794
PHE_38_A_HB2,PHE_28_C_HB2,5170,1577,58.902,-5.588,43.794,58.812,-5.74,43.749,58.857,-5.664,43.7715,58.93409721946881,-5.663780678252921,44.483455665536304,5.0631628345385895,7.372288868465175,0.182288233301001,2.1416835822170026,1.1901948878081168,2.5614112174527053
PHE_38_A_HB2,PHE_28_C_CD2,5180,1297,59.559,-5.188,41.38,59.283,-5.28,41.441,59.421,-5.234,41.4105,59.74425365003364,-5.233080426560605,44.39559166909508,5.434903286268371,8.215725450083337,0.2972557821136504,2.238094740971077,1.440998964093936,2.8979678972139173
PHE_38_A_HB2,PHE_28_C_CD1,5190,1256,60.28,-5.373,43.249,60.331,-5.201,43.134,60.3055,-5.287,43.191500000000005,60.42787554692195,-5.286651873064483,44.32157919811467,5.33263454815979,8.897801508050478,0.213096222397303,2.078532674432505,1.3992606128745784,2.80920620148304
PHE_38_A_HB2,PHE_28_C_CD1,5200,1274,61.061,-5.167,43.313,61.254,-5.047,43.294,61.1575,-5.106999999999999,43.3035,61.258006535628965,-5.106714084773239,44.23162941838217,5.452819437715529,9.743461972577013,0.228057010416254,3.724939422138642,1.4847709100636304,2.9334105638893493
PHE_38_A_HB2,PHE_28_C_CD2,5210,1297,59.461,-5.176,41.383,59.283,-5.28,41.441,59.372,-5.228,41.412000000000006,59.69566084345141,-5.2270792682001295,44.40085190406535,5.444360373912942,8.16739835293867,0.2141588195708947,2.29950026959179,1.4364286357917322,2.894074991994897
PHE_38_A_HB2,PHE_28_C_CG,5220,1238,59.428,-5.041,42.116,59.447,-5.426,41.887,59.4375,-5.2335,42.0015,59.69730517609062,-5.2327609211394055,44.40067559060878,5.438575621262914,8.168644440079968,0.4483603461502808,2.3873801594104305,1.3841388118801108,2.8387896823043457
PHE_38_A_HB3,PHE_28_C_CD2,5230,1309,60.561,-5.869,40.439,60.349,-5.212,40.544,60.455,-5.5405,40.4915,60.86464343790976,-5.539334669848013,44.27435972540965,5.049391003245247,9.318060427355084,0.6982964986307756,2.858110501791641,1.714379099605497,3.126933752824616
PHE_38_A_HB3,PHE_28_C_CD2,5240,1310,61.653,-7.142,40.378,60.791,-5.068,40.544,61.222,-6.105,40.461,61.626036554406696,-6.103850619988551,44.19208285844205,4.431913649739316,10.041862151971229,2.252126994643065,2.814228392535453,1.9843011817827965,3.195040629443258
PHE_38_A_HB3,PHE_28_C_CE2,5250,1373,62.058,-5.807,40.652,61.907,-4.621,40.635,61.9825,-5.214,40.6435,62.3581587344644,-5.212931347582761,44.11252736769031,5.268284216843614,10.839705110871591,1.1956947771065998,4.014106448457589,1.8647781830114993,3.299446202798448
PHE_38_A_HB3,PHE_28_C_CD2,5260,1309,60.797,-7.722,40.007,60.349,-5.212,40.544,60.57299999999999,-6.4670000000000005,40.2755,61.00442567544621,-6.465772704988261,44.25950819132039,4.115309307137816,9.39248125741689,2.605604152591104,3.4517548595219965,2.0344161747453597,3.153514301550687
PHE_38_A_HB3,PHE_28_C_CD2,5270,1309,60.387,-7.403,39.8,60.349,-5.212,40.544,60.368,-6.307499999999999,40.172,60.81287454209766,-6.306234446423935,44.28020199329551,4.288127315062808,9.2116319770482,2.3141868982430958,3.569799683478871,1.9877591707911828,3.1454592875510996
PHE_38_A_HD2,PHE_28_C_CD2,5280,1313,60.123,-5.735,39.566,59.885,-5.1,40.143,60.004,-5.4175,39.8545,60.4870475565382,-5.416125854022342,44.31521138453926,5.199260983094288,8.947970020670954,0.8903920484820148,2.975256663861794,1.7971092032838083,3.1354318081811066
PHE_38_A_HD2,PHE_28_C_HD2,5290,1673,58.685,-4.948,38.884,58.8,-4.234,39.264,58.7425,-4.591,39.074,59.32368211998795,-4.589346686445965,44.44093678299541,6.107052563089766,7.839500691368471,0.8169583832729801,2.8446192469763854,1.8363488841349462,3.098267289791253
PHE_38_A_HD2,PHE_28_C_CD2,5300,1316,59.876,-5.596,38.774,60.002,-4.877,39.782,59.939,-5.2365,39.278,60.48450019731615,-5.234948192332602,44.31543142367836,5.380162734300048,8.958286946680177,1.2445485125136715,2.9783653580812515,1.8900258452410126,3.1655404219022634
PHE_38_A_HE1,THR_29_C_C,5310,1798,54.625,-6.961,42.912,54.437,-6.855,42.772,54.531,-6.908,42.842,54.75776773876246,-6.907354904145844,44.936090778956135,4.121056164011428,3.093793998306869,0.2572547375657075,2.3762240370726504,1.2048538559085087,2.4940728508571643
PHE_38_A_HE1,LEU_30_C_CD1,5320,2365,55.143,-9.137,42.006,55.152,-9.05,41.766,55.1475,-9.0935,41.886,55.46951884958652,-9.09258393925008,44.85968888206604,1.8905076517256612,3.6526375934298994,0.2554407954888978,2.1186090786469034,1.229509832124255,2.3719141024880024
PHE_38_A_HE1,LEU_30_C_HG,5330,2592,54.156,-7.835,42.611,54.39,-7.69,42.538,54.273,-7.7625,42.5745,54.53141795329771,-7.761764867431224,44.96086525667488,3.284974158661983,2.8059897839208534,0.284798174151452,2.688910659608568,1.215387697538692,2.4374436738467016
PHE_38_A_HE2,PHE_28_C_HD2,5340,1665,56.632,-4.649,38.314,58.369,-4.102,39.583,57.5005,-4.375500000000001,38.9485,58.10950341143543,-4.373767542032091,44.57235300131086,6.40881845978181,6.636624193203143,2.219625869375288,3.953703749088256,1.90117107792154,3.0755325877201245
PHE_38_A_HE2,PHE_28_C_HD2,5350,1673,57.281,-5.414,37.603,58.8,-4.234,39.264,58.0405,-4.824,38.4335,58.69838185324633,-4.822128495444855,44.50872185494306,5.919525673176894,7.195593651706305,2.5413937121193952,3.3640514927958525,2.0492958534236023,3.121490091518648
PHE_38_A_HE2,PHE_28_C_HD2,5360,1673,56.837,-5.476,37.394,58.8,-4.234,39.264,57.8185,-4.855,38.329,58.49014107664274,-4.853089353995468,44.53128165188443,5.903518174906056,6.984464543718322,2.982085344184501,3.2855733238027165,2.081910671756857,3.1256346408408797
PHE_38_A_HZ,THR_29_C_O,5370,1856,53.637,-6.27,40.056,53.294,-5.539,40.64,53.4655,-5.9045,40.348,53.971527795542784,-5.9030604811567375,45.02092281664295,5.178975443096645,2.376309636164375,0.9965269690279366,3.748725785303233,1.522727741104592,2.841350229488181
PHE_38_A_HZ,THR_29_C_O,5380,1856,53.793,-6.271,39.248,53.294,-5.539,40.64,53.5435,-5.904999999999999,39.944,54.09186555653218,-5.9034400411230825,45.00789163510633,5.170000840452854,2.497018330902317,1.649996666663303,3.907735190117208,1.58366034092797,2.852103013988756
GLU_39_A_CA,PHE_28_C_CD2,5390,1309,60.385,-9.437,39.663,60.349,-5.212,40.544,60.367,-7.3245,40.1035,60.81925150836899,-7.323213460853483,44.27982472155377,3.273262899925311,9.14577347182287,4.3160261815702645,4.05229914954072,2.2479884093273754,3.1411005126761355
GLU_39_A_CB,PHE_28_C_CD2,5400,1310,62.196,-9.517,39.012,60.791,-5.068,40.544,61.4935,-7.292499999999999,39.778,61.967533201627816,-7.29115149754206,44.15546816132287,3.223219444357506,10.300130012581407,4.910666960810924,1.5547134433331702,2.3974158001687025,3.1197502211529
GLU_39_A_HB2,PHE_28_C_CE2,5410,1373,62.737,-8.149,40.117,61.907,-4.621,40.635,62.322,-6.385,40.376,62.7223939628626,-6.383860982224007,44.07344528104387,4.074295611851087,11.121949918675044,3.6611484536959167,2.650637765854578,2.2882731367433866,3.220834560286162
GLU_39_A_HB2,PHE_28_C_CD2,5420,1310,62.122,-8.456,39.965,60.791,-5.068,40.544,61.4565,-6.762,40.2545,61.87994276858632,-6.760795414303736,44.164789893753806,3.7584919911049024,10.249931861396686,3.68583043560064,2.542097474330548,2.2503363166990717,3.16639622170395
GLU_39_A_HB2,PHE_28_C_CE2,5430,1376,63.509,-8.189,39.126,62.022,-4.52,40.212,62.7655,-6.3545,39.669,63.23642567614292,-6.35316033765229,44.01777166111159,4.068200206726348,11.6398625848918,4.105134102559869,1.9225402758722032,2.4352282633433027,3.229516026671592
GLU_39_A_HB2,PHE_28_C_CE2,5440,1375,63.186,-9.109,38.711,61.58,-4.664,40.212,62.383,-6.8865,39.4615,62.880586242837744,-6.885084495201603,44.056469145736536,3.563038759568414,11.245053239382994,4.958856924735783,1.457080855479549,2.4657984889193547,3.138291785505767
LYS_40_A_O,LEU_48_C_HD22,5450,8083,59.479,-16.591,44.433,57.833,-18.538,46.138,58.656,-17.564500000000002,45.2855,58.57376955472023,-17.564733924453385,44.52614146800795,-6.781975160715362,6.165204718392615,3.067107758133058,1.4472013381841082,2.148387488654375,2.4161603531002545
LYS_40_A_O,LYS_51_C_HZ3,5460,9131,61.401,-15.806,44.46,61.423,-19.866,44.624,61.412000000000006,-17.836,44.542,61.377414562743695,-17.836098386667828,44.22262015505444,-7.252924612439425,8.958839591404054,4.063370522115847,4.044616357229239,2.910260575676076,2.7330605646938015
LYS_40_A_O,LEU_48_C_HD22,5470,8083,60.205,-15.939,44.641,57.833,-18.538,46.138,59.019,-17.238500000000002,45.3895,58.921419837882056,-17.238777590447274,44.488394230654734,-6.481676043189422,6.537163782003304,3.8238977496789848,1.1928644134592337,2.2590823728246767,2.40144436877898
LYS_40_A_CD,LEU_48_C_HD12,5480,7982,61.625,-14.682,47.192,57.463,-16.834,47.525,59.544,-15.758,47.3585,59.22953558594784,-15.758894570325088,44.45457268930674,-5.027542413418369,6.951444303968936,4.697258455737771,1.955992572924624,2.46140435527964,2.343449976895781
LYS_40_A_CE,LYS_51_C_HZ3,5490,9122,65.785,-16.935,46.158,62.259,-20.212,45.04,64.02199999999999,-18.5735,45.599,63.84405209796523,-18.5740062159833,43.95573688497674,-8.16516516200305,11.381204665935156,4.94179410740674,2.470207262781416,3.2291385988678405,2.582457516274102
LYS_40_A_HD2,LEU_48_C_HD12,5500,7978,61.768,-14.338,47.796,57.463,-16.834,47.941,59.6155,-15.586,47.8685,59.24561374079542,-15.587052231210771,44.45277865934561,-4.85728285559012,6.979785053557,4.978359770044749,1.988085465739198,2.510729457260069,2.339323166944301
LYS_40_A_HD3,LYS_51_C_HZ3,5510,9131,61.844,-15.918,44.46,61.423,-19.866,44.624,61.6335,-17.892,44.542,61.59634907705867,-17.892105684814332,44.19892913116427,-7.324429362158518,9.174518691885716,3.973769117601072,3.809463988564021,2.9795991467826437,2.73405936910503
LYS_40_A_HD3,LYS_51_C_HZ3,5520,9124,62.1,-16.559,45.922,61.423,-19.866,45.04,61.7615,-18.2125,45.481,61.62237092701943,-18.212895786405344,44.19621006293349,-7.646267559807838,9.17783438487984,3.4889112915062754,2.522302107569254,2.9379171889639406,2.627380328885975
LYS_40_A_HE2,LYS_51_C_HZ3,5530,9130,64.397,-16.131,44.015,61.875,-19.956,44.624,63.136,-18.0435,44.319500000000005,63.105254208509,-18.04358746386383,44.0355774332169,-7.583312864525411,10.677650267805022,4.621903287607825,3.0663327359127432,3.1810509773553823,2.693367012652131
LYS_40_A_HE2,LYS_51_C_HZ3,5540,9122,65.7,-17.036,46.103,62.259,-20.212,45.04,63.9795,-18.624,45.5715,63.80498980677433,-18.624496436586497,43.95998246905819,-8.212737474229591,11.338425873721546,4.801814865235853,2.416284356619891,3.230973487794265,2.581532337174697
LYS_40_A_HZ1,LYS_51_C_HZ3,5550,9130,62.774,-17.042,44.481,61.875,-19.956,44.624,62.3245,-18.499,44.5525,62.27823608322073,-18.499131608936416,44.12527502498997,-7.978629954397236,9.81553107413724,3.0528750383859458,3.472705488468315,3.0500155340258552,2.7126879578477667
LYS_40_A_HZ1,LYS_51_C_HZ3,5560,9130,62.905,-16.895,44.288,61.875,-19.956,44.624,62.39,-18.4255,44.456,62.35330327141847,-18.425604392748276,44.11712339718247,-7.910650778199223,9.896070597997548,3.2470782251125407,3.494825650392776,3.073374629304844,2.720710682036137
LYS_40_A_HZ1,LYS_51_C_HZ3,5570,9130,64.031,-16.652,44.492,61.875,-19.956,44.624,62.953,-18.304,44.558,62.8988562329852,-18.30415402508232,44.058008405682415,-7.8284774388981,10.452056524265997,3.947426503432333,2.9888217377966098,3.1509965779551017,2.682336974354156
LYS_40_A_HZ1,LYS_51_C_HZ3,5580,9118,63.498,-18.314,47.016,62.071,-20.235,45.432,62.7845,-19.2745,46.224,62.55402228447429,-19.275155649783223,44.09564937362274,-8.772392858769622,10.037092514002854,2.869778040197532,2.224072559988787,3.049412343317448,2.519532087172487
LYS_40_A_HZ1,LYS_51_C_HZ3,5590,9118,63.082,-18.239,47.049,62.071,-20.235,45.432,62.5765,-19.237,46.2405,62.34666584190137,-19.23765381902797,44.11809231630547,-8.720173857404708,9.831714951549683,2.7605843584284817,2.428593474232985,3.0256881916031384,2.521639482482062
LYS_40_A_HZ1,LYS_51_C_HZ3,5600,9118,63.313,-18.408,46.241,62.071,-20.235,45.432,62.692,-19.3215,45.8365,62.50407172266589,-19.322034607582403,44.101072929032405,-8.815585260505207,9.983646029601095,2.352652545532383,2.2732872704206764,3.038047029368813,2.547819506854296
LYS_40_A_HZ2,LYS_51_C_HZ3,5610,9122,64.703,-17.48,45.845,62.259,-20.212,45.04,63.481,-18.846,45.4425,63.326082484459945,-18.846440700460995,44.01191140498364,-8.399911391120748,10.842165842230902,3.7529968025565927,2.5433724854685384,3.1920124512296058,2.583392896072973
LYS_40_A_HZ2,LYS_51_C_HZ3,5620,9122,64.383,-18.291,46.282,62.259,-20.212,45.04,63.321,-19.2515,45.661,63.14456338863965,-19.252001916750288,44.03169292600311,-8.79148134383346,10.63123134289076,3.121567074403491,2.256375443365035,3.1324999676918384,2.552179384452271
LYS_40_A_HZ2,LYS_51_C_HZ2,5630,9081,65.025,-18.55,47.777,62.659,-21.506,46.459,63.842,-20.028,47.118,63.503601427987775,-20.028962656844616,43.99305227538111,-9.592125449703204,10.93625334367659,4.009116610925656,2.5076819593998083,3.214615025550852,2.531239285953273
LYS_40_A_HZ2,LYS_51_C_HZ3,5640,9117,64.794,-18.719,46.969,62.359,-20.597,45.432,63.5765,-19.658,46.200500000000005,63.339370426957366,-19.65867457260589,44.01072267525213,-9.2110417650206,10.79778834691218,3.4378013322471057,2.255752190624287,3.136508610389157,2.533770678974203
LYS_40_A_HZ2,LYS_51_C_HZ3,5650,9122,65.114,-18.239,46.258,62.259,-20.212,45.04,63.6865,-19.2255,45.649,63.50711055393958,-19.226010316805045,43.99242492063796,-8.79145300459185,10.996823992949498,3.677944806546181,2.181289793222164,3.1578348290902825,2.5567625613694758
LYS_40_A_HZ3,LYS_51_C_HZ1,5660,9033,62.55,-17.381,47.751,61.083,-20.356,46.527,61.8165,-18.8685,47.139,61.499292368790094,-18.86940237407189,44.20974040092192,-8.292323233443497,9.007703941529323,3.535659768699471,1.7718506692426328,2.9314788666721014,2.476283030964048
LYS_40_A_HZ3,ASP_52_C_OD2,5670,9204,63.674,-17.485,48.943,61.128,-20.847,50.032,62.401,-19.166,49.4875,61.8256576189105,-19.167636700999825,44.174490391326174,-8.613116876653763,9.31395872418046,4.355580443523,1.6540131406192888,3.4404842234803055,2.2923509440375582
LYS_40_A_HZ3,LYS_51_C_HZ1,5680,9031,62.472,-17.174,48.232,60.862,-20.435,46.919,61.667,-18.8045,47.5755,61.30480263508591,-18.805530358285385,44.23078189253004,-8.214719788556405,8.81710923901189,3.8665475556366817,1.6554588500183425,2.9198178795481735,2.4672689305377618
ILE_41_A_CG2,LEU_30_C_HD13,5690,2706,55.733,-10.582,42.55,55.906,-10.679,42.565,55.8195,-10.6305,42.5575,56.06190713734276,-10.629810414081955,44.79601308758854,0.3148504203403872,4.137764395802678,0.1989044996977206,1.923662515079424,1.2152381522894138,2.2366945707596284
ILE_41_A_CG2,LEU_30_C_CD1,5700,2332,55.664,-11.103,45.97,54.788,-10.761,44.436,55.226,-10.932,45.203,55.19213716485307,-10.932096331050802,44.89029303728356,0.0754581050555395,3.24364102123994,1.7993043100042876,2.2883613251676422,1.5098111027178769,2.2103900542673953
ILE_41_A_CG2,LEU_30_C_CD1,5710,2305,54.363,-11.447,43.224,54.286,-11.785,43.306,54.3245,-11.616,43.265,54.508540979171535,-11.615476450780404,44.96452974588183,-0.5573641275407121,2.5092302070797725,0.3562260518266463,1.8678218956744503,1.1830524388001096,2.126404591027561
ILE_41_A_CG2,LEU_30_C_CD1,5720,2355,54.725,-11.027,43.059,55.029,-11.487,42.951,54.877,-11.257,43.005,55.08245419172359,-11.256415535701755,44.902270443909714,-0.2402065705152118,3.110552434327872,0.5618540735813895,2.252983909009855,1.1834236797630533,2.1527129176660087
ILE_41_A_CD1,LEU_30_C_CD1,5730,2333,56.825,-11.288,47.784,55.044,-10.376,44.436,55.9345,-10.832,46.11,55.79534186363103,-10.832395869083202,44.82494167654853,0.1318183096178068,3.8559239774260337,3.900360111579444,2.0684071934799046,1.8148445060440226,2.2356315681220447
ILE_41_A_CD1,LEU_30_C_CD1,5740,2333,56.34,-11.198,46.739,55.044,-10.376,44.436,55.692,-10.787,45.5875,55.61157648484084,-10.787228784202236,44.84482759683927,0.1899980296713304,3.6747601013390714,2.767509530245561,2.127875240793595,1.6723880654775298,2.2341282688727806
ILE_41_A_CD1,LEU_30_C_CD1,5750,2332,56.118,-11.788,46.981,54.788,-10.761,44.436,55.453,-11.2745,45.7085,55.36241158962561,-11.27475770071301,44.87195968839935,-0.2785003791893948,3.3901323080208803,3.049697362034473,1.881243826721228,1.6515847642538253,2.2297015223710748
ILE_41_A_CD1,LEU_48_C_HD12,5760,7980,59.232,-12.269,47.965,56.823,-16.194,47.941,58.0275,-14.2315,47.953,57.666930664712766,-14.2325257269601,44.62331596152103,-3.393410577527149,5.4921213716788255,4.605375337581073,2.149950032188117,2.280020230969799,2.347445162550331
ILE_41_A_HG13,LEU_30_C_HD11,5770,2657,56.48,-9.938,46.506,55.047,-9.447,44.633,55.76349999999999,-9.6925,45.569500000000005,55.68413827956783,-9.69272576366951,44.83663275942145,1.2765517548771248,3.825326477436066,2.4088791999600128,2.839111890203045,1.6368740291165471,2.2376114839265338
ILE_41_A_HG22,LEU_30_C_CD1,5780,2326,54.206,-10.351,45.172,54.161,-10.289,44.803,54.1835,-10.32,44.9875,54.18476612308617,-10.31999639820568,44.99919203650504,0.7579699531229334,2.27642888687716,0.3768686773930677,1.801049532965688,1.27530157206314,2.203121516125176
ILE_41_A_HG22,LEU_30_C_HD11,5790,2652,54.781,-9.358,44.799,54.717,-9.23,44.842,54.749,-9.294,44.8205,54.7615524838844,-9.29396429141395,44.93641613912437,1.7402078893377364,2.9280221957153945,0.1494289128649472,2.501067039030994,1.2554083324141345,2.26323520200891
ILE_41_A_HG22,LEU_30_C_HD11,5800,2656,54.846,-9.826,45.678,54.512,-9.585,44.842,54.679,-9.7055,45.26,54.64533586817512,-9.705595765790992,44.94912796669941,1.3379183136284842,2.782174808694908,0.9319511789788104,2.1348853134690917,1.344131493887197,2.239389448237896
ILE_41_A_HG22,LEU_30_C_CD1,5810,2335,54.83,-10.4,43.63,55.152,-10.796,44.136,54.991,-10.598,43.883,55.10113510059037,-10.597686693984004,44.90004457540708,0.4155231042873274,3.1760979249496417,0.7187043898571938,1.7833405111113048,1.172458080561557,2.1845281945145363
ILE_41_A_HG22,LEU_30_C_HD12,5820,2677,53.745,-11.238,44.95,53.75,-11.166,44.564,53.7475,-11.202,44.757000000000005,53.7785201172536,-11.20191175574998,45.04345583299193,-0.0926975354693657,1.806179354544679,0.3926894447270032,1.9367195644911996,1.2734749218134749,2.1645524475918156
ILE_41_A_HG23,LEU_30_C_HD13,5830,2687,55.008,-12.397,41.755,54.777,-11.425,42.076,54.8925,-11.911,41.9155,55.21440986001559,-11.91008424929736,44.88818241590501,-0.901649220952418,3.1965011297442856,1.049374099165783,2.655017622064327,1.3486372707496148,2.1319747880005293
ILE_41_A_HD11,LEU_48_C_CD1,5840,7739,57.459,-12.665,47.702,56.062,-15.878,47.999,56.7605,-14.2715,47.8505,56.42558836065789,-14.272452737418591,44.75775241809621,-3.3445647598844275,4.24383769840751,3.516132392274219,1.7525638620937178,1.900422327804979,2.330304263788419
ILE_41_A_HD11,LEU_48_C_HD12,5850,7984,58.551,-13.117,46.71,56.823,-16.194,47.525,57.687,-14.6555,47.1175,57.41981833933337,-14.656260063060747,44.650206129357095,-3.7984222481109366,5.214085552471565,3.62189701675793,2.672663109661612,2.0576452851488582,2.350845607580538
ILE_41_A_HD12,LEU_48_C_HD12,5860,7983,60.997,-13.77,46.203,57.207,-16.45,47.525,59.102,-15.11,46.864,58.84556570472751,-15.110729489572222,44.4959528691832,-4.353587534504791,6.612257066492461,4.826404873194952,1.872738007815601,2.4262093138944767,2.3341659139009545
ILE_41_A_HD12,LEU_48_C_HD12,5870,7983,59.913,-12.925,47.133,57.207,-16.45,47.525,58.56,-14.6875,47.329,58.26006301146949,-14.688353243538366,44.55922646264713,-3.890454923890661,6.054828300064305,4.461134945280176,2.0009766394678543,2.3462158292291586,2.338178536503355
ILE_41_A_HD13,LEU_30_C_HD11,5880,2657,57.084,-10.282,47.389,55.047,-9.447,44.633,56.0655,-9.8645,46.011,55.935387971437656,-9.864870135234664,44.80947812245866,1.0868950874823904,4.065176045181245,3.527340357833367,1.4454330082099172,1.8419362591027235,2.223774836224282
ILE_41_A_HD13,LEU_30_C_HD11,5890,2657,57.971,-9.961,47.987,55.047,-9.447,44.633,56.509,-9.704,46.31,56.34173899429723,-9.704475814513696,44.76542522215651,1.2178574735792338,4.484266731490799,4.479206179670678,1.8526001371546617,1.953705292069824,2.2255052186544857
ILE_41_A_HD13,LEU_30_C_HD11,5900,2657,58.103,-10.487,48.318,55.047,-9.447,44.633,56.575,-9.967,46.4755,56.38926852230674,-9.96752835825281,44.760359314989365,0.9520745760806408,4.513263483258948,4.898975505143906,1.8746362462819048,1.9490937832342272,2.2202994899005466
ARG_42_A_O,LEU_30_C_HD22,5910,2785,57.008,-14.981,38.592,53.994,-11.583,40.28,55.501000000000005,-13.282,39.436,56.08129344197268,-13.280349214506202,44.79473026981414,-2.330374717292585,3.968893503646362,4.84561079741244,1.5732155296951496,2.204867737590701,2.0394305246036457
ARG_42_A_CD,LEU_30_C_HD22,5920,2790,55.512,-10.792,38.672,54.197,-10.747,39.888,54.8545,-10.7695,39.28,55.4589012981593,-10.767780633859928,44.86135470314981,0.2203029687261075,3.522961882996877,1.791621053682948,2.603210243753555,1.9603960776143718,2.2679682254443985
ARG_42_A_NE,LEU_30_C_HD22,5930,2791,56.139,-9.549,38.202,54.094,-10.296,39.888,55.1165,-9.9225,39.045,55.74298965316154,-9.920717798174769,44.83033001632678,1.0449320159429614,3.868173566932337,2.753657567672496,2.7711337253009867,1.9642625304695716,2.4057152374168087
ARG_42_A_CZ,LEU_30_C_HD22,5940,2793,56.344,-9.084,36.878,53.807,-10.33,39.569,55.075500000000005,-9.707,38.2235,55.79038635915461,-9.70496633229665,44.82513099423643,1.2567525770601786,3.931056175706408,3.902610152193018,2.466032842478337,2.180588492176944,2.3931497182824293
ARG_42_A_CZ,LEU_30_C_HD22,5950,2793,56.203,-9.623,35.241,53.807,-10.33,39.569,55.005,-9.9765,37.405,55.808319878789696,-9.97421476169319,44.82327192838824,0.9869035628837768,3.9299188398463167,4.997224129454275,2.2553297474810887,2.2740597875662196,2.2723266739694643
ARG_42_A_CZ,LEU_30_C_HD22,5960,2793,56.17,-9.164,36.461,53.807,-10.33,39.569,54.9885,-9.747,38.015,55.72671269629861,-9.744899974870911,44.83203847585909,1.2214682108132573,3.864334680282005,4.074676551580509,2.262466037309752,2.2247032089869574,2.35727832812665
ARG_42_A_NH1,PHE_28_C_HD2,5970,1666,57.244,-7.932,37.561,58.657,-4.464,39.583,57.9505,-6.198,38.572,58.59464608065417,-6.19616757018274,44.52037861487696,4.5563691690141335,6.993889128621783,4.255828591473109,2.9893789749358084,2.2507254269322514,3.060311293675518
ARG_42_A_NH1,PHE_28_C_HD2,5980,1667,57.648,-8.051,37.333,59.074,-4.664,39.583,58.361,-6.3575,38.458,59.012595270729776,-6.355646379154154,44.47516829516018,4.367438328675207,7.401889283736363,4.30903063344878,3.3745233188953785,2.3300144040199195,3.110382481510684
ARG_42_A_HA,LEU_30_C_HD22,5990,2788,55.959,-13.414,38.612,53.806,-11.56,39.888,54.8825,-12.487,39.25,55.48984441571782,-12.485272261447935,44.85853297539576,-1.4950585328116748,3.4319792003110634,3.1146269439533225,1.598952439391887,2.2117746874130444,2.043049372072484
ARG_42_A_HB3,LEU_30_C_HD22,6000,2789,57.203,-13.707,37.446,54.094,-11.198,39.888,55.6485,-12.4525,38.667,56.30936576721909,-12.450620006977566,44.76977686241299,-1.519034139183442,4.256672380952962,4.682341935399423,1.5276751783917264,2.360539783049963,2.072537075905104
ARG_42_A_HD2,LEU_30_C_HD22,6010,2786,55.611,-11.923,39.757,54.25,-11.199,40.28,54.9305,-11.561,40.0185,55.45500174955198,-11.559507927512175,44.8620208785748,-0.569144909274596,3.462797061854146,1.6278900454269003,3.243489614728262,1.8417004826468293,2.1787995491441543
ARG_42_A_HD2,LEU_30_C_HD13,6020,2716,56.362,-10.582,41.571,55.75,-10.678,41.757,56.056,-10.63,41.664,56.39130098538482,-10.629046154992125,44.76034300496664,0.2920833909317106,4.468301698366346,0.6468044526748423,2.4938875634446576,1.3443807922186357,2.2919432294645388
ARG_42_A_HD2,LEU_30_C_HD13,6030,2721,56.011,-10.802,40.455,55.463,-10.644,41.438,55.737,-10.723,40.9465,56.152798511380325,-10.721817160248104,44.78619886253223,0.2165836156019444,4.2224192085097645,1.1364668934905275,1.9193517206659083,1.4969369061846896,2.2845530224031543
ARG_42_A_HD2,LEU_30_C_HD22,6040,2762,54.107,-12.465,41.354,53.783,-11.602,41.176,53.945,-12.0335,41.265,54.3475217998914,-12.032354929075298,44.98209483051446,-0.961687097143748,2.318059314391978,0.9388445025668504,2.420528122804969,1.4451602481248174,2.107933625514079
ARG_42_A_HE,LEU_30_C_HD22,6050,2788,55.363,-13.099,38.618,53.806,-11.56,39.888,54.5845,-12.3295,39.253,55.19497213792105,-12.32776336388324,44.8904159825671,-1.316884291253918,3.1473229535559426,2.5309425121879,1.6957083630243657,2.1432348154429057,2.04099164920458
ARG_42_A_HE,LEU_30_C_HD22,6060,2796,56.621,-12.768,36.603,53.807,-11.164,39.569,55.214,-11.966,38.086,55.94207273926521,-11.963928820438978,44.80940085950972,-1.0073363417027124,3.92274438776108,4.391875225914326,1.9012508384782727,2.4619326582755345,2.083856308960075
ARG_42_A_HE,LEU_30_C_HD22,6070,2796,55.892,-12.807,36.873,53.807,-11.164,39.569,54.849500000000006,-11.9855,38.221,55.567348562526576,-11.983457905590427,44.84998551477135,-1.0000486664703436,3.5453936254301817,3.783528776155936,1.4304915359271857,2.4306700231966074,2.062433950474452
ARG_42_A_HE,LEU_30_C_HD22,6080,2788,55.403,-12.897,37.909,53.806,-11.56,39.888,54.6045,-12.2285,38.8985,55.252680617894505,-12.226656092962653,44.88413562188529,-1.2201547886532187,3.212405940202006,2.8730504694488053,1.422653461777276,2.2485975031840915,2.0490781073851845
ARG_42_A_HE,LEU_30_C_HD22,6090,2796,54.891,-12.297,37.435,53.807,-11.164,39.569,54.349,-11.7305,38.502,55.04256467216738,-11.728526987008618,44.90673549068992,-0.7082754967967475,3.0369874078689856,2.648150486660453,1.389726023666911,2.259855255742499,2.0801982101883865
ARG_42_A_HH11,PHE_28_C_CD2,6100,1313,59.277,-9.045,38.946,59.885,-5.1,40.143,59.581,-7.0725,39.5445,60.10218557858416,-7.071017361165104,44.35739763788338,3.5760433086753247,8.444255117265223,4.16719306008253,5.080935794114565,2.2634606175266043,3.132140940319031
ARG_42_A_HH11,PHE_28_C_HD2,6110,1667,59.062,-8.575,36.787,59.074,-4.664,39.583,59.068,-6.6195,38.185,59.740629646127616,-6.617586541769708,44.39641061464569,4.054154981107719,8.113720033935383,4.807668977789548,2.879980760771559,2.4181285512138224,3.1478142312476445
ARG_42_A_HH11,PHE_28_C_CD2,6120,1316,59.707,-9.112,37.185,60.002,-4.877,39.782,59.8545,-6.9945,38.4835,60.48607624498211,-6.992703328130162,44.315802240356,3.626737236004229,8.834979360619906,4.976611196386551,4.268954828320488,2.4399011641764212,3.169315956862232
ARG_42_A_HH21,LEU_30_C_HD22,6130,2796,55.889,-12.781,36.016,53.807,-11.164,39.569,54.848,-11.9725,37.7925,55.61172967407053,-11.97032738563639,44.84517546792248,-0.9901215745655494,3.5908544108737037,4.424163423744656,1.6757276504120917,2.4623493727028465,2.0678570896469233
ARG_42_A_HH21,LEU_30_C_HD22,6140,2796,55.977,-12.956,35.513,53.807,-11.164,39.569,54.892,-12.06,37.541,55.68214167093161,-12.057752250302906,44.83757752992854,-1.0823551883654097,3.655287674108632,4.936729686746077,1.936954228048024,2.435097660202057,2.064452304062332
GLU_43_A_C,LYS_51_C_HZ3,6150,9145,59.95,-19.051,42.64,60.918,-20.465,43.913,60.434,-19.758,43.2765,60.54626538408404,-19.757680633875733,44.31321671680168,-9.110279726155367,7.988413391981946,2.1347011500441897,3.232332205541122,2.4906917809436817,2.7504369647388285
GLU_43_A_C,LYS_51_C_HZ3,6160,9133,59.101,-18.662,43.817,60.587,-20.212,44.624,59.844,-19.437,44.2205,59.862053008187566,-19.43694864383796,44.387210830139736,-8.741483436321682,7.324726711252948,2.29389297919498,3.157642146658027,2.340288583988165,2.703463769381509
GLU_43_A_O,LYS_51_C_HE3,6170,8958,58.329,-20.042,43.29,59.066,-21.356,43.744,58.697500000000005,-20.699,43.517,58.80418187491067,-20.698696517522315,44.50215570050375,-9.924476448698446,6.173710252961286,1.5734932475228496,3.096957826023856,2.037119050236817,2.704023657798067
GLU_43_A_O,LYS_51_C_HE3,6180,8966,59.055,-19.953,41.49,59.792,-21.429,43.033,59.4235,-20.691,42.2615,59.6561482254528,-20.690338175674658,44.40989423949768,-9.976997138024446,7.029087525697821,2.258892206370193,2.6845154339805903,2.40208281373439,2.690794235388277
GLU_43_A_O,LYS_51_C_HE3,6190,8961,58.993,-20.005,42.075,59.671,-21.179,43.352,59.332,-20.592,42.7135,59.51732604910163,-20.59147279508719,44.42489674735924,-9.868465225084812,6.896830732899195,1.862441676939168,2.745849307379292,2.305264640180646,2.705830021110114
GLU_43_A_CG,LYS_51_C_HZ3,6200,9147,62.73,-19.23,39.179,61.628,-20.693,43.704,62.179,-19.9615,41.441500000000005,62.46745413958792,-19.96067942221157,44.105234961415775,-9.450000407070748,9.901531530485716,4.881638864152077,2.136625637201196,3.0082850949544575,2.602421906916764
GLU_43_A_CD,LYS_51_C_HZ3,6210,9142,63.901,-19.208,40.864,62.072,-20.631,43.913,62.98650000000001,-19.9195,42.38849999999999,63.164231907050265,-19.918994398466843,44.02976850543808,-9.45819316210372,10.603574950209328,3.829695940933171,1.9324256463873888,3.0780136877427435,2.6239715094427982
GLU_43_A_CD,LYS_51_C_HZ3,6220,9142,63.902,-19.064,39.617,62.072,-20.631,43.913,62.987,-19.8475,41.765,63.23145956065832,-19.84680457546585,44.02246622776215,-9.390988003305534,10.67615399570268,4.9254446499783135,1.983363707862263,3.1062839552369317,2.5968244820311845
GLU_43_A_OE1,LYS_51_C_HZ3,6230,9130,63.889,-15.846,43.065,61.875,-19.956,44.624,62.882000000000005,-17.901,43.8445,62.90503478310031,-17.90093447197048,44.05721512054065,-7.426718254682039,10.486904331838277,4.835160493716835,3.2754732948751246,3.1714943995405003,2.724186802432428
GLU_43_A_OE1,LYS_51_C_HZ3,6240,9130,63.943,-15.959,42.899,61.875,-19.956,44.624,62.909,-17.9575,43.7615,62.94060753660909,-17.957410084693095,44.0533803676389,-7.48559218487616,10.518582104769894,4.819570312797604,2.9624479640518864,3.162948908825536,2.7265487897585445
GLU_43_A_OE1,LYS_51_C_HZ3,6250,9137,64.835,-17.159,42.696,62.071,-20.235,44.232,63.453,-18.697,43.464,63.51016927250691,-18.69683736813322,43.991930679424186,-8.263835878914877,11.037490666431031,4.411436047365981,2.271990872287674,3.172852675140278,2.6708736722622746
GLU_43_A_OE1,LYS_51_C_HZ3,6260,9137,63.35,-18.149,42.674,62.071,-20.235,44.232,62.7105,-19.192,43.453,62.77746903830322,-19.19180949032168,44.07142679365092,-8.70521864608206,10.267199864220029,2.900793167394049,2.7600523626087545,3.0630664119435127,2.6949937184687025
GLU_43_A_OE1,LYS_51_C_HZ3,6270,9137,64.976,-17.939,42.501,62.071,-20.235,44.232,63.5235,-19.087,43.3665,63.59030082431572,-19.086809968847177,43.98337341854546,-8.658546916854412,11.09017954709228,4.087419968635473,1.7469452974065338,3.143302574228221,2.6407827879988157
GLU_43_A_OE1,LYS_51_C_HZ3,6280,9136,64.767,-18.669,41.783,62.359,-20.597,44.232,63.563,-19.633000000000003,43.0075,63.66778627340956,-19.632701910020725,43.97515073420772,-9.208594236996014,11.12913547606665,3.938686202276079,1.937849286237286,3.1481294406210214,2.6249978460726173
GLU_43_A_HB3,LYS_51_C_HZ3,6290,9131,61.606,-16.955,43.316,61.423,-19.866,44.624,61.5145,-18.4105,43.97,61.53996902404781,-18.41042754718148,44.20519416253204,-7.837413959462192,9.081125346659825,3.196603509977427,3.248377237078004,2.902064214072205,2.7471876421691714
GLU_43_A_HB3,LYS_51_C_HZ3,6300,9131,62.02,-16.825,43.503,61.423,-19.866,44.624,61.721500000000006,-18.3455,44.063500000000005,61.73455991573928,-18.34546284790092,44.184102027752274,-7.786513512798489,9.280975415363589,3.2955623192408314,3.459070058142105,2.952836903680484,2.746604667343102
GLU_43_A_HB3,LYS_51_C_HZ3,6310,9138,61.936,-17.605,43.507,61.654,-20.035,44.232,61.795,-18.82,43.8695,61.82798828191281,-18.81990615682807,44.17413088508183,-8.26643160555122,9.341003416549126,2.551479766723616,3.251558475865994,2.886794546598797,2.746689009958502
GLU_43_A_HB3,LYS_51_C_HZ3,6320,9144,61.502,-19.114,41.87,61.313,-20.285,43.913,61.4075,-19.6995,42.89149999999999,61.54968811003986,-19.69909551142152,44.20453867003576,-9.123519444361866,8.999316459169034,2.36237401780497,2.8617953651811936,2.7491959230407277,2.7319418180387123
GLU_43_A_HB3,LYS_51_C_HZ3,6330,9139,60.343,-18.31,43.201,61.192,-20.035,44.232,60.7675,-19.1725,43.7165,60.82878554469052,-19.172325658398258,44.28244246924229,-8.54658512843319,8.313457301749565,2.1816019343592443,3.2953155828424343,2.5785504113018303,2.749300348471738
GLU_43_A_HB3,LYS_51_C_HZ3,6340,9144,61.532,-18.943,42.768,61.313,-20.285,43.913,61.4225,-19.614,43.3405,61.51645307566527,-19.61373272768019,44.208111373994015,-9.035998335759125,8.972036574263312,1.7776248198087203,3.1493551428141524,2.713113453588564,2.7537089823827063
GLU_43_A_HG2,LYS_51_C_HE3,6350,8965,61.054,-19.72,40.011,60.222,-21.49,43.033,60.638000000000005,-20.605,41.522000000000006,60.9357203180472,-20.60415306231866,44.27130365374229,-9.982432598120427,8.319014043040642,3.599667762446972,2.4625283501302717,2.771246785954326,2.6215234725868943
GLU_43_A_HG2,LYS_51_C_HE3,6360,8973,60.908,-20.432,39.034,60.107,-21.837,42.824,60.5075,-21.1345,40.929,60.87022163854779,-21.13346815029105,44.27855952180852,-10.505731274451534,8.215690849405819,4.120646308529768,2.4690465530780115,2.8365417681746417,2.5764962302224834
GLU_43_A_HG2,LYS_51_C_HE3,6370,8965,61.159,-19.948,39.772,60.222,-21.49,43.033,60.6905,-20.719,41.4025,61.0004061537891,-20.71811839675221,44.264333973973365,-10.100730575514222,8.375816505828801,3.726909443493363,2.328975764447048,2.7974948279283645,2.606909472859147
GLU_43_A_HG2,LYS_51_C_HE3,6380,8965,61.53,-19.894,40.265,60.222,-21.49,43.033,60.876000000000005,-20.692,41.649,61.1573712652987,-20.691199571166017,44.24732803087755,-10.085092156930964,8.535213216481665,3.452521397471709,2.618403721381257,2.769070160296316,2.6269240879027946
TYR_44_A_N,LEU_48_C_HD22,6390,8083,59.39,-17.12,44.162,57.833,-18.538,46.138,58.6115,-17.829,45.15,58.544297194435,-17.829191174686024,44.52941447834851,-7.043658793461129,6.116845167411899,2.8878277303191062,1.44187281453963,2.112649509710193,2.435562199272893
TYR_44_A_CA,LEU_48_C_HD22,6400,8083,59.096,-17.688,44.747,57.833,-18.538,46.138,58.4645,-18.113,45.4425,58.36770288311348,-18.11327536288512,44.54862527598585,-7.314410504808098,5.919482703086952,2.062171185910615,1.5972964300284171,2.0245356480331926,2.4465645109088436
TYR_44_A_O,LEU_48_C_HG,6410,7903,53.665,-17.482,43.759,54.427,-18.074,45.227,54.046,-17.778,44.493,54.1020341593217,-17.777840597238093,45.01044845621562,-6.675116965993063,1.663542082710899,1.7567390244427294,1.710643071888922,1.2856827880129518,2.28844460996445
TYR_44_A_O,LEU_48_C_CD2,6420,7771,56.242,-18.611,45.102,56.333,-18.934,45.525,56.2875,-18.7725,45.3135,56.22976491627769,-18.772664241454063,44.78034432668884,-7.819415162521627,3.7276258516103975,0.5399435155643616,2.3398800067381678,1.513063635265666,2.4419134594453777
TYR_44_A_O,LEU_48_C_HG,6430,7900,55.526,-18.255,45.171,55.581,-18.24,45.227,55.5535,-18.2475,45.199,55.51651056909812,-18.24760522541104,44.857420432319,-7.244733689669474,3.0493186461951702,0.0799124520960262,2.1985229038574814,1.2917202006787933,2.383273101155959
TYR_44_A_O,LEU_48_C_HG,6440,7905,53.976,-19.059,44.268,54.192,-18.874,45.227,54.084,-18.9665,44.7475,54.11239269824651,-18.96641923008084,45.00969288472064,-7.861431743947082,1.5894861290327125,1.000280960530587,1.4179946915194743,1.3042048351801092,2.2748907166133328
TYR_44_A_CB,LEU_48_C_CD1,6450,7705,56.005,-17.547,45.638,55.724,-17.543,45.984,55.8645,-17.545,45.811,55.75837777967884,-17.545301890404417,44.83101243991023,-6.5614823522668,3.341884389090762,0.445749929893439,2.570837251179263,1.3256115301929465,2.433517998407382
TYR_44_A_CB,LEU_48_C_CD1,6460,7699,56.28,-17.346,46.167,56.144,-17.427,46.253,56.212,-17.386499999999998,46.21,56.05913815237534,-17.386934852614832,44.79839450747308,-6.42499954372907,3.6548912467359513,0.1801471620647975,2.9924956410502213,1.384582389433553,2.4652819358647786
TYR_44_A_CB,LEU_48_C_HD22,6470,8083,58.931,-17.311,45.549,57.833,-18.538,46.138,58.382,-17.924500000000002,45.8435,58.24323218388795,-17.924894758722527,44.56204609601009,-7.117614751038881,5.807984915221524,1.748729252914812,1.673477287332487,2.014719436048449,2.444526305278569
TYR_44_A_CG,LEU_48_C_HG,6480,7895,55.279,-17.35,45.535,55.163,-17.644,45.546,55.221,-17.497,45.5405,55.15128754025611,-17.49719831400626,44.89673903150984,-6.470134497393578,2.73620455029967,0.316248320153641,2.113598017757164,1.2361976965798793,2.374724811471415
TYR_44_A_CD1,LEU_48_C_HG,6490,7896,54.202,-16.697,45.074,54.701,-17.644,45.546,54.4515,-17.170499999999997,45.31,54.41536717375367,-17.170602788591257,44.97633076348081,-6.091795870365979,2.0210555097835057,1.1698692234604695,2.038517992718782,1.1676086441677502,2.2887318669572987
TYR_44_A_CD2,LEU_48_C_HD12,6500,7987,56.603,-16.666,47.47,56.602,-16.273,47.133,56.6025,-16.4695,47.3015,56.32825393422348,-16.470280159475138,44.76896975278888,-5.529884987172964,3.9900253651488,0.5177055147475232,3.1713495688482998,1.4570424896246699,2.511214326261628
TYR_44_A_CD2,LEU_48_C_CD1,6510,7737,55.866,-14.931,48.744,55.735,-15.835,48.422,55.8005,-15.383,48.583,55.398349496645146,-15.384144014681617,44.86933391405773,-4.380068533685849,3.1342163466100064,0.9685354923801218,2.7979657291674536,1.5066017389489865,2.4485395398913306
TYR_44_A_CD2,LEU_48_C_CD1,6520,7742,55.465,-16.564,47.622,55.735,-15.835,47.576,55.6,-16.1995,47.599,55.30552199847604,-16.2003377141253,44.87963757674672,-5.187568658577029,2.983091189228983,0.7787534911639219,2.930827001097689,1.343105146367063,2.471112890260371
TYR_44_A_CE1,TYR_44_C_CZ,6530,6671,52.947,-16.347,43.622,51.955,-15.383,44.072,52.451,-15.865,43.847,52.5946022850016,-15.864591488457718,45.17309789425945,-4.659023729883999,0.2870625474556923,1.4545996012649032,2.791217062922088,1.2044553234026338,2.3512966013957954
TYR_44_A_CE1,TYR_44_C_CZ,6540,6670,52.228,-14.575,44.453,52.371,-14.355,44.495,52.2995,-14.465,44.474,52.3777016665506,-14.464777536385224,45.19615470205902,-3.2472536950995723,0.1689017926682923,0.2657310670584063,2.7833404945329026,1.1502997069438516,2.322545507974658
TYR_44_A_CE1,TYR_44_C_CE1,6550,6593,52.668,-15.642,44.659,52.194,-15.297,44.936,52.431,-15.4695,44.7975,52.47308505171343,-15.469380278859196,45.186135170090544,-4.256131048106626,0.1932233461074793,0.6484057371738753,2.383379696326559,1.1260445864938509,2.3577709123345865
TYR_44_A_CE1,TYR_44_C_CE1,6560,6594,52.223,-14.817,44.972,52.31,-14.847,44.936,52.2665,-14.832,44.954,52.29371984393611,-14.831922566549505,45.20536214040985,-3.607471858335055,0.0585565548905784,0.0988180145520068,2.6291874046347723,1.109553560740477,2.3491654176116485
TYR_44_A_CE2,LEU_30_C_CD1,6570,2331,55.182,-12.181,46.691,54.403,-11.017,44.436,54.7925,-11.599,45.563500000000005,54.7250978817857,-11.599191741679212,44.941073922088925,-0.5565897289216151,2.7276601953985367,2.654573788765348,2.184185768552603,1.5235140594507304,2.231630630751859
TYR_44_A_CE2,LEU_48_C_CD1,6580,7740,56.005,-13.073,48.304,55.617,-15.769,47.999,55.811,-14.421,48.1515,55.45488133195234,-14.42201306595726,44.86291572852253,-3.424407291407709,3.259294698091764,2.7408000656742555,1.7213640679972158,1.661312190252375,2.344181256906254
TYR_44_A_CE2,ASN_45_C_OD1,6590,7123,55.412,-12.853,48.466,53.452,-14.297,48.899,54.432,-13.575,48.682500000000005,54.03500180375717,-13.576129357693915,45.01641298713272,-2.4792360628102728,1.894820484511473,2.4726958971939927,1.269244335436921,1.6549146484563804,2.2644391130972603
TYR_44_A_CE2,ASN_45_C_OD1,6600,7063,53.286,-15.208,47.536,53.043,-15.62,47.846,53.1645,-15.414,47.691,52.88837801522512,-15.414785495981889,45.14114654491998,-4.231339565395303,0.6137684621645478,0.5699938596160464,2.254153983323626,1.2723434585241196,2.329325986843416
TYR_44_A_CE2,LEU_48_C_CD1,6610,7738,55.468,-14.832,48.902,55.272,-15.806,48.422,55.370000000000005,-15.319,48.662,54.96438146568349,-15.320153880337145,44.91630831951069,-4.285240785444276,2.703359894736235,1.103400199383706,2.4957645551580985,1.5178948181831144,2.413131835490297
TYR_44_A_CE2,ASN_45_C_OD1,6620,7123,55.276,-12.533,48.014,53.452,-14.297,48.899,54.364,-13.415,48.456500000000005,53.99197442226723,-13.416058317021394,45.0210230837616,-2.3164960110243458,1.863023909923855,2.6873587404736305,1.3243778458387696,1.6323268834428286,2.25816622521178
TYR_44_A_CZ,ASN_45_C_HD22,6630,7241,53.713,-11.967,47.088,51.875,-13.113,47.8,52.794,-12.54,47.444,52.548515040613154,-12.540698341529628,45.17706470916093,-1.3402386450035415,0.4769861696997647,2.2800228069034736,2.1614506667486397,1.377524175960543,2.2679120645746793
TYR_44_A_CZ,ASN_45_C_HD22,6640,7207,52.708,-14.076,47.7,52.368,-14.405,47.914,52.538,-14.2405,47.807,52.25668490616957,-14.241300269040613,45.20919068556061,-3.0156966975862707,0.0633629889920534,0.5192658278762392,1.900608495200467,1.2816222020972061,2.305108381733046
TYR_44_A_CZ,LEU_48_C_HD13,6650,8014,52.275,-14.772,46.262,52.241,-14.714,46.449,52.258,-14.743,46.3555,52.13530700040389,-14.743349030006671,45.22248927943263,-3.5078063735482057,-0.0940869199289446,0.1987183937133123,2.5795924269330284,1.13391783468974,2.3264122270956635
TYR_44_A_OH,ASN_45_C_HD22,6660,7214,52.771,-13.574,47.9,52.157,-13.576,48.182,52.464,-13.575,48.041,52.158474669636576,-13.575869140932625,45.21962081906744,-2.34493187222628,0.012107027780797,0.6756655977626856,2.338738648323212,1.3130828824517944,2.312878491326408
TYR_44_A_OH,ASN_45_C_HD22,6670,7237,52.214,-12.825,48.055,52.031,-13.112,48.192,52.1225,-12.9685,48.1235,51.81208256229847,-12.969383057718932,45.25694456550374,-1.7152349256905763,-0.2923394843189028,0.366915521612265,2.3955706102603704,1.3487273014952796,2.3224620364521336
TYR_44_A_OH,TYR_44_C_HE1,6680,6846,51.978,-13.893,47.172,51.999,-13.997,47.133,51.9885,-13.945,47.1525,51.78359811596196,-13.945582893125025,45.260329851387006,-2.68693298884238,-0.3902773041717267,0.113039815994186,2.4489776218446555,1.2060358663398847,2.3074644441855017
TYR_44_A_HA,LEU_48_C_HD22,6690,8088,58.426,-19.279,43.876,57.595,-19.351,45.61,58.0105,-19.315,44.743,57.9938750996657,-19.31504729356274,44.58947705762245,-8.486441929348835,5.459032713409477,1.924188400339221,1.730241569967392,1.8982060616443006,2.5262422831706455
TYR_44_A_HA,LEU_48_C_HD22,6700,8086,58.525,-18.253,45.326,57.834,-18.934,45.819,58.1795,-18.5935,45.572500000000005,58.07210761985961,-18.5938055036822,44.58078312612077,-7.772611197798942,5.588768282263483,1.0882513496430857,1.729258120584742,1.9074542446315599,2.4809406771225966
TYR_44_A_HA,LEU_48_C_HD22,6710,8089,57.697,-18.939,45.267,57.39,-18.996,45.61,57.5435,-18.9675,45.438500000000005,57.45783419669405,-18.96774369716282,44.64741759227367,-8.101725412913408,4.945895358241834,0.4638394118657865,1.84824457585612,1.7567979476434812,2.496428118114621
TYR_44_A_HB2,LEU_48_C_HD22,6720,8075,57.203,-18.218,45.661,56.951,-18.473,45.921,57.077,-18.3455,45.791,56.95899117764215,-18.34583570472799,44.70124539873412,-7.445755613757711,4.489589579125328,0.4428645391087434,2.490043839336433,1.656757115382612,2.4744361867319737
TYR_44_A_HB2,LEU_48_C_HD12,6730,7985,58.615,-16.303,46.642,57.307,-16.835,47.133,57.961,-16.569000000000003,46.8875,57.715323455837165,-16.569698886539012,44.61879551608708,-5.728134015194712,5.374617566967814,1.494981270785691,2.5607011740203034,1.8460519520971317,2.4456698874239855
TYR_44_A_HB2,LEU_48_C_CD2,6740,7787,56.74,-20.067,45.515,56.554,-20.181,45.398,56.647000000000006,-20.124,45.456500000000005,56.56983674430745,-20.12421950960314,44.74393452176291,-9.19184687489019,3.972793875342837,0.247549994950514,2.1295137239361264,1.6051946736170064,2.5076752392069244
TYR_44_A_HB2,LEU_48_C_HD12,6750,7981,58.43,-17.027,46.927,57.553,-17.286,47.525,57.9915,-17.1565,47.226,57.70925823559774,-17.157302905179897,44.619633329429625,-6.313819781894308,5.326782911787996,1.0926179570188306,2.60558158197362,1.8550588114297235,2.493502033783522
TYR_44_A_HB3,LEU_48_C_HD12,6760,7985,59.422,-15.499,45.629,57.307,-16.835,47.133,58.3645,-16.167,46.381,58.16834618956069,-16.167558007107104,44.56961409502188,-5.359369882170898,5.857710426109595,2.9189273714842567,1.7493986875285454,2.0635789392973236,2.3784457340296794
TYR_44_A_HB3,LEU_48_C_HD12,6770,7986,59.031,-14.221,45.85,57.019,-16.473,47.133,58.025,-15.347,46.4915,57.820926903707786,-15.347580535437189,44.60698330679353,-4.516647711260141,5.567401943848705,3.281118254498,2.1430648296864265,2.0980781443639076,2.3816549040451647
TYR_44_A_HD2,LEU_48_C_HD12,6780,7986,58.295,-14.752,46.454,57.019,-16.473,47.133,57.657,-15.6125,46.7935,57.424876694317575,-15.613160331063696,44.64995314160164,-4.753265557068905,5.151172682561965,2.2474558950066195,2.53214620168077,1.9075192753681038,2.4100538645115432
TYR_44_A_HD2,LEU_48_C_HD12,6790,7980,57.746,-14.544,47.968,56.823,-16.194,47.941,57.2845,-15.369,47.9545,56.93241948315966,-15.370001578456362,44.70320610877431,-4.475543971362701,4.674363618956307,1.890808821642209,2.8550597126376327,1.8278938612572448,2.4452703729393903
TYR_44_A_HD2,LEU_48_C_CD1,6800,7736,56.354,-15.197,48.68,56.177,-15.979,48.422,56.2655,-15.588,48.551,55.86139169146086,-15.589149584133487,44.81925452672605,-4.617632175389019,3.584223923059874,0.8422689594185466,3.0915799432535573,1.5586791634151076,2.483533021609465
TYR_44_A_HD2,LEU_48_C_HD12,6810,7976,57.3,-15.771,48.451,57.019,-16.473,48.333,57.1595,-16.122,48.392,56.76206568247855,-16.123130598346712,44.721885617309226,-5.214600913090058,4.44993657305673,0.7653032078856048,3.0356855664205797,1.700128037157119,2.492737260575953
TYR_44_A_HE1,TYR_44_C_CZ,6820,6677,52.36,-14.899,43.643,52.255,-14.805,43.649,52.307500000000005,-14.852,43.646,52.47424601819044,-14.851525650493237,45.18581911636038,-3.639920799277396,0.2382868431330728,0.1410567261778013,2.271891967183959,1.170012713089038,2.298565888784173
TYR_44_A_HE1,TYR_44_C_CZ,6830,6654,52.313,-14.304,42.827,51.982,-14.169,42.823,52.1475,-14.2365,42.825,52.403955307153126,-14.235770450654384,45.19324116540788,-3.0207007162887347,0.2115132400454021,0.3574940558946428,1.68155172655674,1.2520577995583417,2.22527911557251
TYR_44_A_HE1,TYR_44_C_CZ,6840,6656,52.293,-14.279,43.574,52.388,-14.284,43.63,52.3405,-14.2815,43.602,52.51155422022944,-14.281013394767228,45.181603285894326,-3.073515358753784,0.3162534131790369,0.1103902169578459,2.268361861834941,1.1977201330275953,2.2584656185671
TYR_44_A_HE2,ASN_45_C_OD1,6850,7124,53.358,-13.04,48.443,53.079,-14.015,48.899,53.2185,-13.5275,48.671,52.83679640198065,-13.528585848498302,45.14615123064315,-2.3462221497133955,0.6960311448588031,1.1119361492459914,2.17051480030288,1.4940965580858632,2.29824608664611
TYR_44_A_HE2,ASN_45_C_OD1,6860,7120,54.13,-12.779,48.787,53.45,-14.135,49.282,53.790000000000006,-13.457,49.0345,53.36276308150772,-13.458215379076258,45.089172960418246,-2.313600525983877,1.2287367895468178,1.5956694519855912,1.5760774683379415,1.616016163590776,2.2781240731086703
TYR_44_A_HE2,ASN_45_C_OD1,6870,7119,54.178,-14.323,49.14,53.73,-14.495,49.282,53.95399999999999,-14.409,49.211,53.506002066251625,-14.410274438821451,45.07395499009867,-3.2734854203306822,1.3048054178954287,0.5004517958804812,2.077454524198112,1.5407213427418505,2.320759138828683
TYR_44_A_HE2,ASN_45_C_OD1,6880,7119,55.475,-13.093,48.821,53.73,-14.495,49.282,54.6025,-13.794,49.0515,54.164037197101614,-13.795247313828217,45.00250732813426,-2.7070175553322646,2.0087141649887674,2.285421186564965,1.3338004203374356,1.6919511700970877,2.2797894252596227
TYR_44_A_HH,LEU_30_C_CD1,6890,2310,53.188,-10.837,45.769,53.373,-10.638,44.642,53.2805,-10.7375,45.2055,53.26891280361019,-10.737532962591562,45.09849782567716,0.4069100921611851,1.3278812079600912,1.1592907314388343,2.1154123988669054,1.3381986095056142,2.2005354607582115
TYR_44_A_HH,LEU_30_C_CD1,6900,2325,53.574,-10.681,46.138,53.739,-10.289,44.803,53.6565,-10.485,45.4705,53.61218232560351,-10.485126072377732,45.06124763542237,0.6341585686662333,1.6902193229260567,1.4011117014713714,2.5083007410919342,1.376036718228897,2.225557890275746
TYR_44_A_HH,LEU_30_C_HD12,6910,2677,53.932,-11.8,46.515,53.75,-11.166,44.564,53.841,-11.483,45.5395,53.78719139483421,-11.483153071633115,45.04260346383001,-0.3738475044116907,1.7948970537387323,2.059485615390407,2.2565611831240417,1.4582097156766294,2.2174987135328257
TYR_44_A_HH,LEU_30_C_HD12,6920,2678,53.707,-11.838,44.461,53.655,-11.574,44.355,53.681,-11.706,44.408,53.75016244993202,-11.705803250630105,45.04668189294944,-0.5932899370662367,1.7419263325552652,0.2891988934971916,1.6330484893296484,1.2351450024276334,2.145205796742388
TYR_44_A_HH,TYR_44_C_HH,6930,6952,52.311,-13.024,44.911,52.319,-13.094,44.856,52.315,-13.059,44.8835,52.34914514756749,-13.058902865843018,45.19881398186258,-1.8428921089942527,0.240138519778767,0.0893812060782357,2.9467976278688144,1.1807433824695883,2.2445508344353087
TYR_44_A_HH,TYR_44_C_HH,6940,6968,51.456,-12.223,45.931,51.468,-12.233,45.599,51.462,-12.228000000000002,45.765,51.41165393785462,-12.22814322158937,45.30007837988436,-0.9472648252224382,-0.6414269069931609,0.3323672667396723,2.1632443236635104,1.2215046467360078,2.236897849410331
ASN_45_A_O,TYR_44_C_CE2,6950,6635,52.255,-17.922,40.643,50.824,-15.851,42.294,51.5395,-16.8865,41.4685,51.948281698742406,-16.885337121274162,45.24340197950588,-5.63102156316354,-0.4339192994991978,3.0104157520183152,2.837929196592172,1.6990101988704989,2.4844391318163104
ASN_45_A_O,TYR_44_C_CE2,6960,6639,53.097,-18.266,39.472,50.529,-15.802,41.933,51.813,-17.034,40.7025,52.30060471178087,-17.03261289008854,45.20529451692845,-5.803092374858356,-0.0908952885857578,4.32694360952393,2.4597840661070185,1.9313765015902369,2.476392931805617
ASN_45_A_CB,LEU_30_C_HD22,6970,2787,53.802,-15.859,38.481,53.389,-11.76,39.888,53.5955,-13.8095,39.1845,54.22481594676899,-13.80770975809685,44.99592947568671,-2.723790069678801,2.068808422897453,4.353391666275846,1.7714001183121002,2.171540266884856,2.0732958506339245
ASN_45_A_CB,LEU_30_C_HD22,6980,2787,54.67,-16.14,38.48,53.389,-11.76,39.888,54.0295,-13.95,39.184,54.65384374819209,-13.94822390272212,44.94951361813194,-2.894595543965336,2.489271264323423,4.77575386719207,1.8360116171266765,2.2562842153929425,2.058963336749602
ASN_45_A_CG,LEU_30_C_CD2,6990,2409,53.091,-13.196,40.472,52.698,-12.131,40.657,52.8945,-12.6635,40.5645,53.384196021652464,-12.662106940850189,45.08660675570611,-1.5210350258047207,1.3068042582542536,1.1501734651781867,1.8244906223091708,1.603797631907635,2.064502513662874
ASN_45_A_CG,LEU_30_C_CD2,7000,2408,52.332,-13.497,40.496,52.235,-12.16,40.657,52.2835,-12.8285,40.5765,52.77899894760987,-12.827090433019324,45.15219398025879,-1.642370956644678,0.6878839669163765,1.3501477696904134,1.5067455107458876,1.6073880396166402,2.079329810514544
ASN_45_A_CG,TYR_44_C_HE2,7010,6902,52.501,-15.061,39.207,50.503,-14.279,41.171,51.502,-14.67,40.189,52.04809352257849,-14.668446504474934,45.23191049652869,-3.4268632840196327,-0.1762669335245515,2.908749559518657,1.6603101484670315,1.8246745758026734,2.2638916111223804
ASN_45_A_OD1,TYR_44_C_CE2,7020,6646,51.579,-16.382,40.355,50.494,-15.438,41.633,51.0365,-15.91,40.994,51.50186733261614,-15.908676149709088,45.29144303743175,-4.624940419293554,-0.8124177999694655,1.923965956039768,2.08525908772935,1.6767842196178306,2.4384834282971504
ASN_45_A_OD1,TYR_44_C_CZ,7030,6654,52.058,-14.421,42.373,51.982,-14.169,42.823,52.02,-14.295,42.598,52.30223180886972,-14.294197123141034,45.20427473602532,-3.071713389759417,0.1053021625307659,0.5213252343786957,1.982179034406137,1.2742989781475123,2.2266309518279725
ASN_45_A_OD1,TYR_44_C_CE2,7040,6641,50.972,-15.16,41.779,51.069,-15.059,41.933,51.0205,-15.1095,41.856,51.393762909420296,-15.108438163088405,45.30290307805272,-3.819002656386539,-0.8640226097908708,0.2081489851044182,1.709231435167475,1.3847430587605476,2.348415444711476
ASN_45_A_OD1,TYR_44_C_CE2,7050,6645,50.371,-16.074,41.238,50.109,-15.694,41.633,50.24,-15.884,41.435500000000005,50.66734284067382,-15.8827843196024,45.38180517987991,-4.539502027337126,-1.6478620605192664,0.6075104937365307,2.613560098694781,1.492009181651576,2.533923788054679
ASN_45_A_OD1,TYR_44_C_HE2,7060,6889,50.914,-14.692,41.475,50.766,-14.665,41.548,50.84,-14.6785,41.5115,51.25221409468719,-14.677327356991086,45.318098501846,-3.3788702022215182,-0.9754089544708194,0.1672184200379882,1.6652708707103872,1.4505755199235992,2.308351969412951
ASN_45_A_OD1,TYR_44_C_HE2,7070,6902,51.018,-14.482,40.311,50.503,-14.279,41.171,50.7605,-14.3805,40.741,51.256095576888896,-14.379090158133897,45.31758630508106,-3.081663974872154,-0.9503248268888488,1.022758035900965,1.80457113724188,1.6130248620334844,2.282107154340848
ASN_45_A_OD1,TYR_44_C_HE2,7080,6911,51.489,-15.597,39.715,50.381,-14.696,41.171,50.935,-15.1465,40.443,51.46049445411533,-15.14500510352318,45.29568802679287,-3.8602439715341577,-0.7996685028533735,2.0394609581945864,1.962865779664664,1.7714488749730837,2.353866406642977
ASN_45_A_ND2,LEU_30_C_HD22,7090,2785,54.983,-13.083,39.757,53.994,-11.583,40.28,54.4885,-12.333,40.0185,55.018150277909605,-12.33149328127406,44.909565056674,-1.3079739918786473,2.969651413725157,1.8712696224756065,1.783476880929217,1.8587502166964336,2.066357741278733
ASN_45_A_HB2,LEU_30_C_HD22,7100,2784,55.046,-14.268,39.134,53.61,-11.839,40.28,54.328,-13.0535,39.707,54.8928754891139,-13.051893074614007,44.92335290569626,-2.0176045177926123,2.7927778531691083,3.04556283796608,1.4005081324596025,2.0529866196809894,2.0266685470576338
ASN_45_A_HB2,LEU_30_C_HD22,7110,2784,54.959,-15.261,38.775,53.61,-11.839,40.28,54.2845,-13.55,39.5275,54.869108692521934,-13.548336938728994,44.92607952894332,-2.511096046770867,2.733660037422074,3.9742810670610615,1.675177174609179,2.155305498012146,2.04231869580691
ASN_45_A_HB3,TYR_44_C_CE2,7120,6640,52.581,-17.252,40.047,50.858,-15.473,41.933,51.7195,-16.3625,40.99,52.17739396573074,-16.361197409514475,45.21843009596184,-5.124572477094547,-0.1668092350769098,3.1129673946252674,2.418241111585859,1.8184433362361665,2.427153697900976
ASN_45_A_HB3,TYR_44_C_CE2,7130,6640,53.264,-17.932,39.24,50.858,-15.473,41.933,52.061,-16.7025,40.5865,52.55813526372662,-16.701085778121108,45.17730457099034,-5.490799099079343,0.1910418642192301,4.368954794913768,2.603761159752883,1.9560302729835408,2.428273742545216
ASN_45_A_HB3,TYR_44_C_CE2,7140,6647,53.216,-15.991,38.56,50.75,-15.053,41.633,51.983,-15.522,40.096500000000006,52.533447168972906,-15.52043411947143,45.17961432278337,-4.311367669186407,0.2501576677649645,4.050225796174826,2.5944814487124828,1.9408023623910395,2.338135431891006
ASN_45_A_HB3,TYR_44_C_CE2,7150,6647,53.516,-16.219,38.351,50.75,-15.053,41.633,52.133,-15.636,39.992,52.69289740196337,-15.634407235990754,45.16238267000209,-4.436442646955834,0.4020373171041413,4.447677596229297,2.619482820862549,1.9812911353584997,2.346553440282427
ASN_45_A_HD22,LEU_30_C_CD2,7160,2409,53.178,-13.002,40.709,52.698,-12.131,40.657,52.938,-12.5665,40.683,53.41450507686826,-12.565144465693184,45.083294737872045,-1.426482640524125,1.3441027343160197,0.9958639465308494,1.7644679101122276,1.5698578135235859,2.0637174269787404
ASN_45_A_HD22,LEU_30_C_CD1,7170,2317,54.116,-12.126,42.244,53.933,-11.665,42.144,54.0245,-11.895499999999998,42.194,54.32666102118735,-11.894640429661116,44.98431140708772,-0.8228304981285526,2.3069142007238157,0.505974307648126,2.7742889648017366,1.288913172991723,2.1208226361064186
ASN_45_A_HD22,LEU_30_C_CD2,7180,2404,52.931,-12.929,40.886,52.58,-12.197,41.08,52.7555,-12.563,40.983,53.20200999805699,-12.561729793972644,45.10630464088763,-1.4078975881923133,1.1311476452277776,0.8346622071233364,1.720122467780021,1.5137421972325402,2.0705963508654612
ASN_45_A_HD22,LEU_30_C_CD2,7190,2388,52.985,-12.242,42.151,52.741,-12.106,42.109,52.863,-12.174,42.13,53.185482949325575,-12.173082619005768,45.107974619487926,-1.0190520417125633,1.1421794066870674,0.2824818578245341,1.7514883136246386,1.324633163152726,2.095447857448558
ASN_45_A_HD22,LEU_30_C_CD2,7200,2386,52.501,-12.883,41.343,52.594,-12.179,41.474,52.5475,-12.531,41.4085,52.950876749519885,-12.52985249696364,45.1334898782989,-1.358161828667405,0.8814489028541302,0.7220983312541286,1.691102775222718,1.433262419511928,2.088850653123674
GLU_46_A_C,LYS_51_C_HG3,7210,8865,56.46,-23.151,40.973,57.428,-23.643,43.1,56.944,-23.397,42.0365,57.22955919578658,-23.39618765758161,44.67350155060056,-12.50267155464871,4.402223750526153,2.388140908740521,2.500863123758442,1.9891775762837762,2.5675147530591103
GLU_46_A_O,LYS_51_C_HB2,7220,8802,54.69,-23.843,40.164,55.787,-24.321,43.868,55.2385,-24.082,42.016000000000005,55.54604386095994,-24.081125116867334,44.85601933818016,-13.065620675899943,2.664476865794481,3.8924939306311073,1.8434088861683533,1.7806626741859852,2.46973021892663
GLU_46_A_O,LYS_51_C_HG3,7230,8865,55.797,-22.881,39.376,57.428,-23.643,43.1,56.6125,-23.262,41.238,56.98736385746916,-23.26093360880324,44.69968706172261,-12.350458753623077,4.168837410286876,4.1363004001160295,1.3635595919895966,2.1808717411759746,2.514310395800512
GLU_46_A_CB,LYS_51_C_HG3,7240,8875,57.211,-22.442,39.242,57.963,-23.505,42.891,57.587,-22.9735,41.0665,57.96891560764999,-22.972413548388865,44.59330657611982,-12.132782334088745,5.174134106611081,3.874361108621653,1.856474301987872,2.329630324224734,2.5150309822118855
GLU_46_A_CG,LYS_51_C_HG3,7250,8875,57.198,-22.455,39.185,57.963,-23.505,42.891,57.5805,-22.98,41.038,57.96554163595496,-22.978904655642868,44.59367394095713,-12.139016026418409,5.170287784309886,3.927105931853631,1.8273152976421292,2.334742607470056,2.5130317829963578
GLU_46_A_OE1,LYS_51_C_HE3,7260,8974,59.73,-20.86,39.415,59.697,-21.837,42.824,59.7135,-21.3485,41.1195,60.06504166723529,-21.347499954432084,44.36581787481648,-10.6617063254073,7.392641517326827,3.546392392276973,2.2496807633468765,2.6711798308214214,2.5835468478970154
GLU_46_A_OE1,LYS_51_C_HE3,7270,8973,60.901,-21.526,38.219,60.107,-21.837,42.824,60.504000000000005,-21.6815,40.5215,60.91039667782122,-21.68034390604485,44.27437746073649,-11.054094754831963,8.217143099998877,4.683287520535118,1.8655999628777256,2.8511571934651303,2.546179825383785
GLU_46_A_OE1,LYS_51_C_HE3,7280,8974,59.482,-21.325,39.735,59.697,-21.837,42.824,59.5895,-21.581,41.2795,59.92536110389545,-21.58004456159912,44.38101542946857,-10.883685540691372,7.235976755026311,3.1385171657966118,2.3835912313697354,2.6172158310050073,2.598227976456377
GLU_46_A_OE1,LYS_51_C_HE3,7290,8972,60.653,-22.148,39.189,60.312,-22.192,42.824,60.4825,-22.17,41.0065,60.83725039772675,-22.168990826419652,44.28244895448846,-11.536281754980257,8.109036499909811,3.651224726033716,2.0686686751610823,2.802635968902511,2.568187240870244
GLU_46_A_OE1,LYS_51_C_HE3,7300,8971,60.362,-23.164,38.854,60.107,-22.547,42.824,60.2345,-22.8555,40.839,60.61007571339293,-22.854431583756345,44.3072607081065,-12.203762650809145,7.832409954109295,4.025743906410341,2.015793259313494,2.756111613887514,2.5587872245505023
GLU_46_A_OE1,LYS_51_C_HE3,7310,8971,60.353,-23.308,38.471,60.107,-22.547,42.824,60.23,-22.9275,40.6475,60.62612729447101,-22.92637311979749,44.3055446547271,-12.27666897660884,7.843403150216654,4.425861046169436,1.9061828387083275,2.7648396503415507,2.554639601831505
GLU_46_A_OE2,LYS_51_C_HE3,7320,8973,60.898,-20.133,38.413,60.107,-21.837,42.824,60.5025,-20.985,40.6185,60.89850878121703,-20.98387345693719,44.27545024194296,-10.358535253852848,8.25470025674842,4.794394435171143,2.024881271536733,2.8445776813406325,2.5679598379809665
GLU_46_A_HB3,LYS_51_C_HE3,7330,8974,59.01,-20.822,40.461,59.697,-21.837,42.824,59.3535,-21.3295,41.6425,59.65323479393001,-21.328647331653237,44.410406367663015,-10.613485038965852,6.980812470858067,2.66194721961199,2.905253201059686,2.5093868256201604,2.6491631245084157
GLU_46_A_HB3,LYS_51_C_HE3,7340,8967,58.632,-20.689,41.147,59.397,-21.609,43.033,59.0145,-21.149,42.09,59.27026027363267,-21.148272427845875,44.45182286581122,-10.406209233405724,6.609387302259129,2.233522106449814,2.818006847023328,2.3562747708931036,2.676943975453631
GLU_46_A_HB3,LYS_51_C_HG3,7350,8863,57.856,-21.931,41.167,58.058,-23.097,43.1,57.957,-22.514000000000003,42.1335,58.22040642088613,-22.513250676524805,44.565931350710215,-11.692744428545192,5.4590800956891705,2.266461779955709,2.466863678295784,2.1025599239179256,2.612717905730568
GLU_46_A_HB3,LYS_51_C_HE3,7360,8974,59.038,-21.198,40.516,59.697,-21.837,42.824,59.3675,-21.5175,41.67,59.66413528298447,-21.51665614896416,44.409283877860126,-10.801797365217936,6.97839093969656,2.483840977196408,2.738383337383669,2.499975280424375,2.6482659273100664
GLU_46_A_HG2,LYS_51_C_HG3,7370,8875,57.86,-22.865,37.934,57.963,-23.505,42.891,57.9115,-23.185,40.4125,58.35966177677981,-23.183725095087294,44.55105802133413,-12.371471745791633,5.5511585667991685,4.999205736914616,1.922981898253856,2.3797381416415266,2.506068937334761
ALA_47_A_CA,LYS_51_C_HG3,7380,8864,57.468,-22.778,42.62,57.663,-23.277,43.1,57.5655,-23.0275,42.86,57.75570075188208,-23.02695892781237,44.616412278220906,-12.171959440302771,4.956338787664906,0.719323293102624,2.4911934217899327,1.8389813114899736,2.6334861287750977
ALA_47_A_C,LEU_48_C_HA,7390,7815,53.292,-22.092,44.93,53.265,-21.698,45.322,53.2785,-21.895,45.126000000000005,53.27581309393167,-21.895007643556244,45.10118771738727,-10.722860199079934,0.5420635636567958,0.5564431687063839,1.1838564556035358,1.2950645960946268,2.2535004163890244
ALA_47_A_O,ALA_47_C_O,7400,7438,52.339,-23.461,44.508,52.196,-23.254,45.31,52.2675,-23.3575,44.909000000000006,52.299805898899294,-23.35740809803212,45.207329406819895,-12.1118464294507,-0.5410746750192468,0.8405367332841548,1.5906032257395113,1.3437183327553595,2.369883119429593
ALA_47_A_O,LYS_51_C_HB2,7410,8786,54.528,-24.618,44.643,55.034,-24.709,44.87,54.781,-24.6635,44.7565,54.80053854152648,-24.663444417877944,44.93692901458618,-13.59321518056558,1.8751326037542573,0.5620017793566129,1.803024933355106,1.3795854844933881,2.463579903157711
ALA_47_A_O,ALA_47_C_O,7420,7472,52.884,-23.627,44.715,52.663,-23.574,45.362,52.7735,-23.6005,45.0385,52.786088106324456,-23.600464190077275,45.15474509519048,-12.389024519378928,-0.0704537389870318,0.6857543291879383,1.8951708485470955,1.3984501120282993,2.412899568639944
ALA_47_A_CB,LYS_51_C_CB,7430,8610,56.805,-23.406,44.364,56.701,-23.342,44.079,56.753,-23.374,44.2215,56.80690252990492,-23.373846661175172,44.71926388586974,-12.450195684900455,3.979756885839602,0.3100596716762725,2.8659532929556057,1.5142922069929803,2.5993680834886628
ALA_47_A_CB,LYS_51_C_HG3,7440,8847,56.917,-23.438,43.919,56.818,-23.389,43.963,56.8675,-23.4135,43.941,56.950099794020325,-23.413265024844502,44.70376928960701,-12.499743338620098,4.120626954941336,0.118903322073023,2.7562912205002084,1.5471559371506145,2.6028566979694263
ALA_47_A_CB,LEU_48_C_HD21,7450,8026,55.423,-21.214,45.983,55.261,-21.406,45.717,55.342,-21.31,45.85,55.23788370932255,-21.31029618405084,44.888536233431616,-10.279781627087136,2.552165706167642,0.3658742953529242,1.78594810419441,1.4021319410330193,2.384961891540462
ALA_47_A_CB,LEU_48_C_HD21,7460,8030,56.547,-21.147,46.168,56.731,-20.977,45.687,56.639,-21.062,45.9275,56.51154729014759,-21.06236257015736,44.75053564911202,-10.123455300713625,3.8476564375020823,0.5423255479875557,2.7418706414605807,1.6373562921973264,2.550405348024491
ALA_47_A_CB,LEU_48_C_CD2,7470,7760,57.174,-20.675,45.801,57.326,-20.822,45.715,57.25,-20.7485,45.758,57.13359735409268,-20.74883113556936,44.68307766417362,-9.85515068712698,4.494039804080286,0.228273958216875,2.791973905812504,1.7067427805547677,2.590444875705417
ALA_47_A_CB,LYS_51_C_CD,7480,8671,57.749,-21.054,45.501,57.79,-21.376,45.575,57.7695,-21.215,45.538,57.67063890937748,-21.2152812343592,44.62506547324603,-10.358784076482076,4.999715738040645,0.3329279201268681,3.395015467944128,1.7771338416757747,2.66077452138644
ALA_47_A_H,LYS_51_C_HE3,7490,8963,57.728,-21.222,42.469,58.966,-21.741,43.352,58.347,-21.4815,42.9105,58.522686445272925,-21.481000217279163,44.53287965171488,-10.684695238588654,5.83570121722987,1.606765073058283,3.350740230207352,2.0425759280419586,2.693360027238185
ALA_47_A_HA,LYS_51_C_HG3,7500,8857,56.469,-24.55,42.732,57.124,-24.134,43.423,56.7965,-24.342,43.0775,56.97237737678302,-24.341499674128155,44.70164281219304,-13.427223481808554,4.077026946663785,1.0390197303227715,2.4239893533075003,1.6834131117163387,2.6152375153871654
ALA_47_A_HA,LYS_51_C_HG3,7510,8864,57.316,-23.234,43.114,57.663,-23.277,43.1,57.4895,-23.2555,43.107,57.65415171298339,-23.255031608252548,44.62747921710343,-12.392201852495118,4.8382493644622375,0.3499342795440249,2.509335476372564,1.7802769624864159,2.6383627469005164
ALA_47_A_HA,LYS_51_C_HG3,7520,8857,56.696,-24.416,42.884,57.124,-24.134,43.423,56.91,-24.275,43.1535,57.07642502812084,-24.27452656362737,44.69035492776564,-13.367851988552529,4.186177088223293,0.7437936541810539,2.534237883157377,1.6617495492028942,2.620775555730762
ALA_47_A_HA,LYS_51_C_HG3,7530,8865,56.66,-23.165,41.434,57.428,-23.643,43.1,57.044,-23.404,42.267,57.303728977338345,-23.403261137905243,44.66547193185473,-12.51502527617961,4.476136205233499,1.895748928524032,2.4188677277488546,1.933356025183644,2.5879800784733
ALA_47_A_HB1,LEU_48_C_CD2,7540,7772,56.242,-19.075,45.102,56.086,-19.372,45.382,56.164,-19.2235,45.242,56.11536417911169,-19.223638356393156,44.79287163365919,-8.261077664000778,3.580805045127362,0.4369725391829567,2.238976964632155,1.5012482712732707,2.4368844424642746
ALA_47_A_HB2,LEU_48_C_HA,7550,7790,54.49,-22.677,45.219,54.614,-22.586,45.648,54.552,-22.6315,45.4335,54.50166365102561,-22.6316431939579,44.96866807633731,-11.545199429130728,1.719629344590734,0.455738960370957,1.682968817836484,1.3008445714883077,2.32837756580916
ALA_47_A_HB2,LYS_51_C_HB2,7560,8784,55.797,-23.669,44.885,55.377,-23.436,44.779,55.587,-23.5525,44.832,55.589078751690494,-23.552494086486448,44.851196270027415,-12.541399688516544,2.7452133908307244,0.4918587195526725,2.5538458419558907,1.445437659416728,2.481767736832646
ALA_47_A_HB2,LEU_48_C_HD21,7570,8027,55.881,-22.012,46.367,55.702,-22.013,45.717,55.7915,-22.012500000000003,46.042,55.66164630269912,-22.01286940034872,44.842863687158,-11.010849625280551,2.92741152333948,0.6741973004988961,2.864742595486628,1.459355189211393,2.4679202293189517
ALA_47_A_HB2,LEU_48_C_HD21,7580,8028,55.991,-22.775,46.086,55.814,-22.357,45.551,55.9025,-22.566,45.8185,55.795300132650326,-22.56630495603286,44.82856088896345,-11.572433731727234,3.0221855808590297,0.7016252561018563,2.6432011498634664,1.4456443187384223,2.487344154341348
ALA_47_A_HB3,LYS_51_C_HE3,7590,8963,57.759,-21.421,42.851,58.966,-21.741,43.352,58.3625,-21.581,43.1015,58.5175665387633,-21.58055887560629,44.533464752662695,-10.783636564525349,5.823490719468794,1.3454553132675942,3.377023336304295,2.006463770468936,2.7047462208221913
ALA_47_A_HB3,LYS_51_C_HE3,7600,8958,58.337,-20.906,44.0,59.066,-21.356,43.744,58.7015,-21.131,43.872,58.77015261577783,-21.130804700977052,44.50597382024496,-10.353061815653463,6.108867104085887,0.8941347773126832,2.951915028302532,1.9595212844931595,2.7195005265861014
ALA_47_A_HB3,LYS_51_C_CD,7610,8658,57.925,-20.952,45.246,58.168,-21.212,45.617,58.0465,-21.082,45.4315,57.95582305220252,-21.082257952579194,44.594142087967,-10.24646832915612,5.295294183591237,0.5140914315566798,3.1551845713120903,1.8359381192786088,2.6766286271188253
ALA_47_A_HB3,LYS_51_C_CD,7620,8672,58.352,-22.083,44.956,58.274,-21.816,44.926,58.313,-21.9495,44.941,58.271763018288304,-21.949617308599915,44.56019634765637,-11.13420400048062,5.5506527663532825,0.2797731223688207,3.052503961092966,1.8436838545698349,2.7088190459908494
ALA_47_A_HB3,LYS_51_C_HE3,7630,8951,58.352,-22.083,43.756,58.741,-22.101,43.532,58.5465,-22.092,43.644,58.64138465260382,-22.09173007758356,44.52021403805705,-11.30236054047586,5.911399429262304,0.4492449220636823,2.7145501800236844,1.9253834397172485,2.724382692189957
LEU_48_A_CA,LEU_48_C_HA,7640,7810,53.274,-19.882,44.229,53.31,-20.386,45.457,53.292,-20.134,44.843,53.31938923372985,-20.13392208467913,45.09592637351928,-8.969338018559892,0.7109092618807582,1.327891561837789,1.3270489466524256,1.2801155715448633,2.2175351628710684
LEU_48_A_CA,LEU_48_C_CA,7650,7683,52.55,-20.017,44.527,52.834,-20.514,45.569,52.692,-20.2655,45.048,52.7044059574326,-20.265464708243996,45.16256303795908,-9.056618542085406,0.0845463900561276,1.1888772013963451,1.409309823028056,1.3098142128335228,2.2976104378067688
LEU_48_A_CD1,TYR_44_C_CE2,7660,6638,50.064,-16.215,41.554,50.115,-16.013,41.933,50.0895,-16.114,41.7435,50.485628286083134,-16.1128731169766,45.40155381178718,-4.7560290549025375,-1.846525315357935,0.4324881501266801,3.2604095169119045,1.4250858018878736,2.588987583356697
LEU_48_A_CD1,TYR_44_C_CG,7670,6518,49.208,-17.93,44.228,49.227,-17.756,44.317,49.2175,-17.843,44.2725,49.35310286594457,-17.842614244746144,45.52472711451033,-6.400499876934054,-3.105693919774434,0.1963619107668274,2.916116721528514,1.328932023536176,2.642470261480671
LEU_48_A_CD1,TYR_44_C_CG,7680,6516,48.631,-17.375,43.778,48.857,-17.569,43.661,48.744,-17.472,43.7195,48.94426872465055,-17.47143028702101,45.5688851545758,-6.001050020244801,-3.489507194757821,0.3200015624961831,3.098997599824261,1.4068353265757538,2.729149595121438
LEU_48_A_CD1,TYR_44_C_CG,7690,6528,49.395,-17.38,44.109,49.367,-17.533,43.96,49.381,-17.4565,44.0345,49.540169187793246,-17.456047204625687,45.50435073922232,-6.0282723491596775,-2.8905433922028334,0.2153926646847596,2.5294979811866134,1.294080523764104,2.626035474148591
LEU_48_A_CD1,TYR_44_C_CD2,7700,6559,49.164,-16.517,43.221,49.467,-17.196,43.058,49.3155,-16.8565,43.1395,49.57120420076443,-16.85577258735875,45.50080505989671,-5.431731654599912,-2.8167561321837757,0.7611957698253453,2.870573200691716,1.3390200494309803,2.6679356055884758
LEU_48_A_CD1,TYR_44_C_HD2,7710,6837,48.409,-17.05,41.573,48.312,-16.582,41.809,48.3605,-16.816000000000003,41.691,48.7823109867612,-16.814800056303064,45.586221175020334,-5.334510220511842,-3.605346746430559,0.5330375221314151,3.573829252892163,1.5889792110317613,2.8386638866277925
LEU_48_A_CD1,TYR_44_C_CD2,7720,6549,48.899,-17.292,40.912,48.518,-16.673,41.949,48.7085,-16.9825,41.4305,49.15416533428824,-16.981232196823676,45.54600457806085,-5.527084159678474,-3.2440878838432368,1.266369219461687,3.153245717120497,1.6306784669935113,2.7945813424371897
LEU_48_A_CD2,TYR_44_C_HB2,7730,6782,47.901,-19.486,41.914,47.613,-18.307,43.313,47.757000000000005,-18.8965,42.6135,48.08713550346236,-18.895560849458764,45.6621422688667,-7.360354514908302,-4.450659314813321,1.852076132344459,2.6005397778295336,1.8694182405664155,2.7925008421452966
LEU_48_A_CD2,ALA_47_C_CB,7740,7497,48.385,-20.216,44.848,48.227,-20.284,45.032,48.306,-20.25,44.94,48.38080179345368,-20.24978720814917,45.63075851254489,-8.732135713532973,-4.252240052366695,0.2518809242479453,2.2679541782596746,1.660925030424202,2.6614353433433644
LEU_48_A_CD2,ALA_47_C_CB,7750,7516,47.233,-20.842,42.908,48.366,-21.636,44.448,47.7995,-21.239,43.678,48.01528223357816,-21.23838615508078,45.67064493293692,-9.692126362887134,-4.689208364959438,2.070199265771294,2.4671013814352123,1.9785199910194295,2.7664066891195076
LEU_48_A_CD2,ALA_47_C_CB,7760,7515,48.765,-21.175,44.788,48.622,-21.251,44.448,48.6935,-21.213,44.618,48.79830717552947,-21.21270185055957,45.58584375521156,-9.722440233175348,-3.9017694452784544,0.3765966011530079,2.205159662232484,1.631657046416083,2.6582083543210073
LEU_48_A_HA,ALA_47_C_CB,7770,7508,50.427,-21.304,44.674,50.662,-21.216,44.748,50.5445,-21.26,44.711,50.61790022512517,-21.25979119525034,45.38881570450341,-9.899388272532162,-2.079505546537653,0.2616199533674734,1.784265982937217,1.3545040404517876,2.4092305996954813
LEU_48_A_HA,ALA_47_C_HB2,7780,7596,51.263,-23.229,44.673,51.257,-23.247,45.05,51.26,-23.238,44.8615,51.30906367741704,-23.237860426465136,45.31457941518232,-11.921829893867551,-1.526598939410225,0.3774771516264216,1.9210263828033216,1.334904805746545,2.3971811037785216
LEU_48_A_HA,ALA_47_C_CB,7790,7476,51.256,-20.835,45.035,50.736,-20.822,45.308,50.996,-20.8285,45.1715,51.01486356402695,-20.82844633801521,45.3456959226769,-9.497489515342188,-1.650582496505176,0.5874504234401445,1.7756255461568875,1.3073775946474788,2.370556255344155
LEU_48_A_HA,ALA_47_C_CB,7800,7508,50.65,-20.968,44.772,50.662,-21.216,44.748,50.656,-21.092,44.76,50.72285765094127,-21.091809807190053,45.37739818504535,-9.73932875822634,-1.962265964487207,0.249447389242703,1.8540519999760008,1.3306643498932225,2.3985364589518996
LEU_48_A_HB2,TYR_44_C_CG,7810,6527,51.714,-18.022,43.672,50.078,-17.102,44.361,50.896,-17.561999999999998,44.01649999999999,51.03953942555045,-17.561591667276677,45.34201741752263,-6.24065352912499,-1.3937143821956834,1.99940416124404,2.881468688022397,1.2926192127573275,2.458720581258586
LEU_48_A_HB2,TYR_44_C_CZ,7820,6674,52.41,-17.201,43.196,51.322,-15.799,43.649,51.866,-16.5,43.4225,52.06183977852183,-16.49944288623288,45.23098597156476,-5.254214278043545,-0.2925678748336573,1.8315449762427325,2.951870978055442,1.2642536183606832,2.409652506474775
LEU_48_A_HB2,TYR_44_C_O,7830,6479,52.117,-18.496,44.032,50.932,-18.556,45.614,51.5245,-18.526,44.82299999999999,51.57446339714684,-18.52585786699407,45.28438789327575,-7.240693669204899,-0.925532964794532,1.9775108090728584,2.0937125220785906,1.3285898798583244,2.402369400067108
LEU_48_A_HB3,TYR_44_C_CD2,7840,6563,51.313,-19.925,40.337,49.466,-17.04,42.657,50.3895,-18.4825,41.497,50.80861311206333,-18.481307731062238,45.36730760240008,-7.1415496807966665,-1.690750268243569,4.1372737400370285,3.628437786627168,1.8469452058715659,2.6289906968662677
LEU_48_A_HB3,TYR_44_C_CD2,7850,6567,51.664,-19.309,40.344,49.551,-16.722,42.296,50.6075,-18.015500000000003,41.32,51.04301600229753,-18.014261069061085,45.341780388498776,-6.692427279636997,-1.422388559233709,3.868803691065236,3.7313169930154766,1.8536694792996664,2.6206095887155794
LEU_48_A_HG,ALA_47_C_HB1,7860,7584,50.171,-20.5,44.779,50.06,-20.674,44.775,50.1155,-20.587,44.777,50.18678617252532,-20.5867972091859,45.43529344759104,-9.197299620043676,-2.464228740896125,0.2064291646061651,2.019465275177037,1.362934238881269,2.446078368445917
LEU_48_A_HG,TYR_44_C_O,7870,6480,51.502,-18.806,44.585,50.654,-18.776,45.353,51.078,-18.791,44.969,51.11752037343213,-18.79088757470884,45.33395160218453,-7.472413104085724,-1.4028173010472813,1.144477173210545,1.860715055762153,1.2788578783726037,2.3980883363056735
LEU_48_A_HG,ALA_47_C_HB1,7880,7575,49.675,-19.694,45.079,49.525,-19.728,45.179,49.6,-19.711,45.129000000000005,49.63955623811951,-19.710887472683037,45.49428279528793,-8.284513604637668,-2.951034555190945,0.1834557167274981,1.8157489761580852,1.3697972624705408,2.485581194013502
LEU_48_A_HG,TYR_44_C_O,7890,6478,51.094,-19.328,45.132,50.932,-18.996,45.614,51.013000000000005,-19.162,45.373,51.01004418307454,-19.16200840853842,45.34570445522071,-7.834918766788951,-1.5370170732480046,0.6072824713426195,1.4696447797009622,1.2692985283163771,2.3603569797178934
LEU_48_A_HG,TYR_44_C_O,7900,6475,49.706,-18.298,44.813,49.59,-18.276,44.974,49.648,-18.287,44.8935,49.71215948727389,-18.286817482771266,45.48598194393099,-6.869228756523163,-2.777010790187906,0.199652197583693,1.822897587336404,1.2643819568016603,2.5268678082554237
LEU_48_A_HD11,TYR_44_C_CE2,7910,6638,50.933,-17.62,40.781,50.115,-16.013,41.933,50.524,-16.8165,41.357,50.95648402343492,-16.815269694260618,45.3507815249355,-5.490284831628908,-1.4240180886345275,2.1397843349272367,3.0136540225181503,1.6492279937948093,2.5816857276943654
LEU_48_A_HD11,TYR_44_C_CD2,7920,6567,50.486,-17.737,40.557,49.551,-16.722,42.296,50.0185,-17.2295,41.4265,50.449417845046426,-17.22827414963505,45.4058186223222,-5.866024639005181,-1.9621049484129869,2.220038513179439,2.81346327389114,1.6835133362390593,2.6482684609225893
LEU_48_A_HD11,TYR_44_C_CD2,7930,6569,50.044,-17.618,40.405,49.131,-16.614,41.996,49.5875,-17.116,41.200500000000005,50.04759940791688,-17.114691135599063,45.449296291659365,-5.724025861872753,-2.35718191878536,2.0911398805436217,2.846210438326475,1.700533314725948,2.6966632452619295
LEU_48_A_HD11,TYR_44_C_CD2,7940,6569,50.134,-18.32,40.196,49.131,-16.614,41.996,49.6325,-17.467,41.096,50.1032744751312,-17.465660767780253,45.44337539263838,-6.07808551729938,-2.3262592205345074,2.675153266637262,3.208956635991701,1.772216905087831,2.703379070117539
LEU_48_A_HD12,TYR_44_C_HB2,7950,6777,47.861,-18.645,43.698,47.941,-18.418,43.632,47.901,-18.5315,43.665,48.11690795280915,-18.53088579744193,45.658805889446015,-6.998727787963107,-4.394878188165194,0.2495696295625758,3.204928896882441,1.6652378967114667,2.7644231363371885
LEU_48_A_HD12,TYR_44_C_HB2,7960,6784,47.532,-17.92,42.887,47.498,-17.96,43.104,47.515,-17.94,42.9955,47.80702184212327,-17.93916927301606,45.69218097491019,-6.386370781382318,-4.663747375123838,0.2232599381886488,3.480202164075586,1.7320093346695282,2.8497285246083064
LEU_48_A_HD13,TYR_44_C_CE2,7970,6613,49.968,-16.183,42.368,50.096,-16.383,42.451,50.032,-16.283,42.4095,50.357515545219165,-16.28207399205094,45.415479181035,-4.91565093712938,-1.9870834212097463,0.251541249102404,3.1349505836756872,1.3172337879146094,2.5995382254266235
LEU_48_A_HD13,TYR_44_C_CE2,7980,6630,51.479,-17.414,43.362,50.735,-16.164,43.118,51.107,-16.789,43.24,51.331180363048645,-16.788362264563844,45.31019761119968,-5.4902108204802005,-1.0461710226550864,1.4749820337888864,3.2402375634514096,1.2816284560016926,2.486315906032404
LEU_48_A_HD13,TYR_44_C_CE2,7990,6630,51.123,-16.347,43.229,50.735,-16.164,43.118,50.929,-16.2555,43.1735,51.16234368470919,-16.25483619727206,45.32831647056071,-4.945972695498886,-1.1776588350709285,0.4431184943104923,2.8988796061846998,1.2306154305569559,2.4883693482321427
LEU_48_A_HD13,TYR_44_C_CD2,8000,6546,50.194,-16.789,43.7,50.069,-16.819,43.684,50.1315,-16.804000000000002,43.692,50.31860809279938,-16.80346772563151,45.41985306206929,-5.432947750261471,-2.063164649049249,0.1295414991421669,3.132998285684088,1.2208656791243098,2.550039504197776
LEU_48_A_HD21,ALA_47_C_CB,8010,7528,49.141,-21.765,44.62,49.249,-21.723,44.081,49.195,-21.744,44.3505,49.32264361393855,-21.743636886769647,45.52922725811912,-10.289488037304515,-3.413422305536422,0.5513156990327728,2.247893035062291,1.614238023884015,2.614181823865025
LEU_48_A_HD21,ALA_47_C_CB,8020,7525,49.202,-21.412,44.724,49.118,-21.339,44.221,49.16,-21.3755,44.4725,49.27497896458407,-21.375172914437595,45.534275324935656,-9.918550456112596,-3.4350651228870737,0.5151640515408655,2.201834947680129,1.5577011388950224,2.6058054723934445
LEU_48_A_HD22,TYR_44_C_CB,8030,6487,48.469,-18.947,44.246,48.314,-18.621,44.496,48.3915,-18.784,44.371,48.52616491315623,-18.783616912980428,45.61456557254722,-7.2800543607304515,-4.002224598536694,0.4390911067193239,2.733539296694156,1.5511574380001878,2.6777489264782863
LEU_48_A_HD22,TYR_44_C_HA,8040,6757,47.032,-20.407,43.534,47.304,-19.778,44.968,47.168,-20.0925,44.251000000000005,47.32973333924497,-20.09203991027474,45.744529442110974,-8.499706849176828,-5.295575929660204,1.5893335081096158,2.097810903226469,1.9834257126967207,2.7632918337645127
LEU_48_A_HD22,TYR_44_C_HA,8050,6745,47.577,-19.3,44.232,47.412,-19.038,44.435,47.4945,-19.169,44.3335,47.64358821588516,-19.16857588239625,45.71025782207792,-7.60099598252546,-4.915070980311538,0.3702404624024785,2.7624359044476305,1.8161635351115843,2.7375147546119254
LEU_48_A_HD23,ALA_47_C_CB,8060,7528,48.774,-21.481,40.839,49.249,-21.723,44.081,49.0115,-21.602,42.46,49.34361397159632,-21.60105522122612,45.52691246858032,-10.148764666402077,-3.382252153436608,3.285536942419005,2.590637315671452,2.015918908440569,2.707903688721203
LEU_48_A_HD23,TYR_44_C_CD2,8070,6562,49.476,-20.082,41.001,49.026,-17.196,42.657,49.251000000000005,-18.639000000000003,41.82899999999999,49.64777888955475,-18.63787126617717,45.49306182129551,-7.2147964993684415,-2.866546704627815,3.357652751551296,2.847674028152729,1.7966694778738501,2.6916420611864043
LEU_48_A_HD23,TYR_44_C_CD2,8080,6562,49.18,-19.888,40.906,49.026,-17.196,42.657,49.103,-18.542,41.7815,49.50657523398634,-18.54085193232642,45.50832278668887,-7.107935853300464,-3.0013240130791963,3.215055364997622,2.779809286824502,1.8063847361438177,2.6989409771921298
LEU_48_A_HD23,TYR_44_C_HB2,8090,6782,47.886,-20.184,41.447,47.613,-18.307,43.313,47.7495,-19.2455,42.38,48.10472642625384,-19.244489472241007,45.66034484851891,-7.709657881328212,-4.457801673596961,2.6607544042996545,2.3365191393833045,1.96651390786671,2.778480684415691
GLU_49_A_CA,ALA_47_C_HB2,8100,7624,50.694,-21.468,39.372,50.207,-22.158,43.965,50.450500000000005,-21.813,41.6685,50.85065953121296,-21.81186164912172,45.36378041774158,-10.46669005823167,-1.8852013259617375,4.670001927194467,3.127834322000374,1.964877186940665,2.687677966942097
GLU_49_A_HA,ALA_47_C_HB2,8110,7624,50.591,-21.32,40.228,50.207,-22.158,43.965,50.399,-21.739,42.096500000000006,50.75394337337259,-21.73799027745361,45.37423099157513,-10.386096718423582,-1.9769887042419745,3.849008833453103,3.3558670969828586,1.9547015262576481,2.6791503535618992
GLU_49_A_HB2,ALA_47_C_HB2,8120,7624,51.93,-20.804,39.519,50.207,-22.158,43.965,51.0685,-21.481,41.742,51.45361854020703,-21.47990443687007,45.298384114661694,-10.178642515026308,-1.2566629845673123,4.956708686215082,2.895714506301439,1.9377296425141293,2.6583343025187953
LEU_50_A_N,LYS_51_C_HB2,8130,8802,53.99,-25.164,40.241,55.787,-24.321,43.868,54.8885,-24.7425,42.0545,55.19600155511882,-24.74162523721656,44.89412866412632,-13.69944724935756,2.266348468963812,4.134608445790243,2.128318504076241,1.800760084688186,2.491907209807454
LEU_50_A_CA,LYS_51_C_HB2,8140,8800,54.362,-26.088,40.489,55.692,-24.904,44.077,55.027,-25.496,42.283,55.30846377843169,-25.495199307989964,44.88218234507492,-14.459150313624969,2.325640968456266,4.005558637693375,2.418093911099852,1.8776481612162754,2.5566016859213074
LEU_50_A_CD1,LYS_51_C_HB2,8150,8801,56.074,-24.812,44.436,56.087,-25.084,44.077,56.0805,-24.948,44.2565,56.13850295333596,-24.947834996525827,44.79212932009607,-13.972460906794302,3.197315041678035,0.450592942687744,2.1981154110467216,1.4898284342013308,2.5700467596717136
LEU_50_A_CD1,LYS_51_C_HA,8160,8752,55.843,-26.736,45.948,55.891,-27.175,45.48,55.867,-26.9555,45.714,55.77154140760795,-26.955771555127424,44.83248590460335,-15.949110082193592,2.6864758392685943,0.6434663938388724,2.3573134460590155,1.562327636425195,2.6185094526662906
LEU_50_A_CD1,LEU_50_C_HD21,8170,8506,55.678,-27.235,45.997,55.608,-27.658,45.838,55.643,-27.4465,45.9175,55.5283724464301,-27.44682608588852,44.858969786421085,-16.42155349863555,2.407613310200785,0.4572854688266414,2.484866702818628,1.6712775290478121,2.620704192090604
LEU_50_A_CD1,LYS_51_C_HA,8180,8755,56.863,-27.235,45.582,56.643,-27.425,45.563,56.753,-27.33,45.572500000000005,56.66242976635404,-27.33025764900489,44.73612754172634,-16.38628796675592,3.5537026455902407,0.2913091141725571,2.856226952897391,1.6621780027766737,2.6997585690015917
LEU_50_A_CD1,LYS_51_C_HA,8190,8742,57.326,-26.773,44.921,57.299,-26.612,45.034,57.3125,-26.6925,44.9775,57.279109118027606,-26.692594988465487,44.669151297397,-15.794287632953289,4.217727128202711,0.1985421869527995,3.495586946463842,1.688123095867382,2.7337315214441293
LEU_50_A_CD1,LYS_51_C_HA,8200,8758,57.36,-28.118,44.097,57.194,-27.114,45.244,57.277,-27.616,44.6705,57.27691053570841,-27.61600025450288,44.6696738403836,-16.715202209230814,4.149913152057914,1.5333561230190431,3.56648678901626,1.7704756767553942,2.7527942614866148
LEU_50_A_CD2,LEU_50_C_CD1,8210,8206,51.657,-28.541,44.28,51.642,-28.578,44.544,51.6495,-28.5595,44.412,51.74233644896562,-28.559235904195766,45.2692998645701,-17.260706799206517,-1.4699782991796888,0.2670018726526043,2.747524385340468,1.7199932436833987,2.585739057603234
LEU_50_A_CD2,LEU_50_C_HD23,8220,8551,52.447,-29.779,44.576,52.565,-29.489,45.109,52.506,-29.634,44.8425,52.54286625130992,-29.633895125003196,45.18294206351443,-18.38983380678444,-0.7431562605284515,0.6181528937083444,3.0846163598513154,1.905625091776955,2.6511517352308274
LEU_50_A_CD2,LEU_50_C_HD23,8230,8560,53.088,-29.44,45.034,52.912,-29.631,45.063,53.0,-29.5355,45.0485,53.00908817040383,-29.5354741464942,45.13242487372367,-18.324964858439063,-0.2683999305451728,0.2613388604857695,3.1601281039655404,1.8624816830223172,2.6569649923713197
LEU_50_A_HA,LEU_50_C_CD1,8240,8254,52.935,-28.311,39.642,51.494,-27.619,44.26,52.2145,-27.965,41.951,52.56417928477784,-27.96400525243086,45.18011967037906,-16.725686537143684,-0.6031267537611436,4.886846529204694,3.232207770259788,2.220437450120846,2.6950732925207674
LEU_50_A_HA,LEU_50_C_CD1,8250,8252,53.591,-27.997,40.277,51.862,-27.851,44.4,52.7265,-27.924,42.3385,53.02876776074686,-27.923140126014538,45.12979709547772,-16.71811130452191,-0.1340986224559257,4.473241106848588,3.748556481273033,2.2179442300726473,2.691163306224954
LEU_50_A_HA,LEU_50_C_HD11,8260,8430,53.45,-27.396,39.849,51.76,-26.877,44.241,52.605,-27.1365,42.045,52.9400645979999,-27.135546827453396,45.1391600813915,-15.926172150352256,-0.1671364283458399,4.73446142660388,2.578409747705392,2.142520968933468,2.6672889535153774
LEU_50_A_HB2,LYS_51_C_HB2,8270,8781,56.29,-25.392,42.732,56.553,-24.98,44.0,56.4215,-25.186,43.366,56.57087233829313,-25.185575074141127,44.74538155558548,-14.24048530058485,3.614222594227412,1.3589470188348036,2.4557232318379216,1.6590372879172242,2.6085843392955375
LEU_50_A_HB2,LYS_51_C_HB2,8280,8801,56.148,-25.806,42.35,56.087,-25.084,44.077,56.11750000000001,-25.445,43.2135,56.286727155425176,-25.44451859229637,44.776231222963055,-14.478477272563191,3.3107398866593485,1.8728411571727035,2.167499823666308,1.6953608172138,2.5948993079780878
LEU_50_A_HB3,LEU_50_C_HB3,8290,8353,52.483,-24.955,44.472,52.552,-25.474,45.426,52.5175,-25.2145,44.949,52.5426880947242,-25.214428346353102,45.181599915619685,-13.98152322726472,-0.4293310302058065,1.0882269983785569,2.466723996569117,1.4523121106686188,2.4707768866040842
LEU_50_A_HB3,LEU_50_C_HB3,8300,8348,53.892,-24.998,44.68,53.82,-25.197,45.7,53.856,-25.0975,45.19,53.83987489086742,-25.097545871785403,45.04109238850075,-13.957597163480983,0.8804494878957122,1.0417221318566705,2.27717974624996,1.435385344012422,2.456430628530935
LEU_50_A_HB3,LEU_50_C_HB3,8310,8358,53.411,-25.231,44.769,52.986,-25.28,45.5,53.1985,-25.2555,45.1345,53.195941360327176,-25.25550727867136,45.11087219573312,-14.06916172151434,0.2231635769653007,0.8469870128874504,2.211122036498561,1.4942758600141526,2.4618003657439314
LEU_50_A_HG,LYS_51_C_CG,8320,8646,56.258,-27.115,42.104,57.467,-25.404,43.855,56.8625,-26.2595,42.9795,57.04816496910847,-26.258971830947,44.69402651028324,-15.345263463125118,4.0168283631927055,2.730421762292408,3.071719655757805,1.8531668189928447,2.6899549801707456
LEU_50_A_HG,LYS_51_C_CG,8330,8646,56.23,-27.474,41.936,57.467,-25.404,43.855,56.8485,-26.439,42.8955,57.0433240296646,-26.43844577577696,44.69460602039861,-15.523938040026293,3.999219758231265,3.081822512734955,3.040652081712466,1.9041148611779204,2.6916961626723217
LEU_50_A_HG,LEU_50_C_HD21,8340,8531,55.073,-27.43,40.986,54.346,-27.717,44.881,54.7095,-27.5735,42.9335,54.92508656830139,-27.57288671169813,44.92433805840492,-16.50420145051562,1.7933760114625652,3.972646850652602,3.010484976866427,2.1081516967682337,2.6744844943568915
LEU_50_A_HG,LEU_50_C_HD21,8350,8531,55.266,-28.178,41.017,54.346,-27.717,44.881,54.806,-27.9475,42.949,55.01882137081371,-27.94689457797331,44.91430279226637,-16.88395981162611,1.8608474200063316,3.99867690617784,3.353568880727383,2.1840814730452527,2.6975490102931334
LEU_50_A_HD11,LYS_51_C_HB2,8360,8773,55.06,-24.972,44.783,55.163,-25.028,44.958,55.1115,-25.0,44.8705,55.11501702354267,-24.999989994973188,44.90297801742111,-13.951374154255753,2.1667392924417523,0.2106418761784977,1.86293063755797,1.3893818389033437,2.4991544253770055
LEU_50_A_HD11,LYS_51_C_HB2,8370,8772,54.843,-25.488,45.245,55.047,-25.268,45.294,54.945,-25.378,45.2695,54.907752687412845,-25.378105959018068,44.9255390192391,-14.31372917318296,1.9319244156595932,0.3040016447323875,2.088418384456645,1.375782264385733,2.5038779964824958
LEU_50_A_HD11,LYS_51_C_HA,8380,8720,55.712,-26.558,45.986,55.436,-26.893,45.451,55.574,-26.7255,45.7185,55.48144823468833,-26.725763285952507,44.863829051773536,-15.698961072646512,2.41176559417285,0.6889310560571347,2.3050968566184,1.543947669487044,2.587338278046374
LEU_50_A_HD11,LYS_51_C_HB2,8390,8776,55.95,-25.745,45.458,55.733,-26.044,45.225,55.8415,-25.8945,45.3415,55.78617222482703,-25.8946573932808,44.830574660963,-14.891722692564947,2.776547401875966,0.4367825545966789,2.248976715075764,1.457808464578541,2.5912639087542897
LEU_50_A_HD12,GLN_54_C_HG2,8400,9568,55.292,-28.31,45.646,55.185,-28.463,45.997,55.2385,-28.3865,45.8215,55.13886714733481,-28.38678342982358,44.901438622725216,-17.331312116296893,1.9500359439677883,0.3975663466643019,2.5898210532011308,1.753505108304262,2.639831217019465
LEU_50_A_HD12,LEU_50_C_CD2,8410,8273,55.963,-29.462,43.842,54.451,-28.788,45.199,55.207,-29.125,44.5205,55.24700809606954,-29.124886187263456,44.88995548568786,-18.07527428796358,2.006092120244848,2.140530074537613,3.407727102526535,2.00773939886751,2.691934949340816
LEU_50_A_HD12,GLN_54_C_HG2,8420,9563,56.079,-28.55,45.696,55.901,-28.452,46.423,55.99,-28.501,46.0595,55.85618639914272,-28.50138066525519,44.82379588625186,-17.496859497532245,2.6615848842916625,0.7548622390873745,2.5951968851099942,1.8465119857936512,2.681861090832149
LEU_50_A_HD12,GLN_54_C_C,8430,9344,56.71,-29.031,44.776,57.36,-29.272,45.925,57.035,-29.1515,45.3505,56.964982850486926,-29.15169918077023,44.70392536833379,-18.22473839117002,3.727842357605573,1.3419321890468177,2.7819439970957496,2.0264270403070794,2.714449365538009
LEU_50_A_HD13,LYS_51_C_HB2,8440,8778,56.565,-25.211,43.796,56.667,-25.046,44.025,56.616,-25.1285,43.9105,56.704835936919146,-25.128247284622937,44.730857063829006,-14.192871717188073,3.752702299400325,0.3001166439902994,2.7022360557240983,1.5583909970225707,2.6197961774105765
LEU_50_A_HD13,LYS_51_C_HA,8450,8760,57.551,-27.584,43.826,57.079,-26.767,45.035,57.315,-27.1755,44.4305,57.34014377381177,-27.17542847243469,44.66269063335344,-16.28026074007292,4.244658184344441,1.5336081637758687,3.1561452054932637,1.7249448105573,2.7423954860400293
LEU_50_A_HD13,LYS_51_C_CG,8460,8646,56.71,-26.703,42.48,57.467,-25.404,43.855,57.0885,-26.0535,43.1675,57.2514162572744,-26.053036545177385,44.67195312001691,-15.154367324352924,4.235383451959445,2.037418710034831,2.819241922644266,1.7871942377251595,2.692423532561741
LEU_50_A_HD13,LYS_51_C_CG,8470,8647,57.69,-26.366,43.483,57.881,-25.615,43.855,57.7855,-25.9905,43.669,57.886657836289565,-25.990212231990483,44.6031438660948,-15.137078542497804,4.877189162034059,0.8595731498831282,2.352841142819348,1.7624586126518123,2.7120088522054893
LEU_50_A_HD13,LYS_51_C_CG,8480,8647,57.008,-26.818,42.563,57.881,-25.615,43.855,57.444500000000005,-26.2165,43.209,57.59885343604328,-26.216060904199995,44.63437959271619,-15.34179791991177,4.572386532995636,1.969416664903592,2.5200578794613726,1.816267589106312,2.715979753539405
LEU_50_A_HD21,LEU_50_C_HD21,8490,8498,53.322,-26.807,44.959,53.222,-26.694,45.318,53.272000000000006,-26.7505,45.1385,53.26821060352888,-26.750510779857688,45.10350674985209,-15.565549390914958,0.1894514911332609,0.3894226495724104,2.470545355529929,1.5421654341929698,2.5290796434131706
LEU_50_A_HD21,LEU_50_C_CD1,8500,8257,51.206,-27.717,44.754,51.282,-27.985,44.26,51.244,-27.851,44.507,51.33134485346704,-27.8507515263716,45.31358762676203,-16.52465483987039,-1.8319909014862636,0.5671296148148138,2.300188121463703,1.6176479744310668,2.5373494953153566
LEU_50_A_HD21,LEU_50_C_HD11,8510,8408,52.551,-27.149,45.158,52.722,-26.977,44.926,52.6365,-27.063,45.042,52.65041557476976,-27.0629604137712,45.17050362652226,-15.833078884675375,-0.4525859086683572,0.3356322392142919,2.264462776498061,1.527161499267545,2.5303411799907045
LEU_50_A_HD23,GLN_54_C_HG3,8520,9590,54.473,-30.504,44.348,54.55,-30.919,45.577,54.5115,-30.7115,44.9625,54.51231259802015,-30.711497688367768,44.97000395109235,-19.605395104682525,1.156238266133754,1.299459503024237,2.540164157147244,2.165848119016033,2.6457156501458137
LEU_50_A_HD23,LEU_50_C_HD23,8530,8558,53.755,-30.229,44.728,53.437,-29.978,45.272,53.596,-30.1035,45.0,53.60339002147834,-30.103478977290845,45.06824328680315,-18.93398656364549,0.2875101491313929,0.6782779666184053,2.754207707112966,1.9853024965626784,2.6648559053403065
LYS_51_A_CA,LEU_50_C_CD1,8540,8231,50.326,-26.529,45.363,50.084,-26.22,45.288,50.205,-26.3745,45.3255,50.216731378118126,-26.374466627248527,45.43383362309682,-14.972481430644638,-2.8453995604858187,0.399587287085062,1.99484449689006,1.5210678376434983,2.568123584424223
LYS_51_A_O,LEU_50_C_CD1,8550,8246,47.089,-28.386,41.906,49.886,-27.619,44.627,48.4875,-28.0025,43.2665,48.73957543856106,-28.001782910253294,45.59429518979545,-16.490168509719442,-4.443060913557212,3.9768503869268255,2.049106510472419,2.164080469286385,2.6211201121279464
LYS_51_A_O,LEU_50_C_CD1,8560,8238,46.782,-28.267,42.997,49.586,-27.619,44.927,48.184,-27.943,43.962,48.36514895804383,-27.9424846778362,45.63482332454904,-16.40427399530925,-4.814512299045487,3.465143575668981,2.1529780086788817,2.1601057314335614,2.6433958501602914
LYS_51_A_O,LEU_50_C_CD1,8570,8234,47.437,-27.529,44.228,49.375,-27.386,45.288,48.406,-27.4575,44.758,48.49936060018969,-27.457234413120435,45.62014014851484,-15.929837105438102,-4.645379754920899,2.213570193149519,2.8704335858084824,2.004921879145024,2.656003673122989
LYS_51_A_O,LEU_50_C_CD1,8580,8238,46.575,-27.762,43.203,49.586,-27.619,44.927,48.0805,-27.6905,44.065,48.25181574377631,-27.690012650800043,45.64701832981091,-16.14434436727972,-4.910282067332359,3.472570517642509,2.48988582568079,2.1802511643874585,2.6614998397161163
LYS_51_A_CB,ALA_47_C_HB2,8590,7607,49.809,-23.081,44.995,49.595,-23.635,44.795,49.702,-23.358,44.895,49.76554024343226,-23.357819244360623,45.481763525492106,-11.931228136125982,-3.0837491919656985,0.6266673758861234,2.3590132496050926,1.435441757209826,2.5581585858443905
LYS_51_A_CB,ALA_47_C_HA,8600,7548,49.304,-23.798,46.139,49.417,-24.129,46.05,49.3605,-23.9635,46.0945,49.2996308986428,-23.963673156927637,45.53240318423999,-12.502269956311514,-3.5942451229702583,0.3609030340687134,2.876432345232878,1.561052504841107,2.6577653592680104
LYS_51_A_CG,ALA_47_C_CB,8610,7489,48.457,-23.223,45.38,48.241,-23.409,45.244,48.349,-23.316,45.312,48.383587766484766,-23.31590160670612,45.631401354247785,-11.79070040234654,-4.467292893017954,0.3158290676932717,3.436501098407914,1.7101791526349164,2.791180053022988
LYS_51_A_CG,ALA_47_C_HB3,8620,7658,48.182,-23.277,45.803,47.96,-23.462,45.672,48.071,-23.3695,45.7375,48.06326868359378,-23.36952199360539,45.66610501902165,-11.82130415341805,-4.792480862543953,0.3172853605195174,3.280926290152504,1.7476245607257714,2.8374704559675545
LYS_51_A_CG,LEU_50_C_HD13,8630,8491,47.941,-26.31,46.842,48.994,-26.911,46.708,48.4675,-26.6105,46.775,48.344231867667474,-26.61085066611129,45.63667820579151,-15.074511148091926,-4.7408856965346144,1.219822118179531,3.1808136175934,1.921406348235964,2.766086438695076
LYS_51_A_CD,ALA_47_C_HB3,8640,7659,47.441,-22.419,45.009,47.373,-22.37,45.28,47.407,-22.3945,45.1445,47.47040401643743,-22.394319631891364,45.7300055348481,-10.806216652731749,-5.318017542261316,0.2836652957272021,3.630093745712382,1.8981563469663147,2.8939318832700827
LYS_51_A_CD,LEU_50_C_HD13,8650,8497,46.168,-26.122,44.764,49.15,-26.912,45.9,47.659,-26.517,45.332,47.699550185710535,-26.51688464515795,45.70646142226757,-14.934731509895215,-5.3810227398245445,3.2873880209065653,3.855749573166198,2.2470375280886334,2.8017189967558003
LYS_51_A_CE,ALA_47_C_HB3,8660,7655,46.562,-22.269,45.555,47.23,-22.37,45.672,46.896,-22.3195,45.6135,46.91512533371964,-22.319445593347805,45.79011323963147,-10.69186700849251,-5.869812460836432,0.6856485980442161,3.842998902840936,2.0163641729801887,2.95010856782358
LYS_51_A_CE,ALA_47_C_HB3,8670,7651,44.117,-24.678,46.486,47.32,-22.822,46.088,45.7185,-23.75,46.287,45.67923297513573,-23.750111704579687,45.924387949740776,-12.030634902492976,-7.211440452345975,3.723217560121893,5.130435106136596,2.4205898735496003,3.1349479751604266
LYS_51_A_CE,ALA_47_C_HB3,8680,7648,45.526,-24.369,47.549,47.476,-22.821,46.48,46.501000000000005,-23.595,47.0145,46.37479078995644,-23.59535903272044,45.84901877055402,-11.92595861120922,-6.502587540649829,2.709532247455266,4.520303612229097,2.2483185298527344,3.0731204487931794
LYS_51_A_CE,ALA_47_C_HB3,8690,7651,44.643,-24.456,47.182,47.32,-22.822,46.088,45.9815,-23.639,46.635000000000005,45.901933069296575,-23.63922634743992,45.90023774146545,-11.935937753881436,-6.980125565294045,3.3216142160100413,5.3035954653671045,2.3455654033294535,3.130685505262508
LYS_51_A_NZ,LYS_40_C_HZ1,8700,5608,43.537,-22.534,44.439,42.409,-20.075,43.763,42.973,-21.3045,44.101,43.19945126842538,-21.303855804422497,46.192168327913,-9.413424719927152,-9.525614696692536,2.7885553607558164,2.396027745125044,3.175679782675334,2.6616327716091965
LYS_51_A_HA,LEU_50_C_CD1,8710,8239,49.031,-28.18,44.391,49.658,-28.078,44.927,49.3445,-28.129,44.659,49.43760128843032,-28.12873515079565,45.51874552938989,-16.666661500467416,-3.751746995088432,0.831161235862215,2.091751917348701,1.7813416544419345,2.5634820440089827
LYS_51_A_HA,LEU_50_C_CD1,8720,8205,51.035,-28.443,44.019,51.192,-28.495,44.403,51.1135,-28.469,44.211,51.23405993498395,-28.468657038013166,45.32431289688385,-17.134049489315174,-1.9734998034272475,0.4181016622784479,2.7691721057145102,1.6969780074355487,2.54630436880877
LYS_51_A_HA,LEU_50_C_CD1,8730,8240,49.491,-28.485,44.436,49.869,-28.492,44.927,49.68,-28.4885,44.6815,49.7668162046825,-28.488253030241346,45.48320581001395,-17.048787377903594,-3.446987332122666,0.6196886314916547,1.8359767360468784,1.7529700477758998,2.5135518329954274
LYS_51_A_HA,LEU_50_C_CD1,8740,8243,49.913,-27.402,45.282,49.658,-27.16,44.927,49.7855,-27.281,45.1045,49.8257781092611,-27.28088541914542,45.47644892738165,-15.8486828234703,-3.302046763590663,0.4996138508888598,1.9392783783415548,1.6153327088179286,2.5901974570406936
LYS_51_A_HB2,LEU_50_C_HD11,8750,8397,50.775,-25.79,45.633,50.629,-25.508,45.465,50.702,-25.649,45.54900000000001,50.68402475300951,-25.64905113495145,45.383007257039054,-14.282279052514449,-2.325020149486435,0.3592547842409339,1.937416167571808,1.4549684325808583,2.519830216365128
LYS_51_A_HB2,ALA_47_C_HB2,8760,7594,51.053,-23.659,44.934,50.948,-23.589,45.227,51.0005,-23.624,45.0805,51.02914369263237,-23.62391851606641,45.345010696909696,-12.286917007519833,-1.834873993186967,0.3190203755248227,1.88532866882881,1.3775896227855624,2.423756056288232
LYS_51_A_HB2,ALA_47_C_HB2,8770,7593,51.053,-24.135,45.4,50.865,-24.061,45.488,50.959,-24.098,45.444,50.94923340287852,-24.098027783455205,45.35381018249996,-12.754119925696152,-1.9487340653223293,0.2203724120664804,2.0277593101135785,1.399354850187308,2.456208298319241
LYS_51_A_HB2,LEU_50_C_CD1,8780,8217,50.068,-25.767,46.149,50.064,-25.747,45.929,50.066,-25.757,46.039,50.002953219113934,-25.75717935186543,45.45679336330253,-14.34148350691837,-3.0160262041864887,0.2209434316742624,2.5069254442298514,1.5447352385710138,2.589303815703283
LYS_51_A_HB2,LEU_50_C_HD13,8790,8466,50.274,-25.217,46.443,50.028,-25.067,46.19,50.151,-25.142,46.3165,50.05724574441803,-25.14226670672784,45.45072463365591,-13.732003115251825,-2.917864495218481,0.3834383914007577,2.3277942858641274,1.528184593266909,2.5872744504927376
LYS_51_A_HB2,LEU_50_C_HD11,8800,8397,50.717,-25.675,45.915,50.629,-25.508,45.465,50.673,-25.5915,45.69,50.64026716432597,-25.59159311649313,45.38772803782339,-14.221840537807047,-2.3648400209544844,0.4879887293780429,1.855932986391553,1.468141391000713,2.521986636140487
LYS_51_A_HG2,LEU_50_C_HD13,8810,8497,48.918,-26.899,45.647,49.15,-26.912,45.9,49.034,-26.9055,45.7735,49.01137023332262,-26.905564375862035,45.564525010931305,-15.416135275663752,-4.092480878050519,0.3435141918465665,2.368096083382053,1.726478354904134,2.650056557672898
LYS_51_A_HG2,LEU_50_C_HD13,8820,8496,48.644,-27.177,45.485,49.047,-27.363,45.9,48.8455,-27.27,45.6925,48.83373686210733,-27.270033463099857,45.58387309069153,-15.766994514016396,-4.296597200705753,0.6076429872877644,2.368443561356105,1.7944691683856986,2.6484098612629428
LYS_51_A_HG2,LEU_50_C_HD13,8830,8494,47.336,-26.875,46.373,48.904,-27.363,46.292,48.120000000000005,-27.119,46.3325,48.04813902297906,-27.119204425984957,45.66889850991334,-15.560429600620264,-5.074076217623584,1.644180342906463,2.831225789951984,1.9897844940409741,2.7540219857695263
LYS_51_A_HG2,LEU_50_C_HD13,8840,8496,47.204,-27.265,45.246,49.047,-27.363,45.9,48.1255,-27.314,45.573,48.13487417794955,-27.313973332876344,45.65956601556977,-15.760901976168247,-5.0008926382342,1.958052348636262,2.896607749176774,1.998282878794337,2.7132772120559183
LYS_51_A_HG3,ALA_47_C_HA,8850,7573,48.007,-25.649,47.208,49.053,-24.457,47.212,48.53,-25.053,47.21,48.35939622006539,-25.053485323846065,45.63455631314319,-13.52216482114966,-4.61502009150371,1.585873891581547,3.3383907922093816,1.8659002591669496,2.791383912716615
LYS_51_A_HG3,ALA_47_C_CA,8860,7415,47.325,-24.876,47.324,48.683,-23.856,47.342,48.004000000000005,-24.366,47.333,47.82630505095624,-24.366505496397146,45.69207278394041,-12.798841213434898,-5.101063896977439,1.6984958051169838,3.4783374642712674,2.0083424328619373,2.846512631901362
LYS_51_A_HG3,ALA_47_C_HA,8870,7558,48.835,-24.968,47.29,49.28,-24.676,47.256,49.057500000000005,-24.822,47.273,48.87403137348432,-24.822521921023597,45.57875565505503,-13.328546679389834,-4.082273281844198,0.5333338541664134,2.7514700593949395,1.7560836383945775,2.735631517321429
LYS_51_A_HD3,ALA_47_C_HB3,8880,7660,45.046,-24.063,43.387,47.476,-22.821,45.28,46.261,-23.442,44.3335,46.42452619160829,-23.441534810071182,45.84358556963853,-11.776075848495468,-6.441758445928643,3.3212818308598857,4.148037723767788,2.484091327840766,3.0349854597398664
LYS_51_A_HD3,ALA_47_C_HB3,8890,7664,45.652,-23.848,42.01,47.672,-22.587,44.961,46.662,-23.2175,43.4855,46.91163593349676,-23.21678985001735,45.79076753622246,-11.586694230993425,-5.93706988323032,3.7919549047951486,3.754073421130892,2.509834957586413,2.956435282173307
LYS_51_A_HD3,ALA_47_C_HB3,8900,7661,45.792,-25.589,42.746,47.764,-23.183,45.28,46.778000000000006,-24.386,44.013000000000005,46.96986940488226,-24.38545418092404,45.78482148448644,-12.7565648507402,-5.96167768905943,4.012328002544158,3.9591902796329497,2.459671804270574,2.9566255529833967
LYS_51_A_HE2,ALA_47_C_HB3,8910,7657,44.525,-25.382,45.166,47.576,-23.206,45.672,46.0505,-24.294,45.419,46.10030849617022,-24.29385830764748,45.87895745740973,-12.603085732095536,-6.827605930601232,3.781482910182197,4.240898008190333,2.4327071749579257,3.0857546939759977
LYS_51_A_HE2,ALA_47_C_HB3,8920,7657,45.654,-25.913,45.236,47.576,-23.206,45.672,46.615,-24.5595,45.45399999999999,46.65452812340149,-24.559387552662173,45.81902316941652,-12.907533106102797,-6.290419658900463,3.348436799463295,3.839092189774519,2.302165100850152,3.026781359962959
LYS_51_A_HE2,ALA_47_C_HB3,8930,7652,44.611,-25.319,47.009,47.576,-23.206,46.088,46.0935,-24.2625,46.5485,46.021913931418695,-24.262703643941197,45.887437156864046,-12.566409899473657,-6.90404616514797,3.755560544046656,5.049387364117198,2.3472561428553105,3.1028734247806082
LYS_51_A_HE2,ALA_47_C_HB3,8940,7652,44.808,-25.994,46.298,47.576,-23.206,46.088,46.192,-24.6,46.193,46.1573340368657,-24.600098615743228,45.87287653737988,-12.91262557129273,-6.792150266281191,3.9343192549664807,4.3162269796544654,2.368163883694061,3.070802543212552
LYS_51_A_HE3,ALA_47_C_HB3,8950,7648,47.267,-22.935,46.367,47.476,-22.821,46.48,47.3715,-22.878,46.4235,47.298434686926925,-22.878207852011062,45.74877704689012,-11.276597822087137,-5.524935847500615,0.2635260897899819,3.585950090291823,1.9217612748337414,2.9226511621289677
LYS_51_A_HE3,ALA_47_C_HB3,8960,7648,45.509,-23.645,47.575,47.476,-22.821,46.48,46.4925,-23.233,47.0275,46.364985929989096,-23.23336274471122,45.84996901762022,-11.564176780612042,-6.486704913956599,2.397308907921548,4.576061010293917,2.2217142920138135,3.0574552524100778
LYS_51_A_HE3,ALA_47_C_HB3,8970,7648,46.137,-23.431,47.738,47.476,-22.821,46.48,46.8065,-23.126,47.109,46.6666196461429,-23.126397923606085,45.81727234611132,-11.47902866943251,-6.176473962623359,1.9358680223610292,4.045981267448804,2.1387179753618044,3.0118774731031452
LYS_51_A_HE3,ALA_47_C_HB3,8980,7647,45.488,-23.014,47.457,47.373,-22.37,46.48,46.4305,-22.692,46.9685,46.31000173080626,-22.69234278656353,45.85575655696957,-11.020596446788067,-6.503431347092247,2.218668519630636,4.644778537173079,2.188383145252555,3.028089835649933
LYS_51_A_HZ1,ALA_47_C_HB3,8990,7659,44.805,-23.1,43.108,47.373,-22.37,45.28,46.089,-22.735,44.194,46.26942774507479,-22.73448672950148,45.86016327036161,-11.059735590350856,-6.547133827669284,3.4416722679534737,4.217562488184859,2.475298343197769,3.000388712494606
LYS_51_A_HZ1,ALA_47_C_HB3,9000,7662,46.675,-21.866,44.589,47.476,-21.919,45.28,47.0755,-21.8925,44.9345,47.16520695122954,-21.892244806811394,45.762900461208616,-10.283609751262953,-5.588551239437909,1.05919356115868,3.248102687590675,2.0044395446605994,2.900881765874785
LYS_51_A_HZ1,ALA_47_C_HB3,9010,7663,46.678,-21.816,43.427,47.672,-22.153,44.961,47.175,-21.9845,44.194,47.34281553781536,-21.98402260798516,45.74369561465184,-10.387842598722646,-5.416876213709024,1.858698738365095,3.178686565595332,2.1060897797700617,2.8781288824046416
LYS_51_A_HZ1,ALA_47_C_CB,9020,7518,46.632,-23.041,42.665,48.366,-22.542,44.448,47.499,-22.7915,43.5565,47.731321073095046,-22.790839106338915,45.7018731451419,-11.220371941780526,-5.084410538996131,2.5366998245752312,4.172491050507893,2.2850089503751083,2.8708368772366777
LYS_51_A_HZ1,ALA_47_C_HB3,9030,7662,46.118,-21.528,44.316,47.476,-21.919,45.28,46.797,-21.7235,44.798,46.90453954702943,-21.72319407766588,45.7910758891738,-10.096366179237185,-5.838069463447916,1.710655137659251,3.224515936069841,2.0928668146110407,2.9058279517096937
LYS_51_A_HZ1,LYS_40_C_HZ1,9040,5608,44.228,-22.801,43.555,42.409,-20.075,43.763,43.3185,-21.438,43.659,43.58826021160584,-21.437232601625468,46.15010554585889,-9.574237959207574,-9.144996588826531,3.283763237506627,2.1056577908423124,3.1378621690472093,2.641944435060019
LYS_51_A_HZ1,ALA_47_C_HB3,9050,7659,45.109,-21.916,43.374,47.373,-22.37,45.28,46.241,-22.143,44.327,46.40541089596509,-22.142532293314986,45.84525538799876,-10.478990735897169,-6.368642565056706,2.994102202664428,3.7169462344384496,2.345509683023709,2.950928923865757
LYS_51_A_HZ2,ALA_47_C_HB3,9060,7664,44.782,-23.283,42.79,47.672,-22.587,44.961,46.227,-22.935,43.8755,46.439925220213176,-22.934394282548507,45.84176179142126,-11.271316960001448,-6.390276066503997,3.680999456669344,3.859911119332181,2.493255120985158,2.987863046593989
LYS_51_A_HZ2,ALA_47_C_HB3,9070,7656,44.088,-25.048,44.75,47.32,-22.822,45.672,45.704,-23.935,45.211,45.78007593759056,-23.934783583537023,45.91352461958761,-12.222043520430503,-7.123385021647117,4.031250922480513,4.271435560799942,2.507833103035738,3.0907708468938844
LYS_51_A_HZ2,LYS_40_C_HZ1,9080,5607,42.918,-24.264,44.886,41.957,-20.165,43.763,42.4375,-22.2145,44.3245,42.646265930660455,-22.21390611465681,46.25235275693117,-10.281659845196303,-10.145288415532358,4.357344489479804,2.1091994253706314,3.2748728767693054,2.705621793229273
LYS_51_A_HZ2,LYS_40_C_HZ1,9090,5608,42.971,-23.812,44.078,42.409,-20.075,43.763,42.69,-21.9435,43.9205,42.93907216870735,-21.942791453783084,46.22056144009325,-10.032146168555704,-9.832251252602088,3.792128426095299,2.283641512170373,3.2612367315828705,2.687597330634259
LYS_51_A_HZ2,ALA_47_C_HB3,9100,7660,43.9,-24.575,43.759,47.476,-22.821,45.28,45.688,-23.698,44.5195,45.83826772222318,-23.697572527004287,45.9071499946578,-11.989588718766983,-7.048146931781191,4.263535270171926,3.881510572515542,2.539143542683655,3.045453661440283
LYS_51_A_HZ3,GLU_43_C_HB3,9110,6360,43.951,-23.3,46.691,43.885,-20.576,47.735,43.918,-21.938,47.213,43.8004285520206,-21.938334460510447,46.12728434033074,-10.089229098474572,-8.967730090156953,2.917956134008871,4.123900689720831,2.790612800077937,2.9963463995701995
LYS_51_A_HZ3,GLU_43_C_HB3,9120,6360,44.387,-22.552,47.005,43.885,-20.576,47.735,44.136,-21.564,47.370000000000005,43.99908508629123,-21.564389487692065,46.10565675671607,-9.730419654795469,-8.741847827010282,2.165520722597684,3.656548674690744,2.730334717101903,2.9775903498720613
LYS_51_A_HZ3,GLU_43_C_HB3,9130,6364,44.618,-21.539,46.405,44.116,-20.407,47.343,44.367,-20.973,46.874,44.28047711872478,-20.973246135329056,46.07500289028792,-9.16087072385835,-8.417524510310047,1.553470952415915,3.361744909770216,2.641736602111785,2.9423593256488356
LYS_51_A_HZ3,GLU_43_C_HB3,9140,6366,43.935,-21.46,46.013,43.775,-20.157,47.024,43.855,-20.8085,46.5185,43.81245677255401,-20.808621024532847,46.1256337978326,-8.963229890115727,-8.875395738026748,1.6569640913429624,3.715090955772078,2.782788242863484,2.9342718646087054
LYS_51_A_HZ3,GLU_43_C_HB3,9150,6366,43.739,-21.739,45.205,43.775,-20.157,47.024,43.757,-20.948,46.1145,43.75883907363183,-20.94799476830884,46.13148295866632,-9.098421371979487,-8.939093257647079,2.410970966229169,3.578324388289879,2.8421559597468664,2.920464367552868
ASP_52_A_CB,ALA_47_C_CB,9160,7529,47.793,-22.342,39.386,49.037,-22.089,44.081,48.415,-22.2155,41.73350000000001,48.831808376888354,-22.21431428744064,45.58252448380399,-10.723914451590268,-3.9393222297321255,4.86359640595311,1.7956539850423765,2.2019198534239974,2.6850538545247242
ASP_52_A_OD2,ALA_47_C_HB3,9170,7664,45.372,-23.488,42.01,47.672,-22.587,44.961,46.522,-23.0375,43.4855,46.77325269145663,-23.03678525075706,45.80569751680092,-11.397259509393946,-6.063121333063316,3.8484025257241465,3.447985599589346,2.519479121736463,2.952796246891511
ASP_52_A_OD2,ALA_47_C_CB,9180,7518,45.866,-22.853,41.114,48.366,-22.542,44.448,47.116,-22.6975,42.781,47.43576221928726,-22.6965903587825,45.733849988813546,-11.10524893478404,-5.374250277940623,4.178788939393807,2.5260666020870928,2.4179826695953155,2.8366115430368772
ASP_52_A_OD2,LYS_40_C_HZ1,9190,5617,44.685,-23.527,41.153,42.605,-19.796,42.955,43.645,-21.6615,42.054,44.08277311814342,-21.66025464814741,46.09662376554056,-9.832020571564067,-8.664694315711195,4.636158431287701,1.3305528666490396,3.385575435760597,2.5351566497778335
ASP_52_A_OD2,LYS_40_C_HZ3,9200,5673,45.581,-22.052,40.406,42.441,-19.346,41.781,44.011,-20.699,41.0935,44.5473055469752,-20.69747434874641,46.04602325905227,-8.904856036591477,-8.130220164140752,4.3672257784547845,2.2140709653124144,3.3919270958975405,2.4538524570154765
ASP_52_A_OD2,LYS_40_C_HZ3,9210,5672,43.865,-23.049,40.023,42.057,-19.602,41.781,42.961,-21.3255,40.902,43.52999345080698,-21.32388136007281,46.15638029732021,-9.457011051978686,-9.19540238316577,4.270976117938378,1.2758166118352925,3.7842166912665367,2.272192689796539
ASP_52_A_OD2,LYS_40_C_HZ3,9220,5676,44.149,-22.607,39.242,42.253,-19.323,41.389,43.201,-20.965,40.3155,43.82997536240531,-20.96321072697171,46.12378434322936,-9.118680304750944,-8.868802850754676,4.357646268342581,1.0477382258271406,3.7820624115214447,2.224530446785835
ASP_52_A_HA,ALA_47_C_HB3,9230,7665,45.473,-24.313,41.281,47.907,-22.953,44.961,46.69,-23.633,43.121,46.97833906041787,-23.632179749582185,45.7836722607418,-12.005799109757367,-5.899659733111134,4.616963937480992,2.712340256692457,2.48251152888785,2.9079556702618503
ASP_52_A_HA,ALA_47_C_HB3,9240,7665,45.592,-25.362,41.857,47.907,-22.953,44.961,46.7495,-24.1575,43.409,47.006340860688766,-24.1567693538538,45.78080156649575,-12.531063198118623,-5.908837537409581,4.560408095773884,3.438941359547002,2.447373769061071,2.931600738415435
ASP_52_A_HB2,ALA_47_C_CB,9250,7518,46.311,-23.115,41.449,48.366,-22.542,44.448,47.3385,-22.8285,42.9485,47.63775938757178,-22.82764868406197,45.71201621906226,-11.250405168428689,-5.180896917598281,3.680401472665721,2.8680812225989327,2.4002776876307674,2.8612156487172236
ASP_52_A_HB2,ALA_47_C_CB,9260,7518,46.841,-23.085,41.884,48.366,-22.542,44.448,47.6035,-22.8135,43.166,47.8764074287044,-22.81272364860281,45.68616857899328,-11.25256502789433,-4.940399350616585,3.032254936511769,3.9576478183980552,2.3428945441194258,2.8395354443482996
ASP_52_A_HB2,ALA_47_C_CB,9270,7521,46.959,-22.366,40.755,48.636,-22.089,44.221,47.7975,-22.2275,42.488,48.140708704762496,-22.22652365956568,45.6573669823708,-10.68672613548577,-4.633574528480344,3.8603385861864448,2.337143930848496,2.3094669738166416,2.7863739805921472
ASP_52_A_HB2,ALA_47_C_CB,9280,7521,47.123,-22.247,40.159,48.636,-22.089,44.221,47.8795,-22.168,42.19,48.25365249967359,-22.16693563243308,45.645118015312505,-10.63535653384605,-4.516023539510255,4.337508155611929,2.169830880901803,2.301729763228544,2.7680255722059135
GLN_54_A_CA,LEU_50_C_HD12,9290,8453,48.9,-32.848,42.264,50.399,-29.401,45.021,49.6495,-31.1245,43.6425,49.84796516790203,-31.12393541767578,45.47523017720994,-19.6836054960105,-3.552835793981627,4.6615296845563465,2.6698766680384933,2.470485984037875,2.573095921573901
GLN_54_A_C,LEU_50_C_HD12,9300,8454,50.495,-31.239,44.333,50.816,-29.601,45.021,50.6555,-30.42,44.677,50.73155485185227,-30.419783643520525,45.37932990295653,-19.044350097016988,-2.616294365058803,1.8053888777767555,2.658401290607089,2.109574534589391,2.575605985755755
GLN_54_A_C,LEU_50_C_HD12,9310,8454,49.618,-32.524,43.782,50.816,-29.601,45.021,50.217,-31.0625,44.4015,50.32764646472341,-31.06218523928465,45.42326677672874,-19.656276107112124,-3.0671810498026155,3.393265978375409,2.5448511363153026,2.3596369726495343,2.567600626461148
GLN_54_A_C,LEU_50_C_HD12,9320,8452,47.215,-31.239,42.301,50.111,-29.039,45.021,48.663,-30.139000000000003,43.661,48.87088673120046,-30.138408615753,45.580733773639714,-18.63077437754026,-4.463123107754408,4.541499311901297,2.4478905694553923,2.400500510872894,2.5344229696342815
GLN_54_A_C,LEU_50_C_HD12,9330,8449,49.237,-30.549,44.772,50.211,-29.424,45.413,49.724,-29.9865,45.0925,49.76636455248338,-29.98637948375144,45.48371622499825,-18.54309548713997,-3.553882654238759,1.620241340047831,1.7577909028555092,2.080337444405645,2.527408210919546
GLN_54_A_C,LEU_50_C_HD12,9340,8450,49.817,-31.147,44.632,50.595,-29.68,45.413,50.206,-30.4135,45.0225,50.25028432544613,-30.41337402249145,45.43144440309324,-19.003578418383764,-3.0987008266396088,1.8350297000321252,2.303367347834951,2.14890740367469,2.5534751144918997
GLN_54_A_C,LEU_50_C_HD12,9350,8449,48.188,-31.753,44.405,50.211,-29.424,45.413,49.1995,-30.5885,44.909,49.26760448080949,-30.58830626027997,45.53791205798076,-19.107873493321435,-4.097058910572314,3.2454327908616407,2.0772392482330573,2.3129478938398504,2.5264826920032006
GLN_54_A_C,LEU_50_C_HD12,9360,8450,49.485,-32.328,44.105,50.595,-29.68,45.413,50.04,-31.004,44.759,50.11443135734186,-31.00378826194457,45.44633771358039,-19.58279626776088,-3.2769520447335387,3.1551335946358936,2.392008699144627,2.354549346995937,2.562192571658465
GLN_54_A_C,LEU_50_C_HD12,9370,8453,48.91,-32.764,43.343,50.399,-29.401,45.021,49.6545,-31.082500000000003,44.182,49.79516087948015,-31.08209985599941,45.4809354318508,-19.638103730355574,-3.602842257057121,4.042594958686812,2.4922425014671954,2.4345868222035105,2.5606194763434003
GLN_54_A_C,LEU_50_C_HD12,9380,8453,47.698,-31.995,42.096,50.399,-29.401,45.021,49.0485,-30.698,43.5585,49.26290796709381,-30.69739006451524,45.53845424426832,-19.216346137029376,-4.109521379047703,4.751827227498916,2.608730992315257,2.490506310780895,2.5503545035940363
GLN_54_A_O,LEU_50_C_CD1,9390,8240,48.494,-29.034,43.964,49.869,-28.492,44.927,49.1815,-28.763,44.4455,49.29936327269461,-28.762664709323342,45.53391052027212,-17.28911432710868,-3.935482918969482,1.7640175736086077,2.1187168887994328,1.9512562916909468,2.518795005912698
GLN_54_A_O,LEU_50_C_CD1,9400,8236,47.307,-29.283,43.703,49.501,-28.301,45.288,48.404,-28.792,44.4955,48.52552426044922,-28.791654294755403,45.617717977808375,-17.262753556588493,-4.713940376158197,2.879268136176269,2.097415794053032,2.134480062922272,2.5813018448498535
GLN_54_A_O,LEU_50_C_CD1,9410,8236,47.177,-29.575,43.801,49.501,-28.301,45.288,48.339,-28.938,44.5445,48.45603779186586,-28.93766705760385,45.625287602651056,-17.403433736757467,-4.794030839752233,3.0389506412576,2.08399771005891,2.1570589956712882,2.579504772175952
GLN_54_A_O,LEU_50_C_HD12,9420,8452,46.722,-30.647,42.685,50.111,-29.039,45.021,48.4165,-29.843,43.853,48.60668350393211,-29.842458976878344,45.60925300171544,-18.316700024171134,-4.707172653902006,4.41903620713838,2.206633118026782,2.362538771790353,2.5303480094502415
GLN_54_A_CB,GLN_54_C_HE21,9430,9666,52.699,-33.131,41.562,52.739,-32.625,45.824,52.719,-32.878,43.693,52.87654021399435,-32.877551838636904,45.147807951257725,-21.64912821078703,-0.6388414334135445,4.292118358107102,3.221943930951977,2.781151725237201,2.6808812966782756
GLN_54_A_CB,GLN_54_C_HE21,9440,9666,51.962,-33.692,41.482,52.739,-32.625,45.824,52.3505,-33.158500000000004,43.653,52.51660199051565,-33.15802748258622,45.18687183116666,-21.90318382183568,-1.0198976560080897,4.538191490010088,3.098396236433632,2.8253662733966927,2.676169047346129
GLN_54_A_CG,LEU_50_C_HD12,9450,8455,51.176,-31.412,44.368,51.278,-29.601,45.021,51.227,-30.5065,44.694500000000005,51.2945605408428,-30.506307807649183,45.31838903453495,-19.170872382272307,-2.0575746342530903,1.9278314241655048,2.7238361446961097,2.0988815413594386,2.6000976495937804
GLN_54_A_CD,GLN_54_C_HG3,9460,9608,54.694,-31.989,40.889,54.8,-31.866,45.431,54.747,-31.9275,43.16,54.93805223443722,-31.926956505563645,44.92427530925395,-20.848193758330552,1.4970270416102671,4.544901429074116,3.2316280260237624,2.744299145481396,2.7094424317825094
GLN_54_A_CD,GLN_54_C_HG3,9470,9607,54.575,-31.399,40.482,54.595,-31.511,45.431,54.585,-31.455,42.9565,54.7996958020256,-31.454389245698938,44.93911226114415,-20.366937658787556,1.3917891241101434,4.950307566202325,3.4354155721356103,2.7506769617328164,2.7388599150402864
GLN_54_A_OE1,LEU_50_C_CD2,9480,8278,54.57,-29.344,40.565,53.568,-28.701,44.832,54.069,-29.0225,42.6985,54.317211202596,-29.021793903010085,44.99061083298911,-17.906025017834644,1.0805455435201554,4.429982167006999,3.731445144430361,2.406559120654559,2.753831779139651
GLN_54_A_OE1,LEU_50_C_CD2,9490,8278,54.356,-29.552,40.11,53.568,-28.701,44.832,53.962,-29.1265,42.471,54.23580511304063,-29.125721094921907,44.99945826120798,-18.003874540358403,0.9914862342743788,4.862348095313623,3.732754148047476,2.401372375043012,2.7445343280617944
GLN_54_A_NE2,GLN_54_C_HG3,9500,9609,55.55,-32.723,42.65,55.21,-31.866,45.431,55.38,-32.2945,44.0405,55.46948383277567,-32.29424544152597,44.8668400698169,-21.25251585396974,2.004119889025826,2.9298481189303978,2.3816564958812583,2.6018478648266643,2.6264648615641155
GLN_54_A_NE2,GLN_54_C_HG3,9510,9609,55.44,-32.758,42.226,55.21,-31.866,45.431,55.325,-32.312,43.8285,55.437813146477616,-32.31167907563269,44.87027503851751,-21.267643119938608,1.971105819251891,3.3347547136183784,2.459583515818492,2.629893561326702,2.6378355062348704
GLN_54_A_HB2,GLN_54_C_HE21,9520,9661,49.655,-33.176,42.545,52.204,-32.487,46.033,50.9295,-32.831500000000005,44.289,51.04398779205134,-32.83117431169704,45.34623958331164,-21.471964472616754,-2.474158129967951,4.374730391692727,2.369129951313647,2.8215729109091665,2.6307703226286456
GLN_54_A_HB2,GLN_54_C_HE21,9530,9661,49.621,-33.188,42.391,52.204,-32.487,46.033,50.9125,-32.837500000000006,44.212,51.035426664487446,-32.83715030527686,45.34716850322627,-21.477313822648107,-2.483172160746748,4.519674103295504,2.8101405346552197,2.8324170866772334,2.6331624224161514
GLN_54_A_HB2,GLN_54_C_HE21,9540,9662,51.096,-33.746,43.293,52.439,-32.853,46.033,51.7675,-33.2995,44.663,51.83225945612279,-33.29931577601431,45.26102236710139,-21.99523089518416,-1.7165415567970468,3.179417871246248,2.3705607293424564,2.7342417833141477,2.638085358789198
GLN_54_A_HB2,GLN_54_C_HE21,9550,9666,51.822,-33.819,42.582,52.739,-32.625,45.824,52.2805,-33.222,44.203,52.388546621423046,-33.22169263516973,45.200758476819146,-21.957540790812427,-1.1528998667343215,3.5745054203343964,2.799961310730272,2.7439987267913297,2.6519863030218827
GLN_54_A_HG2,LEU_50_C_HD12,9560,8460,50.324,-29.21,43.84,50.842,-28.943,44.493,50.583,-29.076500000000003,44.1665,50.71449183501,-29.076125939571103,45.38076372510108,-17.70286924928341,-2.537946659691541,0.8752268277423851,2.6141132400683684,1.8102468564936534,2.5416686106409414
GLN_54_A_HG2,LEU_50_C_HD12,9570,8458,51.613,-29.944,44.199,51.367,-29.29,44.702,51.49,-29.617,44.4505,51.58059921164059,-29.616742268560163,45.2871400560884,-18.30398736047769,-1.70738636036515,0.8609535411391261,2.875281829118641,1.8907146388952498,2.6050700178771864
GLN_54_A_HG3,LEU_50_C_HD23,9580,8549,52.971,-31.18,44.64,53.001,-30.354,45.594,52.986,-30.767,45.117,52.987959202666296,-30.766994426572648,45.135092292404536,-19.551863536299336,-0.3770985179752831,1.2622567092315264,2.559505455011067,2.1133283094177435,2.64955184448703
GLN_54_A_HG3,GLN_54_C_HE21,9590,9666,51.971,-32.848,43.953,52.739,-32.625,45.824,52.355,-32.7365,44.8885,52.3887951655216,-32.73640386145186,45.20058206633928,-21.47349619831858,-1.1181706388580328,2.034746667278259,2.579641786515897,2.5289915556404945,2.6320100027737228
GLN_54_A_HG3,GLN_54_C_HE21,9600,9669,52.22,-31.377,44.809,52.739,-31.915,45.824,52.4795,-31.646,45.3165,52.4660055342619,-31.646038388281987,45.191885112435685,-20.391401622309736,-0.9632342916007592,1.2605673325927496,2.5944537873267,2.270826756102264,2.630052169646361
GLN_54_A_HG3,GLN_54_C_HE21,9610,9666,52.194,-32.745,44.281,52.739,-32.625,45.824,52.4665,-32.685,45.0525,52.48144749976595,-32.68495747821017,45.19053295653579,-21.42879819940361,-1.0215566704558494,1.640815041374253,2.5057113983821893,2.5086098412116975,2.630459762238399
GLN_54_A_HE21,GLN_54_C_HG3,9620,9607,54.902,-31.463,44.1,54.595,-31.511,45.431,54.7485,-31.487,44.7655,54.76767691788647,-31.48694544660413,44.94258959455172,-20.39712440106768,1.3573512438467656,1.366789669261511,2.3278372305138424,2.3269214974485157,2.632823646769593
GLN_54_A_HE21,GLN_54_C_HG3,9630,9607,53.751,-31.7,44.305,54.595,-31.511,45.431,54.173,-31.6055,44.868,54.18788024704979,-31.605457669526835,45.00541191011384,-20.47392091434776,0.7672171358882545,1.4198355538582617,2.1431527405066704,2.2947766063614283,2.617714016165571
GLN_54_A_HE21,GLN_54_C_HG3,9640,9608,54.76,-32.56,44.317,54.8,-31.866,45.431,54.78,-32.213,44.874,54.78722253939397,-32.21297945373427,44.94069667047039,-21.122719755549003,1.3253766360107588,1.3131001485035318,2.137669392097243,2.4013259309786243,2.5931441913330397
GLN_54_A_HE21,GLN_54_C_HG3,9650,9609,55.203,-33.018,43.789,55.21,-31.866,45.431,55.206500000000005,-32.442,44.61,55.2370437002478,-32.44191311103374,44.892056351547865,-21.38320660503267,1.760419367322701,2.0058207796311187,2.1971590458422527,2.4880581676278184,2.5960369446442844
GLN_54_A_HE21,GLN_54_C_HG3,9660,9609,55.391,-33.041,42.981,55.21,-31.866,45.431,55.3005,-32.4535,44.206,55.37319637330542,-32.45329319752762,44.87731597216255,-21.40428362894551,1.896213677206229,2.7232124412171688,2.313111037608982,2.551430991259064,2.608159329511618
GLN_54_A_HE22,LEU_50_C_CD2,9670,8273,55.805,-29.566,42.237,54.451,-28.788,45.199,55.128,-29.177,43.718,55.25482041766087,-29.1766392285512,44.889125437226326,-18.12745459041936,2.010253209915672,3.348439039313688,3.294105377873435,2.217154330489605,2.7243346679981952
GLN_54_A_HE22,LEU_50_C_CD2,9680,8274,55.527,-29.862,41.481,53.897,-28.958,44.972,54.712,-29.41,43.2265,54.8962571253068,-29.409475835900277,44.92802575127148,-18.33408977324688,1.6339612275452349,3.9574230251515954,3.3880955928519323,2.351124908546455,2.7388730645978265
GLN_54_A_HE22,GLN_54_C_HG3,9690,9611,55.357,-30.906,40.771,55.21,-31.156,45.431,55.2835,-31.031,43.101,55.47461930096202,-31.03045631477664,44.86589463628833,-19.992287427317716,2.09906480161226,4.669015849191344,3.005357783402891,2.6930835305970358,2.728819657077977
GLN_54_A_HE22,GLN_54_C_HG3,9700,9610,56.474,-31.674,42.171,55.415,-31.511,45.431,55.9445,-31.5925,43.801,56.05305244672784,-31.59219119622692,44.80342952973138,-20.593921490694964,2.639499186602565,3.431566697588724,2.7248046135339345,2.641519405035229,2.6820686723050313
GLN_54_A_HE22,GLN_54_C_HG3,9710,9610,56.421,-31.222,41.363,55.415,-31.511,45.431,55.918,-31.3665,43.397,56.0700939638752,-31.366067331816804,44.80151445617472,-20.369586403616964,2.6726631968377754,4.200497708605491,2.7379789695600136,2.716383526740239,2.7125306515143985
PHE_28_A_CZ,ARG_35_C_HA,1434,4540,40.436,-6.339,49.053,40.481,-6.189,48.971,40.4585,-6.264,49.012,40.18795512122326,-6.264769630550688,46.513648430980645,5.802772576972827,-11.478538470995463,0.1767738668468854,4.027902522741422,1.7023400529457497,3.4387576555956443
PHE_28_A_CD2,ARG_42_C_HH12,1269,6130,43.386,-6.322,50.89,44.44,-9.864,53.836,43.913,-8.093,52.363,43.24380387781285,-8.094903690738358,46.183296324190906,3.7589773755805993,-8.542616811510038,4.726055014491472,4.906465528071504,2.4233513044640262,3.3696423649546703
LEU_48_A_HD22,ALA_47_C_HB3,8026,7640,47.327,-21.978,44.692,47.546,-21.614,45.435,47.4365,-21.796,45.063500000000005,47.50821212792861,-21.795795997452405,45.72572694045527,-10.211906333838131,-5.237559195875776,0.855865643661436,3.1761695697878087,1.9011146200924747,2.8547454069025306
ILE_32_A_CD1,LEU_30_C_HD11,3411,2660,55.0,-9.01,44.231,55.346,-9.23,44.314,55.173,-9.12,44.2725,55.23928704596047,-9.119811430414368,44.88462892304515,1.8797949552653288,3.419710000700753,0.4183359893673954,2.098303619196688,1.1944620248428526,2.2740699104458963
GLN_31_A_OE1,GLU_26_C_CB,3041,70,55.301,0.199,46.408,54.558,1.466,43.354,54.9295,0.8325,44.881,54.93315090436565,0.8325103858832956,44.91471434229875,11.82883315973923,3.819676012651025,3.38884257527552,3.269064400660812,2.4241499039284276,2.432739855710224
THR_29_A_OG1,GLN_31_C_HE21,1887,3290,49.926,-3.643,43.289,49.395,-2.187,39.377,49.6605,-2.915,41.333,50.10510301622071,-2.913735218845176,45.438694582681045,8.43693362775985,-1.2905074868367772,4.207807148622664,3.482301485260629,2.196693619971347,2.7557923187603945
ALA_47_A_CB,LYS_51_C_HZ1,7468,8980,57.521,-21.513,45.801,58.98,-21.68,47.502,58.2505,-21.5965,46.6515,58.02689379846788,-21.59713610209441,44.58660449369376,-10.765122019120115,5.330017735210952,2.247214052999845,3.9542364280751143,2.144822453197448,2.6810876747322356
PHE_38_A_CE1,THR_29_C_C,5032,1810,54.665,-6.363,42.233,54.699,-6.273,42.557,54.682,-6.318,42.395,54.954842381570906,-6.317223833645165,44.914567900064256,4.695618355609158,3.3334492037804,0.3379822480545441,2.5201709946404507,1.2846460689034835,2.5923156114051413
PHE_28_A_CG,PHE_38_C_CB,1203,4900,42.101,-6.509,48.641,41.635,-7.061,48.746,41.868,-6.785,48.6935,41.61522565086197,-6.78571907796742,46.359250707859545,5.181186475606075,-10.083562174769746,0.7299897259550997,3.286403576670032,1.574318654299119,3.1749215522285676
ALA_47_A_HB2,ASP_52_C_HB2,7571,9240,56.291,-22.012,46.295,56.942,-21.674,50.26,56.6165,-21.843,48.2775,56.237803464383205,-21.844077294179684,44.78042000270608,-10.883640318155308,3.5174664834690264,4.032278512206216,1.7492026171406998,2.17751951839077,2.527779640646779
TYR_27_A_CE2,ARG_33_C_CG,731,3620,41.218,-0.706,40.779,41.494,-1.192,40.14,41.356,-0.949,40.459500000000006,41.99028723671481,-0.9471956160564023,46.31683694247137,10.978163248357982,-9.292432203060194,0.8489363933770313,2.759380220372577,2.2822677253419754,2.8766115236748706
LEU_50_A_HD11,LYS_51_C_HB2,8370,8770,54.843,-25.488,45.245,54.693,-25.253,45.555,54.768,-25.3705,45.4,54.71883602475613,-25.370639858856364,44.94599438272449,-14.292787191497856,1.74291356047028,0.4169232543286628,2.3582688495766857,1.4130350225726322,2.5001654429213236
ASN_45_A_OD1,TYR_44_C_HE2,7064,6910,50.734,-14.924,41.092,50.052,-14.981,41.171,50.393,-14.9525,41.1315,50.851077151630015,-14.95119688839774,45.36162172945693,-3.623393476861407,-1.3973307562531123,0.6889223468577595,1.9952772161374968,1.5129917492591833,2.3828532282516117
LYS_51_A_CG,ALA_47_C_CB,8620,7490,48.182,-23.277,45.803,48.263,-23.576,45.688,48.2225,-23.4265,45.7455,48.2121583037918,-23.4265294194641,45.64999941959763,-11.88880303608834,-4.647149321656174,0.3304345623569028,3.2834415379654582,1.7408156886990969,2.8168010255604017
PHE_38_A_HZ,THR_29_C_O,5369,1840,53.893,-5.886,40.056,52.255,-4.979,40.653,53.074,-5.4325,40.3545,53.5838542553246,-5.431049595863466,45.06275832860284,5.677485866224895,2.020890703474972,1.965223142546412,3.5347067909580265,1.5707462560127572,2.8794816579973115
LEU_48_A_HD12,LYS_40_C_HD3,7959,5520,47.675,-17.92,43.279,43.905,-16.976,44.783,45.79,-17.448,44.031000000000006,45.99116560272698,-17.44742773563371,45.88866739136995,-5.7661612081790645,-6.450669482800009,4.167259531154733,2.2198784005588976,2.330329318934145,2.669294193815874
TYR_27_A_HD2,GLN_31_C_NE2,989,3070,43.972,-0.847,42.444,47.263,-1.686,39.96,45.6175,-1.2665,41.202,46.12293119693716,-1.2650621783262277,45.86941351604497,10.365895777922432,-5.168707973612614,4.207714106257694,2.389509817932322,2.4750023020821574,2.5602821275323606
ARG_33_A_HG3,TYR_27_C_CD2,3952,610,59.913,-0.298,48.322,60.157,-0.593,48.652,60.035,-0.4455,48.487,59.59355158567489,-0.4467558071243255,44.41043664549496,10.21989684689932,8.40459438047816,0.505431498820561,2.842667013202453,1.9878264358931483,2.580355734306124
PHE_28_A_CD2,PHE_38_C_CD2,1278,4930,43.274,-6.729,50.128,43.829,-9.302,50.599,43.5515,-8.0155,50.3635,43.10050622810975,-8.016782961209934,46.19878986867353,3.8471367568852703,-8.680837787490885,2.673984854108189,4.451660611506179,2.025644972738531,3.1891476245994808
LEU_30_A_CD1,TYR_44_C_HH,2333,6930,50.09,-10.686,45.651,50.084,-11.081,44.485,50.087,-10.8835,45.068,50.12714960636933,-10.883385784703078,45.4387622651068,0.485849212417175,-1.83463322477988,1.2311039761125009,2.032877067089354,1.3906718429686524,2.2505103507405395
GLN_31_A_OE1,GLU_26_C_HB2,3033,340,55.189,0.544,46.573,54.766,2.358,42.47,54.9775,1.451,44.5215,55.01905295348629,1.4511182074582925,44.90522149940247,12.439741448663469,3.949814306580223,4.506010874376583,4.172775995494188,2.560197973772062,2.49974931774319
TYR_27_A_HB2,ARG_33_C_HA,908,3810,43.356,-3.37,43.748,43.192,-3.642,43.669,43.274,-3.506,43.7085,43.53838654122949,-3.505247888334678,46.14998228972171,8.315991434739674,-7.920964159587324,0.3272934463138552,1.6965395857659598,1.6776314801481225,2.468326200125708
LYS_40_A_HZ3,ASP_52_C_OD2,5682,9210,63.112,-17.814,48.232,61.416,-21.365,49.697,62.264,-19.5895,48.9645,61.74623838973203,-19.590972898526253,44.18322105936823,-9.029710116812437,9.204198772841202,4.199076327003358,1.2403560692740572,3.398309664996704,2.317835080463924
LEU_30_A_O,THR_29_C_HG1,2225,2140,52.852,-4.945,45.815,52.103,-5.049,46.547,52.4775,-4.997,46.181,52.37061896771725,-4.997304049029151,45.19400517714707,6.196799422076118,0.8344615111266745,1.0524452479820467,3.118933029058718,1.3572802842527925,2.521843325707125
TYR_27_A_CD2,ARG_33_C_HG3,611,3950,42.75,-1.948,42.074,42.958,-1.772,41.971,42.854,-1.86,42.0225,43.3036600067629,-1.8587208330085836,46.17489345317061,9.97512442270972,-8.039480758414179,0.291288516766452,2.242026729237801,1.9874480720061343,2.5762275042347187
PHE_38_A_CE1,LEU_30_C_HG,5023,2600,54.081,-7.509,41.607,54.273,-7.686,41.567,54.17700000000001,-7.5975,41.587,54.5422214879386,-7.59646103886292,44.959644426154384,3.4490885083433787,2.8285739101135787,0.264183648244928,2.862506459602255,1.2971041195224347,2.5301263882164067
TYR_27_A_CE2,ARG_33_C_CD,730,3660,40.759,-0.64,40.779,40.873,-1.387,39.076,40.816,-1.0135,39.9275,41.51349051592678,-1.011515818993508,46.36848876578565,10.94806427803476,-9.775375433986214,1.863119427197304,2.940595558321613,2.432589657844411,2.957768960516723
LYS_51_A_CD,ALA_47_C_HB3,8649,7660,47.447,-22.589,45.239,47.476,-22.821,45.28,47.4615,-22.705,45.2595,47.511973630317925,-22.70485641551201,45.72559965070881,-11.118938057098662,-5.2983741758119685,0.2373731240052281,3.478462860810952,1.8806211648266062,2.8943498499461757
LYS_40_A_HZ1,LYS_51_C_HZ2,5595,9080,63.313,-18.408,46.657,62.947,-21.868,46.459,63.13,-20.138,46.558,62.85979675927289,-20.13876865867836,44.06280329371974,-9.655665506451305,10.28251817157284,3.484933284870742,1.9791210929655705,3.173280921307251,2.5282982457824117
LYS_51_A_HZ3,GLU_43_C_HB3,9140,6320,43.935,-21.46,46.013,42.601,-18.653,46.56,43.268,-20.0565,46.2865,43.25706763133451,-20.056531099775217,46.185544844123385,-8.173367936827251,-9.379185159632083,3.155632107835136,2.7635262294874323,3.016233285370104,2.802589126806257
LYS_51_A_CG,LEU_50_C_HG,8635,8390,48.814,-26.327,46.542,50.704,-28.121,48.668,49.759,-27.224,47.605,49.53194436831436,-27.224645914835428,45.50825066864557,-15.77159623110393,-3.592856249661088,3.363095597808659,2.881801078133305,2.0597426729795094,2.707316541099322
LYS_51_A_HA,LEU_50_C_CD1,8728,8200,49.831,-28.179,44.633,49.993,-29.188,45.829,49.912000000000006,-28.6835,45.231,49.93731830794856,-28.68342797592999,45.464802371991645,-17.255648431091167,-3.289788674851403,1.5731309544980658,1.8822157733254268,1.8038108996556756,2.5286729956253144
GLU_26_A_OE2,GLU_26_C_OE1,276,210,49.916,2.298,45.321,53.095,2.939,41.994,51.5055,2.6185,43.6575,51.67973479236544,2.6189956531419223,45.26647433672432,13.84320256664643,0.6824324782486795,4.646057576053057,2.762490174884587,2.784673002490429,2.4350074114303917
LYS_51_A_HZ3,GLU_43_C_OE1,9133,6290,43.451,-22.101,46.405,39.862,-19.674,47.917,41.6565,-20.8875,47.161,41.57067198010871,-20.887744158627257,46.368419600286735,-8.882017240735856,-11.130214794501557,4.588833620867071,2.152349002660576,3.1792574232474586,2.847502572220113
ALA_47_A_HB3,LYS_51_C_HE2,7628,8910,58.508,-22.084,44.148,61.524,-23.227,43.372,60.016000000000005,-22.6555,43.760000000000005,60.081454784331626,-22.655313797984505,44.3644433880032,-11.967387473916364,7.316188476561733,3.31736054718205,2.8424530326737187,2.321791562832458,2.756946585839332
ILE_32_A_HG12,THR_29_C_HA,3481,2040,55.477,-5.792,44.516,55.618,-5.588,44.494,55.5475,-5.69,44.505,55.5844477954298,-5.68989489303116,44.846195084162005,5.2763877467480125,4.00970827629841,0.2489598361182006,2.512749256931235,1.1473587455565775,2.4265795233120238
PHE_38_A_HE1,LEU_30_C_CD1,5319,2360,55.152,-9.281,42.388,55.449,-8.834,42.528,55.3005,-9.0575,42.458,55.5595207292216,-9.056763152688855,44.84993160182993,1.9198088711844037,3.745482141700376,0.5546332121321255,2.2827195710423904,1.1599880877667716,2.340847425044079
GLN_31_A_OE1,GLU_26_C_HG2,3012,420,55.083,1.167,47.552,54.719,3.323,47.005,54.901,2.245,47.2785,54.64832017305949,2.244281190923904,44.94512357479952,13.257382233558555,3.63421006814197,2.2538946293027973,2.26408801987434,2.456733486126525,2.291117286242551
PHE_28_A_CE1,GLU_36_C_H,1307,4840,39.393,-5.503,47.303,36.499,-7.717,46.771,37.946,-6.609999999999999,47.037,37.91598061639562,-6.610085397420344,46.75978545996476,5.620621838845668,-13.782560101769024,3.682398131652793,3.169310609565742,2.4253674160894416,3.2585916460623023
PHE_38_A_CE1,THR_29_C_H,5010,2010,55.229,-5.668,41.694,54.985,-5.165,41.883,55.107,-5.4165,41.7885,55.439802866150586,-5.41555326149841,44.86177407778292,5.560368377691994,3.884077099239783,0.590140661198667,3.015355137098336,1.2892023446890561,2.6890798502852022
PHE_28_A_CE2,PHE_38_C_HB3,1343,5180,40.694,-6.307,49.668,40.591,-7.748,49.566,40.6425,-7.0275,49.617,40.30509192318362,-7.028459839140702,46.50119902115515,5.032645024643964,-11.415274689740196,1.448272764364503,4.4014577230933885,1.9028328601957496,3.4970638090962325
LYS_51_A_HZ3,GLU_43_C_CD,9128,6220,43.738,-22.135,46.724,42.145,-20.932,48.971,42.941500000000005,-21.5335,47.8475,42.76732029920742,-21.533995496420577,46.2390344074002,-9.612114695410057,-9.97552599399382,3.005639199904073,3.7416625248074102,2.959791473316251,2.9551074528161836
GLN_54_A_HE21,GLN_54_C_HB2,9640,9540,54.76,-32.56,44.317,55.955,-33.05,47.013,55.3575,-32.805,45.665,55.27338439919727,-32.805239287235665,44.88823296528577,-21.748210478674235,1.771065832595633,2.989404790255074,2.4741776971999445,2.657694275101351,2.599220399826584
GLN_54_A_HG3,GLN_54_C_HE21,9603,9640,52.63,-32.087,44.809,53.273,-33.119,47.801,52.9515,-32.603,46.305,52.826762989831,-32.60335484469069,45.15311382688309,-21.372068469374312,-0.669301498072317,3.2296341898115983,2.8324755048864643,2.6097475456783688,2.652093109142588
LYS_51_A_HE3,GLU_46_C_OE1,8970,7360,46.137,-23.431,47.738,45.545,-23.723,50.706,45.841,-23.577,49.222,45.4861620410209,-23.57800942266957,45.94524245954536,-11.845176060310887,-7.392921882454706,3.04051837685616,1.9306253473317188,2.6448591962350183,2.6348715147822444
ALA_47_A_HB2,LEU_48_C_HD23,7572,8120,56.086,-21.657,46.295,56.061,-20.828,49.707,56.0735,-21.2425,48.001000000000005,55.730672351108666,-21.243475256428432,44.83515188495329,-10.248330591484647,3.0513314129862343,3.5113544395289966,3.065482750817475,2.0663567763701605,2.507639455982687
PHE_28_A_CZ,ARG_35_C_HD2,1421,4690,39.337,-5.533,49.877,35.671,-8.188,51.216,37.504000000000005,-6.8605,50.5465,37.10347542889854,-6.861639389322816,46.84784861481552,5.427742683586608,-14.615624829902773,4.720328590257253,3.587796064588883,2.6306757271015457,3.476377279170752
LEU_30_A_CD1,LEU_30_C_HB3,2330,2570,50.302,-10.32,45.651,50.707,-10.736,43.285,50.5045,-10.528,44.468,50.60401930160047,-10.52771689319997,45.38701278791685,0.8065553589506024,-1.3309163970105446,2.4361931368428147,2.407212350451064,1.5015073756789736,2.266082505904428
TYR_27_A_CD1,GLY_34_C_HA3,584,4310,39.398,-2.892,43.791,38.206,-6.083,42.655,38.80200000000001,-4.4875,43.223,39.17021745797015,-4.486452516099244,46.623310765517004,7.649294841220271,-12.373291546435432,3.590799493149122,2.6152825214117077,2.449908861113959,2.9231428271052455
THR_29_A_O,PHE_38_C_CZ,1777,5130,48.681,-5.929,48.986,48.257,-6.091,49.368,48.469,-6.01,49.177,48.08793908703512,-6.01108402022473,45.65808611738533,5.491503120337183,-3.534408484220256,0.5932486831001004,2.6338791194254587,1.3907667656517522,2.63743190443111
LYS_51_A_HE3,GLU_46_C_OE1,8974,7330,45.727,-23.431,47.666,44.79,-23.506,52.083,45.2585,-23.4685,49.8745,44.84057021074194,-23.469688902688933,46.0151198134156,-11.69101318595602,-8.032952193554404,4.51591441460088,1.860505456530146,2.8276815821714663,2.6100059261937774
TYR_44_A_HD2,LEU_48_C_HD12,6797,7980,56.658,-16.315,48.005,56.823,-16.194,47.941,56.7405,-16.2545,47.973,56.39277386897184,-16.255489191349405,44.76191676319576,-5.320245647878987,4.070019577757637,0.2143874996355904,3.21025350410858,1.5174942316014366,2.5237019060199777
GLY_34_A_HA2,TYR_27_C_CE1,4286,630,64.558,-1.747,45.781,64.091,0.284,46.277,64.3245,-0.7315,46.029,64.09643292195103,-0.732148792140019,43.922910448937,9.613573982320748,12.902087444475011,2.142210540539845,3.127572623865663,2.2657075307705195,2.890652029611105
TYR_44_A_CG,LEU_48_C_CD1,6475,7700,54.911,-16.564,46.345,54.62,-17.062,46.346,54.7655,-16.813000000000002,46.3455,54.614882004643725,-16.81342846943263,44.95461540176871,-5.749776007458925,2.2466073493300773,0.57678938963889,2.7860708908955862,1.2131083892881838,2.3768261125189882
GLN_31_A_HA,THR_29_C_OG1,3105,1910,52.962,-4.14,46.338,52.972,-4.499,47.061,52.967,-4.3195,46.6995,52.79892576662032,-4.319978127937136,45.14741545648745,6.84181866191987,1.3123086620779667,0.8072855752458349,3.0231490084010293,1.5238924125536382,2.4875452453897715
LYS_51_A_HE3,GLU_43_C_HG2,8979,6380,45.817,-22.729,47.457,45.627,-20.813,50.04,45.722,-21.771,48.7485,45.41916247495139,-21.77186149481826,45.95194140578798,-10.038806716985407,-7.331815822937455,3.2216525262666043,1.9505449419789296,2.624439707164663,2.710003476095458
GLN_31_A_HG3,PHE_28_C_O,3225,1170,56.447,-2.616,46.394,56.904,-2.526,46.122,56.6755,-2.571,46.258,56.51163973449431,-2.571466140283073,44.744829418922734,8.32070412792895,5.161530982792341,0.5393820538356833,1.417788227615334,1.6523086149527892,2.278806076103309
ARG_33_A_HG3,TYR_27_C_CE2,3950,690,59.792,-0.048,48.641,59.497,3.118,47.585,59.6445,1.535,48.113,59.24754322848784,1.5338707601487789,44.44729552455632,12.22023412233117,8.198165836630999,3.350480114849213,2.3135986037763403,2.499446567403741,2.6049189340435643
ARG_33_A_CG,TYR_27_C_CE2,3656,710,60.661,0.248,49.391,60.075,3.53,48.848,60.368,1.889,49.1195,59.8549157895158,1.8875404074723197,44.38141459214389,12.529623958571475,8.83267499638706,3.377834957483861,2.4751720300860622,2.5838118695550336,2.695358267149376
PHE_28_A_O,ILE_32_C_HG12,1145,3470,45.72,-5.577,45.652,45.613,-5.621,45.659,45.6665,-5.599,45.6555,45.69482930316218,-5.598919410423544,45.91710746166943,6.073571416552377,-5.90614680422456,0.1159051336222855,2.4656729497053345,1.270845022947615,2.470780853440415
GLN_31_A_OE1,GLU_26_C_HG3,3018,450,55.541,1.092,47.169,55.22,5.418,45.643,55.3805,3.255,46.406,55.21561648580629,3.2545309488377594,44.88338021043363,14.224555602091534,4.275160610746395,4.598477247959371,2.705426674893622,2.5698348301959304,2.3553040551927222
PHE_28_A_HE1,GLY_34_C_CA,1695,4130,39.614,-5.278,46.374,37.551,-7.016,44.822,38.5825,-6.147,45.598,38.69911010440613,-6.146668274264604,46.67483811508036,6.026927076012769,-12.963915288263776,3.1121241941799145,2.685407414879512,2.296500416285247,3.0588098484116513
LEU_50_A_HD13,LYS_51_C_HG2,8467,8810,57.69,-26.366,43.899,59.655,-25.091,43.983,58.6725,-25.7285,43.941,58.734254976195245,-25.72832432298644,44.51127744295044,-14.936398284666597,5.746196102326782,2.343908274655817,3.09444507215002,2.085555908912504,2.7490679867642807
LEU_48_A_CD1,ILE_41_C_HD13,7705,5900,48.658,-16.566,42.397,45.97,-12.549,41.727,47.314,-14.5575,42.062,47.708156460900064,-14.55637872631176,45.70184495652362,-3.005067079680592,-4.522591730974491,4.879603774898123,3.0363753852787925,2.1136549170744896,2.704394979345059
LEU_30_A_HD22,ARG_42_C_HE,2745,6060,50.175,-11.804,50.562,49.196,-13.729,51.375,49.6855,-12.7665,50.9685,49.098810055152775,-12.768168981898226,45.55070110887208,-1.3207140902680985,-3.0002872348359517,2.307603735479729,2.119954445765192,1.9127031247334854,2.3565105362234156
ARG_33_A_CG,TYR_27_C_CE2,3655,750,61.124,0.219,49.391,61.244,0.428,49.445,61.184,0.3235,49.418,60.62955971748333,0.3219227600910923,44.29801119808242,10.912628367278131,9.498642876098511,0.2469757073074184,2.6683336924187158,2.1864843997290864,2.739094311657301
TYR_44_A_HE1,TYR_44_C_CZ,6823,6680,52.341,-14.671,43.244,52.181,-14.585,43.248,52.261,-14.628,43.246,52.47109127777348,-14.62740234438538,45.186091698781766,-3.416138549730516,0.251045676023612,0.1816920471567231,2.0400096654589057,1.2061279736925135,2.2697863882603473
PHE_28_A_HD2,PHE_38_C_CD2,1645,4970,44.053,-6.174,50.618,43.986,-6.083,50.362,44.0195,-6.128500000000001,50.49,43.54947975204162,-6.129837086637553,46.14958953181024,5.697242713793981,-8.096311842715219,0.2798320925126354,3.114443712790607,1.6870926792725363,3.1106618924919296
LEU_48_A_HD12,ILE_41_C_CD1,7964,5760,47.878,-17.084,42.471,45.26,-13.621,42.284,46.569,-15.3525,42.3775,46.93804842918322,-15.351450152200009,45.7854843841912,-3.743118611611846,-5.351736135076247,4.345257414699388,3.966324744385532,2.264103392693505,2.847321724463149
PHE_28_A_CD2,ARG_42_C_HH11,1269,6120,43.386,-6.322,50.89,44.019,-10.3,53.434,43.7025,-8.311,52.162,43.05726477460426,-8.31283552815374,46.203563658337394,3.554921213329092,-8.745256813152611,4.764148297439951,5.283193267493953,2.42717627664313,3.377031296205468
LYS_51_A_HB2,ALA_47_C_O,8777,7440,51.299,-24.814,45.369,51.477,-24.506,45.71,51.388,-24.66,45.5395,51.363057772428064,-24.660070954218128,45.30917054903821,-13.34430311734624,-1.5734746459820097,0.4927768257538087,1.926832111312572,1.3894474710030835,2.461040834956517
TYR_44_A_HB2,LEU_48_C_HD23,6747,8100,57.37,-17.512,46.927,57.173,-18.862,48.731,57.2715,-18.187,47.829,56.93309587012953,-18.18796267265529,44.70400095123868,-7.286431799025848,4.474825557454648,2.2617968520625364,2.719442850808165,1.8373775544460114,2.517552450626131
PHE_28_A_CD1,GLY_34_C_O,1222,4220,41.063,-5.72,46.119,41.148,-5.874,46.221,41.105500000000006,-5.797,46.17,41.131631756297125,-5.796925661878796,46.41131417545707,6.202025221629247,-10.498501126709336,0.2033346994489613,2.473156505701931,1.5365605084821083,2.88632129510689
PHE_28_A_CD2,PHE_38_C_HB3,1281,5200,42.698,-6.795,49.705,42.244,-9.899,50.03,42.471,-8.347,49.8675,42.08562983386512,-8.348096278940936,46.30879224116321,3.589155683283736,-9.722609786403154,3.153816259708228,2.5945252953761213,2.12906836426546,3.214755754643768
GLN_31_A_OE1,GLU_26_C_HA,3010,320,55.98,1.093,47.552,57.511,3.172,46.91,56.7455,2.1325000000000003,47.231,56.47652902660167,2.131734846805043,44.74718268862176,13.014527171814974,5.460467526758058,2.660519874009593,2.645025005449796,2.4412058817791,2.466953539666875
LEU_30_A_HD22,ARG_42_C_HH21,2735,6150,50.618,-11.346,51.09,49.168,-12.511,55.186,49.893,-11.9285,53.138000000000005,49.07166666707647,-11.930836481947743,45.55338250409552,-0.4835587918779916,-2.9680277362766065,4.498548765991092,1.8169868603560055,2.2335563031709973,2.332828851875375
ALA_47_A_O,ALA_47_C_O,7416,7450,53.5,-24.113,44.729,53.331,-24.212,45.83,53.4155,-24.1625,45.2795,53.394870188451335,-24.16255868650442,45.0889936326859,-12.993185182949738,0.5004043816065049,1.1182857416599734,2.550013164553577,1.4458039239589004,2.4181123865751952
THR_29_A_OG1,GLN_31_C_HE21,1887,3280,49.926,-3.643,43.289,49.785,-1.77,39.696,49.8555,-2.7065,41.4925,50.28076400721486,-2.7052902333485678,45.41960815476008,8.63230396184175,-1.099455608994038,4.054338293729327,3.3604846872124585,2.157560322895959,2.7625738558235526
ILE_32_A_CG1,PHE_28_C_HB2,3382,1540,57.343,-4.667,44.715,57.475,-4.826,44.687,57.409000000000006,-4.746499999999999,44.701,57.40336196135453,-4.746516038768897,44.64893543030714,6.087453278386096,5.901664005193363,0.2085401639972494,2.7253512012852528,1.2334657686917592,2.409087050446593
ARG_33_A_HA,TYR_27_C_CB,3829,530,59.867,-2.455,46.326,60.026,-2.403,46.341,59.9465,-2.4290000000000003,46.3335,59.73664090746783,-2.429596995107364,44.39555242002229,8.231845519063253,8.40727557989557,0.1679583281650598,1.6149996366038315,1.6335967853300264,2.4388047891110047
THR_29_A_HB,GLN_31_C_CD,2056,2990,48.335,-2.668,44.257,48.136,-2.248,43.766,48.2355,-2.458,44.0115,48.40991354292783,-2.457503838358732,45.62212501202085,9.013103282233493,-2.9588868425514967,0.6760783978208436,2.984861152462278,1.7414271730220554,2.5499285161815624
THR_29_A_HG22,THR_29_C_HG22,2135,2200,50.642,-1.846,44.907,50.757,-1.581,44.642,50.6995,-1.7135,44.7745,50.76366250440589,-1.7133174741883015,45.36700980569087,9.587275250735766,-0.5444805309785532,0.3920140303611535,2.3964347604229843,1.8285833335429142,2.5218642740732355
PHE_38_A_CZ,LEU_30_C_CD2,5158,2370,54.325,-8.076,40.201,53.264,-9.0,39.986,53.7945,-8.538,40.0935,54.3240415035498,-8.53649359070912,44.98356057788397,2.527016713180681,2.542883008968005,1.4232786094085728,2.5145792838200367,1.6236101260958056,2.4841419295745877
LEU_30_A_HD22,ARG_42_C_NE,2737,5930,50.052,-10.991,50.881,48.104,-10.913,52.938,49.078,-10.952,51.9095,48.39757237411365,-10.95393564147576,45.62607880044311,0.5390253133828232,-3.574941953518648,2.834084861114785,2.1703577358302697,2.093526549210318,2.4305508224208463
LEU_30_A_CD1,ILE_41_C_HG13,2324,5770,48.785,-10.773,46.018,47.751,-11.169,44.134,48.268,-10.971,45.076,48.328379636231794,-10.970828235474672,45.63357684121975,0.5271180062895104,-3.6455637020163536,2.185275268701863,2.6714756196991094,1.5560676527820863,2.357220327163069
GLN_31_A_OE1,GLU_26_C_HB2,3033,330,55.189,0.544,46.573,54.805,2.237,42.546,54.997,1.3905,44.5595,55.03426163081135,1.390605999749731,44.90359320266074,12.378295777417314,3.960773867845652,4.385251874180092,4.29960884874661,2.5589931485417834,2.4968052480584366
PHE_28_A_HE2,ARG_35_C_HE,1722,4780,40.392,-4.965,51.683,38.189,-5.968,53.328,39.2905,-5.4665,52.5055,38.65954274805461,-5.468294910993958,46.678913862020366,6.706412433520685,-12.955414915964008,2.926643640759842,3.2556999670016067,2.4845109616227536,3.534331559860861
PHE_28_A_CD2,ARG_42_C_HH11,1274,6100,43.275,-6.585,50.529,44.284,-10.374,51.715,43.7795,-8.4795,51.122,43.24469341607293,-8.481021387089493,46.18331894228647,3.373771938381557,-8.569158069537803,4.096486055145313,5.3241416026871775,2.271351515584021,3.2615110726547853
TYR_44_A_HB2,LEU_48_C_HD23,6748,8110,57.8,-17.573,46.927,57.723,-19.555,48.566,57.7615,-18.564,47.7465,57.426259196640125,-18.564953673805505,44.65071274702954,-7.697697850375045,4.942834263868019,2.5730476093535475,2.4877106664981152,1.9819257546750058,2.520233701882981
GLN_31_A_HG3,PHE_28_C_HA,3230,1500,55.881,-2.261,46.185,56.461,-1.032,42.832,56.171,-1.6465,44.5085,56.2002130724131,-1.646416896327477,44.7782686447777,9.265661497023318,4.914799505234466,3.61793449360267,2.422622507845763,1.912105314199905,2.4211964810182662
PHE_28_A_CZ,ARG_35_C_CG,1415,4400,39.571,-4.906,50.538,38.791,-5.215,51.576,39.181,-5.060499999999999,51.057,38.70633757595216,-5.061850292433782,46.673721272875824,7.108487219008965,-12.879587389754422,1.3346628787825072,3.839187169281945,2.1169440400274833,3.6198222012428634
LEU_48_A_HD12,LYS_40_C_CD,7963,5480,47.622,-17.468,42.887,43.461,-16.498,43.937,45.5415,-16.983,43.412,45.81178471967572,-16.982231109534997,45.90794912510262,-5.289326644777768,-6.597591184871244,4.399695557649416,2.446462700439665,2.4434097011026714,2.6793140378469684
GLY_34_A_H,TYR_27_C_HA,4252,870,61.824,-1.942,45.074,60.527,1.902,43.642,61.1755,-0.02,44.358,61.16276261013986,-0.0200362345959622,44.24037634330325,10.53344567119646,10.009312571951233,4.302228376086046,2.5711629232112494,2.188325255065603,2.7052048383902654
LEU_30_A_CD2,ASN_45_C_CG,2348,7030,50.971,-12.204,49.811,50.935,-13.425,49.995,50.953,-12.8145,49.903,50.46566540966005,-12.815886341485482,45.40269992439591,-1.4659484668225296,-1.6323026468290678,1.2353108920429705,2.8691383484012003,1.6135136116825575,2.4089131086032762
LEU_50_A_HB3,LEU_50_C_HB3,8298,8350,53.407,-25.855,44.794,53.321,-25.935,45.553,53.364,-25.895,45.1735,53.35536985751805,-25.89502455053424,45.09380479339283,-14.718451140994482,0.3376814039673548,0.7680345044332318,2.208522553673248,1.46414190642557,2.464084533502189
ASN_45_A_HD22,TYR_44_C_OH,7152,6720,52.367,-13.644,42.445,52.029,-13.548,42.595,52.198,-13.596,42.52,52.4864942903839,-13.595179307992884,45.18410573466649,-2.3876244312701447,0.3398392672223974,0.3820471175130044,1.844187500859506,1.2630221085880216,2.162505190521283
GLN_31_A_OE1,PHE_28_C_H,3022,1480,56.458,-0.396,46.834,57.767,-0.773,45.94,57.1125,-0.5845,46.387,56.92970170276303,-0.5850200141093165,44.69894582288528,10.27226696152913,5.722112673894714,1.6293698168310415,2.1750644866224103,1.9943417792138007,2.3658237017983748
ARG_35_A_HG2,PHE_28_C_CZ,4612,1460,62.92,-3.669,40.836,63.287,-3.727,40.809,63.1035,-3.698,40.8225,63.44695649195197,-3.697022954674901,43.99415517764695,6.702586271566124,12.039808607905456,0.3725345621549738,3.852066869448364,1.8125790426701913,3.3860512016799778
LEU_30_A_HB2,LEU_30_C_HD11,2486,2650,53.293,-8.429,45.694,53.276,-8.797,44.72,53.2845,-8.613,45.207,53.272635839670144,-8.613033750482689,45.0974401971709,2.525774301399076,1.4825626374772516,1.041340002112666,2.7677988998445184,1.300037425580306,2.332041654501653
ALA_47_A_HB3,LYS_51_C_HE3,7631,8960,58.455,-21.632,43.756,60.133,-21.179,43.352,59.294,-21.4055,43.554,59.38983107334017,-21.405227385260144,44.43895377743895,-10.671056027517588,6.7110967677314255,1.7844071844733254,3.2382926167866684,2.1167507035755495,2.7416582828177543
PHE_38_A_CD2,TYR_27_C_O,4974,510,57.999,-4.595,40.375,58.362,-0.765,40.913,58.1805,-2.68,40.644,58.6000893708305,-2.678806376228613,44.518705622586594,8.064452422218443,7.249259615626491,3.884599464552297,2.5352277606168,1.8883661481374123,2.880474304610658
PHE_38_A_CZ,THR_29_C_H,5154,1990,54.754,-5.252,40.624,53.892,-3.332,41.566,54.323,-4.292,41.095,54.73908108630828,-4.29081635639516,44.93730830580756,6.732316997027492,3.260951131487261,2.3058204613542643,3.3580376450378617,1.60930382505583,2.7836637128191946
ALA_47_A_HB3,LYS_51_C_HZ1,7618,8990,58.352,-21.181,44.956,59.524,-20.648,46.034,58.938,-20.9145,45.495000000000005,58.83018778046759,-20.91480669801722,44.499406111673125,-10.14189813455933,6.184447477627073,1.6792132086188465,2.977282295123415,2.0673578047725814,2.7002258837397117
LYS_51_A_HE3,GLU_46_C_HB3,8972,7400,46.342,-23.076,47.666,47.135,-22.679,49.354,46.7385,-22.8775,48.51,46.4494447051291,-22.878322287920497,45.84071365926677,-11.21606666974995,-6.376741178888414,1.9067779105076728,2.6376032101401456,2.4007523948341283,2.775552428998917
TYR_27_A_CD1,GLY_34_C_CA,584,4170,39.398,-2.892,43.791,38.53,-4.388,43.278,38.964,-3.64,43.5345,39.296970673267374,-3.6390527841303504,46.60932369563346,8.485498742723962,-12.185911300510014,1.8040534914464157,2.8641860089967746,2.247865583212643,2.9612762734070026
ASN_45_A_HD22,LEU_30_C_CD2,7199,2380,52.789,-12.521,41.343,51.678,-10.383,39.278,52.2335,-11.452,40.310500000000005,52.758004191121074,-11.45050792056654,45.15404342528861,-0.2677676551787413,0.7646262462460413,3.1732617288840257,1.4976026721728333,1.6910636960305103,2.117441085151814
TYR_44_A_CE2,ASN_45_C_OD1,6621,7080,53.358,-14.891,48.014,53.167,-15.112,48.206,53.2625,-15.0015,48.11,52.94038119968443,-15.00241634508402,45.1353881211214,-3.823727264952043,0.6952425057498153,0.3495511407505322,1.8239875214886376,1.3273715157978943,2.3234548619387625
ALA_47_A_HA,LYS_51_C_HB2,7514,8780,56.396,-24.307,43.796,56.403,-24.302,43.78,56.3995,-24.3045,43.788,56.50392983578983,-24.30420292399401,44.75235920457119,-13.356558707583709,3.609680406746405,0.0181659021245823,2.5171855972830257,1.525137459357653,2.584532216367636
LYS_51_A_HZ3,GLU_43_C_OE1,9133,6280,43.451,-22.101,46.405,39.895,-20.1,48.698,41.673,-21.1005,47.5515,41.54519090264634,-21.10086358398808,46.37124458229543,-9.092777896602156,-11.170922302862136,4.680489931620404,2.29295784768098,3.157000620386617,2.8821494223564956
LEU_30_A_HD22,ARG_42_C_CD,2742,5910,49.887,-10.54,50.562,47.63,-10.073,51.593,48.7585,-10.3065,51.0775,48.17080676104548,-10.308171836011743,45.65043617131903,1.1993555245806569,-3.756575731800553,2.524895839435758,2.520817745468772,1.8634186824568992,2.491090732933227
LEU_30_A_HD11,LEU_30_C_HB3,2619,2560,49.605,-9.34,45.618,49.672,-9.638,43.932,49.63849999999999,-9.489,44.775000000000006,49.71516305946796,-9.488781913326386,45.48294640716768,1.906357768200067,-2.1488951445917337,1.7134436086431324,2.423900313297018,1.448362104086518,2.3402166289100017
PHE_28_A_HZ,ARG_35_C_HE,1727,4760,38.998,-4.61,50.231,37.53,-4.868,52.334,38.264,-4.739000000000001,51.2825,37.77581940263969,-4.74038874815772,46.77438745728787,7.4956054066254225,-13.790342452772878,2.5776339926374336,2.8020285022103515,2.335761701950503,3.4835682914598713
LEU_30_A_HD13,ARG_42_C_HD2,2655,6000,48.676,-10.771,49.231,47.874,-10.915,50.315,48.275000000000006,-10.843,49.773,47.83255464930368,-10.84425864315172,45.68723041857056,0.6887856450624037,-4.1340353596375525,1.3560958668176784,1.8482258355186791,1.5529894222245089,2.3793744264443597
GLN_31_A_CD,THR_29_C_HB,2955,2100,54.259,-1.482,46.759,53.83,-1.525,45.747,54.0445,-1.5034999999999998,46.253,53.91163474516576,-1.503877967454818,45.02605340472839,9.57131859192934,2.628781322063596,1.1000154544368923,1.693061001893402,1.8820527309583144,2.3408619078169663
ARG_33_A_HG2,TYR_27_C_OH,3904,830,62.19,-0.085,49.74,63.744,3.493,49.739,62.967,1.704,49.7395,62.35743654964155,1.7022659488654903,44.11047530914034,12.166056937610517,11.33030665382105,3.900897460841544,3.0747571278315764,2.767511303896824,2.8444307068269126
LEU_50_A_HD12,GLN_54_C_C,8427,9290,56.81,-28.646,45.168,57.763,-28.958,45.926,57.2865,-28.802,45.547,57.19252405447576,-28.80226733737868,44.67917743388028,-17.892443425185647,3.980963136147889,1.2570270482372266,2.8271655092474504,1.9842635372005204,2.729570186946109
ARG_33_A_HG2,TYR_27_C_OH,3908,800,62.19,-0.085,49.324,63.633,3.592,47.815,62.9115,1.7535,48.5695,62.42780821197957,1.752124021349578,44.10283944820352,12.210762199193343,11.40445342860663,4.228434580314566,3.18453818142019,2.855665662047787,2.8809019145307175
PHE_28_A_CE2,ARG_35_C_CZ,1359,4440,40.74,-5.827,51.231,38.194,-8.547,53.487,39.467,-7.187,52.359,38.84973423504304,-7.188755962237218,46.65884814587897,4.976713536895227,-12.88683364632809,4.355462317596147,3.561381748415505,2.5664769766356965,3.5116896432579785
LEU_48_A_HA,LEU_48_C_N,7804,7670,51.617,-20.988,45.2,51.444,-20.684,45.904,51.5305,-20.836,45.55200000000001,51.50244208860502,-20.836079817536728,45.29289871050599,-9.539932554277277,-1.1619341344918397,0.7861049548247347,1.4194295411211,1.2900423172790154,2.3042929251658366
TYR_44_A_CZ,LEU_48_C_HD13,6648,8000,52.964,-15.453,46.685,52.671,-16.066,47.047,52.8175,-15.7595,46.866,52.63371458173832,-15.760022822214577,45.16883023595558,-4.557513211673397,0.3337337946631972,0.7698454390330537,2.529835940671877,1.2076891594865782,2.3229032715002518
THR_29_A_OG1,GLN_31_C_HB3,1879,3200,49.436,-4.463,43.454,48.64,-5.482,40.253,49.038,-4.9725,41.8535,49.43417474509808,-4.97137298481266,45.51198283839982,6.432421889876978,-2.109849773090416,3.45230039249194,2.476999684708573,2.1315865950905386,2.634956202892619
TYR_27_A_HD2,ARG_33_C_HG3,987,3930,43.581,-1.66,42.444,44.113,-2.22,41.438,43.847,-1.94,41.941,44.29387640211176,-1.9387287516474103,46.06768820574859,9.824585275719476,-7.051674751669502,1.2683296101566015,1.8954296086871312,2.10028265025735,2.501972042235213
LEU_50_A_HD12,GLN_54_C_C,8426,9330,56.522,-29.008,45.168,58.986,-31.63,46.586,57.754,-30.319,45.877,57.619334152525454,-30.319383089677466,44.633425799473386,-19.436213128724248,4.301393128747789,3.8674156745816695,2.387101036046132,2.4066676694746314,2.670446415604829
TYR_44_A_CD2,LEU_48_C_CD1,6512,7730,55.696,-15.701,48.51,55.847,-16.242,49.184,55.7715,-15.9715,48.847,55.3414480017153,-15.972723387253758,44.87567705523576,-4.963095837847962,3.0353080255033738,0.8773585356055987,2.937831120770728,1.5396612355936867,2.4854313166974626
GLN_54_A_HE21,GLN_54_C_HB2,9643,9550,55.06,-32.788,44.108,56.608,-33.674,47.693,55.834,-33.230999999999995,45.9005,55.71916894010521,-33.23132666481162,44.840090503588655,-22.205064454365846,2.18805078646698,4.004188432129537,2.4010532786860472,2.78148764820136,2.6107280990153225
LEU_48_A_CD1,ILE_41_C_HD13,7704,5880,49.063,-16.353,42.397,47.422,-12.637,42.349,48.2425,-14.495,42.373,48.59260483248888,-14.49400404185714,45.606049398401886,-3.006028202262009,-3.630787162435989,4.062491969222835,2.351895918744934,1.9119576033462167,2.609489304678666
TYR_44_A_HB2,LEU_48_C_HD12,6747,7960,57.37,-17.512,46.927,57.393,-17.463,47.055,57.3815,-17.4875,46.991,57.13149249142439,-17.488211207018118,44.68230114700133,-6.602620678116478,4.723595663028447,0.1389748178628061,2.815706188413981,1.6967734052904677,2.5134374924953096
PHE_28_A_HD2,PHE_38_C_HD2,1670,5250,43.899,-6.027,51.084,43.936,-6.406,51.521,43.9175,-6.2165,51.3025,43.3616996148446,-6.2180811090508685,46.16995130570188,5.622635267966277,-8.290982637341672,0.579636955343599,3.437321194098625,1.8615421878824527,3.2365467357980195
TYR_44_A_HE2,ASN_45_C_OD1,6882,7120,53.788,-13.906,48.821,53.45,-14.135,49.282,53.619,-14.0205,49.0515,53.19194408370283,-14.021714864171596,45.10784442845796,-2.863473936675228,1.0173162237373512,0.6157970444878687,1.940773291200456,1.53191287596377,2.3048997919634213
GLY_34_A_C,PHE_28_C_CZ,4187,1410,63.216,-2.986,43.595,62.849,-0.946,42.549,63.0325,-1.966,43.072,63.135948890602286,-1.9657057145306087,44.02730064852132,8.451744092994723,11.850783074993164,2.321724574535059,2.897468495329408,1.9525640444437706,3.0298981411493835
ARG_33_A_CG,TYR_27_C_CE2,3656,700,60.661,0.248,49.391,60.595,3.759,48.233,60.628,2.0035,48.812,60.14481145758492,2.0021254529538077,44.349986678834576,12.623211511873262,9.131670505743308,3.697626400814447,2.6429737883224105,2.663703585140545,2.723022581560304
LEU_50_A_HD13,LYS_51_C_HG2,8463,8830,57.534,-26.367,44.291,58.284,-26.243,44.662,57.909,-26.305,44.4765,57.922306643548254,-26.3049621460238,44.599380440160175,-15.453579493028846,4.89059280074375,0.8458823795303945,2.8197835990910174,1.7750088279997056,2.742402922432231
THR_29_A_CB,THR_29_C_HG22,1828,2160,49.697,-2.578,44.207,49.823,-1.358,43.161,49.760000000000005,-1.968,43.684,49.95178111880734,-1.9674544320751983,45.45500620513315,9.391775097593998,-1.3771029148247809,1.6119528529085452,3.456000136534121,1.9097103494305534,2.654292180369583
LYS_51_A_HZ3,GLU_43_C_C,9137,6160,45.223,-21.716,46.013,46.131,-19.966,46.736,45.677,-20.841,46.3745,45.62875257843142,-20.84113725149705,45.9289583141916,-9.125406111418815,-7.055404562615966,2.0999269034897385,3.086323262279746,2.3426837539246725,2.9026929476280023
PHE_28_A_HZ,ARG_35_C_HG3,1733,4650,38.711,-4.644,49.912,36.211,-5.51,50.903,37.461,-5.077,50.4075,37.07579277472101,-5.078095815416136,46.85029692143961,7.208756301867156,-14.516677899325405,2.825249900451285,3.179462185302976,2.428578369622697,3.4830972752972613
LEU_30_A_HG,PHE_38_C_CZ,2587,5110,49.556,-8.401,49.906,48.26,-7.379,51.904,48.908,-7.89,50.905,48.33695767808495,-7.891624468438171,45.63169936543037,3.597927226373135,-3.4181792687353,2.591544713100667,2.894809883943191,1.7359966836144554,2.6204172354440782
LEU_48_A_HD22,LYS_40_C_O,8050,5470,47.577,-19.3,44.232,45.075,-17.284,45.427,46.326,-18.292,44.8295,46.43551402766683,-18.29168846077663,45.84080926627824,-6.640029134081174,-6.064836691318767,3.4281605855035417,1.658909569802785,2.221087048875261,2.6580258182526877
TYR_27_A_CB,GLY_34_C_H,503,4240,42.079,-4.328,44.874,42.149,-4.437,44.691,42.114,-4.3825,44.7825,42.27690588265642,-4.382036574690505,46.2868573154198,7.5315290313478,-9.2489119608205,0.2242097232503532,2.038597332320109,1.5896960953415002,2.607040765421169
ALA_47_A_HA,LYS_51_C_HG3,7534,8870,57.233,-23.544,43.039,57.758,-23.86,42.891,57.4955,-23.702,42.965,57.6752957474304,-23.701488527372124,44.62532707670074,-12.839040847568585,4.827742461374774,0.6303848031163237,2.548608013258637,1.7695659833041981,2.6549315577442116
ARG_33_A_CG,TYR_27_C_CZ,3651,770,61.451,0.176,49.814,62.156,2.197,49.926,61.8035,1.1865,49.870000000000005,61.19347138785733,1.184764625599931,44.23667976424328,11.733008147017484,10.125724225390886,2.1433641781087966,2.5681668534910305,2.523330889095391,2.789327596820439
LEU_50_A_HD12,GLN_54_C_HG2,8422,9570,55.984,-28.958,45.487,56.408,-29.812,46.149,56.196,-29.385,45.818,56.08567662896091,-29.38531384159696,44.79921683773411,-18.39495180095807,2.8290303081556667,1.1607480346741936,2.3817064524182485,1.9942648901033653,2.678248807722608
TYR_44_A_CE2,LEU_48_C_HD13,6599,7990,53.482,-15.522,47.223,53.074,-15.983,47.214,53.278,-15.7525,47.2185,53.051147294940655,-15.753145337561405,45.12362459824087,-4.580471282724599,0.7530354122386874,0.6156833601779419,2.494392079398135,1.2149652429475786,2.34036934007278
TYR_44_A_HE1,TYR_44_C_CE2,6843,6630,50.849,-16.279,43.137,50.735,-16.164,43.118,50.792,-16.2215,43.1275,51.03185405780004,-16.220817676936175,45.34243662844347,-4.902718974201921,-1.3061629085835242,0.1630398724238919,2.855795063260212,1.2133626868970833,2.498523430646952
THR_29_A_HG22,THR_29_C_HG22,2132,2180,51.66,-1.884,45.847,52.521,-1.617,45.687,52.0905,-1.7505,45.767,52.03230966802709,-1.7506655365181705,45.22964032849704,9.45939920206065,0.7257078774725948,0.9155380931452324,1.9192434330519916,1.8133659956738781,2.4439044006754624
ARG_33_A_HG2,TYR_27_C_CE1,3912,680,61.969,-0.164,48.932,62.793,3.051,45.791,62.381,1.4435,47.3615,62.0327645930134,1.4425093598915644,44.145713845160046,11.93014886989282,10.986105400275047,4.569582256618217,3.870789280199771,2.732392636551642,2.855729440315559
THR_29_A_OG1,GLN_31_C_HB2,1886,3180,50.367,-3.786,43.289,50.311,-3.679,40.864,50.339,-3.7325,42.0765,50.696185778662056,-3.731483898387681,45.374938523717866,7.579029176095458,-0.7555714889662377,2.428005354195089,2.7238280012821425,1.931011922638574,2.7179685391373134
TYR_44_A_CE1,TYR_44_C_CE1,6555,6590,52.445,-15.254,45.395,52.317,-15.07,45.359,52.381,-15.162,45.377,52.361628127688455,-15.162055107991035,45.19811009528908,-3.9416209294258726,0.1032333986512121,0.227015417978603,2.364915278168859,1.112759299363127,2.356707472635047
GLN_31_A_HG3,PHE_28_C_CA,3230,1140,55.881,-2.261,46.185,55.951,-1.327,43.204,55.916,-1.794,44.694500000000005,55.92826519426878,-1.7939651086789663,44.80776315798066,9.13791202998657,4.631469091448329,3.124678703482969,2.9471972558809183,1.8891303828297485,2.402006151548443
PHE_28_A_HE1,GLY_34_C_CA,1694,4160,39.326,-4.916,46.374,37.307,-6.684,44.463,38.316500000000005,-5.800000000000001,45.4185,38.45539441835372,-5.79960488112668,46.70112301467695,6.390522536404223,-13.18377790812886,3.2945570263694024,2.5585277145619414,2.317056451168353,3.0471473597366314
GLN_54_A_HE21,GLN_54_C_HG3,9637,9600,54.965,-32.205,44.317,55.653,-32.324,45.959,55.309,-32.2645,45.138000000000005,55.28183574757499,-32.26457727530695,44.88715122040333,-21.209518532927323,1.817959267014606,1.7842838899681863,2.2637154023692383,2.479002980796481,2.6033350718067934
GLN_54_A_HG3,GLN_54_C_HE22,9600,9700,52.22,-31.377,44.809,51.292,-31.023,49.071,51.756,-31.2,46.94,51.57710665240208,-31.200508905532605,45.28800615084929,-19.8835020034036,-1.8234173961263505,4.376202006306381,2.842873777947617,2.63864381648424,2.6921240258607124
PHE_28_A_HE1,ARG_35_C_H,1689,4490,39.08,-4.465,47.182,37.408,-5.045,47.078,38.244,-4.755,47.13,38.20051125403732,-4.755123714289678,46.72840239001456,7.450570967144843,-13.365293263215644,1.772794404323296,3.3746350758764696,2.0563253049763905,3.252937048120465
LEU_30_A_HD11,GLN_31_C_O,2617,2850,48.99,-9.695,45.618,47.402,-8.903,42.335,48.196,-9.299,43.9765,48.374843135703486,-9.298491237307315,45.6280301665048,2.1919096617277183,-3.4801266994858997,3.731902597871495,2.649417443823876,1.7689223337327438,2.4256009636550004
LEU_30_A_CD1,PHE_38_C_HE1,2293,5270,48.551,-9.24,48.327,48.709,-9.589,48.387,48.63,-9.4145,48.357,48.33495328783512,-9.415339331960704,45.63238580806235,2.078206290072336,-3.5284505246104185,0.3877692612882057,2.0676407292252463,1.1912036671001491,2.3907070055334727
TYR_44_A_OH,TYR_44_C_HH,6671,6950,51.558,-12.959,46.146,51.61,-12.877,45.844,51.584,-12.918,45.995000000000005,51.50764476207922,-12.918217211000536,45.28989617646892,-1.642451696469462,-0.5941485767632732,0.3172254718650436,2.724891426395988,1.1889429509494875,2.2746607986399012
ARG_42_A_HD2,LEU_30_C_HD22,6043,2790,55.674,-10.929,39.872,54.197,-10.747,39.888,54.935500000000005,-10.838,39.88,55.47474419367914,-10.83646598905286,44.8596602451109,0.15065950160584,3.53397705580286,1.488257034251809,3.245188757147542,1.7791348813602867,2.279722856892881
TYR_44_A_CE2,LEU_48_C_HD13,6624,8010,54.355,-15.822,48.014,54.477,-15.697,48.016,54.416,-15.7595,48.015,54.09070461042269,-15.760425381662918,45.01105385021577,-4.661990888807786,1.7955128164778922,0.1746797068923575,2.6539882331081976,1.312653468528958,2.397639529134486
THR_29_A_OG1,GLN_31_C_HE21,1887,3270,49.926,-3.643,43.289,48.748,-3.039,39.629,49.337,-3.341,41.459,49.77188033333874,-3.339762877375673,45.474910292018905,8.035785490531373,-1.655101331849278,3.892056011929946,3.6517744083598296,2.2215363561637185,2.740633582549741
ILE_32_A_CG1,PHE_28_C_HB2,3380,1560,58.091,-4.865,44.798,58.231,-4.642,44.763,58.161,-4.753500000000001,44.7805,58.138136793802325,-4.753565039937389,44.56936930946525,6.027935442220418,6.6383675667295785,0.2656200293652577,2.1422984851836318,1.2549544936832386,2.4044918913245366
GLY_34_A_HA2,TYR_27_C_HD1,4287,980,64.106,-1.837,45.781,63.816,-0.255,45.708,63.961,-1.046,45.7445,63.76760772782305,-1.0465501512414752,43.95861556997816,9.323455918609987,12.549836699017405,1.610016459543192,2.925627796296751,2.195603256113566,2.887668966380087
THR_29_A_HA,ILE_32_C_HD12,1997,3550,48.837,-6.819,45.538,48.665,-6.695,45.8,48.751000000000005,-6.757,45.669,48.74217111954784,-6.75702511589262,45.5874695440177,4.700713882621256,-2.931012467893666,0.3370519247831134,3.239761404815152,1.1807964148109351,2.5469642326195006
GLU_26_A_OE2,GLU_26_C_CD,265,130,50.1,2.738,46.039,53.183,4.567,45.351,51.6415,3.6525,45.695,51.596042188427816,3.652370684225437,45.27521901808281,14.879944395336327,0.6718846387779337,3.650133422218973,1.6968904577290211,2.854666392280642,2.2843455308907448
LYS_51_A_HZ1,LYS_40_C_HZ1,9043,5590,44.767,-21.587,44.085,42.954,-18.316,43.272,43.8605,-19.9515,43.6785,44.12184189112095,-19.95075654958064,46.09186641330896,-8.129633507418509,-8.504036187203843,3.8271894387396106,1.5184389097377096,2.988118447944404,2.6246100402827643
LYS_51_A_CG,LEU_50_C_HD13,8636,8470,49.143,-25.998,46.542,50.504,-26.98,48.036,49.8235,-26.489,47.289,49.629495342534646,-26.489551893320016,45.497460486973054,-15.045328236852711,-3.442754145792189,2.2469270126107768,3.3456475732884314,1.8713311051203174,2.679836295337901
ASP_52_A_OD2,LYS_40_C_HZ3,9207,5680,44.675,-22.008,40.023,42.376,-18.51,41.07,43.5255,-20.259,40.5465,44.1259660133604,-20.257291828732367,46.0915142446044,-8.435688702724589,-8.521677819719734,4.314813321570236,1.7401825345745523,3.636642688666983,2.342106498963634
TYR_27_A_HD2,ARG_33_C_HE,994,4050,43.582,-1.264,42.125,45.622,-2.495,39.576,44.602,-1.8795,40.8505,45.15684424953177,-1.877921610908904,45.97421924261409,9.823594973979054,-6.1815331077876445,3.489177840122225,2.1225537387444278,2.4927547929622884,2.5752076415552225
LEU_30_A_HD13,ARG_42_C_HD2,2657,6040,48.437,-11.188,49.022,48.128,-11.755,50.018,48.2825,-11.4715,49.52,47.86706809480911,-11.47268179685164,45.68368656894492,0.0594852748317119,-4.144057381613725,1.1870071608882582,1.4274178766747645,1.4760098564652655,2.332976401710337
THR_29_A_OG1,GLN_31_C_HE21,1876,3260,49.814,-3.298,43.454,49.663,-0.943,40.162,49.7385,-2.1205,41.808,50.13133150335423,-2.119382495474978,45.43560961213825,9.227405293239327,-1.20775335835781,4.050443185627964,3.095616390303482,2.1736512208961476,2.757026459029818
LEU_48_A_HG,TYR_44_C_O,7884,6480,50.559,-18.756,45.341,50.654,-18.776,45.353,50.6065,-18.766,45.347,50.61102562018887,-18.765987125775307,45.38879192136539,-7.41139550347258,-1.9092176174406672,0.0978212655816777,1.342129551851125,1.231758987618132,2.3988848906539078
PHE_28_A_CZ,ARG_35_C_HG2,1415,4610,39.571,-4.906,50.538,39.158,-4.994,50.77,39.3645,-4.949999999999999,50.654,38.93084182771633,-4.951233645890671,46.64937577631593,7.202787461002141,-12.64648147152108,0.4818059775469792,4.2217849527251285,1.999100332771495,3.6402784609810825
GLY_34_A_HA2,TYR_27_C_CD1,4287,580,64.106,-1.837,45.781,63.85,-0.266,46.185,63.978,-1.0515,45.983,63.75888321146262,-1.0521233308698692,43.95956205907111,9.318520035770172,12.54068735920032,1.6421915235440716,3.304151624180645,2.194266994427462,2.875967525282685
LEU_30_A_CD1,LEU_30_C_HB2,2331,2510,50.09,-9.954,45.651,50.169,-9.921,44.496,50.1295,-9.9375,45.0735,50.16853712309889,-9.937388949431666,45.43398901825491,1.4264989089167432,-1.7258955990685063,1.158168813256514,2.5448035898947894,1.3574036965413014,2.2880064728663276
LEU_30_A_HD13,PHE_38_C_CE1,2645,5010,48.905,-9.638,49.044,48.555,-9.652,49.379,48.73,-9.645,49.2115,48.342341098674495,-9.646102789803509,45.6316568747115,1.8474982919390477,-3.53743407433901,0.48468649661405,2.2001672444423925,1.348226271089103,2.4218032157202396
LYS_51_A_HZ2,LYS_40_C_HZ2,9094,5650,43.362,-22.999,44.078,40.339,-20.58,42.221,41.8505,-21.7895,43.1495,42.19182082091078,-21.78852903010936,46.30143328484751,-9.824895723203078,-10.571013041216377,4.294011993462529,2.9373258520624197,3.3300959836614434,2.6815223223323263
GLN_31_A_OE1,GLU_26_C_HA,3026,290,55.534,0.876,46.834,55.901,1.965,45.869,55.7175,1.4205,46.3515,55.55460428374416,1.4200366036112988,44.847236566389896,12.37048273636852,4.484928104446049,1.5006115420054618,2.1926736889366967,2.3423663915653483,2.3456465711770775
ARG_35_A_CG,PHE_28_C_CZ,4376,1430,63.487,-2.811,39.894,62.613,-1.655,39.931,63.05,-2.233,39.9125,63.49142940875848,-2.2317442469416218,43.98888784725671,8.160985108448422,12.188536913938922,1.44968306881194,3.634500816084135,2.052146406896813,3.3757430327970672
THR_29_A_OG1,GLN_31_C_HB2,1875,3170,50.282,-3.298,43.454,50.243,-2.345,41.685,50.2625,-2.8215000000000003,42.569500000000005,50.56777456656027,-2.8206315724258566,45.38856349806356,8.496752293008317,-0.8196910625236516,2.0097489893018965,2.8851808035802327,1.912494424744644,2.7194810773790477
PHE_28_A_CE2,PHE_38_C_HB3,1375,5220,40.62,-6.189,50.469,40.115,-6.618,50.447,40.3675,-6.4035,50.458,39.94324301985527,-6.404706901918596,46.54019125490556,5.680669302545838,-11.734002292993717,0.6629856710367091,4.947371633252677,1.9263885753742396,3.626044709613739
LEU_30_A_HG,PHE_38_C_HZ,2586,5360,49.885,-8.116,49.906,49.184,-7.146,51.508,49.5345,-7.631,50.707,48.97738035839832,-7.632584861995924,45.56226860822341,3.810565326093725,-2.757234191017754,1.999676223792245,2.9177837089984022,1.6673832709873857,2.6162515335767353
LYS_51_A_HB2,LEU_50_C_HG,8791,8380,50.574,-25.445,46.234,51.232,-27.446,48.948,50.903,-26.445500000000003,47.591,50.66415745808001,-26.44617944556148,45.385404233218566,-15.075973685268709,-2.401589258242553,3.4355146630454074,3.054455099418322,1.9167029959574147,2.5976569894121146
LEU_50_A_CD1,GLN_54_C_O,8184,9410,57.091,-27.694,45.282,60.359,-28.778,47.67,58.725,-28.236,46.476,58.51489745077552,-28.236597687679,44.53580421480042,-17.422663502716553,5.347899951156896,4.190157992248029,2.8969681738973465,2.3236575289795134,2.773002561897465
THR_29_A_HA,ILE_32_C_HD12,2004,3540,48.783,-6.656,45.261,48.754,-6.543,45.427,48.7685,-6.5995,45.344,48.794249204373386,-6.599426750140565,45.58178149280854,4.854193907156569,-2.867564790221332,0.2028940610269286,2.7672128195103527,1.2074580968423991,2.5493064085846338
TYR_27_A_CD2,ILE_32_C_O,607,3380,42.665,-2.266,42.435,44.115,-6.02,39.684,43.39,-4.143,41.0595,43.93659662026937,-4.141445073291484,46.10705636124088,7.652956996275744,-7.566639317186076,4.874732505481714,4.053307513917299,2.5394126401818986,2.7062078369601843
THR_29_A_CA,ILE_32_C_HD12,1751,3530,47.876,-6.5,46.363,47.69,-6.834,46.475,47.783,-6.667,46.419,47.705112265963415,-6.667221570557571,45.6997443134111,4.864369964777885,-3.965119838125635,0.3983666652720834,2.745354569381816,1.1310381170959414,2.5300980749287167
PHE_38_A_CD2,PHE_28_C_HD2,4974,1650,57.999,-4.595,40.375,57.997,-3.65,40.373,57.998000000000005,-4.1225,40.374,58.44865146351272,-4.121218012569302,44.53554907843216,6.636503621092813,6.99483734499652,0.945004232794753,2.952685251135524,1.6111365800310442,2.9333185654553575
LEU_30_A_HD13,ARG_42_C_HD2,2662,6020,48.15,-11.222,48.703,47.558,-11.365,49.2,47.854,-11.2935,48.9515,47.50437776738727,-11.294494585270415,45.722907178869946,0.2631299705668675,-4.495286722811584,0.7860801485853708,1.867268679515365,1.3665805721808533,2.3317732592422553
PHE_38_A_HD2,PHE_28_C_CE2,5297,1400,59.392,-4.955,39.166,60.539,-3.29,38.923,59.965500000000006,-4.1225000000000005,39.0445,60.53564879881701,-4.12087807340508,44.30954937938402,6.4877637011532805,9.088759572136794,2.036389697479339,3.151609406823689,1.9394100835323755,3.1975660279771105
TYR_27_A_CD2,ARG_33_C_HB3,608,3870,41.418,-2.159,42.074,40.379,-5.33,40.209,40.8985,-3.7445,41.1415,41.465184816548174,-3.7428879275431184,46.37456117256409,8.227045510003038,-10.01790537873202,3.822693683778493,2.977959872686295,2.5048572333533503,2.8540151790736497
TYR_27_A_CD2,ARG_33_C_HB3,601,3840,41.096,-1.693,41.74,40.435,-4.06,39.687,40.7655,-2.8765,40.7135,41.37950839189765,-2.8747533041507944,46.38357158377762,9.099106237242957,-10.042183961669489,3.202252176203493,3.213558038450284,2.506603073140942,2.920951158702314
PHE_28_A_HB2,ILE_32_C_HG13,1547,3480,44.777,-7.04,46.942,44.909,-6.795,47.192,44.843,-6.9175,47.067,44.72983891777999,-6.917821914154943,46.02201194258564,4.8269335313720685,-6.968036248365748,0.3740975808529099,2.207096632200861,1.1648540878783797,2.561026049992281
TYR_27_A_CG,ARG_33_C_O,528,3590,40.75,-3.049,43.508,39.386,-7.136,41.237,40.068,-5.0925,42.3725,40.512596211388505,-5.09123523820317,46.4781317433352,6.950151343567381,-11.06944409494588,4.870472872319484,2.635398222817284,2.494689178704754,2.7966621994800125
PHE_28_A_O,GLN_31_C_HG3,1171,3220,45.801,-3.664,44.3,45.738,-3.439,43.444,45.7695,-3.5515,43.872,45.98746344720871,-3.550879950089377,45.88478738960031,8.095531521739758,-5.467031451000716,0.8873161781462068,1.5738147192618448,1.6678366442221633,2.383634085251852
ARG_33_A_HD3,TYR_27_C_HE2,4040,1080,60.243,0.648,50.991,59.806,2.324,50.172,60.0245,1.486,50.5815,59.35892647194518,1.484106614609611,44.435249235128765,12.16263938108272,8.306381620940943,1.915908661705982,2.256713441840516,2.5040867779484595,2.7214689684442552
PHE_38_A_HZ,LEU_30_C_HG,5368,2610,53.893,-7.558,40.056,53.02,-8.385,40.262,53.456500000000005,-7.9715,40.159,53.98292972916466,-7.970002442906376,45.02032484112669,3.116442613670388,2.240892641494594,1.220038523981926,2.614282554324766,1.6184029300268028,2.533805621010035
LYS_51_A_HE3,GLU_43_C_O,8983,6200,46.368,-22.418,47.138,46.291,-20.952,48.103,46.3295,-21.685,47.6205,46.14035288701342,-21.685538074856147,45.87381756918795,-10.004217737570844,-6.602107470489496,1.7567896857620722,2.41344700376721,2.28629091462642,2.837307905461016
ALA_47_A_HB2,GLU_49_C_HA,7570,8140,55.881,-22.012,46.367,56.116,-21.192,49.925,55.9985,-21.602,48.146,55.64103354570224,-21.60301690006227,44.84496957205535,-10.600560492313756,2.9358507094745256,3.65882344477019,3.13478690231986,2.1039729414209143,2.510504237486276
LEU_50_A_HD12,GLN_54_C_C,8425,9310,56.105,-29.208,45.168,56.944,-31.019,46.046,56.5245,-30.1135,45.607,56.43297733212157,-30.11376035843516,44.761832270605936,-19.146365864443947,3.12572310780641,2.180487560157134,2.4107962608644127,2.1755765609333912,2.666234198814057
ALA_47_A_HB3,LYS_51_C_CD,7608,8670,57.818,-21.837,45.501,57.807,-21.772,45.378,57.8125,-21.8045,45.4395,57.72370281665851,-21.804752605133103,44.61950080678377,-10.950556205138003,5.011073047443089,0.1395528573695267,3.5927126357286974,1.7865781359089312,2.6793308343928173
PHE_38_A_HB2,PHE_28_C_CG,5214,1240,59.649,-5.12,42.924,59.708,-5.41,42.823,59.6785,-5.265000000000001,42.8735,59.84217904326553,-5.26453437524756,44.3849970810277,5.396533793207692,8.311739828309761,0.3127011352713634,2.181529954629692,1.3459921668830952,2.756290267622766
LEU_30_A_HD12,TYR_44_C_HH,2644,6920,50.22,-11.482,45.883,50.066,-12.191,43.832,50.143,-11.8365,44.8575,50.20506265076908,-11.836323447731464,45.43061866935904,-0.4702456832466236,-1.8241689645110248,2.1755454488472563,2.0087406262702694,1.5068541182978832,2.2664552287978186
LYS_51_A_HG3,GLU_46_C_HB3,8873,7380,48.205,-23.988,47.29,48.165,-22.97,49.232,48.185,-23.479,48.261,47.90585015765428,-23.479794109457405,45.68318573949988,-11.9200528224799,-4.958254754378628,2.1930088919108384,2.1503855885410985,2.124050213920971,2.7124160470222702
ARG_33_A_CG,TYR_27_C_CZ,3657,790,61.125,0.075,48.99,61.648,3.586,46.828,61.3865,1.8305,47.909000000000006,60.991177524471965,1.8293754093002408,44.25838746033656,12.390440177247656,9.968561191177317,4.156307736441082,3.2827294673350043,2.731732970724809,2.791514497557178
LEU_30_A_HD22,ARG_42_C_CZ,2741,5940,50.174,-10.574,50.881,47.196,-9.924,53.481,48.685,-10.249,52.181,47.98004454057013,-10.251005416849525,45.671076078620494,1.2700040544933826,-3.943907029866572,4.00636793118156,2.424549462751986,2.1044501577697106,2.5185731112534695
PHE_38_A_HB2,PHE_28_C_CB,5175,1230,58.278,-5.679,42.792,58.501,-5.857,42.694,58.3895,-5.768000000000001,42.743,58.58210395763945,-5.7674520913104965,44.52160472518845,4.984897105967437,7.011765852913877,0.3016902384897452,2.430644998563181,1.2244637666092009,2.651388619984058
LYS_51_A_CG,LEU_50_C_HD13,8612,8480,49.38,-25.319,46.64,49.645,-25.71,46.957,49.5125,-25.5145,46.7985,49.37456818198852,-25.51489238052309,45.5247661355676,-14.054921863345315,-3.629274484711976,0.5688541113501789,2.898822999446908,1.6980254813910225,2.681942125162943
THR_29_A_HB,GLN_31_C_HG3,2044,3230,47.657,-2.796,44.553,47.45,-2.66,43.981,47.5535,-2.728,44.267,47.70848004074868,-2.7275591216708786,45.6981659851846,8.793835487336702,-3.681827142814869,0.6233209446184143,2.4541748643053527,1.680409259240772,2.4858901101622273
LEU_30_A_HD12,TYR_44_C_CZ,2636,6650,49.839,-11.529,46.006,49.369,-12.587,43.664,49.604,-12.058,44.835,49.67472559169954,-12.057798803894077,45.48811675383139,-0.653278133556496,-2.3719954712277374,2.612513732021325,1.7310645810032457,1.5059737203399468,2.292340111058183
PHE_38_A_CD2,PHE_28_C_HD2,4977,1660,58.344,-4.558,39.952,58.175,-3.18,40.078,58.2595,-3.869,40.015,58.74553742365252,-3.867617348619897,44.50332136640251,6.868256138481732,7.310723346886877,1.3940304874714906,2.8152752438032094,1.718691146299648,2.9803260933753224
PHE_38_A_HZ,LEU_30_C_HD21,5367,2730,53.637,-7.174,40.056,50.188,-8.948,41.118,51.9125,-8.061,40.587,52.411018028789776,-8.059581844510381,45.19057373993832,3.139374851399616,0.6574187190738637,4.021258633811061,2.670083781786272,1.8226221903571358,2.473940270608574
TYR_27_A_CE2,ARG_33_C_HH11,731,4080,41.218,-0.706,40.779,41.339,-2.491,36.288,41.2785,-1.5985,38.5335,42.11985479571403,-1.5961065621434891,46.3030060556248,10.321636929663525,-9.20854147300544,4.834247304389801,3.579363683896411,2.805131490492781,2.9405308653556617
ALA_47_A_HB3,ASP_52_C_HA,7615,9230,58.156,-21.849,45.275,60.435,-23.349,47.731,59.2955,-22.599,46.503,59.07570918768473,-22.599625248294046,44.47333777432157,-11.839996949277705,6.311074024698078,3.6709368014173207,3.820534323065892,2.3866896598385123,2.768587506513972
ARG_35_A_CA,PHE_28_C_CZ,4341,1440,63.299,-3.387,41.959,63.618,-3.565,42.056,63.4585,-3.476,42.0075,63.67099896065173,-3.4753954951472505,43.9698254898029,6.907649765012987,12.280338556069331,0.3779603153771577,3.936101853472176,1.7894733439367392,3.3038522231929726
PHE_28_A_CE2,GLU_39_C_HB2,1376,5440,41.041,-6.387,50.469,39.725,-9.883,51.055,40.383,-8.135,50.762,39.9260820599299,-8.136299813943717,46.5425830306281,3.954678337931596,-11.874250010202596,3.781172833923356,3.849392805330249,2.4145775731281884,3.4797028065578575
TYR_27_A_CB,ARG_33_C_HA,511,3820,41.506,-3.399,43.818,41.526,-3.389,44.222,41.516000000000005,-3.394,44.02,41.7674180832261,-3.3932847802600405,46.341724830083024,8.55417592183502,-9.68983339407132,0.4046183386847449,2.3326670169692307,1.710229041930052,2.649737159469369
LYS_51_A_HE3,GLU_46_C_CB,8978,7280,46.247,-22.668,47.457,46.267,-21.388,50.04,46.257000000000005,-22.028,48.7485,45.947969943471946,-22.02887911097656,45.89475636200579,-10.332948724114548,-6.819520983364363,2.8828265643288336,2.0224526376934824,2.5261958386953087,2.691143535610689
TYR_44_A_O,LEU_48_C_HD22,6418,8040,56.535,-18.398,45.268,56.648,-18.619,45.78,56.5915,-18.5085,45.524,56.50770195075247,-18.508738383883223,44.750165400857256,-7.57600998029118,4.025233879484064,0.5689938488243982,2.3263707244213023,1.5639357198024737,2.4609888849058827
TYR_44_A_CE2,LEU_48_C_HB3,6624,7870,54.355,-15.822,48.014,53.122,-18.835,49.958,53.7385,-17.3285,48.986,53.31717881222821,-17.32969855034487,45.0953018825929,-6.172043453447992,0.9079321601989968,3.791779793184196,3.1071329451351333,1.8012966406319983,2.402395602725945
THR_29_A_HG22,THR_29_C_HG22,2159,2170,51.117,-0.921,45.516,51.921,-0.152,44.71,51.519,-0.5365,45.113,51.53739407013305,-0.5364476736045041,45.282860372834776,10.705901434958248,0.3154262374275349,1.3738315034966986,1.90323661385587,2.0515652464889484,2.454101595296689
THR_29_A_OG1,GLN_31_C_HA,1887,3130,49.926,-3.643,43.289,49.828,-3.769,43.683,49.877,-3.706,43.486,50.08867508857829,-3.705397838851262,45.44071742826188,7.648445190772549,-1.3632375175193865,0.4251070453426979,3.028515820581441,1.6359340230435837,2.642809619575267
LEU_30_A_HD11,ILE_32_C_HD11,2620,3520,49.195,-9.34,45.618,48.808,-9.269,43.531,49.0015,-9.3045,44.5745,49.10700058607031,-9.304199877985042,45.54874706737378,2.133915764276222,-2.7459539416337444,2.1237652883499187,2.939979188162793,1.5200411222522336,2.3871176509813896
LEU_50_A_CD1,LEU_50_C_HA,8174,8290,54.984,-27.681,45.809,53.839,-28.475,50.576,54.4115,-28.078000000000003,48.1925,54.06766436933358,-28.078978123877167,45.017343659047306,-16.947766231257486,0.8971608186654167,4.966462523768808,3.363281546497739,2.168180569007965,2.706182942220695
TYR_44_A_HH,TYR_44_C_HH,6917,6960,52.974,-12.127,44.722,52.651,-11.919,44.604,52.8125,-12.023,44.663,52.86444567344984,-12.022852227928158,45.14269325959511,-0.8462688865752152,0.8307545069492296,0.4018917764771957,2.0769492702149503,1.2179296289129378,2.1785995836704304
PHE_28_A_HZ,ARG_35_C_HG3,1733,4640,38.711,-4.644,49.912,36.31,-5.571,51.635,37.5105,-5.1075,50.7735,37.08554552573415,-5.1087088861098575,46.84925023284759,7.1775239355199565,-14.509067965095328,3.0972340886668506,2.90697899230674,2.4682411222794287,3.4572233447860374
LEU_30_A_O,THR_29_C_HG1,2228,2120,52.936,-5.417,45.554,52.522,-5.603,45.875,52.729,-5.51,45.7145,52.66915228426017,-5.51017025134843,45.16183518816959,5.663904422286483,1.0975426962341062,0.5559073663840046,2.570348879490824,1.289765492008011,2.501973483133653
LYS_51_A_HZ3,LYS_40_C_HZ2,9151,5630,43.451,-22.101,45.205,40.144,-19.719,43.972,41.7975,-20.91,44.5885,41.985383914757456,-20.909465518617708,46.323517403952295,-8.933307529670452,-10.715674905327294,4.2579880225289495,2.2370558740414173,3.3127471978053,2.657279778304131
THR_29_A_HB,GLN_31_C_HG3,2047,3240,47.369,-3.169,44.494,47.351,-3.332,44.195,47.36,-3.2505,44.3445,47.508944911991925,-3.250076290058946,45.719934479687794,8.28689208139838,-3.919146989007402,0.3410190610508445,2.1564444033039165,1.581964539385207,2.4646158323665333
LYS_51_A_HZ3,GLU_43_C_OE1,9141,6260,43.551,-21.716,46.013,41.64,-19.433,47.156,42.5955,-20.5745,46.5845,42.560483241564455,-20.574599613665576,46.26113711183528,-8.640368563732672,-10.114881702075811,3.18911570815485,2.723786918237088,3.1083238922469962,2.8351000949826113
GLN_31_A_OE1,GLU_26_C_HB3,3033,400,55.189,0.544,46.573,54.457,1.455,44.97,54.823,0.9995,45.7715,54.7325658496744,0.9992427381171272,44.93638420560588,12.009472394034775,3.630274081679384,1.98377266842751,1.618867636693315,2.32334746936363,2.330343931698989
TYR_44_A_CD2,LEU_48_C_HD11,6517,7920,55.579,-16.364,47.983,55.164,-19.054,49.665,55.3715,-17.709,48.824,54.94860334365199,-17.710203032147497,44.9187531895734,-6.668122711239024,2.5177161436575206,3.199601381422379,3.5636964553286608,1.7293395182158326,2.479806717422344
ALA_47_A_HB2,LEU_48_C_HA,7564,7790,54.77,-22.305,45.608,54.614,-22.586,45.648,54.692,-22.4455,45.628,54.61921667347828,-22.445707049831896,44.95588105679112,-11.3681302665355,1.8507818600332573,0.3238780634745145,1.7369240395259289,1.3085468410287884,2.3361402018524133
PHE_28_A_CE1,GLY_34_C_C,1294,4180,40.465,-5.122,45.955,40.279,-4.991,46.349,40.372,-5.0565,46.152,40.40853570803591,-5.056396065313737,46.489389655681066,6.992335750623156,-11.171373348437475,0.4549648338058654,2.6009284113073186,1.6498316353773157,2.968352079225798
TYR_44_A_HB2,LEU_48_C_CD2,6748,7780,57.8,-17.573,46.927,57.806,-18.926,48.074,57.803,-18.2495,47.5005,57.49359822714084,-18.25038016841385,44.64332374083327,-7.388729519812424,5.032746462401284,1.7737683050500117,2.722202755216432,1.9306176921536746,2.513150852181868
PHE_28_A_CZ,ARG_35_C_HG2,1423,4590,39.315,-5.721,49.476,39.392,-5.44,49.278,39.3535,-5.580500000000001,49.377,39.05667278603615,-5.58134439703008,46.63594373204452,6.565280739140361,-12.56500393984816,0.3522697829788992,4.648262913384064,1.8536782261133253,3.5809378731858814
PHE_38_A_CZ,THR_29_C_HG23,5147,2210,55.174,-5.203,41.025,53.687,-2.7,41.992,54.4305,-3.9515,41.5085,54.801065221567065,-3.9504458373160496,44.93049123085265,7.067399659212327,3.3473236114564475,3.0677788381824405,2.9564787654882627,1.6115192676026147,2.7336707623141785
PHE_28_A_HE1,GLY_34_C_CA,1694,4150,39.326,-4.916,46.374,37.119,-5.349,44.43,38.2225,-5.1325,45.402,38.36422799596335,-5.13209682032765,46.7107897382867,7.062855889829687,-13.22781919807542,2.9727889262441782,2.6723481001561917,2.2365252270777534,3.0750186294531665
GLN_54_A_HG3,GLN_54_C_HE22,9600,9690,52.22,-31.377,44.809,50.998,-30.76,47.753,51.609,-31.0685,46.281,51.502341681191,-31.068803415466636,45.296061828742566,-19.74678872776148,-1.8890718799277824,3.246707409053057,2.742278045359239,2.4588395780758616,2.6670771405822333
PHE_28_A_HD1,GLY_34_C_O,1620,4210,42.279,-6.142,45.895,42.077,-6.705,45.562,42.178,-6.423500000000001,45.7285,42.238977024852815,-6.423326536057794,46.291593437229245,5.498107185710691,-9.43200028149858,0.6845889277515416,2.122808603107895,1.4479147170042763,2.7315116801082326
PHE_38_A_HB2,PHE_28_C_CD2,5204,1280,59.92,-5.143,41.595,59.847,-5.291,41.401,59.8835,-5.2170000000000005,41.498000000000005,60.19202691486706,-5.216122320331973,44.34709736723907,5.419833065835256,8.666184171649519,0.2546939339678086,2.336484540374616,1.4696064925060828,2.946601087824579
THR_29_A_O,PHE_38_C_HZ,1815,5370,49.688,-5.876,49.857,49.536,-6.911,50.797,49.612,-6.3935,50.327,49.09461427404687,-6.394971829232118,45.549192169861925,5.03667636240622,-2.551679989605964,1.406388637610527,3.501384089738199,1.5653615416720204,2.6896094249753166
GLN_31_A_OE1,GLU_26_C_HB3,3038,380,55.301,-0.551,46.408,55.184,-0.491,44.321,55.2425,-0.521,45.3645,55.190816619536,-0.5211470259158035,44.88722888971957,10.46019107367711,3.982016086742112,2.091137967710408,2.070608607660319,2.1292402126142473,2.3508194006173304
GLY_34_A_HA2,TYR_27_C_CE1,4292,640,64.106,-1.837,45.365,63.517,1.591,45.162,63.8115,-0.123,45.2635,63.67129354818519,-0.1233988512708436,43.96876098863163,10.251154162880336,12.518794132529525,3.484151833660524,3.8529399521340975,2.325981749922536,2.917963852363643
PHE_38_A_CD2,PHE_28_C_HA,4974,1510,57.999,-4.595,40.375,57.782,-2.279,40.884,57.8905,-3.437,40.6295,58.31502761951028,-3.4357923281820617,44.54980796920324,7.329742147366278,6.909471296945083,2.3811816394387058,2.4186235764371973,1.7603939243610813,2.8605186012438932
TYR_27_A_HD2,ARG_33_C_HH21,988,4100,43.869,-1.298,42.444,46.497,-2.267,40.017,45.183,-1.7825,41.230500000000006,45.69043387969752,-1.781056481209199,45.91640732616331,9.882099775563328,-5.639296856097061,3.706167022679901,2.402364307898678,2.4403335003119886,2.5398609595279305
GLU_26_A_HG2,GLN_31_C_OE1,423,3010,47.172,1.892,43.945,47.413,0.379,42.353,47.2925,1.1355,43.149,47.57004204931192,1.1362895357000196,45.7119670666933,12.657808326523751,-3.5461956847547254,2.2094601150507325,2.9510002871108467,2.4707092595571405,2.5807642546544676
LEU_30_A_O,LEU_30_C_H,2256,2470,52.17,-7.13,45.391,52.142,-6.947,45.38,52.156000000000006,-7.0385,45.3855,52.13805838471281,-7.038551039277906,45.21981782961043,4.177323428902752,0.456100960869898,0.1854561942885698,2.118416617372015,1.2525090409428885,2.4590283442346386
LEU_50_A_HD12,GLN_54_C_C,8427,9360,56.81,-28.646,45.168,57.856,-29.36,45.698,57.333,-29.003,45.433,57.250693614713775,-29.00323414048317,44.672940198646856,-18.09705752769266,4.025046305804,1.3728845545055848,2.589615769045841,2.016438565933597,2.7190299657210293
PHE_38_A_CE1,LEU_30_C_CG,5042,2300,55.0,-9.007,40.986,54.502,-9.341,41.014,54.751000000000005,-9.174,41.0,55.17244950240886,-9.172801084633008,44.89188304124029,1.831713575915957,3.3488865309123064,0.6002865982178827,2.1901798591818777,1.3891666586779088,2.4054553592092653
TYR_27_A_HD2,ARG_33_C_HE,994,4040,43.582,-1.264,42.125,44.958,-2.279,41.01,44.27,-1.7715,41.5675,44.75194526850855,-1.7701289897480912,46.01803228582255,9.960038042087572,-6.580112216536057,2.041280480482777,2.1041809461569203,2.2577874009140753,2.525947471567975
PHE_28_A_CE2,ARG_35_C_HG2,1372,4620,40.626,-6.024,50.87,39.914,-6.616,51.036,40.27,-6.32,50.953,39.79388842801422,-6.321354414886702,46.55633909007182,5.774479880849187,-11.877928521240534,0.9407252521326274,4.607356227001947,2.016725878790397,3.655194501671419
PHE_28_A_HB3,PHE_38_C_CE2,1592,5050,45.808,-6.145,49.71,46.849,-7.954,52.613,46.3285,-7.0495,51.1615,45.7598738113042,-7.051117595160997,45.91051119127815,4.620396964905888,-5.944066187911442,3.5754120042311186,2.211537829728996,1.8609711434184297,2.84942022941943
LEU_30_A_CD1,ILE_41_C_CD1,2324,5750,48.785,-10.773,46.018,47.593,-11.56,43.622,48.189,-11.1665,44.82,48.27770249972184,-11.166247664217424,45.639124835620656,0.3358124276245803,-3.7102929929791015,2.7894531722185243,2.458035550491159,1.629881321295296,2.3780484435698273
TYR_27_A_CG,ARG_33_C_C,525,3570,40.26,-2.805,43.429,39.619,-4.528,41.638,39.9395,-3.6665,42.5335,40.36830608701947,-3.665280157043135,46.49331755468466,8.382809709379835,-11.112896933869033,2.5665718380750637,3.0983240462710784,2.2946183564517213,2.890258928032683
ARG_35_A_CG,PHE_28_C_CZ,4376,1420,63.487,-2.811,39.894,63.01,-2.512,39.895,63.2485,-2.6615,39.8945,63.68956940617112,-2.660245271056328,43.96756339686217,7.719413402993152,12.356886987796898,0.5629662512087236,3.810942691473543,1.9997749576540245,3.4005569964823468
PHE_28_A_O,GLN_31_C_OE1,1168,3020,46.524,-3.057,44.561,46.225,-2.125,43.569,46.3745,-2.591,44.065,46.56476182489192,-2.5904587540753736,45.82197625803332,9.012287785256444,-4.8195861002719615,1.393588533247886,1.7403641633026832,1.7553660876950246,2.416598814429581
LEU_30_A_HD22,ARG_42_C_HH21,2738,6140,50.174,-11.408,50.881,48.879,-12.087,54.237,49.5265,-11.7475,52.559,48.771381478638105,-11.749648117850384,45.585844377280125,-0.2813782701913687,-3.256432360963734,3.660710586757715,1.9784474843562077,2.2346593092317817,2.3609560447538653
TYR_44_A_OH,TYR_44_C_HE1,6684,6860,51.667,-13.269,46.008,51.756,-13.085,45.905,51.7115,-13.177,45.956500000000005,51.637796308901336,-13.177209668032248,45.27588193348389,-1.910086648009221,-0.481968143263184,0.2288798811604021,2.9912671305887693,1.1672564569217385,2.28439937661592
TYR_27_A_CD2,ARG_33_C_HB3,608,3860,41.418,-2.159,42.074,40.518,-4.818,39.908,40.968,-3.4885,40.991,41.54997947135101,-3.486844418186548,46.36529993855741,8.47638486695646,-9.914638405811642,3.5456786374402265,3.119448783688868,2.493319677911721,2.867097205701711
PHE_28_A_CZ,ARG_35_C_HB3,1431,4580,39.243,-5.713,49.053,35.803,-8.191,48.424,37.523,-6.952,48.7385,37.3157760547024,-6.952589498791683,46.82488673474994,5.321857304255443,-14.40908424670143,4.285991717210853,4.053437735285466,2.5998780561337917,3.4605140088456134
PHE_38_A_HZ,LEU_30_C_HA,5366,2500,53.547,-6.722,40.056,50.675,-6.712,40.868,52.111,-6.7170000000000005,40.462,52.62055224179511,-6.715550455014228,45.167469379210495,4.465042081140299,0.9631394574071082,2.984598465455614,2.915731584596552,1.7585430806664455,2.6706509960210774
TYR_27_A_CD2,ARG_33_C_HD2,612,3970,41.877,-1.931,41.774,42.565,-4.626,38.12,42.221,-3.2785,39.947,42.90019314832237,-3.276567870295197,46.21902139419798,8.589681145972456,-8.545020004294386,4.592176499221259,3.840387107003653,2.682470843799173,2.8573414973100637
PHE_28_A_CB,PHE_38_C_CD1,1188,4920,46.17,-6.345,47.54,46.532,-6.729,47.454,46.351,-6.537,47.497,46.17432294450704,-6.537502600751963,45.86547254031812,5.1031088949314976,-5.491754216827733,0.5346924349567668,2.4365606884103825,1.1466912958214497,2.5427586974624656
ARG_33_A_HG2,TYR_27_C_CE1,3911,660,62.386,-0.364,48.932,64.206,1.107,48.161,63.29600000000001,0.3715,48.5465,62.810358956063965,0.3701184762181729,44.06183900924779,10.8049227978455,11.690077328492416,2.463875402693895,3.131691420864997,2.4937704518842905,2.8484609257635207
LYS_51_A_HZ3,GLU_43_C_HG2,9128,6410,43.738,-22.135,46.724,42.472,-21.298,49.914,43.105,-21.7165,48.319,42.87846463481566,-21.71714443481113,46.22705507904759,-9.802740072253052,-9.877026923020397,3.5326229631818946,3.050485994631478,2.9684606822141126,2.91171880258102
ARG_33_A_HG2,TYR_27_C_OH,3904,810,62.19,-0.085,49.74,62.961,2.097,49.841,62.5755,1.006,49.7905,61.96503856535094,1.0042633943312955,44.15318285699136,11.497848269662782,10.887017972559548,2.3164123121758786,2.931363341410908,2.578944081162915,2.8279884471257914
TYR_44_A_CE2,ASN_45_C_OD1,6594,7070,54.224,-14.734,48.902,53.822,-15.543,49.898,54.023,-15.1385,49.400000000000006,53.55399690024737,-15.139834193112687,45.06898240528559,-4.0046298040779424,1.301123585969066,1.3446564617031365,1.7701021897456948,1.6270703628402672,2.3448619562333666
TYR_44_A_HB2,LEU_48_C_HD22,6755,8070,57.921,-17.823,46.608,58.192,-19.318,47.444,58.0565,-18.570500000000003,47.026,57.79495830523392,-18.57124401880931,44.61078849632168,-7.73030932019533,5.312305560383553,1.7341747316807532,2.0412362347205537,1.980225716760678,2.5022723805643206
LEU_30_A_HD11,ILE_41_C_HD13,2616,5890,48.66,-9.912,45.827,46.221,-11.21,42.124,47.4405,-10.561,43.9755,47.62824852802205,-10.560465903758129,45.70926717269913,0.9864552345239498,-4.318853497730053,4.620144370038665,1.9647896149069823,1.815933695428688,2.4281173284216586
LYS_51_A_CG,LEU_50_C_CG,8636,8190,49.143,-25.998,46.542,50.715,-27.144,48.375,49.929,-26.571,47.4585,49.71563293449435,-26.571606974387635,45.48815798024589,-15.133328952908062,-3.362161765986246,2.67289898799038,3.442587076942162,1.9212785157136392,2.6820364548024442
LYS_51_A_HZ3,LYS_40_C_HZ1,9146,5570,43.551,-21.716,45.597,41.485,-18.861,45.397,42.518,-20.2885,45.497,42.600271779129336,-20.288265957962448,46.25674023017238,-8.357600719982651,-10.054617540095482,3.5297848376352934,2.485375091876237,3.2118174132839754,2.7125938782572265
LEU_50_A_CD1,LYS_51_C_HA,8179,8750,56.218,-26.612,45.809,56.155,-26.903,45.299,56.1865,-26.7575,45.554,56.10445713362677,-26.75773339083967,44.796373668808016,-15.775353335007654,3.034563014451198,0.5905505905508845,2.3285417459628333,1.529507050814576,2.6412816688876424
THR_29_A_HG1,THR_29_C_HG1,2067,2130,51.496,-5.589,44.844,50.878,-4.781,45.743,51.187,-5.1850000000000005,45.2935,51.19007577026173,-5.184991250225209,45.32190325602943,6.093915450720554,-0.3633204112495226,1.3575673095651668,2.808336460173467,1.325570870320715,2.5466948988215052
ALA_47_A_HB3,LYS_51_C_HE2,7627,8920,58.252,-22.468,44.148,60.465,-24.417,43.7,59.35850000000001,-23.442500000000003,43.92400000000001,59.4140479868283,-23.442341980273717,44.43695888754506,-12.704752273623525,6.59065636638484,2.982729287079203,2.918970301956784,2.182585962126663,2.7506887049931605
TYR_27_A_HB2,ARG_33_C_H,899,3770,43.236,-3.876,44.517,43.434,-4.361,44.278,43.335,-4.1185,44.3975,43.52495314335792,-4.117959632194894,46.15162573283296,7.705787721146627,-7.97797526433995,0.5758037860243732,1.8807709898797544,1.5719779976953612,2.4486660081126352
GLU_26_A_OE2,GLN_31_C_HE22,281,3330,49.115,1.358,45.06,49.618,0.181,41.727,49.3665,0.7695000000000001,43.3935,49.59384521786284,0.7701467386335735,45.49292352013758,12.148025953652748,-1.541715248213115,3.5703258954890997,3.7695203907924335,2.4767499992326765,2.623637062627598
ALA_47_A_HB3,LYS_51_C_HD3,7620,8890,58.352,-22.083,44.956,60.594,-24.111,47.354,59.473,-23.097,46.155,59.288416166240246,-23.097525093501183,44.450457253619405,-12.351832643187365,6.4891084462325805,3.8587241414747457,3.717905826752597,2.3927458323771567,2.78446669634078
LEU_48_A_CD1,TYR_44_C_CD1,7669,6540,50.42,-17.482,44.067,50.675,-16.782,44.875,50.5475,-17.131999999999998,44.471,50.64641755054432,-17.13171860502685,45.38445590692145,-5.783785250834795,-1.7575935653471595,1.0990400356674894,2.6817022668009742,1.201023809364159,2.450437403250536
PHE_28_A_CZ,ARG_35_C_CB,1436,4380,39.042,-5.345,48.63,35.987,-6.757,47.776,37.5145,-6.051,48.203,37.36466168062727,-6.0514262514551165,46.81931533371947,6.217251109644338,-14.296009154161617,3.472187350936005,3.7812320373805055,2.4330636253950964,3.4128345078019007
GLY_34_A_H,PHE_28_C_CE1,4222,1330,61.817,-3.9,44.345,61.973,-3.817,44.549,61.895,-3.8585,44.447,61.86452364825727,-3.858586697377089,44.16556557943843,6.654467637185583,10.440664252124115,0.2698907186251499,2.822611053030768,1.5933877723975653,2.846346444448989
PHE_28_A_CE1,GLU_36_C_H,1308,4850,39.666,-5.879,47.303,36.001,-8.679,46.795,37.8335,-7.279,47.049,37.8035222143174,-7.279085279084962,46.77216959672465,4.961345822322806,-13.942922923976331,4.6400742450956525,2.8882301583457948,2.498648677573112,3.235201291197734
GLN_54_A_HE21,GLN_54_C_HE21,9639,9630,54.35,-32.56,44.317,54.172,-32.679,46.267,54.261,-32.6195,45.292,54.22951120236779,-32.61958957752507,45.00121612958758,-21.488463691480952,0.736931475883202,1.9617199086515928,2.25154743941626,2.5150150643524616,2.6080620048462437
ARG_33_A_HG3,TYR_27_C_CE2,3944,720,59.571,0.031,49.449,59.43,0.872,49.28,59.5005,0.4515,49.3645,58.97129470999533,0.4499945471501259,44.47754419217044,11.15883015770464,7.843994275320486,0.8693233000443497,2.42437541873972,2.237084344521724,2.6031701358327575
PHE_38_A_CB,PHE_28_C_CD2,4914,1310,60.555,-5.534,40.939,60.791,-5.068,40.544,60.673,-5.301,40.7415,61.05335022648667,-5.299918001495394,44.25385103549685,5.2747228570008895,9.524401783328775,0.6548870131557055,3.174334636319025,1.671608982565621,3.126415912083141
PHE_28_A_HD2,PHE_38_C_HD2,1670,5230,43.899,-6.027,51.084,44.473,-6.748,51.939,44.186,-6.3875,51.5115,43.60472301221901,-6.389153583428491,46.14368715865645,5.434635411907104,-8.059310406155376,1.2571165419323669,3.530652937324861,1.9295825752898306,3.2159344022697876
ALA_47_A_HB3,LYS_51_C_HZ2,7615,9040,58.156,-21.849,45.275,60.92,-22.099,47.731,59.538,-21.974,46.503,59.31537784380626,-21.974633302738685,44.44719167814269,-11.233704571347948,6.595940954238615,3.70595898520208,3.2506512191877657,2.391241165640078,2.740778919095032
LEU_30_A_HD11,ILE_32_C_HD11,2620,3510,49.195,-9.34,45.618,48.388,-8.788,42.762,48.7915,-9.064,44.19,48.94058134513945,-9.063575901941755,45.56669437405254,2.385819340318307,-2.895827073959442,3.018723074414083,2.679614626393477,1.648678976599639,2.412323754248621
PHE_28_A_HZ,ARG_35_C_HG3,1733,4630,38.711,-4.644,49.912,36.185,-6.013,51.537,37.448,-5.3285,50.7245,37.02902190490753,-5.329691884849235,46.85543921425569,6.961137019161218,-14.58147936863666,3.300827472013644,3.0538737595833374,2.50406206037303,3.4633828622221747
GLN_31_A_OE1,THR_29_C_HG23,3037,2230,55.029,-0.176,46.408,53.619,0.015,43.615,54.324,-0.0804999999999999,45.0115,54.32073119250833,-0.0805092989160287,44.98131413818458,10.961867411161228,3.14036108428048,3.134554194777944,2.266942847660496,2.2295790116695846,2.4031452032774676
LYS_51_A_HZ3,GLU_43_C_OE1,9141,6250,43.551,-21.716,46.013,40.871,-18.108,47.344,42.211,-19.912,46.6785,42.17035679304738,-19.912115619463545,46.30317957139257,-7.951691180582318,-10.459228502190506,4.687389998709304,2.412306123635844,3.182298139007851,2.7979911364019188
ALA_47_A_HA,LYS_51_C_HG3,7534,8850,57.233,-23.544,43.039,59.17,-24.068,43.266,58.2015,-23.806,43.1525,58.35304725529303,-23.80556888706201,44.55196586589931,-12.991271516845371,5.50034005151693,2.019424175352969,2.9253860451920963,1.9826614420477848,2.6891804494784632
THR_29_A_O,PHE_38_C_HZ,1814,5350,49.31,-5.601,49.857,48.635,-6.149,50.645,48.9725,-5.875,50.251000000000005,48.4706440067577,-5.876427651139403,45.616601767042354,5.598481695343427,-3.1408707743014586,1.173402318047826,3.575628047860149,1.5105335740083052,2.7106538039258314
ILE_32_A_H,PHE_28_C_O,3421,1200,56.772,-4.017,45.953,56.574,-4.044,46.265,56.673,-4.0305,46.109,56.52516493007833,-4.030920552726,44.74381437695345,6.86397192909872,5.071406379513572,0.3705091091997585,1.847322116028167,1.4442914292993907,2.287546197396428
THR_29_A_OG1,GLN_31_C_O,1867,2900,49.721,-5.024,43.715,48.473,-7.445,40.369,49.097,-6.234500000000001,42.042,49.47235656066952,-6.233432207189437,45.50823693832435,5.170824742965398,-2.161211261567152,4.314447936874429,2.476408514119014,2.0931776425781896,2.5942682603085414
GLN_54_A_HE21,GLN_54_C_CG,9640,9460,54.76,-32.56,44.317,55.016,-32.815,47.07,54.888,-32.6875,45.6935,54.80627186715671,-32.687732495503774,44.93878008127423,-21.5976337333022,1.310757654979403,2.7766112439446755,2.371006298296708,2.615700090974206,2.608589177225445
ASN_45_A_OD1,TYR_44_C_HE2,7059,6890,51.16,-14.294,41.475,50.894,-14.247,41.688,51.027,-14.2705,41.581500000000005,51.42954079378397,-14.269354875042565,45.298770229958336,-2.984595605125987,-0.7685093932844497,0.3439970930109723,1.588499685627362,1.4440536908978159,2.251461052323263
GLY_34_A_H,TYR_27_C_CD1,4248,560,62.055,-1.773,45.466,61.831,1.751,44.672,61.943,-0.011,45.069,61.84526516318412,-0.0112780304569796,44.16646588436326,10.49342902084378,10.694694118746115,3.6192800389027657,3.750056131005179,2.2265792667690456,2.764638081774999
THR_29_A_OG1,THR_29_C_HG1,1851,2110,50.998,-2.964,44.502,50.881,-3.405,44.505,50.9395,-3.1845,44.5035,51.02993551533488,-3.184242734234024,45.33862839959708,8.101046838177162,-0.3818366042393119,0.456266369569355,2.1452198655596413,1.5893703085122464,2.557161870338428
ARG_33_A_HG3,GLU_26_C_C,3952,40,59.913,-0.298,48.322,59.668,2.78,46.072,59.7905,1.241,47.197,59.48990401151085,1.2401448817763574,44.4211409156278,11.909938165375548,8.420458714246031,3.820550876509826,2.5963438526597846,2.4723946964293244,2.6034715921660228
TYR_27_A_CD2,ARG_33_C_HG2,587,3890,40.632,-1.829,42.281,39.934,-3.062,41.559,40.283,-2.4455,41.92,40.77344991543136,-2.4441047962164184,46.44906860142238,9.571958550684302,-10.619648733994408,1.590212878831008,3.4161369546960336,2.2315449344754796,2.9311243690168856
LEU_48_A_HD12,ILE_41_C_HD11,7962,5840,47.878,-17.084,42.887,46.076,-14.341,43.557,46.977,-15.7125,43.222,47.25094092733923,-15.71172070856518,45.75171244080127,-4.124829316082367,-5.063406338768382,3.3496496831758398,4.087470068190081,2.0756123600708505,2.838065271251259
GLN_31_A_OE1,GLU_26_C_CG,3019,110,55.074,1.049,47.169,54.422,4.685,46.243,54.748,2.867,46.706,54.55835011464718,2.8664604948858665,44.95467470869208,13.884415926462696,3.5881484809902267,3.808290430101149,2.1289560526752243,2.5240754588555947,2.3028361069588383
PHE_38_A_CZ,THR_29_C_O,5154,1830,54.754,-5.252,40.624,53.985,-4.31,40.854,54.3695,-4.781,40.739,54.82316241872553,-4.779709447176642,44.92835379872179,6.238653320099688,3.310574532763296,1.2375883806823642,3.466998165586805,1.4108341971628584,2.8467217065064334
ALA_47_A_HB2,LEU_48_C_HA,7567,7800,54.487,-21.616,45.254,54.513,-21.733,45.398,54.5,-21.6745,45.326,54.461740987299926,-21.674608837044516,44.972696456275415,-10.5877319327019,1.7475721525886467,0.1873526087355113,1.3860548332456033,1.2645231319414485,2.282602381609695
ALA_47_A_HB3,ASP_52_C_OD2,7615,9170,58.156,-21.849,45.275,60.594,-22.264,48.113,59.375,-22.0565,46.694,59.13382631034254,-22.05718607707683,44.46687720733711,-11.303080075517006,6.407923722754624,3.764347619442181,3.243936330247775,2.3996153212700997,2.7351892516531473
ALA_47_A_CB,ASP_52_C_OD2,7468,9160,57.521,-21.513,45.801,60.065,-21.465,49.368,58.793,-21.489,47.584500000000006,58.4632394110573,-21.48993808400592,44.53931988603591,-10.68936407962022,5.7754225818754525,4.381521311142967,2.256419873927852,2.3367157696531926,2.6333486221946196
TYR_44_A_CD2,LEU_48_C_HD12,6522,7970,56.386,-16.627,47.622,56.34,-16.131,47.312,56.363,-16.378999999999998,47.467,56.07381275441335,-16.379822663286323,44.79649515799914,-5.421480779886954,3.74116988826592,0.5867128769679425,3.051649545479087,1.4285262101310654,2.515973607021966
GLN_31_A_OE1,GLU_26_C_OE2,3034,220,54.811,0.269,46.573,53.758,0.837,44.269,54.2845,0.5529999999999999,45.421,54.23783763128471,0.5528672575703752,44.99009551339082,11.59956456836637,3.1021949600090077,2.5961219154731547,2.2182935225457547,2.335547136888963,2.3635576969955028
TYR_27_A_CE2,ARG_33_C_CD,727,3650,41.939,-0.728,41.006,43.393,-1.418,38.688,42.666,-1.073,39.847,43.35066600183577,-1.071052301435486,46.1695605588055,10.757444603771685,-7.9363553334754435,2.82193904966071,2.725195149080124,2.5522234106791415,2.755587588798065
LEU_30_A_HD12,TYR_44_C_HH,2630,6970,51.262,-11.52,45.86,50.961,-11.556,45.221,51.1115,-11.538,45.5405,51.08922289232928,-11.538063372637922,45.334781646897085,-0.2358969655661717,-0.9158937757348,0.7072609136662402,1.6918232924714989,1.2823810731800909,2.2213099399416776
TYR_44_A_CE2,ASN_45_C_HB3,6612,7180,54.09,-15.047,48.675,51.49,-16.823,51.978,52.790000000000006,-15.935,50.3265,52.23614726669595,-15.936575568482612,45.21193693189724,-4.70522062793456,-0.077692199436879,4.563330472363363,2.4984727199890333,1.9556014734882026,2.3929227995422595
LEU_50_A_CD1,LYS_51_C_O,8180,8570,56.863,-27.235,45.582,59.597,-27.528,48.453,58.23,-27.3815,47.0175,57.96764763598516,-27.38224632495467,44.59480235650357,-16.531379958427326,4.859542464083496,3.975329671863709,2.341345871591349,2.318226130863061,2.7853176712988446
ILE_41_A_HG22,LEU_30_C_CD1,5782,2320,53.629,-10.078,45.777,53.328,-9.659,44.752,53.4785,-9.8685,45.2645,53.458274181283926,-9.86855753724878,45.07772431179447,1.2601629162632544,1.5796095898423068,1.1475133986145838,2.3795481245592423,1.3046818369001447,2.2474329207601405
PHE_38_A_CZ,LEU_30_C_CD2,5159,2430,54.397,-8.084,39.778,52.891,-9.688,39.368,53.644,-8.886,39.573,54.23100867342188,-8.88433011140101,44.99374219590668,2.18670479693751,2.4248287095244345,2.23806881038095,2.6014606521184054,1.7609759215890926,2.454136917177338
LEU_50_A_CD1,GLN_54_C_O,8183,9380,56.772,-27.688,45.582,59.558,-28.188,48.654,58.165,-27.938,47.118,57.89266244135669,-27.93877473026353,44.6030938963776,-17.08114553479382,4.744767876282065,4.177197625202814,2.508771737245966,2.3066571155399958,2.7606659105488225
LEU_30_A_HD12,TYR_44_C_HH,2634,6940,50.538,-10.932,45.801,50.566,-11.287,44.928,50.552,-11.1095,45.3645,50.55503175929804,-11.109491375425074,45.39249683599032,0.2297504359780943,-1.421401108907473,0.9428350863221038,1.6181965981865134,1.3183405996611421,2.228940911958717
LEU_30_A_O,THR_29_C_OG1,2226,1880,53.231,-5.22,45.815,52.946,-5.428,45.95,53.0885,-5.324,45.8825,53.00649756216726,-5.32423327583088,45.12524700689532,5.825274149922722,1.44921427797251,0.3777750653497442,2.473488567994137,1.3364335846236703,2.483501325808036
PHE_38_A_CD2,TYR_27_C_O,4973,470,58.462,-4.624,40.375,58.633,-1.816,40.696,58.5475,-3.22,40.5355,58.97446661272959,-3.218785389874071,44.47833089613434,7.499095425587398,7.586509136494799,2.831456515647026,2.5079167447304576,1.842533264510799,2.9484102097046563
TYR_44_A_OH,ASN_45_C_HD22,6676,7210,51.415,-12.714,47.255,51.217,-12.899,47.177,51.316,-12.8065,47.216,51.11205862693769,-12.807080160718504,45.33269970733883,-1.5033378892306908,-0.983146423996489,0.281980495779407,2.1862617582603048,1.225449430377701,2.2904702203363096
LYS_40_A_HZ1,LYS_51_C_HZ1,5594,9030,62.861,-18.318,46.657,61.279,-20.635,46.919,62.07,-19.4765,46.788,61.78744318642544,-19.477303801413708,44.17872400215836,-8.919271638506705,9.253616026326103,2.8177751862063056,1.4994764667935914,2.9879865197037283,2.492056078410183
ALA_47_A_C,ALA_47_C_O,7387,7460,53.442,-22.744,44.939,53.229,-22.602,45.599,53.3355,-22.673,45.269,53.31687218820836,-22.673052991330355,45.09698113559765,-11.501872207207915,0.5279781478472104,0.7079074798305184,1.31070700268084,1.3689303350777624,2.353355810577643
TYR_44_A_HE1,TYR_44_C_CZ,6826,6660,52.379,-15.522,43.947,51.719,-15.66,44.279,52.049,-15.591,44.113,52.16878160071423,-15.590659252173849,45.21912535501368,-4.355366431336954,-0.1207031909591929,0.7515770086957131,2.466252246750066,1.1333950665358918,2.36734403575855
THR_29_A_OG1,GLN_31_C_H,1884,3110,49.926,-4.393,43.289,50.274,-4.892,40.416,50.1,-4.6425,41.8525,50.4839616128988,-4.641407728030505,45.39820044854009,6.686564574274338,-1.033147647756008,2.936704615721511,2.374055867259641,1.940104768073837,2.677922284664347
GLN_31_A_HG3,PHE_28_C_H,3230,1470,55.881,-2.261,46.185,56.434,-1.113,44.748,56.1575,-1.687,45.4665,56.08433211930712,-1.687208143789542,44.79082988435263,9.233250979562436,4.795637161099085,1.920594178893608,1.7769778739667434,1.8301292915528369,2.307206225195884
PHE_28_A_HB3,PHE_38_C_CG,1600,4910,45.755,-6.654,48.999,45.611,-6.452,48.829,45.683,-6.553,48.914,45.362398576107566,-6.553912028538619,45.95340036110424,5.144738554609728,-6.307529138251801,0.3007324392213154,2.001241588755026,1.282575433293593,2.6637024896228527
GLN_54_A_HE21,GLN_54_C_HB2,9644,9560,55.295,-32.422,44.108,56.928,-33.194,46.982,56.1115,-32.808,45.545,56.03148924108893,-32.80822761001694,44.80613920186654,-21.8053444146568,2.531465057163955,3.394488032089671,2.476489133955159,2.723680571876858,2.606202391866378
LEU_30_A_HD22,ARG_42_C_NH2,2734,5980,50.413,-10.991,51.09,48.342,-11.096,55.192,49.3775,-11.0435,53.141000000000005,48.56179137130272,-11.045820481111836,45.60832393685318,0.4356421470095638,-3.416708395496124,4.5963539898489065,1.888833942710884,2.274012650045201,2.3833870538791313
GLY_34_A_H,TYR_27_C_HD1,4251,970,62.286,-1.942,45.074,63.022,-0.525,44.106,62.654,-1.2335,44.59,62.59933389092413,-1.2336555110110443,44.085184828486106,9.22027588971685,11.364406046269687,1.8672463683188645,1.9775577397808104,1.9884128372933023,2.8324224702583956
LYS_51_A_HG3,GLU_46_C_HG2,8864,7410,48.3,-24.396,47.499,48.629,-23.729,52.403,48.4645,-24.0625,49.951,48.00124201042445,-24.06381784975284,45.6730357289707,-12.509414670069305,-4.904042485256758,4.96007520104282,2.009758394800685,2.3280682157956116,2.576683061913681
TYR_27_A_CD2,ARG_33_C_HG3,598,3940,42.238,-1.002,41.356,42.764,-1.298,40.526,42.501000000000005,-1.15,40.941,43.07048558682807,-1.148379960072499,46.19992493629467,10.700326297255444,-8.222956321305547,1.0262514311804884,2.379517613658348,2.2453677714318645,2.6982152491663416
TYR_27_A_CD1,GLY_34_C_CA,584,4140,39.398,-2.892,43.791,37.971,-5.906,42.832,38.6845,-4.399,43.3115,39.04460391636849,-4.3979755970369405,46.63688611906851,7.746521023434437,-12.493034131828331,3.469899998559038,2.624124028370788,2.4358482145066023,2.9289057383513293
TYR_27_A_CE2,ARG_33_C_HD2,725,3990,41.101,-1.075,41.006,40.429,-3.957,38.152,40.765,-2.516,39.579,41.50043259920733,-2.51390788353163,46.370365619062056,9.450401832219471,-9.895221776228938,4.111304415875816,3.104801930465376,2.6973802390376376,2.9697004337903152
LEU_48_A_HG,LEU_48_C_CA,7890,7680,51.094,-19.328,45.132,51.851,-19.784,46.142,51.4725,-19.556,45.637,51.43597423549093,-19.55610390639948,45.2997021679972,-8.258443461407097,-1.137679228229296,1.342045081210019,1.329684431620646,1.2682571126789672,2.3329748943280135
TYR_44_A_CD2,LEU_48_C_HD11,6518,7950,56.038,-16.436,47.983,55.924,-18.461,49.983,55.981,-17.4485,48.983,55.53401180682515,-17.449771566369392,44.85527945766035,-6.450166478162431,3.123563989430798,2.848441854769024,3.3402642842676813,1.7689415136141897,2.5102996365231283
PHE_28_A_CE2,ARG_35_C_HH11,1375,4800,40.62,-6.189,50.469,38.393,-10.202,51.869,39.5065,-8.1955,51.169,39.01618035310804,-8.196894833203114,46.64113436575727,3.959232818156204,-12.79146563087311,4.7983015745157145,4.229770402625106,2.5571570335881484,3.4740182682115375
ARG_33_A_HG2,TYR_27_C_HE1,3911,1050,62.386,-0.364,48.932,64.908,2.291,46.98,63.647000000000006,0.9635,47.956,63.22047480759637,0.9622866456012904,44.01724540783753,11.36629891862891,12.1436229081309,4.149676252432232,3.2598750511767087,2.6766721699388474,2.866952005568927
PHE_28_A_CE1,GLU_36_C_HB2,1312,4860,40.029,-6.01,46.902,37.526,-8.56,45.754,38.7775,-7.285,46.328,38.81375248239322,-7.2848968710178,46.66277420336864,4.883385855490671,-12.929765204370751,3.753053823221832,3.503550907801336,2.3520974228406857,3.1630385883826215
LEU_48_A_HD12,TYR_44_C_HD2,7964,6830,47.878,-17.084,42.471,47.344,-16.693,42.128,47.611,-16.8885,42.2995,47.97637027018273,-16.88746061561573,45.67351835847472,-5.349416959833992,-4.419114884711059,0.7454434921575176,3.9831447314618695,1.6942700248716904,2.873055237841799
PHE_38_A_HE1,LEU_30_C_CD1,5317,2350,55.351,-9.867,42.723,55.795,-9.468,42.951,55.573,-9.6675,42.837,55.788316425049935,-9.666887480186162,44.82534341567066,1.2948830560093256,3.931684907147018,0.6390000000000029,1.8861380788961568,1.1500305772826294,2.2883106600196923
PHE_38_A_CD2,PHE_28_C_CD2,4979,1290,58.462,-4.624,39.529,59.246,-2.796,39.301,58.854,-3.71,39.415000000000006,59.39736205039021,-3.708454274810319,44.43268666727654,6.980455647496553,7.976011824905019,2.0020549443009794,3.272512353877612,1.8886656568389917,3.087731935472339
TYR_44_A_CE2,LEU_48_C_CD1,6613,7720,54.475,-15.303,48.675,54.339,-15.615,48.84,54.407,-15.459,48.7575,54.0023261255628,-15.460151193022911,45.020531798226514,-4.35616247880659,1.7281766442954662,0.3782393422160133,1.9589537651183924,1.4433655158874013,2.3702021073998654
LEU_30_A_H,LEU_30_C_O,2431,2290,49.262,-6.686,45.174,49.554,-6.622,45.505,49.408,-6.654,45.3395,49.42682042544663,-6.653946460733367,45.51329755867785,4.754625968129484,-2.2367755834928618,0.4460056053459451,2.6603615929611624,1.2213188151856418,2.5445366707500985
TYR_27_A_HB2,ARG_33_C_HA,904,3830,42.626,-2.739,43.254,42.633,-2.787,43.21,42.6295,-2.763,43.232,42.95233402156808,-2.762081620295591,46.21321660245156,9.099142638631156,-8.456152376855204,0.0654904573201302,2.2741787183916835,1.7765374591754775,2.542518228651616
PHE_28_A_CE2,ARG_35_C_HD3,1372,4740,40.626,-6.024,50.87,39.023,-8.687,52.566,39.8245,-7.355499999999999,51.718,39.27170504985077,-7.357072559361776,46.613205049543694,4.77867996949271,-12.475426495391211,3.5408465089579915,4.117444950984327,2.451768001122928,3.5595846319297575
PHE_28_A_O,ILE_32_C_HG12,1162,3460,46.064,-5.334,44.896,46.157,-5.154,45.008,46.1105,-5.244,44.952,46.20896990185226,-5.243719878472173,45.8613220869902,6.391147043700249,-5.365069183370018,0.2315016198647423,2.924615980172412,1.321550384121902,2.4329147150246704
PHE_38_A_HZ,LEU_30_C_HD21,5374,2750,53.637,-7.174,39.64,50.704,-9.406,39.79,52.1705,-8.290000000000001,39.715,52.75936900945384,-8.28832481922379,45.152921502590935,2.886326449999048,0.9906693030737036,3.6887413842664554,1.835764365619782,1.9576843341566832,2.4569164537266928
ARG_35_A_HG2,PHE_28_C_CE2,4623,1390,62.659,-3.98,39.54,61.233,-4.329,39.45,61.946,-4.1545,39.495000000000005,62.44497563672488,-4.153080542733578,44.10279952867926,6.31925502484516,11.00211168289984,1.4708422757046402,3.814662780599972,1.9326372878564535,3.3310909893062486
LEU_50_A_CD1,LYS_51_C_O,8186,8590,57.091,-26.776,45.282,60.145,-26.068,48.244,58.618,-26.422,46.763,58.37835902476088,-26.422681716898783,44.55003108631352,-15.60357842789885,5.339789138707053,4.312960004451703,3.3642762660013914,2.346130026147779,2.8339337956085924
PHE_28_A_HD2,PHE_38_C_HE2,1671,5320,44.316,-5.827,51.084,46.176,-7.208,52.995,45.246,-6.5175,52.0395,44.59592713750878,-6.519349289986225,46.036390411212935,5.233964756317876,-7.07407925561512,3.0031120525215136,3.007507057962856,2.0785113164005278,3.1192460860956492
ARG_33_A_HG3,TYR_27_C_CD2,3947,600,59.571,0.031,49.033,59.463,0.446,49.179,59.517,0.2385,49.106,59.01527882755968,0.23707273239108,44.47284677217298,10.943304555043053,7.872995691668507,0.4529955849674471,2.453532897961681,2.133221273023087,2.589198081717152
ARG_33_A_HA,TYR_27_C_CB,3835,520,60.598,-1.288,47.112,60.697,-1.643,47.087,60.6475,-1.4655,47.099500000000006,60.34749588654353,-1.4663534344915043,44.32910659630607,9.149019989570688,9.088589017799318,0.3693927449206341,2.4095870197862213,1.8023736503938605,2.5486357029098743
TYR_27_A_CE2,ARG_33_C_HD3,728,4000,42.195,-0.343,41.006,43.602,-1.482,38.206,42.8985,-0.9125,39.606,43.60626112221938,-0.9104866017619238,46.14183286507856,10.899346775136191,-7.668506853477843,3.334212050844993,2.5273165963244546,2.6696994205258813,2.754865835763755
ASN_45_A_HD22,LEU_30_C_HD22,7197,2770,53.668,-12.321,41.343,54.034,-11.475,40.939,53.851,-11.898,41.141000000000005,54.26787909522001,-11.896814086265188,44.99067753351478,-0.8207997338296088,2.247783471271951,1.0064233701579086,2.5148245737145034,1.4366838713114536,2.115399589160946
LYS_51_A_HB2,LEU_50_C_HA,8791,8310,50.574,-25.445,46.234,52.448,-27.198,49.996,51.511,-26.3215,48.115,51.20902032542489,-26.32235905445444,45.32636324147798,-14.991387017064968,-1.8461273173923505,4.553847713747135,2.791815077131889,2.0393225747723034,2.6023820953018935
LEU_48_A_HG,TYR_44_C_O,7892,6450,50.859,-18.528,45.132,51.076,-17.749,46.273,50.9675,-18.1385,45.7025,50.929770042483206,-18.13860733201868,45.35408202591998,-6.808369875041612,-1.5448437975041411,1.3985031283483107,1.6042469646375463,1.2297308807362597,2.3392429571015825
ALA_47_A_CB,ASP_52_C_HB2,7464,9270,57.127,-21.281,46.028,58.09,-21.115,49.416,57.60850000000001,-21.198,47.722,57.27774175560035,-21.198940922078933,44.66760701870136,-10.314419515979674,4.606680436683711,3.526112448575625,2.3987817507234226,2.1754275833159036,2.5913226195965393
ALA_47_A_HB3,LYS_51_C_HD3,7620,8880,58.352,-22.083,44.956,60.763,-24.257,46.306,59.5575,-23.17,45.631,59.42802508227184,-23.17036832281832,44.43536153396293,-12.434464366942237,6.624003459017008,3.515920505358448,3.6881666285206673,2.344160598399438,2.7877869778173436
THR_29_A_HA,ILE_32_C_HA,2017,3440,47.859,-6.405,45.223,45.574,-9.307,41.896,46.7165,-7.856,43.5595,46.95707720518424,-7.85531561976798,45.78111454602268,3.7327123377666775,-4.800042620128091,4.971092234107108,3.365544838733363,1.880778535138355,2.537247676129848
ALA_47_A_HB3,LYS_51_C_HZ2,7622,9060,58.508,-22.084,44.564,62.312,-23.351,44.887,60.41,-22.7175,44.7255,60.36754858793986,-22.717620763341703,44.33348166867148,-12.049973312122654,7.598801338595276,4.022441298515115,2.947000948628896,2.4114381819415818,2.7630552617806856
PHE_28_A_CE2,ARG_35_C_HD3,1375,4750,40.62,-6.189,50.469,39.7,-8.104,51.439,40.16,-7.1465,50.954,39.6850836186241,-7.147851014877021,46.56837609934349,4.95784418895259,-12.04581584254488,2.335492453423899,4.484069267770331,2.2311913173613114,3.604649321284173
GLY_34_A_H,TYR_27_C_HA,4253,880,61.407,-2.142,45.074,60.03,0.65,42.254,60.7185,-0.746,43.664,60.78536521570207,-0.7458097856702548,44.28146804196554,9.836464663385268,9.579100945868362,4.200451523348411,1.861436271447577,2.1841152154212065,2.737445047092054
LEU_30_A_HD11,PHE_38_C_HE1,2602,5280,48.969,-8.162,47.199,49.003,-8.075,47.207,48.986,-8.118500000000001,47.203,48.81030174446497,-8.118999816317995,45.58051128620641,3.337314453110511,-2.959425134293278,0.0937496666660753,2.210126240725448,1.1832137491361179,2.448865624863931
ALA_47_A_CB,LEU_48_C_HD21,7465,8030,56.876,-20.89,46.028,56.731,-20.977,45.687,56.8035,-20.9335,45.8575,56.68162878282602,-20.933846692247187,44.73207804405092,-10.007413520149775,4.027431389525181,0.3806244868633645,2.713509247079281,1.6442443773435242,2.5633025809649714
LYS_51_A_HE3,GLU_43_C_O,8986,6190,46.589,-22.339,46.746,46.715,-20.834,47.376,46.652,-21.5865,47.061,46.518997284222806,-21.586878358495827,45.83278401916817,-9.932854791727296,-6.215201278553884,1.6363987900264387,2.959263756577842,2.1399371189689327,2.870260462322978
ALA_47_A_HB2,GLU_49_C_CA,7573,8130,55.676,-21.657,46.295,54.513,-20.999,50.948,55.0945,-21.328,48.6215,54.69660771024344,-21.32913190115985,44.94715646443315,-10.259905157936789,2.0077616752541103,4.84106827053699,1.814135207698853,2.05476961940537,2.488647381557107
PHE_28_A_CZ,ARG_35_C_HD2,1424,4670,39.672,-6.017,49.476,37.616,-9.942,50.58,38.644,-7.9795,50.028,38.2857961998572,-7.9805189976214255,46.72016053853314,4.227234839374734,-13.508891282874773,4.56635270210263,4.161344724112075,2.5867582638401783,3.4834002649336586
GLN_31_A_OE1,GLU_26_C_HG2,3018,410,55.541,1.092,47.169,55.888,3.363,46.607,55.7145,2.2275,46.888,55.4941885993036,2.226873270765992,44.85353039151431,13.179595987709083,4.481638555615617,2.365099152255566,2.5427236687599253,2.442707995971426,2.354099004412969
ARG_35_A_HG2,PHE_28_C_HE2,4621,1730,63.005,-3.144,39.54,61.271,-1.668,38.999,62.138000000000005,-2.406,39.2695,62.65882878866962,-2.4045183761405853,44.079102854974,8.048122185332957,11.3409076314716,2.3405155414993515,3.239832377586328,2.1118658195832487,3.3265972098732988
TYR_27_A_HD2,ARG_33_C_HH21,994,4110,43.582,-1.264,42.125,46.714,-2.669,38.806,45.148,-1.9665,40.4655,45.73772678196861,-1.9648223790817485,45.91134261836972,9.695420052562508,-5.604904180837658,4.774851830161854,2.939317297686342,2.5895321645593907,2.6143690252498666
ARG_35_A_HG2,PHE_28_C_CE2,4619,1370,63.005,-3.144,39.956,60.081,-1.096,40.414,61.543000000000006,-2.12,40.185,61.97272599479668,-2.1187775401422635,44.15331245966647,8.382150788044353,10.672838153710074,3.5991448984446284,3.416487082704295,2.103315469340598,3.193683269033469
GLN_31_A_OE1,THR_29_C_HG23,3037,2220,55.029,-0.176,46.408,54.148,-0.531,43.539,54.5885,-0.3535,44.9735,54.58624176283626,-0.353506424103534,44.95264626812832,10.670594179123851,3.387353076840086,3.0221427828611933,2.0082852282137416,2.1792762361416163,2.4085574768018234
THR_29_A_OG1,THR_29_C_CG2,1871,1930,50.159,-2.966,43.715,50.339,-1.374,43.002,50.249,-2.17,43.35850000000001,50.46995957611275,-2.1693714268737505,45.39895519607382,9.15335371554287,-0.871557321825207,1.7536342263995652,3.561776693365737,1.9262805554900235,2.695329427924729
GLN_31_A_OE1,TYR_27_C_C,3039,460,55.742,-0.408,46.408,57.187,-0.462,42.379,56.4645,-0.435,44.3935,56.50258019917232,-0.4348916716339562,44.74515228697324,10.452526165338131,5.304245524181272,4.2806286921432495,3.287545887920832,2.1212966972982006,2.490264728057289
PHE_28_A_O,ILE_32_C_HA,1174,3430,46.179,-4.829,44.3,45.833,-7.369,40.821,46.006,-6.099,42.5605,46.36168160417285,-6.097988177376977,45.845048197232266,5.528129114388661,-5.272548462912637,4.321429971664472,3.1133416828899523,2.02292595769644,2.493471061816039
ILE_41_A_HG22,LEU_30_C_CD1,5820,2310,53.745,-11.238,44.95,53.373,-10.638,44.642,53.559,-10.938,44.79600000000001,53.588021918992126,-10.937917440109764,45.06400343505959,0.1842373334651301,1.6338081140485383,0.7702259408770905,1.7023729490198545,1.2624529965101754,2.1711599070116328
PHE_28_A_HD2,ARG_42_C_NH1,1670,5970,43.899,-6.027,51.084,45.101,-9.566,53.504,44.5,-7.7965,52.294,43.83137574125267,-7.79840206393405,46.11957720745357,4.012758076137597,-7.932035620130604,4.452608785869243,3.890750783302608,2.373095738624331,3.303751028010598
PHE_28_A_HD1,GLY_34_C_H,1629,4230,41.858,-5.259,45.425,41.623,-5.423,45.177,41.7405,-5.341,45.301,41.852269367790434,-5.340682044914429,46.33313624538046,6.605639019448656,-9.743064500591458,0.3789788912327419,2.1594074861421304,1.559715395727031,2.714360813800677
THR_29_A_HG22,THR_29_C_HG23,2162,2240,51.118,-1.317,45.197,52.504,-0.798,42.672,51.811,-1.0575,43.9345,51.9521665781031,-1.0570984174169715,45.23810531491717,10.156938335160852,0.694577870247816,2.926769891877395,3.150182557862711,2.046016002065279,2.569757705786779
ARG_35_A_CG,PHE_28_C_HZ,4384,1750,63.935,-2.513,40.165,63.349,-2.152,40.189,63.642,-2.3325,40.177,64.04826047066707,-2.331344293519153,43.92861965331169,8.021861054014478,12.740132557017944,0.6886893348963714,3.5500838425849626,2.037761331538071,3.399384031012073
GLN_54_A_CG,GLN_54_C_HE22,9455,9670,51.977,-30.857,44.6,51.223,-30.196,46.933,51.6,-30.5265,45.7665,51.54849722138505,-30.526646512150027,45.2908966607563,-19.209298965317,-1.8042433709690535,2.5393554300254992,2.8158711667133502,2.2608139879531457,2.6495556689533326
PHE_28_A_CD2,GLU_39_C_CA,1281,5380,42.698,-6.795,49.705,42.625,-10.562,50.282,42.6615,-8.6785,49.9935,42.26044643363542,-8.679640894178194,46.28996359850477,3.245961401115056,-9.570771458174889,3.81163311455864,3.039214029233205,2.2046722215002488,3.188956106631127
LEU_50_A_HD21,LEU_50_C_HD11,8488,8420,52.251,-26.29,44.558,52.286,-26.426,44.769,52.2685,-26.358,44.6635,52.32717013789934,-26.357833098557457,45.20529044799568,-15.106643413040604,-0.7268007361614758,0.2534600560246119,2.205416467996504,1.4697024766864482,2.499838285787705
ILE_41_A_HG22,LEU_30_C_HD11,5806,2640,55.0,-9.478,44.231,55.443,-9.512,44.094,55.2215,-9.495,44.1625,55.29901102528214,-9.494779501081885,44.878276962792754,1.5015082874052077,3.4529899052148902,0.4649451580563005,2.3140312132467624,1.213471350450271,2.2498118182497153
GLN_31_A_OE1,GLU_26_C_CG,3019,100,55.074,1.049,47.169,54.049,4.168,46.398,54.5615,2.6085000000000003,46.7835,54.36572514651171,2.607943070927892,44.97561357983001,13.640311473282868,3.3765188774339894,3.3724215335571546,1.9029735720955825,2.496827566388515,2.285304175100923
LYS_51_A_HA,LEU_50_C_CD1,8728,8240,49.831,-28.179,44.633,49.869,-28.492,44.927,49.85,-28.3355,44.78,49.92429787838284,-28.33528864165785,45.46610509972272,-16.90745883928272,-3.278116789428165,0.4311020760794355,1.8258515971948104,1.6896394930949377,2.5142732542851913
TYR_27_A_CE2,ARG_33_C_HD3,731,4010,41.218,-0.706,40.779,41.589,-0.987,39.511,41.4035,-0.8465,40.145,42.07089555600898,-0.8446014314090129,46.30807631491916,11.074740118965074,-9.204268012360446,1.3507131449719434,2.789321835802431,2.355191850881025,2.8821180378933295
LEU_48_A_HD12,TYR_44_C_HB3,7958,6790,47.778,-17.469,43.279,44.415,-16.73,44.699,46.0965,-17.0995,43.989,46.29859700956755,-17.098925086020962,45.85526848466014,-5.440499827885892,-6.11746036069493,3.724552322091876,2.5954599583603266,2.2765027583507385,2.6995468781360303
ALA_47_A_HB3,LYS_51_C_HE3,7628,8950,58.508,-22.084,44.148,58.575,-21.985,44.263,58.5415,-22.0345,44.2055,58.57634100737808,-22.03440088630095,44.52723991185055,-11.2405300155954,5.850213964869704,0.1658764600538572,2.983590972699921,1.8792136518845668,2.7297673991515965
PHE_38_A_CE1,LEU_30_C_CD2,5014,2420,54.575,-8.362,40.429,53.553,-9.438,39.895,54.064,-8.9,40.162000000000006,54.58309791293177,-8.89852330003659,44.9556190517138,2.147396936633357,2.777073717187798,1.577154399543688,2.3917181243624,1.5931450154175089,2.447682389717715
TYR_44_A_CE2,ASN_45_C_HB3,6612,7170,54.09,-15.047,48.675,52.049,-16.24,51.317,53.069500000000005,-15.6435,49.996,52.54777286725894,-15.644984179417094,45.1781013704744,-4.43662628228683,0.2556814285037067,3.5452918074539403,2.557232763372602,1.862046227073122,2.380078897375664
TYR_44_A_CD2,LEU_48_C_HD11,6515,7930,56.038,-16.136,48.283,55.791,-16.911,49.728,55.9145,-16.5235,49.0055,55.46584381700534,-16.524776311371145,44.86237637554599,-5.5226394857365815,3.120891692613034,1.6582095766217262,2.872602044703675,1.6314497056727884,2.505445064158778
LEU_50_A_HD12,GLN_54_C_C,8427,9340,56.81,-28.646,45.168,59.683,-30.11,46.225,58.2465,-29.378,45.6965,58.12541439616037,-29.378344457379438,44.57833280457502,-18.533703170651545,4.876007724926316,3.3933278650905496,2.4784447529205966,2.3213322083890495,2.7175265318389794
ALA_47_A_HB2,LEU_48_C_HB3,7573,7860,55.676,-21.657,46.295,54.69,-20.56,49.926,55.183,-21.1085,48.1105,54.83876917458968,-21.1094792481045,44.9316942260478,-10.050962532517032,2.1659995659058526,3.919153735183147,3.267719264002986,1.981529792260801,2.4757247616510676
PHE_38_A_CE1,LEU_30_C_HD13,4991,2720,55.734,-9.422,41.571,55.463,-9.81,41.438,55.5985,-9.616,41.5045,55.95614223494107,-9.614982599887044,44.807153677469785,1.3346685797097972,4.103753491566652,0.4916034987670442,2.6288195264557217,1.2998562581897548,2.3753144586895116
PHE_28_A_HD1,ARG_33_C_H,1609,3780,43.326,-5.004,45.388,43.507,-5.064,44.835,43.4165,-5.034,45.1115,43.52911627255243,-5.033679635688346,46.151457002699885,6.792084553507488,-8.038860454319124,0.5849529895641153,1.7293783656668769,1.4747317294919733,2.526013533466878
GLN_54_A_HE21,GLN_54_C_CB,9636,9430,54.555,-32.205,44.389,54.918,-32.962,48.44,54.7365,-32.5835,46.4145,54.57935276632182,-32.58394704343524,44.96332103256915,-21.47790121783534,1.0904622137754971,4.137078558596629,2.886031131940898,2.706292804253607,2.651211111830684
GLY_34_A_H,TYR_27_C_O,4257,500,61.55,-2.372,44.755,60.06,0.093,41.509,60.805,-1.1395,43.132000000000005,60.92781779166796,-1.139150614992,44.26616311520855,9.433942175558323,9.694077604314684,4.339682131216525,2.4240453452744872,2.171121308601783,2.810923713989629
PHE_38_A_CE2,PHE_28_C_HA,5090,1530,56.699,-4.615,40.29,56.736,-1.266,41.519,56.7175,-2.9405,40.9045,57.12617269323781,-2.939337431366767,44.67839536620517,7.909865028382205,5.751958592097438,3.5675777496783443,3.1610365823961266,1.798609975510474,2.738169458604103
ARG_33_A_C,TYR_27_C_CD1,3575,570,62.321,-1.992,47.292,62.516,-1.059,47.009,62.4185,-1.5255,47.1505,62.092512054275176,-1.526427351806919,44.14015842796417,8.964447389837275,10.83510688685588,0.9942851703610996,2.8570246151135863,2.0158649852740753,2.729380336674467
PHE_28_A_HE1,ARG_35_C_H,1694,4480,39.326,-4.916,46.374,36.991,-6.721,45.565,38.1585,-5.8185,45.9695,38.2402505097602,-5.818267440839649,46.72442655876901,6.387275363104274,-13.400959177055878,3.060184798341435,2.565845494611279,2.28229440218782,3.0985475470251553
LEU_30_A_CD1,ILE_41_C_CG2,2328,5700,49.537,-11.07,45.791,49.065,-11.895,44.428,49.301,-11.4825,45.1095,49.34583769976079,-11.48237244828394,45.52355454819574,-0.0558127863376768,-2.6610866892485947,1.6616792710989683,2.2300315601048903,1.430433436753503,2.3068515585552167
THR_29_A_OG1,GLN_31_C_CB,1884,2920,49.926,-4.393,43.289,48.941,-4.87,39.877,49.4335,-4.6315,41.583,49.85403214453707,-4.630303694280057,45.46641168340608,6.742637850589965,-1.6643710590148015,3.583224525479808,2.8568839891014868,2.111041174988346,2.6813193431508413
LYS_51_A_HZ1,LYS_40_C_HZ1,9044,5610,44.383,-21.843,44.085,43.049,-19.435,43.763,43.716,-20.639,43.924,43.95276251486902,-20.63832647158015,46.11038771941465,-8.803388067987516,-8.722526608056745,2.7715887140771835,1.9459160387294927,3.031429132590435,2.643006102706841
GLN_31_A_OE1,TYR_27_C_HB2,3014,920,56.696,-0.176,47.169,58.045,-0.553,46.2,57.3705,-0.3645,46.6845,57.15286138328741,-0.3651191258514629,44.67471226348242,10.47567130669761,5.9616342416840284,1.703200223109426,2.375142141140955,2.038725180797669,2.3860856427536317
GLN_31_A_OE1,GLU_26_C_CB,3026,80,55.534,0.876,46.834,55.463,1.855,45.749,55.4985,1.3655,46.2915,55.34456650463965,1.3650620988231623,44.869998357104194,12.33065064341694,4.270289877851915,1.4631155115027663,1.9985053417686305,2.3306812188672374,2.3226290883495344
GLN_31_A_OE1,GLU_26_C_HB3,3041,370,55.301,0.199,46.408,55.51,0.695,43.539,55.4055,0.4469999999999999,44.9735,55.39374579565086,0.4469665623137778,44.8649555876606,11.41136233868539,4.25440091532214,2.9190508731435285,3.1116062863180347,2.368571418864882,2.407343318639003
TYR_27_A_CD1,GLY_34_C_HA2,552,4290,38.822,-2.742,45.106,38.047,-3.982,45.242,38.4345,-3.362,45.174,38.59811619472504,-3.361534554035482,46.68491670504554,8.812236401836518,-12.867358844641831,1.4685778835322314,2.9859327797637905,2.1567484357036224,3.066450671500419
LYS_51_A_HB2,LEU_50_C_CA,8791,8170,50.574,-25.445,46.234,52.26,-26.639,49.885,51.417,-26.042,48.0595,51.12204103010133,-26.04283908235654,45.33569606560428,-14.706360320634046,-1.9135342646933584,4.195000953515979,2.908753557490913,2.0176074045505894,2.594016019580514
GLN_54_A_HE21,GLN_54_C_HB2,9637,9520,54.965,-32.205,44.317,56.388,-32.198,46.513,55.6765,-32.2015,45.415,55.61542562810975,-32.20167374086947,44.85100760979543,-21.170603058263563,2.157121484042676,2.6167525675921244,2.3293866711516658,2.5462864879858036,2.6083091329805077
ARG_33_A_HG3,TYR_27_C_CE2,3946,760,60.023,0.121,49.033,60.212,3.454,47.436,60.11750000000001,1.7875,48.2345,59.70204786357303,1.786318145595701,44.3979997432299,12.439577212812996,8.672109745176476,3.7006781810905967,2.607423854962036,2.620984292907698,2.661487255702857
ARG_35_A_HG2,TYR_27_C_O,4619,480,63.005,-3.144,39.956,60.278,-0.648,40.951,61.6415,-1.896,40.453500000000005,62.04133824615264,-1.8948625630950255,44.14581350504972,8.600598754414817,10.757586476945113,3.8283900010317673,2.697392604473991,2.1121796736963416,3.1597879618391107
GLY_34_A_HA2,TYR_27_C_CE1,4286,670,64.558,-1.747,45.781,64.475,0.683,46.976,64.51650000000001,-0.532,46.3785,64.24879248391659,-0.532761558984071,43.90635010801399,9.801573929362062,13.069117291124853,2.709209109684965,3.102842049964751,2.3203498858019898,2.906893777921689
THR_29_A_O,PHE_38_C_CZ,1824,5120,49.066,-5.778,49.596,48.548,-6.047,50.192,48.807,-5.9125,49.894,48.34527470714124,-5.913813489625146,45.63018944448194,5.570145754996338,-3.2693108835682,0.8342068088909399,3.4218434218004967,1.482314246053632,2.704242196022721
TYR_27_A_CD2,ARG_33_C_HB3,610,3850,42.336,-2.159,42.074,42.682,-5.376,39.214,42.509,-3.7675,40.644,43.110268323965656,-3.765789546365183,46.19642319637804,8.086689685345304,-8.369009502223753,4.318379904547538,3.341868217099198,2.574393816926423,2.785132255462189
LEU_30_A_HD13,PHE_38_C_CE1,2659,5000,48.437,-10.354,49.022,48.04,-9.857,50.154,48.2385,-10.1055,49.588,47.81625471814327,-10.106701179154712,45.68876831907678,1.4256434871072377,-4.097985585594817,1.298476799946772,2.366909154703292,1.4824044579427043,2.4337486829825545
ARG_33_A_HG2,TYR_27_C_HE1,3911,1040,62.386,-0.364,48.932,64.252,2.894,47.213,63.319,1.265,48.072500000000005,62.883797120130055,1.2637619598138037,44.05361114621356,11.691061999485523,11.827251862430836,4.129343894615702,3.4167642628404398,2.7538845384089816,2.8789513873513606
LEU_50_A_HD12,GLN_54_C_C,8430,9350,56.71,-29.031,44.776,59.292,-30.563,45.925,58.001000000000005,-29.797,45.3505,57.91980755249338,-29.797230971616862,44.600726877189935,-18.93684410246964,4.639959065633776,3.21464601472697,2.4665327613794776,2.3258255715036262,2.694754773585971
ARG_33_A_HG3,TYR_27_C_CE2,3950,730,59.792,-0.048,48.641,59.011,2.777,47.649,59.4015,1.3645,48.145,59.003940287354936,1.3633690449364324,44.47372765377556,12.067564417003698,7.941643232657701,3.09429313414227,2.168108181173301,2.437312359652947,2.582691042419676
ILE_32_A_HB,PHE_28_C_HB2,3462,1550,59.124,-5.513,44.575,59.203,-5.052,44.338,59.1635,-5.2825,44.456500000000005,59.16371367568453,-5.2824993921476695,44.458473191967656,5.427078512953195,7.629754670250156,0.5243386310391418,1.4779151858104207,1.2453250726584368,2.501607870879949
ASN_45_A_HD22,LEU_30_C_HD12,7157,2670,53.297,-12.676,43.345,53.273,-12.273,43.507,53.285,-12.4745,43.426,53.46388527555816,-12.473991117430277,45.07791930775377,-1.339086996709486,1.4001226737427468,0.4350045976768519,1.8704652421471444,1.2212959240936494,2.1336223012160755
GLN_31_A_OE1,TYR_27_C_HD2,3015,1010,56.61,0.284,47.169,57.807,0.575,47.015,57.2085,0.4295,47.092,56.949096454758894,0.4287620636758039,44.69653327672437,11.2821015864889,5.813600969619582,1.241453180752301,2.6616323109322813,2.1216421573406468,2.415130501167506
TYR_27_A_CE2,ARG_33_C_HD3,735,4030,41.312,-0.256,40.639,41.731,-0.788,38.08,41.5215,-0.522,39.3595,42.27159252122332,-0.5198661798264806,46.28624293367222,11.384318452103448,-8.979834931789515,2.6470863227329837,2.77729722377686,2.5670768128855386,2.8906543752932348
LEU_30_A_CD2,ASN_45_C_HD22,2344,7230,51.596,-12.291,48.917,51.587,-12.751,49.0,51.5915,-12.521,48.9585,51.19784889386258,-12.522119836084002,45.32332175115864,-1.2252259147487068,-0.8768260015617767,0.4675147056510615,2.8396134624773044,1.4304976021537343,2.3744038634074838
TYR_27_A_HB3,GLY_34_C_H,914,4270,40.068,-3.559,45.345,40.093,-3.763,45.184,40.0805,-3.661,45.2645,40.21536122505854,-3.660616354523591,46.50987841835449,8.398386927301893,-11.266016149976895,0.2610785322465266,2.4692924764503927,1.8603119945286017,2.900950716043449
GLN_54_A_HG3,GLN_54_C_HE22,9601,9710,52.015,-31.732,44.809,50.849,-30.988,48.36,51.432,-31.36,46.5845,51.29491796090503,-31.36038996312077,45.31861343431886,-20.022821623219563,-2.117898735976692,3.810865124876505,2.7527908785961497,2.6020269854625755,2.6816595165167585
TYR_44_A_CE2,ASN_45_C_O,6618,6980,54.055,-15.411,48.375,51.738,-18.552,51.002,52.8965,-16.9815,49.688500000000005,52.40973518546387,-16.982884720619964,45.193461529346365,-5.761285318671574,0.022129225450295,4.7048378292986905,2.2015409348640445,1.9374604084702014,2.3966569661902106
THR_29_A_CG2,THR_29_C_OG1,1906,1900,51.916,-2.123,46.37,52.194,-2.273,46.001,52.055,-2.1980000000000004,46.1855,51.95244207958286,-2.1982917508885227,45.23842703174406,9.018609358386282,0.6137722739190051,0.4857417009069769,1.8012206565104356,1.7637546768344095,2.459427393459469
THR_29_A_OG1,GLN_31_C_HE22,1871,3340,50.159,-2.966,43.715,49.774,0.182,40.919,49.9665,-1.392,42.317,50.3021844042653,-1.3910450642640864,45.41688369354294,9.941697647991369,-0.9845870091412824,4.227971735950944,3.3820910094136543,2.1778204083326074,2.728142326463838
GLN_31_A_OE1,GLU_26_C_O,3031,60,56.035,0.269,46.573,57.584,1.409,42.412,56.8095,0.839,44.4925,56.83294302739648,0.8390666893794716,44.7089850598665,11.69966639118023,5.726215699989222,4.583985383920855,2.6567667652089693,2.3832701342958647,2.4774325799475467
PHE_28_A_CE1,ARG_37_C_H,1315,4870,40.557,-6.024,46.541,38.653,-9.388,43.97,39.605,-7.705999999999999,45.2555,39.746469267310864,-7.705597556344077,46.56190050387272,4.397122273214561,-12.023855220264656,4.642386562965217,3.517994143075081,2.2752056344595206,3.053509272162505
ARG_33_A_CG,TYR_27_C_OH,3651,820,61.451,0.176,49.814,62.458,2.831,50.165,61.9545,1.5035,49.9895,61.32992015852148,1.501723231097483,44.22180617415074,12.039418882996369,10.285144139999536,2.8611667200636868,2.52551286011538,2.609171781927523,2.793613511012706
LEU_50_A_CD1,LYS_51_C_O,8186,8580,57.091,-26.776,45.282,60.082,-25.664,47.564,58.5865,-26.22,46.423,58.38360909784495,-26.220577172399125,44.54940029990319,-15.402359668982516,5.359416138642541,3.92302803966528,4.326738116125247,2.283971933895983,2.815252257010194
LEU_30_A_HD22,ARG_42_C_CD,2743,5920,49.784,-10.991,50.562,48.193,-11.216,51.765,48.9885,-11.1035,51.1635,48.38896224620692,-11.10520553060807,45.62705778513413,0.3887527563435504,-3.5943283062590594,2.0072655529351398,2.144183033593291,1.8926635317813796,2.4236523858092545
LEU_30_A_CD1,ILE_41_C_HG23,2328,5830,49.537,-11.07,45.791,49.785,-11.17,45.831,49.661,-11.12,45.811,49.62656861763276,-11.12009794842132,45.49304277770969,0.2854929169187732,-2.35368784968871,0.2703775138579375,2.009175753614884,1.2587027009427334,2.2520937639599055
LEU_50_A_CD2,LEU_50_C_CD2,8214,8270,52.414,-28.618,45.084,52.404,-28.593,44.866,52.409000000000006,-28.6055,44.975,52.432774602233074,-28.60543236737545,45.19454699368313,-17.356106092936283,-0.7805394526099632,0.219656550095829,2.943901925060401,1.707486066814603,2.6085302988215715
ASN_45_A_HD22,LEU_30_C_CD2,7195,2400,52.601,-12.498,41.735,50.557,-10.772,41.503,51.579,-11.635,41.619,51.97104206572455,-11.63388474122186,45.23931953609009,-0.3944665367241318,-0.0379669593387203,2.6852999832420927,1.520992779422632,1.6261055404932845,2.1220987133890996
ASP_52_A_OD2,LYS_40_C_HZ3,9208,5690,44.293,-22.257,40.023,41.81,-18.155,40.861,43.0515,-20.206000000000003,40.442,43.66864331447421,-20.204244386102893,46.14102108292663,-8.350107714282048,-8.976743643028776,4.86764183152376,1.4997473584495282,3.7750921694425656,2.3014357551523044
LEU_30_A_HD22,ARG_42_C_HE,2738,6070,50.174,-11.408,50.881,48.99,-12.541,53.401,49.582,-11.9745,52.141000000000005,48.87098597661908,-11.976522651904688,45.57512816039885,-0.5147944218555901,-3.172617996640473,3.005984863568014,2.3212628301629983,2.1614159823926116,2.3753768236397117
PHE_28_A_CE1,ARG_35_C_CB,1302,4360,39.334,-5.494,47.726,36.262,-7.671,47.446,37.798,-6.5825,47.586,37.7109333528237,-6.582747682203098,46.7819814742541,5.662537461592346,-13.986343012219642,3.775567904302612,3.5740062368949843,2.457957167224656,3.332235008413971
GLN_31_A_CG,THR_29_C_HB,2904,2090,54.316,-2.463,46.891,53.907,-2.387,46.359,54.1115,-2.425,46.625,53.93807183281986,-2.42549335850087,45.02347445811672,8.65014385575405,2.589824871832495,0.6753376933060979,1.8300911974473515,1.731147804925411,2.3474733674684862
ARG_33_A_HG3,TYR_27_C_HD2,3918,1020,58.154,-0.724,48.865,58.179,0.21,48.249,58.1665,-0.257,48.557,57.739210132696016,-0.2582155297019988,44.61118400366048,10.5404205006741,6.557517297726178,1.1191233176017732,1.8362354623045636,2.145466012417687,2.449733465680081
LYS_51_A_HE3,GLU_46_C_OE1,8959,7340,45.847,-23.946,47.618,45.399,-24.438,51.685,45.623000000000005,-24.192,49.6515,45.22473789551118,-24.193132953187583,45.9737414036094,-12.440070918332038,-7.698915083956304,4.121074738463257,1.939805190206392,2.758057600943354,2.62925729521665
TYR_27_A_CG,ARG_33_C_HG2,530,3880,40.864,-2.849,43.147,39.96,-4.536,41.196,40.412,-3.6925,42.1715,40.87407673538995,-3.691185510611304,46.43855595791932,8.320841468207803,-10.607294515299929,2.7330543353544936,2.844860057496053,2.312237297561806,2.846856021345911
PHE_28_A_CD2,GLU_39_C_CA,1276,5390,42.355,-6.671,50.128,41.743,-10.953,50.77,42.049,-8.812,50.449,41.60629603978531,-8.813259378829244,46.360842284302926,3.1594080595629555,-10.236578445507806,4.372897437626452,1.5716928496857667,2.3497466457199634,3.2502964677501547
LEU_50_A_HD21,LEU_50_C_HD11,8483,8430,51.861,-27.038,44.871,51.76,-26.877,44.241,51.8105,-26.9575,44.556,51.88600460550886,-26.957285208829752,45.25324864316108,-15.673067116833176,-1.212016189073591,0.6580440714724232,2.319587186475702,1.556817645746031,2.5377746361527156
GLN_54_A_HG3,GLN_54_C_CD,9597,9470,52.425,-31.732,44.881,52.836,-32.375,49.094,52.6305,-32.0535,46.9875,52.43641463401966,-32.05405212291497,45.19521518273379,-20.796270474342,-1.0219124906917654,4.281558010818026,3.151585461355632,2.6916778366509213,2.6879501739437432
LEU_50_A_HD23,GLN_54_C_HG3,8522,9590,54.272,-30.263,44.609,54.55,-30.919,45.577,54.411,-30.591,45.093,54.3990055236568,-30.59103412119821,44.98223679159232,-19.4771421905148,1.0511154973813193,1.2019334424168382,2.525726083984285,2.1100816869888654,2.641549275877025
LEU_50_A_HD21,LEU_50_C_HA,8502,8300,52.871,-27.851,45.439,53.152,-28.042,49.963,53.0115,-27.9465,47.701,52.73649427219084,-27.947282320518102,45.1614546400292,-16.72131472185399,-0.4290538324668327,4.536740900690716,3.2656409676308176,2.1926843571614003,2.6873938964452933
PHE_38_A_CD2,PHE_28_C_CE2,4976,1350,58.789,-4.667,39.952,59.836,-1.473,40.209,59.3125,-3.07,40.0805,59.77929536912889,-3.0686720873127387,44.39113026639858,7.591338598592467,8.404664670359477,3.3710375257478216,3.45833885990331,1.9586044796910502,3.0530545455913813
GLY_34_A_H,TYR_27_C_HA,4256,890,61.945,-2.192,44.755,61.84,-0.477,42.991,61.8925,-1.3345,43.873000000000005,61.923407032552944,-1.3344120774468489,44.15841155028151,9.16805696011781,10.679085435370016,2.462508071052765,1.9742154371548075,2.0259188553743295,2.8196590871015563
GLN_31_A_OE1,TYR_27_C_H,3030,850,56.18,-0.176,46.573,57.13,0.248,45.417,56.655,0.036,45.995000000000005,56.51944137820404,0.0356143706093597,44.74318145887898,10.920638706874575,5.354592001371597,1.5551887345271,2.4055551132396924,2.1262105582365134,2.369819390398428
GLN_31_A_OE1,GLU_26_C_N,3018,0,55.541,1.092,47.169,56.403,4.518,45.833,55.972,2.805,46.501,55.79010719659121,2.8044825617875784,44.82130762199461,13.734607394932947,4.81957487213403,3.776958564771395,2.723658160404879,2.5510959036734464,2.3896431030800085
GLY_34_A_H,TYR_27_C_HA,4252,910,61.824,-1.942,45.074,61.215,1.422,43.585,61.5195,-0.26,44.3295,61.50583380967612,-0.2600388767942394,44.20329931864694,10.269543204726569,10.33646591544916,3.728873556451061,3.062966218100861,2.2118353968925586,2.757793868217249
PHE_28_A_HD2,ARG_42_C_NH1,1670,5960,43.899,-6.027,51.084,45.137,-9.174,52.656,44.518,-7.6005,51.870000000000005,43.89454314698852,-7.60227357428935,46.1126764314304,4.203878715217701,-7.854724381458319,3.729267622469589,4.425688004198157,2.2581426366533845,3.246168810577688
PHE_28_A_CD2,ARG_42_C_HH11,1278,6110,43.274,-6.729,50.128,44.008,-10.144,50.599,43.641000000000005,-8.4365,50.3635,43.18898274505919,-8.437785872755803,46.18933849595928,3.4208777282836893,-8.621981058364794,3.524602388922756,4.283974622332472,2.1126752282201156,3.186029879617975
THR_29_A_HB,GLN_31_C_CD,2053,2970,48.43,-2.26,44.466,48.416,-1.017,43.704,48.423,-1.6384999999999998,44.085,48.58734625883061,-1.6380324771909958,45.602658495213134,9.817829241011696,-2.722643838439487,1.4580428663108642,2.740293422428784,1.8897887944648697,2.5554183437118914
PHE_28_A_HZ,ARG_35_C_HE,1726,4790,38.876,-4.193,50.231,36.314,-5.132,52.936,37.595,-4.6625,51.5835,37.08235374082255,-4.663958346668926,46.849458861395256,7.6213784929917425,-14.480670691259304,3.842211602710082,2.31159760336444,2.5185620397951256,3.390017218703953
LEU_48_A_HG,TYR_44_C_CG,7873,6520,49.724,-18.171,44.673,49.621,-17.877,44.727,49.6725,-18.024,44.7,49.75707796171181,-18.02375939746654,45.4810367148792,-6.61004410403407,-2.7132534628090066,0.3161660955890094,2.0634251811360333,1.2635705578071819,2.5470172887281617
PHE_28_A_HD2,PHE_38_C_CE2,1671,5040,44.316,-5.827,51.084,44.909,-7.202,52.258,44.6125,-6.5145,51.67100000000001,44.00921182668682,-6.516216199586369,46.09992446834445,5.279000347282301,-7.662511957094594,1.9027742903455456,3.484850778892839,1.9908194910522536,3.1695407265298368
LEU_30_A_CD2,ASN_45_C_CG,2391,7050,51.42,-12.268,49.785,51.171,-13.548,50.247,51.2955,-12.908,50.016,50.79210382559642,-12.909432032558415,45.36737893629315,-1.5825759919612743,-1.311431288964383,1.383417868902958,2.874051193256648,1.6413223200639433,2.4034054581026862
LEU_50_A_CD1,LYS_51_C_HA,8159,8720,55.497,-26.982,45.996,55.436,-26.893,45.451,55.4665,-26.9375,45.7235,55.37466605026746,-26.937761243951925,44.87545773270262,-15.902795571042862,2.289567834008132,0.5555780773212723,2.220044857963553,1.5767895854892846,2.5867305621438375
THR_29_A_CG2,THR_29_C_OG1,1903,1890,52.004,-2.333,46.522,52.362,-2.492,46.34,52.183,-2.4125,46.431,52.05268865133689,-2.412870702249054,45.22763749738839,8.797411851083123,0.6991044386044314,0.4319363379017805,1.7387768069228238,1.7381890738538048,2.456548661601082
TYR_27_A_CE2,ARG_33_C_CZ,728,3720,42.195,-0.343,41.006,44.016,-1.459,37.928,43.1055,-0.901,39.467,43.82573922916026,-0.8989511047591343,46.11806216897486,10.89517529560198,-7.447483434200141,3.746409080706485,2.48601359627854,2.715933375903509,2.7463372608122865
PHE_28_A_HZ,ARG_35_C_CG,1726,4390,38.876,-4.193,50.231,38.159,-4.553,50.805,38.5175,-4.372999999999999,50.518,38.10819674630935,-4.374164362415435,46.7382817119054,7.83716179107352,-13.4308457763076,0.986491256930337,3.800349461988493,2.1211989837770697,3.5765892118751084
LEU_48_A_HD12,LYS_40_C_C,7958,5450,47.778,-17.469,43.279,44.395,-15.764,44.78,46.0865,-16.616500000000002,44.0295,46.28436210546215,-16.615937133233217,45.8566611862177,-4.957715655782013,-6.09742594489147,4.074888342028523,2.1631374373829093,2.314855093449158,2.710623598528581
TYR_27_A_HB2,ARG_33_C_H,909,3750,43.685,-3.085,43.748,44.674,-3.648,42.691,44.1795,-3.3665000000000003,43.2195,44.485726318264845,-3.3656288649372064,46.04735246636787,8.38758696120829,-6.960572007349929,1.5531706281023938,1.8553468312076729,1.8513580241006553,2.4492473828736214
LYS_51_A_HZ3,LYS_40_C_O,9139,5460,44.387,-21.37,46.013,44.092,-17.906,46.637,44.2395,-19.638,46.325,44.21317268533905,-19.63807489443441,46.08187993730049,-7.824266032632834,-8.390187311567844,3.532095270515791,2.408929790444689,2.7912902798193824,2.8086246533407513
ALA_47_A_HB3,LYS_51_C_HE2,7628,8940,58.508,-22.084,44.148,61.364,-23.536,43.29,59.936,-22.81,43.719,60.00677553387141,-22.809798661821453,44.372577945719456,-12.11614741198291,7.230286116526069,3.316806295218336,2.895364250935036,2.3064593774464455,2.75534029429604
PHE_28_A_HB2,PHE_38_C_HB2,1534,5150,44.319,-6.955,47.467,44.238,-6.683,47.59,44.2785,-6.819,47.5285,44.1224823172406,-6.819443830153586,46.08775189092793,4.968447866342182,-7.570411315443191,0.3093121400785972,2.092810542842453,1.250021490608145,2.6653361640680284
GLN_31_A_CD,THR_29_C_HB,2957,2070,54.53,-1.036,46.619,53.85,-0.678,44.293,54.19,-0.857,45.456,54.14073324326701,-0.8571401512432494,45.00104524520707,10.200056934709488,2.904588191287472,2.449661201064344,1.9789570310770093,2.0699676008434964,2.3659105597360353
GLN_54_A_HE21,GLN_54_C_HG3,9638,9610,54.76,-31.85,44.317,55.415,-31.511,45.431,55.0875,-31.6805,44.874,55.09114085228822,-31.68048964271228,44.9076215162082,-20.613285239885887,1.6681333716634337,1.3360172154579433,2.2755650399081246,2.367626472067682,2.6170063887816695
ALA_47_A_CB,ASP_52_C_HA,7476,9220,57.43,-21.966,45.801,60.652,-23.335,49.23,59.041,-22.6505,47.5155,58.715788583537176,-22.651425142781022,44.51232930145795,-11.865955981333334,5.946282936262559,4.900355701375154,2.583824655614972,2.326403320732109,2.6919102196553157
ARG_35_A_CG,PHE_28_C_HZ,4383,1780,64.356,-2.315,40.165,63.713,-1.204,40.778,64.0345,-1.7595,40.4715,64.40467067016215,-1.758446959713253,43.88984773877858,8.567851358429039,13.138425708136428,1.42251151137697,3.219231406653757,2.115875034950072,3.3736042070899015
LYS_51_A_HB2,LEU_50_C_H,8788,8280,50.479,-24.862,46.443,51.365,-24.317,49.77,50.922,-24.5895,48.1065,50.62769990909255,-24.590337208015384,45.38878049554795,-13.222217306494656,-2.3063094028684685,3.485821280559294,2.2754941072154304,1.8200292296578913,2.5376300541088397
LEU_30_A_CD1,ILE_41_C_CD1,2326,5730,49.426,-11.414,46.018,48.429,-12.507,43.656,48.9275,-11.9605,44.837,49.0058493928868,-11.960277116141816,45.56051888357856,-0.5082235447238271,-3.0361544006796746,2.787059741017406,1.6885512761276993,1.5594887152072063,2.332120023210394
ARG_33_A_HG2,TYR_27_C_OH,3908,840,62.19,-0.085,49.324,64.088,3.513,49.021,63.139,1.714,49.1725,62.58813101638168,1.712432919517325,44.08549042225575,12.15971918000831,11.562486286170577,4.0791931800295975,2.7606913356612925,2.7864138116414248,2.8522634775057223
GLY_34_A_H,TYR_27_C_O,4257,490,61.55,-2.372,44.755,60.438,0.265,42.322,60.994,-1.0535,43.5385,61.07111491866818,-1.0532806279032545,44.25061910911255,9.509359109058105,9.84394962824224,3.756301638580159,1.929692850242684,2.1621577947154247,2.781354582628888
LYS_40_A_HZ1,LYS_51_C_HZ3,5598,9120,62.477,-18.062,46.241,61.192,-20.035,45.432,61.8345,-19.0485,45.8365,61.656501715823,-19.04900635930753,44.19277163017436,-8.482703145256036,9.152672209319102,2.489665640201508,1.854098547862888,2.8829108973478577,2.5558969423721836
PHE_28_A_HZ,ARG_35_C_HG3,1735,4660,38.555,-4.645,49.52,36.301,-5.058,50.487,37.428,-4.8515,50.0035,37.08640964767254,-4.852471736638152,46.84907772241756,7.43305179342759,-14.489995286492292,2.487202042456541,3.2910708621360274,2.340960246509126,3.4853647804154404
LYS_51_A_HZ3,LYS_40_C_HZ1,9150,5600,43.739,-21.739,45.205,42.067,-19.746,44.474,42.903,-20.7425,44.8395,43.05119932858558,-20.74207841105185,46.20804937625693,-8.842477080951461,-9.634442444133937,2.702220198281406,2.480426716047651,3.137625697738945,2.687636044894054
TYR_44_A_CE2,ASN_45_C_O,6624,6990,54.355,-15.822,48.014,52.858,-19.854,50.497,53.6065,-17.838,49.2555,53.157879862803775,-17.839276208830125,45.112709241122616,-6.668954212808042,0.7119008905549836,4.9662180781757845,3.174633568295486,1.8693099766452608,2.411769340590772
GLU_26_A_OE2,GLU_26_C_CD,277,140,49.737,2.7,45.321,52.252,4.611,43.444,50.9945,3.6555,44.3825,51.09702363524915,3.655791653356043,45.32925636125293,14.91900275723005,0.1714591215734438,3.674272036744148,1.5114944920008158,2.881054905616967,2.309458829666104
GLN_31_A_OE1,GLU_26_C_HB3,3041,360,55.301,0.199,46.408,55.305,0.064,43.965,55.303,0.1315,45.1865,55.26964595720561,0.131405116332493,44.87849148945168,11.105463118791729,4.107470033620292,2.44673047146595,2.581991996467269,2.2590924559702996,2.3855555439793923
PHE_38_A_CZ,PHE_28_C_HB3,5109,1600,56.421,-5.533,41.505,56.405,-4.88,41.698,56.413,-5.2065,41.6015,56.75067392953513,-5.205539404576733,44.71975600057735,5.67621296261806,5.21420413502039,0.6811123255381595,2.630611234855661,1.2784645686085112,2.6979662001825515
GLY_34_A_H,PHE_28_C_HE1,4226,1680,62.064,-2.801,44.448,62.275,-2.939,44.801,62.1695,-2.87,44.6245,62.1168108473446,-2.870149887078833,44.13794106825415,7.622385006553912,10.76401427681746,0.4337902719056761,2.306392989396434,1.6613704988196614,2.808520864232864
LYS_51_A_HE3,GLU_46_C_HB3,8972,7390,46.342,-23.076,47.666,46.677,-22.795,49.932,46.5095,-22.9355,48.799,46.1921679962008,-22.936402727879894,45.8685918799999,-11.25562246355928,-6.638995209992253,2.3078002513215967,2.2934403616015,2.4889221181517085,2.7138896481289203
PHE_38_A_CD2,PHE_28_C_HD2,4979,1670,58.462,-4.624,39.529,58.8,-3.068,39.264,58.631,-3.846,39.3965,59.17893138546136,-3.8444412762280376,44.4563822745118,6.8604153166504425,7.747197007403076,1.6141886506849177,3.039960849769164,1.8344997313574736,3.0688481657902504
GLU_26_A_OE2,GLU_26_C_OE2,263,260,50.248,1.85,46.039,52.631,1.721,45.543,51.4395,1.7855,45.791,51.38616977910792,1.7853482892470254,45.298521112045066,13.032632026897144,0.3286659729986586,2.437487640994312,1.9077719354216491,2.48292226541765,2.3437854342519673
PHE_28_A_HE1,ARG_37_C_HG3,1697,4880,39.757,-5.048,46.055,38.947,-7.469,41.976,39.352,-6.2585,44.0155,39.62907638427016,-6.25771178899718,46.57416687445525,5.849734570184274,-12.038763701541086,4.812024729778516,2.159494214470988,2.3788883280184936,3.0047894126449908
LEU_48_A_HA,ALA_47_C_C,7801,7430,51.822,-21.343,45.272,52.011,-21.257,45.567,51.9165,-21.3,45.4195,51.89816542274706,-21.30005215715356,45.25018901524111,-10.03099976204886,-0.7978676506800765,0.3607519923714916,1.3208616483564803,1.2481764300850415,2.2675865165682674
ARG_33_A_HG2,TYR_27_C_HE1,3911,1030,62.386,-0.364,48.932,64.596,1.443,47.636,63.491,0.5395000000000001,48.284000000000006,63.0311897143398,0.538191958077477,44.03787361304144,10.956797075660097,11.923579926033884,3.1351180201070585,3.2587355548623385,2.558113593484589,2.859170491825588
GLU_26_A_OE2,GLU_26_C_HG3,265,440,50.1,2.738,46.039,53.802,5.187,44.727,51.951,3.9625,45.383,51.93533932639337,3.962455449414136,45.23838122675271,15.165008739143456,1.0343352591300594,4.628579587735313,2.257519332523044,2.897025674091714,2.321004972309204
LYS_51_A_HZ3,LYS_40_C_HD3,9145,5530,43.935,-21.46,45.597,43.023,-17.827,44.553,43.479,-19.643500000000003,45.075,43.59528031539888,-19.64316921242946,46.14879267253691,-7.785210008920899,-9.01048471931252,3.888491867035342,2.475066987020706,3.055751091549391,2.726045648145576
THR_29_A_OG1,GLN_31_C_C,1879,2840,49.436,-4.463,43.454,48.21,-6.226,40.387,48.823,-5.3445,41.9205,49.21450771235652,-5.343386261319668,45.53588504026271,6.077040088736095,-2.3566747593513653,3.744026442214317,2.702874967221124,2.150857603133636,2.6076607199296484
TYR_27_A_CE2,ARG_33_C_HD3,735,4020,41.312,-0.256,40.639,41.51,-0.709,38.888,41.411,-0.4825,39.7635,42.11913017089787,-0.4804855519134139,46.30274085176493,11.434490291763057,-9.130003403607516,1.8194543137985129,2.781209387713297,2.4542288821960785,2.891552299147676
TYR_27_A_CD1,GLY_34_C_HA2,577,4300,38.892,-2.843,44.615,37.096,-4.995,44.434,37.994,-3.919,44.5245,38.2322589601341,-3.918322214578508,46.7247066702404,8.282989881496286,-13.273985672425578,2.80882199507196,2.595740006261344,2.336885391257827,3.013667113313994
PHE_28_A_HZ,ARG_35_C_CB,1736,4350,38.811,-5.029,49.52,35.85,-6.853,49.987,37.3305,-5.941,49.7535,37.01683421063575,-5.941892298443392,46.85694760341017,6.351354360133267,-14.637204320706289,3.5089294663757475,3.676047362290402,2.5112239755629093,3.4976722759728385
GLY_34_A_H,PHE_28_C_HE1,4251,1700,62.286,-1.942,45.074,62.172,-2.183,45.168,62.229,-2.0625,45.121,62.12245209785136,-2.062803101359657,44.13708147338671,8.427288489112538,10.82703632682137,0.2826888749137488,2.0344469708437187,1.7949572768881399,2.759159800963073
LEU_50_A_HD13,LYS_51_C_HG2,8467,8840,57.69,-26.366,43.899,58.584,-26.194,44.364,58.137,-26.28,44.1315,58.184589946365215,-26.27986461885069,44.57097021916902,-15.447280889693522,5.155526537854685,1.0222744249955618,2.402583235051193,1.8239904227677879,2.741623483946197
THR_29_A_HG1,THR_29_C_HG23,2100,2250,51.527,-3.561,44.279,53.505,-1.769,42.017,52.516000000000005,-2.665,43.148,52.73323056035843,-2.664382034963844,45.15401953274564,8.497923473218787,1.3640266571089683,3.4986271593297857,2.0095092865544903,1.8156158045807596,2.597976708561243
LEU_30_A_HD12,ASN_45_C_HD22,2629,7200,50.701,-12.26,47.422,50.716,-12.652,47.422,50.7085,-12.456,47.422,50.48953935369966,-12.456622886685391,45.40000395737901,-1.109298317100979,-1.58282402416579,0.3922868848177308,2.051142082517293,1.2149536602002098,2.2827481141616466
THR_29_A_CG2,THR_29_C_OG1,1893,1920,52.249,-2.741,46.849,52.209,-2.863,46.8,52.229,-2.802,46.8245,52.05605036631986,-2.802491997196222,45.22739348436463,8.408535076375193,0.6747946002863985,0.137422705547518,2.7109188494879466,1.7157370045476612,2.4876910064352975
LEU_30_A_HD13,ARG_42_C_HD2,2663,6030,48.438,-11.584,48.703,47.998,-12.218,48.855,48.218,-11.901,48.779,47.88264219564384,-11.901954006643226,45.68213229921631,-0.3698145671849462,-4.158931658571768,0.7865494262918273,1.6795286864650465,1.3489092289308846,2.282445476171289
TYR_27_A_CE2,ARG_33_C_HG2,700,3900,40.074,-1.445,41.904,39.87,-2.37,41.319,39.972,-1.9075,41.61150000000001,40.499056923179495,-1.906000658700824,46.47861667558364,10.12830330542321,-10.856716613660716,1.1133130736679604,3.320603071082997,2.2781987155443084,3.0040994197029667
LEU_30_A_HD11,ILE_32_C_HG22,2615,3500,48.66,-9.478,45.827,45.766,-9.344,41.988,47.213,-9.411,43.9075,47.41062581134402,-9.410437805429169,45.73247912391657,2.149122258264073,-4.455486071983255,4.809481572893276,3.053440554518121,1.870873915049112,2.455777990817884
GLN_31_A_OE1,TYR_27_C_H,3023,860,56.458,0.044,46.834,57.293,0.235,45.889,56.8755,0.1394999999999999,46.36150000000001,56.69815419021312,0.1389954968141852,44.72379691671346,11.010992701645094,5.541240983516029,1.275433651743595,2.456463379167493,2.109034245451124,2.379816947490304
THR_29_A_OG1,GLN_31_C_HA,1858,3140,49.428,-5.233,44.186,49.324,-5.155,44.449,49.376,-5.194,44.3175,49.5045321380995,-5.193634359147089,45.50443235052989,6.205696427204698,-2.0550514545569105,0.2933751864081193,2.2311092550968774,1.3889559908724294,2.5927393544078043
GLU_26_A_OE2,GLU_26_C_OE2,266,270,50.154,2.078,45.656,51.592,2.441,44.947,50.873000000000005,2.2595,45.3015,50.87861350180648,2.2595159689679085,45.3533379838099,13.541857292284028,-0.1468788531131743,1.6438655662796702,1.9117237655863415,2.5515262516581787,2.3310420448482634
ARG_33_A_H,PHE_28_C_HD1,3783,1640,60.216,-3.898,45.579,60.113,-3.799,45.455,60.1645,-3.8485,45.517,60.03955437037996,-3.8488554381593367,44.36318732679482,6.794536039136272,8.610352049136557,0.1891718795170173,2.393455404129811,1.4867784184393662,2.5402933248941046
ASN_45_A_HD22,LEU_30_C_CD2,7195,2390,52.601,-12.498,41.735,50.449,-10.108,41.286,51.525,-11.303,41.5105,51.92927022531183,-11.301849955254964,45.24374069663553,-0.0602870144955747,-0.0562857837335838,3.2472765512041004,1.831180465597715,1.655534543631439,2.1563623501963773
PHE_28_A_HB2,ILE_32_C_CG1,1531,3410,45.286,-6.096,46.055,45.21,-6.195,46.274,45.248000000000005,-6.1455,46.1645,45.22671760842617,-6.145560542926633,45.96796737065815,5.561750052140135,-6.414645287768418,0.2520674512903255,2.088102601877769,1.1475758238750764,2.4826103937750212
PHE_28_A_HD1,ARG_33_C_H,1632,3740,42.918,-5.744,45.425,43.079,-6.408,44.965,42.9985,-6.0760000000000005,45.195,43.10705817192967,-6.075691179940194,46.19748239921103,5.782854969208271,-8.536349230026323,0.823660731126594,2.0311791104124093,1.4184139569486727,2.5776797846108392
LEU_48_A_HG,TYR_44_C_CD1,7877,6530,50.253,-17.744,44.339,50.255,-17.078,44.779,50.254000000000005,-17.411,44.559,50.34690960033691,-17.410735696098946,45.41697538222928,-6.040702667914716,-2.077916069119625,0.7982230264781922,2.569353131440872,1.1940707488683535,2.470752594958435
LYS_51_A_HE3,ALA_47_C_HB3,8985,7630,46.973,-22.595,46.746,47.678,-22.293,46.863,47.3255,-22.444,46.8045,47.21217351769244,-22.44432238467562,45.75798455249013,-10.837647041994895,-5.580654595677378,0.7758337450768668,3.3161672510888427,1.9587491737108218,2.9055648703287646
ALA_47_A_CB,ASP_52_C_HB2,7464,9250,57.127,-21.281,46.028,57.997,-21.123,48.219,57.562,-21.202,47.1235,57.29584082136704,-21.20275715436252,44.66564825816279,-10.319518961563173,4.624568203678438,2.3626986688953813,3.053772605186803,2.109829818442973,2.6063610914012694
LEU_30_A_O,LEU_30_C_H,2239,2450,53.744,-7.299,44.738,53.862,-7.433,44.663,53.803,-7.366,44.7005,53.83929778527301,-7.365896742142764,45.03569255363024,3.729281570580164,2.1397076006905382,0.1936620768245574,2.2656787040689728,1.2306355659216333,2.4245914012406837
LEU_30_A_HB2,LEU_30_C_HB2,2518,2530,51.841,-9.219,45.321,51.803,-9.694,44.819,51.822,-9.4565,45.07,51.84177868371405,-9.456443734735222,45.25264661195414,1.7867051962570482,-0.0129501479251524,0.6921509950870525,1.405972717110741,1.2916576694539932,2.2608480376842217
PHE_28_A_CE1,ARG_35_C_HA,1304,4530,39.937,-6.175,47.726,40.353,-5.852,47.873,40.145,-6.0135000000000005,47.7995,40.00785950093639,-6.013890129424343,46.53307358468276,6.065882695325347,-11.641404547109529,0.5468034381750013,3.609960541618495,1.6388586479648495,3.274618147060676
LEU_50_A_HD12,GLN_54_C_C,8426,9320,56.522,-29.008,45.168,59.277,-31.674,47.41,57.8995,-30.341,46.289,57.719050346354656,-30.341513332822768,44.622634414547946,-19.46541040020347,4.399866680020355,4.441187341241079,2.7263320837176206,2.4574809719876565,2.678808570226119
GLN_31_A_OE1,GLU_26_C_CB,3041,90,55.301,0.199,46.408,55.499,1.63,42.626,55.400000000000006,0.9145,44.517,55.43715524143701,0.9146056970993408,44.860110748062,11.874718814540218,4.331179747825515,4.048516888936,3.613386551152406,2.4774418506036238,2.47445380282756
PHE_28_A_CE2,ARG_35_C_HD3,1375,4730,40.62,-6.189,50.469,39.533,-8.677,51.248,40.0765,-7.433,50.8585,39.61278265168831,-7.434319156510219,46.576293772426006,4.677264636447719,-12.138709492779087,2.82463342754418,4.366958758969311,2.3024085592295704,3.5833520683091087
GLN_54_A_HG3,GLN_54_C_HE22,9597,9680,52.425,-31.732,44.881,51.882,-31.16,49.352,52.1535,-31.446,47.1165,51.95111593847725,-31.44657573056797,45.24758072887549,-20.15566330562704,-1.4656545294573258,4.5400301761111646,2.728951396810912,2.6988043501449805,2.700086839202245
ARG_35_A_HG2,PHE_28_C_HE2,4623,1720,62.659,-3.98,39.54,61.68,-3.734,38.989,62.1695,-3.857,39.2645,62.69054669677311,-3.855517756248114,44.076115131291104,6.598524104060657,11.2696366273299,1.150025217114825,3.9074978257722974,1.9607234517586258,3.3681818137990263
LEU_30_A_H,LEU_30_C_HB3,2433,2580,49.978,-7.331,45.088,49.441,-9.019,42.279,49.709500000000006,-8.175,43.6835,49.90212462449376,-8.174452032518614,45.462295573627856,3.2040109671818966,-1.867931989571033,3.3208724757207984,2.1117681612312142,1.6480188851685555,2.413752729519797
GLU_26_A_HG2,GLN_31_C_OE1,423,3060,47.172,1.892,43.945,47.304,0.474,42.746,47.238,1.1829999999999998,43.3455,47.49513995425875,1.1837314969904242,45.72006355146922,12.71048082018119,-3.617974685946371,1.8616522231609205,2.783584583874825,2.4482604386965505,2.577645462281206
ARG_33_A_HG2,TYR_27_C_HH,3908,1100,62.19,-0.085,49.324,63.459,3.872,47.888,62.8245,1.8935,48.606,62.33790523537326,1.8921157631282663,44.11253185830567,12.356822127840864,11.324199624796616,4.396624386958706,3.2468734206796177,2.8758428991698306,2.877509158007552
GLU_26_A_HG2,GLN_31_C_HE22,427,3350,47.057,2.239,43.736,48.451,0.743,40.527,47.754000000000005,1.491,42.1315,48.13508853331639,1.49208409879752,45.6506689432495,12.97234115705864,-2.9540015791871355,3.805119314817864,2.6230675788688247,2.7037113761342377,2.6054805194300763
PHE_28_A_CE2,PHE_38_C_HB3,1380,5190,40.939,-6.402,50.046,40.245,-8.487,49.695,40.592,-7.4445,49.8705,40.22805783184736,-7.445535321801545,46.50966947551317,4.622126301343791,-11.522196791673352,2.2253228979184128,4.326262522100754,2.0611806299499076,3.5016655555467113
LEU_30_A_HG,PHE_38_C_CZ,2587,5100,49.556,-8.401,49.906,47.881,-7.17,52.05,48.7185,-7.7855,50.978,48.14183716683516,-7.78714045734614,45.652796652789576,3.7160850893674886,-3.606521344307333,2.9862555148546788,3.0501874606532176,1.75423561506312,2.627802160676451
LYS_51_A_HZ2,LYS_40_C_HZ2,9084,5640,43.174,-22.976,44.47,39.734,-20.403,43.029,41.454,-21.6895,43.7495,41.73569270277522,-21.68869865675912,46.350796351059536,-9.692735366018336,-11.02155639750053,4.531049547290338,2.3487925711342665,3.351120125398687,2.6896288512332234
LEU_48_A_CA,LEU_48_C_HA,7642,7810,53.071,-20.798,44.665,53.31,-20.386,45.457,53.1905,-20.592,45.061,53.19574733220136,-20.59198507269038,45.10945658397871,-9.417411360495215,0.5543130689469749,0.9241909975757197,1.3377482570250552,1.2665414241469857,2.202506473972826
LYS_51_A_HB2,LEU_50_C_HB2,8790,8330,50.274,-25.217,46.443,50.912,-26.073,48.793,50.593,-25.645,47.618,50.35483424619368,-25.64567752027348,45.418654045276696,-14.255399131747811,-2.6550594417304083,2.5811392833398217,2.8082747017148724,1.8754577642555887,2.615245770949501
PHE_28_A_HZ,ARG_35_C_HB2,1744,4560,38.555,-4.645,49.104,35.885,-5.414,48.784,37.22,-5.0295,48.944,36.99422910858202,-5.030142260080018,46.85911462584924,7.26241494794542,-14.595104149494022,2.796902036182177,3.606589142527931,2.3463872751797323,3.4693163191355283
TYR_27_A_CE2,ARG_33_C_CG,722,3640,41.101,-1.375,41.306,41.268,-1.435,41.296,41.1845,-1.405,41.301,41.73072079278537,-1.4034461424239493,46.34508577555252,10.541607188997183,-9.585273602508192,0.1777329457360129,3.037310524131535,2.120687753317371,2.854463164689831
LEU_50_A_HD11,LEU_50_C_HD21,8385,8510,54.531,-26.558,45.777,54.801,-26.721,45.39,54.666,-26.6395,45.5835,54.59841933908121,-26.63969224958725,44.95942516625994,-15.550030779331442,1.531932292566178,0.4992374184694113,2.1014401219835923,1.5317174694351887,2.5446535352792066
PHE_28_A_HE2,ARG_35_C_HH21,1722,4810,40.392,-4.965,51.683,37.192,-6.093,54.702,38.792,-5.529,53.1925,38.09329026040562,-5.530987649384038,46.74025229123709,6.684326845126745,-13.527994071102915,4.541667645259834,2.39047992146567,2.6455335907463353,3.401038597091422
LEU_48_A_HD12,LYS_40_C_HD3,7963,5510,47.622,-17.468,42.887,43.465,-16.749,44.005,45.5435,-17.1085,43.446,45.81012651363097,-17.107741516189694,45.9081673553163,-5.414401410690333,-6.608172412694917,4.36434806128017,2.490891556393923,2.4374078184852395,2.6727901192962045
LEU_30_A_HD11,ILE_32_C_CD1,2617,3420,48.99,-9.695,45.618,48.919,-9.523,45.563,48.9545,-9.609,45.590500000000006,48.95180864141612,-9.609007656222504,45.56564660055212,1.840964015702597,-2.9233156866322325,0.1940360791193248,2.316480264646584,1.2474249416244838,2.3503567957382323
GLY_34_A_H,TYR_27_C_HA,4252,900,61.824,-1.942,45.074,61.832,0.599,43.847,61.828,-0.6715,44.4605,61.79675017786144,-0.6715888977012967,44.17192295309948,9.838252435044373,10.59910350089467,2.8217501661203093,2.356477282802538,2.12690165546891,2.7664480644646248
THR_29_A_OG1,THR_29_C_CG2,1849,1980,50.832,-2.616,44.668,50.771,-2.561,44.664,50.8015,-2.5885,44.666,50.87612231811772,-2.588287718710309,45.35510114431361,8.7064829785944,-0.4938156708598948,0.082231380871295,2.009857623934876,1.6618027460934937,2.551111363942582
PHE_28_A_CE2,GLU_39_C_HB2,1381,5420,41.384,-6.511,50.046,40.968,-9.984,49.956,41.176,-8.2475,50.001000000000005,40.79134739783412,-8.248594237656123,46.44891859859394,3.780859820918364,-11.014102178985764,3.498983423796117,2.164984132336298,2.2409807055256197,3.34375414208532
LYS_51_A_HZ3,LYS_40_C_CE,9146,5490,43.551,-21.716,45.597,40.335,-18.962,44.757,41.943,-20.339,45.177,42.06618901983003,-20.33864955894342,46.31459122837544,-8.369706236137494,-10.59404602979573,4.3165694712352325,2.26291566140019,3.2974750112848996,2.667477618633385
LEU_50_A_CD1,LEU_50_C_HD21,8168,8530,54.309,-28.011,45.441,54.585,-28.134,45.09,54.447,-28.0725,45.2655,54.41604181931488,-28.07258806805642,44.97961612136816,-16.96627772368006,1.2471442071519054,0.4631479245338377,2.500210765854472,1.651246972574658,2.6116101970463395
GLU_43_A_HB3,LYS_51_C_HZ2,6340,9050,61.532,-18.943,42.768,62.368,-22.043,44.58,61.95,-20.493,43.674,62.00217207773362,-20.49285158386624,44.15578399404242,-9.94759149393566,9.39690005931524,3.686765520073115,2.9443576956448703,2.809200891438485,2.7467017414307713
PHE_38_A_HE1,LEU_30_C_HD11,5326,2630,54.424,-7.359,43.132,54.443,-7.429,43.294,54.4335,-7.394,43.213,54.62170416538786,-7.393464607587089,44.95097476418241,3.645894295087429,2.9227423361808675,0.1774964788383129,2.2029339662154417,1.1899793834634842,2.4334435980145885
ALA_47_A_HB3,LYS_51_C_HZ1,7618,9020,58.352,-21.181,44.956,59.943,-20.448,46.098,59.1475,-20.8145,45.527,59.03383114468903,-20.814823358638705,44.47732290280705,-10.056714186139605,6.395868032422845,2.091108318571756,2.792557073944753,2.1146950105856686,2.701003159794461
THR_29_A_OG1,GLN_31_C_O,1880,2870,49.814,-4.738,43.454,49.112,-7.003,40.893,49.463,-5.8705,42.1735,49.82002737841785,-5.869484348995608,45.47047577380199,5.509017905246899,-1.7865322902733345,3.4902363816796127,2.2635812042107686,2.0198863700218905,2.5940185175027177
TYR_27_A_CE2,ARG_33_C_CZ,728,3710,42.195,-0.343,41.006,43.749,-1.455,37.822,42.972,-0.899,39.414,43.69945932943634,-0.8969305654320683,46.13173631536706,10.90621119108582,-7.574037323685531,3.713396827703712,2.5504618869935487,2.7161451417410287,2.7581304569628697
ARG_35_A_CG,PHE_28_C_HZ,4382,1760,63.941,-2.678,40.566,62.977,-0.797,41.251,63.459,-1.7375,40.9085,63.789066427193845,-1.7365610459629717,43.9565043828176,8.633655982995947,12.522340943869834,2.221864532324148,3.525202251183096,2.097598794499491,3.320922388298385
PHE_28_A_CD2,PHE_38_C_HB3,1277,5210,42.811,-6.758,50.128,42.947,-8.912,50.392,42.879000000000005,-7.835000000000001,50.260000000000005,42.44687303790018,-7.836229289991782,46.26951576441191,4.073924646818787,-9.323803868121422,2.1743753125898038,3.383311287889119,2.0217076122371735,3.2455244004744044
LEU_30_A_CD1,PHE_38_C_CE1,2283,4990,48.479,-9.929,48.765,48.472,-9.765,48.581,48.4755,-9.847,48.673,48.14843549923368,-9.84793041432894,45.65271696099123,1.6600318495318749,-3.746320722359865,0.2465785878781832,2.0972129403598503,1.258302576738155,2.3840342581320724
ASN_45_A_HD22,LEU_30_C_CD2,7199,2410,52.789,-12.521,41.343,50.781,-10.993,40.256,51.785,-11.757,40.7995,52.26237293744192,-11.75564199685321,45.20780901201285,-0.5367265175449989,0.2456763326654159,2.747438261362759,1.39561645182881,1.7025836942441854,2.086627687922259
LEU_48_A_HD12,ILE_41_C_CD1,7964,5740,47.878,-17.084,42.471,46.525,-14.356,42.456,47.2015,-15.72,42.4635,47.5540245102934,-15.718997158496531,45.7188939567864,-4.153737331443694,-4.759837591166064,3.0451302106806537,4.716109384506359,2.050041272505185,2.8732016933976277
LYS_51_A_HZ3,GLU_43_C_HB3,9140,6340,43.935,-21.46,46.013,43.002,-18.004,46.376,43.468500000000006,-19.732,46.1945,43.46508014987035,-19.732009728593457,46.16291933221631,-7.864525510299042,-9.14742753281791,3.598081989060282,2.798723390821223,3.0048920646751025,2.792509110694351
LEU_48_A_HD12,TYR_44_C_HB2,7960,6780,47.532,-17.92,42.887,46.788,-18.188,43.313,47.16,-18.054,43.1,47.44495521303461,-18.053189375757103,45.73142406096986,-6.474239482617295,-5.035112342340012,0.8982405023154989,3.3270753406620672,1.8336196339412631,2.853968822259874
GLN_31_A_OE1,GLU_26_C_CD,3034,190,54.811,0.269,46.573,53.61,2.137,42.473,54.2105,1.203,44.523,54.260790618876015,1.2031430638675351,44.98740962824336,12.24655740598416,3.1714260653381454,4.662812992175433,3.240748854298165,2.500160074492808,2.4604706131192744
ALA_47_A_HB3,LYS_51_C_HE2,7628,8930,58.508,-22.084,44.148,62.046,-23.988,44.21,60.277,-23.036,44.179,60.29459483766821,-23.035949947215173,44.34147984620439,-12.362286757480984,7.502989013310353,4.018271270086177,2.9344737170043884,2.379920448072963,2.76113879929892
GLN_54_A_HG3,GLN_54_C_HE21,9602,9650,52.22,-32.087,44.809,52.108,-33.106,46.744,52.164,-32.596500000000006,45.7765,52.10495799771712,-32.59666795930101,45.23127556363868,-21.313838299247404,-1.3930180623821145,2.1897785276141524,2.82240539008619,2.5083427420935163,2.645644199630084
TYR_44_A_CE2,LEU_48_C_HD11,6619,7940,54.469,-15.622,48.375,54.206,-16.733,49.657,54.337500000000006,-16.177500000000002,49.016,53.90598702704997,-16.178727543350675,45.03118565830405,-5.066041112568877,1.580464007006128,1.7166869254468011,2.497732168516395,1.601827381347956,2.398247402401295
TYR_27_A_CG,ARG_33_C_O,530,3600,40.864,-2.849,43.147,39.981,-6.081,40.616,40.4225,-4.465,41.8815,40.9155204222922,-4.463597483785962,46.434305993451375,7.547421125620592,-10.620593814450006,4.198984877324517,2.6652078387623823,2.510899742581087,2.8266474133301833
ARG_33_A_HG2,TYR_27_C_CZ,3887,780,61.727,0.053,49.56,62.224,1.357,49.725,61.9755,0.705,49.6425,61.387843950064536,0.7033282697814435,44.215779593987136,11.238904005139648,10.286533341235357,1.4052224023264075,2.6940493914590147,2.393090452588424,2.7890299510606407
PHE_28_A_HD2,PHE_38_C_HE2,1672,5330,44.604,-5.465,51.084,47.029,-6.04,52.467,45.816500000000005,-5.7525,51.7755,45.18804646808117,-5.754287788554857,45.97203450982199,5.954796345817332,-6.425644290307538,2.850252444959921,3.0583107826418634,1.949548914407303,3.0373627357266844
TYR_27_A_CD2,ARG_33_C_HG3,618,3960,42.668,-0.978,41.547,42.905,-1.263,40.844,42.7865,-1.1204999999999998,41.1955,43.32543527588598,-1.1189668678444735,46.17230753817092,10.71145341613073,-7.965073825098844,0.7947345468771286,2.278157993655644,2.211858805545241,2.6470260167016093
PHE_28_A_CE1,ARG_35_C_HA,1301,4520,40.9,-6.46,48.149,40.846,-6.493,47.951,40.873,-6.4765,48.05,40.70062469677149,-6.4769903633739005,46.45819714929249,5.5544670086598105,-10.979252057682997,0.207867746415841,3.782943535522937,1.5881648185242343,3.232508661736277
LEU_48_A_HG,LEU_48_C_HB2,7891,7830,51.094,-18.894,45.132,51.877,-18.248,46.533,51.4855,-18.571,45.8325,51.427865893117946,-18.571163954200937,45.30027679914375,-7.275413462867883,-1.0758342055850905,1.730088437045924,1.6991508140797156,1.2910265407633714,2.2905402203700027
ALA_47_A_HB3,LYS_51_C_HE2,7621,8900,58.252,-22.468,44.564,60.494,-24.681,45.384,59.373000000000005,-23.5745,44.974,59.31599836581132,-23.574662154978903,44.447617379652925,-12.829734138305955,6.482881166222184,3.2552009154582136,3.472646575297114,2.235108594098668,2.776074078090742
THR_29_A_CB,GLN_31_C_HE22,1841,3320,49.371,-2.411,44.31,49.088,-0.084,42.282,49.2295,-1.2475,43.296,49.468935478701376,-1.246818867685982,45.50707125219742,10.145080233872925,-1.8103438058005723,3.0996454635974136,3.6481913773935055,2.0668809138019757,2.6456197291498613
THR_29_A_OG1,THR_29_C_HG21,1886,2150,50.367,-3.786,43.289,50.95,-3.215,41.813,50.6585,-3.5005,42.551,50.96118718447337,-3.499638932861985,45.3461702714548,7.791358563050493,-0.4732212155554477,1.6865663343017383,2.85005904235506,1.8508090629950558,2.70511981394265
LYS_51_A_HZ3,LYS_40_C_HZ2,9146,5620,43.551,-21.716,45.597,40.787,-19.553,44.146,42.169,-20.634500000000003,44.8715,42.32227822079508,-20.63406396291066,46.2869504980887,-8.682667103766448,-10.358099310755284,3.797850181352605,2.2023747702168843,3.274453937646038,2.6563838393293118
PHE_38_A_CG,PHE_28_C_HB3,4919,1610,57.972,-5.213,41.546,58.042,-5.545,41.284,58.007000000000005,-5.379,41.415,58.34616597646643,-5.378035160087218,44.54703433491027,5.390183488840273,6.802715882352269,0.4286817000992696,2.441149801890887,1.3542839872826375,2.77939016471466
LEU_30_A_HD22,ASN_45_C_ND2,2752,7140,50.371,-12.083,49.754,49.448,-13.132,49.481,49.9095,-12.6075,49.6175,49.46481170631907,-12.608765023747251,45.51101792107242,-1.1878573158442387,-2.621749702463955,1.4236779832532356,2.4659563434525325,1.5835783826415442,2.3574216186116512
LYS_51_A_HG3,ALA_47_C_CA,8873,7420,48.205,-23.988,47.29,48.602,-23.304,48.163,48.4035,-23.646,47.7265,48.17903288316801,-23.64663855117687,45.653654355809394,-12.105989680901809,-4.696023069499288,1.1779617990410367,2.4633140612874187,1.9680285310678334,2.7572895327245424
PHE_38_A_CZ,THR_29_C_O,5148,1820,54.76,-5.417,41.025,53.332,-3.045,41.827,54.046,-4.231,41.426,54.42986136919408,-4.229908013198045,44.97077474623857,6.815159684659565,2.95503651682458,2.882494058970458,3.051523050062313,1.598886408000128,2.75166956388699
THR_29_A_HG22,THR_29_C_CG2,2135,1960,50.642,-1.846,44.907,50.805,-1.952,44.735,50.7235,-1.899,44.821,50.78241335460883,-1.8988324066685136,45.3650364370919,9.400889737462723,-0.5388485524591842,0.2595939136420534,2.2274710029149944,1.7795843474651178,2.527259985060083
GLN_54_A_HG3,GLN_54_C_CD,9603,9480,52.63,-32.087,44.809,54.019,-32.788,48.24,53.3245,-32.4375,46.5245,53.17194020846676,-32.437933993343,45.11568384990434,-21.23172247079789,-0.3112297536049095,3.767291201911529,2.8215050525428467,2.628289220995023,2.6510456671238827
GLN_31_A_OE1,GLU_26_C_HG2,3019,430,55.074,1.049,47.169,54.829,2.56,46.724,54.9515,1.8045,46.9465,54.73378472288398,1.8038806560694172,44.9360043416026,12.81198975524702,3.688666666038165,1.594105078092407,1.942130077962775,2.3596641129246967,2.276927968925022
ALA_47_A_HB3,LYS_51_C_HG3,7614,8860,57.626,-22.734,43.552,57.937,-22.847,43.419,57.7815,-22.7905,43.4855,57.90223946256612,-22.7901565273034,44.60047074758371,-11.946223085192772,5.120186891091404,0.3566216482492342,2.733543852363282,1.7977149847343128,2.6690646516399505
TYR_27_A_HB2,ARG_33_C_HA,881,3790,42.974,-3.848,44.374,42.767,-4.352,44.279,42.8705,-4.1,44.3265,43.07343582505055,-4.099422699806795,46.20051454138664,7.756530723058315,-8.42966848982892,0.5530732320407467,1.9250239378846383,1.5785917907423752,2.480727135907502
THR_29_A_HG22,THR_29_C_CG2,2162,1950,51.118,-1.317,45.197,52.068,-0.519,43.306,51.593,-0.918,44.2515,51.70275890224063,-0.9176877641714888,45.265070564952346,10.313812429827838,0.454250672142136,2.2616774747960884,2.963339325191169,2.0595418937383574,2.5425985998415683
ASN_45_A_OD1,TYR_44_C_CE2,7041,6640,50.965,-15.544,42.074,50.858,-15.473,41.933,50.9115,-15.508500000000002,42.0035,51.27025190351512,-15.507479443165543,45.31640093195708,-4.208212800874239,-1.01629397043758,0.1907118244892037,2.0308644875093917,1.3554074850417777,2.411551519263986
PHE_38_A_CD2,PHE_28_C_CD2,4977,1300,58.344,-4.558,39.952,58.436,-2.435,40.377,58.39,-3.4965,40.1645,58.85851094699922,-3.495167206935231,44.49097280122496,7.231695062511293,7.450533076807488,2.167075910068681,2.741198968492631,1.8271023883201813,2.980273942438041
LEU_30_A_HD13,PHE_38_C_CE1,2659,4980,48.437,-10.354,49.022,47.947,-9.898,50.441,48.192,-10.126,49.7315,47.7549349524396,-10.127243337574017,45.695414925045895,1.40953345437703,-4.160967631884355,1.568947736541917,2.332806973269029,1.5220513949373795,2.440127855224321
PHE_38_A_CZ,LEU_30_C_HA,5129,2480,53.952,-6.377,40.737,53.253,-6.355,41.052,53.6025,-6.366,40.8945,54.04846090167359,-6.364731356010536,45.01273400041864,4.712975799988638,2.420695319008854,0.7670136895779605,3.4952729262048545,1.4718217713456105,2.718176742882237
TYR_44_A_OH,TYR_44_C_HE1,6671,6850,51.558,-12.959,46.146,51.551,-13.106,46.18,51.5545,-13.0325,46.163,51.46050871662258,-13.032767381010917,45.29503579619808,-1.7533453383309634,-0.6495792913207397,0.1510430402236394,2.664932950944747,1.1855037315288197,2.2809968426031437
PHE_38_A_CE1,THR_29_C_C,5030,1800,55.42,-5.83,42.233,55.469,-5.232,42.298,55.444500000000005,-5.531000000000001,42.2655,55.72233947946376,-5.530209618187751,44.8312136908019,5.425819544364274,4.159401574530907,0.6035147057031837,3.014205213581454,1.223519732063893,2.63704970740796
ALA_47_A_HB3,LYS_51_C_CD,7617,8660,58.455,-21.632,44.956,58.702,-21.508,45.021,58.5785,-21.57,44.9885,58.52908905942568,-21.57014056140917,44.53221377692035,-10.77406765965063,5.835791563054967,0.2839190025341738,3.137266498864811,1.9091029700466036,2.7160879500469313
LEU_50_A_CD2,GLN_54_C_OE1,8224,9490,53.541,-28.346,45.449,53.079,-28.424,49.834,53.31,-28.385,47.6415,53.03791745214853,-28.38577400482345,45.12894879814019,-17.180229593296264,-0.1577889044964411,4.409960657420885,3.3662437528798463,2.2886500867206134,2.7099639799321653
TYR_44_A_CB,LEU_48_C_CG,6448,7690,56.452,-17.927,45.529,56.343,-18.207,45.909,56.3975,-18.067,45.719,56.29506431351944,-18.06729140316443,44.77305580323892,-7.120489435776612,3.843258041527131,0.4844388506302896,2.625556313122262,1.4533664477017283,2.460364450023988
PHE_38_A_CZ,THR_29_C_H,5146,2020,55.63,-5.108,41.025,55.378,-4.474,41.292,55.504000000000005,-4.791,41.1585,55.8996122934008,-4.789874584842981,44.811788868043486,6.151620591685052,4.389861496439277,0.7326315581518463,3.1480526675152527,1.3459923504912996,2.759349893589786
PHE_38_A_CG,PHE_28_C_CB,4922,1220,57.926,-5.554,42.307,57.678,-5.723,42.163,57.802,-5.6385000000000005,42.235,58.05578257597765,-5.637778053886705,44.57855978109931,5.151839771582171,6.492917534455182,0.3328678416429015,2.4606072234855865,1.2075348727901054,2.661821783646982
LEU_48_A_CD2,ALA_47_C_HB1,7731,7580,49.519,-20.199,44.955,49.763,-20.112,45.02,49.641,-20.1555,44.9875,49.69524101627167,-20.155345698268576,45.4883896443365,-8.731826281737193,-2.9267444966752363,0.2670767679900314,1.888311617101588,1.4058933409772327,2.490218840536307
LEU_30_A_HD11,ILE_32_C_HG22,2615,3490,48.66,-9.478,45.827,47.018,-9.314,42.717,47.839,-9.396,44.272,47.99035559543924,-9.395569432284972,45.669695979518245,2.1225416295208746,-3.87278298765711,3.52067607143855,3.2482900863288497,1.7962028610251117,2.441381539151078
TYR_27_A_CE2,ARG_33_C_CD,724,3680,40.648,-0.984,41.006,40.287,-2.384,38.972,40.4675,-1.684,39.989,41.16246936724119,-1.6820229910126565,46.40670717271736,10.304325863825204,-10.175196913215428,2.4954913343868776,3.0805486468082584,2.475409321737548,2.9898754225244133
ILE_32_A_HB,PHE_28_C_HB2,3461,1570,58.674,-5.385,44.575,58.865,-5.231,44.46,58.7695,-5.308,44.5175,58.76775215208933,-5.308004972177466,44.50135946690332,5.429921829501992,7.230671707810837,0.2709649423818538,1.684476851474125,1.2043893870880744,2.471613907532088
ARG_33_A_HA,TYR_27_C_CG,3817,540,60.818,-1.257,47.369,60.62,-1.367,47.38,60.719,-1.3119999999999998,47.3745,60.388727688101554,-1.3129395397260242,44.32459437115955,9.29910089301834,9.140857241061097,0.2267708094089718,2.7043183082022333,1.8494077522691477,2.5815978018929
LEU_30_A_CD1,ILE_41_C_HG23,2278,5800,48.614,-10.34,46.053,48.849,-10.347,46.502,48.7315,-10.3435,46.2775,48.65788508324331,-10.343709415492093,45.597701721748095,1.129114635838154,-3.270411817847046,0.5068283733178366,2.248100606655897,1.1665098027135894,2.310550963973856
LEU_48_A_HD22,TYR_44_C_N,8050,6430,47.577,-19.3,44.232,45.274,-17.661,45.972,46.4255,-18.4805,45.102,46.50470015270171,-18.480274695949102,45.83337524045383,-6.833080895421499,-6.0088208883947285,3.31929661223579,1.590737279772351,2.1874620801520575,2.6768360396711612
ALA_47_A_HB2,LEU_48_C_HD23,7572,8090,56.086,-21.657,46.295,56.59,-21.126,49.664,56.338,-21.3915,47.9795,55.99441276857159,-21.39247741724526,44.806637506296845,-10.415795774521287,3.305357265986027,3.447627880151801,2.686344233358015,2.0808101291263728,2.517044671548239
ALA_47_A_HB3,LYS_51_C_HZ2,7620,9070,58.352,-22.083,44.956,61.384,-23.145,46.867,59.868,-22.614,45.9115,59.704884755554666,-22.6144640208899,44.40520932935946,-11.8997416731265,6.941275688740455,3.738019395348291,3.375392320738454,2.4157360500416796,2.778130677069356
ILE_41_A_CG2,LEU_30_C_CD1,5718,2340,54.599,-10.82,43.42,55.118,-11.174,43.775,54.8585,-10.997,43.5975,55.000742283380326,-10.996595357312309,44.91103893472663,0.0247938562263863,3.047030616647646,0.7215968403478517,1.6082934758875946,1.156791422373377,2.1503620311155145
GLN_31_A_HA,PHE_28_C_O,3126,1180,55.678,-4.049,46.001,55.711,-4.265,45.973,55.6945,-4.157,45.987,55.571068738367,-4.157351130172163,44.8471717853202,6.806014144771241,4.105172513903596,0.2202929867244976,1.753761308475008,1.3856084464857765,2.300882678406085
LEU_30_A_HD22,ARG_42_C_HE,2738,6050,50.174,-11.408,50.881,48.696,-11.914,53.591,49.435,-11.661,52.236,48.71551121851925,-11.663046760410356,45.59186785367444,-0.1910048320053226,-3.30633431497868,3.1280377235576955,2.2807736950941795,2.200482027260514,2.3780151383274872
GLN_54_A_HE21,GLN_54_C_CG,9637,9450,54.965,-32.205,44.317,56.084,-31.817,46.053,55.5245,-32.011,45.185,55.48979899355637,-32.011098715432425,44.864552929307,-20.971535857877395,2.0446198527628483,2.1015234949911905,2.2631403146694344,2.466252334062722,2.6078414820881006
THR_29_A_HA,GLN_31_C_O,2020,2890,48.397,-6.355,44.904,47.83,-8.826,41.348,48.1135,-7.5905,43.126000000000005,48.38427561815236,-7.589729713055172,45.62648233595062,3.895679001152884,-3.34925518882062,4.367203453012011,2.7902179090785,1.9075166410367053,2.497389851387156
LEU_30_A_HB2,LEU_30_C_HB3,2516,2550,51.226,-8.864,45.321,50.061,-9.369,41.836,50.6435,-9.1165,43.5785,50.83656857847996,-9.115950769583783,45.361395274731045,2.19814212411362,-0.9972919285247868,3.7091070353927496,2.2655729101574646,1.647552180153076,2.336548274866782
PHE_28_A_HB3,PHE_38_C_CZ,1569,5080,46.675,-5.904,48.741,46.906,-6.333,48.826,46.7905,-6.1185,48.7835,46.47101555180655,-6.1194088510302285,45.83321509336871,5.4989526009855485,-5.164374941302167,0.4945978164124879,2.639182134475128,1.2698507369227556,2.598625122456836
PHE_38_A_HZ,GLN_31_C_H,5370,3100,53.637,-6.27,40.056,51.149,-5.581,40.561,52.393,-5.9255,40.3085,52.9156873262798,-5.92401308907941,45.13526555409989,5.233496889997459,1.3154893018243852,2.630568379647258,3.083617529126613,1.6893794566968647,2.8149642157260306
LEU_48_A_HG,TYR_44_C_O,7893,6470,50.464,-18.348,45.132,50.641,-17.683,45.559,50.5525,-18.0155,45.3455,50.557787321530434,-18.01548495893103,45.39432586616015,-6.65898708037742,-1.9093086254063127,0.8098660383051004,1.4965192891190573,1.1902815113464054,2.372290044632857
ASN_45_A_HD22,TYR_44_C_OH,7183,6710,52.236,-13.522,42.174,51.694,-13.607,42.47,51.965,-13.5645,42.322,52.27738664789766,-13.563611340384869,45.206740141615725,-2.3411992047069723,0.1322831123111129,0.6233819054159284,1.9709590902200924,1.2964054265512983,2.1611940974281296
LEU_50_A_HD12,GLN_54_C_O,8427,9400,56.81,-28.646,45.168,59.516,-29.49,46.127,58.163,-29.068,45.6475,58.048116670909465,-29.06832681350404,44.586607822756655,-18.218947453222423,4.820481225715542,2.9923992046516754,2.7081442811018683,2.265333948024072,2.7380316309865615
TYR_27_A_HD2,GLN_31_C_CG,985,2930,43.769,-1.683,42.836,44.686,-3.106,42.092,44.2275,-2.3945,42.464,44.61400225435015,-2.3934005005594523,46.03316204790584,9.34819525538834,-6.762794907037912,1.849149534245406,1.885519325638486,2.0201993681959802,2.4736808655611857
TYR_27_A_HD2,GLN_31_C_NE2,989,3080,43.972,-0.847,42.444,47.465,-0.227,40.428,45.718500000000006,-0.537,41.436,46.19769048391432,-0.5356368264012714,45.861093177736414,11.088137490932583,-5.041875678679863,4.080405004408268,2.2841822296312846,2.439241990559181,2.560826918071163
LEU_30_A_HD22,ARG_42_C_CZ,2737,5950,50.052,-10.991,50.881,48.397,-11.246,53.822,49.2245,-11.1185,52.3515,48.4950707158343,-11.120575038582135,45.615572102107976,0.3658425193289417,-3.488960991324388,3.3843065759472823,2.0525292212193444,2.1961640618970737,2.4042705242070705
PHE_28_A_HZ,ARG_35_C_HB2,1744,4550,38.555,-4.645,49.104,36.598,-4.875,49.201,37.5765,-4.76,49.1525,37.32427152023012,-4.760717525109557,46.8232915483979,7.507583104310985,-14.2448277596491,1.9728552911959871,3.95648651925258,2.2380206128956104,3.4947219364240985
TYR_44_A_CE2,ASN_45_C_OD1,6622,7060,53.6,-15.289,48.014,53.338,-15.424,48.107,53.469,-15.3565,48.060500000000005,53.14979762556954,-15.35740804860297,45.11281990862727,-4.192780924493466,0.880129145591763,0.3090598647511506,2.1388231738845747,1.308705507030426,2.3375929006839633
ALA_47_A_HA,LYS_51_C_CB,7511,8610,56.89,-23.38,44.178,56.701,-23.342,44.079,56.7955,-23.361,44.1285,56.8588636785194,-23.36081974664236,44.71363303361546,-12.44091339599442,4.032815410860144,0.2167164045475085,2.884381631973315,1.5216260045398944,2.6026118773224103
LEU_50_A_CD1,ASP_52_C_C,8180,9150,56.863,-27.235,45.582,60.02,-26.398,49.16,58.441500000000005,-26.8165,47.371,58.13884099176863,-26.817360986983854,44.576089922560605,-15.98015093845108,5.071437090817891,4.844512565779966,3.224070056937033,2.393156103748576,2.7995219702057783
TYR_27_A_CE2,ARG_33_C_HH11,732,4070,41.641,-0.513,40.779,42.297,-1.742,36.687,41.969,-1.1275,38.733,42.78098258932492,-1.1251901185112183,46.231267885271706,10.744137395421983,-8.511768929137968,4.322642825864756,3.2491450434188014,2.7881338807468703,2.883125726217785
ARG_33_A_HA,TYR_27_C_HB2,3825,930,59.689,-1.633,47.423,59.115,-1.34,47.264,59.402,-1.4865,47.343500000000006,59.09031640684236,-1.4873866596053391,44.4652522300779,9.217843129707084,7.825758209766316,0.663781590585335,2.0643641100168844,1.8128289127905393,2.442890188081762
LEU_50_A_HD13,LYS_51_C_CG,8464,8640,57.246,-26.005,44.291,57.643,-25.868,44.392,57.444500000000005,-25.9365,44.3415,57.47762797360472,-25.936405759441158,44.64742087053355,-15.054190110270603,4.470629786319793,0.4319479135266197,2.8618790781776737,1.6685756798325908,2.704403256712067
LEU_50_A_HB3,LEU_50_C_HB3,8302,8340,53.483,-24.933,44.678,53.331,-24.675,45.83,53.407,-24.804,45.254,53.389219232998585,-24.804050581705933,45.08980318601041,-13.63265223205564,0.4491566168637078,1.190282319451986,2.2639614672084822,1.4683525399687913,2.438459312805372
ALA_47_A_HB3,LYS_51_C_HZ1,7618,9010,58.352,-21.181,44.956,60.15,-20.588,45.562,59.251,-20.884500000000003,45.259,59.164818984286576,-20.884745162809526,44.46315985399228,-10.13581604456949,6.522321030669635,1.987885560086395,3.101403497082691,2.120107486317522,2.7132835472266454
TYR_27_A_HD2,GLN_31_C_CG,986,2940,44.025,-1.299,42.836,45.4,-2.427,42.346,44.7125,-1.863,42.591,45.0797699140548,-1.861955211617816,45.98256065411845,9.845026619134227,-6.2577278768165385,1.8447517448155464,1.6180870498685276,2.072608064889326,2.459678993071779
LYS_51_A_HZ3,GLU_43_C_HB3,9127,6360,44.067,-21.85,46.724,43.885,-20.576,47.735,43.976,-21.213,47.2295,43.855966324179576,-21.21334146491495,46.12104685286582,-9.37003550346295,-8.86049778652115,1.6365576677893172,3.5829315872576037,2.734660237231315,2.976054932985714
THR_29_A_OG1,THR_29_C_CG2,1870,1940,50.577,-3.102,43.715,51.473,-1.447,42.406,51.025,-2.2745,43.060500000000005,51.268864857482086,-2.2738062672433266,45.31247443054119,8.992115169885082,-0.0774305443619852,2.292448908918149,3.544717495457605,1.9175238668988388,2.6930184657247165
GLU_26_A_OE2,GLU_26_C_CD,268,170,49.822,2.936,45.656,52.26,4.59,44.381,51.041,3.763,45.0185,51.07490737437784,3.7630964577534503,45.33161826104874,15.02761619491258,0.1568937596787833,3.210168998666577,1.284053018327074,2.9060301404922595,2.265864814330637
LYS_51_A_HZ3,GLU_43_C_OE1,9133,6300,43.451,-22.101,46.405,41.225,-20.492,47.582,42.338,-21.2965,46.9935,42.26221465642307,-21.2967155897978,46.29365887607932,-9.339353592161112,-10.465443004917514,2.988191091613786,3.385261568823623,3.090336030323874,2.898126127629068
TYR_44_A_CG,LEU_48_C_HG,6481,7880,54.959,-17.161,45.38,54.557,-17.525,45.883,54.758,-17.343,45.6315,54.68390882797739,-17.34321077031575,44.9473037338939,-6.283150180758158,2.2782212768466787,0.7396681688432989,1.9057980555407343,1.2150985925557314,2.3513094481143098
GLY_34_A_H,TYR_27_C_HB3,4235,950,61.452,-1.791,46.337,61.702,-1.578,46.303,61.577,-1.6845,46.32,61.34966274301532,-1.6851467159869236,44.22064999473544,8.85919257081499,10.078524273257846,0.3301893396219816,2.332836382824917,1.8231333669473508,2.6458435850770576
PHE_38_A_CE1,PHE_28_C_HB3,5002,1580,56.117,-5.81,42.414,56.052,-5.108,42.556,56.0845,-5.459,42.485,56.33142507365596,-5.458297561715913,44.76523405206527,5.454041484766271,4.775610499917602,0.7191613170909559,2.960789841352777,1.1871847197844079,2.6092519444573727
LEU_48_A_HD13,TYR_44_C_CD2,8001,6560,49.925,-16.515,43.426,49.859,-16.947,43.058,49.892,-16.731,43.242,50.13004703937386,-16.73032281743853,45.4402496841528,-5.346518346736198,-2.247152227059786,0.5713177749729127,2.856709883394681,1.263242708048089,2.5981666143142665
TYR_44_A_CE2,ASN_45_C_OD1,6594,7110,54.224,-14.734,48.902,53.763,-15.389,50.063,53.9935,-15.0615,49.4825,53.51600596456336,-15.062858347639418,45.07307270636796,-3.925134713256119,1.26847618057988,1.410484668473926,1.859717387842989,1.629900719177318,2.344711696586086
THR_29_A_OG1,GLN_31_C_HB3,1878,3210,49.291,-4.018,43.454,47.383,-4.635,39.125,48.337,-4.326499999999999,41.2895,48.801645788693726,-4.325178202315843,45.5802799270493,7.122166593968217,-2.69855794622221,4.770890273313775,2.8482524771368114,2.242882818340372,2.64186560877807
PHE_28_A_HE1,GLY_34_C_HA3,1697,4330,39.757,-5.048,46.055,37.748,-7.331,43.515,38.7525,-6.189500000000001,44.785,38.95415989643575,-6.188926329495324,46.64723195555036,5.966557024960336,-12.7110246070868,3.962293527743748,2.4342995034826247,2.3573120902586964,2.996487199979755
PHE_38_A_CE1,LEU_30_C_HG,5015,2620,54.329,-8.092,40.619,54.141,-8.507,40.531,54.235,-8.2995,40.575,54.70789098526808,-8.298154746853635,44.9419203437209,2.737333976776485,2.9449357254623645,0.4640183186039107,2.358364850029653,1.4342310393120787,2.497893870216727
ARG_33_A_CG,TYR_27_C_CE2,3640,740,60.825,0.291,50.119,60.902,1.025,49.972,60.8635,0.6579999999999999,50.0455,60.24559953635255,0.656242232208356,44.3394870093592,11.273530098745583,9.137166579122328,0.7525250826384455,2.51877859340742,2.3216335699494057,2.7473757101433987
LEU_30_A_HD22,ASN_45_C_ND2,2752,7130,50.371,-12.083,49.754,49.894,-13.399,49.861,50.1325,-12.741,49.8075,49.66489489222939,-12.742330216185296,45.48939218749083,-1.3353773611200512,-2.430494766554315,1.403863953522563,2.8169063747160217,1.6234332613698295,2.375786233940511
LEU_30_A_CD1,ASN_45_C_HD22,2263,7240,50.825,-12.04,48.068,50.939,-12.382,48.192,50.882000000000005,-12.211,48.13,50.58524008243514,-12.211844205589143,45.38956518185634,-0.8719743656512344,-1.4694152841921293,0.3812295896175955,2.464805573713527,1.294764312368668,2.3135597279327462
THR_29_A_HG22,THR_29_C_HG22,2158,2190,51.405,-1.283,45.516,51.734,-1.226,45.562,51.569500000000005,-1.2545,45.539,51.54173584711748,-1.254578981869364,45.28261142879448,9.98927485299359,0.2687590012508791,0.3370548916719654,1.8190369201947625,1.9091806623322103,2.441835120919959
LYS_51_A_HA,LEU_50_C_CD1,8742,8220,49.818,-27.81,45.073,50.198,-28.821,47.297,50.008,-28.3155,46.185,49.93008284464825,-28.31572165425364,45.46547262174489,-16.88835453517624,-3.2709224566746613,2.4723869033789985,2.149780989180599,1.8727465778860266,2.585095893908289
LEU_50_A_CD1,GLN_54_C_O,8184,9390,57.091,-27.694,45.282,59.954,-28.214,47.042,58.5225,-27.954,46.162,58.34834400048944,-27.95449542899653,44.55375327731704,-17.12937688152772,5.200839205773204,3.400701251212758,3.099937383257594,2.235915211889248,2.7887799349050075
TYR_27_A_CD2,ARG_33_C_CZ,613,3700,42.33,-1.84,41.774,43.405,-5.267,38.369,42.8675,-3.5535,40.0715,43.52588309352596,-3.551627069545261,46.15135056735743,8.270622613417258,-7.936804200298835,4.949139218086315,4.202462503378909,2.708175526458395,2.8193537154116277
TYR_44_A_CZ,LEU_48_C_HB2,6648,7840,52.964,-15.453,46.685,51.87,-17.006,46.786,52.417,-16.2295,46.7355,52.25184010278999,-16.22996983740079,45.21032794647828,-4.99899440284252,-0.0827931943507242,1.9023264704040697,2.526740752344138,1.2197976456899233,2.3285112140772557
ALA_47_A_CB,ASP_52_C_HB2,7459,9260,56.759,-21.513,46.168,58.297,-21.34,50.52,57.528,-21.4265,48.344,57.13160706662406,-21.42762763587684,44.68350229800796,-10.532089554627737,4.443814312001285,4.619012556813417,1.894296105404015,2.2305719285313184,2.544570310806043
LYS_51_A_HE3,GLU_46_C_HB3,8972,7370,46.342,-23.076,47.666,46.405,-21.935,50.098,46.3735,-22.5055,48.882,46.04884630988813,-22.50642355619309,45.88397963551821,-10.81649214364803,-6.7522406911670725,2.687093969328206,1.9218454770467863,2.5217733163475295,2.68659448300078
THR_29_A_OG1,GLN_31_C_HE21,1877,3250,49.436,-3.573,43.454,47.914,-2.827,39.363,48.675,-3.2,41.4085,49.1229539310292,-3.1987256863549614,45.54513866599661,8.222820550111956,-2.296152715019653,4.428236782287054,2.968599134940147,2.280026731132037,2.702281117378512
GLN_54_A_HG3,GLN_54_C_HE21,9598,9620,52.835,-31.732,44.809,53.34,-31.299,45.973,53.087500000000006,-31.5155,45.391,53.05898005965023,-31.515581131890197,45.1276320957788,-20.30363158751609,-0.3590300590381114,1.340675203022718,2.342267324511625,2.2665664047284917,2.634359021559469
LEU_48_A_HG,TYR_44_C_O,7889,6440,49.583,-19.111,45.132,49.525,-18.978,45.179,49.554,-19.0445,45.1555,49.59123102626642,-19.044394087312323,45.499310584437865,-7.616252608139634,-2.9521650713329928,0.1525188512938651,1.8066398698820012,1.3425716359484015,2.4929244083035544
GLY_34_A_H,PHE_28_C_HD1,4241,1630,60.708,-3.277,45.401,60.607,-3.337,45.513,60.6575,-3.3070000000000004,45.457,60.53324437022282,-3.307353475287369,44.309559142804986,7.299404104761813,9.144148274459118,0.1623114290492159,2.288060396523707,1.5399873386415894,2.5973762278697388
LYS_51_A_CB,LEU_50_C_CD1,8598,8230,49.864,-26.436,45.672,49.721,-26.351,45.689,49.7925,-26.3935,45.6805,49.771016013041816,-26.39356111641362,45.48210573444064,-14.959689194550776,-3.293945368192108,0.1672214101124627,2.238168943617897,1.5956603920958707,2.597544458867431
PHE_28_A_CZ,ARG_35_C_HB3,1431,4570,39.243,-5.713,49.053,36.086,-8.676,48.713,37.6645,-7.1945,48.883,37.44017752979683,-7.195138139694437,46.81149009771532,5.071035352645136,-14.301504561427327,4.342996431036989,4.111112434677681,2.6198980093668074,3.471508941663508
TYR_44_A_CE2,ASN_45_C_OD1,6612,7090,54.09,-15.047,48.675,52.92,-16.132,50.429,53.505,-15.5895,49.552,53.02574653671429,-15.59086335275883,45.126325238121,-4.4167849844052025,0.7390808320517827,2.371210872107334,2.297586298640672,1.7369693873118286,2.3615834848022224
PHE_28_A_CZ,ARG_35_C_HA,1437,4510,39.315,-5.721,48.63,39.328,-5.43,48.644,39.3215,-5.5755,48.637,39.10424882954978,-5.576118023666561,46.6307901429895,6.567095438592506,-12.516899249422044,0.2916264734210532,4.38743958225528,1.815948704813358,3.48132941688558
LYS_51_A_HZ3,GLU_43_C_HG2,9122,6420,44.182,-22.197,46.933,43.073,-21.423,49.412,43.6275,-21.81,48.1725,43.4105921057687,-21.810617047134063,46.16946013343264,-9.933987543665488,-9.349781198897771,2.823897661035187,2.8583617060401285,2.883597227031945,2.905594602307888
TYR_44_A_O,LEU_48_C_HG,6446,7890,54.269,-18.552,44.68,53.798,-18.792,45.649,54.0335,-18.672,45.1645,54.017835055502005,-18.67204456273545,45.01984178712925,-7.561046554503829,1.5155312051983352,1.1038124840750805,1.3031946988001677,1.2897789155512858,2.2775829939054457
LYS_51_A_HZ1,LYS_40_C_HZ3,9047,5670,44.571,-21.866,43.693,42.787,-18.51,41.781,43.679,-20.188,42.737,44.04322609285579,-20.18696387050575,46.100452432285664,-8.359628176050384,-8.599694507899267,4.254542983682264,1.618679828052286,3.094686252257466,2.6045140310787573
PHE_38_A_CZ,THR_29_C_O,5131,1860,54.186,-5.692,40.243,53.379,-5.051,40.475,53.7825,-5.3715,40.359,54.28365860445305,-5.370074332752218,44.9869581835888,5.688318404391521,2.727341287643178,1.056387239604873,4.099768492186532,1.4766348534583047,2.9007705379107454
THR_29_A_OG1,GLN_31_C_HE22,1871,3310,50.159,-2.966,43.715,49.85,-0.393,41.502,50.0045,-1.6795,42.60850000000001,50.30855296965056,-1.678635047554667,45.41628263933923,9.654379544070563,-0.9986307102080588,3.407811467789849,3.6810680232235606,2.1145423738294373,2.725996681025027
GLY_34_A_C,PHE_28_C_HE1,4186,1690,63.672,-2.891,43.595,63.526,-1.888,43.244,63.599,-2.3895,43.4195,63.65870235902548,-2.389330162154013,43.97082251262663,7.991848756119272,12.345166448830788,1.0726257502036756,2.799600738313248,1.8997772583929025,3.0588993539015603
LEU_30_A_O,THR_29_C_HA,2234,2050,54.184,-5.886,45.334,54.161,-5.881,45.523,54.1725,-5.8835,45.4285,54.126545256414,-5.883630729418249,45.00413009042681,5.187282839448621,2.5332201560386025,0.1904599695474086,2.2544761773841606,1.2699410786701375,2.426698998768617
ARG_35_A_HA,PHE_28_C_CE2,4519,1360,61.795,-5.176,41.504,61.424,-4.719,41.148,61.6095,-4.9475,41.326,61.91642242440199,-4.9466268846944015,44.16028067106287,5.565469908592778,10.415429166250204,0.6879142388408584,3.731540628473198,1.6868928607675224,3.2044476235539614
LYS_51_A_HZ3,LYS_40_C_HZ1,9146,5560,43.551,-21.716,45.597,41.005,-18.622,45.163,42.278000000000006,-20.169,45.38,42.37557259961351,-20.168722431066104,46.28103593326141,-8.222308527733402,-10.271566105435024,4.030298748231948,2.417012945507925,3.264667008306933,2.6867461888326787
LYS_51_A_HG3,ALA_47_C_HA,8871,7570,48.835,-24.534,47.29,49.241,-24.434,48.02,49.038,-24.484,47.655,48.813859182802894,-24.484637622938383,45.58516757568057,-12.987218048828232,-4.118637689016342,0.8412704678045012,2.730091392371169,1.8490205248365899,2.734144439627167
TYR_27_A_CE2,ARG_33_C_CD,724,3670,40.648,-0.984,41.006,40.464,-1.97,39.345,40.556,-1.477,40.1755,41.22997489007422,-1.4750827148969043,46.3993332941653,10.505921084069286,-10.092765033754477,1.9403538337117807,3.0596219827243734,2.404888416910364,2.980682715216634
PHE_28_A_CD2,GLU_39_C_HB2,1281,5430,42.698,-6.795,49.705,41.691,-10.387,50.195,42.194500000000005,-8.591000000000001,49.95,41.80351237642204,-8.592112259161613,46.339417728955546,3.365908679129515,-10.022997459312498,3.762527474982741,1.7888365289331658,2.2184125831603265,3.2189773309541416
ASN_45_A_OD1,TYR_44_C_HE2,7063,6900,50.882,-14.492,41.092,49.084,-13.466,41.49,49.983,-13.979,41.291,50.42872527059657,-13.977732026320307,45.40705806098252,-2.6222192036620564,-1.7519142922755473,2.108052181517333,1.7043085742050244,1.6973106653740933,2.3262821714044173
ALA_47_A_HB3,LYS_51_C_CE,7627,8690,58.252,-22.468,44.148,59.983,-23.971,43.389,59.1175,-23.2195,43.7685,59.1924778019816,-23.2192867074502,44.460883866474624,-12.466433442731166,6.384201671581714,2.4148397462357583,2.951852837251296,2.112659586301993,2.7466329986486016
PHE_38_A_HZ,LEU_30_C_HD21,5375,2760,53.893,-7.558,39.64,51.435,-9.502,39.262,52.664,-8.530000000000001,39.451,53.27541395849654,-8.5282606846461,45.09711324168049,2.610134680416071,1.4913730851134532,3.156546213822949,1.929632034670712,1.888020792090993,2.4556991894787643
LYS_51_A_HE3,GLU_46_C_CD,8974,7290,45.727,-23.431,47.666,44.773,-23.185,52.298,45.25,-23.308,49.982,44.820657262937246,-23.30922136958812,46.01722674079896,-11.529528760704451,-8.04152973480484,4.735615693867064,1.8664476606326563,2.8308661174750056,2.6127948032743924
ARG_33_A_CG,TYR_27_C_HE2,3656,1070,60.661,0.248,49.391,60.75,3.646,49.211,60.7055,1.947,49.301,60.16907532082807,1.9454740098459815,44.34737661252554,12.564970015589529,9.15198950233396,3.4039278782018862,2.603024504437864,2.610696101977792,2.7169679470629013
LEU_50_A_HD12,GLN_54_C_C,8426,9300,56.522,-29.008,45.168,57.778,-32.031,46.784,57.15,-30.5195,45.976,57.01174513905864,-30.51989329949708,44.69928298979758,-19.59281513198949,3.6775488087302057,3.650687743425888,2.4625198873924035,2.3766917177687743,2.6619404056801237
THR_29_A_HA,GLN_31_C_O,2020,2880,48.397,-6.355,44.904,47.368,-8.903,42.18,47.8825,-7.629,43.542,48.111428104341066,-7.62834875846178,45.65604071390732,3.8766476771033513,-3.625748774412532,3.869279131828048,2.8227245866611077,1.8522870276686716,2.5121502613934115
LEU_30_A_CD2,ASN_45_C_CG,2386,7040,51.884,-12.095,50.186,52.126,-14.418,50.908,52.005,-13.2565,50.547,51.43655658060897,-13.258117075229364,45.297698977723854,-1.9764145703741092,-0.6896217657133397,2.4446220566787,2.702834980830861,1.7471668534358291,2.3939824190252623
PHE_38_A_HZ,LEU_30_C_HA,5367,2490,53.637,-7.174,40.056,51.33,-7.408,40.672,52.4835,-7.291,40.364,52.99924299701658,-7.289532843908922,45.12663802010628,3.865459518828693,1.3023008079611116,2.399262595048739,2.4004258342132747,1.7344618499029505,2.6023539272741205
ARG_33_A_HG2,TYR_27_C_CE1,3914,620,62.058,-0.475,48.613,62.491,0.118,48.173,62.2745,-0.1785,48.393,61.8171467040155,-0.1798010524192456,44.16956272857418,10.327340458069024,10.654509091225982,0.8560011682235007,3.121882768009022,2.1940445962677586,2.7836161188497686
TYR_44_A_HH,LEU_30_C_HB2,6928,2520,53.093,-11.41,45.168,52.781,-10.349,44.479,52.937,-10.8795,44.8235,52.9702859428312,-10.879405310059362,45.13087964020841,0.2867278867384891,1.018186867736036,1.3029911741834643,1.5913929860613092,1.2720314122600298,2.184263296200391
LEU_48_A_CD1,TYR_44_C_HD2,7707,6840,48.744,-16.566,41.974,48.197,-16.235,41.6,48.4705,-16.4005,41.787,48.88074703054668,-16.399332952782306,45.57543361251589,-4.927124602123642,-3.477066201298752,0.7407064195752544,3.4761201032932463,1.5574862358261783,2.8117612353725057
LEU_50_A_CD2,LEU_50_C_HD12,8219,8440,52.386,-29.38,44.682,51.482,-29.802,45.66,51.934,-29.591,45.171,51.94233395916568,-29.590976292031065,45.24796009642419,-18.304126041591708,-1.34262484496039,1.3970626328121427,3.386750452210024,1.9340872161906764,2.646771636318963
LYS_51_A_HA,LEU_50_C_CD1,8719,8250,50.474,-28.157,44.28,50.377,-28.065,44.4,50.4255,-28.111,44.34,50.54021509623697,-28.110673665075133,45.399338627918894,-16.727407889802663,-2.644204079110034,0.1796468758425763,2.202632329137536,1.6516943698583262,2.5344203078862773
LEU_48_A_HD12,TYR_44_C_HD2,7962,6810,47.878,-17.084,42.887,46.761,-16.592,43.151,47.319500000000005,-16.838,43.019000000000005,47.61123617767458,-16.837170085657895,45.713043001399726,-5.273171160077949,-4.781883155557741,1.2487790036671806,3.653827176117173,1.8143829413205015,2.854252529640891
ALA_47_A_CB,LYS_51_C_CB,7477,8620,56.795,-22.926,45.501,56.719,-22.515,45.05,56.757000000000005,-22.7205,45.2755,56.69802057420299,-22.720667781287013,44.73085342732756,-11.79088983839904,3.9169233943745927,0.6148967392985579,3.137556933508525,1.5867071406069548,2.599889119826162
GLN_54_A_HG3,GLN_54_C_HE21,9597,9660,52.425,-31.732,44.881,52.204,-32.053,46.033,52.3145,-31.8925,45.457,52.28788781664954,-31.89257570481252,45.21124931224249,-20.624592530456216,-1.159457486869547,1.2161356832195984,2.4912918432079114,2.3432295065630693,2.6392136232619623
ALA_47_A_HB3,LYS_51_C_CE,7630,8710,58.352,-22.083,43.756,60.129,-23.088,42.951,59.2405,-22.5855,43.3535,59.35845043824048,-22.585164461359803,44.44271545207961,-11.84576956296048,6.5957776120926574,2.194488323049364,3.132170482006378,2.1404759711544084,2.7460682757495807
THR_29_A_C,PHE_38_C_CE1,1772,5020,47.857,-6.134,47.932,47.722,-6.549,48.132,47.7895,-6.3415,48.032,47.53888003143263,-6.342212949309165,45.71764537414664,5.200431569922056,-4.108809800218563,0.4800520805079359,2.9644415739860626,1.2565882452536028,2.5875612226829228
ASN_45_A_HD22,TYR_44_C_OH,7183,6700,52.236,-13.522,42.174,51.999,-13.157,42.469,52.1175,-13.3395,42.3215,52.42816516988841,-13.338616237546756,45.19034312184996,-2.127543167167803,0.2995461353470121,0.525755646664873,1.52627691372801,1.3057902031592952,2.1524630112329253
PHE_28_A_HB3,PHE_38_C_HE2,1592,5300,45.808,-6.145,49.71,47.488,-6.994,52.384,46.648,-6.5695,51.047,46.0879101830444,-6.571093311380379,45.87484047027724,5.075775736600966,-5.58083933203515,3.27008822510953,2.4474656009431226,1.7910746695420485,2.8201262329715466
ASN_45_A_OD1,TYR_44_C_CE2,7060,6620,50.914,-14.692,41.475,48.412,-13.689,41.972,49.663,-14.1905,41.7235,50.066148965862745,-14.18935314494952,45.4463864060033,-2.8074058551209267,-2.1307251916011176,2.7409892374834333,1.6428452554500046,1.6471197776884525,2.4008240144488227
ARG_35_A_CB,PHE_28_C_HZ,4350,1770,64.485,-2.715,41.201,63.901,-1.181,41.586,64.193,-1.948,41.3935,64.46265423387719,-1.9472329031048277,43.883626892609655,8.375400618189385,13.18318771872139,1.685952846315695,3.2994670351273743,2.063210711929687,3.348256543156137
LEU_30_A_HD22,ASN_45_C_CG,2750,7020,50.371,-12.083,50.17,49.652,-14.135,50.924,50.0115,-13.109,50.547,49.46615770645501,-13.110551358471808,45.51102674154821,-1.6884716784733873,-2.656051268607225,2.3013433033773985,2.488881272232205,1.8498436484590366,2.3660902282256138
GLU_26_A_OE2,GLU_26_C_OE1,277,200,49.737,2.7,45.321,52.328,4.796,42.712,51.0325,3.748,44.0165,51.17375465681737,3.7484018331443023,45.3209186793948,15.00589781892304,0.2550238286180775,4.232419875201417,2.389750500524799,2.897690167830631,2.348525415281943
PHE_28_A_HE1,ARG_35_C_N,1692,4340,39.17,-4.917,46.766,38.355,-5.067,46.913,38.7625,-4.992,46.8395,38.74410274382357,-4.992052335458968,46.66961020559003,7.175411129372303,-12.83673819141744,0.8416258075891015,3.353505256073546,1.8991171127986668,3.1982998266158074
ALA_47_A_HB3,LYS_51_C_HZ1,7618,9000,58.352,-21.181,44.956,60.037,-20.629,45.661,59.1945,-20.905,45.3085,59.1036763399139,-20.905258369937897,44.4697872706882,-10.151909851357166,6.459518748364641,1.9081284023880587,3.056637801000664,2.113504569361416,2.7120597710569214
TYR_27_A_CE2,ARG_33_C_NE,728,3690,42.195,-0.343,41.006,43.94,-1.678,38.729,43.0675,-1.0105,39.8675,43.74531608826491,-1.0085717876766511,46.12680490822813,10.791576456451622,-7.535961068272973,3.164171139492931,2.438038282603099,2.627968514319015,2.7314892546995324
THR_29_A_CB,GLN_31_C_CD,1843,2950,49.029,-2.846,44.083,48.687,-2.408,43.422,48.858,-2.627,43.7525,49.05292578423726,-2.6264454863113875,45.55254567483746,8.798656748239615,-2.32575179289176,0.8635560201863026,3.0202449534681466,1.7565689793653598,2.6016950916631942
GLN_31_A_OE1,GLU_26_C_HA,3017,310,55.991,0.964,47.169,56.906,1.878,46.46,56.4485,1.4209999999999998,46.8145,56.22757465760578,1.420371524259869,44.774360935818265,12.322744995333338,5.16014747759774,1.4748905044104097,2.8482949474839776,2.3383756855868465,2.4186527868017134
ALA_47_A_CB,ASP_52_C_OD2,7464,9180,57.127,-21.281,46.028,59.539,-21.105,50.122,58.333,-21.193,48.075,57.95606108227281,-21.19407229420914,44.59415075684975,-10.358017095379862,5.287588569951601,4.754950683235316,2.1755014834470305,2.2821774070509218,2.5756696347790977
LYS_51_A_HZ3,GLU_43_C_HB3,9127,6350,44.067,-21.85,46.724,43.868,-20.602,48.21,43.9675,-21.226,47.467,43.82214465125106,-21.226413498557463,46.1247134069059,-9.38065854175055,-8.8953600626847,1.9507180729157183,3.372100700923005,2.7591935229259716,2.9616842739457065
ILE_32_A_HB,PHE_28_C_CD1,3465,1260,59.678,-5.575,44.212,59.605,-4.879,44.282,59.64149999999999,-5.227,44.247,59.658595172827816,-5.226951368633045,44.404865682211934,5.447135636003768,8.130219210500819,0.7033100312095655,1.6488344002125352,1.3064398715123828,2.5846183780483862
PHE_28_A_HB3,PHE_38_C_CZ,1599,5070,46.239,-6.013,49.391,46.429,-6.229,49.288,46.334,-6.121,49.3395,45.96029575795343,-6.122063092389333,45.88852142783962,5.532786952152122,-5.676972034684779,0.3055568686840507,2.2276120250087645,1.3547916232777728,2.6744532165476578
LEU_30_A_HG,PHE_38_C_HE1,2576,5290,48.983,-8.74,48.756,49.347,-8.91,48.593,49.165,-8.825,48.6745,48.82974948704921,-8.82595370142679,45.57862308363695,2.6307579928710734,-2.990142298304678,0.4335493051545603,2.07511530570392,1.2176911172064302,2.4340900574811615
LEU_30_A_HG,PHE_38_C_CE2,2585,5030,49.434,-8.818,49.906,46.811,-8.546,52.512,48.1225,-8.681999999999999,51.209,47.5280498626412,-8.683691057648698,45.7195394709773,2.8656444946871127,-4.286038255349211,3.707472049793497,2.770108855411149,1.8655790390268032,2.592000357810843
PHE_28_A_HD2,PHE_38_C_HE2,1672,5310,44.604,-5.465,51.084,45.934,-5.707,51.863,45.269,-5.586,51.4735,44.679211194911886,-5.587677797358064,46.02708462801317,6.157332547472473,-6.924324375051075,1.560225945175887,3.191038154147303,1.8666315428880065,3.050796012944611
LEU_48_A_HD12,LYS_40_C_HD2,7966,5500,47.532,-17.92,42.471,42.72,-16.865,42.338,45.126,-17.3925,42.4045,45.50895109821331,-17.391410602684708,45.94086883242748,-5.675839955759599,-6.930498420398661,4.928088676150216,1.882984697935128,2.4674258350506966,2.629652409721563
LEU_48_A_CD1,TYR_44_C_CD2,7707,6570,48.744,-16.566,41.974,48.795,-16.336,41.769,48.7695,-16.451,41.8715,49.16723869723052,-16.449868535771355,45.5444251826113,-4.997997227000146,-3.1932178016280943,0.3122915304647241,3.5861052181597914,1.478407982452556,2.7916050883376147
TYR_27_A_CG,ARG_33_C_O,528,3610,40.75,-3.049,43.508,39.296,-6.73,41.087,40.023,-4.8895,42.2975,40.47613866278392,-4.888210937127498,46.48201716502023,7.155266805590828,-11.09159727571295,4.639517000723243,2.618499350301984,2.4968408649032647,2.811789097096262
TYR_44_A_CE2,ASN_45_C_OD1,6594,7100,54.224,-14.734,48.902,53.123,-15.6,50.659,53.6735,-15.167,49.7805,53.16782226448885,-15.168438523012563,45.11080981904111,-4.005576506019727,0.91163970531525,2.2470438357984897,2.283483130651417,1.7433285474881954,2.353787395206028
ARG_33_A_HA,GLU_26_C_C,3838,50,60.367,-1.457,46.72,60.151,2.56,44.933,60.259,0.5515,45.8265,60.099686889262045,0.5510467952019549,44.35532020174562,11.17902338740966,8.983297309800808,4.401853473254192,2.852085384938763,2.3031031483314433,2.6137002463341408
THR_29_A_OG1,GLN_31_C_HA,1859,3150,48.987,-5.314,44.424,48.949,-5.437,44.618,48.968,-5.375500000000001,44.521,49.07948565417757,-5.375182852006638,45.55051628689873,6.05496878963312,-2.494402427262444,0.2328282628891977,2.6748158474097594,1.3372214880036337,2.574619030486331
LEU_48_A_CD2,TYR_44_C_HA,7741,6730,48.498,-19.791,44.788,48.277,-19.575,45.054,48.3875,-19.683,44.921,48.46337210870749,-19.682784163377733,45.62164235808572,-8.17246379186873,-4.129111038263723,0.4077413395769452,2.370808034024564,1.6303993671020303,2.642452345829295
PHE_28_A_HE1,GLY_34_C_HA3,1697,4320,39.757,-5.048,46.055,38.265,-7.815,43.146,39.011,-6.4315,44.6005,39.229419498728745,-6.430878652740174,46.61749880559826,5.705553742415418,-12.452045607774243,4.2830636231557415,2.3792285555343966,2.3715298672407994,2.9892027857068992
GLN_31_A_HG3,PHE_28_C_H,3226,1490,56.325,-2.199,46.394,56.648,-1.326,45.263,56.48650000000001,-1.7625,45.8285,56.37077490020402,-1.7628292081250527,44.75983447597493,9.137359761668776,5.077654185001107,1.464793159459724,1.7189028272358178,1.8174217687057252,2.300981973652713
LEU_48_A_HA,ALA_47_C_HB2,7776,7600,50.455,-21.843,44.568,50.738,-21.69,44.551,50.5965,-21.7665,44.5595,50.68552989225043,-21.76624673286994,45.3816481478385,-10.409394832153469,-2.0476360239053037,0.3221598981872203,1.5674609337360108,1.3949874636091901,2.4116069840768266
LEU_50_A_HB3,LEU_50_C_HD11,8292,8410,51.979,-25.914,44.558,52.028,-25.929,44.965,52.0035,-25.9215,44.7615,52.05473791997836,-25.92135424130463,45.23465749738091,-14.651807172635252,-0.969121854088886,0.4102133591193767,2.413807295426446,1.4737930814803177,2.517809899273659
LEU_30_A_HD22,ASN_45_C_HB2,2750,7150,50.371,-12.083,50.17,49.246,-15.162,51.235,49.8085,-13.6225,50.7025,49.248883724749945,-13.6240919642761,45.53471339970905,-2.1851940805984595,-2.910530835444612,3.4467507887864475,2.2630803954498413,1.9572004042477995,2.346541693440827
LEU_30_A_HD13,ILE_41_C_CG2,2670,5720,47.904,-10.771,47.895,48.282,-10.722,47.808,48.093,-10.7465,47.8515,47.85832718137485,-10.747167583771857,45.68440961828856,0.7837903438456856,-4.101279270979212,0.3909654716212103,1.8278569797225896,1.1676505951452856,2.3032993703345355
PHE_28_A_CE2,ARG_35_C_HD3,1380,4720,40.939,-6.402,50.046,40.09,-7.916,50.291,40.5145,-7.159000000000001,50.1685,40.1195505034493,-7.160123529670564,46.52133174143859,4.914567724648394,-11.610784340378563,1.7530037079253409,4.502771525675801,2.0359713098268997,3.5549126856488606
LEU_48_A_CD2,ALA_47_C_CB,7748,7510,48.144,-21.508,44.581,48.047,-21.63,44.748,48.0955,-21.569,44.6645,48.202273040731335,-21.56869625817902,45.65049757292112,-10.034958884308343,-4.525067862522806,0.2284337978496141,2.5659828600257533,1.7625158876593634,2.757519333650701
ALA_47_A_CB,LEU_48_C_HD22,7481,8060,57.538,-20.64,45.501,58.774,-20.179,46.339,58.156,-20.4095,45.92,58.0117454943664,-20.409910366942125,44.587879162535394,-9.579814575900864,5.399171962520201,1.5628374835535568,2.558122185554328,1.9345272453050726,2.624729774328301
LEU_48_A_CD1,TYR_44_C_CE2,7706,6610,49.165,-16.368,41.974,49.217,-15.776,41.621,49.191,-16.072,41.7975,49.591761266378455,-16.07085993734004,45.49833715199452,-4.650271082784524,-2.7403628970550047,0.691214149160732,3.391302885391343,1.4662152198581706,2.702341386818325
TYR_44_A_O,LEU_48_C_HG,6425,7910,55.057,-18.056,45.146,55.137,-18.302,45.018,55.097,-18.179,45.082,55.07782244999868,-18.17905455519408,44.90490456817224,-7.145019764284828,2.6140505259884312,0.2886173937932347,1.8709498373086264,1.2342022548900968,2.3496927733832123
ALA_47_A_HB3,LYS_51_C_HE3,7630,8970,58.352,-22.083,43.756,59.697,-22.547,42.824,59.0245,-22.315,43.29,59.15174177430419,-22.314638029899985,44.465016462758506,-11.56116113554782,6.407606413479001,1.700865955917756,3.022641888155549,2.077288886937042,2.7367033700111763
LYS_51_A_HB2,GLU_46_C_O,8788,7270,50.479,-24.862,46.443,50.945,-24.586,49.206,50.712,-24.724,47.8245,50.45032202745516,-24.724744406484508,45.40803003671253,-13.343614321231067,-2.4938234491226745,2.8155818226434177,2.3873177137273096,1.8340026924625623,2.5792684826057943
PHE_28_A_CD2,PHE_38_C_HD2,1274,5260,43.275,-6.585,50.529,43.331,-6.583,50.713,43.303,-6.584,50.621,42.82727800192326,-6.5853533066491945,46.22793661737042,5.2944662046463895,-8.853266097649009,0.1923434428307853,3.316629715689908,1.791650411256889,3.2364084875601136
GLN_31_A_OE1,GLU_26_C_CD,3034,120,54.811,0.269,46.573,53.619,0.905,43.615,54.215,0.587,45.094,54.20414224440045,0.5869691124797507,44.99373385982824,11.635987179356984,3.0708111014354564,3.2519415738908948,2.4833380034465717,2.3529865092239617,2.3964382861818017
PHE_28_A_O,GLN_31_C_C,1178,2830,46.291,-4.484,44.135,46.49,-6.085,40.509,46.3905,-5.2845,42.322,46.76722579409893,-5.283428312072726,45.80088114915617,6.311661464602689,-4.807788687920087,3.968712385648522,2.822732720888543,2.0687802005850804,2.491216587215375
LEU_30_A_HG,PHE_38_C_HZ,2587,5340,49.556,-8.401,49.906,49.344,-8.026,50.077,49.45,-8.2135,49.9915,48.97046194523534,-8.214864162348343,45.563197172969,3.2302517665205124,-2.805546537965,0.4634759972209976,2.905676279663699,1.4832573444262611,2.561005041260077
THR_29_A_HA,LEU_30_C_O,2003,2260,49.001,-6.33,44.965,48.747,-6.327,45.092,48.874,-6.3285,45.0285,48.93228674347792,-6.328334189215913,45.56674998528721,5.114741022368233,-2.709809645253041,0.283996478851407,2.878108105049123,1.2445516181339824,2.551527887448385
LEU_30_A_O,LEU_30_C_H,2245,2440,53.429,-7.536,45.088,53.262,-7.736,44.882,53.3455,-7.635999999999999,44.985,53.35665818719292,-7.635968257829189,45.08804048114635,3.4943686346063685,1.6362835018956172,0.3321520736048503,2.5660685187183687,1.2439592899065939,2.418188908036585
TYR_44_A_CE2,ASN_45_C_HB3,6618,7160,54.055,-15.411,48.375,52.451,-17.749,49.907,53.253,-16.58,49.141,52.8206910990469,-16.58122980756099,45.14883564678549,-5.39000099456286,0.462981640844309,3.2227447928745434,2.472863875000313,1.7696722758343941,2.3774960232160827
TYR_27_A_CE2,ARG_33_C_HG2,720,3910,40.528,-1.503,41.667,39.714,-3.273,40.511,40.121,-2.388,41.089,40.70227112634166,-2.386346433245796,46.45675871377618,9.634655410024326,-10.686959135614313,2.2653547183609013,3.3643214539383437,2.394382611608672,2.987470008615006
GLN_54_A_HG3,LEU_50_C_HD23,9579,8550,53.165,-30.815,44.565,53.148,-30.736,45.84,53.1565,-30.7755,45.2025,53.14733185067079,-30.77552608102525,45.1178365594455,-19.5717579827565,-0.2178050737292018,1.2775582178515446,2.4966944707662866,2.143403145443792,2.6584462907853745
THR_29_A_OG1,THR_29_C_CG2,1871,1970,50.159,-2.966,43.715,50.732,-1.192,42.525,50.4455,-2.079,43.120000000000005,50.68970666649992,-2.0783052948846423,45.37513087208927,9.228492666192006,-0.6446133625803063,2.211674704833424,3.780024490529069,1.96850756629633,2.7132320998886743
LYS_51_A_HZ1,LYS_40_C_HZ3,9047,5660,44.571,-21.866,43.693,42.609,-17.807,41.964,43.59,-19.8365,42.8285,43.94545244296898,-19.835488829281623,46.11093200395658,-8.002057190667474,-8.672819080037424,4.828495210725593,1.609979426797773,3.102152818391072,2.6115380903114445
TYR_44_A_CE1,LEU_48_C_HB2,6556,7850,52.718,-15.63,45.395,51.634,-16.131,45.669,52.176,-15.8805,45.532,52.142437603765046,-15.880595476379424,45.22206744584194,-4.642688113469905,-0.1677343206136847,1.2252073293936838,2.1297452753823927,1.147105158058498,2.358604858537866
LEU_50_A_CD1,LYS_51_C_HA,8186,8760,57.091,-26.776,45.282,57.079,-26.767,45.035,57.085,-26.7715,45.1585,57.03487540899576,-26.771642591560973,44.69562355913696,-15.855689292810483,3.967069503162101,0.2474550464225774,3.2292109476045723,1.630462282580565,2.7224709057674454
THR_29_A_OG1,GLN_31_C_HE22,1871,3300,50.159,-2.966,43.715,49.876,-1.218,42.62,50.0175,-2.092,43.1675,50.26158377501915,-2.0913056444792764,45.42149602849072,9.246106969994344,-1.0750755366782463,2.0819745435523496,3.635079218416271,1.941689930060908,2.6974068275908456
GLU_26_A_OE2,GLU_26_C_OE2,275,280,49.916,1.858,45.321,51.771,1.59,44.166,50.8435,1.7240000000000002,44.7435,50.90919816608914,1.724186894373959,45.35019090123842,13.005696374615969,-0.1542282945175638,2.2015617184171825,2.592115431772457,2.490820897046188,2.408078057363705
LYS_51_A_HG3,ALA_47_C_HA,8871,7560,48.835,-24.534,47.29,49.536,-24.132,48.489,49.185500000000005,-24.333,47.8895,48.93454506135696,-24.333713902212818,45.57205208693348,-12.845296612937489,-3.986829598066644,1.445892803772117,2.7025355897051853,1.8843006411761296,2.7194150812207694
LYS_51_A_HZ3,LYS_40_C_HE2,9146,5550,43.551,-21.716,45.597,39.909,-19.101,44.527,41.73,-20.4085,45.062,41.867969055774815,-20.40810751354506,46.3360777372303,-8.424829349766323,-10.797856417200611,4.609478170031835,2.2636549561517905,3.2999798243786342,2.6665399929996347
TYR_27_A_CD2,ARG_33_C_HA,590,3800,42.946,-2.299,42.861,43.39,-3.206,42.427,43.168,-2.7525,42.644,43.54752821153076,-2.751420339916384,46.1487601235412,9.067260891401371,-7.85823266775393,1.0991546751936236,2.244100273489328,1.8954460637532757,2.5178386783041566
LEU_48_A_CD1,TYR_44_C_HD2,7684,6820,48.337,-16.814,42.296,46.96,-14.967,42.34,47.6485,-15.8905,42.318,48.01142258108152,-15.889467578661264,45.66941512926523,-4.356449928763133,-4.313039072174877,2.304229589255377,4.384620316766491,1.8819098724825798,2.8548431392157743
GLU_43_A_HB3,LYS_51_C_HZ3,6340,9110,61.532,-18.943,42.768,61.483,-21.314,43.623,61.50749999999999,-20.128500000000003,43.1955,61.61600479235601,-20.128191331791346,44.19748946457406,-9.55626800155304,9.035365078544384,2.520925821994766,2.9256080944171794,2.7210211469077006,2.7466538352395
LYS_51_A_HE3,GLU_46_C_OE1,8970,7310,46.137,-23.431,47.738,46.568,-23.148,50.256,46.3525,-23.2895,48.997,46.01580663138166,-23.290457805979823,45.887799006917376,-11.596184873503413,-6.841095402932994,2.5702478479710864,2.2616574053330254,2.553412148917295,2.6925215282930766
LYS_51_A_CG,ALA_47_C_CB,8615,7500,48.575,-23.335,45.616,48.467,-23.653,45.51,48.521,-23.494,45.563,48.52673445742144,-23.4939836869445,45.61595495062077,-11.978557727600954,-4.3363256484053645,0.3521704132944729,3.361418143006542,1.682891449204379,2.771486145766605
PHE_28_A_O,ILE_32_C_C,1178,3360,46.291,-4.484,44.135,45.414,-5.853,40.675,45.8525,-5.1685,42.405,46.2265739081866,-5.167435856005637,45.85939226080652,6.46598078584743,-5.341986974029432,3.82294258392668,2.820584971637328,2.0386242016365443,2.477190099134834
LEU_48_A_HD12,ILE_41_C_HD12,7962,5870,47.878,-17.084,42.887,44.731,-14.464,43.483,46.3045,-15.774,43.185,46.59019794224346,-15.773187262883654,45.823282807262366,-4.138942146564011,-5.730701307297463,4.138021870411028,2.9350613068066647,2.2823946660300414,2.8012659225210563
ILE_32_A_HD12,THR_29_C_HA,3544,2060,55.162,-5.816,44.985,55.168,-5.873,45.274,55.165,-5.8445,45.1295,55.139543461613485,-5.844572417300027,44.89442113653263,5.153881660861558,3.5523429804893443,0.2946285797406642,2.2158768841412555,1.1921766320884466,2.398855462165817
PHE_28_A_CE2,GLU_39_C_HB2,1376,5410,41.041,-6.387,50.469,39.369,-10.219,51.163,40.205,-8.302999999999999,50.816,39.74437089081252,-8.304310371264721,46.5623121723911,3.8000724237732495,-12.068499197318747,4.238094383092474,2.4472443548602567,2.472736976167941,3.4530886950973434
PHE_28_A_CE2,ARG_35_C_CD,1371,4410,40.285,-5.705,50.87,39.326,-6.824,51.893,39.8055,-6.2645,51.3815,39.28890630742109,-6.265969576101012,46.61100621636018,5.865796780012762,-12.380645281563709,1.7939818839665016,4.480816594487684,2.1885753416989644,3.6562026295195644
LYS_51_A_HE3,ALA_47_C_H,8982,7540,46.785,-22.618,47.138,47.935,-21.961,48.104,47.36,-22.2895,47.621,47.15887512220233,-22.29007214851434,45.763708683725305,-10.679979402262582,-5.623169715073515,1.6393001555541973,2.780776482783984,2.122181383691556,2.8301694307573735
LEU_50_A_HD12,LEU_50_C_HD21,8394,8520,54.392,-28.619,45.292,54.522,-28.378,45.153,54.457,-28.4985,45.2225,54.43054242948726,-28.49857526497879,44.97817708728469,-17.392224172851435,1.231426290796877,0.3070863070864598,2.7702689493146373,1.7256280372538573,2.629952514630202
LEU_48_A_HD12,TYR_44_C_HD2,7962,6800,47.878,-17.084,42.887,46.361,-15.437,43.746,47.1195,-16.2605,43.316500000000005,47.38169259479535,-16.259754129547634,45.73772225175357,-4.680817632047314,-4.971160217135358,2.3982866801114526,3.595509207232728,1.9741684097841117,2.8509096512054675
GLU_26_A_OE2,GLU_26_C_CD,267,150,50.068,2.538,45.656,51.971,3.388,44.996,51.0195,2.963,45.326,51.02076993549219,2.9630036126396333,45.33772724223732,14.233412514538708,0.0457305606281107,2.1862088189374758,2.026306273299556,2.7105198916168423,2.3012083003543378
ASN_45_A_HD22,LEU_30_C_HD23,7196,2800,52.345,-12.882,41.735,51.447,-12.516,41.593,51.896,-12.699,41.664,52.27958636888898,-12.697908795503135,45.20623525095464,-1.477841603968741,0.1959984413085569,0.9800632632641588,1.4334960572119364,1.4609913993848844,2.102578093612795
TYR_27_A_CD1,GLY_34_C_N,581,4120,39.399,-3.041,44.192,39.4,-3.969,43.667,39.3995,-3.505,43.9295,39.68513997915339,-3.5041874277737266,46.56724754606035,8.59229544322653,-11.78687628763283,1.0662129243260927,2.841094402700329,2.1177176269133526,2.9389636566876227
LEU_30_A_HD12,ILE_41_C_HG23,2636,5820,49.839,-11.529,46.006,49.94,-11.445,45.825,49.8895,-11.487,45.9155,49.84124717795623,-11.487137266860012,45.46990844340597,-0.0959537969929262,-2.164377661341278,0.223647043351793,1.831255624104918,1.2541733195735107,2.242895555187914
ILE_41_A_HG22,LEU_30_C_CD1,5816,2330,54.626,-10.084,44.422,54.741,-10.155,44.663,54.6835,-10.1195,44.5425,54.726594398428,-10.119377407527564,44.940456000554725,0.9193779024861682,2.834302757193844,0.2763096089534351,2.1696752356636835,1.1998798670015325,2.2055372832730478
PHE_28_A_CD2,PHE_38_C_CD2,1278,4960,43.274,-6.729,50.128,43.216,-8.662,50.647,43.245000000000005,-7.695500000000001,50.3875,42.79497939476032,-7.696780192801275,46.23177659368319,4.188155292289361,-8.964638598313291,2.0023021749975705,3.511371904563478,1.9792293774192233,3.2254368737431065
LYS_51_A_HE3,GLU_46_C_OE1,8973,7320,45.932,-23.076,47.666,45.387,-22.736,50.812,45.6595,-22.906,49.239,45.30492404069317,-22.907008677347932,45.96466190025054,-11.162924829989365,-7.527084419651395,3.2109096841860887,1.7246292909359084,2.694296621139713,2.624435083768132
LEU_30_A_HD11,ILE_41_C_HG13,2616,5780,48.66,-9.912,45.827,47.674,-10.644,44.102,48.167,-10.278,44.9645,48.24046175658069,-10.27779102020919,45.64288391784068,1.2246839457714729,-3.6845318563882583,2.1174619240968653,2.5360779376365348,1.5483787285417636,2.3611799307595964
LEU_48_A_CD1,ILE_41_C_HD11,7705,5850,48.658,-16.566,42.397,46.707,-13.15,42.637,47.682500000000005,-14.858,42.517,48.02369464887069,-14.857029389036343,45.66776814686459,-3.3274975502478363,-4.227371491710927,3.941199944179437,3.2800141948948425,1.9969424711251722,2.726267772999959
LEU_50_A_HD21,LEU_50_C_HG,8506,8370,52.666,-28.206,45.367,51.527,-29.4,48.683,52.0965,-28.803,47.025,51.90448308932984,-28.80354623869196,45.25181637065125,-17.515982215850677,-1.3246538114296722,3.703891602085569,3.2122272730414285,2.1754112063023845,2.677346451588625
LYS_51_A_HZ3,GLU_43_C_OE1,9132,6270,43.739,-21.739,46.405,42.334,-20.203,47.76,43.0365,-20.971,47.0825,42.94308180118037,-20.971265750732844,46.21982795589674,-9.06336213322609,-9.759201271566043,2.4838168209431184,3.468822466101608,2.9528017921906584,2.918245004861964
LEU_48_A_CD1,TYR_44_C_HE2,7706,6870,49.165,-16.368,41.974,48.95,-14.946,41.376,49.057500000000005,-15.657,41.675,49.47290662584704,-15.655818275061586,45.51107998849772,-4.22778825916568,-2.830121744150468,1.55753426928591,3.039774035960853,1.5589565277093085,2.6629477802792945
LEU_50_A_HD13,LYS_51_C_CG,8471,8650,57.434,-25.982,43.483,57.887,-25.296,43.555,57.6605,-25.639,43.519,57.77915020932984,-25.638662470691152,44.61467750084194,-14.77873770559473,4.794303735919359,0.8252205765733202,2.6224403581037183,1.750946008331505,2.694173387674782
LEU_30_A_HD22,ASN_45_C_CB,2750,7010,50.371,-12.083,50.17,49.451,-16.769,51.552,49.911,-14.425999999999998,50.861,49.33325725451707,-14.427643529418749,45.52582418298526,-2.992741895841088,-2.882970816587854,4.971410262692064,2.2388018633246003,2.02036684329908,2.3394549262621145
GLN_54_A_HE21,GLN_54_C_CB,9640,9440,54.76,-32.56,44.317,55.166,-33.139,48.365,54.963,-32.849500000000006,46.341,54.811103265143664,-32.849932107117404,44.938306858761855,-21.759768550090296,1.3040807141562327,4.109304199009854,2.7510647797711147,2.7526698282172264,2.6404688418397493
LEU_48_A_CD1,TYR_44_C_CD2,7684,6550,48.337,-16.814,42.296,48.323,-16.972,42.27,48.33,-16.893,42.283,48.68880279520692,-16.891979298391778,45.59637089220415,-5.404814910060668,-3.704647726705158,0.1607358080827053,3.660450183616722,1.5239720238652967,2.83206704039514
ARG_42_A_HD2,LEU_30_C_HD13,6033,2700,55.879,-10.762,40.246,54.768,-10.54,40.989,55.3235,-10.651,40.6175,55.77930312845976,-10.6497033574084,44.826622221423136,0.3151948023495682,3.8528125481054456,1.354863092714532,1.8267950963037307,1.5771628212148825,2.2798555529154614
ALA_47_A_HB3,LYS_51_C_CG,7627,8630,58.252,-22.468,44.148,59.409,-24.395,43.457,58.8305,-23.4315,43.8025,58.90517215003727,-23.43128757695132,44.49206131807471,-12.65737564049032,6.080883329057616,2.3514801721468954,2.923777737118906,2.0319013729776305,2.731541885393792
ASN_45_A_HD22,LEU_30_C_HD22,7201,2780,53.327,-12.571,41.024,53.227,-11.967,40.637,53.277,-12.269,40.8305,53.73377848804015,-12.267700582761416,45.04862919708286,-1.1525968921266885,1.6855652814831172,0.7242824034863746,2.1717631639907293,1.5025051652082848,2.0688951081967044
LYS_51_A_HG3,GLU_46_C_C,8864,7260,48.3,-24.396,47.499,48.986,-23.492,49.556,48.643,-23.944000000000003,48.5275,48.33003235161454,-23.944890312411992,45.637394598886985,-12.41427393489228,-4.565715161114183,2.349268183924513,2.2130996865637043,2.140423970613722,2.6947811398609653
GLN_31_A_OE1,THR_29_C_HB,3038,2080,55.301,-0.551,46.408,54.966,-0.936,44.487,55.1335,-0.7435,45.447500000000005,55.074203499815326,-0.7436686832820384,44.89992539816844,10.246561717749826,3.849207174010734,1.9876345237492727,2.155568810278758,2.036964280103881,2.349888808313437
PHE_28_A_O,ILE_32_C_HG12,1143,3450,45.479,-5.154,45.204,44.923,-5.501,44.937,45.201,-5.327500000000001,45.0705,45.29733081167508,-5.327225963633196,45.96006862011775,6.372972464394681,-6.2856557678202645,0.7076962625307548,2.253948106483582,1.3663981421738307,2.4216773530999802
LYS_51_A_HZ3,LYS_40_C_HZ1,9145,5580,43.935,-21.46,45.597,42.355,-18.74,45.231,43.145,-20.1,45.414,43.22888205580578,-20.099761377139743,46.18861035922215,-8.214475601937144,-9.410535451511633,3.1668211190403586,2.4482229207173622,3.0966967237593543,2.72448767072328
GLN_54_A_C,LEU_50_C_HD12,9346,8450,49.864,-30.077,44.405,50.595,-29.68,45.413,50.2295,-29.878500000000003,44.909,50.2856426861354,-29.878340288507243,45.42745064903657,-18.4724225562561,-3.025211301055408,1.3069177479856928,2.5217385637179235,2.0313380194995276,2.5508588108133314
THR_29_A_HB,GLN_31_C_CD,2054,2980,48.035,-2.44,44.466,47.846,-2.344,43.833,47.9405,-2.392,44.1495,48.1035598932788,-2.3915361365699237,45.6552795292936,9.100787812626468,-3.2615664445697483,0.6675522451464031,2.5055167320487475,1.7401004223206216,2.520135047898011
LEU_30_A_HD22,ARG_42_C_HA,2750,5990,50.371,-12.083,50.17,48.637,-14.688,51.251,49.504000000000005,-13.3855,50.7105,48.94704899396676,-13.387084382271134,45.56732587642564,-1.927224720589366,-3.1965241597878347,3.31079174820767,1.8538389405012663,1.938638718826747,2.3371556191516154
PHE_28_A_O,ARG_33_C_H,1172,3760,45.656,-4.109,44.3,45.012,-4.209,43.544,45.334,-4.159,43.922,45.55167950233879,-4.158380757839454,45.93216529557107,7.520695042103264,-5.947419383485162,0.998134259506204,1.5708316441786154,1.6135529269961493,2.3979965322917796
LYS_51_A_HB2,ALA_47_C_HB2,8782,7590,50.149,-23.713,45.748,50.099,-24.017,45.372,50.124,-23.865,45.56,50.11148795792535,-23.86503559353951,45.444457321498135,-12.46187448019652,-2.7726954081623725,0.4860987553985278,2.38639366894454,1.4326758662679244,2.5339567285495592
LEU_48_A_HD21,ALA_47_C_HB2,8014,7620,50.014,-22.449,44.568,49.592,-22.513,43.965,49.803,-22.481,44.2665,49.93261166344436,-22.480631288175317,45.46340124682288,-11.06819131324831,-2.853800968453217,0.7387753379749468,2.166707869734348,1.451198687075566,2.51597920403656
LYS_40_A_HZ1,LYS_51_C_HZ2,5600,9090,63.313,-18.408,46.241,62.847,-21.483,46.067,63.08,-19.945500000000003,46.154,62.853611761608605,-19.94614401627328,44.06341372407415,-9.463085858620236,10.289998741355562,3.1149730335911414,2.0086600215533634,3.1556373232474404,2.546617670190589
PHE_38_A_CE2,PHE_28_C_HA,5090,1520,56.699,-4.615,40.29,56.096,-2.465,41.258,56.3975,-3.54,40.774,56.82386943574643,-3.538787088688894,44.71131625449871,7.333524520975435,5.406064741961795,2.433748754493777,2.903276271811204,1.6804082611510853,2.7701889118924
THR_29_A_OG1,GLN_31_C_H,1884,3090,49.926,-4.393,43.289,49.46,-5.688,40.55,49.693,-5.0405,41.9195,50.07452084498684,-5.039414671387039,45.44266113317767,6.3188107703529495,-1.472220718631613,3.0653388067226803,2.745392530534012,2.009636325692716,2.646211736358852
PHE_28_A_CE2,ARG_35_C_HD3,1380,4710,40.939,-6.402,50.046,39.903,-8.418,50.328,40.421,-7.41,50.187,40.02516237397013,-7.411126056170355,46.53163029372388,4.670941894794528,-11.72331834636361,2.2840919421074104,4.039482359280218,2.127457212002676,3.537916912192653
LEU_48_A_HD12,TYR_44_C_HB2,7963,6760,47.622,-17.468,42.887,46.655,-16.842,43.332,47.1385,-17.155,43.1095,47.42265794518967,-17.154191643778926,45.73356167665728,-5.575920962723417,-4.993609372907119,1.2349048546345582,3.756416158734364,1.8626691656379943,2.8523914044779497
GLY_34_A_HA2,TYR_27_C_HE1,4286,1060,64.558,-1.747,45.781,64.752,2.29,46.172,64.655,0.2714999999999999,45.9765,64.42868843146286,0.2708562018327335,43.886621733227855,10.590310398904853,13.306705270258185,4.060527798205547,3.062005734659184,2.445441647100093,2.9396315676281906
LEU_50_A_CD1,LYS_51_C_HA,8183,8740,56.772,-27.688,45.582,56.97,-27.544,45.679,56.871,-27.616,45.6305,56.77286351455832,-27.61627917304395,44.724256852874746,-16.679475189626675,3.644179662313917,0.2633419829803063,2.881463774193626,1.6991557284287615,2.7142503867877257
LEU_50_A_CD1,GLN_54_C_O,8184,9370,57.091,-27.694,45.282,58.488,-28.01,46.431,57.7895,-27.852,45.8565,57.65653554196725,-27.85237824966239,44.62863731100012,-16.978100311052017,4.513998700762197,1.836209683015532,3.101494721926541,2.0015596158109212,2.7604551447742387
ALA_47_A_CB,LEU_48_C_HD22,7481,8050,57.538,-20.64,45.501,57.786,-20.545,45.848,57.662,-20.5925,45.6745,57.54975421229803,-20.592819310377603,44.6379642463425,-9.72926017434762,4.922657371955853,0.4369645294529099,2.774145529452382,1.7762963572707533,2.6095463639507903
LYS_51_A_HE3,GLU_43_C_O,8978,6180,46.247,-22.668,47.457,46.394,-20.968,49.323,46.3205,-21.818,48.39,46.049098772345744,-21.818772066642843,45.88374046180584,-10.130596528510054,-6.703129621574533,2.5285499797314657,2.2543992540723394,2.4601535438226296,2.7556395760982246
PHE_38_A_HZ,LEU_30_C_HD21,5367,2740,53.637,-7.174,40.056,50.619,-9.164,40.285,52.128,-8.169,40.1705,52.66860354546206,-8.167462122046889,45.16271320369976,3.013367286627115,0.9081910376823696,3.622273457374526,2.081436435429946,1.873063088403515,2.4547822489403117
LEU_48_A_HD22,TYR_44_C_HA,8047,6750,47.454,-20.113,44.551,46.228,-19.724,46.343,46.841,-19.9185,45.447,46.87850484748883,-19.91839330836142,45.793339191461335,-8.29426680415231,-5.735958801330447,2.205824335707629,2.0913219951368616,2.0284170604917353,2.742786430697644
LEU_30_A_HD13,ARG_42_C_HD2,2658,6010,48.766,-11.473,49.022,48.131,-12.159,49.793,48.4485,-11.816,49.4075,48.04319675091254,-11.817152983431813,45.66471982665245,-0.2966966336951778,-3.991821094099598,1.2117186142005076,1.504324179703205,1.4860499883862435,2.317677589671428
TYR_44_A_CD2,LEU_48_C_CD1,6514,7740,55.585,-16.045,48.283,55.617,-15.769,47.999,55.601,-15.907,48.141000000000005,55.24848822761389,-15.908002805267405,44.88572367164854,-4.891898488839467,2.946639286202847,0.3973109613388486,3.430550109513679,1.3892859321269135,2.4829860711781477
LEU_50_A_CD1,GLN_54_C_O,8194,9420,57.141,-28.124,44.921,60.083,-29.448,46.554,58.612,-28.786,45.7375,58.48227008651285,-28.78636904821562,44.53950677102146,-17.96871482763422,5.276103340907855,3.615940956376364,2.847930058751848,2.3095285431536503,2.752519906452408
PHE_28_A_HE2,ARG_35_C_CZ,1708,4450,40.679,-4.931,52.002,37.847,-7.293,54.694,39.263000000000005,-6.112,53.348,38.54220646254763,-6.114050472105294,46.69181906109103,6.07067043263372,-13.119020237008534,4.56575645430196,2.270772542378656,2.6575264952310786,3.4558316272017047
TYR_27_A_HB3,GLY_34_C_H,923,4260,40.787,-4.39,45.577,40.946,-4.221,45.712,40.8665,-4.3055,45.6445,40.95159921811943,-4.305257914626215,46.430350266588974,7.702783346246274,-10.573145665410191,0.2684529753979287,2.273471306291335,1.6832345355210512,2.841010401228127
GLN_31_A_OE1,GLU_26_C_CA,3017,30,55.991,0.964,47.169,57.88,3.721,46.389,56.935500000000005,2.3425,46.779,56.71269933403004,2.3418661894469435,44.721543226390274,13.207257282190026,5.712348613482806,3.431875580495307,2.703010855808538,2.4845700466522995,2.4909766923691365
THR_29_A_OG1,GLN_31_C_O,1866,2910,49.34,-4.804,43.715,48.035,-7.213,40.204,48.6875,-6.0085,41.959500000000006,49.0764258073271,-6.007393606174977,45.55104239164012,5.424574337335756,-2.5423910889207426,4.45347358811075,2.3670883357910277,2.166333855763751,2.5820281157764478
PHE_28_A_C,ILE_32_C_CG1,1119,3390,46.43,-6.042,46.502,46.563,-6.329,46.614,46.4965,-6.185499999999999,46.558,46.41863002571388,-6.185721520035651,45.83890831614758,5.436549536209563,-5.2216452102626105,0.335562214797792,2.211170372408272,1.1529878148021944,2.5133793628852645
PHE_28_A_CD2,PHE_38_C_CD2,1275,4940,43.715,-6.429,50.529,44.643,-9.1,52.306,44.179,-7.7645,51.4175,43.60791076463023,-7.766124601894876,46.1437661422855,4.060916581353123,-8.153946172552677,3.3396338122614537,4.210452641181627,2.1819995213865657,3.2460229277044874
ASN_45_A_OD1,TYR_44_C_HE2,7062,6880,51.162,-14.132,41.092,50.679,-13.365,41.524,50.9205,-13.7485,41.308,51.35353184128362,-13.747268135859828,45.30684035875269,-2.4583987957394013,-0.8076753078121892,1.0040926252094464,1.64812498916914,1.5489938588013508,2.2139857347944645
PHE_28_A_O,ILE_32_C_O,1173,3370,45.801,-4.554,44.3,44.769,-5.481,40.174,45.285,-5.0175,42.237,45.68362837673608,-5.016366004862134,45.91814094407272,6.655452694542734,-5.875994233949629,4.352956351722354,2.2821751182074985,2.061908940322361,2.531575541449759
GLN_54_A_HG3,GLN_54_C_NE2,9597,9510,52.425,-31.732,44.881,52.384,-32.697,48.698,52.4045,-32.2145,46.7895,52.23423220408126,-32.214984368058005,45.21715896360545,-20.942353655660483,-1.236197712201304,3.937308090561368,3.1731738372195037,2.664971657123756,2.682423673832522
GLU_43_A_HB3,LYS_51_C_HZ3,6336,9130,61.411,-18.693,43.087,61.875,-19.956,44.624,61.643,-19.3245,43.855500000000006,61.67926517627433,-19.32439683490697,44.19039142524295,-8.75902369712399,9.155944391085448,2.04275157569392,3.3521380514794727,2.7858429927472237,2.74637274780346
LEU_30_A_CD1,ILE_41_C_HG23,2276,5810,49.435,-10.219,45.633,49.583,-10.332,44.923,49.509,-10.2755,45.278000000000006,49.533351781331554,-10.275430725449468,45.50287696449179,1.1346841796876002,-2.38719914031943,0.7340115802901207,2.2702385501095748,1.3170139341512346,2.287576423475283
LYS_51_A_HG3,ALA_47_C_HA,8871,7550,48.835,-24.534,47.29,50.417,-24.566,48.552,49.626000000000005,-24.55,47.921,49.36657495149319,-24.55073799749545,45.52533470442886,-13.09263312716208,-3.568790788308902,2.023954544944131,2.950624983516613,1.9233000231072361,2.675796268154178
PHE_38_A_CE1,LEU_30_C_HG,5006,2590,54.096,-7.014,41.226,53.702,-6.779,41.321,53.899,-6.8965,41.2735,54.30097580024839,-6.895356482303759,44.985552786950464,4.165653957776263,2.636344149422546,0.4684933297283949,3.1428817614227813,1.3633246395714045,2.6303954337830104
LYS_51_A_HE3,GLU_43_C_HA,8978,6310,46.247,-22.668,47.457,45.673,-19.959,51.594,45.96,-21.3135,49.5255,45.571223239474605,-21.314605969825227,45.93533398374193,-9.593568821917012,-7.146764169321188,4.978245273186125,1.7528941762585166,2.6358552315596615,2.637934918766667
PHE_28_A_HE2,ARG_35_C_HE,1721,4770,40.289,-4.514,51.683,36.835,-5.077,53.527,38.562,-4.7955000000000005,52.605,37.92881451969765,-4.79730124973016,46.75783724701695,7.427907943303198,-13.640885095648644,3.955682115640741,2.5790522989134925,2.5649828746836656,3.4369723011794284
ILE_32_A_CG1,THR_29_C_CA,3391,1790,55.979,-5.972,43.269,55.526,-5.52,43.446,55.7525,-5.746,43.3575,55.90989529883849,-5.745552250883224,44.81096972963375,5.197623586167456,4.332277418603914,0.6639593361042503,2.4939930416389333,1.1412025455397192,2.5327300087087905
ARG_33_A_HG3,TYR_27_C_HE2,3944,1090,59.571,0.031,49.449,59.177,2.324,49.644,59.374,1.1775,49.5465,58.82675676684252,1.1759432338442353,44.4929724803663,11.893268895207362,7.750557207430862,2.3347612297620493,1.9659416123776707,2.406885978888262,2.5962902069811324
LEU_48_A_HD12,ILE_41_C_HD12,7962,5860,47.878,-17.084,42.887,45.474,-15.106,44.332,46.676,-16.095,43.6095,46.911966577220205,-16.09432873581791,45.78853761882223,-4.482256697839732,-5.430685895867869,3.4321603983497067,2.9428672663932307,2.169496684289012,2.7966073200133725
PHE_28_A_HE1,GLY_34_C_C,1692,4190,39.17,-4.917,46.766,38.649,-5.025,46.789,38.9095,-4.971,46.7775,38.8960343440759,-4.971038306325483,46.65315115718334,7.185519229408226,-12.682811172464383,0.5325729996911232,3.2369493767246484,1.864277137357804,3.182447169017592
PHE_28_A_HE1,ARG_35_C_H,1691,4500,39.08,-4.465,46.766,37.0,-5.067,46.353,38.04,-4.766,46.5595,38.05993912267194,-4.765943278327678,46.74362818840834,7.44982013575772,-13.507098934017394,2.2043985574301197,2.868953626285665,2.115717553944922,3.166511939308071
PHE_28_A_CD2,PHE_38_C_CB,1284,4890,42.355,-6.671,49.282,42.065,-7.293,49.105,42.21,-6.982,49.1935,41.899751039840886,-6.982882578443685,46.32850037441191,4.964196948655472,-9.812104496494568,0.7087404320341822,2.8185432904417858,1.6499044949324533,3.1938359613462404
LEU_48_A_HD12,TYR_44_C_CB,7963,6490,47.622,-17.468,42.887,46.456,-16.55,43.552,47.039,-17.009,43.2195,47.31253264043995,-17.008221870036333,45.74544210805632,-5.422453582641128,-5.093727630450826,1.626193407931538,3.639117270958833,1.9191599632473293,2.85086290673623
LEU_48_A_HD22,TYR_44_C_CB,8054,6510,47.389,-19.277,43.84,46.123,-18.275,44.702,46.756,-18.776,44.271,46.9203246007212,-18.775532538802743,45.78845849301066,-7.157281565718345,-5.61280028900873,1.8302469778693828,2.436670672388108,2.0477510664352896,2.74321212025811
TYR_27_A_CE2,ARG_33_C_NH1,732,3730,41.641,-0.513,40.779,42.842,-1.782,36.312,42.2415,-1.1475,38.5455,43.07039370502872,-1.1451420107394092,46.19993388864782,10.703562626934596,-8.22281844998449,4.796545736256463,3.250952139922424,2.8239340510709745,2.867232430011608
PHE_28_A_CZ,ARG_35_C_HG2,1425,4600,40.093,-6.215,49.476,40.225,-6.826,49.823,40.159000000000006,-6.5205,49.6495,39.823700680876094,-6.521453840267794,46.55317238214979,5.5727565914383534,-11.862234796160758,0.7149503479263438,4.569154845293069,1.857540494987248,3.5595452461439696
LEU_50_A_HD12,GLN_54_C_CA,8426,9280,56.522,-29.008,45.168,58.62,-32.055,48.23,57.571,-30.5315,46.699,57.350480139318975,-30.532127322249018,44.66260536402165,-19.62921485373768,4.016534619942538,4.8022554076183805,2.731829168046916,2.443393634464618,2.675956699528953
LEU_50_A_HD23,LEU_50_C_HD23,8535,8540,53.632,-29.938,44.942,53.574,-30.579,45.751,53.603,-30.2585,45.3465,53.573226647671895,-30.25858469752468,45.071557440228766,-19.086545660108428,0.2462267472853133,1.0337920487215977,2.759732727728323,2.0229305025549,2.660609539363734
PHE_28_A_CE2,ARG_35_C_NE,1358,4430,40.411,-5.498,51.231,38.383,-7.322,53.38,39.397000000000006,-6.41,52.3055,38.78624629158136,-6.411737437112358,46.665483849587694,5.756303461442892,-12.89532419752827,3.472457487140771,3.847257829251099,2.514550946454939,3.5420213715388447
ARG_35_A_HG2,PHE_28_C_HE2,4628,1740,62.905,-3.529,39.148,61.822,-3.383,38.68,62.3635,-3.456,38.914,62.91980037262596,-3.4544174686134594,44.05116583762446,6.98223461143735,11.52814659312586,1.1887930854442246,3.413680144866304,2.0279668286284354,3.3773346909586373
LYS_51_A_HB2,ALA_47_C_HB2,8748,7610,50.582,-23.24,44.983,50.65,-23.326,44.493,50.616,-23.283,44.738,50.6857482725401,-23.28280158411556,45.38209168240347,-11.922132628630443,-2.155168439294582,0.5021155245558486,1.7148628789573446,1.3716367083560572,2.4360780192170126
PHE_28_A_HE1,GLY_34_C_HA2,1693,4280,39.223,-4.465,46.374,37.522,-4.564,45.522,38.3725,-4.5145,45.948,38.45402834679045,-4.51426807283612,46.70087499081282,7.6727086089349905,-13.093825065916713,1.905021259723893,3.0454621188336803,2.1018679737653616,3.113023607913628
ARG_33_A_CG,TYR_27_C_HH,3651,1120,61.451,0.176,49.814,63.043,4.746,49.232,62.247,2.4610000000000003,49.523,61.66892977183024,2.45935553897729,44.184800038199455,12.970414818736296,10.693314664100358,4.874226913060162,3.4009013619509,2.8462475662843203,2.829161683427576
ARG_35_A_HA,PHE_28_C_CZ,4507,1450,63.248,-3.431,41.63,63.541,-3.736,41.633,63.3945,-3.5835,41.6315,63.64798916645808,-3.5827788885612746,43.97235028559194,6.802181394401068,12.249623068051257,0.4229456229824345,4.013814475879394,1.779806087050362,3.344471041685238
ARG_35_A_HG2,PHE_28_C_HE2,4621,1710,63.005,-3.144,39.54,62.363,-1.813,39.468,62.684,-2.4785,39.504000000000005,63.17340315684397,-2.477107773975197,44.023402290343,7.938959010456016,11.852025969247713,1.4794961980349943,3.472134430803375,2.049700452726635,3.36497054556693
LEU_30_A_HD13,ILE_41_C_HG21,2668,5790,48.634,-11.863,48.311,48.324,-12.383,48.472,48.479,-12.123,48.3915,48.18210010418508,-12.12384460379124,45.64977255017816,-0.6125353642912638,-3.874248950806652,0.6264351522703697,1.912515322976195,1.3039664419322237,2.274945915807879
ARG_33_A_H,PHE_28_C_HD1,3799,1620,59.189,-3.422,45.693,59.391,-3.273,45.227,59.29,-3.3475,45.46,59.1812748364421,-3.34780929510801,44.455975513582224,7.355624805870343,7.784834006150618,0.5293023710508015,1.7582499612089475,1.5618794935241729,2.474965698832154
LYS_51_A_HB2,LEU_50_C_HB2,8788,8320,50.479,-24.862,46.443,51.572,-25.474,49.18,51.0255,-25.168,47.8115,50.76159443855224,-25.16875074340163,45.37445932675911,-13.808733461734436,-2.2130685402841217,3.010043521280053,2.702855334669187,1.8968190678441812,2.5660686295901765
LYS_51_A_HG2,LEU_50_C_HD13,8835,8490,48.304,-26.986,46.054,49.25,-28.199,46.708,48.777,-27.5925,46.381,48.69234841034961,-27.592740811985998,45.59928336659236,-16.078786612361032,-4.461381578996752,1.6715265477999426,2.776530846239898,1.8799038789513993,2.6667154629677428
LEU_50_A_HD21,LEU_50_C_HD21,8489,8500,53.466,-27.659,45.33,53.296,-27.659,44.905,53.381,-27.659,45.1175,53.37822489477215,-27.659007894460142,45.09187324065589,-16.479609114388857,0.2352806519130632,0.4577390086064308,2.546096338311267,1.598956899757202,2.577564434566949
PHE_28_A_HB2,ILE_32_C_CG1,1529,3400,45.229,-5.649,45.791,45.068,-5.804,45.472,45.1485,-5.7265,45.6315,45.18540629202959,-5.726395011097653,45.9723118202633,5.982807226162011,-6.42631140893076,0.3894958279622487,2.3248422917778044,1.265779384023001,2.4590459181828273
PHE_28_A_CZ,GLU_39_C_OE1,1433,5400,39.991,-6.23,49.053,37.9,-10.384,49.8,38.9455,-8.307,49.4265,38.64819348363349,-8.307845760522058,46.68101760535106,3.8748484322205856,-13.168552348471842,4.7102023311106285,2.176550940122396,2.515946917403189,3.3900943257876484
THR_29_A_HA,GLN_31_C_HA,1988,3160,48.25,-5.194,44.681,48.355,-4.98,44.641,48.3025,-5.087,44.661,48.40670494088268,-5.086703563762143,45.623282408489686,6.390777297213511,-3.1489112068946663,0.2417043648757694,2.685582574692546,1.4015297895480792,2.5482170751113946
TYR_27_A_CD2,ARG_33_C_HG3,590,3920,42.946,-2.299,42.861,43.83,-3.196,42.092,43.388,-2.7475,42.4765,43.78290632882275,-2.746376593130516,46.12326962539803,9.055478293514156,-7.621717904231281,1.4756103821808786,2.1307828108773346,1.9613631717782336,2.5129559593914883
TYR_27_A_CE2,ARG_33_C_CG,720,3630,40.528,-1.503,41.667,40.026,-3.645,40.244,40.277,-2.574,40.9555,40.87075818112867,-2.572310910788689,46.43857064671908,9.43712548771407,-10.53112778410256,2.620133011890809,3.3477180485019136,2.4494481323235533,2.977602697069191
LEU_30_A_HD22,ASN_45_C_CB,2750,7000,50.371,-12.083,50.17,49.435,-14.58,51.09,49.903000000000006,-13.3315,50.63,49.35003879140219,-13.333073032324272,45.52366973289767,-1.9021363530166575,-2.788364343734848,2.820904996627856,2.2500945893601902,1.904743934398121,2.354769629794324
LEU_50_A_CD2,GLN_54_C_OE1,8225,9500,53.33,-28.712,45.401,52.595,-29.946,50.113,52.9625,-29.329,47.757000000000005,52.68211388402992,-29.329797626337687,45.16776934838914,-18.09645160403389,-0.5818420134631306,4.926045574291814,3.63284417666319,2.377227442063713,2.715286883697989
LEU_50_A_HD23,LEU_50_C_CD2,8534,8260,54.157,-29.591,45.151,54.51,-29.696,45.625,54.3335,-29.643500000000003,45.388000000000005,54.29079747008871,-29.643621477707363,44.99366271633993,-18.524394309601394,1.0098635025851528,0.6002582777438376,2.546361482034641,1.9378597527132535,2.653463033697015
GLU_26_A_OE2,GLU_26_C_CD,277,180,49.737,2.7,45.321,51.987,4.214,43.535,50.862,3.4570000000000003,44.428,50.96119588725589,3.4572821867694565,45.34402621231113,14.730697453117951,0.0210781174773754,3.2472283566143,1.8786557126604049,2.858547742946933,2.3143751221343374
ARG_33_A_HA,TYR_27_C_CD2,3826,590,59.913,-1.182,47.733,60.055,-0.989,47.842,59.984,-1.0855,47.7875,59.61803423399317,-1.0865410784166305,44.40798252458309,9.579979596364328,8.38370111341843,0.2632375353174414,2.4962341287337035,1.8840346542946236,2.5243317633434854
PHE_28_A_CD1,GLY_34_C_O,1231,4200,41.646,-6.698,47.382,41.444,-6.816,47.553,41.545,-6.757,47.4675,41.427192439941535,-6.75733513218854,46.37960395907254,5.222930332116739,-10.270200440046684,0.289774049907853,3.242607957901057,1.497423279202774,3.03413140347979
LEU_50_A_HD21,LEU_50_C_HG,8508,8360,52.222,-28.268,45.158,51.066,-29.239,47.962,51.644000000000005,-28.753500000000003,46.56,51.506997135235245,-28.753889737890184,45.29484457110108,-17.438057875348942,-1.7199259644656346,3.1845867863821846,3.1195362235105724,2.082194471270689,2.6504605841641755
ARG_33_A_CG,TYR_27_C_HH,3658,1110,60.66,0.107,48.99,61.146,3.902,47.846,60.903,2.0045,48.418,60.45879546626033,2.0032363524252768,44.31598521098654,12.60189100693559,9.446771644564691,3.993364120638139,3.015281374197222,2.7020864661555963,2.7422664912623707
GLU_26_A_CB,GLN_31_C_OE1,80,3040,46.236,0.697,45.105,46.334,-0.285,43.862,46.285,0.206,44.4835,46.43141315318359,0.2064165077388347,45.835554907249495,11.811620154073074,-4.754657162157317,1.5871285392179135,2.1718243344743997,2.337344555861582,2.4893897489572936
LYS_51_A_HG3,GLU_46_C_C,8864,7250,48.3,-24.396,47.499,49.514,-23.256,51.136,48.907,-23.826,49.3175,48.50641150843053,-23.8271395711601,45.6182583400993,-12.309419941788812,-4.380386586536126,4.000145622349269,1.7178708314114814,2.303989106697495,2.605274448679859
LYS_51_A_HA,LEU_50_C_CD1,8737,8210,49.222,-27.486,45.19,49.186,-27.694,45.728,49.204,-27.59,45.459,49.21308464556352,-27.589974156521468,45.542892323522125,-16.113224330865783,-3.938726937450402,0.5779307917043385,2.3372850353615173,1.7567376433055246,2.6144417292204434
ARG_33_A_HG2,TYR_27_C_CD1,3914,550,62.058,-0.475,48.613,62.141,-0.215,47.912,62.0995,-0.345,48.2625,61.6581485231267,-0.3462555313622238,44.1868318161444,10.172664248976128,10.483158553402824,0.7522566051554486,3.1829236122882474,2.1493880628791713,2.774372009270542
ARG_33_A_H,TYR_27_C_HB2,3796,940,58.847,-3.093,46.404,58.343,-2.171,46.276,58.595,-2.632,46.34,58.400116661386704,-2.6325543929417354,44.540346290043566,8.12487202566272,7.051911900950377,1.058529168232977,1.7550489749840872,1.7152137891768995,2.371545639985408
TYR_27_A_CD2,ARG_33_C_HD2,612,3980,41.877,-1.931,41.774,41.431,-4.727,38.318,41.654,-3.329,40.046,42.32917033440789,-3.327079314165443,46.28087264645399,8.58008682272803,-9.121519775621133,4.467713956824007,3.426247894806592,2.645076301605367,2.867684453080179
LEU_30_A_H,GLN_31_C_O,2437,2860,50.278,-7.103,44.879,49.39,-8.322,41.168,49.834,-7.712499999999999,43.0235,50.09580890824064,-7.711755221037132,45.44117909133477,3.6517031341410577,-1.640732582455804,4.005749118454622,1.8811677686536543,1.771550757756398,2.450853866879909
TYR_27_A_CD1,ARG_33_C_C,584,3580,39.398,-2.892,43.791,39.103,-4.348,42.994,39.2505,-3.62,43.3925,39.5953481447269,-3.619018995780922,46.57700642032982,8.484168115231126,-11.885123827593112,1.6858736607468534,2.9523664402396457,2.2237247148171524,2.9492403910213514
TYR_44_A_CE1,TYR_44_C_CE1,6543,6580,52.18,-14.18,45.273,52.308,-14.11,45.108,52.244,-14.145,45.1905,52.24614439378679,-14.144993899751572,45.21030244315119,-2.918880781874624,0.0596302102972823,0.2202475879550151,3.0995937061360275,1.1787030594786336,2.3223522155189937
LEU_30_A_H,LEU_30_C_O,2435,2280,51.132,-7.165,45.088,51.13,-6.963,45.128,51.131,-7.064,45.108,51.15464164658802,-7.063932745600048,45.3263192123778,4.22225357766605,-0.5323708587098454,0.2059320276207659,2.261620543215925,1.2547212170772386,2.4931189955972286
LYS_51_A_CB,ALA_47_C_CB,8594,7520,49.107,-22.911,44.942,49.007,-23.183,44.448,49.057,-23.047,44.695,49.14941280723382,-23.046737109347465,45.54838773734704,-11.576920777290406,-3.679811431535572,0.5727303030222857,2.8752361668421216,1.6290787534984241,2.6588726023643763
LYS_51_A_HZ3,GLU_43_C_CD,9128,6240,43.738,-22.135,46.724,41.421,-21.091,49.218,42.5795,-21.613,47.971,42.39630001744173,-21.61352115680068,46.27923645253159,-9.66493654910048,-10.353423382640308,3.560682659266343,3.4398199389333253,3.008736266511703,2.9475750956982663
TYR_27_A_HD2,GLN_31_C_CD,989,3000,43.972,-0.847,42.444,46.268,-0.545,41.23,45.120000000000005,-0.696,41.837,45.56321202539671,-0.6947391758560704,45.92984945279595,10.974759476281278,-5.6897563182105575,2.6146923337172985,1.9728762164735647,2.3381157598886246,2.507215406200623
LEU_30_A_H,ILE_32_C_HD12,2405,3560,49.101,-7.599,46.135,49.074,-7.352,46.264,49.0875,-7.4755,46.1995,49.01801290925301,-7.475697672889463,45.55782020558187,3.964153551984877,-2.705320421665534,0.2799624974885051,2.512081363158204,1.185920379574112,2.515468163720602
LYS_40_A_HZ3,ASP_52_C_OD2,5676,9200,62.916,-17.535,48.624,59.802,-20.827,50.415,61.359,-19.181,49.5195,60.79231049133679,-19.18261208580474,44.28639549801503,-8.554240063258183,8.276130789519662,4.872570266296832,1.5004452060022713,3.318288281729036,2.3008073366515305
GLN_31_A_OE1,GLU_26_C_HA,3009,300,56.362,0.844,47.552,57.733,2.262,47.016,57.0475,1.553,47.284,56.76937494098477,1.5522088057874237,44.71564911967258,12.415547060971209,5.713106309554151,2.0439327288342906,2.9447692020177354,2.319307279764874,2.4677472949862143
GLN_31_A_OE1,TYR_27_C_HD2,3008,1000,56.642,0.484,47.552,58.355,1.636,47.778,57.4985,1.06,47.665,57.17438377706036,1.0590779727626878,44.67194288582662,11.894731764786473,6.084417281538521,2.076667763509604,2.6904576197584897,2.2546300806719373,2.484526655993916
PHE_28_A_CZ,ARG_35_C_HD2,1423,4680,39.315,-5.721,49.476,36.666,-9.204,50.265,37.9905,-7.4625,49.8705,37.65671153852984,-7.4634495422666145,46.78812442443896,4.787934509390491,-14.103318151892251,4.446460502467104,4.063911164591702,2.6305532138523677,3.506705210839082
LEU_48_A_HD22,TYR_44_C_HB2,8054,6770,47.389,-19.277,43.84,46.701,-18.684,44.266,47.045,-18.9805,44.053,47.22931509694598,-18.979975670985887,45.75506109142052,-7.383279925858972,-5.317313827896188,1.003229285856428,3.0219545238929784,1.9389634321215294,2.7544247561059083
GLN_54_A_HE21,GLN_54_C_HB2,9644,9530,55.295,-32.422,44.108,57.372,-32.572,46.948,56.3335,-32.497,45.528,56.25272544055984,-32.49722978283287,44.7820858720866,-21.51093595309502,2.775529239099511,3.521651459187864,2.415875931930162,2.698746772029689,2.6090549592314196
LYS_51_A_CD,ALA_47_C_HB3,8654,7650,47.172,-22.742,45.944,47.23,-22.37,46.088,47.20099999999999,-22.556,46.016000000000005,47.17351671407354,-22.55607818287516,45.76220509977268,-10.946359065679353,-5.627379490787371,0.4030930413688624,3.453519072006676,1.924128875100927,2.930869200055304
GLN_31_A_OE1,GLU_26_C_HB3,3041,350,55.301,0.199,46.408,54.521,1.034,44.53,54.911,0.6165,45.469,54.8519363448065,0.6163319791020352,44.92357560944451,11.619002423429912,3.722833396008399,2.1982968407383026,1.934187032199915,2.3216937617953883,2.354026196158197
LEU_48_A_HD22,TYR_44_C_HA,8047,6740,47.454,-20.113,44.551,47.102,-20.119,45.438,47.278,-20.116,44.9945,47.3588792142105,-20.11576991945124,45.74138056428012,-8.525458844220502,-5.268019704485337,0.9543107460361137,2.531200565016678,1.8822714460999,2.7463683337457563
LEU_50_A_CD1,LYS_51_C_HB2,8150,8800,56.074,-24.812,44.436,55.692,-24.904,44.077,55.883,-24.858,44.2565,55.94328914201422,-24.85782849290743,44.81324117073338,-13.868737298918916,3.007850727805967,0.5322302133475696,2.0620237579655103,1.4692088458592547,2.5512299122671953
GLY_34_A_H,TYR_27_C_HB3,4236,960,61.129,-1.889,46.08,61.136,-2.239,46.093,61.1325,-2.064,46.0865,60.93531979176615,-2.064560926944668,44.26563580605179,8.510334685718096,9.635853827042975,0.3503112901406406,2.1374883946758803,1.7237344777873103,2.5943699054258973
GLN_31_A_HG3,PHE_28_C_O,3223,1190,55.26,-3.467,46.204,55.1,-3.6,46.125,55.18,-3.5335,46.1645,55.04351300653433,-3.5338882703691072,44.90410839392903,7.465585896658635,3.620169555917387,0.2225533643870589,1.608541819927169,1.4801271606840403,2.3064738831783886
GLN_31_A_OE1,GLU_26_C_N,3017,20,55.991,0.964,47.169,57.369,5.086,45.728,56.68,3.0250000000000004,46.4485,56.49551304776325,3.0244751821018125,44.74485190779333,13.903655291759405,5.542943694155733,4.578891678124738,3.0584266683168604,2.5150632309090253,2.4401345441013693
LYS_51_A_HG3,GLU_49_C_HB3,8871,8160,48.835,-24.534,47.29,51.52,-24.17,51.166,50.1775,-24.352,49.228,49.77178247374218,-24.353154161943745,45.48139417664096,-12.924493529119353,-3.148205061362777,4.729175086629802,1.8331906597032408,2.2110517581546816,2.63252007307981
ALA_47_A_HB2,GLU_49_C_HA,7573,8150,55.676,-21.657,46.295,55.05,-21.19,51.045,55.363,-21.4235,48.67,54.956807607106114,-21.424655512817104,44.91900901211434,-10.373774035897878,2.2620349621234155,4.8137786613013285,1.8587367803644268,2.0845437640492293,2.491499153648167
TYR_44_A_HB2,LEU_48_C_CD2,6747,7770,57.37,-17.512,46.927,57.297,-18.362,48.374,57.3335,-17.936999999999998,47.6505,57.01347461031598,-17.937910389869547,44.69521975940479,-7.042753088653415,4.57323633654705,1.6797731989765774,2.6206126440100816,1.7857885021970803,2.5163392983260136
LEU_48_A_HD12,TYR_44_C_CB,7958,6500,47.778,-17.469,43.279,45.895,-16.443,44.179,46.8365,-16.956000000000003,43.729,47.05784407812769,-16.95537033306448,45.773005886874735,-5.351542625277761,-5.345503218547713,2.32558917266141,3.2091877944848664,2.0244412471182165,2.797725830988192
ALA_47_A_HB3,LYS_51_C_HZ3,7625,9100,58.598,-21.632,44.148,62.129,-22.263,44.245,60.3635,-21.9475,44.1965,60.37818325620775,-21.94745822991508,44.332092794625446,-11.282516800671711,7.664191368920597,3.5882490158850446,3.229403309716746,2.3753507267439233,2.7600484442409305
LYS_51_A_HZ3,GLU_43_C_HG2,9128,6370,43.738,-22.135,46.724,42.2,-20.933,48.988,42.969,-21.534,47.856,42.79359178173551,-21.534498991236603,46.23618964061917,-9.614493549961209,-9.949203417176266,2.989304935934105,3.672063533045264,2.9563026287925696,2.9545250384823953
LYS_51_A_HZ3,GLU_43_C_CG,9122,6210,44.182,-22.197,46.933,43.044,-20.54,51.395,43.613,-21.3685,49.164,43.29012120494272,-21.369418507073465,46.18236993595392,-9.485298493040018,-9.439303199251803,4.893887718368704,2.33485447051628,2.9918152261310222,2.8211698258044042
PHE_28_A_HZ,ARG_35_C_CZ,1733,4460,38.711,-4.644,49.912,35.441,-6.188,53.086,37.076,-5.416,51.499,36.578438530140176,-5.41741543432565,46.90425962077551,6.9058213681456895,-15.039785390411373,4.811560245907763,2.4506010162588687,2.6069831993772694,3.3702038285017886
ALA_47_A_C,LEU_48_C_HA,7395,7820,53.88,-21.458,44.957,53.65,-21.502,45.128,53.765,-21.48,45.0425,53.76559790778028,-21.47999829910624,45.04802139019505,-10.343886121953222,1.0629543651407647,0.2899603421159549,1.2771957256843869,1.243188173312092,2.2126238367545032
ALA_47_A_HB3,LYS_51_C_CE,7625,8700,58.598,-21.632,44.148,61.753,-22.263,43.618,60.1755,-21.9475,43.883,60.22591752242275,-21.94735657512453,44.34858152133746,-11.27153871264969,7.511429385067457,3.260841302486217,3.109638638084276,2.3276029247436205,2.7601960036791935
LYS_51_A_HE3,GLU_46_C_OE1,8975,7350,46.342,-23.786,47.666,46.725,-24.418,51.302,46.5335,-24.102,49.484,46.14260985644471,-24.10311198185604,45.87431790998533,-12.415843145582986,-6.771612135584271,3.7103381247535943,2.1887746391223137,2.612138222410919,2.6335970040010817
PHE_38_A_CE2,THR_29_C_H,5083,2000,56.104,-4.951,40.661,56.024,-3.816,41.302,56.064,-4.3835,40.9815,56.47205313830534,-4.382339193841095,44.74967407499222,6.517235293996332,4.993150608560253,1.3059502287606513,3.0748505598333877,1.4609605847971323,2.7683707377755558
GLY_34_A_C,PHE_28_C_CE1,4175,1340,62.472,-3.89,43.205,62.976,-4.124,43.382,62.724,-4.007,43.2935,62.80738383228746,-4.006762794457422,44.06350950514431,6.439315349773075,11.37611410000314,0.5831817898391525,3.72596816031597,1.6493573134066595,3.0863953790258343
GLU_43_A_HB3,LYS_51_C_HZ3,6339,9140,61.07,-18.943,42.768,60.775,-20.235,44.232,60.9225,-19.589,43.5,61.00517562879425,-19.58876480911409,44.26346958719632,-8.974571797262644,8.460842543807383,1.9747366913084876,2.973494596119905,2.595803556324881,2.7431213028839005
ALA_47_A_O,ALA_47_C_O,7425,7470,53.374,-23.479,44.949,52.956,-23.787,45.527,53.165000000000006,-23.633,45.238,53.151698110193294,-23.633037840453028,45.115163458352,-12.447632209285272,0.2940508045874335,0.776963319597523,2.0366496842495114,1.4195535970538409,2.422361320108286
LYS_51_A_HE3,GLU_43_C_HG2,8980,6400,45.488,-23.014,47.457,44.366,-21.665,50.658,44.927,-22.3395,49.057500000000005,44.60032223048035,-22.34042931417808,46.0407882376728,-10.547446011224784,-8.193760449388956,3.650354229386513,2.0717866797518187,2.7695575895469218,2.6914794531456154
PHE_28_A_CZ,GLU_36_C_H,1437,4830,39.315,-5.721,48.63,35.963,-9.11,47.889,37.639,-7.4155,48.2595,37.48171620160655,-7.415947431926707,46.80705992323973,4.84781688962216,-14.27551708360863,4.823930555055698,3.835763052798961,2.619775945815404,3.3851235005891436
GLN_31_A_OE1,GLU_26_C_OE2,3034,230,54.811,0.269,46.573,54.034,1.43,44.893,54.4225,0.8494999999999999,45.733,54.340833673249485,0.8492676803186476,44.97885083075416,11.88785868149823,3.2265908702588195,2.184959953866432,1.7348277428880725,2.321331961513244,2.331507259887825
ASN_45_A_HD22,LEU_30_C_HD23,7192,2810,52.345,-12.882,42.151,50.819,-11.746,42.913,51.582,-12.314,42.532,51.87630745851772,-12.313162771025665,45.249787540782144,-1.065260777601335,-0.1812776466756389,2.04934526129688,1.7410760641331076,1.4354629175428641,2.146099522377635
TYR_44_A_CE2,ASN_45_C_HB3,6612,7190,54.09,-15.047,48.675,52.119,-16.823,51.45,53.1045,-15.935,50.0625,52.57525903125882,-15.9365055543467,45.17521471623387,-4.729374320829967,0.2625458260829991,3.8392241403700367,2.4526146877220416,1.9270757757863954,2.3932251856580984
PHE_28_A_CE2,ARG_35_C_CD,1358,4420,40.411,-5.498,51.231,38.444,-7.343,53.27,39.4275,-6.4205000000000005,52.2505,38.82228000346544,-6.422221695126245,46.66158501191846,5.7432717287852375,-12.85991624732838,3.3809222114683446,3.798427710419034,2.502483933832909,3.551137689632671
LEU_30_A_HG,PHE_38_C_CZ,2585,5090,49.434,-8.818,49.906,47.257,-9.489,52.258,48.3455,-9.1535,51.082,47.76207403426425,-9.155159696717696,45.694342382923374,2.378650473750829,-4.084738212258972,3.2743661982130248,2.577391692902802,1.8503633542851248,2.5572301874128245
TYR_44_A_HB2,LEU_48_C_HD22,6727,8080,58.136,-17.955,46.078,58.277,-18.899,46.53,58.206500000000005,-18.427,46.304,58.02049366558099,-18.427529140149456,44.586321145591626,-7.603068146751114,5.548797632443884,1.056087591064303,1.8043693882651703,1.9515998374384789,2.4856598573523465
GLU_26_A_OE2,GLU_26_C_CD,265,160,50.1,2.738,46.039,52.516,3.775,45.443,51.308,3.2565,45.741,51.26149715891982,3.2563677113854435,45.3115686742184,14.508839523329383,0.3080973345182888,2.6958562647144206,1.5157903385435354,2.7902429748228577,2.2657682169355433
PHE_28_A_O,ARG_33_C_HH21,1178,4090,46.291,-4.484,44.135,45.622,-5.032,40.248,45.9565,-4.758,42.1915,46.35220674535139,-4.756874316151491,45.84566108628708,6.866530508717359,-5.186768249501781,3.982038924972984,2.3497037999915005,2.0764876641084666,2.4873060939057523
PHE_28_A_CG,PHE_38_C_HB2,1211,5170,42.587,-6.782,47.912,42.918,-6.436,48.112,42.7525,-6.609,48.012,42.5624117116236,-6.609540752257902,46.25662626805333,5.289259891619602,-9.12072670152022,0.5189190688344364,2.258814514413924,1.4141103380171274,2.9140831684589164
PHE_38_A_HZ,THR_29_C_O,5369,1850,53.893,-5.886,40.056,52.352,-4.033,40.901,53.1225,-4.9595,40.4785,53.61850427148166,-4.958088995502964,45.05886040267884,6.146776065310281,2.0892592341156044,2.5538823387149265,3.5503258266086357,1.5812328983160266,2.8388296847269565
GLY_34_A_O,PHE_28_C_CD1,4193,1250,60.878,-5.107,45.083,60.402,-4.629,44.644,60.64,-4.868,44.8635,60.57952347384612,-4.8681720401522215,44.30502842704488,5.739224235440104,9.079683938524049,0.8048484329362888,2.580937202200199,1.4642845836506557,2.694255796291933
ARG_33_A_H,PHE_28_C_O,3767,1160,58.226,-3.869,45.988,57.812,-3.288,45.488,58.019,-3.5785,45.738,57.89525868013705,-3.578852012208029,44.595308546996215,7.217029062189899,6.478149956566873,0.8711813818028951,1.605378917676206,1.5200586422335436,2.3454041674119073
PHE_28_A_HB3,PHE_38_C_CE2,1594,5060,46.043,-5.345,49.71,46.983,-5.554,50.901,46.513,-5.4495000000000005,50.3055,46.0338038519898,-5.450863189711622,45.880354517067765,6.197039739491228,-5.5555319993290055,1.531588064722366,2.4507900251075028,1.6144963919758721,2.769792750480819
LYS_51_A_HE3,GLU_46_C_OE1,8973,7300,45.932,-23.076,47.666,45.153,-22.169,50.917,45.5425,-22.6225,49.2915,45.183651505287386,-22.62352083161156,45.977707094885126,-10.87149064288504,-7.628616080791638,3.4638838029010204,1.6384790559166975,2.711468671219085,2.6210111501070656
ALA_47_A_O,LYS_51_C_HB2,7405,8790,54.593,-23.532,44.783,54.578,-23.913,45.439,54.5855,-23.7225,45.111,54.56932986583773,-23.722545999870025,44.96167660405096,-12.638178846136933,1.7100104434336434,0.7587634677552674,1.6844232584401932,1.3455467356709225,2.4054356980705363
PHE_28_A_CG,PHE_38_C_HB2,1215,5140,42.617,-6.795,48.369,42.454,-6.78,48.319,42.5355,-6.7875,48.344,42.31239741735598,-6.78813466942829,46.2837551714112,5.1289764126761215,-9.384256810546823,0.1711549006017608,2.3941280142091097,1.4582903382642067,3.005130563593234
THR_29_A_CB,GLN_31_C_CD,1841,2960,49.371,-2.411,44.31,49.232,-1.282,43.334,49.3015,-1.8465,43.822,49.48382071280013,-1.845981344495491,45.50564391500755,9.546368680726696,-1.8379799638433925,1.4988455557528264,3.191430933040216,1.8968028165711026,2.6223795951352393
ILE_41_A_CG2,LEU_30_C_HD13,5698,2690,55.289,-10.911,42.726,55.569,-10.963,42.992,55.429,-10.937,42.859,55.64367258686945,-10.93638931174008,44.84139788036547,0.0389217641811864,3.696364445842936,0.3896921862188151,1.6212739192459569,1.191168766531055,2.1904213450126004
GLY_34_A_HA2,TYR_27_C_HD1,4292,990,64.106,-1.837,45.365,63.895,0.168,45.156,64.0005,-0.8345,45.2605,63.858447475131854,-0.8349041028735598,43.94871339368108,9.5280782015244,12.656014304524382,2.026876167899755,2.7663765849893496,2.2164745060011803,2.9181141897686182
TYR_44_A_HH,LEU_30_C_HD12,6922,2680,53.823,-12.078,44.125,53.776,-11.824,44.036,53.7995,-11.951,44.0805,53.902350734574114,-11.950707416130562,45.03027696587665,-0.848446335819177,1.8772173450781728,0.273214201680658,1.6163403359722448,1.2140511165992167,2.1416144922061724
ARG_33_A_CG,TYR_27_C_CE1,3659,650,61.236,-0.188,48.629,61.703,3.045,46.312,61.4695,1.4285,47.4705,61.1201632504402,1.4275062268553926,44.24454347727801,11.980372857187486,10.06942052980314,4.004855428102244,3.246050034370736,2.655246444322927,2.7846986422478106
PHE_38_A_HD2,PHE_28_C_CD2,5293,1320,59.776,-5.211,39.582,60.002,-4.577,39.482,59.889,-4.894,39.532,60.40788175096735,-4.892523914961745,44.32362290014952,5.727194664374582,8.905744470060021,0.6804645472028651,3.197547597683253,1.7992825446196223,3.156215229699095
LYS_51_A_HZ3,GLU_43_C_HB3,9140,6330,43.935,-21.46,46.013,42.706,-18.52,46.347,43.3205,-19.99,46.18,43.32035607096345,-19.990000409441077,46.178670884712645,-8.111526221795875,-9.310960435763365,3.203997034954934,2.801796903971734,3.0183651940051566,2.7919024605763965
PHE_28_A_HB2,PHE_38_C_HB2,1519,5160,43.699,-6.69,47.23,43.892,-6.597,47.291,43.7955,-6.6435,47.26049999999999,43.673759986712334,-6.643846319005894,46.1362896487086,5.175654869404744,-8.008141126683169,0.2227532266881939,1.749445503925957,1.265664457634487,2.685173545455132
LYS_51_A_HB2,ALA_47_C_CB,8781,7480,49.918,-23.875,46.034,49.711,-24.194,45.699,49.8145,-24.0345,45.8665,49.772774875423046,-24.03461869724073,45.48118858355153,-12.606833960286696,-3.12457737141592,0.5067889106916215,2.486528248453692,1.4649999761249661,2.5876840713781304
PHE_28_A_HE1,GLY_34_C_H,1678,4250,40.803,-4.571,45.706,41.028,-4.743,45.774,40.9155,-4.657,45.74,40.98982109940106,-4.656788575600031,46.4263195346349,7.349410800913525,-10.559773723945495,0.2912610512924798,2.163437910975596,1.6561801136577663,2.8425569721270456
TYR_27_A_H,GLN_31_C_OE1,838,3050,44.842,-0.199,44.436,46.249,-0.049,43.527,45.5455,-0.124,43.9815,45.7542264981466,-0.1234062268321693,45.90898861666977,11.531003945050813,-5.457516931181893,1.6817936853252862,1.6697718784106934,2.283867936067126,2.461288305707433
LEU_30_A_HD22,ARG_42_C_HE,2737,6080,50.052,-10.991,50.881,48.625,-11.618,53.147,49.3385,-11.3045,52.014,48.64387955507888,-11.306476016393145,45.59951495674867,0.1697815962832254,-3.352868410483415,2.750311618707959,2.324356463770421,2.1302008501659744,2.4073522043252806
GLN_54_A_HE21,GLN_54_C_HG3,9636,9580,54.555,-32.205,44.389,54.629,-32.717,46.727,54.592,-32.461,45.558,54.52819836946679,-32.46118149921841,44.96882269060362,-21.3517918523196,1.0478611887314544,2.394548809274927,2.280217849978682,2.536476952124128,2.6089336930142886
LEU_30_A_H,LEU_30_C_O,2435,2270,51.132,-7.165,45.088,51.305,-7.377,44.963,51.2185,-7.271,45.0255,51.24996461016198,-7.270910491282054,45.31606051078184,4.008989770800466,-0.4514385151643744,0.3008288549989853,2.0816766929049373,1.2493406811313936,2.4788673276419253
ASN_45_A_HD22,LEU_30_C_HD23,7195,2820,52.601,-12.498,41.735,50.704,-11.486,41.854,51.6525,-11.992,41.7945,52.02491742117467,-11.990940568284865,45.23359540157923,-0.7544684484000101,-0.0092823490026545,2.153349483943559,1.2843802263381248,1.5594981832488444,2.114556383242324
LYS_51_A_HZ3,GLU_43_C_CD,9128,6230,43.738,-22.135,46.724,40.544,-20.806,50.064,42.141,-21.4705,48.394,41.91760235906649,-21.471135508793186,46.33103045030826,-9.488716269463,-10.823587345681538,4.808687658810878,3.1566978393443126,3.053424582020906,2.9272951381122807
LEU_50_A_CD1,LYS_51_C_O,8186,8600,57.091,-26.776,45.282,60.213,-26.328,47.932,58.652,-26.552,46.607,58.428666563608175,-26.55263532614779,44.54462334830793,-15.73679719968216,5.381029792152405,4.119476665791424,3.4661129044768155,2.314735084533863,2.8436664270731375
LYS_40_A_HZ3,ASP_52_C_OD2,5676,9190,62.916,-17.535,48.624,61.318,-20.827,50.813,62.117,-19.181,49.718500000000006,61.52022496223398,-19.18269767139201,44.207570136179854,-8.606322030523938,9.006446057483162,4.264104712597946,1.4912855750756646,3.5688608947617073,2.2121822043316914
PHE_38_A_CE1,LEU_30_C_HD13,4987,2710,55.684,-9.796,42.289,55.906,-9.775,42.149,55.795,-9.7855,42.219,56.073894323188746,-9.784706617428832,44.79445466423041,1.1569621892009572,4.209836007217387,0.263296410913633,1.8740276688737108,1.209570191456369,2.308051718611463
LEU_50_A_CD1,LYS_51_C_HA,8185,8730,57.163,-27.235,45.282,58.195,-27.333,46.266,57.679,-27.284,45.774,57.55612790341866,-27.2843495394915,44.63933540508816,-16.404334781703344,4.4536176109603725,1.429294931076162,3.184172438848433,1.9093937723378505,2.763965009520762
GLN_54_A_HG2,LEU_50_C_HD12,9568,8460,51.12,-28.931,43.854,50.842,-28.943,44.493,50.981,-28.937,44.1735,51.10712491156893,-28.93664120708703,45.338202773659575,-17.591783704155365,-2.1341049089332853,0.6969569570640665,2.747408462224714,1.7802163072720745,2.5621665192853404
ASN_45_A_HD22,TYR_44_C_OH,7189,6690,52.501,-12.883,42.543,52.52,-12.658,42.744,52.5105,-12.770499999999998,42.6435,52.78212626547394,-12.769727293182472,45.15183765400416,-1.585376177046758,0.6950972876460908,0.3023028283030118,1.5688563272586764,1.2672864784131634,2.1235838442913946
TYR_27_A_CD2,ARG_33_C_HE,615,4060,42.971,-1.199,41.774,43.664,-1.923,40.276,43.3175,-1.561,41.025000000000006,43.8685444884064,-1.5594324202513703,46.113630279879466,10.23330547807138,-7.451463963869656,1.8023398680604052,2.0962036004772524,2.277664962095861,2.607839621218036
LEU_30_A_HD22,ARG_42_C_HE,2738,6090,50.174,-11.408,50.881,49.185,-12.576,52.451,49.6795,-11.992,51.666,49.018197708301805,-11.993881234822233,45.559192044401165,-0.5426248071586692,-3.026152834253971,2.192543044047254,2.716835725029779,2.0433606907621793,2.391066037615486
LEU_30_A_O,THR_29_C_HA,2229,2030,53.354,-5.553,45.554,53.49,-5.488,45.689,53.422,-5.5205,45.6215,53.364074480599776,-5.520664783194554,45.08658574498197,5.603796528107515,1.7940170417211092,0.202351179882896,2.0131666770831447,1.2955727604164493,2.463856544788296
LYS_51_A_HZ3,LYS_40_C_HE2,9141,5540,43.551,-21.716,46.013,40.571,-18.533,46.329,42.061,-20.1245,46.171,42.076422255234895,-20.12445612765304,46.31341709448773,-8.156785100297371,-10.568560472753836,4.371698182628808,2.3337721586396407,3.2371987967820295,2.741914832469792
LEU_48_A_HG,TYR_44_C_O,7883,6460,50.764,-19.111,45.341,51.253,-19.417,45.984,51.0085,-19.264000000000003,45.6625,50.97461330369943,-19.26409639892965,45.34957269102931,-7.93421785041362,-1.5798184778392708,0.863832159623615,1.480736194049305,1.2602032808115384,2.3563895383719617
THR_29_A_OG1,GLN_31_C_HB3,1883,3190,49.654,-4.018,43.289,48.208,-3.504,39.529,48.931,-3.761,41.409000000000006,49.37595170141713,-3.75973422692553,45.51791452242458,7.645157586282786,-2.082178163664339,4.061122012449268,3.757003489905618,2.24689193973312,2.7208421034633585
LEU_30_A_CD1,TYR_44_C_CE2,2328,6600,49.537,-11.07,45.791,48.882,-12.748,43.273,49.2095,-11.909,44.532,49.31722455810906,-11.908693551356968,45.52678437732987,-0.4790125837619438,-2.7200846388475237,3.095970445595366,1.7496801450533404,1.5573503603361962,2.325687796215616
TYR_44_A_CG,LEU_48_C_CD1,6475,7710,54.911,-16.564,46.345,54.436,-16.7,46.626,54.6735,-16.631999999999998,46.4855,54.5089575899115,-16.63246808080885,44.966030142453455,-5.561706520360151,2.153189962219661,0.5684030260299469,3.1056457144850365,1.2284500288415308,2.391362292954804
GLN_31_A_OE1,GLU_26_C_N,3017,10,55.991,0.964,47.169,58.302,4.335,45.861,57.1465,2.6495,46.515,56.94950060980378,2.6489395874361112,44.6958055734858,13.496639383365018,5.97175050680138,4.291296540673925,3.275436488848922,2.5286342074307124,2.494956372866525
GLN_31_A_OE1,GLU_26_C_HB3,3040,390,55.742,0.056,46.408,56.177,0.508,44.821,55.9595,0.282,45.6145,55.8727210866474,0.2817531363255758,44.81313855744556,11.212352139745814,4.723221510913165,1.7064870348174384,2.3083860298482044,2.232365343568258,2.3548233997082977
PHE_28_A_CE1,GLU_36_C_CB,1312,4820,40.029,-6.01,46.902,37.222,-9.357,45.32,38.6255,-7.683499999999999,46.111,38.68675382403244,-7.683325748635365,46.67664954425237,4.495035696795788,-13.085492238219503,4.64589948233924,3.2243532723667507,2.419289589138895,3.146690999859771
LYS_51_A_HE3,GLU_43_C_HG2,8979,6390,45.817,-22.729,47.457,45.043,-21.117,50.434,45.43,-21.923,48.9455,45.10946622357536,-21.923911836098988,45.98552505286731,-10.16835048235744,-7.653339303579748,3.472772523503372,1.7699161996615431,2.6755443698381733,2.677143981960836
ALA_47_A_HB3,LYS_51_C_CE,7624,8680,58.508,-21.18,44.564,59.978,-20.862,44.431,59.243,-21.021,44.4975,59.23842275273402,-21.02101302109044,44.45523132745864,-10.27699721098602,6.586486314993757,1.5098718488666507,3.0213102045126474,2.0899609822197647,2.730333644334975
ARG_33_A_HG2,TYR_27_C_HH,3908,1130,62.19,-0.085,49.324,63.331,4.384,48.032,62.7605,2.1495,48.678,62.266932134625335,2.1480959264512878,44.12013863351692,12.617225146420358,11.271179289184152,4.789896241047401,3.328288623018296,2.8888642160348543,2.867066177559031
LEU_50_A_HD13,LYS_51_C_HG2,8467,8820,57.69,-26.366,43.899,60.099,-25.085,44.323,58.8945,-25.7255,44.111,58.93548593600566,-25.72538340556051,44.48948536623751,-14.947839187945918,5.9483013930075215,2.7611624363662477,3.0795795780807382,2.1589174406756855,2.762918666563398
ARG_35_A_HG2,PHE_28_C_CE2,4619,1380,63.005,-3.144,39.956,62.021,-1.324,39.811,62.513000000000005,-2.234,39.8835,62.963757620225856,-2.2327177105807743,44.04602938451676,8.197706909464058,11.659051193021655,2.0740494208190907,3.5699588698157387,2.071266736073947,3.3417818482325976
PHE_28_A_CE2,ARG_35_C_HD3,1372,4700,40.626,-6.024,50.87,39.506,-7.131,51.603,40.066,-6.577500000000001,51.2365,39.561917218577,-6.578933985778676,46.58153845137252,5.534121502722944,-12.128967831355787,1.7369910765458758,4.492532117940588,2.1592651895036896,3.643612818544806
LYS_51_A_HB2,LEU_50_C_CB,8790,8180,50.274,-25.217,46.443,51.617,-25.966,49.242,50.9455,-25.5915,47.8425,50.679217595368726,-25.592257504908765,45.383510325455845,-14.225285565679735,-2.3258080036999944,3.193595309365292,2.9543746215709548,1.9366013236048263,2.593955785216136
THR_29_A_HB,GLN_31_C_OE1,2051,3030,48.309,-2.01,44.785,47.947,-0.907,44.123,48.128,-1.4585,44.45399999999999,48.256263950396736,-1.4581351220720784,45.63845576634538,10.020921925195257,-3.0420391414549144,1.3363745732391028,2.3975681360519574,1.9070418179284656,2.5225128924000564
GLN_31_A_OE1,GLU_26_C_OE2,3029,240,54.456,0.254,46.834,53.165,1.148,44.902,53.810500000000005,0.701,45.868,53.72148243937222,0.7007467679502315,45.04596572875346,11.783954790103085,2.5946392873013524,2.4896869281096405,2.0942445267306438,2.2973346681933027,2.342699396473972
THR_29_A_CG2,THR_29_C_CB,1906,1870,51.916,-2.123,46.37,52.577,-1.934,45.913,52.2465,-2.0285,46.14149999999999,52.14642638328541,-2.028784683683865,45.21736837915101,9.173831302316485,0.8204415045433325,0.8255246816419255,1.851700758645352,1.771511036201736,2.4378934974740645
LYS_51_A_HE3,ALA_47_C_H,8977,7530,46.642,-22.848,47.457,47.718,-21.864,48.497,47.18000000000001,-22.356,47.977,46.94285945966902,-22.356674603805,45.7871213976298,-10.730983045525834,-5.8446317593535655,1.7909863204391026,2.618672094410188,2.2184029950928545,2.8144290990076417
THR_29_A_HG22,GLU_26_C_OE2,2159,250,51.117,-0.921,45.516,52.335,0.964,44.843,51.726,0.0214999999999999,45.1795,51.734858629771104,0.0215252005217764,45.26130517660533,11.24835884807844,0.5531878028859423,2.343006188638861,2.118430360605785,2.14412035131174,2.439266611715895
TYR_44_A_CD2,LEU_48_C_HD13,6504,8020,54.473,-16.101,47.012,54.382,-15.899,47.225,54.4275,-16.0,47.1185,54.19803540689094,-16.00065276771069,44.99950507087586,-4.909278054188731,1.8861303038627837,0.3073336948660211,2.809943906194758,1.2301787742258667,2.3908759396288324
LYS_51_A_HZ3,GLU_43_C_C,9126,6170,44.497,-21.789,46.724,44.978,-20.35,48.09,44.7375,-21.0695,47.407,44.58963673147853,-21.06992063294376,46.04155397647428,-9.279384883895332,-8.114211390987554,2.0415773313788583,3.1325016238175936,2.6236963302794347,2.932716864484118
TYR_44_A_CG,LEU_48_C_CD1,6474,7750,56.118,-17.095,46.422,55.928,-17.032,46.287,56.023,-17.063499999999998,46.3545,55.85685169609676,-17.063972649163446,44.82020048701941,-6.088403749009274,3.4748824498041238,0.2414415043028044,2.889352876649222,1.3400497004820071,2.465308071497626
PHE_28_A_CE1,ARG_35_C_H,1311,4470,39.688,-5.691,46.902,37.513,-7.326,45.613,38.6005,-6.5085,46.2575,38.64632433787767,-6.508369641552429,46.680665675704574,5.669910412626835,-13.042574545655912,3.010875454083085,3.1585264803460604,2.2851616577570937,3.150620062034735
LYS_51_A_HB2,LEU_50_C_HD11,8772,8400,51.124,-25.476,45.445,51.243,-25.226,45.488,51.1835,-25.351,45.4665,51.16876434375829,-25.35104191914953,45.330423316314544,-14.019649028175944,-1.8175041352758117,0.2801963597193937,1.8200972068437191,1.3956474105284074,2.4932388018894924
LEU_30_A_HD23,ASN_45_C_HD22,2754,7220,51.87,-12.316,48.85,51.902,-13.203,49.093,51.886,-12.7595,48.971500000000006,51.48755186257248,-12.76063348240342,45.292023479077336,-1.4838309333767323,-0.6031115596052227,0.9202401860384052,2.820748290595085,1.461230568010174,2.3726073479452516
LEU_30_A_O,LEU_30_C_H,2246,2460,52.918,-7.606,45.303,52.793,-7.529,45.196,52.8555,-7.5675,45.2495,52.84402480850211,-7.567532643966471,45.143532136874384,3.599249873675437,1.1268174444006198,0.1816672782864317,2.322649838141333,1.241342395937181,2.4208246500224226
PHE_28_A_HZ,ARG_35_C_CB,1735,4370,38.555,-4.645,49.52,35.776,-6.524,49.785,37.1655,-5.5845,49.6525,36.86454536964415,-5.585356138467452,46.87332903083275,6.717867818722461,-14.76466474710736,3.3650716188515184,3.600923052277037,2.4905488375795555,3.4979922163493313
PHE_28_A_CD2,PHE_38_C_HD2,1277,5240,42.811,-6.758,50.128,42.842,-8.094,50.687,42.8265,-7.426,50.4075,42.37918051771685,-7.427272508801645,46.2767201624068,4.486683339682823,-9.362663757285077,1.4485641166341223,3.2527496550434045,1.9401977022578258,3.272171136737599
