complex_name,protein1_file,protein2_file,elapsed_seconds,physical_ring1_mean,physical_ring1_uncertainty,physical_ring2_mean,physical_ring2_uncertainty,physical_ring3_mean,physical_ring3_uncertainty,physical_ring4_mean,physical_ring4_uncertainty,physical_ring5_mean,physical_ring5_uncertainty,physical_ring6_mean,physical_ring6_uncertainty,physical_ring7_mean,physical_ring7_uncertainty,physical_ring8_mean,physical_ring8_uncertainty,physical_ring9_mean,physical_ring9_uncertainty,physical_ring10_mean,physical_ring10_uncertainty,zernike_ring1_mean,zernike_ring1_uncertainty,zernike_ring2_mean,zernike_ring2_uncertainty,zernike_ring3_mean,zernike_ring3_uncertainty,zernike_ring4_mean,zernike_ring4_uncertainty,zernike_ring5_mean,zernike_ring5_uncertainty,zernike_ring6_mean,zernike_ring6_uncertainty,zernike_ring7_mean,zernike_ring7_uncertainty,zernike_ring8_mean,zernike_ring8_uncertainty,zernike_ring9_mean,zernike_ring9_uncertainty,zernike_ring10_mean,zernike_ring10_uncertainty,gyration_radius,gyration_radius_note,flatness,roughness,roughness_uncertainty,scalar_prod,scalar_prod_uncertainty,summary_type
1A0H,1A0H_D.pdb,1A0H_E.pdb,580.4154775299994,2.8940921409375986,0.3895707784190814,3.450260446482892,0.3497921404855665,4.502195789887963,0.41859875940898955,4.228865011548174,0.3546948407373405,5.183513170026946,0.44644588687260944,5.920198877294835,0.5094576191282063,6.602381334643633,0.5877261807943976,5.461777510215246,0.467204843321734,6.432569180408595,0.5309306939967665,27.814566887469162,3.120055849299631,2.372191933378366,0.09662652318743883,2.1591175811948147,0.0799035787854888,2.0105061516364278,0.06630033703185596,2.0247908737372997,0.06293077169840507,2.186982499808355,0.08431003044356213,2.323843639722952,0.08783744712167617,2.559828545131862,0.1090145944506746,2.978179817488806,0.11563630448026486,3.2733247928544125,0.1217834521790767,3.4385073018400623,0.2155313857378558,20.48800581571512,pdb_mean,0.33069293157828056,1.5835467167891175,0.019504141847060452,-0.13995047120741191,0.023592027099922017,weighted
1A0H,1A0H_D.pdb,1A0H_E.pdb,580.4154775299994,2.8517942057108767,0.3899432757853424,3.3110207217358463,0.30793389262080967,4.8974014952635745,0.38739105257876283,4.240451757497264,0.35094460370848357,5.143518562092705,0.42565737646073065,6.428616323166534,0.54397093384096,7.114618643765864,0.5999054829912976,5.785043072356358,0.4810370457707552,6.616250096139482,0.45681180413526556,31.876816884763578,2.452335154667224,2.315057483393894,0.09296657305292237,2.2632823491765692,0.07384039039731519,2.104956876003259,0.06266289125195836,2.031206743152125,0.06080660486684077,2.1749638583906985,0.08043832899460268,2.3516732228311885,0.0872098313047767,2.5583826287840155,0.10770561324170339,2.8905432248490346,0.10902040991270075,3.176879269504078,0.1124430540559767,3.4793402865976635,0.1854097150424003,20.48800581571512,pdb_mean,0.33069293157828056,1.6230385399927543,0.015729358349304515,-0.23225671144859814,0.019667125936465243,normal
1A0G,1A0G_A.pdb,1A0G_B.pdb,650.1289692990003,1.7677431008404987,0.10306699737402054,1.801409749455997,0.18186868302492495,3.481437888839797,0.3506356324234407,5.388411776697499,0.5543229775090501,5.00463510040399,0.5839269730397778,5.952719557414836,0.5918245931394523,6.048972978110819,0.48475342010283123,5.19591633111557,0.45983258621797346,6.7968481744388765,0.5879998573978484,15.79905939231244,1.3448021028778026,1.4193022801604236,0.02580232062156872,1.9030329003847757,0.1117814769844711,2.1821780362698773,0.10144335797085095,2.2020400749642906,0.08696739066801548,2.305562249626996,0.12348593030937352,2.2648217675613096,0.07445713510276308,2.294289242963656,0.0744363364653181,2.642214606355653,0.07632161633774572,3.1284573006637055,0.10270803281556182,2.8845395580761566,0.13740556416057995,19.94233642916285,pdb_mean,0.30807234046765897,1.558477167534275,0.019789291964868762,-0.1999364151887495,0.021848269559037695,weighted
1A0G,1A0G_A.pdb,1A0G_B.pdb,650.1289692990003,1.93025204044186,0.09656218022705576,1.9842951145975514,0.1880718296634896,3.778304938999925,0.3446223140961971,6.154855951870373,0.5440200049400833,5.56613224594286,0.5980489281922254,6.486092538781665,0.5978355416265644,6.7410147080791285,0.5094409999984324,5.368513179522859,0.4642734969961391,7.3628906136297925,0.49353662827771966,13.406928776684765,0.86173630060877,1.4395551316829123,0.024069400131431388,2.032524463757978,0.11204330517344352,2.2855184867444014,0.09825587717418793,2.2817051050834354,0.08860783417393385,2.3015821704914323,0.11071156747946728,2.2676312848126927,0.07185262338042349,2.2637487208782194,0.07170862123099025,2.706631199276769,0.07474436410683946,3.1779301040130377,0.08908876802685059,2.572991654445733,0.09304979698112568,19.94233642916285,pdb_mean,0.30807234046765897,1.5788290987276081,0.016412082004965155,-0.299350423,0.01795928439989217,normal
1A22,1A22_A.pdb,1A22_B.pdb,666.0875017410008,0.6088849409202861,0.05912094884735115,1.5458413912049531,0.17357797777474288,2.7685214668778446,0.24386855677874048,3.3138404816674614,0.23964389870242966,4.487480844852576,0.31570486577020085,4.77598175024195,0.3247034181791681,5.29342287071117,0.33426318161554075,6.772252675067164,0.37434237351822763,9.52475051124906,0.5696724079567015,6.799014916048017,0.315108086225952,1.5540268891928049,0.04026272907957055,1.6510596062684357,0.037694699649093756,1.7278550860158026,0.04436605341536426,1.6677803815041259,0.04281130221749515,2.071430673620347,0.07791828545034603,2.1744488596136162,0.0825944076418807,2.0130018821826936,0.05346512060092684,2.258234295170251,0.14886712579322414,2.323981444350871,0.14425668149952478,2.1378229538505336,0.09102580197697974,19.310621578631846,pdb_mean,0.2978926495429032,1.4712149556591467,0.017594841813228002,-0.2560250848737452,0.020691114935839774,weighted
1A22,1A22_A.pdb,1A22_B.pdb,666.0875017410008,0.6667179257726104,0.05820825095575338,1.3952979806108874,0.1591928455483144,2.9922781815187847,0.2551171448967494,3.2942297231309627,0.2409902010087286,4.324608800256804,0.30849774870650826,4.593299644792811,0.3209175678976074,4.95705910760532,0.3344223719575721,6.893362375303768,0.32542688270537407,9.367044336894274,0.39977685986485423,6.0898006260754745,0.1693922440068887,1.5403596621597828,0.03829485837962658,1.6570681501815274,0.03516735255634797,1.7321265504339738,0.04551531425927951,1.670826393160287,0.04319550969791855,2.0788482888983744,0.08075058569296042,2.231733642139501,0.08472379209619482,2.049116619320408,0.051404604447183776,2.430227271545406,0.10760435870953318,2.4698992913540994,0.11222188739387692,1.9479120509542762,0.04921809402084895,19.310621578631846,pdb_mean,0.2978926495429032,1.432350205483453,0.014900258427639432,-0.33162439215686285,0.01735296516669962,normal
1A2A,1A2A_C.pdb,1A2A_D.pdb,646.9011550739997,0.6237811346487082,0.033886400605090156,1.3820562313750515,0.1744697856847408,1.8963812346305553,0.24117538309729436,3.5211044934272793,0.32450648194959286,4.501882436224446,0.28523542815231545,5.020743007206673,0.3060838746066238,5.2131019249774235,0.28827378182444885,9.171597187203412,0.7277064904027873,14.415724244999817,1.0674733927798767,23.66529741315031,0.36148069641263586,1.5912029465400852,0.046532193208966906,1.7022597315377679,0.08204962617394325,1.9952179953017093,0.08194753279361254,2.3319046730973283,0.09436047766549988,2.39314302363534,0.07935461373105068,2.420705258391674,0.08338712654559824,2.4998037811083536,0.08728504352620611,2.7924961828196553,0.09435412623069848,2.2202563074485284,0.10458996574776508,2.0142120178217118,0.10600173828539937,14.459084814290435,pdb_mean,0.09953457587715549,1.5425230430008905,0.018639887046660645,-0.18721221305557237,0.020608709458253705,weighted
1A2A,1A2A_C.pdb,1A2A_D.pdb,646.9011550739997,0.6121420857001546,0.03121071541496257,1.4556203366545402,0.1722331308687904,2.018712726123419,0.24118626125895784,3.7788583334800747,0.3234694277076226,4.613027571274569,0.28242026150346117,5.002114520573359,0.298193329144287,4.968829408518701,0.26710217503699196,9.529281151431672,0.7411419907645462,15.700259708622907,0.9967653985848838,23.84922987152825,0.3070527764906008,1.542753282477351,0.04282612190872088,1.7475632921472057,0.08600036395135963,2.0899589450859706,0.08593025526951922,2.3673837370698365,0.09093732438228544,2.4954390165112192,0.08011909376482908,2.4746699230548104,0.07470936806290641,2.5066187177275783,0.08464505658102431,2.9321357844724845,0.0869738107760187,2.042049704449842,0.0921283007973086,1.9825206484295403,0.10102608579852083,14.459084814290435,pdb_mean,0.09953457587715549,1.5025833497963779,0.015162436655871761,-0.28886734764397903,0.01816599403148333,normal
1A2W,1A2W_A.pdb,1A2W_B.pdb,546.2469540900001,5.457381609369956,0.6875081597564573,5.893668365917221,0.5291402096164415,5.6821078589580285,0.44640564973872254,5.548843481693516,0.35616110780483007,4.310683659468368,0.39249205754042454,5.4488580647480145,0.48760662574813907,5.622763261300021,0.4759539749424173,4.873784739111822,0.3579682702477992,4.291233845939001,0.2731712404770799,24.67554164971994,3.674626506533136,2.2643287948866204,0.0948003716334175,2.2891839931010605,0.0653517855259847,2.3095713088071013,0.09185498459878286,2.033425511197327,0.06008535825530029,2.474668434822427,0.08645529795754749,2.634713132675557,0.07763682775414651,2.4155473218173658,0.08697844186585368,2.1814311821685846,0.07015949840352301,2.0824818258997007,0.04506144677455564,1.6070649063681601,0.05425275461075017,19.059059192832446,pdb_mean,0.4293310131966207,1.5188302736736379,0.015059684929475898,-0.16342201474890405,0.022151416580013107,weighted
1A2W,1A2W_A.pdb,1A2W_B.pdb,546.2469540900001,6.947735244632001,0.6152625088964209,5.71398834952993,0.48455218377630527,6.1356732015317705,0.40033764491918955,5.106317839446397,0.3288480317799856,4.372114832969124,0.3883004134483445,6.080157231747,0.5014958433338784,5.785066847688606,0.4673298520141612,4.802384104458234,0.32670260382483657,4.403133886134932,0.2691685146905375,37.60116332427936,2.8158366721546906,2.158440413292088,0.07216268758502076,2.2594653921120003,0.06194502469942738,2.390632493903258,0.09053014860582201,2.007207435275484,0.05316452340349408,2.3921185324301875,0.08147317630690629,2.55163368009499,0.07223684125578801,2.367301637298057,0.08481307370424006,2.0879671607859036,0.05706914298497734,2.079898857599103,0.04357231706916034,1.6097956059474354,0.04314609099753085,19.059059192832446,pdb_mean,0.4293310131966207,1.5338074251616176,0.012905265774981542,-0.230389984,0.01831235489349409,normal
1A6D,1A6D_A.pdb,1A6D_B.pdb,523.1705555260005,,,,,14.354230383387753,0.8934390674455718,5.049004119858667,0.23533138116657493,5.183668466685673,0.3620744775473717,4.146334154633748,0.3115540067217025,4.452713407065526,0.3254166969383199,3.9113992143870777,0.3069347135853031,4.297541906266377,0.3403446726241604,5.716053895378633,0.08908324078031087,,,,,2.8126142234002334,0.09942104455421523,2.2453550562087257,0.09350671327435763,2.3367146331945103,0.08328433945536168,2.5601590093170925,0.09040114750863484,2.4079123380725274,0.07438424455975036,2.385073352344246,0.07366128445081765,2.1156254307151747,0.0746161497317982,1.7037869206004428,0.07474717920400821,29.047177126495306,pdb_mean,0.11019614668681244,1.5254852291266499,0.018814193972888464,-0.18992941210611947,0.023954051560383372,weighted
1A6D,1A6D_A.pdb,1A6D_B.pdb,523.1705555260005,,,,,12.036168786227538,0.7085626971926681,4.99753224217514,0.2362819779740994,5.17736978665464,0.3717125494471797,4.067413563238272,0.3027006698224552,4.354877870455933,0.3183485851242917,3.742419779049898,0.29445615745024745,3.6148587564784935,0.27014222966726925,5.700178007110004,0.08356575329542912,,,,,2.8675869135400354,0.07312435157603879,2.2942784647186567,0.0885581726306485,2.3630403607871036,0.08318383883352418,2.5404790835198265,0.08341797196937481,2.3879140813633164,0.06688576972478687,2.3743522557659484,0.06444733153306884,2.2300494930278534,0.05799776800484631,1.5999259886009845,0.06226968145026616,29.047177126495306,pdb_mean,0.11019614668681244,1.57357697683059,0.016020833131886417,-0.2655324475,0.020124251844920376,normal
1A6J,1A6J_A.pdb,1A6J_B.pdb,549.895738487,1.2361148800234456,0.09000145654941216,1.4222728069497503,0.08717692598165946,1.9021036314328588,0.1585998158985276,2.4450207402419295,0.20941797607380605,2.863193617088603,0.2658263997328463,2.596629983523031,0.2106450401567523,3.756295923495962,0.23972308996869846,5.318022865527954,0.30552020086826015,8.005360078851101,0.597826360596956,14.500474748234627,3.6806587062974336,1.4650733592389686,0.024025866623861157,1.753676737224309,0.05186447179791597,1.7524635548243488,0.05542706609616458,2.0259049565234477,0.06315959751232289,2.1484478614257285,0.0726213041332203,2.0992885880345287,0.05699582790003379,2.389203719623198,0.0690303745747975,2.686253014183305,0.09070574706866956,3.287365022664975,0.09536838409463053,3.0386837134508737,0.33283447735385674,14.553074062979432,pdb_mean,0.14489260349197347,1.482009368786978,0.018467309069380208,-0.2127498936831101,0.022632118860166247,weighted
1A6J,1A6J_A.pdb,1A6J_B.pdb,549.895738487,1.3318453271331916,0.08565825890786057,1.4605278666437842,0.08811570966901588,1.931535641539001,0.15595596326989103,2.636770760286979,0.2125625953605677,3.138192877426044,0.2628331450984595,2.587952551984719,0.20763722294006062,3.603555397788422,0.2342511538531123,4.919987786561887,0.27642989540122825,7.354199526732918,0.4861123363436355,14.25360944069463,1.8529740261584509,1.4694820138104976,0.023804779662007173,1.7533212781953287,0.0504615741442558,1.7662472275722967,0.054771165177161664,2.050224774044788,0.0626991743206924,2.2274540830411045,0.07244954255272207,2.11443395333741,0.0565617402728328,2.383561164115319,0.06659366015627607,2.849078062705554,0.08662525753082578,3.4313631387886283,0.07235987587976322,3.8554858855998653,0.19745664338034108,14.553074062979432,pdb_mean,0.14489260349197347,1.4862819954616888,0.015854544403045765,-0.33099583524504694,0.018477095244699974,normal
1A79,1A79_B.pdb,1A79_C.pdb,557.3452844939993,2.247365138868363,0.09282126536798758,2.4737794819001255,0.19431231155636025,2.989757172235083,0.22020993534420297,3.335047088352465,0.28188433953018094,3.564883674392852,0.3637931341177438,3.796872910211673,0.35920796865263277,4.386903165754861,0.34300743625205665,4.468847380477185,0.2530562820634382,5.713515728552362,0.35234467239921524,29.544042875891037,1.0774728700376361,1.265800883593192,0.02313205240291403,1.4379895195077084,0.03446049842464834,1.664340148950242,0.05626240037985107,1.7436147859425342,0.057755172480198035,2.008125799064901,0.07852378749346181,2.215845663147439,0.0719740778113901,2.5027330163238446,0.07639698021051819,2.8924372874591446,0.08547195354277662,2.8408042351943354,0.10206920260566618,2.115611334970312,0.08163354620096855,17.34832056388086,pdb_mean,0.17493141993786687,1.5746738232105688,0.017338735377342394,-0.2846647917421716,0.017919974390551003,weighted
1A79,1A79_B.pdb,1A79_C.pdb,557.3452844939993,2.1650029191967395,0.07693892697153547,2.448461742597591,0.1815761260348337,3.2247389909930364,0.22931818109671803,3.6840432462644537,0.2821063478754938,3.829351278597877,0.3557133969343774,4.047650303950651,0.34671783883577645,4.0870156081702325,0.31477296834662666,4.519360191229148,0.25005514466425804,6.366006649134022,0.29182287683846325,29.21108068293076,0.7614502670198107,1.2886724789027273,0.02106741335118959,1.4958662194497796,0.03664294753103923,1.7340621898214272,0.060596670298682896,1.795410004011727,0.0565619098877365,2.0916810805827932,0.07765653369312236,2.265968961490498,0.07069770137074678,2.5117288216462663,0.07385140294931065,2.9496661487338516,0.08537059690479952,2.706868052837509,0.07877044638097155,2.1006412114690396,0.046700343592572566,17.34832056388086,pdb_mean,0.17493141993786687,1.534592983164454,0.016107459437642174,-0.35762371400000004,0.016084117470744078,normal
1A99,1A99_C.pdb,1A99_D.pdb,556.3111510990002,0.415358761877447,0.02632096814701194,0.3980337662435015,0.021970313879120764,0.9874054682572727,0.09370348285546803,1.8242947218078664,0.18699970706196262,3.1679981920567624,0.25098711199577484,4.059141995319184,0.2712513204017239,4.965850774413934,0.2599171363351019,5.607557621153054,0.1388622550461264,9.039183397492415,0.5547167031618045,14.29117990451819,1.5627658489126466,1.0939971548825602,0.04409193243853173,1.2050660843363716,0.03768600145827106,1.3602590661204064,0.03454062928635409,1.7480110978954464,0.04368415790708658,2.2253208474063846,0.057271841746812095,2.3190981231197463,0.056485789125315815,2.3925382064143226,0.08044418080838846,2.203207966009682,0.09054728843131032,1.364845545056841,0.04673345104424809,1.2425932895541905,0.05811831140864801,20.053855346269778,pdb_mean,0.07144595474262057,1.5098099042694164,0.017147582506622662,-0.2919953443055455,0.021034981533772163,weighted
1A99,1A99_C.pdb,1A99_D.pdb,556.3111510990002,0.41521851211394184,0.025480250785019126,0.38768795626926095,0.02111429659842111,1.0610922817753758,0.10535003701258386,1.9671874471483102,0.19508825968905993,3.182237652306086,0.24552276251209387,4.033410244510137,0.2666310381403577,4.832129160360949,0.23042146447061235,5.564777247527889,0.1383156346982479,9.75063679658385,0.5551177313577073,13.14644334741848,1.5018836116258922,1.0594267750342299,0.04166958342410801,1.2056120181517627,0.037956221218597264,1.3607086311908418,0.033989488772391545,1.7518480785679669,0.042761219562862315,2.210733839828397,0.05773800464247643,2.3135779277933235,0.056505519435053,2.2860934572284197,0.07435667532021605,2.2606644684159236,0.08708750251987706,1.372524095273433,0.044340225845237044,1.2357950402443412,0.05521648397662699,20.053855346269778,pdb_mean,0.07144595474262057,1.4948157856913542,0.013007176096613155,-0.39172927912087907,0.018323582918050235,normal
1AA7,1AA7_A.pdb,1AA7_B.pdb,554.2701011119998,1.5488698813496224,0.19060779232138317,1.5044302161495535,0.1392196436855542,1.7402687222360993,0.1583345085238576,2.2672209471579934,0.20874672072727787,2.430301723378073,0.24562605802522203,2.3074051166990284,0.22543692747942518,4.01138219396521,0.31036885464958996,5.662019439409758,0.3053561008194155,6.52500081436898,0.232838674556252,14.354171591854305,1.1118932833616857,1.7284018758209458,0.10030411574793187,1.5421694329671376,0.0636276230336035,1.598812161151598,0.060917375587049905,1.6353681155715718,0.04920205852305693,1.6524178240950367,0.06100650802839255,2.131866643200304,0.07288582508764858,2.505575426696919,0.06817318003773021,2.308784819650691,0.07533356591662245,2.3320634996976217,0.06885661862605581,1.8222077033693391,0.09036033578153461,14.8064243048044,pdb_mean,0.083854655704819,1.5966224721695585,0.016667203683451527,-0.2057045454376347,0.022190576278468238,weighted
1AA7,1AA7_A.pdb,1AA7_B.pdb,554.2701011119998,1.982620436848519,0.17181182487116975,1.7009710659780841,0.1411767662197161,1.918615836109276,0.16009820134860236,2.3404962818999393,0.20989574767740335,2.797832359659271,0.25769447392473877,2.362118733835098,0.2250607863403443,4.305661852800345,0.31527176683463004,5.595763101368613,0.30152420331620133,6.191838614090114,0.220707010114685,17.026245782467115,0.9408074025283862,2.021092822990711,0.08847546009037857,1.6756818918820184,0.0697080600765092,1.638596304483307,0.05638850798514665,1.6413181092964084,0.047048482204222086,1.6850148019678906,0.059838923732814006,2.1786747813773117,0.07315434648382092,2.560560247802246,0.06758382290352614,2.3755229451647546,0.07427842367803485,2.443536294149413,0.06448081554791343,1.8507192995799444,0.07433819211065565,14.8064243048044,pdb_mean,0.083854655704819,1.5825720485574526,0.01716437339059629,-0.31248569949238575,0.018470045281661462,normal
1AGQ,1AGQ_C.pdb,1AGQ_D.pdb,554.4372810549994,2.765990277241131,0.33209497268076943,4.530374246338976,0.4792095663167931,4.84964118581337,0.36079582556008205,3.9451894247533206,0.36456864077953055,3.340335107327415,0.332991987759967,5.143457082688715,0.4899499391117506,4.728293784837266,0.41684021289452294,8.427654618171365,1.0901291445614152,8.395063064360837,0.6765859586448276,35.4678701155454,4.323969047915593,2.207615153484767,0.05731236220713815,2.158630939099726,0.05808232340848731,2.2568787463819877,0.06339214883345674,2.163405368370732,0.08152135758031961,1.7955438742978789,0.0749188503615041,1.9448088747648367,0.07287499228780048,2.1053982979107997,0.06840464505530826,2.6580765300708076,0.09927757000168334,2.730897969210312,0.088741709896742,2.1759089630443045,0.08572755224668474,19.059131915843174,pdb_mean,0.39856698145717195,1.467840585530163,0.0164307815017938,-0.16097007081414977,0.021831538520372472,weighted
1AGQ,1AGQ_C.pdb,1AGQ_D.pdb,554.4372810549994,3.8012946466991404,0.3251363640723479,4.349632352429216,0.40084397817026574,4.765632841799526,0.35272137209838494,3.9373615339401367,0.3524906042310883,3.2843282989204914,0.3332331544146102,5.715105455997818,0.5043266091084108,4.6119072201910765,0.37152609887455224,8.090348275677389,0.4942922012173385,6.4352236912367085,0.5140731521830446,43.86609556256922,2.7660835211659465,2.183422808935276,0.05330564724403788,2.208698396794746,0.05085070076924707,2.2566752904343943,0.06319619715991978,2.206225702981545,0.07752740093592583,1.8062908425560265,0.07660259424151397,1.9335674663582574,0.0702215027854442,2.0360356617985853,0.06356580041182867,2.6370189746134445,0.05509773293208421,2.887835345737684,0.07567367184450471,2.226657862832418,0.05782517187892875,19.059131915843174,pdb_mean,0.39856698145717195,1.4953104560085924,0.014608277239458147,-0.16311860062565173,0.019936300836658313,normal
1ADY,1ADY_C.pdb,1ADY_D.pdb,603.438764429,8.135434659327084,0.46530688920859997,3.6211385807974605,0.2833475264910062,3.790669340109903,0.30171758209184374,5.152286376854468,0.4608102086438887,6.386554802853547,0.607356337477949,5.657354542404263,0.521310940917168,8.040971008829084,0.8256619062574247,9.911934257183095,1.9682241384198664,4.726068065316645,0.32413536939096765,33.16749242190436,5.028415438659794,1.884271875409756,0.041259998532719215,2.3565680205982815,0.09009239513363533,2.08606329627002,0.07660452144061315,2.1891105822812253,0.07702125456358415,2.4922578183959327,0.10230939251472912,2.480844099949058,0.08184503648885921,2.4390638891312126,0.11225519484399664,2.660056092572148,0.15081701417163754,2.586012701877885,0.08392000084665578,2.2959334996385135,0.09473524793863679,28.592449186748368,pdb_mean,0.30033673911536807,1.5077410639043722,0.017872595438533527,-0.19479218186458114,0.021652628980760414,weighted
1ADY,1ADY_C.pdb,1ADY_D.pdb,603.438764429,8.496269822299759,0.38479158646851125,3.702901928742607,0.25928075100079867,3.65934858771965,0.29922488913578904,4.844996030577627,0.41801837465881136,6.997118232209361,0.6595712580834091,6.005673468712049,0.5237961630986336,7.642130938544858,0.650430098792722,5.7044023914771405,0.5982986750839172,4.752323279346069,0.30611586336531676,39.57834201198374,3.205879483693058,1.8515948593210336,0.038255963963623726,2.2609914821376704,0.07613221391335304,2.0191402812637818,0.068810489120841,2.175566561807534,0.076205432298693,2.4833866240004743,0.09831463093755448,2.4228323192442995,0.07902811789471505,2.406372794747626,0.09121063939446013,2.500596172147715,0.08186652445093642,2.539211066404428,0.07977640477642539,2.39139566626142,0.06675356502456245,28.592449186748368,pdb_mean,0.30033673911536807,1.511788046911025,0.01349335283327011,-0.236751664,0.017615722942389965,normal
1AIH,1AIH_C.pdb,1AIH_D.pdb,561.1488188909998,7.1443274954312175,0.6313820476214845,7.1166951235962275,0.766857870821379,4.953219933282906,0.4777899674465293,3.580881086744514,0.3678643764161685,4.140095731718659,0.3525807284084575,4.795919958530809,0.40472297094205106,4.796298012248401,0.5181745741541532,5.107835076064047,0.8273108219840447,5.316674226807242,0.5074755098189409,51.11024646657194,0.153759702373064,2.546648479384857,0.08093613347028211,2.954922509470416,0.07898428711112433,2.4786889693808063,0.0846247101135658,2.0874373552942704,0.0758162821598543,2.23560995994465,0.10012160460367918,1.958907326321378,0.07416851703025859,2.510204003037693,0.09713866552937958,2.742526174356113,0.1488938626024156,3.4006716724503616,0.10745968677851014,2.179539902406334,0.07735684113716705,17.771226234030912,pdb_mean,0.4693615597480648,1.5989821610629344,0.01938190746621571,-0.18158318322423916,0.020917472079097037,weighted
1AIH,1AIH_C.pdb,1AIH_D.pdb,561.1488188909998,6.923743748909971,0.4887749000547556,7.022406669913234,0.6113740382697681,5.43229227029264,0.47661457821054576,3.6849018566280787,0.3563532559135545,4.118731377300527,0.34073191351156645,4.786885737158593,0.393226844847813,5.036823973431492,0.496211511910173,3.4574372864890983,0.2444801863446196,5.643946829195442,0.442669840249836,51.347591247149275,0.11847235988772539,2.4427020643195267,0.06575773568968879,2.9278913516489964,0.0691238986472048,2.4577856756486565,0.07637499879611533,2.102748355621917,0.07333167593982358,2.27178903497356,0.09032482976587965,1.9685241119926564,0.07251217426447798,2.4649006493552212,0.09534536067975029,2.8492564599228745,0.08164682926292424,3.5269736535011895,0.1022439799245963,2.372251303192777,0.0630171902715215,17.771226234030912,pdb_mean,0.4693615597480648,1.562203590578571,0.01705541972816675,-0.214739933,0.018145071001258145,normal
1AK4,1AK4_A.pdb,1AK4_D.pdb,539.7620470779993,2.7763113748606334,0.3234227316454644,3.4613290043880345,0.30176862405529425,3.3967449691303853,0.2934195566944948,4.2972102269651575,0.32801425840287685,4.02231430779902,0.3435700897732396,4.776036302579745,0.3533630262965099,5.425157157653083,0.34002475602773297,6.269612523196589,0.3117081782509221,6.394568232141676,0.4414762648595382,20.693142419446417,1.9488345397306166,2.1613076074403774,0.05258299910529011,2.2455999742175776,0.07839415137345672,1.9840858196478297,0.08515215270019462,2.4047477684116783,0.09352668254331324,2.5558890658693456,0.09289278575862032,2.556779740431496,0.09282754980929603,2.4215540679115177,0.07930664179795054,2.244613003839996,0.08272353447749595,2.2830167512154134,0.1332888525416063,3.4213029047305477,0.14130016832497,15.32156660949829,pdb_mean,0.30416616784365086,1.3625251373412814,0.016286463513509812,-0.14858702517814562,0.02208129619763233,weighted
1AK4,1AK4_A.pdb,1AK4_D.pdb,539.7620470779993,2.9016897563878516,0.29253004324670656,3.4146412101113217,0.2837271252063743,3.1981312536152284,0.29124021923403676,4.361178990592948,0.332927015267697,4.484733989664482,0.3602063121218242,5.319957287546632,0.35958454392407585,5.9014620242119165,0.34482551607034206,5.940085809120748,0.30303295634157384,5.600331241710961,0.29198537484330545,20.70947340261562,1.7016606705035906,2.1894477240009973,0.04726878298579055,2.3075113030236474,0.07534061547207677,2.0696810223158653,0.08777414506599898,2.472527340952081,0.09317512607281467,2.6570279886538346,0.08912939556165259,2.5645638435589926,0.08139412525714204,2.3404664455111974,0.07073649538672402,2.235974340685766,0.0823842295534989,2.3694857458431446,0.0941158693131918,3.518582664775268,0.11549679836135796,15.32156660949829,pdb_mean,0.30416616784365086,1.3533490907022576,0.015165932222440025,-0.2623915388768899,0.01824993203192486,normal
1AUI,1AUI_A.pdb,1AUI_B.pdb,568.571321424999,3.2981209121207273,0.34658360790882686,3.372804726567204,0.38579235093094555,4.311989223246737,0.5760679509027081,4.212883339303119,0.39688478021231804,6.0889162384220885,0.5866724825122626,5.750120153541392,0.4509007674179687,5.296690286844447,0.44221871468064394,30.634760227596523,3.2414082576199035,4.860190506186081,0.32751322005376965,6.972800729009022,0.2888099044478825,1.722211780141655,0.05339833554873091,1.8626854351202595,0.08469752012278266,2.2193294171753384,0.10983053728502049,2.3146569266064856,0.08255801202129358,2.2642681544030068,0.06865342182585575,2.1985814888378994,0.07388443226350119,2.420787083376959,0.08412315964622027,2.174332101909225,0.1473000739099819,2.9257423298241245,0.13249706757154509,2.499841810375127,0.1239487416511893,20.18818360618724,pdb_mean,0.38758998297144764,1.706431119551598,0.01691534458033708,-0.2150881966281247,0.022405871822765763,weighted
1AUI,1AUI_A.pdb,1AUI_B.pdb,568.571321424999,3.4185017419785133,0.32614858050674445,3.293434631427325,0.3567738979065395,4.473464540517429,0.4663928441757174,4.1817628908888915,0.389216790547747,6.2153234257737235,0.5670639956672481,5.8818530530348765,0.4316480759130492,6.161054220898397,0.445849263914194,19.054560717131007,2.1869677210468117,4.657427322464176,0.2731015302370532,7.313929941895569,0.18036180490388204,1.6904179428955444,0.04831701906858292,1.8738566705457516,0.08120248307181178,1.9835153312025622,0.07023638753036646,2.2959166268887703,0.08294903561166486,2.274474336938841,0.06142426553325919,2.2637354086560233,0.062411182062632166,2.4806706873601856,0.07863298501628004,2.558584512215137,0.09907662582529168,3.0528571449163397,0.10833189430493592,2.3868147186317694,0.0771637271272991,20.18818360618724,pdb_mean,0.38758998297144764,1.7798442649589263,0.013681776496090018,-0.24654269392033543,0.018892895902791522,normal
1ARZ,1ARZ_A.pdb,1ARZ_C.pdb,579.5775009749996,1.9145299106456173,0.1976264943225358,3.4802144877380745,0.28257110280468445,2.8187467464593756,0.2985499009720037,4.423665619086778,0.5184477192307569,4.488796518884793,0.396363123042392,4.325966808953803,0.3701604749691892,5.5747210985085145,0.4016910767175351,6.335408425896215,0.39085094545070653,4.744964795237323,0.40911011826230453,29.21861878614197,3.439883483319392,1.8093404038989191,0.04151996387152621,1.908125536771261,0.057590805922352065,1.7586488166689491,0.05172131326596403,2.011451714046107,0.06315282417826375,2.095453100345679,0.09806017557562773,2.2670940036942917,0.08166019684464554,2.386131668722962,0.08416303198718891,2.537308771695568,0.094735845007552,3.364540818160975,0.11459782533676252,3.5197181735445167,0.17861385127005697,20.17843176166133,pdb_mean,0.2569627690411612,1.6412685124038524,0.016895432650859268,-0.15294262674336404,0.022306348924146867,weighted
1ARZ,1ARZ_A.pdb,1ARZ_C.pdb,579.5775009749996,2.1153923624007547,0.1770318042845636,3.5255323648301657,0.27306475874790337,3.4099372778541706,0.31011127802547067,5.804472779364152,0.5520213535580362,4.884780004094993,0.38984497762797304,4.619356917376454,0.369153147298608,5.83725674783255,0.41018635072617193,6.223106689585375,0.3937812226522651,5.075616852780357,0.40748019662820656,36.62919644370126,0.7966230394339603,1.8063847023005666,0.04085939648439055,1.952381918506397,0.055563528498010196,1.862500998548727,0.051594992882899315,2.1680794583067042,0.0621802486788855,2.257949146899421,0.10127762655753536,2.232312292378459,0.07552250519821967,2.371248570236163,0.07881580239124789,2.4931761639675094,0.08868582704822588,3.1808073869153635,0.10446626799956762,3.778798589943181,0.07520937953079367,20.17843176166133,pdb_mean,0.2569627690411612,1.637008382882932,0.014062785962679875,-0.20173793499999998,0.019080908419921633,normal
1AVO,1AVO_K.pdb,1AVO_L.pdb,568.4010738569996,2.7480921446349376,0.20615739761926302,3.439437569397231,0.408164054874495,5.502273157212252,0.4942682194909301,4.020505591341052,0.37174106531643775,5.571553663007921,0.48186041710804667,4.425027948761701,0.34252205090643834,4.42523886473833,0.3067581234585746,3.8752450537562986,0.33961244772142307,4.098496013105607,0.24839713959833035,21.20432688795072,2.770982581384373,2.728782734366035,0.09772802291948729,2.336573582990161,0.08837314679677023,2.2046530344105584,0.06525150691969141,2.335097188742907,0.08303311851937645,2.360082934547569,0.09440501375803863,2.127670188113095,0.07399277614988299,2.185723348360248,0.08422575249406841,2.3468912947640588,0.08430686781127995,2.8615165437446195,0.06155351003729114,2.7031430361641067,0.08131646583314993,22.877448891951477,pdb_mean,0.18504558526677867,1.6358462758783139,0.01266540833652809,-0.03918828560404816,0.0214210564561698,weighted
1AVO,1AVO_K.pdb,1AVO_L.pdb,568.4010738569996,2.8018892641687434,0.1969355804362868,3.6338670505838193,0.38224825753784636,5.801348106314296,0.48987388533062715,4.460682968273865,0.376713946302634,5.46471631713765,0.4460700354171595,4.5124993141746765,0.3355044370323809,4.447827212237479,0.30654717665631404,3.7017798026783617,0.28243763309929654,4.138568034119218,0.24373458753586594,21.60836553205638,2.497267679780269,2.7456398448837667,0.09537578090240374,2.3313499876184025,0.08479013795399792,2.221621476540101,0.06528063565502537,2.4319950393805723,0.08086303797276553,2.3996521168311182,0.09436104758976253,2.1248981877391944,0.07080418485264424,2.2802981025170976,0.08101388423095184,2.357396599741164,0.06111977587733521,2.853678302204214,0.05911897212392504,2.861683737703516,0.07160250930736126,22.877448891951477,pdb_mean,0.18504558526677867,1.668516831140401,0.011632239092133498,-0.07500473099999999,0.019785283627592024,normal
1AVA,1AVA_A.pdb,1AVA_C.pdb,585.3242498020008,2.257997945517576,0.2173511360992988,1.8916700712923356,0.16828716937640156,3.263679524222118,0.299282615448399,3.182760919346251,0.2448718717703083,3.2478463433062448,0.2664283764480938,3.4376402375103865,0.2802417361344115,4.302415783395406,0.3312530337750438,5.219784158518415,0.3008414513032579,7.131330715518338,0.32608394411009156,32.13519054397311,1.593673041322133,2.0402095014561787,0.07941583311979636,2.0155818648187376,0.051841465102497375,1.8813094015517617,0.043202200973792716,1.9685860617574278,0.0518135896886847,1.842547788747678,0.05663898894688165,2.0576485205389967,0.0613466208724902,2.2326377668391504,0.07703660417890065,2.4259373214573743,0.07802244864924839,2.595045149522336,0.07570049019457849,1.6207055920754343,0.07292069492158088,18.676506446888403,pdb_mean,0.17227985524844885,1.3991566221500678,0.017851134040457385,-0.19601503640568496,0.020690250159271395,weighted
1AVA,1AVA_A.pdb,1AVA_C.pdb,585.3242498020008,2.6223667664388186,0.19997712046599464,1.9197167780303752,0.16116860429873678,3.2873497217519074,0.2994276192347366,3.273977667683998,0.24186875064891958,3.214377683365324,0.25831527871773263,3.6096083735409583,0.2647153613257993,4.37005668354148,0.32929908855564755,5.087229318076776,0.30574372983981973,7.307466495211401,0.3270749086560322,31.4544706670734,1.5400874469932047,2.2170475463139563,0.07108683273075975,1.9920515613538283,0.05075311764758376,1.8688440690771835,0.042237085518794425,1.9990313521813043,0.05223954393224404,1.848406999712532,0.05358892993613534,2.081600708359967,0.05920896470473197,2.2233468148885858,0.0730569529586459,2.445666935717617,0.07773472561236541,2.6271057774119817,0.07222187708823695,1.6123032750761046,0.06746920084105375,18.676506446888403,pdb_mean,0.17227985524844885,1.3742784306637141,0.01606667800100963,-0.286039692,0.017434979883111414,normal
1AVZ,1AVZ_B.pdb,1AVZ_C.pdb,567.5686106270005,0.7684242948751495,0.06592066349693149,1.130929089385029,0.06307788817900654,1.65477518066761,0.12151627704753905,1.856002145205965,0.2100582184237584,3.729171893026415,0.31569063137987097,3.972632156997897,0.3108515234603662,5.197611558379678,0.3506711668097544,5.631257477802115,0.41883805026082954,7.0891614176644895,0.39335761619853354,29.417208892084073,0.2610383184096595,1.5185285274454625,0.03346860078582636,1.552412618779638,0.03535794178222345,1.8401517511246501,0.04664641983017008,1.9928337717872302,0.06854698191060146,2.2233199912649764,0.08482669043293405,2.3132017207045767,0.072054344489617,2.4461695485532076,0.07118469377251926,2.950153096732085,0.06551059635769314,3.201523281609243,0.06305800793646119,2.700909533535999,0.1628813881440281,11.971935998326533,pdb_mean,0.14696509451532702,1.4821989758323697,0.013160052304663853,-0.224133555549759,0.020448722406683956,weighted
1AVZ,1AVZ_B.pdb,1AVZ_C.pdb,567.5686106270005,0.703873516294041,0.059824444392348956,1.0688407765898527,0.061890937335205135,1.7296518084419572,0.12022720500690505,1.9338964464420263,0.20907445231422694,3.5994259635284154,0.30448740305133287,3.7349729709957016,0.2739750465289141,5.61639301278996,0.3070537613882426,5.733335084122003,0.42666051810408456,7.231589882696555,0.3496374924779534,30.09772850097793,0.12640124909164893,1.5425073017907938,0.030881318848377602,1.5604494125843749,0.03509587970338473,1.8313155724195167,0.04520254161024967,2.0015645653660767,0.06720716255567329,2.290050997781849,0.08323614970665931,2.394589028535588,0.06383204009641093,2.446631367384241,0.059723882115695556,2.9476420318202634,0.06343012018622944,3.210983360809608,0.06030410799286447,3.2703693202415924,0.11990694052268654,11.971935998326533,pdb_mean,0.14696509451532702,1.5203525236350222,0.011759997766213793,-0.31008905839416057,0.018193058492850793,normal
1AVX,1AVX_A.pdb,1AVX_B.pdb,584.6569904009993,1.0925844892633454,0.15327443965807386,1.6906897005229915,0.2445332280439464,1.8934030661503347,0.30641007488421185,2.797455373016962,0.2977541827194868,4.149690322633791,0.29974548892315983,5.220393106127267,0.3041008661120585,7.504031958782494,0.46820898629187196,9.63583764479388,0.70802255968477,21.54031025783402,1.2606750942333447,23.827804028107234,1.804796478331393,2.0225605674217375,0.12529416247274922,2.021407464341077,0.14229864320770788,1.7955717278306422,0.09756063955862268,1.92913278464,0.09213625660757717,2.0341835952647855,0.08838169671039406,2.478966130890373,0.1187728946528407,2.3028472669797497,0.1086198205402873,2.343494354677931,0.08355028950427737,2.19767310978426,0.07227083264213974,1.9583685655536913,0.08057218363278694,15.86321452297048,pdb_mean,0.2520902611411241,1.4120261908276204,0.019833879368022046,-0.3409819153193243,0.019069364121299014,weighted
1AVX,1AVX_A.pdb,1AVX_B.pdb,584.6569904009993,1.1094760814709383,0.14130581366738215,1.8810334760859586,0.21116504057741273,2.729441653993719,0.33664405515792484,3.251408795214031,0.30481975443031584,4.41161048988103,0.2993980252624034,5.466321936870653,0.3080524875335743,7.898490543982385,0.4976678258792324,8.44748507406262,0.5494296750386012,20.971042049907854,1.2361363649850075,23.264073510191885,1.3477501690815628,2.0374649589314346,0.11354518690977666,2.052787268069452,0.10914584200186064,2.0699603428952065,0.10287688167025155,2.1918957185970998,0.0920189590331283,2.17507149949764,0.09310140917986824,2.6463594856360624,0.12310195726434374,2.380991646066371,0.11352739419637443,2.3475614368845568,0.06864311082865458,2.2104756975305877,0.06846560754629213,2.044079291829452,0.06553225566224224,15.86321452297048,pdb_mean,0.2520902611411241,1.3437723507853458,0.01561786214715924,-0.39305936847492323,0.016554009448936965,normal
1AXI,1AXI_A.pdb,1AXI_B.pdb,538.0434861949998,2.0955418518134414,0.16958739834114805,1.938391291672842,0.1942524188384413,2.333854110418382,0.21827254420204056,3.867381102412166,0.2693515002093868,4.421241408587009,0.29633460752556856,4.9866655962609725,0.33505000758563974,5.931438188618616,0.3814205395556056,5.23865053675227,0.25294869952955706,6.519650797790104,0.33349305974233245,16.50210061974877,2.5473702045029962,1.554335728009696,0.03253386074421012,1.7856536152030045,0.04931808433140353,1.9246549162374211,0.061995395463894265,1.8499675130285913,0.05334908302913458,2.263782834312695,0.09193516460646188,2.523592750067944,0.10888622331196539,2.101275454996816,0.06939043526828148,2.4959066568513446,0.09034248434669379,2.495236259743279,0.09667297521092033,2.3792141982589934,0.06901048634693323,19.338885106114013,pdb_mean,0.2553230939233656,1.4771614963461657,0.015698047701953995,-0.20530273898585935,0.020861643550507278,weighted
1AXI,1AXI_A.pdb,1AXI_B.pdb,538.0434861949998,2.2297244455458762,0.1460442390750885,1.8695760534013355,0.18060374171287197,2.390053897818488,0.21694989356625802,3.944586166378845,0.2708135143520044,4.410189481809175,0.2963482150972237,4.848244823784856,0.33087159917075326,5.775161074276417,0.3847384990984263,4.879231566386072,0.252893499993988,6.918199040585761,0.26220598936132633,12.109749679218837,1.5587636404427938,1.5013313716661008,0.027198810081995282,1.767866225423061,0.04486299892676327,1.889842628625307,0.05947129570586732,1.8854456172191505,0.05489556449924532,2.279789881236171,0.09247957632556421,2.5770085783717915,0.10932114398544676,2.0690245044172384,0.0645563701941504,2.585435783329889,0.08549343007858508,2.4909981096898495,0.08936219665680094,2.2272086348148696,0.04304777479106963,19.338885106114013,pdb_mean,0.2553230939233656,1.4891590734582367,0.013050684586625736,-0.2640997126789366,0.017530533314455123,normal
1AX4,1AX4_B.pdb,1AX4_D.pdb,594.3711832579993,4.041058148545538,0.3171630387696968,4.145005042519384,0.3415498596274605,4.135663882655339,0.36728815322378766,3.843753079805244,0.5114068820197498,4.823526883191539,0.5291731178293818,4.268498354150217,0.4421766022932283,6.023700821974987,0.5527328289263348,6.679110404677803,0.5559688695071893,6.8849630549015455,0.3380139863355728,22.044118930645986,2.279808372059567,2.2948811491340715,0.04494746710305724,2.272480496555733,0.05514252881597575,2.3372879538659737,0.07443457428129206,2.0903453552492985,0.06735335112125182,2.305231034754827,0.093566630148995,2.4131339250281,0.1044334856591327,2.3552954828492396,0.07144264671068774,2.0906232150923163,0.09432009293766479,1.823122352780417,0.10063624613874345,1.5485481321823003,0.07955682143172432,22.124757510928333,pdb_mean,0.3332997706025439,1.5765102972307998,0.017057566623916783,-0.22501318326529274,0.020393626400084297,weighted
1AX4,1AX4_B.pdb,1AX4_D.pdb,594.3711832579993,4.049840257484036,0.30965197340718825,4.135935271564594,0.33831603149413186,4.361637875918646,0.3666682997119541,4.810785216971722,0.4790895965019776,5.881827027653946,0.5016439256575185,4.863644449927942,0.44802697660352575,6.746796464737556,0.5782136765867508,7.101204465340393,0.5635157714393678,6.48958815649851,0.22237394066120858,15.00469609832051,1.514003861057198,2.2740878307487113,0.04252019390075927,2.260225951306132,0.05343706380938301,2.369061894525994,0.07305386897749924,2.2545980142609885,0.055487907132726666,2.4933112539484266,0.08293356570193167,2.539581100903999,0.10574484241667703,2.411972038183656,0.07217015776139044,2.251382235266199,0.09689804888038991,1.7633502364932783,0.06088060724148205,1.7692277117194348,0.06299555463912904,22.124757510928333,pdb_mean,0.3332997706025439,1.630017503447502,0.01449568459953693,-0.19949728498467822,0.01869292691091904,normal
1AY7,1AY7_A.pdb,1AY7_B.pdb,498.1382446389998,0.8596198904304371,0.08985944458016538,1.0468035669117797,0.09991043727782596,1.2366493289994325,0.11187253247853762,1.942920862039417,0.17124253063318037,1.8921149532145856,0.18979720436178482,2.1699380157655863,0.18556727769503914,4.142432538560127,0.28308854257896154,5.871708361753467,0.2746789542275492,6.326510997675804,0.229911590111303,18.961252119618997,1.6913854462179356,1.4183070607001904,0.029677877543084066,1.594894994006802,0.0294859013777508,1.758136078521405,0.04947488016985814,1.9494106624754108,0.06352937092454433,1.9907194111707665,0.057034952145387015,1.9825239333119407,0.05010093761096577,2.0072924036006348,0.05519814584983509,2.1840478951677955,0.07183703218549044,2.402960137598119,0.10038428088359704,2.5664336506427015,0.16802338560256463,12.280258205972505,pdb_mean,0.12738922787789422,1.4441308444702416,0.016586201527349062,-0.2822004118609787,0.020822254462776926,weighted
1AY7,1AY7_A.pdb,1AY7_B.pdb,498.1382446389998,0.8716046006145878,0.08662330535831969,0.9256099768637065,0.09225953131513605,1.146177870495208,0.10540767079532525,1.898357645778818,0.1650773650493838,1.8511294374871232,0.1684146070126889,2.311367319997143,0.19023015119780465,4.275506073399603,0.28715393289136915,5.6681221320967605,0.2711167618236953,5.831263210839983,0.22767494163727636,24.883484281103886,1.019694888618096,1.4001397454645235,0.027739951755738342,1.6186176069737415,0.02899362285195036,1.7754527318400144,0.04905535978899544,2.057834509335808,0.06749219869544311,2.0507826978784616,0.056457731733712636,2.0326015250701746,0.04918862845215867,2.0246784487380993,0.055059592815579386,2.210031842392126,0.06750401101706134,2.4839690019838945,0.09494384082200572,2.8605295155647843,0.12343357639403832,12.280258205972505,pdb_mean,0.12738922787789422,1.4421198416321364,0.01525214721783828,-0.38737749834254137,0.017369758223653445,normal
1AZ4,1AZ4_A.pdb,1AZ4_B.pdb,528.2086298069989,3.565822958331178,0.40103742183020813,3.9210855266041627,0.4560564894474143,4.395061664406673,0.46123254654997964,5.903951613378379,0.46561276554903336,5.45599706521903,0.4030781713948723,5.941377356475727,0.3305621216031917,7.914621221258363,0.4894683597246117,12.30752777165875,1.2956092106011405,7.061907876392151,0.23442471444112994,4.588745054782267,0.08687542276150557,1.9123935355754873,0.07262651370213621,1.8229892417980238,0.07463125948947276,2.1148411679589936,0.09367306645470007,2.560601099098265,0.11209204511003631,2.5039332922056325,0.07386459546873501,2.850923138362454,0.09202613136717158,2.789207449643756,0.19435716788759702,3.7540727021344984,0.15065602208367632,3.139681565793096,0.20742792150648168,0.8956560892451332,0.0018738638596546347,18.905250159644698,pdb_mean,0.5100107586854127,1.3791391438932488,0.018379596901783552,-0.2891037911744538,0.021044477683843148,weighted
1AZ4,1AZ4_A.pdb,1AZ4_B.pdb,528.2086298069989,3.9151239035792003,0.3252337120763113,4.726848154421399,0.46203152123702146,4.646538796393504,0.44969123339242456,5.93206186807252,0.46874155177151905,5.423165318845524,0.3958179288163128,6.086692299180916,0.34775676430824276,8.996381165238105,0.39633135241431044,16.237647755153876,1.373154811210656,7.322377515484425,0.22046511499430144,4.538741732069151,0.08543440508082664,1.9261686809219238,0.06103508566267618,1.9090791692249116,0.06992472933289344,2.1516096817861072,0.08255985504534971,2.488454111482179,0.10403818319018668,2.444762824189299,0.0697326422483833,2.8956000953574086,0.08465757911411213,3.1324356438260845,0.13117192309596634,3.412638600020815,0.15698620735651933,3.0396023523077322,0.179746967963777,0.8945701737368291,0.0018689402507658353,18.905250159644698,pdb_mean,0.5100107586854127,1.3482074388210052,0.01535582441776733,-0.2928490431034483,0.016919818736556635,normal
1B27,1B27_A.pdb,1B27_D.pdb,513.2660905400007,1.9626066433339096,0.2255671953190992,2.0638999535445417,0.2066142043352094,1.6355902052292834,0.15317084231701641,1.6035276495210014,0.16503900864531248,3.175571473372268,0.327544314794386,5.208106001578117,0.34233693991991443,6.024891220195573,0.2779263276222534,10.267149826161985,0.752015032534378,17.336900530764332,3.370764330148142,5.383246819553097,0.2666969755335856,2.411107374895993,0.22302615596932013,1.8892740104415413,0.12190375007407696,1.909294042931134,0.05472739391280199,1.8080297313105702,0.052817740976586536,1.9171962466786094,0.059765397917196775,2.1735048099022514,0.06534355003278673,2.2349606029739166,0.08528580966139707,2.1585391144227732,0.10132129050742936,2.724025206435572,0.1418299567417798,2.969389683207674,0.11708875068156617,12.888221535506727,pdb_mean,0.2117978879644808,1.4972126218808122,0.01714759323303586,-0.20058507940156742,0.02280727318200921,weighted
1B27,1B27_A.pdb,1B27_D.pdb,513.2660905400007,2.4833630554025294,0.20398463458143865,2.5040672992068496,0.21338394122841314,1.698478350790947,0.1535109877255349,1.946047154581625,0.17838650700165104,3.427756167942607,0.3089260169863075,5.45682541427665,0.35195498389413926,6.139167381599509,0.27333777233469836,11.378868109543145,0.6657180100806024,7.522515862596664,0.5556456214496588,5.132548630632498,0.24073520753141925,2.7902478622683153,0.20911090305541824,2.1655567609172035,0.13558102579959957,1.912704244240083,0.054363536881618546,1.8382946301456504,0.05030704585222708,1.9708909385732936,0.05942446441278881,2.242708390268334,0.06461946214317794,2.2739947784007803,0.08508941878395307,2.1862460995124415,0.0670590028594312,2.9238127158208926,0.049742372922869676,2.9273607240394144,0.09786671358190414,12.888221535506727,pdb_mean,0.2117978879644808,1.4337175336115398,0.014946530734052676,-0.25378635215946843,0.01900008709633632,normal
1B2S,1B2S_A.pdb,1B2S_D.pdb,517.6974034640007,1.8327855449244548,0.2047454535398857,2.1382725308724044,0.2183913202009098,2.2850829213304147,0.21014707878953093,1.8902022742751885,0.21646082525062174,1.990364045539987,0.26201669613458073,3.3504456599418115,0.2601842407873611,5.951049359064176,0.36145382110138913,6.45057709194809,0.2459361432659083,13.145977308410954,1.0563290082929835,8.321427193047567,0.6320778566207751,1.8488618737751046,0.04996341918292162,1.7490415149354153,0.04193446716194781,1.7958061623389092,0.04842147258595674,1.9620939409410505,0.06329875248258511,2.086602996979844,0.0628921552849429,2.1119146115697958,0.06256680083313705,2.126882807279176,0.07850930941108943,2.480554351189248,0.09130907227680493,2.38145766880535,0.11207730891034794,2.627721478422806,0.105015677991589,12.932564139046589,pdb_mean,0.2332743756458744,1.424393690626318,0.016403672228771846,-0.231774061686475,0.02302796189965451,weighted
1B2S,1B2S_A.pdb,1B2S_D.pdb,517.6974034640007,2.2366491015130583,0.1967399511114399,2.518703371616047,0.21680279583277665,2.5831896074571845,0.21809573381970476,2.0290485764833806,0.2044627306502514,2.227589846801221,0.2515185262254599,3.4363405639032907,0.2564154004040551,6.240378459965597,0.37361494893087477,6.5502470473624586,0.23591091963969388,13.5112725048547,0.8902039544399807,7.857436521554028,0.5528087452007124,1.8424044387943905,0.0498445226575126,1.8067906926740753,0.039953645803433156,1.831381139473038,0.047030812015933066,1.9929282376758286,0.060498514162367234,2.1423310339109407,0.061002325142803696,2.1533172155725833,0.0641284075684734,2.2616395452753455,0.07579750576547972,2.6601438239037685,0.08558812132419283,2.6325185391447463,0.08558230497253555,2.7761839057846442,0.09019325289270627,12.932564139046589,pdb_mean,0.2332743756458744,1.3604878015279553,0.01589573995754701,-0.29586446796959825,0.018422169321487915,normal
1B2U,1B2U_A.pdb,1B2U_D.pdb,484.2355723720011,1.6747157883514272,0.23329609372680807,2.256365303370444,0.19860949182227985,2.1742219966543366,0.15246263878571878,1.6457526742728765,0.13099533393530405,2.1408196100258667,0.22420492941584072,3.7351287704877203,0.32424572047382627,5.523875640969307,0.31350162288854205,7.369177423443224,0.3278453416736717,10.954699922104234,0.6303304549524313,33.34831150653979,0.2652351070952222,1.8042663156189418,0.06843363361478703,1.725048399097112,0.0331545335510809,1.7545561210857195,0.053607162341028775,1.8377523441143442,0.05155443706335659,1.9550711713990845,0.059386570361612996,2.120598735872101,0.0713644870034052,2.1229590616581047,0.061361698472308004,2.215493893669972,0.09280388267354302,2.553116477457405,0.11988177124194495,1.7435329596963325,0.12944688958603673,12.909247410446337,pdb_mean,0.22251283314471995,1.4583169210471278,0.017294479816917126,-0.25830857680807445,0.022925748285772405,weighted
1B2U,1B2U_A.pdb,1B2U_D.pdb,484.2355723720011,2.2115872925401274,0.19339756026700572,2.1832425382288805,0.18106482932046084,2.134484910540421,0.15156663456675232,1.68627526992089,0.12950093030566467,2.4263473173106487,0.2195426712573718,3.8153047707466397,0.3316249565111003,5.552377229551244,0.32053137227695194,7.36903029400465,0.31230306515542255,9.460191300252047,0.48888808476026524,33.40265303637768,0.22626313137936713,1.6895950861538809,0.05548903069950182,1.738920647395996,0.03051118045510487,1.7995453110543664,0.05354148617406375,1.8658569199908208,0.052758758543194596,1.978462938928406,0.05971593614719167,2.1862702043018785,0.06696169601821061,2.133577258901356,0.060570373304882116,2.3662368306395227,0.09150588347648829,2.6265803661886684,0.10712270975414181,1.693364177977741,0.10094012009391794,12.909247410446337,pdb_mean,0.22251283314471995,1.3812055823850264,0.01695434764202653,-0.32991372022471904,0.018844946293797203,normal
1B35,1B35_B.pdb,1B35_C.pdb,552.4686685079996,3.0868313702535035,0.3125150590501514,2.644539077786645,0.24368655848041287,3.859145754521786,0.4160478377542369,4.911518414042394,0.5070442934868344,5.416202272081925,0.5816680612047774,7.121514716235627,0.6324672595352017,4.646906928380558,0.352683578973532,5.383072102185206,0.40791870253714513,4.874478661924542,0.2599644794353463,6.144114354228542,0.21365959246570274,2.220508510395424,0.07535834169061062,2.1986319660426026,0.0892406544772686,2.009241958206769,0.10286801854084403,1.9131028038827675,0.0747439946295857,2.170683190616066,0.14729597580349518,2.5376583330194404,0.11032694677776933,2.5585111416184847,0.09336221221342127,2.566006581809227,0.08736059047127027,2.767899523447364,0.09290978834911585,1.2772216175182294,0.04563067102387724,26.613702850520873,pdb_mean,0.5125323390144959,1.4410550241730786,0.01977041139706283,-0.22550948773707485,0.02063627145091633,weighted
1B35,1B35_B.pdb,1B35_C.pdb,552.4686685079996,3.5593071389021587,0.29301373913663087,3.0189967707070218,0.2457466016177488,4.845441816065421,0.4526317272087833,5.631215066977452,0.5430352687678014,5.938179187039846,0.49233259445387584,6.143573764173456,0.540195203066219,5.017592266148298,0.3805409426025754,4.953116867711119,0.36969279896151097,4.571563234648295,0.2707285919908227,5.899490628290202,0.17981042843437567,2.2656287194250213,0.07044011383350154,2.2004317135796057,0.08088973196020079,2.094662233742331,0.08998030356284027,1.8894538838372263,0.06435415703594097,2.2190392040621503,0.10456518209807335,2.5039004084121737,0.10018472300746444,2.6237397180354503,0.08705626681942218,2.5924176574082543,0.0767837112600494,2.9597119645505616,0.08848207906870792,1.318361782325728,0.04461245362414408,26.613702850520873,pdb_mean,0.5125323390144959,1.48984805860072,0.017632839979243076,-0.24722869799366423,0.018298602611238807,normal
1B3S,1B3S_A.pdb,1B3S_D.pdb,486.35587598599886,1.69849076333945,0.2451339020242693,1.9449205143603625,0.21205542665935304,2.272058791285732,0.17206673555365107,1.869750149650009,0.20430332943319074,2.221257500600528,0.21546978583966345,4.012379057217311,0.3003152034485712,5.6222466371525615,0.3524792942710895,6.660254502665639,0.2690999580394082,8.749710608600742,0.41865855661081125,13.521717475395532,1.442199539917821,2.4299161631182224,0.17904297723445298,1.7489146048425068,0.10242303419382005,1.7436292649311504,0.06669539017156757,1.8412698154476717,0.058438214758766684,1.9009327411880865,0.05611300307129871,2.0561484762289473,0.06764816644141552,2.2838355163684447,0.07554525124099905,2.2433432751801035,0.0854144965689616,2.4273221233545828,0.10311592786833924,3.089772534595929,0.07108744564809213,12.920094284670931,pdb_mean,0.20981590266506683,1.4276842065166169,0.016037108925712636,-0.22661094137165033,0.02173803166973685,weighted
1B3S,1B3S_A.pdb,1B3S_D.pdb,486.35587598599886,2.3741595582050135,0.21632361983174903,2.5697555447014633,0.21751431836014296,2.568725434663626,0.17377319338875868,2.170657932278218,0.20039291558471312,2.501332325343603,0.2250055267153143,4.2606502418681185,0.3154556353009449,5.77306930953048,0.3696670790958331,6.6308787995099046,0.2546247698007037,8.862945459705635,0.4000747697578547,11.394656589842436,1.0464710671612183,2.702229959335823,0.1800218210655814,1.950832541602329,0.10938248489634377,1.8404517266032383,0.07613375315515428,1.9060805901313609,0.05683494450832728,1.967000673815347,0.05869721054342318,2.0962551085873855,0.06534798530342377,2.3559124063384935,0.07392768742588403,2.291811412378237,0.084468282711646,2.5895252536883224,0.09239607608026332,3.151777310168285,0.05866847980718309,12.920094284670931,pdb_mean,0.20981590266506683,1.345830637012561,0.014569278588699079,-0.2844905184782609,0.017735908102861887,normal
1B47,1B47_A.pdb,1B47_B.pdb,518.8016755120007,5.828053771034123,0.2487691589845,6.115636207998753,0.2915687546523468,2.947256795185795,0.28705548226009525,3.2100332896187433,0.2895384160298751,4.452229851386425,0.3161626859028948,5.49567353647333,0.20328173942130454,4.757833272774259,0.19315064090827017,5.921573001179983,0.45933234741189943,3.8421811950956957,0.2327731655515965,4.4317318994853245,0.1638188394579561,3.0515334171065884,0.11679113042082809,1.9940397074745946,0.06876799923336382,1.9409251034987223,0.09122659061545334,2.0761746722992345,0.07326555141577368,1.9033917346139235,0.0634341352961828,1.7407659521629772,0.05430009247240312,1.7111078256450263,0.07238328311895655,2.0358195081147494,0.148020860907315,2.0884166415505017,0.07215806770962878,2.3264279389771643,0.05226432720313403,20.96206592151357,pdb_mean,0.06279226388982845,1.6038677526730325,0.01812075896435167,-0.27938820548604215,0.02080228051455432,weighted
1B47,1B47_A.pdb,1B47_B.pdb,518.8016755120007,5.699849091763054,0.24921257908699654,5.565969809136437,0.25505794516488683,2.535348632313235,0.191887396816056,2.746516714983409,0.24717572010466565,4.211687910408576,0.2679702409852998,5.490113073601613,0.2048252423154487,4.4544613912730515,0.19533585202786513,4.1969124819592665,0.23715411642456533,3.8056156643919663,0.19627864893982055,4.361800292760207,0.16250493406889854,2.9891695393552133,0.12195237183185782,1.9711826263416878,0.06086503576163134,1.987303677217245,0.07077782121712531,2.122111738521617,0.06509349640607032,1.9302050053793465,0.05352015395220231,1.7400959093397432,0.05291798869873178,1.6955149434264924,0.05994526865671672,1.7438462629483964,0.058449730749210026,2.135345373334691,0.06312324666970003,2.265755440589892,0.048547556768309894,20.96206592151357,pdb_mean,0.06279226388982845,1.6566146301923539,0.015882673979380715,-0.28580114519650657,0.017943028889976165,normal
1B4K,1B4K_A.pdb,1B4K_B.pdb,586.4133964860011,0.4603814451963398,0.02585564872221843,0.9330130432889655,0.09054352019712464,2.3066799122346815,0.2410729130480606,2.915658048973637,0.2672139828868374,4.331803512470446,0.2715469662809773,4.887839581227008,0.3992270997701307,6.01800626123883,0.40987165792619573,7.931843998116012,1.057881703357135,6.63069638304564,0.3369124736803589,52.14142052771602,4.137329157062193,0.9288568712367425,0.018974603630448738,1.2229375253688615,0.03690825308301339,1.7130633842184853,0.06430981615345155,2.1451787264347857,0.08340824113432918,2.123043038682272,0.06993937368925277,2.269457285313612,0.08562871546485944,2.574489819123479,0.08181159543942589,2.412116566211942,0.12030495435047701,2.908154598484949,0.09610019775377453,2.424298903831574,0.07430706872193404,20.847207957974575,pdb_mean,0.190175875519384,1.5191857184400357,0.015877869313227815,-0.24269660115012012,0.022685462214516547,weighted
1B4K,1B4K_A.pdb,1B4K_B.pdb,586.4133964860011,0.4598128300962266,0.02515192449590014,0.873810777723094,0.084698454110072,2.5084051708726944,0.2414021544835177,2.754113146916016,0.25688933108263645,4.442930881736175,0.2694572914588758,5.112059762294744,0.4117081876585905,5.760387141390681,0.40540243506493,6.25617037921907,0.41571112683152267,6.894198920536229,0.324307521537863,58.591752907164675,2.6554616747409066,0.9261214711066553,0.01828850246640771,1.1980800719285967,0.035040805853606805,1.7468200873316517,0.06085747966910533,2.180198766158583,0.08616129756198633,2.110670216915901,0.06794476881989026,2.2079502838721425,0.07361536886652077,2.5285171919660208,0.0735502130317191,2.4967667928982054,0.07417590609435745,2.8935128857773873,0.095000343841682,2.2970397929028645,0.055448141799014285,20.847207957974575,pdb_mean,0.190175875519384,1.508569948418764,0.013348733238097868,-0.30291302200000003,0.019112035765819022,normal
1B4U,1B4U_C.pdb,1B4U_D.pdb,561.5131156390016,4.6118326576090976,0.4357395027791412,4.5090161992624544,0.4074047939577159,3.7742905310588046,0.3332589097771516,2.8285505464308236,0.2902079121986322,2.5708027498526094,0.2537505388464577,3.8154224256627494,0.33665736470574986,4.586108367044988,0.30254565976044756,5.679725507942008,0.40054932328532467,11.70980825051822,1.117185228549692,29.196648173080433,1.6455471962955237,2.26830354099394,0.060899212389783734,2.4839372737803425,0.0776354648835681,2.16270919181793,0.07186380383024209,1.8683025264996826,0.07080448529140781,1.8520813536666383,0.05890790824007943,2.1736092508183598,0.07137481006896364,2.264489414658533,0.07744445280558296,2.592318449710266,0.08884338045716447,2.5668824418581413,0.0730938007677067,2.8293654326088884,0.09526823703753023,17.340714634808702,pdb_mean,0.15041423917321434,1.56193007012902,0.01671521388382292,-0.1323142434962117,0.022322648368933096,weighted
1B4U,1B4U_C.pdb,1B4U_D.pdb,561.5131156390016,4.689096325584628,0.37594836510636515,4.687015094877659,0.39425440167010445,4.036461947305388,0.3292172737155249,3.0201065693632048,0.29314337219785036,2.736659151525869,0.2608593716961579,4.057486402960598,0.34712858750109254,4.5867349698739295,0.3014151291192528,5.592407902272544,0.38395252435106064,11.12308710829004,1.0682858687106123,27.707068630790765,1.4840179706998515,2.2508244983768924,0.06052107776991472,2.3915694377842818,0.07513489780613974,2.1963299968069214,0.07162001461922218,1.8588836271014266,0.06846416436182981,1.8896973582983607,0.058725766549229765,2.1930541821096834,0.07105197510464295,2.276574167311542,0.07620753101283534,2.694281037249982,0.08567288129726588,2.6098757712986465,0.0677601920953439,2.926434229152471,0.06643378119413774,17.340714634808702,pdb_mean,0.15041423917321434,1.5543047243143946,0.014404585450128944,-0.169865563,0.01915340514807423,normal
1B6C,1B6C_A.pdb,1B6C_B.pdb,520.8276199739994,2.971007192708599,0.33663934566283427,3.018319914020605,0.32657791506445577,2.4595748717070376,0.19763114604201315,1.704480346211648,0.1659643107799224,2.9802330629716853,0.2446357468937051,3.7553965708747383,0.29111959304940266,3.896247789806546,0.24796397029526515,5.26918947776431,0.19287813672940202,6.663522377639504,0.23555164617761185,19.214558690683113,1.179713675886269,2.242059240454463,0.11211871443442561,2.2651209125141802,0.08910812009649155,2.097822849520106,0.05856454800324244,2.0111367225489203,0.0589394863032322,2.0100648069659477,0.06613768513271097,2.0629038673115923,0.06183392876540678,2.042592419808405,0.0713142041967504,2.2112237856841523,0.08165188331165861,2.035789012541359,0.07420079086587966,1.9429325704346634,0.11722840056535205,16.62350983162043,pdb_mean,0.14215816279018498,1.5318198742592695,0.017292386609361998,-0.3266413530407692,0.01896371498038307,weighted
1B6C,1B6C_A.pdb,1B6C_B.pdb,520.8276199739994,3.789043702660239,0.28122878316077243,3.478588055973144,0.29965980183664537,2.5309280971024983,0.1946816932581745,1.8440535117801347,0.16803281773292444,3.054863188918239,0.24227031123724752,3.495560743065007,0.2754613201603319,3.783829495545876,0.2491955610820554,5.2854582936223515,0.19318718944443863,6.844965219204453,0.22561124331449584,21.102014968486433,0.9828753244084701,2.344141255989401,0.08193824264144367,2.294009188442137,0.07672528530853998,2.1234163912786164,0.059857305119101076,1.9888223797185278,0.05880908953639594,2.0629795170698944,0.06699960626728775,2.1077015058145863,0.0593645073083376,2.0683556752114574,0.06738287023710571,2.2696023748167584,0.08368121241346763,2.07136735691119,0.06929711499260835,2.13265743868118,0.08995937783388053,16.62350983162043,pdb_mean,0.14215816279018498,1.4836186115716585,0.016917193965340634,-0.38206564400000004,0.016211293460650714,normal
1B8A,1B8A_A.pdb,1B8A_B.pdb,608.7376129370004,1.105651200726606,0.12030637079586244,2.6890689321055117,0.32487003671256537,1.8952958843008707,0.20231398759726793,2.5990413224605544,0.2626405422657046,4.477596445621798,0.6540933264579551,5.444847909298131,0.4802524297376939,4.971913605987073,0.4783326876905703,4.650214757877635,0.4373748542877698,5.65810197799826,0.632787101204119,47.46969851019018,5.332661629508054,1.3915705971117482,0.0666462052320602,1.9565163233484137,0.12919254797409527,1.663886988488296,0.10043854084907154,1.714994561074415,0.10167340535674958,2.118287649765065,0.09973332640517965,2.3909243014516535,0.0961273268100088,2.498043466842816,0.12631969723886527,2.1693677222147176,0.08324012641354477,2.958579621601349,0.12107293205123223,2.631728820462935,0.11244126335947496,27.061200744747936,pdb_mean,0.21854153755530625,1.5268741697043353,0.015694418808647664,-0.33052185226968944,0.020073177522786895,weighted
1B8A,1B8A_A.pdb,1B8A_B.pdb,608.7376129370004,1.1319089457887441,0.12143107403730176,2.790953566680854,0.3027655108027176,2.062211285781559,0.22319426590139888,2.7368004937301453,0.2731687517719233,6.2075410212429825,0.798733584169755,5.870399227081473,0.5018251022812716,4.5536554240511125,0.412035958259822,4.640698619188152,0.40867139173531675,6.536319085787602,0.5349994188495732,52.881398851546784,2.734968075808784,1.430538753610734,0.0676576984584742,1.979455175004992,0.12202498604968744,1.738771353728621,0.11108016664362452,1.830626365065858,0.11461157991887443,2.1672485412126328,0.09127574710667614,2.4539265725713126,0.09534991668047041,2.3371870228359004,0.10544153291980111,2.1260040187526985,0.07978526819726971,2.8319795293566106,0.09109073922513224,2.7179432483788055,0.07422238806393242,27.061200744747936,pdb_mean,0.21854153755530625,1.481581134512686,0.014098358740461647,-0.376752502,0.017062867105485803,normal
1B9L,1B9L_C.pdb,1B9L_D.pdb,540.0834241409993,1.6285289003070016,0.1120700096680561,1.39141218852566,0.14180773744686684,1.8710681496476307,0.2342735398066759,2.801066822660123,0.2954509686992687,4.265416910053635,0.31871856310808255,4.6744554609789315,0.26806972992854283,4.779854946397698,0.343989279996869,5.062282991395149,0.535117181382497,25.332900438493198,1.6949912142758596,32.77833357105526,2.6647132021568805,1.2844607965819368,0.0216054691107002,1.5163751737449331,0.034732158210501206,1.8763191027760178,0.06009733577864454,2.019798182624894,0.06722258721640137,2.2961439238599386,0.08196208621556043,2.490444052824523,0.08320160939821689,2.623088957481487,0.09978627597352636,2.80010501104054,0.08894024088044207,2.781342868112881,0.07030947040459114,2.673803174675847,0.11988524131445065,16.21261219777697,pdb_mean,0.11513413372277335,1.5255962853954572,0.015476359541609308,-0.23788383808905808,0.02012925426802365,weighted
1B9L,1B9L_C.pdb,1B9L_D.pdb,540.0834241409993,1.4693163151535493,0.09743551848717495,1.630650564062837,0.15175742166204134,1.91725495038282,0.22969767251743095,2.900776213433876,0.2980579866906151,3.9069916940466043,0.2871941739696851,4.52470186158006,0.2587468011574862,4.590723550110459,0.32477715260335616,3.379181396237234,0.2704089146542447,28.528256337611264,1.4315058565118426,41.69009310066424,1.3101387719711006,1.2739866524635801,0.01998798327074937,1.5322199830634096,0.034665061808147025,1.9163319251951023,0.059916057918669816,2.0557024961225427,0.06352595937541511,2.3413150570837744,0.07504153848841419,2.5190883013354513,0.07835986290069744,2.5486550144724167,0.08811622717453244,2.74390242821323,0.06693437368474776,2.8331676884439405,0.06627765466462204,2.576848386083159,0.11048852754555148,16.21261219777697,pdb_mean,0.11513413372277335,1.511222777937623,0.013247196065019591,-0.33138643602865914,0.017296004103910165,normal
1B9M,1B9M_A.pdb,1B9M_B.pdb,566.1718670810005,7.665449846818027,0.5790983769237684,8.589665391006047,0.6933748051475093,5.548391207419236,0.5631955565690675,2.9114287653711495,0.3283658286075461,3.7457985265571905,0.3523925351479212,4.167247145582287,0.32250765229874506,5.137688583712911,0.2933378182524225,5.660918030255182,0.4193570407779588,16.855102672343886,1.739480228424479,9.960399049745314,0.48512744175442674,2.294042269869144,0.06243003097834649,2.5160195454378655,0.08983239181858374,2.2494196514623743,0.08760801564470952,2.3354309552621055,0.09976932042525637,2.022788101597056,0.09379753999279555,2.362987501081366,0.07507943359426268,2.4789863677695774,0.07637454288463938,2.829307393751348,0.13406398163484648,3.244240335399854,0.26357581383361883,2.186708459198367,0.0847663022529192,26.598978484497074,pdb_mean,0.32157303271050075,1.5846651991021352,0.01810903324896009,-0.12793691397345308,0.024738501206642064,weighted
1B9M,1B9M_A.pdb,1B9M_B.pdb,566.1718670810005,7.1406393858833574,0.5182548163348375,8.170964720353744,0.6002713644655373,5.660039718404281,0.5572253619505025,2.8474277110988298,0.30995939714656073,3.8425977491961576,0.36164945047520314,4.00777416332639,0.3185784651261853,4.912875393459433,0.28438171776220444,5.914815537857859,0.37585278540153627,16.837376680031642,1.1286301435620236,10.515071233812073,0.3688443367137914,2.3031310860569487,0.06156030254263438,2.5120857942028394,0.08121094505439175,2.223923634050982,0.08546291097525668,2.304494346054542,0.09210499293869547,2.0379563829534324,0.09433392191917249,2.307983853270165,0.07373068806937737,2.4665052525733273,0.07447314410305143,2.908456069158687,0.12404599965860068,2.7706752542231725,0.09995803715218753,2.2572598644586823,0.05607416782639807,26.598978484497074,pdb_mean,0.32157303271050075,1.5859537843607745,0.013481238814342286,-0.132975617,0.0193072401237384,normal
1B9Y,1B9Y_A.pdb,1B9Y_C.pdb,543.8942682889992,3.9246019191319013,0.5632935824104419,4.6219136312678275,0.6439636157219781,5.247226674952921,0.425634138970835,6.117801395358138,0.4362653819554757,4.7484729778736705,0.40297969196929945,3.6611945477175145,0.30536478950702706,4.114320503667998,0.32937398741538176,4.568390181029074,0.3519547874752535,5.931487156787801,0.4043240550858304,8.46567916297841,0.38505383601577076,2.0446038781869538,0.07017500439722625,2.425030882855598,0.08060000426311519,2.253232120594291,0.07521706343402793,2.3367592629732683,0.09712095805209167,2.1247962318889786,0.07657249823919521,2.2773084027255437,0.08331627234270149,2.3804531208057482,0.09676717200767253,2.390550788564548,0.08640329465469887,2.103992151264519,0.07242786109023872,1.6544180855489092,0.07126534252990684,20.49819060981766,pdb_mean,0.23474952753626413,1.5026577173180495,0.01740661700849504,-0.20973252799288117,0.02215430568139158,weighted
1B9Y,1B9Y_A.pdb,1B9Y_C.pdb,543.8942682889992,6.282438199788779,0.5379122510753187,6.503369583160456,0.5653710530478887,5.769984193319505,0.44598971971260015,6.451405387052922,0.42132334186830417,4.8375550801946,0.4101562470951106,3.675611327209937,0.30810524538737116,4.039536654917333,0.31923885509413014,3.7112068268858813,0.2982913896039827,5.0341141906394125,0.3134146834370857,8.317214033869265,0.3872593058523167,2.1445129261129083,0.06513320225101661,2.51908161464567,0.07030004020782285,2.3000655183701713,0.06892692195755733,2.3274804608436943,0.08547648209906814,2.14410369675513,0.07567852948859345,2.2970646393279184,0.08633214497650823,2.4273381661608706,0.09440626784963861,2.3654289831632003,0.07475046272624936,2.176851400104751,0.06309595667686602,1.6357905279888385,0.07420670542537215,20.49819060981766,pdb_mean,0.23474952753626413,1.524874688459906,0.015150793208056826,-0.22122747939262472,0.01907353173962682,normal
1BCP,1BCP_H.pdb,1BCP_L.pdb,554.7213607289996,0.6002392471318445,0.042260176833752924,1.3574825459702127,0.1649318120378761,1.719828049648475,0.2005403592581468,2.723080092038927,0.32941814721698637,2.718533887982207,0.2693238797573979,4.683416158978599,0.39352088299443805,5.666528996151547,0.37137872117096404,5.4729869988987305,0.257777049017745,5.937749424243474,0.394815623832574,18.549414888334972,2.0661526170508067,1.0354443986532498,0.022012202009812964,1.259115958755529,0.02705773250295907,1.5530044565378542,0.08069741840175841,1.8829219687973213,0.08194976304903105,2.2484232019412116,0.07881413956000141,2.028360062841654,0.06592704974739483,2.307250305137587,0.0654038617200047,2.36639615077874,0.07201755408572615,2.898004474234694,0.12763949474590233,2.412795670880741,0.10132569001323821,16.153293220345795,pdb_mean,0.21606461923769898,1.49868681310732,0.017913030933390164,-0.24618057166262858,0.02060406175387401,weighted
1BCP,1BCP_H.pdb,1BCP_L.pdb,554.7213607289996,0.5853295152649816,0.03868375709022481,1.468589235408019,0.17450140741071432,1.7655342712077013,0.19158634805096617,3.203661138154464,0.33238709424858626,3.109981680454553,0.27299209385149786,4.545553930474922,0.3654077946836873,5.719915225550991,0.3830792594428105,5.327280795480473,0.2528752228758176,5.507816226240172,0.23379033402277188,19.435321306093115,1.4310664692752995,1.024234315471866,0.020916011328154006,1.2618866392485808,0.02799156276512062,1.6326642752497267,0.08715673310524787,2.0306014156866707,0.08294925672667677,2.338284800875397,0.07954508764088196,2.079688270442064,0.0653992399459985,2.331511538604978,0.06518952498729684,2.4158497590699186,0.07133399185050364,3.010096409209075,0.07040632470100402,2.5761338242495544,0.06868245777118151,16.153293220345795,pdb_mean,0.21606461923769898,1.459362662239288,0.01617967336644544,-0.32058420875763743,0.01763981457112479,normal
1BDF,1BDF_C.pdb,1BDF_D.pdb,527.3259840629999,6.203688013190069,0.6311466970366885,6.08413683658533,0.6215495722159896,5.795655211009448,0.5775704661543258,6.08632274071769,0.588618492959859,4.864253319354187,0.3857521392645687,8.97224689652016,0.6966144718164803,8.748562569001459,1.0676956638206225,5.153384407700295,0.26268022108093064,23.967431563896316,2.639421960772947,57.473007319580454,0.09315576035713019,1.917314464971134,0.054614606426766896,2.0693778335559943,0.06824209455561439,2.0346162231013536,0.07147898035180941,2.253106067004589,0.08424959299636509,2.831499501013547,0.10470963111483834,2.831544252595854,0.1133932303549942,2.104581104597763,0.1296148452870889,2.499447037080093,0.09823548847822837,2.47158842709344,0.07050975318502409,1.6746570840166766,0.03765094836485595,22.74229371604219,pdb_mean,0.4981695069001487,1.5073788299531554,0.01784158892390137,-0.13903189967818746,0.022637317031682994,weighted
1BDF,1BDF_C.pdb,1BDF_D.pdb,527.3259840629999,7.1162764583939655,0.5552913860408695,6.076805854736571,0.5981912377387921,5.903147606549027,0.5785772408147707,6.586380238523706,0.6073447744788057,4.9817922158659576,0.3495919837906473,8.422350675975142,0.6501054109624355,6.470332287614014,0.3489772396829964,4.973655126677363,0.2487246189452391,25.603396829151542,2.3575143704029653,57.466005089566266,0.08485253946678245,1.974958629014103,0.054318549628572854,2.030247341304266,0.06571168974460738,2.032312843554838,0.067612963052304,2.2790218518562386,0.08550602514741404,2.8977466162273076,0.09660771171045858,2.768793955401732,0.11026801745122206,2.209338389981228,0.08218892759752931,2.4375380396012196,0.08600168997403387,2.4574151672737092,0.06494724704349773,1.6622750767911993,0.037610296838980734,22.74229371604219,pdb_mean,0.4981695069001487,1.5050790181581628,0.013574326563954292,-0.18570817780061663,0.017936354172228407,normal
1BIH,1BIH_A.pdb,1BIH_B.pdb,601.8900821059997,3.236208468369316,0.2031041725590763,5.898875898142144,0.217611172764575,6.0257995371864395,0.29509353787587356,5.242733362676904,0.2892138684395866,6.034871075721886,0.42919945959813494,4.168265672037157,0.32971079422271626,4.214613431274489,0.32008838282568014,6.948601570441437,0.4651617352772636,8.813303784032403,0.7166940694902856,14.521704941732372,0.835126756885024,1.945213531042337,0.06042234010214733,1.8792931088283855,0.07863144453873781,2.3833001156177858,0.13410451929695422,2.2785874367469825,0.05845116869501378,1.9896801332508747,0.052261056068325734,2.4354810271003844,0.08097369534931012,2.4497846509850687,0.0947934146924599,2.4155529918693053,0.08175748523654461,2.428960831575745,0.11717583759048661,2.479352848960911,0.09636714836268807,28.045759267684158,pdb_mean,0.21493516565920762,1.5785104102792409,0.01987841759855008,-0.22178324565737256,0.020775297248514204,weighted
1BIH,1BIH_A.pdb,1BIH_B.pdb,601.8900821059997,3.149871740906927,0.1917604970810394,5.60682075890372,0.1916904619623425,5.819875983447686,0.2812204742264146,4.721062131866384,0.2711228419458983,5.753023421350299,0.41422229153193657,4.1757877346326975,0.3298040534769234,4.378175945344821,0.3249766464275128,6.61921353113215,0.4952932677755765,8.452675667539149,0.646771261920611,14.605884061092242,0.7537087087300176,1.9612324864085702,0.05578617145780922,1.8505775539441418,0.07415637288917147,2.4324018506863228,0.09915563970186642,2.1265730338226354,0.052047341688450335,2.004792307906982,0.0514618493907393,2.3808455483574007,0.07596606848148228,2.406279751329217,0.08891502522080173,2.3922978384390654,0.07342216123087768,2.5353713723666287,0.10108986601086704,2.4494269828255857,0.08852595946430965,28.045759267684158,pdb_mean,0.21493516565920762,1.6355624622632927,0.014836259312104782,-0.26121024899999995,0.01621913560460716,normal
1BJA,1BJA_A.pdb,1BJA_B.pdb,513.1748262210003,1.9562333641811807,0.2750834824057141,2.9640216499948213,0.31446563271562256,3.083991665269208,0.25488426317847235,4.310914765282692,0.4554598101129073,4.712783644323435,0.47303819277123266,4.056627403750727,0.3273997627121068,4.2637146042215806,0.3301885283450982,9.380023505620144,0.8625196089894565,32.950395134590835,0.24466215341641384,33.97378465508345,0.18133103986113325,1.7048314408934528,0.05002602938302664,1.7645818624838732,0.06850628386332423,1.9844085063104198,0.0899135005174413,2.110328869311327,0.08587410639868373,2.2923594163391248,0.10118943139552557,2.716399722676837,0.09606194311308448,2.947657206423464,0.08604780650433998,2.86638893730909,0.10937188149374806,1.9115413650818645,0.09534812026343296,1.3720618036433587,0.06806162903188623,13.696318222793593,pdb_mean,0.3583896087727094,1.4799172846359845,0.017473524699838486,-0.1896912548920698,0.023822153768763312,weighted
1BJA,1BJA_A.pdb,1BJA_B.pdb,513.1748262210003,2.4805480053557134,0.29271183356045094,3.7907216374501167,0.31598374985975036,3.2326490567184583,0.24368634680084988,4.5096931378621985,0.45382806874742354,4.896021161689286,0.47529511272971714,4.1900690713980815,0.3325971254349747,4.546838426474719,0.2857891294299563,7.965130639054853,0.5195758620180643,32.05411331943456,0.12269894193511773,33.60404817601554,0.12569102160848492,1.7888698756906385,0.053444187940988784,1.9443897542495197,0.0638205995738675,2.044347454605666,0.08616727378345786,2.1314878644983373,0.08466867817871233,2.282321033307521,0.0990660868182298,2.771841501025262,0.09544832856325446,3.145439087279725,0.06774168592331961,3.1418597542156577,0.09077345862488949,1.9834111109156782,0.043828766425575046,1.3133785727991267,0.04726357107020602,13.696318222793593,pdb_mean,0.3583896087727094,1.487968757889482,0.015088398554976026,-0.1951610276890309,0.020699392513151418,normal
1BKD,1BKD_R.pdb,1BKD_S.pdb,530.7560142950006,3.974748168774465,0.5386928500218756,3.052899898861935,0.2993449390811393,3.658662961760527,0.3400559172102774,4.198395896519512,0.3351019927500761,4.5281434788502155,0.324460425267677,5.3364709223534605,0.34692853285660546,5.166011539442386,0.4305578267385386,4.221160259866586,0.34070213176493164,6.840431610247175,0.23753316364643234,8.223570391674649,0.8358064883756317,2.1658153326283838,0.12107396358090078,2.015413468833105,0.09087023122819113,2.0427323604280745,0.06983891221848595,2.1163238368109556,0.07060687753209523,2.0512905562518413,0.07698356022927604,2.2920193278651184,0.08477536014775781,3.0426121234927055,0.19810992274048553,2.439101544690485,0.204657070608447,2.0516512020653783,0.08841223394432837,2.759523867838157,0.30906892728875723,22.018670326446667,pdb_mean,0.3117190947061004,1.700198453422952,0.029124349346949394,-0.29644723205579454,0.027537451991827853,weighted
1BKD,1BKD_R.pdb,1BKD_S.pdb,530.7560142950006,4.973859934758119,0.46142884071601414,3.238932572902395,0.3160156828385546,3.8011425209446372,0.32673914696012285,4.457728210692102,0.33137310625865973,4.525204169949034,0.31452505834355865,5.5391463032593515,0.321026138699272,4.8220375930106165,0.3450708397713852,4.123514032692182,0.24438148730061166,7.182360048805794,0.20796999344841355,9.082166347199301,0.5709941478748444,2.448430731105228,0.11157459170268617,2.1219778550875334,0.0928495549175038,2.0502673522704544,0.06922740407317247,2.1468934504822643,0.06653794049193876,2.0148156308649527,0.07211571885548754,2.2443314215751986,0.07512823793139516,2.6158359319786193,0.09953953861251684,2.667851248754457,0.09801401737459565,1.9200192531467164,0.07139102376534817,2.868548548630087,0.2692274639487744,22.018670326446667,pdb_mean,0.3117190947061004,1.8517313891918663,0.018531153562883214,-0.2805303798024149,0.018858187593840676,normal
1BO4,1BO4_A.pdb,1BO4_B.pdb,544.3555933390016,4.405456172314721,0.14913656385611473,1.6574465671536898,0.15420027576136544,1.8213430500815146,0.2204063721761449,2.7800821389695125,0.2597294189297857,4.532499926880612,0.39983289602527133,4.367015819303267,0.36562007716109546,4.404412399893752,0.3111728252376709,3.6407472011858912,0.5112456508742083,9.80484078007688,1.154447687314236,41.01836492915557,0.5271716837662132,2.071756120911024,0.07346206145992155,1.694508980223742,0.03734496424430436,1.8578801184554803,0.060187885105857056,2.0373186908592,0.08017110267773528,2.1105448034470147,0.0719012828124425,2.242192115762756,0.07557851812374262,2.510768765743453,0.10028711510257159,3.035217586334731,0.10193578692567612,3.3308936760313492,0.08200322300289879,2.1255719334936964,0.08525752838149325,14.999877519134875,pdb_mean,0.1993048631137989,1.5685188108218258,0.016629046266258253,-0.2548536513985846,0.02084980994645913,weighted
1BO4,1BO4_A.pdb,1BO4_B.pdb,544.3555933390016,4.412377230280699,0.1309925951219081,1.7462459626690814,0.15148026433649328,1.9905755612748428,0.22790245775564616,2.688828530903671,0.2585076530410502,4.558386296463229,0.40660772191060995,4.428250154974209,0.3525430255992815,4.266889612329226,0.30576276183872,2.5323619036250875,0.22217015544484608,8.38717768795962,0.9261320160307032,40.943574338362126,0.3201097054532946,2.0676600581300906,0.06745272983380243,1.6886728644753597,0.037716075261087195,1.9028374782869713,0.05914092722644504,2.102149594033045,0.0839234661745604,2.1322919187033036,0.07175053192632189,2.2296517144615433,0.0716393455288993,2.4959119906142053,0.10057465079692378,2.942193020989308,0.07705157294284823,3.360135467770898,0.07160878270051524,2.2041475029676847,0.06748537958605409,14.999877519134875,pdb_mean,0.1993048631137989,1.5557585813073214,0.014480729887685354,-0.32172713700000005,0.017948161366733655,normal
1BO6,1BO6_A.pdb,1BO6_B.pdb,540.2577007010004,5.247025372289445,0.489593310973972,4.992814064051211,0.43848949988207647,4.609535274057448,0.42367667619970384,3.235447984962611,0.3368220771231119,3.4987887969191087,0.2537783008539195,4.830883565676025,0.24448321183129987,5.2663023881459745,0.2500959294067406,5.729923691673141,0.20465197281375033,6.954003419976515,0.2790635754794581,13.942264457338618,1.3840938907204001,2.5307404646276486,0.06523905402172522,2.268482503621539,0.051834749710449796,2.3619994852564767,0.06713454031735169,2.1610443238263586,0.07059081995700292,2.1491103119405284,0.06362467801542712,2.1771497331297427,0.07537958746422754,2.152927164362439,0.07084309689356558,2.2680482394462276,0.08495166621983663,2.1850300036778703,0.10281625534835391,2.496674304029201,0.21970890666521672,18.35055757311865,pdb_mean,0.13791547289090503,1.4807338893277022,0.019294318159490766,-0.28509289959202727,0.018413391034012783,weighted
1BO6,1BO6_A.pdb,1BO6_B.pdb,540.2577007010004,5.0902018339413395,0.4137394108595241,5.19131867718072,0.3995067079746135,4.632195635992385,0.402964649675141,3.076302754042211,0.32542663629585,3.249607107613242,0.24102697292684433,4.545664432481087,0.2494446390530108,4.955908462746482,0.24874833777177335,5.883751217317142,0.21039835072324364,6.878857639470769,0.23174813622853646,13.371173125272872,1.3554989879696866,2.575421164202221,0.05462103094322153,2.2661529953355575,0.046309950837480754,2.4320794249141584,0.0664660329053546,2.2738585669396336,0.076319377431522,2.1661818195625657,0.06256565111959785,2.1256228606455556,0.07184369439415232,2.159444525948986,0.06923466658475251,2.1844346390638534,0.07890587298986282,2.240844451821412,0.08159749638845683,2.5609522646944476,0.21862835132019948,18.35055757311865,pdb_mean,0.13791547289090503,1.5467247695601556,0.017173149208519343,-0.2976057696335079,0.016667026065292,normal
1BOU,1BOU_B.pdb,1BOU_D.pdb,573.8274834560016,2.362326899810929,0.13197564960754363,0.8883200299357741,0.12777902541308223,1.3665406889533103,0.17591257401390276,1.9008322157733044,0.15585668032774871,1.7978462744571446,0.1711152999034966,2.870695694116609,0.31677382592347436,3.5914355300645244,0.3691885812409889,4.557491770584901,0.2656754620747375,6.957803482130175,0.27874646756643384,16.14648033123312,1.5776563695087698,1.644054611862609,0.04132222440838244,1.4542966689633678,0.04374398131939068,1.6274856576154675,0.0565766797857648,1.5831582801563353,0.04714344407630822,1.662026299271905,0.04538787787234777,2.1530529480692473,0.0638385590657119,2.5977534004127105,0.08465272581598125,2.7569401776545424,0.10658988330315998,3.140557853322615,0.11162524595605625,3.653333657183312,0.16041946881514907,17.724922992295376,pdb_mean,0.10474753460402336,1.5232371323752543,0.01450596618223424,-0.09903056044128382,0.023640292362363667,weighted
1BOU,1BOU_B.pdb,1BOU_D.pdb,573.8274834560016,2.4673523516337745,0.11812357734218001,1.100239604522518,0.12168621481150962,1.5483254469360306,0.18574900492875768,1.8717080707662095,0.1530302930276473,1.9051880358319726,0.18130094207476993,3.215505037651174,0.3416141132212169,3.901000527480307,0.3741666340635522,4.565481494884544,0.26175383975200284,7.101168058820357,0.2911254911891028,14.953636717662507,0.6010607354828201,1.7102438934306292,0.035055481634341565,1.4700916324045565,0.03615660058309401,1.727252498436748,0.06237502878263231,1.6089002760485334,0.048914904013498496,1.66599645352381,0.0456058639182552,2.200007465369468,0.06279316271423926,2.629609599706614,0.08314970724685186,2.671047623162561,0.1005066673026824,3.3050742834330538,0.10789967036801969,4.178020310106633,0.0531362901621588,17.724922992295376,pdb_mean,0.10474753460402336,1.5127330352573356,0.011763225712449782,-0.20036133999999997,0.01943957327859545,normal
1BPL,1BPL_A.pdb,1BPL_B.pdb,529.0394661399987,1.1116949549635764,0.1918152479309906,2.458081922229893,0.29460967384881587,3.9252233433302806,0.4290371343741375,3.9662196820656477,0.45370839205890606,4.436034754130684,0.4217768777493827,5.330481081864828,0.46482324505711176,5.490728436228845,0.578501354382558,4.6701476046130255,0.4217542742668614,10.710919263909568,1.0406904407292825,55.50880212192277,0.20328772119624594,1.6039205462424349,0.06712586050204074,1.7682918425591672,0.07148970137457046,1.7321305613048181,0.07022881575500478,2.2676544223701045,0.09228063292668415,2.1592298419388865,0.06776297454684564,2.1796030138970286,0.07650467778211052,1.9795953361534326,0.06949751223142633,2.5390133361857066,0.0817912116371398,2.736433791809437,0.07367696116868093,1.3889737231323858,0.04667174661674459,20.59730620874241,pdb_mean,0.32278741404745465,1.5557242199406707,0.01684959514038305,-0.27867376376007075,0.020713989499641674,weighted
1BPL,1BPL_A.pdb,1BPL_B.pdb,529.0394661399987,1.394924064480407,0.21286646225002906,3.0653415489543208,0.3171980046024582,4.328405228930713,0.40980285657154053,4.0737584116789245,0.44410713096105175,4.555232031418886,0.40876697864141365,5.396620826765111,0.46551482483662887,5.066757558185788,0.4747082425246908,5.083991885110307,0.44971699835274126,10.338670251231942,1.0091644899823469,55.94095527016084,0.1248764772256229,1.660108456830426,0.07348925810293336,1.8723626497810317,0.07252806712257456,1.8201945836041071,0.06864756790123692,2.2739625149375953,0.08954509848376734,2.121941651343448,0.06601650330007836,2.175129890626256,0.07519217059626754,2.000256226857488,0.0627866356416931,2.55890030723363,0.0808111545105378,2.7238404388167727,0.06990797799543365,1.4265464355435085,0.03684607057513102,20.59730620874241,pdb_mean,0.32278741404745465,1.516815191599643,0.015027777162895422,-0.331363702,0.01804737549229286,normal
1BPO,1BPO_B.pdb,1BPO_C.pdb,550.7913752949971,1.8895696830387205,0.15227897934682788,1.3959936398453643,0.15539841500463644,2.0216246080097577,0.35639744193472833,2.5212965285162046,0.37342908010507403,3.1372179762493912,0.2427229534270133,5.112837351428549,0.1819927986933198,4.844664395340738,0.21195638950696127,9.051394078970427,0.9569494505799668,21.8571745422289,2.223612684430598,7.141311346698068,0.3819892529406441,1.6471418377648264,0.04004649660079633,1.4871130424692993,0.0426778991855848,1.5315480730260944,0.07234480998131101,1.7038094626636682,0.08452001392195083,1.6920124193475448,0.07213890326627083,1.9139109250019486,0.06473431559697262,2.2353896603502283,0.11765522364999711,2.15857363086706,0.14044337055614883,2.1032325479113614,0.15029304407581406,1.560745779349341,0.057986644966540254,27.87886891804248,pdb_mean,0.11820551319699249,1.438980538823686,0.01778125432104524,-0.35540531730918223,0.018921236383249496,weighted
1BPO,1BPO_B.pdb,1BPO_C.pdb,550.7913752949971,2.181792987825616,0.14521148834101183,1.4109161672545403,0.1484558159272442,3.344849837579826,0.41101242852797865,3.556093381990596,0.4250827015026545,3.2054647140099504,0.24432173165306142,5.080864252500066,0.1829034775438836,4.57047234636484,0.2143209606003797,8.055478630117285,0.4941745168748814,31.051562914166638,1.5226890305021656,6.952518735956102,0.3448270475708769,1.6705344828075814,0.03846695470559391,1.513877565600591,0.04316933248695968,1.784934523353992,0.07571073995236513,1.946595344299978,0.09699384643276442,1.7027728548877952,0.07141339988109559,1.9022325334176418,0.06290052630852369,2.137864917483569,0.09366373314601935,2.275941165330745,0.07458084464152998,2.0400642114461567,0.10542922092916544,1.5599284217266955,0.05403951115101391,27.87886891804248,pdb_mean,0.11820551319699249,1.4240981760000615,0.015588916042460018,-0.3625327193877551,0.016723170382000267,normal
1BR1,1BR1_C.pdb,1BR1_D.pdb,585.8841820689995,7.060385425488797,0.5781984923928097,5.723742449006293,0.515483556595003,8.109903735626558,0.5803490596329764,6.215312619207486,0.4788015284291097,5.964964286697211,0.6213859750416267,8.713195573319194,0.7573893071564818,7.277756936315219,0.5744931411758926,26.255346370717177,2.165145409271302,24.228052324563702,3.275097681673841,6.7856707194370305,0.3004563974169037,2.4132931086046185,0.09312010564741262,2.672663691641266,0.11897748006838275,2.201193648858119,0.08339224507784661,2.278591456541897,0.0716975336072629,2.5866215374074217,0.1078626669100932,2.9815819702213178,0.12140412633810224,3.071252211869213,0.16372114743436902,3.1958073071910227,0.14089144019594363,3.2957562700200764,0.21973214281659775,3.043517780750565,0.05871905497972509,24.61233396199593,pdb_mean,0.4577387539949385,1.4902292786126474,0.018342185139908453,-0.14453089365635685,0.023393565948358085,weighted
1BR1,1BR1_C.pdb,1BR1_D.pdb,585.8841820689995,6.547514710147732,0.5144301986634927,5.945825929591283,0.477556571243003,8.104647218299474,0.552472886275701,6.221925351264754,0.47994941656122914,7.410222935619584,0.6225248343139015,9.345021458736031,0.7464698405062897,5.55437423427603,0.3794969456712983,21.916858319794922,1.9802894605527044,10.359214289839274,1.5942307468221242,6.3182168596428525,0.2322812463536381,2.3953100888435817,0.0876513326968314,2.631697409894037,0.09658539116251508,2.3169887411393275,0.07621168241331396,2.277973494622102,0.070389801378053,2.5341861969326214,0.08994389171983948,3.0734786961806533,0.11412367962418675,2.9929827277131564,0.1285077739523746,3.206477989626547,0.12289827449934314,3.697618583161798,0.12137113306617889,3.055500216483798,0.054601133475991735,24.61233396199593,pdb_mean,0.4577387539949385,1.5577116031292002,0.014916079774441088,-0.15225085916919961,0.018446229885291814,normal
1BUH,1BUH_A.pdb,1BUH_B.pdb,512.349078782001,0.4113230149859587,0.025253094873232493,0.9926035312752785,0.08398769268084026,1.0597712563608945,0.0951732364360057,1.0526628556540867,0.08963701348912455,2.3019567531731533,0.1771250021687999,4.342741770245784,0.265233661928808,5.9381925458802085,0.3179108350654701,6.86886746923446,0.3532307604538056,4.898944587885193,0.14245780770539568,14.205980301573748,2.0637130872850245,1.08767153005737,0.026442718193941322,1.1431377773839655,0.028317574907521324,1.3226354806639375,0.052439290309754145,1.750523919218938,0.053531169241564355,1.918278991278527,0.05206168704253685,1.9096550133045527,0.0488497395794828,2.15764599262592,0.11472200068049987,1.785758480740261,0.10884354848361416,1.737560526056958,0.04961170582322534,2.498555678407518,0.0799725721796528,15.803325657815131,pdb_mean,0.15363891166964797,1.5195959991069932,0.015531506819475342,-0.311955375736731,0.02180657885759882,weighted
1BUH,1BUH_A.pdb,1BUH_B.pdb,512.349078782001,0.40134121755997987,0.022849983071283525,1.043894399786473,0.08586155241301033,1.142548534025959,0.10417636936121437,1.1610562492292429,0.09599464663765425,2.428031385297122,0.17640000091653893,4.360127938234017,0.2719218779342789,4.930284897412354,0.25356838816827915,6.243919916827978,0.18708561758040984,4.60186331616787,0.11388434587527385,13.003324963787781,1.9350786591915934,1.0771312147769212,0.025114900286477906,1.1642494762269942,0.027515987067360803,1.3629025179669279,0.05439886779739156,1.805060487125984,0.051779424505773705,1.9691310127600292,0.0491471713371555,1.9018388020030832,0.04808285296357515,1.9309934539173441,0.07077418971573676,1.7689634870096296,0.07448880849411497,1.7179879858910179,0.03903785620478817,2.4547799172485063,0.07720842486435042,15.803325657815131,pdb_mean,0.15363891166964797,1.4958204259801786,0.013237023169046437,-0.39879690106382976,0.017447042294723096,normal
1BVN,1BVN_P.pdb,1BVN_T.pdb,540.9568001359985,2.4618726313143364,0.25251253692851583,4.274948254561547,0.43926844014847327,4.16898471312392,0.5821851295785601,3.993597643184726,0.3905009618609941,4.073745269715612,0.4152482131725598,3.8378586247344946,0.3347646351068846,4.456628145727855,0.28176212261215194,8.512319020403023,0.4823821525251193,18.15177321835784,1.1076697962740403,19.871346330499257,4.991164315466368,2.148492450653024,0.07845870708816984,2.068380421524947,0.06638488483204447,1.6800868513899772,0.057725381636158195,1.8671150694059422,0.073254035067144,2.1884567108388526,0.12265953390310821,2.2622099044965176,0.08607810363169784,2.2895454918026,0.07304880528922952,2.3031607896913977,0.08234094690882406,2.037924213311659,0.0979715256863917,2.2550813391327944,0.26298976319587086,17.264576191521453,pdb_mean,0.37547046253817895,1.260952878160685,0.018203988275636497,-0.2927590566329537,0.021810830501006354,weighted
1BVN,1BVN_P.pdb,1BVN_T.pdb,540.9568001359985,2.8779662300733047,0.19248923959319947,4.6225220532847375,0.3913208612293694,4.4406114408286905,0.48642328826805636,4.208016357523839,0.3777833239392442,4.10968011212194,0.36733586365555126,4.104685300808267,0.33531151898032724,4.462474600373548,0.27651528938349484,7.938571716730603,0.44872539484976787,19.170518510131277,1.0805678042225595,12.38614483059137,3.176092514383847,2.1144342034127317,0.055749477260232806,2.1224896033172644,0.07003302336026612,1.7550619247715147,0.05165260633202599,1.9703254349081076,0.07358333599866136,2.1627623578133406,0.1082902901636648,2.377162764062012,0.08913992802277929,2.3173346651324676,0.07122061188685345,2.348905411018427,0.08324789394751295,2.061655917762456,0.09739251729673318,2.429972053894651,0.23042086762254213,17.264576191521453,pdb_mean,0.37547046253817895,1.217196180141372,0.016156898391839484,-0.3440354840834248,0.017127640243586123,normal
1C28,1C28_B.pdb,1C28_C.pdb,511.9050820929988,0.56101902799045,0.03252024571336259,0.5263048602338571,0.027472214449005702,0.8073681336065812,0.08598301905941932,1.8264039526363922,0.17301139457918677,2.9384973334013784,0.2110483849393919,3.024850490388174,0.2137655304794935,4.481141195679133,0.21527070916544414,6.348815375301226,0.3016213661171006,6.217826378155382,0.2847836606334741,7.653122349948959,0.9961267432081355,1.016445627432801,0.022154971341062604,1.1301242178194242,0.025203590122829096,1.3736500911907417,0.03440659125183481,1.4842634985036602,0.032597985862018085,1.7975617884092903,0.04499166241684593,2.031257485958631,0.06803627156937812,2.122205382650899,0.07012361670329224,1.9681692407881899,0.06969015661628512,1.7190393527167724,0.058989859137433195,2.2177202009159425,0.029175570973269994,13.858130178078241,pdb_mean,0.08124060558231896,1.3767391783025944,0.013374048721898813,-0.34031948310167515,0.020472426413836342,weighted
1C28,1C28_B.pdb,1C28_C.pdb,511.9050820929988,0.5703700004778953,0.033246167549262476,0.5366292905909501,0.02749214295101273,0.799250491192275,0.08909018823465321,1.8645475925272978,0.1749925630512307,2.8943368447584437,0.21029308309767245,2.782429708981995,0.20431188835447997,4.236919795183634,0.2095610363868386,6.501240573190639,0.25653181245808254,5.36416379863952,0.2178040819052717,6.539837377572201,0.709047015619957,1.0106883751340552,0.021270749460125447,1.11738323286461,0.02402224792534576,1.3773839586242664,0.034813559430253146,1.4738764222229035,0.03291080436954943,1.7948884239869956,0.04374048227685261,2.05643194679843,0.06847840114053784,2.171352036635009,0.07136797774108058,2.1208299001020263,0.054515622263739585,1.6104765347968015,0.04324235536590912,2.2142902573975243,0.02645495759710366,13.858130178078241,pdb_mean,0.08124060558231896,1.3198288930833022,0.011359383435478562,-0.40754080492813144,0.017201880809806145,normal
1C3C,1C3C_A.pdb,1C3C_B.pdb,581.8446416480001,4.080953248959353,0.37236421946404336,3.8566529382758845,0.3137932655870362,5.052657504862449,0.4738870959147153,7.461470565874575,0.7100097724215377,5.803186763741616,0.4824080526711345,4.024998755455755,0.21911204265853843,5.1754816121680065,0.21257540365813699,8.19699163702121,0.12914463963961603,6.404920849497216,0.2760470027016769,7.628203226915197,0.25576834995890424,2.458434397995683,0.0655990090494527,2.3077199663382837,0.07663446956044885,2.553456272887736,0.10504631998001632,2.3330377659136583,0.1239899593318812,2.554895430462001,0.1368333521575481,3.08620681803805,0.09670327951949197,2.852631877727399,0.07720791072815926,2.0557257773935245,0.09125298068823762,2.3361342644765446,0.0807378402485275,2.1559561434894277,0.07072941510048016,31.042363168384004,pdb_mean,0.07691978809333237,1.6104361223173136,0.019938234537747238,-0.16587143404936333,0.0226808163986725,weighted
1C3C,1C3C_A.pdb,1C3C_B.pdb,581.8446416480001,4.038607444392172,0.32968359594519536,3.7496811282449296,0.295155119232121,5.460470384636234,0.45081027150459496,7.348526036019873,0.5089293342418963,5.474312828992801,0.375485107107921,4.387358229588836,0.17506351820598637,4.905691431953404,0.20064632446119596,7.962163432156615,0.12807836811921416,6.191409896813067,0.23278112470004553,7.323093882642809,0.2256223047573865,2.4456621410142936,0.06142701925603459,2.3216295688134023,0.07268555921680012,2.5773553197238575,0.07872385726680518,2.2125094244506833,0.07985082293985915,2.836043324657752,0.10359843748690116,3.0170469006332543,0.0817074715292851,2.945896315271661,0.06567061983248168,2.3482609459972785,0.07783033539764735,2.2498224482334246,0.06745172947455949,2.1635000738806935,0.05907823488090945,31.042363168384004,pdb_mean,0.07691978809333237,1.5791038664425057,0.015051147039488687,-0.203097769,0.018392028694133648,normal
1C3X,1C3X_A.pdb,1C3X_C.pdb,506.49780711600033,2.32155323536292,0.19430104997159536,2.4593391044945463,0.25730654956086835,2.5616538214757187,0.2687194192438256,2.5895844926204266,0.2836570998687199,3.2373717422218666,0.28655767724922215,5.076802257125765,0.3503622455111509,5.286508155917913,0.32589171168104414,5.940974136212836,0.328046510731873,16.965183296640884,1.6703456749825765,22.65162101495848,2.9325183143903715,1.9139574900556005,0.028013754578886694,1.7558786195182015,0.039250134705365834,1.7815983292987256,0.052031616382907056,2.0044962337157424,0.07442568644485358,2.1189484817674664,0.07737144326483172,2.383805578068452,0.10332753753348192,1.92397606281349,0.07439670575485509,2.0675023934777226,0.09922629107403406,2.687347862365497,0.1129387421416336,3.6170558683403904,0.2156350556524311,17.993898183139933,pdb_mean,0.17814411193239782,1.4687787409985273,0.019329128930085024,-0.24577985573508393,0.023824952739227384,weighted
1C3X,1C3X_A.pdb,1C3X_C.pdb,506.49780711600033,2.2339729903574845,0.18172568928190141,2.3480191635720002,0.2519274452129054,2.529819114637773,0.2780259603316149,2.6778451253741484,0.27940044367241534,3.4519644423282125,0.2960098249274038,5.251846285526334,0.3596177225832903,5.60051560350248,0.3362175055821025,5.559050969369557,0.23318565759625942,21.357059397238014,1.0245308915330613,25.136439689987764,2.5893254788676296,1.946387494007774,0.027492525254109036,1.738555813875546,0.03766609652482595,1.8199942273125058,0.05226768968076369,2.082760285936057,0.0753970101256797,2.2019901021969646,0.07514210392659094,2.4700987030097763,0.10691072241108676,2.025545676857922,0.07562184711017787,2.3258087034762296,0.057225832474484,2.890384822524298,0.07998514804566798,3.7742800575966022,0.18314264880919412,17.993898183139933,pdb_mean,0.17814411193239782,1.4438913502010837,0.014079616075333057,-0.24149024004305703,0.020151542165997273,normal
1C7N,1C7N_C.pdb,1C7N_D.pdb,564.2796327139986,3.8066131635416824,0.19411520585146158,3.6662772718261847,0.25595586336986337,3.7116051737149363,0.3212466152752689,5.669255079866812,0.48589081526046585,6.380494113208519,0.5803123944699206,4.877514086049861,0.4048146841931883,5.387047061447516,0.4556236873823773,6.7102861868229216,0.5701592332490467,5.202084153649562,0.1519097328749397,12.758852373330345,1.0291800313875765,1.6610268588307087,0.044747902282796334,1.691082888264714,0.05965655932479021,1.7779020256376805,0.06183011833017371,2.0290354003870004,0.0710836069337289,2.1982754250199608,0.07844239330319737,2.2756210168020363,0.08957727364313127,2.348737571401423,0.08590610658398667,2.610522081868834,0.1713109911479925,2.167718925702233,0.12567321107087048,2.109660440863812,0.1977085471411295,21.255172403514717,pdb_mean,0.18885145768577208,1.5052843111338827,0.015970701355304772,-0.23199390277519555,0.020256927764530176,weighted
1C7N,1C7N_C.pdb,1C7N_D.pdb,564.2796327139986,4.1539066549600445,0.17703899022356703,3.8999484059839142,0.2454666428131834,3.669695437217443,0.3284536828818352,5.994134559835049,0.4809592746004099,6.944159795578862,0.5666414636415514,5.242870757807594,0.37987571887017396,5.23065696877757,0.41795114734313216,7.197962883585367,0.4516422748252958,5.199609080769058,0.12644611888727952,12.047193530925776,0.9993287832973559,1.7113373969772032,0.03984149424586469,1.7024751392862723,0.0617122910114955,1.78950158710201,0.06346937641063485,2.0488770227114004,0.06564034495569813,2.2420631652165044,0.07683830228678638,2.3635360067978026,0.0864174322443509,2.481330655401653,0.08401435756521708,2.3551672340194703,0.1223026813689005,2.1079285620677126,0.08595091802969235,2.2393713214422144,0.20565524732513255,21.255172403514717,pdb_mean,0.18885145768577208,1.5004329001116337,0.013426988823898025,-0.279260881663113,0.01761111023250986,normal
1C8N,1C8N_A.pdb,1C8N_C.pdb,550.8718625410002,2.5180554677577254,0.24824625489536079,1.8282480918005062,0.20603730216723104,2.6748615114886345,0.28063885110386294,2.483363570086755,0.2775857230196571,1.8118326944330265,0.22676378159270455,2.302753312083385,0.22281164664436784,3.9430573341853625,0.26312528824981984,4.766820579622382,0.23661249947382063,8.636588668182922,0.5230959384871795,21.761785557130764,1.470978999686089,1.6575873610468792,0.06554412870326683,1.6246260297831776,0.07173951303104446,1.7484296971584041,0.07507978579125761,1.718586718890821,0.06008925638130783,2.016002730250465,0.07769934437002113,2.374774924256098,0.08743244787571662,2.368856612174639,0.08693830250105938,2.3328932964289018,0.09104985143409326,1.955648151660779,0.08883911934562304,1.7874289225023785,0.096841918701939,17.640858882954472,pdb_mean,0.08439107426283245,1.563360049489083,0.015105968855668358,-0.30093073977690465,0.019133473320786007,weighted
1C8N,1C8N_A.pdb,1C8N_C.pdb,550.8718625410002,2.6160347625581517,0.22732237752679493,1.9339593391119254,0.19923729810499693,2.965768559400214,0.2975273183632997,2.9892036358952936,0.2843972116094244,1.7905352615325643,0.2142593643795491,2.492563840088349,0.22051697369526319,3.8281638576427794,0.25550383932432463,4.877676414902043,0.23044672539994832,9.609802512465729,0.5604718763288927,20.786403166111576,1.2670511131728635,1.6594603365265665,0.06243912903682538,1.6281341985123916,0.0696361310719997,1.7987554142593394,0.07989642418491902,1.8033956129586008,0.05887245459509087,2.0020821617986484,0.07421567248431216,2.365913365707203,0.07972658727521587,2.3333679541437102,0.0841854287807356,2.3901226097737283,0.09059517067677589,2.1246443309966416,0.09063257527095205,1.6314811211415983,0.05156765726730297,17.640858882954472,pdb_mean,0.08439107426283245,1.5513863622103579,0.013135097190163826,-0.34045238028169017,0.016489177773485127,normal
1C9P,1C9P_A.pdb,1C9P_B.pdb,544.6554264350016,2.2974324931753225,0.417729608946257,2.2439506357238277,0.3474318095357238,2.644765727044891,0.3347765923306099,3.286631975050626,0.26749808475963327,4.265296044860703,0.26086922967742326,6.040479265302846,0.37578285678480505,5.602456794639165,0.3587030743151082,4.836292130961464,0.22914029683858175,20.440958322733213,1.4311156121360529,27.199422634474708,4.751948709643971,1.6065990503237246,0.056026102896862426,2.0426285096193784,0.061327488295709255,2.200299564776137,0.08341687217819146,2.271186037571789,0.11274293154694004,2.4013889806481363,0.11041787762109463,2.34542226369765,0.10016574793974968,2.383731821619159,0.11460208544973431,2.2872841949998284,0.07855192630512525,1.9572185988329798,0.0896952928054134,2.277789866567828,0.2714515203398175,14.325260519867378,pdb_mean,0.27500721838883113,1.304791539419016,0.018985413460416527,-0.31591363725837984,0.020503070773221714,weighted
1C9P,1C9P_A.pdb,1C9P_B.pdb,544.6554264350016,3.234022779945752,0.3741302284854639,3.317921484954852,0.30499702117563376,3.2967434459417917,0.27333019993843016,3.340791452769002,0.23555476403514378,4.01161109677685,0.2545732419904807,5.94505036771633,0.37341735574133084,5.331676247541648,0.3411909610955942,4.401417075411261,0.19330572682414768,23.877713696951687,1.1832277766253771,33.427420702126845,2.0413603830336364,1.7351825398504481,0.04856732850062664,2.182038912464064,0.050892924419780626,2.397549040798932,0.07104125342927578,2.5804851235408126,0.10723516259610885,2.62020398565034,0.11900272787745154,2.3641450356201354,0.09849771337271682,2.401580235535773,0.10364541159739324,2.3671927426275206,0.06876005200200394,2.002821319875528,0.07442571309610631,2.177466357089513,0.18584576547852666,14.325260519867378,pdb_mean,0.27500721838883113,1.2889182929975056,0.015432667941675927,-0.29586059518599567,0.018310237419637942,normal
1C8U,1C8U_A.pdb,1C8U_B.pdb,586.0536279560001,1.3149287438072959,0.08558225227452099,1.081435755088438,0.1185470448555109,1.504114166730248,0.15783037347441806,2.0807366947298562,0.22819911943680687,2.9731807173189098,0.2687785436810358,3.541643870054008,0.32245668954423756,4.351224564524951,0.3676852111048647,5.133922727706656,0.378765960749566,6.096577882957555,0.3025943649543383,51.24606667919526,1.206481051768978,1.4232986076268368,0.03544997899936035,1.4024866753975123,0.04170491012540869,1.6393072282752417,0.05517805932916467,1.8628700749629712,0.0652669893596292,1.9421702690737266,0.06226207435933948,1.94360692040567,0.05466977802993253,2.2659391047690542,0.0775837480819075,2.312586221603046,0.07540295624525659,2.3311307861883925,0.07958523397043238,2.1725408818547938,0.12203657597078342,18.915103691890536,pdb_mean,0.10697809198346495,1.5687266869234184,0.01740564783091888,-0.25658340962084436,0.023244684520743884,weighted
1C8U,1C8U_A.pdb,1C8U_B.pdb,586.0536279560001,1.261882360726818,0.08033752206397046,1.1102023392201956,0.11585188148814626,1.7298989509673661,0.16962543284870696,2.354786131208338,0.24425432817249876,3.2264987035244537,0.28847075961539165,3.5908771804419164,0.31412132178155794,4.464152620392244,0.37797306116723706,5.271605668124217,0.37781574339561624,5.866923945168731,0.2898780248814131,54.473650365751965,0.2424099955812268,1.3930076718565385,0.03331165706166017,1.3846868490183513,0.040399966686503225,1.7288828542014778,0.057098454353194605,1.9334552002551206,0.06442384817533872,2.027158507508217,0.060374795601325346,1.9786922596696541,0.05550647398726745,2.3406810684858224,0.07718580831569061,2.3931586456276217,0.07087204869104526,2.4432284388471057,0.07312363247539388,2.1941581838146385,0.06689087235472788,18.915103691890536,pdb_mean,0.10697809198346495,1.5586746394508066,0.014158799120752779,-0.351375135,0.017615199701334603,normal
1C9T,1C9T_A.pdb,1C9T_G.pdb,516.0419498600022,3.322906415537006,0.44852523386262966,2.655515430205162,0.379944653644642,2.7124089420303186,0.3109186312289432,3.6073772496300207,0.2701294831890399,4.119890631379914,0.2686751193169322,5.42572499508301,0.3509041175606515,5.747541264553626,0.3750336205391638,5.732506573490761,0.22719393037966354,12.736214390342823,1.2558807068571571,25.534371055403586,2.298829970778973,1.7633904750418739,0.04266877308470744,2.0207738568516356,0.06440966739233804,1.9351643126691975,0.05880698284631821,2.0828033096597007,0.10745488010984969,2.225858511340134,0.10352165302105179,2.3996468567472036,0.09747959883067822,2.861172223660958,0.10380137641114608,2.7107018366018587,0.08196009145212978,2.864318306103528,0.09709103582839627,3.323981860402253,0.1251442304977781,14.317832069182433,pdb_mean,0.2705818416794015,1.2241001392863928,0.018937148712719006,-0.28150939963551813,0.021773946245695803,weighted
1C9T,1C9T_A.pdb,1C9T_G.pdb,516.0419498600022,3.516514944394964,0.3462171388460956,3.2670538732391794,0.3032936850437259,2.964443676653519,0.28711233675806475,3.5053307080559746,0.2401914027839279,3.91794353708446,0.25247174939907124,5.440862154803372,0.34149998228889755,5.377077339899063,0.3221111236314441,5.387444417407767,0.18736088547905022,13.775593938939402,1.2118849601179815,32.393698471369916,1.242346302605166,1.8614997927038175,0.039268769162218026,2.140389705451578,0.06406780153114809,2.0418768277704618,0.05666460910496614,2.312954734802727,0.09804299057859042,2.5249496392393103,0.10969260189709047,2.4783065934702257,0.10049146796599777,2.9437743669282974,0.08848380487939651,2.5299040955678316,0.07534282827705796,3.1292477260731153,0.09151899031141515,3.0283797118410214,0.09078103075411788,14.317832069182433,pdb_mean,0.2705818416794015,1.1984242624441628,0.01591754076655731,-0.2560541386861314,0.018989147031500193,normal
1CB7,1CB7_B.pdb,1CB7_D.pdb,620.0674322140003,1.1279829988753123,0.06421084172458005,1.8756768687803336,0.19601564422883141,2.1156324558716997,0.1826562517911519,1.2945545048851956,0.09517552850825524,1.617039475865826,0.19738097505027144,2.895150986537593,0.26348526260471794,3.680670808155407,0.3076869012636697,5.517941845002233,0.31876842908977454,7.921633617899406,0.6918625145667814,11.377367875532594,1.0899204913562832,1.2823412172747315,0.028079233524847064,1.4304483266700867,0.05488202640662564,1.6421225335237262,0.08041366311948239,1.382292722542304,0.05036511903996959,1.5867696920093466,0.052332732656127985,2.1496859072864845,0.06888416704164171,2.3494378439044667,0.06886489545774181,2.396029120640839,0.08439236125346826,2.4538132976532787,0.1370369966337831,2.04333161665641,0.06256737957144212,21.872598399189833,pdb_mean,0.0797804673725676,1.5259975764066993,0.0161624912553927,-0.30896591864410045,0.020045544019774705,weighted
1CB7,1CB7_B.pdb,1CB7_D.pdb,620.0674322140003,1.1122386454182882,0.06069515112495992,2.12964498564309,0.2013929766944993,2.373433463446196,0.18676344013659224,1.3122270017609765,0.09582893828390344,1.6885165517596559,0.20301364621580284,2.9151250935985393,0.25494735183721584,3.6824077403654756,0.30470422972629585,5.625058606354559,0.3031401861771551,7.726938568173958,0.4436703372075218,7.888567244111641,0.5488821594853505,1.2585000160313329,0.02749413552940949,1.5017763389191296,0.057999204840429995,1.809746183859589,0.08312557657515854,1.4025459538547707,0.04982821979390639,1.6054949566010905,0.05151018126003387,2.1796302001745445,0.06583701389641532,2.3343382303519675,0.06897052980345851,2.3879190574178244,0.07872862979124533,2.3003506662061994,0.0910895704968382,2.0748898504863678,0.04698191190600849,21.872598399189833,pdb_mean,0.0797804673725676,1.5214978835027733,0.014701132697110868,-0.41112909999999997,0.016274202019136166,normal
1CJ1,1CJ1_G.pdb,1CJ1_H.pdb,528.8122290179999,1.1830234078494106,0.04889864142155533,0.9645541952434962,0.12948325026690533,0.9088391506629953,0.1179890983729716,1.3071559935792527,0.16618484577893358,1.4856479134587035,0.15827187073184884,2.082729614179453,0.20079980581500476,4.330609880258311,0.26869082974746383,4.810428236921609,0.3248208617268472,5.573485033301642,0.19564802388394031,23.00003737153638,0.6963414284970256,1.1832582420076831,0.027890951127942487,1.4915110510827856,0.10657422408840038,1.5347443688110685,0.09386442896574049,1.8166365071826598,0.048427343033396804,1.9778337906751184,0.04746420765424552,2.0442611364828327,0.04969883703106432,2.186218086756674,0.07166789858546802,2.5722801749754356,0.05844982629027022,2.7322806599129232,0.06440990529153054,2.29703527405086,0.06297748350277642,12.747002766262996,pdb_mean,0.10088537690159805,1.4840700555998967,0.01483711284852341,-0.21001478098838258,0.023454601824706277,weighted
1CJ1,1CJ1_G.pdb,1CJ1_H.pdb,528.8122290179999,1.1812177463683051,0.04729984989866003,0.9646062060978757,0.12733319915737268,1.0351745470640967,0.12845418147530782,1.5450056520057587,0.1852391475104727,1.6932315619244185,0.16551063097788288,2.150008455287081,0.20292887349741498,4.400950606557674,0.26186439660343513,5.046478097457185,0.3298970868283432,5.200382024971393,0.1793838881753698,22.714942272718588,0.33999890006787203,1.1871105499968688,0.027440014852112185,1.4730898204192693,0.10498811521529021,1.6127686855225551,0.09871494214178798,1.8262428328842313,0.04790883829481878,1.9793349462508345,0.04643184942419907,2.053396206709881,0.04784280243931381,2.2505497209995737,0.07101842392582955,2.600736475295146,0.05744128918750406,2.742347813638421,0.05549264807135963,2.2364613255887393,0.037521144632080686,12.747002766262996,pdb_mean,0.10088537690159805,1.4652623553538195,0.012942874671714242,-0.35668741493775935,0.019636525127089046,normal
1CLI,1CLI_A.pdb,1CLI_B.pdb,569.6983933269985,1.7739044697047444,0.24146731307306532,2.5688268198446917,0.2689125840297323,2.828545094815776,0.2828466134215457,3.5393358933304127,0.2874302228205317,3.4442836469698266,0.23473955658734122,3.158389844644984,0.2885577914669282,3.8727198217704712,0.29422395600873874,10.123191333467467,1.1639855843554794,27.148525125395402,2.819432865237393,4.451583607642013,0.2946603364231893,2.201335674006514,0.12919658428973557,1.765080054389808,0.06521199363587757,1.8387975226335658,0.07262392421508568,2.1387800687709073,0.076143504786005,2.0164006887989476,0.07753351149149763,2.006396587059773,0.06536115773532468,2.292495041891131,0.07950612747143061,2.2846748809517425,0.07322425410536854,2.2113409175843293,0.08603858498081847,3.4645156943341373,0.08046404598898071,20.913022480314815,pdb_mean,0.08452599934049865,1.5262860263143851,0.017966068098180642,-0.2952457602452231,0.021049117966432055,weighted
1CLI,1CLI_A.pdb,1CLI_B.pdb,569.6983933269985,2.1471146389314164,0.23098035898148644,3.061145369154329,0.2751905181907086,2.5889646437064577,0.2603274715833671,3.5691462059183583,0.28450687589600876,3.4476073141499253,0.23417747969038527,3.3714142025907985,0.2876545166605992,3.821214874533692,0.28770898285345614,6.523699976905518,0.6875380686710729,21.29765833104506,2.358751889774723,4.29594584272061,0.2221505046841652,2.399811971851746,0.11676816950093458,1.8522494427756409,0.06130294182228409,1.8326169174654947,0.07060366894663955,2.1880503311267945,0.0766192164181477,2.0659954739723934,0.0766851620506111,2.0108606193520115,0.06020704837471057,2.2077183487338674,0.07471674030773116,2.317740769827024,0.06391714059975015,2.3801378129743282,0.07857732087805876,3.5854229613012847,0.055085498243166886,20.913022480314815,pdb_mean,0.08452599934049865,1.5847695131344994,0.01425239286882774,-0.26147844899999995,0.01901705565803735,normal
1CMV,1CMV_A.pdb,1CMV_B.pdb,562.4138965240018,6.904224189579222,0.40272689528580247,6.134986492664088,0.5696093987805503,4.226682448772391,0.45469883304986414,4.05471992763807,0.3889742843071244,3.027496177021562,0.28355428590060905,3.41361696167238,0.3091205877417022,4.75141317851347,0.30940372803188876,6.888154925510157,0.3317694476288747,7.080492043450864,0.3794491038595431,8.382522934559194,0.48022130848423594,2.365629507875155,0.06364666761381785,2.138205987434704,0.06846182874916189,2.0413508604653936,0.06538061083923792,1.8322573754408906,0.06516161400681034,1.9664172635500035,0.05805854193404084,2.4529397979924004,0.09496628878788727,2.223670145727684,0.0689745000502042,2.0180882469851222,0.06880359126901558,1.6546329764969139,0.07879769686537375,1.8049550872068199,0.0760145161891439,16.26863710019278,pdb_mean,0.2971735270205861,1.5696765776894923,0.018394481323944938,-0.311250041280574,0.019578762732929744,weighted
1CMV,1CMV_A.pdb,1CMV_B.pdb,562.4138965240018,6.362323386358842,0.3659078888258126,6.596113729593335,0.4415694521515695,4.519479892615286,0.441406910124339,4.225765371454894,0.3581514922037947,3.1525579702882367,0.2868472795012949,3.565709247713242,0.307236083521942,4.768557802497762,0.31427812385483395,7.218674249366769,0.3254950779551383,6.614978207208025,0.33324791084484495,9.269619324553243,0.49655999025079456,2.3493722412149047,0.058935302766357854,2.182490800540618,0.05301575474808564,2.1026131683818123,0.06288145824448652,1.847478954456289,0.06068428925477275,1.970214643880221,0.05855477145695755,2.4750732374081186,0.09877290608737184,2.2498471575839822,0.0680582768934082,2.045843112301267,0.06430127685679773,1.6804454007422038,0.07727556531162821,1.9400335070896295,0.07667545977286537,16.26863710019278,pdb_mean,0.2971735270205861,1.6354363041421953,0.01598917907265242,-0.27501680799999995,0.017705707865644592,normal
1CN3,1CN3_D.pdb,1CN3_E.pdb,576.5434372989985,1.3739079856715233,0.19284364376089386,2.3823151445009527,0.3099403465730707,3.2805059331983646,0.3736422052947112,2.686959952456463,0.31295432666508327,3.0701484281039146,0.2971801397232201,4.117818662760652,0.31938611720869897,3.7194149973509347,0.2418009079680921,9.259027849103676,1.1172821897411744,5.575825984268311,0.25140995364448143,6.266606844706398,0.16338391554802942,1.7493631839284292,0.05858537579897714,1.9628863504426928,0.1054195820526404,1.9696621417358722,0.11540783272555465,1.8860619175122022,0.06878889446398674,2.3508007869574126,0.0909820621753311,2.2626839803220316,0.06619565234114158,2.6281802233836276,0.0938235127580774,2.605558826882165,0.11459366703765224,3.0625004589744678,0.12620202288547072,2.1329942935489536,0.12195309106773558,21.5058135274706,pdb_mean,0.12820207499784642,1.5338374076747783,0.017845931050136484,-0.23578270129963175,0.021831257653730538,weighted
1CN3,1CN3_D.pdb,1CN3_E.pdb,576.5434372989985,2.0302208928588463,0.20052489319257405,2.9677696757947514,0.29531827329125526,3.8088946068900564,0.3710757023911554,2.737530707281707,0.3173008227026443,3.1598282487245,0.3057477721709541,4.049025955991603,0.3124753431518099,3.725447407925587,0.24233024425484198,5.838397892934611,0.565781085049478,5.436559860077321,0.24402627462019488,6.16556257135552,0.13790480206037872,1.8737533763728191,0.05468487785223216,2.1996918905903433,0.10459501567459746,2.0521583334354516,0.1030284791542296,1.8911839386654148,0.06731338930245521,2.3528817052907005,0.09123727086301787,2.2725820762679283,0.06533407652868814,2.6780126722153086,0.09472119097272716,2.6101796131551875,0.0952531172845349,3.009681523526327,0.10313298567343587,2.212849324256711,0.10824060784985674,21.5058135274706,pdb_mean,0.12820207499784642,1.533991354923563,0.016253369426499336,-0.28243361699999997,0.01847418923919515,normal
1CN4,1CN4_B.pdb,1CN4_C.pdb,507.4666676050001,0.4746153979242096,0.03670193638828604,1.287211751297414,0.1341183394686707,1.7861379486384839,0.2128973219484853,2.764914053877141,0.24952735690353664,3.536668413580403,0.2520572532838309,4.289523186111853,0.27139001904506527,5.237318805118361,0.268785165894728,10.999428125351967,0.6951639940709732,10.321034752993672,1.67979104062791,5.7255426423155535,0.20471116606905534,1.0845135161170292,0.0230547727558782,1.465015854311862,0.043997079131332544,1.701769700880233,0.05871590313813122,1.8459733936008451,0.044639839810870614,2.0282211789725886,0.05408805225475583,2.22389120679038,0.06882604366249202,2.294153797487838,0.08574315310844326,1.9763438643190887,0.07944716402106813,1.3296804150684653,0.04706193409918899,1.6120661892001145,0.06329864072497733,18.580178297986294,pdb_mean,0.13487797513140246,1.6517923395592051,0.017817721793330722,-0.270904291998612,0.02220044779927609,weighted
1CN4,1CN4_B.pdb,1CN4_C.pdb,507.4666676050001,0.46859454377641935,0.03477748964246913,1.509888911328528,0.13514598711319362,2.0344371034419813,0.20517664358329651,2.908754991830453,0.24522879190421812,3.559009987897486,0.25433236578007967,4.3169186690029395,0.27628528578911815,5.194635723246562,0.25830706929580644,10.535625533328236,0.6453706836446014,6.446007791243869,0.5161613380504149,5.505223334618038,0.15982002345910884,1.0751723163809583,0.022048593437253846,1.488574360070069,0.04427530322108462,1.7558300469572998,0.05267432333251369,1.853271981317497,0.040519683955691735,2.0021567466542995,0.05379090162478156,2.2486273316404732,0.0682878894607267,2.344208778882619,0.07904304066892247,2.0874691652606283,0.07695661560084119,1.3651782827569634,0.030055188657437375,1.599486166009135,0.05816247375547625,18.580178297986294,pdb_mean,0.13487797513140246,1.6795638057870297,0.015822107499049415,-0.3813684071510957,0.01852791896069409,normal
1COZ,1COZ_A.pdb,1COZ_B.pdb,546.5737172219997,3.6943494933115644,0.15675254922248605,2.70756134020201,0.13513372047730834,2.0856427533205193,0.15958328793288037,0.868716242791192,0.05047017829651351,1.0642799328558883,0.17721389474332636,1.5178386483394608,0.20692299818382803,3.7718124052742352,0.336475461828937,4.15260391539007,0.24700697385370318,10.340520112922546,0.7698114690499296,10.976113232044916,0.5335971639320934,2.0751295745605147,0.04287458225541196,1.5164950595124902,0.031047468741554073,1.4581915524728792,0.03896149268593108,1.4064908115600567,0.03869332998217834,1.879981527936759,0.05847042661959131,2.2111466560648334,0.06753024647161629,2.4834245464042533,0.09739099394773326,2.7093275615896086,0.09911639455071783,2.4866334552816234,0.1305734106035084,2.8422696096490037,0.12231185304015522,14.274871893932293,pdb_mean,0.11262287886680905,1.508501772721367,0.014168179543078824,-0.2099565480691269,0.023910906772880543,weighted
1COZ,1COZ_A.pdb,1COZ_B.pdb,546.5737172219997,3.9357896185441734,0.1519662003409301,2.708246050260273,0.12310878786254924,2.2008454143143177,0.15754321139767122,0.8728404842791846,0.05068157565767103,1.1835823518324093,0.1948343649409105,1.7829299590913208,0.22902972615883313,3.9378230914069894,0.33805929954358305,4.083808413792445,0.2461722202331643,9.261228543126242,0.48309705135732184,10.796534170408655,0.48258709348674245,2.0922703751817444,0.03702685514396579,1.490521992075969,0.02467800194559084,1.4898558012112222,0.036804832778789716,1.4089391304974266,0.03945547381296341,1.8970581788229233,0.06047088742977117,2.245815858892542,0.06764550134620077,2.5614005968346434,0.0905243881806776,2.7595685806159507,0.09642854404893111,2.5790397120767308,0.08208457566086072,2.9811676574918478,0.115811435591743,14.274871893932293,pdb_mean,0.11262287886680905,1.4965390482559369,0.01099086507549565,-0.323116693,0.01948268388034488,normal
1CP2,1CP2_A.pdb,1CP2_B.pdb,538.4014546860017,0.7548274249701152,0.08793382627201911,2.55446623082514,0.29499357724343755,4.425203776448625,0.4211094621765983,4.320806460368553,0.32249078527198993,4.357724443263282,0.3070088880346065,4.425925711694211,0.27086935208901175,5.7233483179373374,0.2854379230135006,6.769005828154185,0.339528272126671,10.447921651007299,0.8360622158216868,39.326606154705516,0.34198472662841173,1.8145702345682853,0.04764440894863114,2.152556235481797,0.0758377851506476,1.9302033633071785,0.06158274919527636,2.1516741363411076,0.08061029067067789,2.1507041626404466,0.07754796676820667,2.574264778658639,0.10217319924644026,3.042004097640184,0.16351653804533062,2.7317809858269415,0.13231777699955302,2.208345759591928,0.09214096024622838,1.3968750422143579,0.07494527188708584,17.905756879857332,pdb_mean,0.2530833910143215,1.462745350391133,0.018161950613948492,-0.23725567116688995,0.02100657545649598,weighted
1CP2,1CP2_A.pdb,1CP2_B.pdb,538.4014546860017,0.9147585128959435,0.08050087351834255,2.593481983102212,0.29047108417301837,4.724397307477263,0.44035993864869544,4.497473767243257,0.32317017131202874,4.274441661533008,0.3087228908828432,4.264082728665159,0.27060516436461995,5.384718574534466,0.261839949438304,6.501745678460293,0.3176898980761357,11.701428626835959,0.862402132178779,39.05861716732941,0.2993366670577522,1.7875980811976138,0.04214277799155518,2.134276415292915,0.07473904750127668,1.9632811113367021,0.06407837641189232,2.220310902324853,0.08062930973561343,2.1829442566527955,0.07654357971681545,2.6186002239772765,0.09474117955903724,2.976333774311245,0.12471832568297544,2.6291529053948977,0.10590848161546713,2.332538776464482,0.09405442672086659,1.377814916952624,0.07156450911198256,17.905756879857332,pdb_mean,0.2530833910143215,1.4610407621967618,0.017424092331700072,-0.30930202224576264,0.018391100068016773,normal
1CQ3,1CQ3_A.pdb,1CQ3_B.pdb,495.441075707,7.829203158521388,0.42112207637860216,5.33923290330859,0.11506498541815982,4.337367952129641,0.182696816710166,3.5977856207770875,0.31399211599708315,3.2596291203768715,0.272009960029246,3.5097523994259383,0.2638910610038094,4.113159809548725,0.42077037914218585,5.573594448331101,0.6139267905746089,8.003445079673316,0.5709485744890447,41.38906570393007,0.27154238712461354,1.6865037043565565,0.12819051235750928,1.9013671594545278,0.0687593982301245,1.8805771529742972,0.05994042098126472,1.9831583734900098,0.050275367650294896,2.272570480316584,0.09716475601677935,2.3384490500886383,0.12284878497230581,2.059169171118293,0.06719893390261798,2.7064452789418576,0.05591764183215432,2.9522905866151468,0.066605201230344,2.4151029070833667,0.0631145220007537,17.508346357946422,pdb_mean,0.10603660825090572,1.5148870551425837,0.016624617992014597,-0.23164033741695497,0.019267040719819262,weighted
1CQ3,1CQ3_A.pdb,1CQ3_B.pdb,495.441075707,8.311597466267798,0.31385013747975316,5.240556564404958,0.10899325598968675,4.188566206006718,0.17981585973744388,3.2386921392168055,0.2965241267608175,3.166120982344786,0.26998297580365865,3.4759893527743086,0.2536747888119438,3.752961772247724,0.3739973757003919,5.327970626189857,0.5133558301490899,6.651409381068408,0.42090779377790283,42.115893223050335,0.17386347496092172,1.6475285145121075,0.10829704003545552,1.9069427525739726,0.0658318817392401,1.8507171845553814,0.05702808775413989,1.9895468567095305,0.04891723157003019,2.2791106334147933,0.08982996702646837,2.4138856604015397,0.11767848912366367,2.1066719675150836,0.0642309076246417,2.7044953609932696,0.05069537550412767,3.057919890962533,0.06142931596325071,2.2331720768925387,0.05164970749828881,17.508346357946422,pdb_mean,0.10603660825090572,1.5214895746624688,0.015168026985738499,-0.27751660130010836,0.017483576976001027,normal
1CQI,1CQI_A.pdb,1CQI_B.pdb,481.56759551600044,10.798474971143449,0.9464995298526591,7.84629427135798,0.6249788706487875,7.017537523245587,0.7334985210382791,6.799587289086205,0.6778038996040252,6.030557241532014,0.6079185498341456,6.055626352173179,0.516915620973622,4.475638212137498,0.3778663849177033,6.3966962591828604,0.528919126689941,8.316097568018032,1.0497539070592519,7.3506809959113175,0.7194910830419151,1.9826033909939913,0.10321320162044498,2.8919467265955574,0.12072455307449406,2.698801251733429,0.11940311599942395,2.400292646608491,0.1465893445024688,2.2223061597780838,0.09057998550547565,2.7012701831953105,0.15923641526358842,2.223625474963537,0.07695365454973656,2.32523931884812,0.06889304777086576,2.1233937449134914,0.1276476361904512,2.751508943034742,0.13695054261922548,22.499569396773225,pdb_mean,0.4180682909243846,1.4996503851685201,0.016797435707481035,-0.2395477445085768,0.020930855640821255,weighted
1CQI,1CQI_A.pdb,1CQI_B.pdb,481.56759551600044,13.864814393075743,0.8382099196198336,8.741693827268168,0.6430686253206056,8.382608278420383,0.7536454211455927,8.39081044804755,0.6448197062630864,6.567263754291208,0.6028974860643865,6.391416340404771,0.5297917408975927,4.789041365836756,0.39624920923739004,6.795041037989693,0.563237671383058,6.214225464442408,0.3532188417574581,5.6798416668426635,0.31749849645321954,2.299127706816319,0.08960960610572008,3.092434194016239,0.12143430519329845,2.8523598396914753,0.10670106577732838,2.42657402666212,0.11267009883180586,2.3380895886898996,0.08894201682004213,2.7011285634172673,0.1539845473471167,2.168572838418026,0.0735930176243719,2.2945726115646203,0.06691663274410393,2.474680032886158,0.0709717440787913,2.732945328950544,0.05056511279853139,22.499569396773225,pdb_mean,0.4180682909243846,1.5216969487188603,0.01546688819692324,-0.22916727974947806,0.018309872741945277,normal
1CS0,1CS0_A.pdb,1CS0_B.pdb,528.8032048350033,3.5718522582407743,0.37531769154872924,3.641002718103323,0.3658944538234415,2.136032254494515,0.22255796226029337,2.0591903066381034,0.23061803044131324,3.004400829924759,0.3078357304201739,4.068767657100816,0.33416808960985545,4.4294183882913885,0.28769295063237915,10.346756283975012,0.7197487276965163,4.6962484151181405,0.18241236943034683,21.576627877315676,4.861346860507595,2.08429448523613,0.0947183237060956,2.070212028850537,0.08933473884490488,1.8293892319791834,0.0655989563255493,1.9401396501975132,0.06946002461329079,1.896373339368631,0.07341509568262071,2.022185075425037,0.07383311900226554,2.2008603914066054,0.07451735835582819,2.387735901698964,0.0955573283171348,1.6894323776104345,0.08130315622147495,2.5438535189325195,0.14310463067847706,24.685732750472802,pdb_mean,0.09264440857808293,1.3804102013327415,0.021680411115292487,-0.3023777497873858,0.021100991464260862,weighted
1CS0,1CS0_A.pdb,1CS0_B.pdb,528.8032048350033,3.0255445960600014,0.2672732674009751,4.252929148381054,0.3605662146401229,2.393859086405446,0.22610267790072638,2.2585925500336193,0.24141477808975903,3.3773341374793886,0.33507403514514217,4.2035817235420385,0.33842834363090957,4.582511756047801,0.2809915940308483,9.619861058720403,0.6989534012221038,4.363795810296886,0.1899564887986735,19.34164401158835,4.387898993301038,2.0295655079952564,0.08112119602757546,2.226186980585631,0.08415667361019166,1.9313998051732297,0.0642710851241551,1.979426542680129,0.07088702904167575,1.9689912202617177,0.07487610389683569,2.063430544011828,0.07344919796750068,2.2588903960528426,0.07086755504233502,2.348009877751467,0.0870238569003378,1.9239330983699983,0.061490540378570914,2.4917074095698517,0.1323544791047372,24.685732750472802,pdb_mean,0.09264440857808293,1.3605638340636412,0.01891091528334127,-0.34436482758620685,0.01782566269306007,normal
1CX8,1CX8_F.pdb,1CX8_G.pdb,637.8921509230022,5.5346938479060865,0.5482057729921047,4.753883022325944,0.5499047747671096,4.1291046379819685,0.4511296316854482,4.220539304811943,0.4321575328087026,5.96790289192691,0.47531420748626985,4.994606489807909,0.42130836965848595,5.214646472588216,0.3335918529921369,4.807174204396479,0.293657734197314,6.0926630503245605,0.28138542778808384,7.116907721734751,0.7075108852356002,2.3745173626158227,0.11962831905090435,2.0782634791807366,0.10889767613596606,2.036662214027157,0.07746169301426639,2.1633830443940165,0.06335551150415812,2.1671647850646636,0.06863554248386032,2.469913448945562,0.1423471659565686,2.396715871127325,0.11791417690731935,2.2721704993131033,0.09275059270555255,2.294831154665072,0.12010334630504133,2.2048264654812137,0.12651040381043074,25.74201667237831,pdb_mean,0.1367887162055525,1.5555590896652154,0.01784144680911918,-0.25531281835179326,0.02013982868484909,weighted
1CX8,1CX8_F.pdb,1CX8_G.pdb,637.8921509230022,6.399796644359025,0.4890767003205882,6.350588096997123,0.5726819625455605,4.452929760631423,0.4460003160174967,4.719479388422998,0.45165567684550645,6.798852505614942,0.4900759530589112,4.181102106057277,0.33107678941924584,5.190406646076763,0.30608515498904626,4.640511755761735,0.29288269042377724,5.600379460381577,0.2547938592360609,6.875901838361516,0.5414954933192127,2.5804616351224605,0.10782507075404046,2.4472317132155106,0.10844445423491425,2.0864054745164218,0.07605723579921458,2.2064431632972443,0.05894496099351668,2.2737504079066104,0.06714436908782981,2.274591212875779,0.11381618727258354,2.349479239453893,0.102475657093026,2.300336277779895,0.09083118134359867,2.5120326038132523,0.10419464860784829,2.440142051871943,0.09086844894950832,25.74201667237831,pdb_mean,0.1367887162055525,1.5911722155832966,0.015040429467467123,-0.244741375,0.017521332466490146,normal
1D1J,1D1J_B.pdb,1D1J_D.pdb,543.8705765220002,2.2239211562099648,0.13386785909399185,2.3941237459414197,0.22631654223993877,2.1657034657590466,0.2742260525305336,1.5848790778036488,0.23228910804049824,3.0369538802208713,0.27675180593636073,4.130801506363973,0.2616639010856797,5.544479123892903,0.33451756596051363,7.2548261426318055,0.3066404255715415,7.4760451004618655,0.44750247376399677,17.25345354863486,2.007317408396926,1.6418465943177747,0.03810737044379273,1.840539547347194,0.06886435769269555,2.0026232299614866,0.07502367486517679,2.145585261839437,0.0799968187227231,2.0279842718496184,0.059244770848181666,2.1780698941103163,0.058817965108152334,2.368386478379795,0.07356156805933467,2.339846805779498,0.10104967600236185,2.514531205941207,0.17415963530336817,1.3276360253742827,0.10653919967879243,13.687721838530678,pdb_mean,0.12994713859493362,1.498397959815597,0.022112880377048613,-0.21458232925259388,0.022310522831707497,weighted
1D1J,1D1J_B.pdb,1D1J_D.pdb,543.8705765220002,1.771167147710614,0.10824445887656924,2.1699613646955775,0.20288908040294498,2.761660275505327,0.2913522815191646,2.181264450384753,0.2428977817907477,3.459013530954449,0.27315536894332876,4.154911494439501,0.25762444366457155,5.244500179977413,0.33044332896694467,6.983209167699971,0.26231385742942775,7.310448435035572,0.2995719375113471,22.555333931263945,1.5791019713294583,1.5500296714251578,0.033836612704744,1.786095710290742,0.06145258125019577,2.073757098966238,0.07744999907155124,2.3377376195733928,0.0858800671863835,2.0701036017255117,0.0620790386807394,2.191161412077022,0.05808902263381147,2.4491320001689076,0.07193227706820166,2.3657850010306105,0.08949129721724994,2.6813157214967203,0.11830612083763534,1.1135499843823884,0.07213305823313712,13.687721838530678,pdb_mean,0.12994713859493362,1.5067763810541746,0.019548243356200968,-0.3102016788321168,0.018354106605823282,normal
1D2Z,1D2Z_A.pdb,1D2Z_B.pdb,547.4603654800012,0.6275323249990893,0.05401949653500128,1.2940880210396668,0.1599202334712972,2.378555075260635,0.26248779614371687,3.933445362297543,0.2904448926708072,4.1546489304021925,0.33182624857369586,4.985853290355184,0.2835303789977842,6.544756100076479,0.40776231636705934,5.4038108541267516,0.3129500711199384,5.598461262891455,0.3153233249443414,21.740498301060494,2.188421993189772,1.7033926875428633,0.04901191341686041,1.8372229061529302,0.04879159612337633,1.9919271279964028,0.061484684110749886,2.370748870330269,0.06733859159099306,2.535606396340347,0.0806617368701253,2.586242851589734,0.0993389199370764,2.5835917664029884,0.10943202725713881,2.3601828281416006,0.10362587906677004,2.4028919511716142,0.09178409445251204,2.4570111939402155,0.12079341806299597,14.415343241097641,pdb_mean,0.2599605240779258,1.4779045405701634,0.01719345750600334,-0.20402418695451716,0.021479069590168508,weighted
1D2Z,1D2Z_A.pdb,1D2Z_B.pdb,547.4603654800012,0.6999258676373639,0.053562583975591126,1.2925821053605335,0.15832024382582277,2.3922227624535117,0.26525993759503547,3.961576935035164,0.29451377439957677,4.147561057296411,0.3173204169767298,4.955420823723278,0.28420635073139666,6.056495047079303,0.3827485041397959,4.674979610984521,0.2453462841789011,4.725865453070903,0.2602654111423187,13.95114608583565,1.5017282739243356,1.7218939039266328,0.04421294978005898,1.8394058782195912,0.048078623686019346,2.0339539985987702,0.06261033231700204,2.3684027271859343,0.06723144786824051,2.491326210879296,0.07076701329557997,2.611372540875002,0.09722007038261679,2.5241780338435422,0.10480161764586945,2.6140310049548754,0.07049088351042776,2.72256079385487,0.06960699590337495,2.909866759377167,0.08630898681539481,14.415343241097641,pdb_mean,0.2599605240779258,1.4293858647830209,0.013841205592044006,-0.27494550999999995,0.019356622822373264,normal
1D3Y,1D3Y_A.pdb,1D3Y_B.pdb,590.1796900590016,1.1051832191321667,0.19590189653245974,2.5041946541572258,0.24086685929438925,2.970727472834051,0.2592510507740349,3.8291260233573654,0.3090437769392429,3.672302438770187,0.30488599294712165,3.41294245235069,0.2652558824809689,4.2594626096413775,0.34620048399184844,4.3435228155497905,0.28779480118267153,5.190823421290041,0.35288534461888416,48.96224778774634,3.3041250667787154,1.793444731410986,0.0520540030695125,1.6694975684754472,0.04091389948606284,1.6763853129394675,0.044203051085024495,1.9963572346681349,0.06363175420704803,2.1873457918880215,0.05275621848040107,2.031148140138146,0.05542606200565206,2.194736766525808,0.09131161522665797,1.8099555000766303,0.05615867194228887,2.597090486749631,0.10093253914381438,2.4145653801144142,0.0795157651930843,21.426329453176862,pdb_mean,0.05608310415935093,1.5027943707866225,0.015307015930936098,-0.2924140334890182,0.019958147631904642,weighted
1D3Y,1D3Y_A.pdb,1D3Y_B.pdb,590.1796900590016,1.560840934330015,0.22665871282211913,2.511230053552766,0.24350022500421797,2.744051891484919,0.23751992977173103,3.822995257846185,0.28271904296921735,3.789070359379266,0.30918672289227345,3.153709113192645,0.25733793015531703,3.8477894287294645,0.3103535517639565,3.946919904278961,0.2597134135228726,4.356632572761848,0.24724644977995697,45.62973285457644,2.8231140632358924,1.8290990451821907,0.0509589093867346,1.6865397069688184,0.04085936286060904,1.6652902985532294,0.043122543615658926,2.0178660889496847,0.0589964121659042,2.162909595179973,0.050565541671087524,2.0254430163736385,0.05559419630700281,2.12127291936109,0.07904934528198568,1.8148116150149118,0.05393129237712467,2.7137826267383964,0.06684576975758676,2.332002440307015,0.07137087191157793,21.426329453176862,pdb_mean,0.05608310415935093,1.5086826069293542,0.013531851699113872,-0.35131301700000006,0.017383663631053273,normal
1D4X,1D4X_A.pdb,1D4X_G.pdb,561.9752863009999,1.6100420923595986,0.20319200386103026,1.4691421712162085,0.1859816735330911,1.4418933462756442,0.17958802672707258,2.0595093248299574,0.24678754975022482,3.1417703840924296,0.30816092628182423,4.066608044292305,0.22715027444324362,5.433521859146786,0.370203333955144,5.2048943623476385,0.2256353418532156,8.758347285334244,1.9193993379760208,14.041517190484152,3.08445672851649,1.9440636470699992,0.07457371376627672,1.3494792165905967,0.04555337019658265,1.6179553091888332,0.06259387012093771,2.2206044003511844,0.07409309427494219,2.1891840648976126,0.07777691136083743,2.3056073973525595,0.07537646296611492,2.5186288837433146,0.10138513683804215,2.33347561291145,0.0929722047959171,2.624206457535655,0.1541908922828739,2.5674454002188827,0.11151678139888653,17.96570728771994,pdb_mean,0.14029385752160933,1.4432341079278015,0.015298982267104199,-0.19230018334833388,0.023374952457149212,weighted
1D4X,1D4X_A.pdb,1D4X_G.pdb,561.9752863009999,1.8427397578142664,0.18562873544779007,1.9287609059822675,0.21526747415678726,1.788135004423314,0.1954602288708959,2.2733319458752925,0.24343564523781663,3.5684785900547378,0.3185320666717739,3.952044560908709,0.2261548653403013,4.927877206738861,0.3236638625366718,5.1069152739531365,0.22988626161525177,12.119016643501897,1.1311104849826195,8.308413073834256,1.7746510706632246,1.8812502807862725,0.06593532071837455,1.4693197642929376,0.04533649052253523,1.6600629890318488,0.061128216833958395,2.284592272952684,0.07138792838282335,2.283278486486465,0.07701807373078516,2.3344841014250948,0.07543409461352077,2.716927563787511,0.10014919312238983,2.4166621635653467,0.09091837891042813,2.552223764043443,0.06835655136120809,2.3709861062592488,0.08619503095446007,17.96570728771994,pdb_mean,0.14029385752160933,1.4280989645702704,0.01359485597654117,-0.25790185622317596,0.02039036771583864,normal
1D6R,1D6R_A.pdb,1D6R_I.pdb,490.50408574099856,1.8769694138060453,0.30922817512014583,2.913263040297577,0.31703895644839375,2.6464019924907287,0.25074161598172473,2.8794294626418004,0.2780804782413359,3.3210842151992956,0.2409061096307048,5.984240939676881,0.4130330075722164,6.054895364217816,0.4613626627342088,6.80915749055104,0.6702285500210203,20.700244340767483,1.0783118913195613,28.828602587716908,1.7379060375443598,1.7614755064506948,0.14575471091319497,1.8678238895140808,0.09535971490947821,1.9504435535638074,0.05818905404280691,2.0903585216278375,0.08173662417020384,2.402038992528299,0.10758180989980214,2.5438142348119865,0.10633406909888163,2.716505412415054,0.10363702959159635,2.5461129862187333,0.12698597683711302,1.496854185410088,0.05091686937886423,1.8531015162573274,0.13284576015337932,14.319526879012162,pdb_mean,0.20632996190326508,1.180659361477529,0.018515142912072735,-0.2054723532986245,0.0219437917121055,weighted
1D6R,1D6R_A.pdb,1D6R_I.pdb,490.50408574099856,1.9506328475222685,0.29422939018471395,3.2106879787394575,0.3154821407674473,3.012984612971987,0.23471108765162013,3.021237031150962,0.24989097686633924,3.4759189573627483,0.23194528529846115,5.924063967158025,0.41632551807474105,5.567160780227564,0.4065437054181401,5.380868344938062,0.3615747134109594,22.951518241902185,0.9692325987715888,31.52669770127818,0.9036928137070876,1.881921701999013,0.1627370537605421,1.9581305132424844,0.09903642105552041,2.020124324190138,0.055416580306291804,2.299671756849235,0.07916804342637812,2.561911728702084,0.10902753897951725,2.5331807966547863,0.10454225736046363,2.73108470254812,0.09728359700084842,2.470736980093344,0.08023800326630165,1.5064865854611753,0.04746150983202087,1.7971669032605408,0.11315848342142697,14.319526879012162,pdb_mean,0.20632996190326508,1.1900373045252164,0.014961711306901465,-0.26630270370370374,0.01962299931804542,normal
1D8H,1D8H_A.pdb,1D8H_B.pdb,563.8446778879988,6.7554890032022294,0.27241317697326567,5.936625862566712,0.43594897532474547,5.757432836395973,0.47424402349012296,7.322880017705075,0.6313971841321385,6.543778305948462,0.587599655552091,5.286537750063428,0.46174344488379887,5.023082768508432,0.37418570524186545,15.765184824700569,1.7708881638013068,12.36838579452346,1.9729176879312287,13.70613883329885,0.29142693730877833,2.211426312880432,0.05800374179724479,2.1455754791534947,0.06428802938409434,2.077148022573936,0.06302637826484037,2.020848417413699,0.06328583766029937,2.452396517623656,0.09880418932471431,2.041907196893919,0.07484201026612244,2.3122105980487433,0.07941142037569246,2.9323559853706946,0.11969112706025559,3.2964670894081247,0.15270896955402288,2.1186772960356666,0.06736941504122501,20.577519342414213,pdb_mean,0.4106004496768577,1.5196482986504376,0.01727085148853139,-0.20263216282561086,0.020488757474866164,weighted
1D8H,1D8H_A.pdb,1D8H_B.pdb,563.8446778879988,6.331728568886526,0.2437470273311851,6.350219334229331,0.43279839880932913,5.684369636786085,0.45925818053434975,7.552725146879168,0.6228912769383186,7.248144998291337,0.6211100695711426,5.365633753055172,0.4431043216665194,5.150428646747989,0.366586021499959,14.614788444886026,1.1369759692086006,6.602464640054231,0.6998839443247509,13.88918430258334,0.2673274980257982,2.160065682849552,0.05425319581046435,2.1852043183447325,0.06430110531195546,2.093114558554009,0.060713541746259106,2.055645242936433,0.060767850124257804,2.4079034588497548,0.09009999412143709,2.04028012832516,0.06823386857438908,2.322096278303703,0.07764217291789799,2.9716573078925057,0.07862572195654224,3.7619130579180857,0.08480002629584658,2.201404910646299,0.05227474791527633,20.577519342414213,pdb_mean,0.4106004496768577,1.5100063869457394,0.013806763337127837,-0.16635626099999998,0.017927452402365263,normal
1D9E,1D9E_A.pdb,1D9E_B.pdb,579.9433046249978,0.42733566826822456,0.024506916097379434,1.2336242506956787,0.20186945273209647,2.021195244694795,0.2048517636455787,2.4723624095408816,0.23603988441395304,3.032853547055328,0.25578998330261143,5.006639802782143,0.2976366947085016,4.921835422064864,0.37116872481306135,5.904300554739154,0.3836698236141389,5.415595817031511,0.41115370113674615,8.603089853155858,0.20625744926571257,0.9766935048539239,0.018958768594201095,1.2025978681716114,0.043681744044576615,1.5841887645473607,0.051737586900838496,2.0074529939604076,0.060938754548025865,2.3059288345014615,0.07122401497731037,2.227067678232171,0.07716861789013439,2.368439195595359,0.07960133427930514,2.1673466137934003,0.10272452136773887,2.196548825686297,0.16928056439314113,1.9069365271634837,0.037750938139222576,17.609535017218832,pdb_mean,0.11705165772840585,1.544563567273333,0.02084775122591955,-0.3190019930613045,0.02050302640591507,weighted
1D9E,1D9E_A.pdb,1D9E_B.pdb,579.9433046249978,0.4207306270005664,0.02229884480943944,1.670774415351403,0.24196500295835782,2.280317701313471,0.2156796776337691,2.5021597450439175,0.23170850898091597,3.1327093945320423,0.24990148583053645,4.940169545243731,0.2963615783015696,4.762199373227159,0.362063887013245,5.242703774626491,0.34084761045176554,5.667328491299288,0.2772957634391232,8.136141495114796,0.19594881705116035,0.9712151327023107,0.018678372095539082,1.2943543406471236,0.04879625160310229,1.6878503540898224,0.047951563121591094,2.016669507415838,0.05996925227892026,2.302910662270625,0.07144781919552654,2.2636113688718824,0.07506483858680402,2.436608217243989,0.07574867886109829,2.469797908686057,0.09075976449316234,2.464832782021345,0.09564784179323062,1.8873964560889005,0.03668549364962185,17.609535017218832,pdb_mean,0.11705165772840585,1.5014901132282068,0.016889562560920578,-0.369398302,0.017017394515517807,normal
1D9G,1D9G_A.pdb,1D9G_B.pdb,533.1142074130003,2.6622241053363873,0.260781932658212,4.856753142520475,0.5684126335100396,5.720630963997444,0.4734186652171019,7.737335899719769,0.6806329111810008,6.738232193046915,0.6675328052789508,6.812171783887938,0.5396061021836986,7.910803295682513,0.5583335051104619,7.1354476886126434,0.44059858785949507,5.323947366459917,0.5556956336163126,56.22183063884101,0.32942123227909137,1.9056536872697927,0.07004563269300007,2.0759772472539884,0.11938055754491857,2.199567102925701,0.07511156906792607,2.3845370889559954,0.07848707668238171,2.496160922283002,0.0933568299452014,2.3933692319389652,0.0895518655254662,2.215253239881047,0.08191241768769056,2.820067667145001,0.11231113784875822,3.4531956696731005,0.14397833655703118,2.49904128636415,0.06441598474442725,17.34085252291024,pdb_mean,0.42973817636431155,1.5525761413802188,0.017002295939485806,-0.04345474866346844,0.02423582031077282,weighted
1D9G,1D9G_A.pdb,1D9G_B.pdb,533.1142074130003,3.1184519011349643,0.23836143318790298,5.082379391106679,0.5373128359581548,5.544889375342353,0.4774588326980333,8.61579332121554,0.6763915810162585,7.364067075587774,0.6287336985556253,6.856030814258216,0.5252474433126573,7.694567789138482,0.5501007357551055,6.93146562477933,0.39477584206714467,5.53576016860556,0.3196081591744967,55.45150779127397,0.25479527084162745,2.0415658531044882,0.06502691274335705,2.039486317008097,0.11394946260139868,2.1946232938627177,0.07430448218111807,2.4327911164014857,0.07854980791348311,2.4966130060859344,0.08661178600932573,2.2303145721551263,0.07604409557291529,2.2288021150275195,0.07215993674278699,2.827733159344062,0.0979772433565464,3.6528840932360374,0.09559178040037686,2.5678693242014345,0.056685097961380146,17.34085252291024,pdb_mean,0.42973817636431155,1.5588548334065222,0.013433756993750866,-0.12901730400000003,0.019199918959089467,normal
1DB2,1DB2_A.pdb,1DB2_B.pdb,585.5127401119971,3.9052606434458874,0.3829155720896077,4.253331685569574,0.4071096953093374,3.178026703007319,0.31755866389722315,3.5701365605200692,0.3314426217102381,4.205228974051315,0.28172243088935073,5.176421356852398,0.31165265790143903,6.757752862805579,0.3829776713863642,6.11883563124253,0.26630592416707183,4.825228279113175,0.10498131284388532,8.933463851143022,0.3552871117429853,2.1793494466173087,0.1248065308297847,2.275561556640581,0.11988374349575227,1.8863077086078939,0.07670140903858806,1.954964370655498,0.06620050500050734,2.0273884975140555,0.06730648374289683,2.497380030045546,0.14211210364043889,2.0240451186659922,0.07667424293730779,1.916256859172194,0.05153332960672133,1.5148522381768699,0.032178518847626764,1.1407463605374533,0.062110680073573975,21.409308053334193,pdb_mean,0.20085435035509586,1.5584901909785165,0.019142655619372596,-0.2931192807559837,0.019476219242224594,weighted
1DB2,1DB2_A.pdb,1DB2_B.pdb,585.5127401119971,4.371177278586377,0.3554826202853684,4.74680182572028,0.392523172800331,3.953028846478517,0.3170565537436584,4.238056092486209,0.32843750319421444,4.172366400333438,0.2774968799782487,4.993821220210026,0.29880985560024426,6.714375917587585,0.36753809542561694,5.8200350196839725,0.2751447031531853,4.661911063485744,0.09462234590698752,8.535204932192517,0.2792437078265836,2.286767847588337,0.11298874409200581,2.3837047824813196,0.11500014077895482,2.066555550774159,0.07757161737370306,2.078377010971289,0.06531891650359868,2.098306517280397,0.06573938213922527,2.3938524404836468,0.12115871116893757,2.0691878061388853,0.07830053971223708,1.8837700510721211,0.0468011034482799,1.5264379120306188,0.027256073978750538,1.1825140459390937,0.059545119966239166,21.409308053334193,pdb_mean,0.20085435035509586,1.4985313216697413,0.01615367301890569,-0.315469515560166,0.01721441708403884,normal
1DBW,1DBW_A.pdb,1DBW_B.pdb,508.8530751149992,0.5142215063493331,0.05359443113690846,0.48511694613091555,0.03423334717893888,0.832188230278979,0.10592402868612641,1.3140665078466656,0.1354132149947486,2.2742026515993348,0.16999151008148364,4.166975080383422,0.16293427451405088,4.710823448996663,0.17477125825143516,5.721162390063578,0.12368454737123294,6.5281480304616535,0.17408492789084848,14.651474443416987,1.0082172200094148,1.0774828331431687,0.03446030561845681,1.404324339762115,0.03937002462093347,1.8147126374814144,0.03692518360712045,1.9054468691288764,0.04567136491209858,1.8855499878490434,0.05300584361173967,1.9980321388270776,0.06268308918296535,1.9001025576325907,0.05175025890113191,1.767842143919134,0.04942123546744727,1.8183003833758349,0.0728746607958584,1.9305584700888276,0.07498659349067552,13.44384500053329,pdb_mean,0.11239938630372391,1.4877565000460136,0.012504763609923869,-0.3567161664723153,0.020950315070192713,weighted
1DBW,1DBW_A.pdb,1DBW_B.pdb,508.8530751149992,0.6475883088866236,0.056864300967933344,0.5252209073250019,0.036589013986883315,0.9403576309524098,0.1189506262019417,1.356864181774671,0.13959092081474572,2.3886192242553945,0.16667197056765312,4.1291372282295296,0.16694438317967436,4.629918252054753,0.17521502285835877,5.636390335977812,0.1204574890643012,6.338266363340925,0.15119278640203065,13.591780474179552,0.7886230339018149,1.1862710884916436,0.033704590181998874,1.3960571340375612,0.03881629999938726,1.8404961951165548,0.03685549208699655,1.967920759629698,0.045326773554183616,1.9278184995808285,0.05025571351978603,2.0171194276309206,0.06276727028416859,1.9385109803014635,0.04939753147681202,1.7858100223774573,0.048864793439572875,1.9550820838676186,0.055917557798351135,1.895010303373797,0.06548305588055037,13.44384500053329,pdb_mean,0.11239938630372391,1.5116120127616397,0.011629602258457678,-0.4574529287257019,0.01799358715738485,normal
1DD1,1DD1_A.pdb,1DD1_B.pdb,514.9988955589979,0.9453053835838919,0.050950755181140894,1.1214223209601581,0.11116328733888717,1.523702170976896,0.15685883345118065,2.667820897993219,0.21336785451256637,3.879002392826087,0.28091217598997487,5.249045989773927,0.29885311875858,5.25610533933054,0.31521328346874433,4.905587113444295,0.3834439650729186,4.231344049406049,0.21352110365217028,3.399462401824601,0.6576192728261051,1.0675707863392951,0.02281532457839136,1.4018502446452377,0.06064151517921327,1.7758572963080703,0.07631583471349228,1.7959679580753865,0.05530685950074807,2.0133253930908763,0.07454443507378995,2.2769688225104816,0.08572268744073569,2.410423586498342,0.09946888400667961,2.9170240572968416,0.14384945436966534,3.6624045083298213,0.0965030208596502,4.37431312563719,0.04732826496808984,19.098028757683377,pdb_mean,0.16406983402652317,1.8010095045973027,0.015582534434502016,-0.2869846468842631,0.020732071999898655,weighted
1DD1,1DD1_A.pdb,1DD1_B.pdb,514.9988955589979,0.9659365667417308,0.04976128155232008,1.3534154546752817,0.11790517920470649,1.6084613565979193,0.15029004060940152,2.721052905511481,0.21030052367181998,3.956851020145288,0.28503253764954867,5.235810481009463,0.2945123064594675,5.223679938097811,0.3065266331189788,4.933786942729285,0.28196673909720504,4.109454391509503,0.21150507179493933,3.364731166292421,0.6752197749667792,1.0522691459520646,0.022259293900785758,1.4273828266449486,0.06161680661275831,1.7480315129702226,0.06882291516429308,1.7734035494193667,0.05381242989582567,2.0253398458096172,0.0761571861070884,2.262854299395965,0.08563113044673798,2.373393677883074,0.09448724750983203,2.664639060337228,0.08237174454253939,3.674252712416585,0.08054264648236484,4.377450882222384,0.04736402431278393,19.098028757683377,pdb_mean,0.16406983402652317,1.7680201181035087,0.014497969448620628,-0.3866962877461707,0.017573995610393935,normal
1DDJ,1DDJ_A.pdb,1DDJ_B.pdb,464.47506868100027,0.7068104950589017,0.06275688391004622,0.5871133048462889,0.044833970722943074,0.9315757064361361,0.08800476060105444,3.089186838049543,0.23650193329065408,4.221997929301526,0.2425116596243415,5.082686229520806,0.20915682566884092,5.868987308205107,0.19171457482421547,7.647823991162697,0.3500048369548529,31.03640201353443,0.18304264209017573,34.77897508346916,0.251359543346797,1.3699352050362221,0.040505976791797606,1.5925626355772717,0.04336014349278936,1.7901646683554857,0.03340096885722938,2.0336000084412538,0.06568503672969897,2.183554389930861,0.09250937026524111,2.2594025908827087,0.08300063202870883,2.5220565043038827,0.09977746538333351,2.7676813349116807,0.0954042187863806,1.4426143505334876,0.07377978329005047,1.4195585040402419,0.08005324221984432,17.135816086264892,pdb_mean,0.10889940196725545,1.5166577745419285,0.01944980822877347,-0.2825792936876286,0.020513572619469473,weighted
1DDJ,1DDJ_A.pdb,1DDJ_B.pdb,464.47506868100027,0.7046075288377754,0.059576512446977134,0.6202119647921392,0.046661853510302304,0.9379569242832835,0.08424160709261122,3.1845555216598083,0.23809537727867594,4.148161157446153,0.24221992806970044,5.30050375204377,0.21122704368890527,5.833865346766142,0.19123867117172358,6.7851203477771955,0.25762081653649005,31.352021795951668,0.1575553376232085,34.916753713815496,0.21885429734827327,1.3181721107687134,0.03710903049075189,1.6182317580753363,0.043992156411538016,1.771301398671276,0.03311265718788805,2.0380241427301526,0.06401322273482188,2.2287897869800624,0.09436185458732269,2.315672901399943,0.08356949428811662,2.673153599107974,0.09847716285379043,2.8743535094956445,0.08203588823782991,1.376066482301336,0.06651766873869433,1.3899626419504778,0.07796817257934473,17.135816086264892,pdb_mean,0.10889940196725545,1.4662464679904568,0.01748450987749856,-0.3744381121177803,0.017578769515830903,normal
1DDZ,1DDZ_A.pdb,1DDZ_B.pdb,574.0414208049988,3.7373850632728334,0.21272484646523704,1.8689011612149216,0.2007048869362955,1.6269829817587342,0.20343802567461924,2.2338131661584755,0.2524753094374944,5.1503081413586145,0.4922494480293937,6.704429455988724,0.6134184473087532,6.598793279206475,0.5481355514005127,6.545901649168106,0.6097309155476512,8.264537562667615,0.6185708155896051,7.501727657287147,0.3327474788232474,2.0916673497370626,0.06208055212032383,1.8419727766788394,0.05751936694668433,1.6928855514699834,0.06066335066530506,1.717576852921358,0.05188171137685158,2.072045145803987,0.0696306629279674,2.439521649483772,0.08244687167893248,2.413009332289396,0.08143220835107018,2.6799163828904833,0.10934579927822449,2.474521473536806,0.08675005026442519,2.68504210008832,0.09738833708713146,23.10576090904305,pdb_mean,0.18039179550882395,1.5650656544627275,0.01699991688493144,-0.1969993837223472,0.02111482314274613,weighted
1DDZ,1DDZ_A.pdb,1DDZ_B.pdb,574.0414208049988,3.7787444224189084,0.18396705732875632,2.006132846775004,0.20049273548114224,1.973542849869047,0.2241298786920943,2.382625516567635,0.2668875270577441,5.352500672771566,0.5049236560752959,7.336106705304429,0.6277832956899595,6.890886872712879,0.5486046482445149,6.852322475653582,0.6040069280963688,7.435538406109519,0.5547116821519643,7.488834337896265,0.32881410746520523,2.0411461488872367,0.055643737378531476,1.8576465637643755,0.056511913171394215,1.7938414234402769,0.06266315051968797,1.7605829181098371,0.054042440772601785,2.094639693569268,0.06994174169844422,2.452486273257129,0.0826914389841453,2.403324333549248,0.0775733977695934,2.693272180979229,0.10644132076583605,2.4455144115293947,0.0796781719281184,2.751013927152924,0.09722701734976809,23.10576090904305,pdb_mean,0.18039179550882395,1.5739534406439917,0.014614689880904707,-0.28922245500000004,0.017986413220781476,normal
1DE5,1DE5_A.pdb,1DE5_B.pdb,547.0403318169992,3.9985662584148542,0.39277804356519835,3.0171738500503933,0.2895263509417455,2.275083854376155,0.19243077614347745,2.045773707970687,0.23607223193214488,2.81134944895815,0.2808205736471252,4.121009736592752,0.362957692587409,6.2571320342881025,0.5475976577966764,7.659583678920044,0.5262328603101073,8.123656451087673,0.5311970722207162,38.80545726703402,3.4378353662617784,2.301883943624269,0.1022749538765765,2.025263820135166,0.08076365882427573,1.7061135718129576,0.07448691946084728,1.6732888921650557,0.06775286574116321,1.907888202803226,0.06935355393533964,2.2156896923430818,0.09901057715408075,2.2432817889120873,0.1050905803154487,2.2893110143472257,0.0844980354635371,2.3182144226059918,0.08151336098779434,2.3996466728598955,0.11778542286895818,21.76611669553726,pdb_mean,0.15682355105166587,1.6200428725060179,0.01800511752420522,-0.25666057835238265,0.020585284440745536,weighted
1DE5,1DE5_A.pdb,1DE5_B.pdb,547.0403318169992,4.436512042495305,0.3630596138376461,3.43474432896432,0.30167135262805245,2.379803845395377,0.193285039355874,2.2790902810683096,0.24309641934504822,2.6881291203929205,0.27475208296184883,3.606439418165473,0.3105042561087355,6.208663834515878,0.4725072885972462,6.963254918428501,0.4741703026007613,7.888612347498988,0.4924546195662976,48.39068415360663,1.2194936370754514,2.3810589491620227,0.09004389914096597,2.1600416963918896,0.08823976357203883,1.7283349424424859,0.07383943944540278,1.7504271305128112,0.06910167041361655,1.9371680782339726,0.06968787587404357,2.118912398481309,0.07587340010227281,2.100616313272615,0.06440539008969076,2.3089860054897327,0.07444079009736336,2.2570851318893497,0.07065925124657921,2.2369675361867407,0.06646112625656367,21.76611669553726,pdb_mean,0.15682355105166587,1.6049233640666654,0.01653896129214577,-0.27551113299999996,0.018504691861216224,normal
1DGB,1DGB_B.pdb,1DGB_D.pdb,626.1620429689974,8.03606459694356,0.6823483451649068,7.7937025745411965,0.7112764710609097,8.192460752711316,0.8132967021532344,8.92977296732379,0.9499403683540784,8.426796809107044,0.9607296922973412,8.106766042780821,0.7927225908249745,6.870041246690875,0.514785614358652,6.482121020711799,0.52088048651436,6.737705124537871,0.47491560640202457,31.570394295662002,4.644401712994699,2.4108796604316907,0.09189260819689432,2.1813572012761075,0.06812093618868385,2.3817247605098175,0.07077506978627411,2.776252785884562,0.09052175826009856,2.641225106966132,0.09010938536743285,2.2997963786698152,0.07720928009309012,2.6802230747406095,0.08689168143094396,2.5302340141882285,0.08790106773048846,2.884680049480632,0.07657308370934059,2.7149783361909265,0.11021832552223876,25.676585149910224,pdb_mean,0.5524722478509579,1.5649840971718212,0.018063798681479826,-0.09735340438583204,0.021794531408630274,weighted
1DGB,1DGB_B.pdb,1DGB_D.pdb,626.1620429689974,8.69146127579707,0.6573345519943827,8.675987864529251,0.7504395466506171,9.177097880399051,0.8289112430314793,10.89741621645833,0.9483409110592012,8.873586659958153,0.9323814843212939,8.599382002858082,0.8142655948638596,7.091925085251571,0.5216236340579995,6.653118008366399,0.4695412324355316,7.06368774179752,0.47431867347157314,40.39792495547592,3.910032161989887,2.397738709255478,0.08485470510251752,2.210847190579699,0.06757118580522607,2.3244881812417826,0.06353888747841305,2.7572124475149384,0.0821698394515919,2.6587934216682414,0.08479196671839737,2.321588337676656,0.07771592731622166,2.6739906554793826,0.08594231109541953,2.522070163878134,0.0755307138175659,2.8054689436553666,0.07580835671185854,2.477955679832539,0.08167501040963324,25.676585149910224,pdb_mean,0.5524722478509579,1.551064252833599,0.015307997602116695,-0.113333684,0.018967850470752796,normal
1DGR,1DGR_V.pdb,1DGR_W.pdb,582.2820217169974,9.382580867759673,0.690512256589679,9.168458141364795,0.6669874935283727,8.82480450094323,0.706166571341999,8.314878561691994,0.6291631268697202,6.744253072271399,0.5784264851767361,5.942736072081816,0.47869404112108166,6.708454185204252,0.4302021283920048,4.995080370449689,0.2599554729291812,4.655261348770983,0.250500791492089,35.66566888815672,0.1586948570740148,2.2375644142258175,0.060557938301593825,2.497137506570543,0.06311772525380764,2.623385517361841,0.0827576365231272,2.6968111971758915,0.08033800958421873,2.678816081115227,0.08708367844533967,2.6306315368800712,0.07693707280447569,3.1506993093474263,0.09038333684790303,3.6907023911947365,0.09510595759968367,3.1624403317256573,0.141201008817932,1.6997414788864815,0.03958603791459846,15.362367039447614,pdb_mean,0.6568214775605122,1.6659066797281765,0.018827451219242352,-0.007975083224289805,0.023985548096586085,weighted
1DGR,1DGR_V.pdb,1DGR_W.pdb,582.2820217169974,9.296024460448594,0.6024238124489011,9.378912738470035,0.6269643979562891,8.846664474435732,0.7112618566000208,8.449542809641304,0.6226576659530421,7.172038844007609,0.5789457881848958,6.469875716663532,0.5053100226586329,6.134472318427393,0.3961298649987398,4.502578762271572,0.23076737181489398,5.360083638367919,0.14828644440047314,35.35831880874392,0.14082017472061084,2.2296974177082625,0.052039503180008516,2.523729695008041,0.0607501271754677,2.592854825593869,0.07940658688632454,2.719540153444591,0.07979865445077393,2.620305900074275,0.08213012254603573,2.6910940922077082,0.07587333151890521,3.1622247556166507,0.0893545492008876,3.503319906461057,0.08851457285869971,2.794339212483282,0.08681986790639648,1.653678587008998,0.034930431894375606,15.362367039447614,pdb_mean,0.6568214775605122,1.5531868754018747,0.017358085576624327,-0.03817053,0.01920640616209275,normal
1DJ8,1DJ8_A.pdb,1DJ8_B.pdb,647.120340933001,1.2045525481799706,0.19898645316379263,2.047335972302608,0.28826505094692406,1.5641613428689871,0.14691737788120474,2.5448117154945864,0.2473424881763763,3.6396476036118557,0.3303367937546248,4.053779735442383,0.35677487827697413,4.758424130213049,0.33862910390782397,4.94367651347321,0.3131419154376051,7.491244254117959,0.22717230035092462,20.24381105263885,2.7718149946296533,1.4755472822579174,0.07676560225386145,2.0259243131639937,0.08364979807551803,2.051353479320503,0.08070281083989486,2.0167684372929844,0.055985564491810476,1.9676392301721435,0.05465352252279879,2.1134484425970257,0.050607412241067004,2.180330320092818,0.05334189514013419,2.4740048819795804,0.07577215913334943,2.4048823647204784,0.10104227889395824,2.532262692424194,0.17542086177579277,12.5544118643985,pdb_mean,0.17855725280947243,1.606399662169275,0.015618887700097273,-0.1924588548288476,0.02097272195055241,weighted
1DJ8,1DJ8_A.pdb,1DJ8_B.pdb,647.120340933001,1.1974477089578122,0.20000343440350757,1.7708008513848983,0.24214838394216726,1.6392672929251497,0.14801488808360647,2.852634821755125,0.2379477568437466,4.131869743440896,0.32086283143792177,4.191650588104866,0.35652563024644873,4.883776697431927,0.33636352718511725,4.898150768192294,0.3067021883586952,7.449840145129091,0.20433311636804344,26.30328608982812,1.2996830563783297,1.4722127640287923,0.07812522581469462,2.012237867669201,0.07249529057353632,2.074309656912042,0.07584088336570231,2.0347007598164937,0.05289119312953353,2.022144868054779,0.054282428955944685,2.1206150375635047,0.04977808137759495,2.1705684644930825,0.0530446831436306,2.4540346819369905,0.07437362472959767,2.286032255601964,0.08927733047158383,2.614826722283273,0.08349441087610819,12.5544118643985,pdb_mean,0.17855725280947243,1.6013328423065603,0.0137193371727525,-0.2931177816901408,0.018771946161534738,normal
1DJS,1DJS_A.pdb,1DJS_B.pdb,544.9190986249996,5.260070347671094,1.0707427575028636,5.25822029524666,0.457182492298257,6.5130338650118285,0.5427072679357509,5.47113097098532,0.46806234601493374,7.062525608054656,0.6019071068699462,7.479524574248476,0.7629268531699684,6.693733219338743,0.4877284305393021,12.352900366699528,0.9076166324062611,9.490551255230825,1.2177443672391546,5.478413075296796,0.4401805630643367,2.417281663156027,0.12805520620937785,2.332120611480621,0.08258598657144883,2.4902964591481793,0.10412695297661627,2.5147104176094173,0.08783728494555816,2.5003356479546985,0.09072057801096985,2.540102400467709,0.11037625325465882,2.2503505408078235,0.06840306262291453,2.532449603367131,0.10016151512206697,3.0544832758476246,0.28041532527160945,3.6041372024750475,0.12185222387349955,21.581662767155983,pdb_mean,0.512161846767339,1.4858477973698088,0.018730644093802557,-0.11465343683336214,0.02260247791448643,weighted
1DJS,1DJS_A.pdb,1DJS_B.pdb,544.9190986249996,5.333596505179456,1.0775376143433986,5.468255031794788,0.40540152894285153,7.024450240945247,0.5087143745497845,5.541888546083561,0.44894875259031763,7.17751518531607,0.5934210629265028,8.456520942119067,0.697066762128028,6.2504233983385795,0.46610827579291325,9.84618387629591,0.6114563348564352,7.232132538133591,0.4412489941713935,5.675229043429224,0.3725761496723381,2.4151863694679383,0.12803986483525262,2.236372135474007,0.06238860020961222,2.528284701635342,0.09136760136035255,2.4689768650563306,0.07879244237320548,2.4896769937203826,0.08642240333163102,2.4021874178993636,0.08700518980514711,2.2752709648569924,0.06972140110293619,2.460222820013354,0.07462800473420991,3.0667474076547006,0.10137743346929066,3.7552858156164057,0.08053938503334834,21.581662767155983,pdb_mean,0.512161846767339,1.5096449268995902,0.014919215708991487,-0.1277603377777778,0.019103570060022737,normal
1DK4,1DK4_A.pdb,1DK4_B.pdb,577.5450095190026,0.9383423386518963,0.1284008167322009,1.9941035086840535,0.2524856061036195,2.411491306249483,0.2564723697071601,3.739828273502978,0.3100322542782993,4.060595012078287,0.38191836707301646,4.658618275978981,0.2865719018181329,6.055532569842256,0.3030329340098939,5.574387060022023,0.34698894558519716,4.099773910074474,0.1969010606858502,10.711867234247064,1.8613934762804536,1.0982473904475334,0.0260444184810904,1.509292353359855,0.05337247249652316,1.523421602594676,0.058779835947654034,1.9656157251122977,0.0878207844110642,2.2771616685617433,0.12847659854819715,2.075943011377545,0.1319847674007441,2.004118697436927,0.07939293464639542,2.6795450961699125,0.1263217744044909,2.812280257390937,0.05694073462552589,2.7517645073681614,0.05205758927623991,17.89114439997172,pdb_mean,0.17335001658544147,1.4239539588614432,0.015419970309845672,-0.250832653874356,0.019779290173754144,weighted
1DK4,1DK4_A.pdb,1DK4_B.pdb,577.5450095190026,0.9180379557691337,0.12049210971138025,2.169198160621582,0.2509675181195171,2.484043925218818,0.25834268052656606,3.760012883724342,0.3108178287501526,4.183476905732186,0.3932093575703193,4.908489812819828,0.30329655467082317,5.823871055077428,0.30429236379666647,5.554501645216598,0.3160569714863322,4.154338418659211,0.16620601015194109,6.048334434457632,0.5290314494762005,1.0958887971034121,0.025906166482323134,1.5604167757095209,0.05302154913014938,1.5987295513792303,0.06026591877686764,2.0197137885282954,0.08988535769817739,2.336892634180489,0.12164883281714278,2.0806679245864164,0.12122101132891978,1.9782359718047808,0.07510076420998898,2.551358762587476,0.0761233579161715,2.846145671334395,0.052752744786173665,2.866940842818735,0.023701740472738726,17.89114439997172,pdb_mean,0.17335001658544147,1.4356915708620528,0.013318734263304877,-0.292525965,0.017816411786392684,normal
1DLE,1DLE_A.pdb,1DLE_B.pdb,569.6918422089984,7.1161024626146006,0.31012615730376414,4.159010085270779,0.317382364395011,3.350325578408462,0.32003812640074286,4.27424714112402,0.4151979892831001,4.411903265384309,0.33298690055179325,4.111704648210988,0.33361707740010454,5.9800765940472145,0.3414549356527564,7.8700656275016705,0.506034496932639,7.679173052062583,1.6070353290676704,48.1257141932974,0.12597111364091806,1.9793528682773334,0.07189465016490217,1.976314569111121,0.07474787560475134,2.123676226561364,0.07607611267738451,2.0383034866142498,0.06113138759386297,2.557475887022897,0.08469619058291133,2.801472475728869,0.14023931543553192,2.721557547956736,0.10829500499149843,2.7931233287716277,0.09157823739709234,3.975637875893249,0.11731562671039972,2.7646305659759,0.06521318854880273,18.450223091691466,pdb_mean,0.2682325211966881,1.4667928595585693,0.024083486433855883,-0.13967109820888698,0.024136167021506238,weighted
1DLE,1DLE_A.pdb,1DLE_B.pdb,569.6918422089984,7.673625712638358,0.30086440941373127,4.173624723634964,0.32005635246020503,3.3185151848707024,0.30275529252073996,4.595245128431396,0.41458944703428857,4.239273197210489,0.3160968749252397,3.971551394021528,0.3066670285677321,5.609624893785927,0.3302550824820485,7.078984988215785,0.48707932884908606,4.6018176297143345,0.35671622018905047,48.01867020634204,0.11360527376788832,2.0899818637865186,0.06949562478589262,2.1003933794219884,0.07235002559640422,2.1999809046951184,0.07643601856639427,2.130786262749267,0.05748553825482291,2.5081312131969593,0.07868889228901048,2.7653798936833223,0.125571346899921,2.642842635820547,0.10334695416882725,2.8394896267562406,0.0889411130023987,3.667228333830344,0.04350921084865334,2.706452678950932,0.05909350899332568,18.450223091691466,pdb_mean,0.2682325211966881,1.5829652701249328,0.017788489323638978,-0.163140034,0.018872334670824394,normal
1DLT,1DLT_A.pdb,1DLT_B.pdb,553.4490546449997,15.080039631647596,0.9999713503906527,14.998119224012584,1.0170505228314075,11.366646315079983,1.012957969088689,7.050164239427286,0.7498629896256984,5.69284451044435,0.6524521345554695,5.531637515639519,0.6421309246802341,5.5865974024661735,0.6032649903488861,6.209196399135414,0.49400957678979524,7.203712975424561,0.8058820778867786,20.543789873448425,1.691982296452686,2.403673601721665,0.08065793409302206,2.8024116451875987,0.09937940683001227,2.831853336114317,0.10605229520936317,2.410116980685427,0.1078354776704306,2.2463339566848655,0.10483885611294232,2.6521309430320352,0.11085239690517137,2.440966166097219,0.09111245435848944,2.5930264405786945,0.08821089392518586,2.405559364433492,0.1711543916471887,1.964313236090329,0.0795005736640219,23.061165954924093,pdb_mean,0.4728108269377228,1.5348141397958006,0.015587552838693154,-0.17640538739955214,0.022832488758569955,weighted
1DLT,1DLT_A.pdb,1DLT_B.pdb,553.4490546449997,13.985450507534008,0.8983493756442259,15.322151884657567,0.9889664027623857,12.512901208644449,0.9889641052340862,7.7534759084849805,0.7203905992728088,6.656110827068172,0.6457413983267516,6.603036149784649,0.6412687241020618,6.437079400432307,0.6182663602750665,6.662181846936267,0.5043878260567669,7.071071873096446,0.527160867724113,28.790757006210654,1.3928332547178066,2.282029512784604,0.06880564475255953,2.879742542961049,0.09119362964542335,2.961714939351288,0.09893832905236591,2.5565618695665866,0.10000234941568045,2.3888664652557337,0.09286043647290994,2.781368379827596,0.10246708946890952,2.4297310358553688,0.08133581641622419,2.634277521727894,0.08401670758245709,2.862407204172772,0.09264872441548073,1.9804507639969606,0.057154739049482,23.061165954924093,pdb_mean,0.4728108269377228,1.529927776726197,0.012657427382564293,-0.151014112,0.01893253617983714,normal
1DM5,1DM5_E.pdb,1DM5_F.pdb,491.53956313800154,0.5808095957253752,0.05028342674327088,1.3346951753965515,0.1786747215226791,2.037409480673096,0.18946637100161687,3.8376616291344368,0.22271743170869326,4.78993928103221,0.2900969745989386,6.242176834211375,0.41124972595263204,,,4.5598406012994195,0.18552531526638694,5.413421159508339,0.15802544822914968,5.521993648072051,0.1401713476467322,1.413126742724104,0.04970850636617906,1.572061384416105,0.057912070411959976,1.8749393037138484,0.049792085660702604,2.1521235840990958,0.056198505101855506,2.167796929814248,0.08737300501680584,2.641450076691073,0.18165018664484237,,,2.168998416150041,0.08069077561251708,2.5609602388221364,0.07010157664432963,1.9459625393552336,0.08736851488766759,21.493407587899075,pdb_mean,0.09629255209716506,1.645515016629038,0.020142250941567425,-0.30593001774895434,0.022763437298318666,weighted
1DM5,1DM5_E.pdb,1DM5_F.pdb,491.53956313800154,0.5560135852745777,0.04740664116094629,1.701726028251333,0.18313005134266486,2.1205908194441254,0.1903660844955173,3.649099269478034,0.21648459113044982,4.125820965864893,0.22636215413478938,5.636505390282078,0.25639982893124247,,,4.1757875502102255,0.1668807789983124,5.518568099425157,0.14790549951894844,5.619767309358348,0.1442630168028614,1.407745020298829,0.04686170398913234,1.6611521432182008,0.056192197225721906,1.8912716220070518,0.04872154749955509,2.158316220989218,0.054541597354111716,2.3209169535018335,0.06603132432930002,2.9354728858780397,0.09617629894002719,,,2.388294344936049,0.0608335519377017,2.468757136022985,0.06175405217066006,1.8736544305585305,0.08410779005037022,21.493407587899075,pdb_mean,0.09629255209716506,1.6980505651285072,0.01716333175304856,-0.3342104765906363,0.019784842100700445,normal
1DM9,1DM9_A.pdb,1DM9_B.pdb,497.59118003299955,0.443817660332247,0.03323536545023345,0.6080012165010245,0.051415203563932824,0.7786078938260172,0.07814501578828874,1.6442368227150337,0.1712170248587559,2.935687634878373,0.2194809940386553,3.5086677359396057,0.24453177371388052,4.616387603311568,0.353124538965327,5.742091392411994,0.2858389775709828,6.962139513821335,0.37755447956578336,15.412971290074712,1.7878285520216575,1.2214587770120193,0.02823772780841519,1.3466008746706108,0.029030872906763906,1.694884381983605,0.032687287181248484,2.009712255614165,0.06023663106621998,2.156912068313433,0.04527152810315696,2.335708205924933,0.0773090632752306,2.4677604422810537,0.086799661777929,2.3883887545173272,0.08449905070599739,2.549713030386188,0.11023668262050342,2.3375950808156603,0.09852759695555778,15.3019942157568,pdb_mean,0.13411698869063868,1.5276150118086789,0.015053969953460596,-0.21430087225896932,0.022106620123851877,weighted
1DM9,1DM9_A.pdb,1DM9_B.pdb,497.59118003299955,0.4578667961286257,0.032170022004245465,0.6591677787140763,0.05319236763671551,0.7891022202395387,0.07908745613119275,1.5834212464450055,0.15941381403161559,3.0643077241804884,0.22248025769927846,3.510131934359796,0.24591449124424267,4.9078859777599755,0.3717310946916829,5.606799342941434,0.2917734154087862,7.3078027097332185,0.2510943658503236,11.017116132218318,0.8575330011892156,1.233202552824361,0.025518921384991344,1.338918367889918,0.027636799647366157,1.678211055774619,0.03187991383525251,2.009411986207264,0.05855107172615145,2.1912812499040832,0.04377627910904382,2.3811737095598877,0.0773957524553586,2.4433172308874047,0.08464848930629851,2.4079199434757306,0.08065507556596424,2.6038151062467123,0.0626196709116759,2.052648904945669,0.07609671618505338,15.3019942157568,pdb_mean,0.13411698869063868,1.5193612411004138,0.013354941508048846,-0.3404095773420479,0.01915312734813355,normal
1DNW,1DNW_B.pdb,1DNW_D.pdb,547.7594341330005,7.971924837739207,0.8078371824802668,8.04166776516401,0.9200613115134441,7.732998301822645,0.8253290785220798,5.676400596779127,0.7590041774897969,5.725963075969714,0.625006031927238,9.038381781883926,0.655923428065802,7.908043899364232,0.5894098994102636,8.369905829620016,0.5717325905006038,11.54586849920708,1.3894906490428673,7.603964663020601,0.874521604364977,2.2996746835363853,0.09043585470237211,2.4799721249856552,0.09270173211095485,2.1707041880421833,0.09080203777331818,1.8739612878797385,0.084653076729374,2.1217097548368966,0.08408899974140006,2.506897889388,0.08205825801946402,2.887880724366868,0.10104441273052504,3.1778307069655094,0.11659711219347399,2.5486308839603975,0.16886897406568496,2.044263578751207,0.17936198440257503,22.258089296288095,pdb_mean,0.31186233765774307,1.7749894934903212,0.017346634721356884,-0.07272357429216764,0.024887175800372772,weighted
1DNW,1DNW_B.pdb,1DNW_D.pdb,547.7594341330005,7.72861455190788,0.6705659025607765,8.913749110195894,0.8188134687280886,8.642722381633059,0.7956268671033911,7.06406646302541,0.7037330322403939,5.956512600923349,0.6190722401592331,9.124400063869121,0.6379553454375746,8.295819268362118,0.5901321444779801,7.528071034810897,0.48512629569646465,9.73249277230618,0.5813126413036918,5.5983032959250805,0.2715845963469933,2.3991808351491937,0.07241310514393706,2.463991371044278,0.08196100898285137,2.3085106535591198,0.08210249224625375,2.069457817798875,0.07265882679242422,2.133589200156922,0.0824753003106818,2.524067852606756,0.07898086146441866,2.9008105636555603,0.0972430093552265,3.232686231587692,0.10205455996230757,2.780609042132519,0.08687861520687508,2.113860953978506,0.10239263615104059,22.258089296288095,pdb_mean,0.31186233765774307,1.7694762438104614,0.014085533829451878,-0.07709756340956339,0.019076210901222235,normal
1DOH,1DOH_A.pdb,1DOH_B.pdb,552.0846426550015,0.7096952270189069,0.08288893348715741,1.5096926678274416,0.1894915851381203,1.9518576353682369,0.18147793129935344,3.573130207115607,0.3118050559515757,5.663299160640634,0.4728952698657984,7.745254185403097,0.539005336183683,6.135873491835649,0.48308139963918384,7.624468495377138,0.7532403623391406,5.928813440291236,0.31951579882036646,62.25368142113932,0.14121819502352514,1.215580870551078,0.023880789669864934,1.3312138512130913,0.047771251829501996,1.7108654738406275,0.0474510760575311,2.189182375941899,0.07963273464179382,2.504744480328556,0.10036623989106175,2.4689348507862428,0.0841091539950203,2.285141400988417,0.0740816739195399,3.1052374384708905,0.17185167946624638,2.658316516151509,0.10156354037228557,2.010979935160284,0.10497912170094328,18.858693222491375,pdb_mean,0.2851222695714041,1.5801809825963131,0.0187258040477689,-0.18821396707659066,0.025648923390426258,weighted
1DOH,1DOH_A.pdb,1DOH_B.pdb,552.0846426550015,0.7013613171121069,0.08035988891261729,1.782599573487976,0.208477725007367,2.297158787521175,0.20162023920658276,3.6126242628212095,0.30423862188622175,5.39350372733841,0.4442496485470853,7.782971267937852,0.5237837865716076,6.130542499541659,0.4595444833032814,6.515162839488955,0.3829487268860658,5.523112588723605,0.2708062422307501,61.926155684823286,0.11900436326042982,1.2003199283719568,0.022624727145247346,1.4103334861406318,0.051617306303378394,1.7657319232958073,0.04495621910169258,2.2520786834065323,0.07766406215881597,2.4372964499609195,0.08881163777107882,2.5791487204166095,0.08066182704558786,2.4063665531284393,0.0650431684881361,3.1423937098346415,0.10310967610538573,2.7078183815546817,0.09029389628216018,2.2395751080263855,0.100852647001528,18.858693222491375,pdb_mean,0.2851222695714041,1.5738682681477971,0.013824684973950717,-0.284418538,0.01873919502203145,normal
1DOS,1DOS_A.pdb,1DOS_B.pdb,530.4303672659989,10.210303709632589,0.538064348176053,6.590212444638026,0.7129242599478155,5.482059691804892,0.5872720145500558,6.333161300779531,0.8010377807967503,5.933675403509425,0.6681560196231892,6.721109653668421,0.6774689954504389,7.518060685956824,1.2010571380543305,7.340276939482378,0.4383904390381458,6.614544694590804,0.4205007559114151,29.66876008158748,3.2801543071408434,2.561806522269212,0.08306785019772801,2.2344304994138,0.07453598916194326,2.0894179625062086,0.0719931727527195,2.1763292949937223,0.08016693092917236,2.172350304094519,0.10835616543874725,2.2590797599921744,0.10781067315733535,2.521333259528794,0.09849029589392368,2.4505688110513746,0.06764755362391665,1.9849748328128118,0.16176916373954053,1.975581102344092,0.33908373298878475,21.952662532704878,pdb_mean,0.7099573375636018,1.4738326483233353,0.023056237513700856,-0.23808142200144997,0.027294610858955667,weighted
1DOS,1DOS_A.pdb,1DOS_B.pdb,530.4303672659989,11.078218909066265,0.46874900514702944,7.756244352028508,0.6386503698150559,6.2216699951677095,0.5884842069508783,7.979861104569957,0.8284985199097475,7.042816878184145,0.6221573264798632,6.801017261761282,0.5923721555397747,5.2976319815071315,0.5014096697857701,7.658945819596697,0.4416822688208458,7.70735746204813,0.27691781266619186,35.59956868109984,1.692858607754875,2.639357462480063,0.0724107613105009,2.3334565003467325,0.06409610978452052,2.1173984581030827,0.07168265276224721,2.2623296080784816,0.07042455130660062,2.3359903596512512,0.09587387021580546,2.1235319868282216,0.0903846960181298,2.386822148701231,0.059299789131008286,2.46965471303388,0.06299616728553316,2.4627779406905064,0.10943620951933204,2.0788297250148333,0.18959926472936697,21.952662532704878,pdb_mean,0.7099573375636018,1.522305389185234,0.014471324700952986,-0.1809460279870829,0.018812681167225002,normal
1DQN,1DQN_A.pdb,1DQN_B.pdb,570.3136827269991,0.8366855933438354,0.08800602417025259,1.6768331639184384,0.13501332104074013,1.755456100052974,0.1830743008540008,1.4671144020358087,0.17515728470234593,2.4575486141452716,0.2407365247414935,3.346273256563554,0.26649249807605774,3.8318018591938987,0.27110505225880616,5.072452135762967,0.3414706455015804,8.796362809824572,0.3605268385737304,15.986792144050867,1.9606026324397097,1.2427065401517223,0.028920787227635185,1.2525703931493433,0.02939845743627787,1.2402637551843847,0.03524482193268253,1.5693682256515784,0.046783336754898305,1.645631366890521,0.04686650116383475,1.7244025796825404,0.05149543923045447,2.28872767287584,0.05834569473238898,2.742490033248836,0.11835838223162773,2.9221419144475362,0.16482280966699395,1.8590931738500749,0.15265111225361036,18.320149104294792,pdb_mean,0.06968534194280815,1.4591475368669817,0.017752498025299376,-0.2922726318474663,0.021195928324399878,weighted
1DQN,1DQN_A.pdb,1DQN_B.pdb,570.3136827269991,0.7982763724326186,0.07366085972010676,1.6312109755925512,0.12855863273845033,1.9801926687139355,0.18336635363162293,1.7976055300425238,0.18975643368501086,2.55957834287385,0.2444963936998538,3.313287990646397,0.25925628365875564,3.706410785311104,0.25408773678622654,4.916865210741055,0.330652556202543,8.881831775290548,0.35658452290324166,24.670206410932842,1.4765075390078948,1.2634264957532908,0.028278392850481622,1.266137690115682,0.030032134244320115,1.2878924773252058,0.03608979052048611,1.6390768933467703,0.04543134600264295,1.6628508037304952,0.047502802051331325,1.7370976999142878,0.052197642269482605,2.2587859043031373,0.0539647071685468,2.598475332919681,0.10528287736680289,2.7991206412101035,0.14151422698171817,1.7330278090616849,0.07861449570661641,18.320149104294792,pdb_mean,0.06968534194280815,1.4529529033689033,0.014760764034693667,-0.3794959909999999,0.018041255671070677,normal
1DS8,1DS8_L.pdb,1DS8_M.pdb,597.8218812080013,9.469681089588347,0.8292640673205628,9.031544209582313,0.8044128411219771,7.442499347054013,0.6628953022226727,6.582995670303631,0.5685351366274266,5.7264595108378735,0.5094778818662616,4.859964230940079,0.3687765421552948,5.338410221748104,0.4710169897197907,32.47441630950952,5.723974463869039,5.18374855054736,0.41468277351285415,7.958551440418226,0.33561215782784887,2.010957926956482,0.07650816274464149,1.96770838860413,0.08220754160430148,2.1905924850261114,0.08310782652828902,2.375676190595832,0.1171940901242887,2.2254166823918498,0.08047152308450053,2.68688842647992,0.0963277840479424,2.2657461230640994,0.10998575081955538,3.114715788466997,0.17605002101246678,2.9434391774592004,0.10248817080607371,2.670530700682899,0.0869731278064748,24.11487923516083,pdb_mean,0.3345962066289413,1.468269199953241,0.0189944643395885,-0.12249149200596651,0.023486963392961628,weighted
1DS8,1DS8_L.pdb,1DS8_M.pdb,597.8218812080013,9.61790019906227,0.7277863912034831,9.842343336213434,0.7523419168298024,8.761951266768408,0.7001894546562907,6.796562976442377,0.553410436917684,6.096277541590824,0.5081224798254779,4.887659072193788,0.3731054455174372,5.180402602652755,0.30462176504922056,15.54759822270149,2.2972150615791183,4.881086893872453,0.32810886534786626,8.329824857359949,0.2897438409888861,2.116651590664137,0.06697631328166764,2.066867746330442,0.07745809998507293,2.3217058099628534,0.07736480010438974,2.3755209491058906,0.09659116904435755,2.298274591160092,0.07948101365110419,2.634357521746488,0.0895020199006514,2.2998650974300263,0.07455388876552574,2.7851914006831167,0.0806850269930193,3.042612636415301,0.09052402899605777,2.6512948182478535,0.07563133174239786,24.11487923516083,pdb_mean,0.3345962066289413,1.4709925421905037,0.014297329125602833,-0.113214562,0.018730985932967043,normal
1DSX,1DSX_E.pdb,1DSX_H.pdb,499.5048202049984,2.026928506541686,0.12419339083285406,1.1221894820313598,0.08189441735170137,1.8096524824564058,0.15734008631085805,2.971098055891756,0.257663077523282,3.66497017802906,0.29782130743372054,3.859146512834007,0.29416981394448183,5.343795627628399,0.33262546696907563,5.037861838784902,0.2245894058087965,9.34085784243352,1.0652825154537027,16.432248089679764,2.8097390576308525,1.6252460393443824,0.04447807237658019,1.4961066635989528,0.03338465995747318,1.7071827192722544,0.049948658088044835,1.8623169881151842,0.07303966162103806,1.9637914234837346,0.07279757177048865,2.2155626235040655,0.07473217468624585,2.317260335248794,0.08452605966602741,2.6385157412130598,0.10332977353831647,2.3281501419010637,0.11741354297590975,2.197377828284619,0.08576637587760938,12.780907791243983,pdb_mean,0.08289956691919352,1.470520554155097,0.017208329850799148,-0.25041056922207267,0.022398522960514606,weighted
1DSX,1DSX_E.pdb,1DSX_H.pdb,499.5048202049984,1.9480880165641088,0.11029000296553589,1.168258504409279,0.07994720586746032,1.8288024466755963,0.1547311967340818,3.3287118901135164,0.2552693507661558,3.4314683113945184,0.2794579827454462,3.40574914569234,0.26218678218723357,4.786496624981203,0.30183397618932506,4.897323361667848,0.23136611180014777,11.11855115841425,1.0114218428625343,11.2960662089127,1.6361886170812714,1.611547115864919,0.04218399585272602,1.5063804505293155,0.03186497042833069,1.7121902777387985,0.04918300384581208,1.8309266076170487,0.06878394191493517,2.02204193440221,0.07229374259570612,2.3214451091807815,0.07129026411487674,2.3817410777291035,0.07486260615370033,2.6563870914108487,0.10158221132666623,2.7438387717638584,0.08049700183144784,2.249029726461578,0.06719742437298566,12.780907791243983,pdb_mean,0.08289956691919352,1.4409662956737528,0.014429339281977663,-0.3058563921139102,0.018691767051393037,normal
1DXX,1DXX_C.pdb,1DXX_D.pdb,556.9222867860008,8.536360091668048,0.826401603087893,7.166681071938551,0.6063366643638903,4.215118970509755,0.3893885353228219,3.654283799059568,0.2873759883656326,3.3914206449084356,0.2705831114710642,4.1550309910785055,0.38122560545335715,3.833128880212496,0.4274399036915501,3.5285741109350726,0.40436529906526697,4.575266601054971,0.37878180167718606,6.372908443109426,0.3864122453899927,2.7989261210517347,0.17893367518676323,2.482668487560031,0.09986323409133223,2.226501153936879,0.08429266105624533,2.0704035083331673,0.07388732713684774,2.16549974730795,0.09529546013605893,2.028858160085061,0.07931472150255646,1.88970342332698,0.0898597105404362,2.060103457284546,0.08555498673568089,2.263118842935476,0.06708784166889378,2.7463404615288263,0.07090267271230374,28.98912991385805,pdb_mean,0.28800565165855463,1.6269298350546,0.01742424822138654,-0.11727167444439535,0.02314215620184703,weighted
1DXX,1DXX_C.pdb,1DXX_D.pdb,556.9222867860008,8.315036490288458,0.7030203034926823,7.185745195463028,0.5736266695499699,4.2433551271586945,0.3747656437367417,3.349240554334936,0.2712215194599495,3.153063418451252,0.256229968110335,3.999244079404865,0.37139714773665194,4.415418763858025,0.45219001715411977,3.976072328825481,0.4079501106598166,4.54743840434687,0.37586994552128494,5.781138848161361,0.3174005137743761,2.621509090759343,0.1533724924733944,2.6146209129755738,0.09685401433090443,2.2958834287695438,0.0846348223396516,2.0390323358089564,0.07333800474133438,2.244607588709467,0.09647027870455445,2.0130697862539675,0.07560307738131465,2.081238083789504,0.08700942053103604,2.0887241903181244,0.08379236437599549,2.2349491784228817,0.06168587878764997,2.794521142038964,0.06757482760722908,28.98912991385805,pdb_mean,0.28800565165855463,1.6150452294782462,0.014851655313558594,-0.15666064799999999,0.019718157698133836,normal
1E0J,1E0J_A.pdb,1E0J_B.pdb,493.8391767560024,9.345912018666349,0.2887290091379882,5.753929596774726,0.395454290786222,5.335967123723691,0.3815972874734845,4.097239171895109,0.3365509411838742,3.905730642260414,0.338002113207411,4.256838122693541,0.28697477371483254,4.749542329608619,0.28538254547345143,8.96332997177279,1.9283242266033631,7.049867492590101,0.20140401653622622,4.046851153413668,0.29575391329600687,3.0849048371399492,0.07421509161232374,2.530188852985843,0.11441208601732152,2.277281943948313,0.08144529862681162,1.9350034064663726,0.07747591411085247,2.1160855097057567,0.07644075545252645,2.133762417508175,0.06480837956128763,2.418847259895701,0.06606595646203085,2.3992846827682697,0.12154030687080389,2.3257233990495667,0.07780155752550791,2.849155430017127,0.05932258165172986,20.167191060497792,pdb_mean,0.17183510561271825,1.4880926299252928,0.01994532673660675,-0.230555191363672,0.02235085929010224,weighted
1E0J,1E0J_A.pdb,1E0J_B.pdb,493.8391767560024,9.453981417135877,0.26141180300823336,5.908319247016604,0.36892389822310606,5.332144014663905,0.38528126334888896,4.083833935538794,0.3397256377711394,3.8727081619232195,0.3418065023906033,4.143783627438669,0.2659266145631961,4.604801500937396,0.27909431639517107,4.761565654494401,0.35401660047733385,7.274666211472606,0.19055182920327784,3.804984751746509,0.26202135164527585,3.1091924881962973,0.06832412906334111,2.5686646509263413,0.10175814557985818,2.276500121436614,0.0807719669276952,2.0049696028691937,0.07615275935094176,2.1239958404642496,0.07613496289627655,2.1626569746765862,0.06080865411843898,2.4337802718038724,0.06182020911733836,2.4710191807852566,0.06478236770398244,2.4092745478080992,0.07228108853191854,2.811245401814069,0.05497905178232375,20.167191060497792,pdb_mean,0.17183510561271825,1.5417474945548633,0.01709217226929435,-0.26782902572347267,0.01818451201306265,normal
1E0U,1E0U_C.pdb,1E0U_D.pdb,570.9506701549981,0.48124337608535306,0.03192098245103358,1.5188965633664724,0.15006364753693846,2.263311198290756,0.22370291060584963,1.9670609817727491,0.19676248542657632,2.110165749278101,0.19235135876750073,2.3119863663287425,0.18410204985790157,3.5720265978964645,0.20773057857539723,5.826855844420386,0.28713115659214417,13.459875340121306,0.8869282730063974,13.695159188430342,0.18547101475966682,1.2820227021993567,0.016584784885959478,1.3243899114515616,0.04542482355591379,1.481190429917003,0.054074407850184344,1.4351872882962842,0.03827681437214829,1.974727267469821,0.05975576950868508,2.2307356820583655,0.06536131795754524,2.1366918090778175,0.06235051111722361,2.30082147166193,0.08586455180875208,2.178767801578915,0.05248482102773855,1.4079026762046563,0.06969907980761539,23.980512781071685,pdb_mean,0.06388216084211032,1.506069393731507,0.01557044547939905,-0.2544811195200516,0.02128888892373481,weighted
1E0U,1E0U_C.pdb,1E0U_D.pdb,570.9506701549981,0.4800592057772765,0.030333698226301876,1.720178720287514,0.14788302196177078,2.3144420054893042,0.22051407988274066,2.0285498726617837,0.19865447171549977,2.261636255080422,0.20078581179767294,2.3279764462779213,0.18568384109607955,3.5692509541612174,0.20379217494268823,6.012038653040253,0.21785173311152772,11.197058374643916,0.8092839554530304,13.737156743604205,0.17109110150359036,1.2881489959595909,0.0165483434442712,1.352921524396014,0.04293653884360667,1.4822860619907565,0.05327187669257265,1.4535352201054732,0.0387015480597027,2.0516023113019353,0.061249575040954976,2.2765419781602216,0.06497271126771956,2.1982238800637974,0.06168988661219336,2.239721851289701,0.06672225413250342,2.24429125198464,0.04524230843472175,1.351314963587146,0.0612809705623528,23.980512781071685,pdb_mean,0.06388216084211032,1.438955417464215,0.01304603046478691,-0.3294528975453575,0.017880060512449367,normal
1E1H,1E1H_A.pdb,1E1H_B.pdb,564.8545456170032,5.5591545936427,0.5948732805917126,4.540341956183207,0.40680752385244806,4.6884075554604845,0.48382116416191184,5.388254178705773,0.5671487492481925,6.1109588480861,0.6369626247498011,7.309937166466054,0.6090413393081012,6.3094200929820055,0.49497653131913444,5.250809518428156,0.4473356058357878,10.172603426500226,2.004467899552622,5.276028807621233,0.29318658141772846,2.0473837500564094,0.06976075280347907,2.3246592165722935,0.10283026011553573,2.155101342923559,0.08387492331351679,2.276630806251834,0.08053999170643236,2.323181406502479,0.08990075676276994,2.325197828702901,0.09571640135606282,2.4646468558554995,0.08590854409238968,2.730144488302172,0.15978259212318874,2.92838487135743,0.14925783117284944,2.943351960894954,0.05476993973827027,20.852222179050983,pdb_mean,0.2716136929743522,1.6308759097561354,0.019018800868961974,-0.1593140175808921,0.022808062310369862,weighted
1E1H,1E1H_A.pdb,1E1H_B.pdb,564.8545456170032,5.767064248980223,0.5554537967141673,4.590031804988883,0.38736916682405786,4.934429048223916,0.46795055918208756,5.816822735366572,0.5712418608515281,7.145824988791051,0.6618948903370051,7.731516906457512,0.6179770485846465,6.0344136022805746,0.45931127125857,5.693554353702425,0.4078135417847125,4.8845540728125965,0.49786861010408,5.173937964813368,0.28163943774184824,2.048791618110351,0.06535754244160322,2.333588170682193,0.0968391618491947,2.1886529612342627,0.07958184386520009,2.2766697557068287,0.07144078931439038,2.2995289970649906,0.07858578211504655,2.3666485546182505,0.09636594789769168,2.4129090800427573,0.0799217972048458,2.667226193592454,0.10522726688764683,2.9010131492144042,0.09747673239149954,2.903219508460241,0.04688382766991779,20.852222179050983,pdb_mean,0.2716136929743522,1.6822553165099172,0.01432344112108918,-0.168351395,0.019074193750284556,normal
1E3U,1E3U_A.pdb,1E3U_C.pdb,593.2658115589984,0.896256090535304,0.08618107894221412,2.365522921812474,0.20092483747173884,2.8958165839837364,0.2599934462620042,3.077452923567174,0.2830772593716226,3.828844527015338,0.3402174713707885,4.687595570961145,0.347714031897482,4.516080592811322,0.30250026087155285,5.859068646695923,0.5390917474665083,6.409059539568093,0.37103988448529357,44.01599173550801,0.22268705548617165,2.577930815503634,0.09084019506012135,2.027421215528568,0.0635919178308119,1.837983290947455,0.05261219301701711,1.9574056679889313,0.05718999877121149,2.083407329230623,0.07281083801782276,2.34931674137096,0.08387514800740421,2.5341743155736847,0.08296666130376347,2.5924159556667474,0.07988900877563994,2.6376121781629203,0.08579238721312316,2.332487011985652,0.06574696618599489,17.461783800676393,pdb_mean,0.17953949001029285,1.533891487205332,0.015114915946927824,-0.23384230685878993,0.02066159923952737,weighted
1E3U,1E3U_A.pdb,1E3U_C.pdb,593.2658115589984,1.003298691973406,0.0947623926324083,2.674511646562998,0.20448566353142641,2.8988501351640013,0.2553172024705156,3.3052752137558667,0.2703793164443617,4.184099560071359,0.3358568293368901,4.361252464603146,0.31001151249383796,4.336742378247909,0.2892387653494872,4.700272159989845,0.3974446580117344,6.030547330377818,0.32498451969461717,43.72108905270879,0.1836994645716325,2.709194393522659,0.07665486220565249,2.074424803690951,0.055874810965355945,1.8421525748715228,0.05374015161124372,1.9444149449914434,0.05540992041717198,2.0346101252594164,0.07020855191247198,2.359306119125698,0.08099237956689513,2.580561544988553,0.08146639306182538,2.6443179653061826,0.07521244180706213,2.8424372848712807,0.08761346747541007,2.4597338288506454,0.05230671259958083,17.461783800676393,pdb_mean,0.17953949001029285,1.5519645043577728,0.012821928154273491,-0.283776053,0.017840665981203704,normal
1E44,1E44_A.pdb,1E44_B.pdb,512.3787519260004,3.4637800618276255,0.19335862661575398,1.695612777978421,0.15408724241194366,3.050975117577362,0.3173488007277031,3.5074978413504017,0.25579669595049515,4.261032707929805,0.4019602221867303,5.120130599519099,0.47827398758563067,3.874168059385192,0.29106989704103925,4.431585392991279,0.2685233554819384,6.097910167517387,0.27634079836924064,10.821387008985246,0.5298839197064187,1.785651457354638,0.048059917526290366,1.9557332660197821,0.038899643574591455,2.14393905928769,0.0625718927162832,2.3133461987092647,0.0890031280805961,2.320264521885002,0.07015333874431923,2.522180473139049,0.08761198751160645,3.002926435909965,0.08177829073689066,3.3289962029698597,0.11310252323640134,3.116873948771708,0.08591465947917735,4.008994119789713,0.08198672694802864,13.183085339877746,pdb_mean,0.21223286321198842,1.5639556925081979,0.01612743143625099,-0.19239195251811433,0.020560745336865395,weighted
1E44,1E44_A.pdb,1E44_B.pdb,512.3787519260004,3.771323033345433,0.14938529223772845,1.761639473801157,0.1502874052783829,3.241210507214465,0.31838083554708835,3.585876008297743,0.25118117979252774,4.793297533271596,0.4150017708071315,5.2438737076453,0.443833766636486,4.125055487129008,0.30386745911359153,4.112031462795565,0.226490980688249,6.030487160375294,0.2537309729851823,12.391966735977741,0.4736475545626895,1.7193469008465536,0.041034617439363236,1.9574137200340198,0.03827446641344541,2.17408959123502,0.06375288447884721,2.3728785095643588,0.08838171328765661,2.390029698066261,0.06987211874118726,2.5512747683821857,0.08118803924303829,3.0948563259825206,0.076540709244074,3.2885006595817017,0.10556368290382527,3.090175216617161,0.08018452791792391,4.110481176228241,0.07974360090161728,13.183085339877746,pdb_mean,0.21223286321198842,1.594688929655963,0.014383552429000078,-0.2435144084507042,0.017439672148918027,normal
1E5Q,1E5Q_C.pdb,1E5Q_D.pdb,542.0431844720006,1.1631564629383342,0.1034978451968136,0.8459624802130022,0.10886636557915809,1.8360776838194217,0.21227483430307287,2.68162086001476,0.23546925759881382,5.1615097649571355,0.25437216740745433,7.252192387352214,0.30028290478214986,6.473676107845113,0.26225935280366663,8.161714114877118,0.7577248201339146,8.634554940620987,1.4229533926076394,19.51285356752295,3.4637886274073795,1.386334872168035,0.038361024689339426,1.5745885012669645,0.05614193075665452,1.7977528041939215,0.06912346550733349,2.0023679940648464,0.049929242619948806,2.0580977286604374,0.05605738691923661,2.437745977927333,0.0932451349128811,2.5240952617391774,0.12631131547895152,2.2749273558752865,0.08999079332548146,2.3710936752647007,0.19880401665928957,2.02368193696267,0.2441428566267935,22.60944207753618,pdb_mean,0.13974441724335018,1.413275666264989,0.024595773522750324,-0.3952875491095032,0.020012754889189136,weighted
1E5Q,1E5Q_C.pdb,1E5Q_D.pdb,542.0431844720006,1.3719906927956442,0.10034660683779935,0.8809483057114394,0.11394208225110966,2.0863093517845535,0.22018916588766632,2.8256371428077203,0.23508384335362847,4.950117778936466,0.2513314993634782,6.9826126716495684,0.28503452879119934,6.487860084698499,0.2216354544299346,9.198815036257708,0.8592551692871317,8.150819338053445,0.7839032193821613,21.31678547770539,2.57214011046528,1.4114212049548265,0.034249498062282974,1.6039393979247405,0.05442804953629924,1.8648072481158728,0.07037440230218102,1.9967706757233241,0.04937672372925553,2.067278756811455,0.054671831248861616,2.4302206837157496,0.0819289007057927,2.4949344806215494,0.08049564887398816,2.530845120212113,0.07890627060397942,1.9372783541377327,0.11520781292519114,2.127522819341351,0.18376332387333852,22.60944207753618,pdb_mean,0.13974441724335018,1.383821770273408,0.01925081235141209,-0.4694566575342466,0.015675628743795127,normal
1E6E,1E6E_A.pdb,1E6E_B.pdb,497.62948566200066,3.3996576894881314,0.2708414869075568,3.8677188908558975,0.2784819590005172,4.318427593911804,0.4055574884111395,4.549497513533515,0.5593823573405396,4.717619455065928,0.5383051235935898,4.738920673192217,0.43340398534291547,5.7772633192915555,0.34784011577074553,5.450099911579424,0.3455652681273801,9.796780414546216,0.8714746658309871,23.165572516741065,1.933746087673936,2.4899289642849416,0.06564394791964119,2.0378759797682986,0.04285580523158803,2.091250841721322,0.07154855769529955,2.0943422812475374,0.0656781802066565,2.0764517908627322,0.074392245221447,2.28457746738831,0.08275233450427386,2.6214581342460943,0.0892644252769554,2.760795053412072,0.10360527097939612,3.119893055756732,0.11193624219956634,2.0829806675669746,0.0984732189527965,18.508080515120746,pdb_mean,0.3258331415811361,1.4392499178830467,0.01649821345226755,-0.18038432204755706,0.02093469815776682,weighted
1E6E,1E6E_A.pdb,1E6E_B.pdb,497.62948566200066,3.6684301448301175,0.2258322330846884,4.052526556824618,0.2723180344397399,4.258250110693704,0.38994345141414843,5.084635610302174,0.5174350031934136,5.438126922896061,0.4838102895427136,5.1875071313523815,0.45479896426958677,5.573906100550769,0.34050007582791764,5.0260130464927535,0.29597086169856673,9.216585514018792,0.8347544154836706,24.961669630045296,1.8484526386846607,2.3645005116012188,0.057524460363991683,2.0678870854507676,0.04244393146106571,2.0815077925699135,0.06814531014145878,2.1067339912187766,0.05736571074125135,2.1897704925128765,0.07186187872351835,2.407001513483011,0.07878049004245086,2.6290133920266148,0.08738095743743192,2.7316011661004342,0.0923345837812225,3.226131745795282,0.10705448710565466,2.0633966229356906,0.09427304093505406,18.508080515120746,pdb_mean,0.3258331415811361,1.498951737586806,0.01473150057895877,-0.21414672058823528,0.01764874367412486,normal
1E6V,1E6V_B.pdb,1E6V_E.pdb,553.3732155319958,1.3595253565876497,0.12710059212320984,3.732918304598789,0.35978595122491674,3.252222618849639,0.3452137676357652,2.270383809836971,0.26555315550120506,2.3289414126429318,0.2301937047429763,3.5781969215967404,0.2237696273243017,4.186089554428061,0.22361410008795726,6.2832979252693955,0.513329024834224,9.491821693756467,0.9639957720275617,59.49804578905016,0.9421009205269805,1.6902709255571584,0.06408786616575207,2.218659261973504,0.1436416042473373,2.106423606646017,0.11186451689813749,1.895047655451281,0.09191387192324757,1.9500725326818478,0.10038849414320572,1.6653719418109858,0.04821125988451489,1.998299691562976,0.0727920740944991,2.381219989648175,0.061250044714112904,1.9691538909114203,0.06046542709085193,2.1206971028073736,0.03989529250215202,23.65410864801055,pdb_mean,0.08922278134490957,1.551440809727041,0.018739515040285246,-0.2923185332970028,0.021093026487608735,weighted
1E6V,1E6V_B.pdb,1E6V_E.pdb,553.3732155319958,1.4067815961121675,0.10930171571842284,3.823076386641262,0.362789267962195,3.3787806784943006,0.3413017995115677,2.2625523098896134,0.26231183626473564,2.2698810576733255,0.22039781259835514,3.419750325943529,0.2184275558477627,3.9675404266859187,0.22129032720677594,4.929951218562102,0.3570964547654329,6.744321679703263,0.3400915867537037,59.98090305654025,0.7773867179282978,1.7406025017587774,0.049446333806552875,2.219107272436927,0.14002820471287014,2.1695527281505482,0.11643499726446108,1.929420055754603,0.09481174752134011,1.9753211779030642,0.1102062673963132,1.6533557873501943,0.047175187539538206,2.0008350338427388,0.07113552961972354,2.352109671942981,0.056073877562487794,1.9288190132319158,0.04088357322406265,2.119480743531048,0.036677339361460386,23.65410864801055,pdb_mean,0.08922278134490957,1.5219694145858573,0.016995082834118387,-0.35063843699999997,0.017531861425687106,normal
1E8F,1E8F_A.pdb,1E8F_B.pdb,625.1208850519979,3.6210453312295336,0.2758117799611886,3.0362215461524924,0.354290800081524,5.1626412456316695,0.4617698891203141,4.122238423995504,0.4454404401323669,3.4972950725082432,0.3526075377979507,4.315041162802059,0.3652228997971736,5.575191631536974,0.3355012509693009,6.545966104748475,0.566121465961769,15.843096651907578,3.0139267585468543,5.372440245760061,0.13651605092650387,2.0562360557747175,0.07336170995524093,2.095068322219984,0.10917041729556867,2.3370396457041966,0.11364175618551553,2.1688812479711177,0.10762790115996589,1.9661173050738474,0.0686178460761664,2.302720260424846,0.09382677767694148,2.3915316591674776,0.09431334353115793,2.68652364658247,0.10124149031554633,2.094498482021886,0.08861937620431319,1.8411838171980022,0.052924811318523814,23.994769190991565,pdb_mean,0.134590345200289,1.5808340864403974,0.017957128495768294,-0.2277697058988733,0.021705043268722128,weighted
1E8F,1E8F_A.pdb,1E8F_B.pdb,625.1208850519979,3.622726540598612,0.25064615853490996,3.6669997077509624,0.3602596687429379,5.0417085674385484,0.44746056054427114,4.500505584516368,0.4361004745194979,3.6171009818902986,0.3517475811954517,4.27752061970016,0.3758272702331601,5.530652277835674,0.33831648534959646,6.014618806595304,0.4236259268177801,5.558505021498901,0.9154015695833563,5.277847190533245,0.11906799531734862,2.056571957665259,0.06709626154888179,2.2355481343761308,0.10731449016944791,2.4368650210981677,0.10999783485135099,2.256409723421227,0.09493587487713642,2.00273008595985,0.06742411052007206,2.358342841286669,0.09641306455538938,2.461425728515572,0.09357569864575485,2.542629303040785,0.06801863347733757,2.142733117503949,0.05549360339653174,1.7367600746864826,0.045744118541659266,23.994769190991565,pdb_mean,0.134590345200289,1.566189250214813,0.014002415566662247,-0.24268490100000004,0.01800456607269226,normal
1E96,1E96_A.pdb,1E96_B.pdb,506.91257696400135,3.1097221348967055,0.17501707862662097,2.360810610726287,0.2509849388882387,2.495010158782138,0.24156492720200162,2.100885899189749,0.2285470572531444,3.0308063383796275,0.24131898085048367,4.080454562623968,0.2655297597975072,5.693950330870308,0.25623440145176923,8.978222198851755,0.38508846489477344,10.290485794539961,1.3193061339518575,5.4884908934402015,0.17188367587901346,1.8110182114096502,0.036824991446515895,2.007963005341859,0.07385348301908509,2.0366635673304625,0.06554449444270934,1.9826688882317174,0.053898405318538414,2.01447192366071,0.0597739421692826,2.051739799722791,0.05977079966996787,2.219932946944656,0.08722768444676873,2.619545785589727,0.11422580593017428,1.9120870984558849,0.11422345837219591,2.276124157429092,0.04152193904403829,16.598469489546943,pdb_mean,0.12769544512467562,1.4722731597481082,0.017666805662647975,-0.24548059822879717,0.020826079125268366,weighted
1E96,1E96_A.pdb,1E96_B.pdb,506.91257696400135,2.763263709435397,0.15417255654980982,3.0231670585489554,0.2829566268669526,2.805081741197627,0.24933502643242375,1.9734565106296333,0.2124439351032565,3.0994972980705535,0.24476523072993056,3.686162963839434,0.2519457854945573,5.90684426088147,0.24524374512337296,9.633721662075176,0.38110893359947323,5.636713473761152,0.3551131819108714,5.284588063427744,0.14740092568413762,1.747913999736163,0.03668547039861445,2.202421528594362,0.0833808991574784,2.1139947059933473,0.06967281695163877,2.042553679936199,0.05212449549751251,2.026396159552415,0.0554171154255723,2.137015793789678,0.059200790198944996,2.1187783497536294,0.07127025922771911,2.7520733215843394,0.11433639179710708,2.2778045371424147,0.031884690553625056,2.262009100011277,0.037244330140300624,16.598469489546943,pdb_mean,0.12769544512467562,1.4659393404223549,0.017241298269809874,-0.2730720073145245,0.01792539078816625,normal
1E9I,1E9I_A.pdb,1E9I_B.pdb,602.1787143200054,0.7946771100945418,0.0506966713565447,1.017277835423074,0.12497273976659876,1.574521596872752,0.19576211745997502,3.3126939228349244,0.29077509215455516,3.0583363697659083,0.3208851979992355,3.43980414668922,0.3140893276062996,3.1896382404153787,0.2799949001794305,4.482386954819063,0.2832396078213139,5.426543883611675,0.2544895116323622,28.254644858365268,3.03857726733707,1.3409446934596223,0.026877429752891036,1.5363048951969032,0.08452513554899926,1.7382582838343277,0.10469494368408169,1.5454873337402804,0.05744089596396755,1.7022913359963987,0.057428476449410334,1.9325691849579545,0.06242483166342858,2.2394843167322804,0.0674109399307235,2.3246210964801564,0.07318409771109978,1.992102765305716,0.10759632276312109,1.9088487413797095,0.057415029814209276,21.189506517921153,pdb_mean,0.05076986240109728,1.5594753638907222,0.016692200499192244,-0.365301710413655,0.019001994411140775,weighted
1E9I,1E9I_A.pdb,1E9I_B.pdb,602.1787143200054,0.8531582060786803,0.05347111704071551,1.1257113937106349,0.11189924933040296,1.730905476126274,0.210701872842541,3.3118962342616345,0.2863176794585718,3.039889940667137,0.32028520227174095,3.364849673671098,0.3165784742198189,3.1227459519288683,0.27328151023344666,4.343503804311453,0.26959492681608277,5.39936513891202,0.186413825426434,32.7781830561271,2.280307362409909,1.3775331603813203,0.026274772622477773,1.6517793364180398,0.07613919189052755,1.8378828809409473,0.1151201011008572,1.5751680075754952,0.057538649564182455,1.708713058019488,0.056880988036494676,1.9306952681422116,0.06330501499185076,2.233856529076633,0.06479320945228542,2.2562115162063345,0.06689612408313708,1.9088244934878178,0.06437622576634851,1.8569944158282763,0.04323316982415549,21.189506517921153,pdb_mean,0.05076986240109728,1.5718490047480085,0.013779448568411823,-0.42059202300000004,0.015916793691720995,normal
1EAI,1EAI_A.pdb,1EAI_C.pdb,529.1865474259976,5.2868957369296465,0.5051038644764471,4.936947686294693,0.4686458683153682,5.1827561645828855,0.5472676837708322,3.6672636980973867,0.37055346311806886,2.637828850284029,0.21656555338302855,3.5532205815919156,0.28243437786187264,4.39470645734001,0.31636271299764696,5.736182975704802,0.3069905582209985,5.353375579950324,0.2584970061631992,19.43413169701585,2.7211654978979656,2.7964937996373758,0.12374591238124759,2.6748821766100073,0.11636236701571263,2.893850904558516,0.12771002202961776,2.5491847848999787,0.1272578111742811,1.955517912194016,0.051387011533855144,2.0292261579993784,0.058400444629951385,2.3791690881697236,0.0746317542060545,2.426657474582951,0.08831807900668845,2.822087551322809,0.11329577113551674,3.123241877303139,0.18615998369418202,14.691122341146379,pdb_mean,0.2622416327101636,1.3130582648642626,0.01950342362508783,-0.2661922255377286,0.021586082912424386,weighted
1EAI,1EAI_A.pdb,1EAI_C.pdb,529.1865474259976,4.924339160876592,0.4493309350338075,4.899667054714944,0.3922082556337675,5.393044293749413,0.5376314322338562,3.9032218365414746,0.36783927669877886,2.5642892225444625,0.20653841115943986,3.6153926849344264,0.2691122535060367,4.3829546636413985,0.31087759935779513,6.115127622896954,0.293044184203994,5.403022593263932,0.2598003193340138,21.3303371579641,2.4623269327853894,2.7016684267365925,0.09898111767539743,2.5843046187398033,0.09569421018267031,2.9866744213105783,0.12681375581239185,2.6947338408367045,0.12053862437659683,1.9844512985167189,0.05072579728143369,2.0616917542600266,0.0580115131801117,2.435768866348509,0.07582693117133839,2.560284967630858,0.09129197902376181,3.177486230640268,0.1031986864180717,3.4104153447873715,0.13513276897380871,14.691122341146379,pdb_mean,0.2622416327101636,1.3839334860526096,0.01842937776488384,-0.28300606951871654,0.01844048379646304,normal
1EAW,1EAW_A.pdb,1EAW_B.pdb,532.7759125410012,3.1397063237344636,0.4800007978830118,3.652512127474789,0.44953672496421715,4.626454599705285,0.4860183251927558,3.6585000134153938,0.36806224656968894,3.9574850436740734,0.3840058188312385,3.537516408219138,0.31255963089229166,3.70323590302125,0.23535106991182217,6.600488665359781,0.33558343106962507,18.300914888530563,1.0939494265909377,22.356043617732496,1.544142424483499,1.1958199425355451,0.027161524465605345,1.41181408218442,0.03597988190265299,1.6557591000226617,0.05047810156768252,1.8685798206501807,0.0585591386413682,2.1541774970062213,0.07831553915898305,2.364315085573565,0.08977306081315,2.641274018207178,0.08660904983201698,2.7613293347570598,0.07982053731087282,2.3671138853570457,0.08950135993078215,1.8568134844597532,0.07983282442714493,13.951709503676362,pdb_mean,0.2449966298530563,1.258247214346743,0.02281517735058602,-0.23949707091276878,0.02113184821712781,weighted
1EAW,1EAW_A.pdb,1EAW_B.pdb,532.7759125410012,3.407850659781247,0.49572072099069736,3.5402384115825454,0.4405484671527772,4.721643142398027,0.4576476331411027,4.010779704073624,0.36085032678007073,4.295888715224638,0.37061556624552483,3.5872262823112275,0.30130677007308426,3.6134118197395075,0.23614566363626127,6.412185986682738,0.3278444034147895,19.728364438064215,0.9255732506465151,24.29443122595888,1.4135428758190356,1.1872983148474323,0.024346079030816793,1.391108139621566,0.03548569961831958,1.7183918917658576,0.05054466166909832,1.9357449837154526,0.05760170130760239,2.269258447248118,0.07808239605057019,2.378436740590127,0.0828961985814442,2.6425453111293966,0.08521473812962356,2.7812772907047627,0.0809833231784894,2.2539330693078994,0.07191223798645212,1.840661014886909,0.07795170769271698,13.951709503676362,pdb_mean,0.2449966298530563,1.1633307608763674,0.018814208886361723,-0.3113575021551724,0.01851638801664708,normal
1EBO,1EBO_D.pdb,1EBO_F.pdb,548.8583685269987,2.076903803570646,0.2993750059609391,4.051021701109089,0.30638676428979933,3.284757364329404,0.26947464797279397,4.048056484968473,0.2683899159373587,4.62751083073229,0.3697279095391132,5.177426696258653,0.39943437492933964,4.641706209870064,0.3109095761936694,4.043705623020731,0.32168868374044807,4.359332414388287,0.2693572186852693,4.174403872808307,0.27721072453021367,1.8182201212375138,0.07820747215541489,2.2860584850588186,0.08675285343195796,2.6277099289954586,0.09273328482056531,2.778822546921274,0.09269289163203995,2.037839643208458,0.09279737787894614,2.338893913600173,0.07926298686967403,2.358223114642118,0.09610860265514072,2.511696164308034,0.07585211885342863,2.0364311516607323,0.05578887495730463,3.189023074538529,0.0708765662739884,32.90124597281852,pdb_mean,0.3641211155886974,1.6272186523669392,0.013314902130589144,-0.1391583473293222,0.021059919196713153,weighted
1EBO,1EBO_D.pdb,1EBO_F.pdb,548.8583685269987,2.736618332778841,0.27281301715697237,4.065127905668,0.31080267800022926,3.2717426879136435,0.2630316195242149,3.9835239383584184,0.26457797847170894,5.042791502198574,0.36823689969434553,5.19870576555232,0.4006202908068843,4.778823049026617,0.29600185513498545,3.924915846563035,0.32200918704188786,4.17510917976259,0.2654062216595106,4.067486307782789,0.25024133212366334,1.8403639099872677,0.06246923698300647,2.332263377621556,0.08210643154491168,2.709338965654361,0.08724284081631314,2.753117594105481,0.08751004426448915,2.1800407544766873,0.08403337928281693,2.318616289429106,0.06933369329250061,2.2656338110866123,0.07343372847693433,2.5756018909886973,0.06891107361412768,2.0646939709951355,0.05358359840679024,3.2886260072944213,0.06346253124726456,32.90124597281852,pdb_mean,0.3641211155886974,1.6533424379077568,0.011735158363522359,-0.18818904800000003,0.019060190971653974,normal
1EF1,1EF1_B.pdb,1EF1_D.pdb,554.9397357060006,4.401032165772341,0.34258296499927265,4.005197311121622,0.27809685998648814,4.002303484500805,0.340458791629185,2.8290557280614754,0.24692237522466656,3.0019812353788535,0.27302413080376314,3.5392717620109493,0.32066781287676677,2.994402848309685,0.27332332406131615,3.7547818716967276,0.26081016746273905,5.311271279210563,0.2641846783509836,21.501576023908527,3.3328809544187377,2.1423838889073354,0.10259648788940347,2.0309760979327423,0.06593722520080321,2.1416323688453094,0.06834316749448488,2.171136188921102,0.06534701291155244,2.177847171658445,0.08433656565006631,2.032898537155721,0.06736652746179576,2.105762634328244,0.0687223214526623,2.3967978342364997,0.08576523839922263,2.5773911894199584,0.09267858715126802,2.8327187530998224,0.13567025993001544,21.210416162137662,pdb_mean,0.07522863002257577,1.433265549532953,0.016511437601772906,-0.2114469506997949,0.02132699013289392,weighted
1EF1,1EF1_B.pdb,1EF1_D.pdb,554.9397357060006,4.666474223567221,0.3430421458746578,3.8688788834746664,0.27842560990786,4.459139562074605,0.36496892929801633,2.8575315387911306,0.24801225847053704,3.0207008528392025,0.27462542658287015,3.666595904901336,0.323621014321868,2.970198223417364,0.2708449984174729,3.5288743553668325,0.25594339344240047,5.273019748969352,0.2704775652486176,21.26198547173034,1.94935848414196,2.289867427831295,0.10645269620502129,2.0636326724791028,0.06676560263070733,2.163517802518374,0.06853234061244544,2.165765696171979,0.06331935768681153,2.2383786630250726,0.08654777328733701,2.028244870443422,0.06452798857485346,2.0876327577079747,0.06915933033610192,2.403046017788668,0.08298079959710998,2.6029022308239957,0.08770062907518272,3.0906217388989123,0.07683744845306584,21.210416162137662,pdb_mean,0.07522863002257577,1.4202783547252043,0.01535803914403442,-0.258490351,0.018409894565619027,normal
1EF8,1EF8_A.pdb,1EF8_B.pdb,542.9793608079999,3.1099698802503104,0.3585762941136866,2.2249222490784417,0.3241752906579867,2.9549381086764432,0.4026526201255482,2.752457156332016,0.34526767279170273,4.082432215840872,0.3858819709910617,4.51798001560774,0.4072650651188935,4.269764432628805,0.29257602074876976,5.434662580313446,0.27538201442011534,6.514691522510683,0.4052149259914588,21.47991112306287,3.466492411963886,1.8464884932123322,0.07745407030773319,1.7239879768723203,0.10490093562272743,2.045775079572346,0.14476130412594285,1.7511424142689322,0.08132650419265451,2.412168679803593,0.08520231468789087,2.239072171500696,0.09783846595548948,2.097881964642668,0.07882749444394149,2.1549683744911494,0.10124614583994603,1.9334631568052285,0.06580557650959612,1.9959508823913559,0.16791937660907302,18.58108244379156,pdb_mean,0.1799283312537283,1.4725196771655524,0.01695297622774154,-0.25965982929261305,0.020760483684222418,weighted
1EF8,1EF8_A.pdb,1EF8_B.pdb,542.9793608079999,3.464178741757441,0.27391620216711343,2.685178315653604,0.30355287664695785,3.4633673379002166,0.388303161563828,3.174963580279844,0.3338851021736385,4.183184678704465,0.3901984482655081,4.584409537693202,0.411385578317412,3.9364687777603184,0.26675270850003174,5.411228452279371,0.275387996760974,6.3402629094580005,0.3575751118233292,36.945384153021784,1.2207789449440258,1.9827153459723548,0.06908655576958986,1.945317329491187,0.10299998040436228,2.2802797530911025,0.1411636413403836,1.8862770383293403,0.07642885711257423,2.425946119206189,0.07976098851273672,2.2425186231225704,0.09562026868057132,2.11583292848468,0.07718446977004242,2.2636082616673776,0.10419033489762826,2.0734789687379362,0.060502475714747705,2.4114589120937406,0.10150673076563033,18.58108244379156,pdb_mean,0.1799283312537283,1.5130378893073573,0.015381410751253644,-0.30450991076923073,0.017999111119688452,normal
1EFV,1EFV_A.pdb,1EFV_B.pdb,556.1665607280011,8.03863206158569,0.5595521590406142,6.081628013128276,0.5856380112284162,7.199538405583264,0.6524556211485665,5.305414466383971,0.46728207335933525,3.9209013534208053,0.3571848961438724,3.8753293704820715,0.42378428833445897,4.476533432932618,0.4019051453661742,5.499599705960435,0.3447833264873207,5.449735472929686,0.44340442781186173,6.780071360712789,0.5514163787537739,2.2632940213054082,0.06916031572131791,2.5221743840031174,0.08816588134973545,2.4023134341629873,0.08693842003420382,2.525936142357783,0.1069992748488657,2.3645766691991796,0.09226843805386417,2.151923136067282,0.09396990787126677,2.2356830370175107,0.07873247483069108,2.5565648078219216,0.08704387026354937,2.608639703346571,0.12304973608351213,3.2861616442315857,0.13340853231507382,21.478561258015397,pdb_mean,0.20360143446755638,1.510339795302674,0.016948016155413772,-0.16544571651572806,0.021783781212101023,weighted
1EFV,1EFV_A.pdb,1EFV_B.pdb,556.1665607280011,9.104287605210098,0.49354178030358276,6.601270968835642,0.5577403906783314,8.058180752019066,0.6699639803960926,5.340135458590136,0.4671736616510909,4.262530739235553,0.36805132680421554,4.213169391818579,0.4409918086671748,4.459436772584679,0.4140770673317906,5.318688637019197,0.3315545752788096,5.729246225473953,0.38611264381794785,6.316468944577655,0.3039507075963862,2.167285746821289,0.057723374757532274,2.541432865223851,0.08321547255856557,2.437500755695524,0.08760012211978793,2.5387795506745094,0.1022827586866764,2.4451310878205903,0.09193180704815547,2.251138104589776,0.09459654646496839,2.2401779345448687,0.0809535608520047,2.5108299481140817,0.08196962305210712,2.6631104630566056,0.0882059708186065,3.5688716610123623,0.0650499728510174,21.478561258015397,pdb_mean,0.20360143446755638,1.4775237368248737,0.014238629946867084,-0.180446546,0.018289523386862887,normal
1EHI,1EHI_A.pdb,1EHI_B.pdb,564.7942703589943,0.9002762534965679,0.0746995045254002,1.8089245319260383,0.19630346655004496,3.2685148365687837,0.3495978033290068,3.7871095286668566,0.3846970203059043,5.064662953253242,0.4969453737570807,6.863818743520605,0.5955378451830409,6.355268516226385,0.4600657390733716,7.626384150044536,0.6103989766229322,5.7551153556288615,0.3083351652817132,16.87055279437806,1.9545284201896655,1.4233092812327968,0.038243690286354576,1.6342082150676214,0.04658695147522293,1.7202738421213375,0.06336232339952741,2.0245257887942913,0.10112332060564191,2.0302380408397007,0.07100189300662886,2.3700102849262086,0.10927685952058304,2.1579562626552606,0.06546990978414731,2.354887650903841,0.08152197074142559,2.971101053419839,0.07453548604082444,2.490975861265049,0.0679883367005726,21.376627168643402,pdb_mean,0.40115640712186007,1.5267747937480571,0.016333709992945433,-0.22056907214618293,0.02180468172255528,weighted
1EHI,1EHI_A.pdb,1EHI_B.pdb,564.7942703589943,0.884977931780846,0.07155511404553601,1.656343031482384,0.1837176528818107,3.106183701540541,0.330305382915062,4.297073075646607,0.4102647057859922,5.279060549053842,0.49912776677914117,7.574125653270872,0.6390850532894828,6.6481976643890945,0.4849197146421248,7.727042299157538,0.5370132501895021,5.443625245162785,0.2914736204469081,11.749494466678316,0.9218439784918997,1.3882452092024655,0.03504932316514924,1.6619399137410702,0.046578277840964064,1.766979262429659,0.06728574155774777,2.043359097635734,0.09491379624259375,2.063944698890384,0.0681911357945342,2.4128389202654077,0.09257894415131501,2.160954601290936,0.06047621127694279,2.370155643640637,0.07492586366212137,2.914163662068513,0.07126769452038548,2.580769313519417,0.04031696314451177,21.376627168643402,pdb_mean,0.40115640712186007,1.4874625444933665,0.013452603874612184,-0.26065531999999997,0.01910660757974518,normal
1EI1,1EI1_A.pdb,1EI1_B.pdb,597.7118518470015,3.1050468280327372,0.43779863982522227,5.577055959880225,0.5154207031436391,4.832498012743047,0.45132097087686607,8.482665745876746,1.390468790310196,4.802961317544488,0.3345520017045062,4.2969429624785755,0.3340518476625577,6.574055102676522,0.37372306003073896,14.49678917387172,4.264286018853992,4.206759110284695,0.3531154963958021,4.854307614568495,0.3420902258648648,1.8308647010396428,0.06133407196975989,1.8661026078033287,0.09043186605492463,2.4005377465179336,0.08627590666711693,2.449708713664946,0.1682600804745073,2.279101832215686,0.06061858521356092,2.4395322499508043,0.07677189715108138,2.938557770326074,0.08008581553809309,3.25909070869832,0.16165517287003678,2.555469251636041,0.0804052654890862,3.2576613814136475,0.1431996356396594,24.09928958877475,pdb_mean,0.1342531842809238,1.546536774454554,0.016067338924009786,-0.10589290179498145,0.020499662309894293,weighted
1EI1,1EI1_A.pdb,1EI1_B.pdb,597.7118518470015,3.7714714680146995,0.39151281331446175,6.206532179648096,0.5116228312383747,5.11302487091884,0.4718831306409338,5.240601630018278,0.49584027543344733,4.55727293037301,0.3061104669241138,4.312937080885107,0.32159639861051764,6.4212235947819,0.3218886474728192,5.229174676211663,0.5552235599939817,4.034084810795443,0.3262252636128719,5.0798186080126895,0.27233252938733804,1.9850248612148664,0.0546489071691892,1.8710802022945188,0.08500646382618114,2.4639318838655937,0.08560628015993978,2.4988061630147325,0.10253794750755289,2.2150018149592965,0.05416374796860986,2.396451200666351,0.07128120104820093,2.800543096758635,0.0730209580484559,3.177727985828944,0.07849684008712779,2.542109620643349,0.07476620189660439,3.334940055874747,0.11101301057187485,24.09928958877475,pdb_mean,0.1342531842809238,1.5433798096674356,0.01496584880601768,-0.14091869199999998,0.019213393314636174,normal
1EJA,1EJA_A.pdb,1EJA_B.pdb,508.61043120900285,4.180139245770169,0.322985059674103,3.4614560154982947,0.324095304169435,4.353052212845455,0.4166087921062859,3.5315677825862575,0.28670428653155405,3.9020314145486332,0.23646601409541437,4.8737525680079505,0.2861668484238115,6.7489079873260085,0.46081506839330816,8.851056208943174,0.5320669548428393,23.696529585854023,1.2775436654211456,25.09899941110791,2.6621289623661557,2.7058326191121886,0.0887199907672193,2.6057507849465815,0.14222182950890355,2.162830758087825,0.11734795172068031,2.165553155180861,0.06326043774250033,2.321981574164082,0.07822719183068291,2.51884701026392,0.09803303087692301,2.382880685160591,0.07824264974242943,2.251277636109495,0.08901888378560385,2.0952026088903732,0.07601610118023167,2.257258514374314,0.17530392064797368,14.153911395945844,pdb_mean,0.27490188769042656,1.2940548120502129,0.018711257578509846,-0.2432400732371227,0.022188660170808415,weighted
1EJA,1EJA_A.pdb,1EJA_B.pdb,508.61043120900285,4.162316194600985,0.3051257711565222,3.659172447231196,0.27545561561892434,4.934216396316063,0.4216253809507631,3.372867436858476,0.28015131631698387,3.766438361625025,0.2379448643393011,4.948940430330308,0.2898322729351725,6.639256226949566,0.45114166315186227,7.906471096858997,0.420032401281852,27.167007684034726,0.656921657964643,31.276619988062986,1.0395022131832135,2.705562080111937,0.08507619555439586,2.754410973524506,0.12413961068483288,2.425871839771452,0.13294225854545408,2.1668484847260663,0.06281254764491681,2.3261390501436754,0.07595517180836045,2.5882398113279232,0.09886108223085378,2.3509711541062024,0.07775190459646959,2.377497804490786,0.08343119328652585,2.172161908647478,0.07011022074320089,2.0296138906146375,0.12641861243655617,14.153911395945844,pdb_mean,0.27490188769042656,1.2862705542643909,0.016137652056133784,-0.24644881382978723,0.018764752205192307,normal
1EJW,1EJW_A.pdb,1EJW_C.pdb,530.9742741619993,5.28049686871675,0.3534017705210528,4.7446316049581005,0.35794403511677525,3.0179379579149037,0.26548184434419947,2.6637570001192796,0.2621044968058228,2.9656625239949674,0.2904351857229452,4.075979222126235,0.2858740089104905,4.673220730011635,0.27947540275049604,5.536844006546441,0.24767733552879206,5.580059382931568,0.2806734295238286,23.995435298326157,2.939583170431846,2.1904125903830725,0.0489126095615959,2.2418899048193635,0.08260863337809883,2.191725799798412,0.0789399547019657,2.4396892559472785,0.10002524119666563,2.53665961348721,0.08497939261457094,2.49022796269244,0.07603129838332481,2.638742032939841,0.06757508612786796,2.3517500599437557,0.08980098854799455,3.141884766541286,0.18657775362585685,3.5522233525815405,0.25924146327561565,18.93168541330848,pdb_mean,0.14318877707681438,1.3840585381435566,0.016741822143904114,-0.10300142950792168,0.022736115862625812,weighted
1EJW,1EJW_A.pdb,1EJW_C.pdb,530.9742741619993,4.768539936051614,0.3392109660338011,5.166367052211774,0.3092203029814923,3.296482234198775,0.25977691302641565,2.7201736166464254,0.2587369703995203,3.1164548867444837,0.3105297913274718,4.022062385362459,0.2738815081150943,4.4786319829834,0.2776542192451398,5.371224380159935,0.24477118500725048,5.34669881349737,0.18340656492622764,30.53540319456839,2.3391871764343533,2.2494362380475392,0.047626717735125015,2.2232000700305026,0.0734350391567607,2.3071011396124397,0.07761678746009894,2.5533599820574584,0.1005336920644431,2.51379438828737,0.08522729503650643,2.490532774241311,0.07343676700832266,2.6445428152583026,0.06516849003295266,2.50020624040137,0.08766870917384949,3.5631227002852723,0.0801186121750864,3.028949195045665,0.21294586417958994,18.93168541330848,pdb_mean,0.14318877707681438,1.3995474962274117,0.01605327250265499,-0.1619008477580813,0.019385226899942994,normal
1EK6,1EK6_A.pdb,1EK6_B.pdb,584.0137938769985,1.0190079613668792,0.05429004999545167,0.6860994072327331,0.056578452207956924,0.589707819450607,0.053364161236801794,1.0355753155593312,0.08866556311108634,1.8696224732844302,0.15522260503970384,3.0159049903374533,0.24246124688755263,5.08614856255843,0.2544149249348417,5.596819536815647,0.4252025073802746,5.427483279915287,0.24495568028163334,5.528325348887819,0.1333809841939243,1.0235692558397604,0.016849451015938124,1.1193619771979149,0.023168632482881826,1.2473985618183485,0.021618859834723742,1.4866426757793512,0.030390638131675102,1.7332385434918787,0.055834675780958486,1.8671990289981133,0.0684529180663276,1.9335466080182173,0.06394029833700683,1.8462390522453516,0.05791631090033329,2.0753694881945686,0.06491487165094968,2.0736872463076326,0.06199969910960473,19.312381932084875,pdb_mean,0.054902156606137106,1.477768323623067,0.013757757207624403,-0.3539027970777878,0.02007118555967299,weighted
1EK6,1EK6_A.pdb,1EK6_B.pdb,584.0137938769985,0.9769654495957141,0.0516012920024848,0.6961952000763593,0.05764408941383213,0.6152739550357917,0.056761042645178963,1.0542164161167606,0.09064337813595824,1.830954205429809,0.15330933203520186,2.932593533746249,0.24070955287807871,4.860798564652752,0.2511526662336279,4.894242877489788,0.30936553835980407,4.865964951149539,0.20018950224710103,5.4190826274227035,0.1266380851791149,1.0062170188023163,0.01582026573827584,1.121045499873488,0.02320047545670085,1.2459015652863337,0.02127479849493946,1.4905008761502954,0.030277157946279987,1.739849930342821,0.05581153717660427,1.908870788875695,0.06851247094388438,2.0005390090022708,0.06179538981487864,1.977854118094357,0.052485584136757524,2.0128864984707326,0.054784967203179415,2.233304545909425,0.058459760359905445,19.312381932084875,pdb_mean,0.054902156606137106,1.4678834472763984,0.01168589705618156,-0.43493460600000006,0.016866974861111345,normal
1EL6,1EL6_A.pdb,1EL6_C.pdb,564.9489021400004,6.6318693496264824,0.5717001789979093,6.314148154637532,0.5307522140352839,5.592213483826497,0.47564400866167444,6.048367884395406,0.5942364614270271,6.222590502265007,0.5266641129472255,6.7217535017822305,0.5197000149536056,7.095897621725267,0.564254511128219,24.848052266173532,2.71930562383054,5.516044405293623,0.4690095385115618,6.959936429414538,0.2527674377667787,2.1335434887757447,0.08140761529484535,2.091724686422493,0.08071106218527327,2.1328674445910227,0.07179578339399321,2.3272607464861657,0.14941561449202803,2.3685458831599457,0.09127122539468055,2.56504902860305,0.09329072657829007,2.8243064743078716,0.07911079513071585,2.782469612601681,0.069069712378751,2.6995327953267982,0.05460864885056901,3.493914040880486,0.12977268371957523,24.4400975086311,pdb_mean,0.2765667562604431,1.3905243958981015,0.016231166034524597,-0.056578312430061214,0.023337824217194207,weighted
1EL6,1EL6_A.pdb,1EL6_C.pdb,564.9489021400004,6.618362045146435,0.5460506493080549,6.6491805594360915,0.49637826289933457,5.401171884310552,0.4560800199607587,6.121185343830523,0.44016149764011825,6.1491516639377615,0.5075435597954254,6.922962511946773,0.5060355368223333,5.7871153003948725,0.4310858365618122,14.309182019090509,1.7475891288798864,5.828568545895017,0.4526681364706272,7.012117418865931,0.24600910355244315,2.0700836040550565,0.06985810561384151,2.1101654305932613,0.0718742734904507,2.1698184878243167,0.0649429610798917,2.3897604921739717,0.09964051370721973,2.3243758662747256,0.08737108967689913,2.626681947099933,0.09411683364861144,2.7303140663491665,0.07204069036640681,2.7744299847198737,0.05116561848790939,2.718684324527323,0.04698664273949071,3.407182172954299,0.09758291876719813,24.4400975086311,pdb_mean,0.2765667562604431,1.4030647442325312,0.012480416161783399,-0.13189051799999998,0.01913093474592919,normal
1EM1,1EM1_A.pdb,1EM1_B.pdb,535.3792808590006,1.3582276019985373,0.14839660824273898,0.9089369146830872,0.07783871484922295,1.3426022235774502,0.23827784485230044,3.058412441600256,0.38280063897129685,3.9251673311933253,0.4119613130593011,3.554168695691923,0.3230961968593441,5.040210322509174,0.25793965743310115,6.629144622417431,0.3766632668578499,31.1157777699237,0.44052113334986615,36.984292521291074,0.15086249424648013,1.412684826488999,0.07618291606574853,1.4564959955659984,0.05848962731140866,1.7799130982255509,0.06647622777298129,1.9848314628190291,0.07068765535038928,2.038428953692027,0.06647416591013003,2.270334699352119,0.05924380141427632,2.529135791807143,0.07058906292342568,2.4444799167398816,0.10548097951409224,1.9522382109026262,0.10379389201687854,2.243023470499033,0.1557607796651763,17.602026679818216,pdb_mean,0.2674477843327492,1.4887991385920998,0.017717234519376585,-0.2133121800748246,0.023930658417559265,weighted
1EM1,1EM1_A.pdb,1EM1_B.pdb,535.3792808590006,1.4599304163013997,0.11473666026016613,0.9223266488557779,0.07772097287314521,1.3591019734946947,0.2354479724562646,3.269283347731904,0.36728817412345055,4.082133125024672,0.39625204074389325,3.683662554522928,0.32289302500991984,4.8653311241176285,0.25319674054208197,5.159553192901324,0.2716849352404055,32.39637791115883,0.17400515919959955,36.986131869927235,0.13507017457827675,1.4423336643369264,0.05902408536178527,1.4511623896776955,0.05458360273668372,1.7616745467192205,0.06494523649751378,1.9971325989288125,0.06692868443894946,2.0040093560159,0.06499548184428183,2.3015406064105135,0.058542157189045464,2.5355646658228213,0.06986474537748756,2.692214420722257,0.08270301018417739,1.9851843002808411,0.055620391379541737,2.2067361559318477,0.15750583505437007,17.602026679818216,pdb_mean,0.2674477843327492,1.5115299943784466,0.01448368386878594,-0.2566453972162741,0.020021430533602273,normal
1EM8,1EM8_A.pdb,1EM8_B.pdb,528.9512531180007,0.8402607056141924,0.06845500525434971,0.6906711141483858,0.06159422608512573,1.3196966873981626,0.15689314923791942,3.0444213309663777,0.25070025132872276,4.309768517497196,0.2693108797902671,4.60725485201976,0.2280737458485764,5.182064393328759,0.2675682308001549,4.9105356780009535,0.15120990695900233,5.244781337471862,0.1503486858711893,6.175591852111571,0.1271257675515809,1.1208883292583478,0.030836794659481484,1.4890197004147154,0.05706192770846043,1.9072766681658513,0.08946713411727189,1.9512045895193875,0.10014022446126811,2.0923027413165824,0.0869550584194647,2.2441056326211184,0.07865638415554611,2.5460810140681667,0.14003730740587134,3.1137918064691754,0.12202794905592362,2.315708871646768,0.05438637842433531,1.8045319228745944,0.06073225384191666,14.133591316533344,pdb_mean,0.1194086523251091,1.6404663817234684,0.01833238362731464,-0.23257692856475493,0.02402511606501157,weighted
1EM8,1EM8_A.pdb,1EM8_B.pdb,528.9512531180007,0.8716811535969111,0.06311425397793673,0.7528862846903438,0.06826124004274639,1.3905495018650313,0.1501997300856669,3.0332536225704216,0.24206351013947675,4.232283370243804,0.26179772714629745,4.3363178796212996,0.22693498372251403,5.10738614947853,0.2339882279287596,4.835821422281199,0.14832053747349616,5.031043744266878,0.13372534657233084,6.091167816727485,0.11971219735719807,1.1431920415656536,0.029559708445819795,1.4812276500419927,0.056810951993062284,1.8832237589726626,0.08170458917321691,1.9306641123018506,0.09838425601345753,2.1385755200925134,0.08469684841062719,2.2839792597135915,0.07332800380177959,2.638142842494864,0.09378301546627563,2.9130609794476037,0.11508384995033479,2.4007900293222795,0.047410635025625675,1.8356846433282015,0.05691528078560385,14.133591316533344,pdb_mean,0.1194086523251091,1.7880527848416776,0.01626094323739721,-0.33428073791621915,0.018879270946066423,normal
1EMV,1EMV_A.pdb,1EMV_B.pdb,492.5383628359996,0.50315782625057,0.03034757327676279,0.7960852941297102,0.0865515486183987,1.699371200939604,0.19004746716745577,2.695611554322413,0.26456856565399084,2.2531614593273814,0.2537546486969584,4.1700356343777,0.3988702378956824,4.79891168531509,0.30229261263770124,6.018510251327464,0.28679979820215423,7.228493855028206,0.20829375467681197,18.414049374957475,1.9684169722714422,1.3242655611895986,0.024914304366706237,1.3817749743141998,0.026079298698211257,1.6886884811030518,0.06687992378536863,1.8313445037148364,0.05792927041236671,1.9207457838863888,0.06382956505593952,2.141745422747948,0.07352375827825466,2.184579746298901,0.0684675178831503,2.251117030258064,0.08202590611166063,2.262391620727087,0.07497372910985727,2.444787799975766,0.09773843877161238,13.29252235010156,pdb_mean,0.31370133875707473,1.5395826597883935,0.01992000993601893,-0.22955362494579307,0.02165242091086662,weighted
1EMV,1EMV_A.pdb,1EMV_B.pdb,492.5383628359996,0.50174571114928,0.02975200673270902,0.8259009906880344,0.08504004247438787,1.9819578398687505,0.1747179574525523,2.9882291594021746,0.27498935940660374,2.4030782838070266,0.2596090156932983,4.378651846930659,0.39404153056730656,4.862597175106993,0.3094797477527503,5.971822968887152,0.25782301302085076,7.268246215654716,0.20977454561044748,15.682731765668773,1.6730518850826628,1.3248981094867989,0.023808282088061832,1.3780204562614438,0.025393044319992304,1.8064612444603183,0.06409313869821752,1.8730075593106028,0.05969707987483817,1.9353179654431265,0.06436664466421572,2.1416949065802733,0.07259962711193599,2.1764822161234485,0.06585138707974078,2.260443657062923,0.06784654838033502,2.268201450745151,0.0727610147197182,2.471581806902819,0.10049615522422325,13.29252235010156,pdb_mean,0.31370133875707473,1.5973454805933975,0.01750827957855038,-0.3632244688888889,0.018468901875067223,normal
1ERN,1ERN_A.pdb,1ERN_B.pdb,568.4310218429964,1.1171830067383222,0.18964032030724334,1.2980409273309754,0.1947995144441803,0.967097863194002,0.0765055451857235,2.3044862472260035,0.22329854523758003,3.308539245513583,0.26434372373610304,5.561018409268351,0.3318078007629314,6.114563742279372,0.3474122671634581,5.911044394969756,0.3457606433637254,4.758171341716635,0.16725157394452575,10.320092942738832,1.0590617688154391,1.3590274801268987,0.08463572510317328,1.4513443557800774,0.046125971116164434,1.7612610454561386,0.04355453442975616,1.98959844523482,0.0365956045502192,2.15465411336163,0.06209966063644956,1.8856994390427113,0.055197061744185844,1.9351374615990842,0.05796522710573214,2.1216119126520736,0.06667990200766626,2.446410718301092,0.04422945564517638,2.325106403476986,0.07665198536652763,20.593411130953672,pdb_mean,0.10999835319684682,1.5213168490472329,0.014314376964845886,-0.19429415787075427,0.020772276063912694,weighted
1ERN,1ERN_A.pdb,1ERN_B.pdb,568.4310218429964,1.592372370790018,0.21631459093169197,1.7145960355872054,0.2265538015515542,0.9973504494838665,0.07869630803363356,2.347179878885396,0.2208285128383089,3.062848937044238,0.24242361389561845,5.241774048226531,0.3214298265678889,5.671523698612862,0.3202031767562191,4.951028824793628,0.2689503774226466,4.5493441197931945,0.16047512125702032,9.752291854834388,0.8024251837971114,1.4747042286274632,0.09143276601086095,1.4830723785886155,0.047459386243155675,1.7442734477300197,0.042613727194293946,1.9921106707501932,0.037293156422793614,2.189892930215601,0.06083444298775237,1.9378005881289633,0.05258652940973614,1.9117384359266163,0.05236338077765381,2.19525227534023,0.05926921258339561,2.4940748635889474,0.0382129942450088,2.2663053404765017,0.07165907859700264,20.593411130953672,pdb_mean,0.10999835319684682,1.513621945012807,0.012212048171889766,-0.26117927057613166,0.018419855783020616,normal
1ES0,1ES0_A.pdb,1ES0_B.pdb,549.7015941360005,5.272430916315962,0.3916309636547227,5.006919201777173,0.46860506740344077,4.855693974637638,0.5790139321172623,5.105214687358616,0.4859146837687077,5.2714176669055925,0.5646532966622507,5.828865309179023,0.5061750381782201,5.114367612134762,0.4617398426867476,4.633382052534697,0.1630543364003616,4.279394034451699,0.24598194048261868,4.937976374703042,0.08014820997111169,2.1487135677067233,0.07729025492910076,2.5425381929505697,0.12365481956737308,2.1741375664839064,0.12573987249895968,2.233312949623819,0.10045597161375486,2.45447478435962,0.07715953786571024,2.4841473747383294,0.08752888850314577,2.5377131004472933,0.14117948771107566,2.4151256176547515,0.09748108864564957,1.8528073968290473,0.08951916268752179,1.4481721161660623,0.053844218920829676,21.58132509332541,pdb_mean,0.3668053811471071,1.5602070464672253,0.017814851379261327,-0.14121378654661718,0.02273520220221916,weighted
1ES0,1ES0_A.pdb,1ES0_B.pdb,549.7015941360005,4.86146785540346,0.3194632841311621,4.823995796263436,0.394335479612396,5.44238415750819,0.5434855113352628,5.67632331698641,0.4681388730440073,5.699633884908921,0.5756477671267042,5.813213211709475,0.45377074847746857,5.635206722532705,0.3870749312044,4.4474459949612095,0.1691120733494821,3.8141469664523737,0.21129120047221903,4.97430879873499,0.08018429748969398,2.2093360901290366,0.06564076966738981,2.6696877697864836,0.10673601508355575,2.2907006491777024,0.11707587275255146,2.223434570946668,0.08561656715832247,2.407573800317533,0.07213384482639765,2.5797194743190572,0.07672702088122571,2.4066334916248873,0.07556655802342346,2.3206469885285737,0.08228074017848838,2.070155872130459,0.07685405334039598,1.4747460346276982,0.05048034665865912,21.58132509332541,pdb_mean,0.3668053811471071,1.5763558947510146,0.013718361590965381,-0.19501155499999998,0.01759216007691155,normal
1ESM,1ESM_C.pdb,1ESM_D.pdb,546.7791539649988,8.850093627192264,0.21584374778416537,7.295546396077548,0.32376233359121065,5.70056312158641,0.3730792551797278,4.052210783605089,0.309751777241669,4.149084458323274,0.3117444167185873,4.912476001062403,0.42617517475215755,5.562256000599801,0.5203480119970829,5.960067382465385,0.4465935071593073,7.426701084260239,0.6301999665564268,18.942212457318927,2.316923183447282,2.420453968673071,0.10011207876240513,2.0650802702943887,0.062291751274856415,1.9606538651535736,0.07971416945220604,2.0156456212660054,0.0684542017384721,2.0566493723135166,0.06324772852605741,2.482205760081511,0.0941763471200491,2.2761758330360204,0.0884523594586495,2.4840274735564316,0.08467377471544338,2.705483176296685,0.07696255339196832,2.707654257892554,0.08707268072253266,19.87758294798127,pdb_mean,0.29301112584047584,1.5114082966794498,0.017078529458984974,-0.16545660880098606,0.021407449334552502,weighted
1ESM,1ESM_C.pdb,1ESM_D.pdb,546.7791539649988,8.656173876714485,0.18946905373133807,7.24819175550916,0.302263553394713,5.611996809022688,0.29612445676460625,3.968550114918716,0.31115664744023847,4.2855605688505936,0.3227691048686456,4.836658198305551,0.4069462862920683,6.297487261346865,0.5372016415354889,5.807991258143628,0.43695388593952167,6.868137423993675,0.5684386295876186,10.711847931492034,1.348585333242306,2.5010095849691862,0.06664497549669417,2.156279541140594,0.05679550466478352,2.0228334776468073,0.058980000444085946,2.044663873305091,0.06559042618816512,2.117878865489765,0.06015937540711833,2.437487347080071,0.08491985280369517,2.4360020149033774,0.09405648721099709,2.4695533851382203,0.084206203790706,2.6934388859663385,0.07694145898797959,2.891045397674281,0.07472205358088954,19.87758294798127,pdb_mean,0.29301112584047584,1.5660681225352415,0.015662411164991237,-0.2106029732620321,0.018768404996074187,normal
1ETE,1ETE_C.pdb,1ETE_D.pdb,505.6751106159936,1.4800096617044167,0.1427485853642911,1.5878335870811797,0.20296814047835263,1.3113986239532207,0.22169882010631486,1.0177200122303742,0.11150497277266394,1.718814449921629,0.2641217659679919,3.377153245136984,0.30976320753513653,4.225973858629249,0.24665021600452822,5.3636962416344325,0.2414145641985361,13.432527699475326,0.9359611569113965,29.757898272726614,0.37085226078265904,1.453347603834089,0.06738427678060342,1.7332131336789232,0.10792516042518825,1.8785862736312438,0.09413002279287784,2.213956711021731,0.06532354707829348,2.227393836219579,0.07480343238154617,2.421188872975503,0.07546085257706563,2.674640864566031,0.07726715482139179,2.946579420736686,0.05906601967885453,3.322778888860697,0.05822537797030537,2.8284942038353496,0.09296563154738309,14.54264790458102,pdb_mean,0.17550137204342672,1.6032559485634752,0.0188753881839262,-0.2056629260982143,0.024058519632693627,weighted
1ETE,1ETE_C.pdb,1ETE_D.pdb,505.6751106159936,1.4967827935912743,0.1293884642930832,2.296630692665333,0.20983467979223697,1.7664827573608195,0.2604371035946236,1.2414688061666037,0.12436570637589953,2.165993161632853,0.29022485037527485,3.5837702909010924,0.32133419498901666,4.221988418245711,0.24656652074749735,5.408710538211603,0.23713392188268237,15.67247751476411,0.9253225107393328,30.05168377351618,0.3623150909162031,1.420225523031855,0.061768026441940044,2.101499520255111,0.11304882240041696,2.047800412957994,0.10473025847007837,2.178821637415717,0.061296908263766346,2.3580054210401564,0.07718754157595561,2.4800270267377083,0.07727516829565532,2.6579923023210115,0.07520993596954087,2.916723121528903,0.05820020985950162,3.378124458676366,0.04393322889654245,2.778050308859585,0.09648660213891905,14.54264790458102,pdb_mean,0.17550137204342672,1.6580099536059822,0.018785852247508086,-0.31528766405375136,0.02049307258000851,normal
1EV7,1EV7_A.pdb,1EV7_B.pdb,497.5082006330049,3.0508864868520984,0.30294002708193296,2.326899694013355,0.2289898166627924,3.0473636656569325,0.24888594883175524,3.073599582997739,0.26497862808769884,3.766593316392208,0.3241426835728971,5.725928885962935,0.3269936102574283,5.9929898710440845,0.2033097925063208,5.7406744572036645,0.1604486899528974,10.227184872437352,0.03100137075398823,5.035831061910411,0.03778775459929987,1.9749092423602985,0.047014043548759446,1.756947029971474,0.041215090692906485,1.7548037503855132,0.047496789410213805,2.120979867922738,0.07032756391256813,2.6138050018966426,0.10236974710513627,3.053603609093421,0.12311484906489874,2.4147476228553617,0.07953084001514522,1.1791350987475517,0.020300845186795587,0.9578067264853982,0.0010099311961837554,1.1367926334102691,0.11270365074054536,23.314936551497777,pdb_mean,0.057730712778295,1.4193211285512093,0.022713371292750324,-0.20635867191605967,0.023912180337114536,weighted
1EV7,1EV7_A.pdb,1EV7_B.pdb,497.5082006330049,3.5319638472515944,0.2914221461899848,2.3680139408946688,0.22685254356632215,2.79399271355999,0.23874428474990622,3.305157670427543,0.26903067009292114,3.9540370432942926,0.33246036507533566,5.657638208594927,0.31942967691086854,5.760410051727689,0.21042281451455852,5.5502983451194075,0.14276081961737855,10.227184872437352,0.03100137075398823,5.02259294313061,0.04046842496942645,2.0318235143988477,0.04353730592003059,1.7550533431883568,0.040420584254414194,1.7284680642052115,0.04617442236245546,2.1331934591968658,0.07044423618401677,2.5683559848712343,0.09816140578896229,2.9857034511626726,0.11596840810513868,2.688189658724159,0.07684656648785007,1.1708043819889138,0.017613977340767167,0.9578067264853982,0.0010099311961837554,1.175859411349682,0.11829082440349359,23.314936551497777,pdb_mean,0.057730712778295,1.4052084867903403,0.02058075613453867,-0.23494786977886975,0.02093756532579005,normal
1EWJ,1EWJ_C.pdb,1EWJ_D.pdb,540.5491440100013,2.105021459160782,0.31954377038680587,2.1175894991801547,0.340512005943708,1.786591904962569,0.22364122155707408,2.9363599783016596,0.5181159277277467,4.193090418445181,0.5330788618841946,4.601687466485491,0.3147406410631718,4.325360171879586,0.23602714951095305,4.445596815904104,0.2527129215427997,5.103426790822858,0.14780123390631686,34.859274597042614,1.4468860254284694,2.015254539512039,0.11543934544570177,1.8695543908375882,0.08986632928602395,1.658316323977858,0.04280842883045204,1.9406638215956606,0.066670904705376,2.1577854203803932,0.07297758178118405,2.2286025524953077,0.08746613485894399,2.669166844072714,0.11102014116640382,2.6446909266791363,0.09686443554969203,2.3769645921910825,0.04279144250996507,1.699923617409693,0.08910422452606376,13.976999317275572,pdb_mean,0.22520609306982617,1.462303478866526,0.014711598997861395,-0.15935315113475407,0.021243179320073927,weighted
1EWJ,1EWJ_C.pdb,1EWJ_D.pdb,540.5491440100013,2.9107404301367708,0.2855383230372083,3.2768456114324915,0.3829647918626729,2.1029064539617357,0.24716475092508522,4.520630976305306,0.554518681417588,5.695453473545567,0.573224201917026,4.816590957791936,0.3373490945131737,4.228938532758597,0.23892506276586478,4.017368303757314,0.21981702220752294,5.124171747721215,0.1330757033677649,35.28588582925621,1.2191645199024235,2.2891899905730564,0.1047818610432261,2.1812108023094208,0.09796878057284668,1.6975332032842443,0.03979750095139952,2.091252645181075,0.05972359392796334,2.2908028353171646,0.0758796194397479,2.336205435839011,0.09288326006787458,2.7735987298053804,0.10834028831043012,2.559667953537951,0.08253166386511127,2.4051420398031436,0.039171387950567675,1.4779447668501866,0.06279271643162634,13.976999317275572,pdb_mean,0.22520609306982617,1.5092838035883123,0.014134225091458619,-0.22914899999999996,0.018297321729199366,normal
1EWY,1EWY_A.pdb,1EWY_C.pdb,536.3410903039985,4.245186347040201,0.27870247911950835,3.790704288172558,0.27783095634333826,4.033066395562938,0.2825270069749331,3.928921380924544,0.2388741773796884,3.882112899763218,0.26248494443910214,4.320444968239072,0.2705842525158879,6.569011888898526,0.29959104535545433,9.857197045385803,0.5110892783120602,24.74014867995054,1.4033308257452681,26.94508147055696,1.9053585227043612,2.096752979009831,0.04909974010173318,2.135910058480354,0.062426414764578955,2.0318092079250336,0.04536436398774503,2.004908925594595,0.04948634076330299,2.2633387535267326,0.06489632130837716,2.4601532617937982,0.07535847837574448,2.4419821151629453,0.08863895018501519,2.484930548438061,0.08757644478929387,1.7857497502716742,0.06347547794303968,1.9776310841616755,0.06248658848021161,15.945303471148483,pdb_mean,0.2222121856880385,1.38680813033224,0.01752271382590916,-0.2622239128542744,0.020152911111667032,weighted
1EWY,1EWY_A.pdb,1EWY_C.pdb,536.3410903039985,4.155529261414056,0.2499902219811351,3.7597232581793896,0.27451011907357326,4.544571203058208,0.2876635029204529,4.08613043434252,0.2396620645560553,3.696767561332247,0.26109305468909966,4.317131941229529,0.2715854506229266,6.596841966045347,0.2824353691156699,10.17623841185537,0.5194255843988377,24.622304434331955,1.3689347449347853,18.801005360951784,1.6859641718800717,2.0352083384347863,0.04775540845329286,2.1426368323395466,0.06125829293417664,2.0613619214198,0.044450373758483167,1.9908337999147168,0.04890428001096204,2.2994969230685554,0.06194851471554569,2.4413341026648543,0.07275376049396745,2.4400969348392034,0.0841590032227616,2.5198048403279163,0.08601517219065803,1.8497343152007215,0.0598204426769167,2.038912009120963,0.04544691046412401,15.945303471148483,pdb_mean,0.2222121856880385,1.3742789919370024,0.015079036597536507,-0.26957481899999997,0.016322156259995307,normal
1EZ1,1EZ1_A.pdb,1EZ1_B.pdb,578.7406107439965,0.9928297247458874,0.14235080154261345,2.8029299006725212,0.2504190112979949,3.2537946972164407,0.29986970166335075,2.552293865696453,0.23223844919184836,2.1363651875638565,0.1857874941572413,2.429633963229818,0.22370407146322852,3.076310794317785,0.27981728783855736,4.529334583573336,0.32739408365663647,4.59799947384019,0.3759953847018816,14.493269439379818,1.0085514960103918,1.9308005696562607,0.09743420184073066,1.9778030132609463,0.09232544846760243,1.88259091482878,0.06999501095174795,1.6948888720201565,0.04941838642171556,1.5973783241853117,0.04604009544068752,1.8132277602409383,0.0648181230943469,2.110297154252764,0.06859052645972598,2.4149461177188334,0.06664444685150275,2.7100913805842968,0.09155852600288228,3.208031898665282,0.07561898573090015,20.727696929480196,pdb_mean,0.11154632837219863,1.4979576877211007,0.01569636760819547,-0.20810786430376518,0.022788412957486185,weighted
1EZ1,1EZ1_A.pdb,1EZ1_B.pdb,578.7406107439965,1.3383683284122225,0.1472841244266056,3.253035967401938,0.2250357721235579,3.492251950483178,0.2813468445044129,2.6931895700330895,0.23368472112554795,2.1929402726734337,0.1890707892252323,2.352029013171009,0.2090643270393644,3.130546184858432,0.27708660543920455,4.385453461529365,0.3138377324199658,4.055692622922163,0.28881161117804816,13.32736623260771,0.7102733869870799,2.248456981026506,0.08220852167330867,2.1572721026269037,0.08202817893672179,1.987175352916358,0.07017550556571064,1.7202370620918666,0.049640739370720686,1.5981816246262432,0.045890566048307734,1.8022156208689069,0.06432069405954344,2.08375826660411,0.06705928926541152,2.4297544347762563,0.0650548655750987,2.867878992644026,0.06284339709730864,3.1273765907124846,0.06681522164826095,20.727696929480196,pdb_mean,0.11154632837219863,1.502458523245353,0.014205460191297968,-0.27967137200000003,0.019152642459682477,normal
1EZI,1EZI_A.pdb,1EZI_B.pdb,555.3709837920032,6.464503050422737,0.5083192031936205,5.637315381353025,0.47302729006383787,5.783564992183179,0.5328192942134335,4.773713336247431,0.42565914088381174,5.417391156625004,0.4956835553009479,4.043829710347444,0.40031477061225007,4.3290430649618665,0.34607102962131325,5.593962304910134,0.4008206267372931,10.94065210499054,1.2510600671670984,26.51347302000388,1.541672431466467,1.8097707630921542,0.06190985785632714,1.9451952194509046,0.08106512839884164,2.0443734060698016,0.08940770489749716,1.7412576203643089,0.06478301798053081,1.8889390828814634,0.0689890682954864,2.1580203070179174,0.06951217745022883,2.453977200395432,0.07019931442864397,2.596626563100609,0.08955403433258333,2.4426240342549317,0.16873391754089087,2.1219899814654317,0.07504892459960623,18.947288219987584,pdb_mean,0.4205115083411941,1.5545510935958586,0.016728063394787447,-0.23500659357259143,0.020620986780278336,weighted
1EZI,1EZI_A.pdb,1EZI_B.pdb,555.3709837920032,6.051365496992288,0.4263388839382234,5.877677131446267,0.4570646950259091,5.7263525984090675,0.5096514973731403,5.4245961135815435,0.4262583000112078,5.261100396909517,0.46599256338235906,4.030377839374876,0.390876905781723,4.434858934941217,0.34929302215327773,5.747269372007123,0.34416847641447806,14.378012542837292,0.900390069106491,24.447100422930465,1.4930404005884856,1.804450535221517,0.050460778306154384,1.9665457200875425,0.07766438484290032,2.141094190570044,0.08964748778475877,1.7751327038249491,0.0573769452467038,1.895212167625584,0.06672025100642225,2.152601753575258,0.0688796850779012,2.40535673146522,0.06666571716722107,2.4470127648465545,0.07004836021552635,2.1712255285165543,0.07207602318207254,2.266980032865082,0.06815689986537007,18.947288219987584,pdb_mean,0.4205115083411941,1.5140488844119118,0.014321047644841371,-0.27492023099999996,0.017610190797676673,normal
1F06,1F06_A.pdb,1F06_B.pdb,577.2291229230032,15.430655507286637,1.2790228487980555,10.861969477520118,0.8708357556982967,7.105878622785952,0.8252185459676881,4.742568248268,0.7339702726888087,4.289241684429678,0.6684071040617411,4.933812993228448,0.6018723093769263,5.487758693710435,0.4616644133576196,7.108343656726965,1.142571828980675,6.454050315943026,0.4954748330676643,5.870058695820448,0.31938722216381626,2.4327731018567733,0.09582782109295145,2.164818626385571,0.09716651163725065,2.1157360102103304,0.12361253063177537,1.5703931623135905,0.07299128219049456,1.682681187315325,0.06287572189223098,1.679392335978217,0.047462736619545476,1.9391593407673695,0.05337014948433004,2.584851222568034,0.12080779191988146,2.664565015651831,0.12186151545284821,2.6144108395486496,0.06659474460224354,21.25532997496343,pdb_mean,0.6777275727711747,1.5295326989833966,0.01682168670082992,-0.18352210962006585,0.022409029498160534,weighted
1F06,1F06_A.pdb,1F06_B.pdb,577.2291229230032,15.871889359693608,1.1935763864704458,11.25124682662718,0.8479598796750368,8.503090142261609,0.7286054238491217,6.658674685648686,0.6722827316837878,5.89544598220706,0.7531677643267776,6.581838038572191,0.7233103090456814,5.492314463447399,0.4551671240924712,4.911160373523699,0.4155932995873789,6.11864999305575,0.39919435081424803,5.694683726896692,0.2865729268972992,2.3973126236324687,0.08276347387755272,2.2865651863488186,0.0860384255994167,2.253957841293142,0.09123357674671116,1.7535387900881514,0.06267142217289454,1.7633731840562763,0.059659980480472274,1.711016096273187,0.04637277922319342,1.9304247100070717,0.05427843231158078,2.5172119034835294,0.07661731984019328,2.697313803975118,0.08951868431511811,2.7484555222715334,0.06328603826627373,21.25532997496343,pdb_mean,0.6777275727711747,1.5644178286047634,0.014747071901757622,-0.14708091,0.019239875282471584,normal
1F15,1F15_A.pdb,1F15_B.pdb,544.1157554349993,6.85862642595564,0.2008769864621197,4.222088833211178,0.27120177527210737,4.430216518906279,0.2607620923306448,4.311632855670024,0.22330290629452093,3.257523431569327,0.24690488371265132,3.283722336884563,0.30058173917854897,3.364881731377306,0.31319488376268834,4.339531022590968,0.32652758476564286,23.6496271646926,2.954173049272389,51.30744523780456,0.24288882436638817,1.7991624263477097,0.04045504719993297,2.641169431216427,0.08048927208788945,2.2029467836648733,0.06880892325518469,2.114145893061556,0.054443396241488036,2.208322748482993,0.08678066830554328,2.773466096164304,0.09296765189413113,3.049179598037665,0.09268588157722567,3.218562944829608,0.09310568652166328,2.673927122073642,0.1429245698532492,1.9243184251273984,0.11979209704763669,17.929737965261815,pdb_mean,0.20940584439916293,1.6152216834570359,0.01948381395319385,-0.038011310550966196,0.021960832605314614,weighted
1F15,1F15_A.pdb,1F15_B.pdb,544.1157554349993,6.795276622831763,0.17050212058268852,4.212674640472408,0.25468089488098716,4.395408347244541,0.2612686813382197,4.1524776734385735,0.20568495968924286,3.5257174165814757,0.25910933592554763,3.5782456789964625,0.3188201918871847,3.607366843994039,0.29915395132685363,4.237747587783967,0.2934027939837767,24.080153044993025,1.9449955212737322,51.64970069598815,0.19786197963108096,1.7823883557584812,0.036263129934899566,2.6596166749786065,0.07728259278109664,2.3111265018531317,0.06752334089683754,2.134983602738394,0.05493438778263112,2.4114216780248316,0.07880643051318478,2.7923026259137615,0.09061613033042361,2.980476714245311,0.08605752036444317,3.257540458152139,0.08568906663935509,2.6986319212379963,0.10858125997535742,1.877210962791434,0.10914592473291346,17.929737965261815,pdb_mean,0.20940584439916293,1.635537410807007,0.016878673536174855,-0.05456328340517243,0.019491761691105457,normal
1F23,1F23_B.pdb,1F23_C.pdb,545.3535277359988,2.398008141847818,0.2556459254883191,3.7579412993090897,0.35151056922923535,3.170782605100012,0.25989971056001754,3.2100395584099743,0.24934456296969285,3.0199819996906876,0.2728276421404023,3.8311969092625477,0.32240760547183067,4.939392306019148,0.4057466537183689,4.435502793226006,0.2991036788486232,5.748685595319002,0.2953079126604315,5.908270532616609,0.19136122656500815,2.1280184444704258,0.10627067996552594,2.3939990421903397,0.11723511786284879,2.293428907617601,0.09445838145199685,1.9865305781230116,0.05704416368461251,1.7088875789141162,0.05538658859929833,2.148866187296625,0.07274980191060358,2.212635341864179,0.07814134507919429,2.525917989806889,0.07832637022182265,2.9433482914738085,0.10864416714582971,2.7077668715701657,0.0771219653126164,16.868732272357597,pdb_mean,0.25732545966708203,1.8195955414105969,0.012659834844252444,-0.15478805221656614,0.022005018313109023,weighted
1F23,1F23_B.pdb,1F23_C.pdb,545.3535277359988,2.4278871116784075,0.23157276978635477,4.134081148152402,0.3517466977796638,3.1400073396646615,0.25443574721951323,3.211070073949186,0.24506596617987664,2.8314840562895545,0.25515349428577877,3.7718262049478426,0.31207569399831975,4.628336825797349,0.3169210698499386,4.44965177230622,0.29564026179815567,5.770399375765738,0.290458155406324,5.845963004610144,0.15400573381459864,2.1535212535997665,0.09799577803813572,2.4144851014405417,0.11159006170039217,2.318893781870762,0.0924739266075206,2.018657025166242,0.056071498094423855,1.711761756334061,0.050585575288330485,2.175490763955295,0.07543387271928345,2.3040851957671395,0.056985658613666376,2.5356321292582917,0.07849847015042193,3.0063743978651423,0.10070177914763215,2.8741627260093505,0.05836690727507192,16.868732272357597,pdb_mean,0.25732545966708203,1.866007465564281,0.01046409069998607,-0.14345622600000002,0.01987853124663959,normal
1F28,1F28_A.pdb,1F28_B.pdb,586.3025641070053,0.9383860027919215,0.06434181720688768,1.032230364019881,0.08660765198998102,0.8229523350470347,0.08900562921107559,1.7740823181428718,0.20060831369773274,3.258810126010466,0.35175210679542335,4.04631526928097,0.33416646276220696,5.224147564810404,0.37258463201536823,6.45535387983309,0.35097727669758016,5.596369865267079,0.46496399816333306,6.377132226748868,0.23974872470550468,1.3465423362164617,0.029314513245038074,1.2292932393432963,0.024831140927470456,1.3916758670518483,0.036528452211861746,1.6704135405559388,0.05861941470170385,1.8511109190694726,0.055926698832807965,2.109401140107935,0.07961114376216719,2.299714471003333,0.07873430707430944,2.185393823027163,0.07237473891187357,2.018972191544027,0.1066725619047859,2.7052230120050376,0.07728905807029267,18.995133125853105,pdb_mean,0.14040276161423368,1.522416316963813,0.01765356931157279,-0.31681230846051667,0.021715566422782343,weighted
1F28,1F28_A.pdb,1F28_B.pdb,586.3025641070053,1.0610225798982849,0.06266427823833283,1.0212905148437825,0.07810631218365464,0.8816720958586234,0.09243479522083556,1.8063989881273539,0.20095172156748015,3.676979417785268,0.35867017897322034,4.202924781650893,0.34679907931245674,5.185707445357044,0.3310692380995909,6.080652370098553,0.3495764820582628,4.429841315283,0.2879015884998292,6.085556151343186,0.1960974028449036,1.3780856367950987,0.02950098089247826,1.2629878581884884,0.02455043311018227,1.4267395711268187,0.039045190548094424,1.7076142631209366,0.05939681304317361,1.9172219412688398,0.05436431392947492,2.2289878762486914,0.07652740598417569,2.3651289906831634,0.06965064560850961,2.2567729779132133,0.07063376622792475,2.2898631915295207,0.06967278236580386,2.870900492897381,0.06733144614623723,18.995133125853105,pdb_mean,0.14040276161423368,1.5222798887476525,0.013700468447552041,-0.372967768,0.01787257521063862,normal
1F2U,1F2U_C.pdb,1F2U_D.pdb,511.85873359299876,2.444307460385872,0.274540945953777,4.131300651683402,0.47393186740965954,4.157492723576585,0.4735528704670868,5.606684287923973,0.4651197707474258,4.923730201201415,0.4370757962227102,4.731805123259158,0.40079182587082607,5.25104938343941,0.3573631541456573,6.102665925428714,0.45540117113311757,5.108977552125912,0.4586453875846291,6.042721771499074,0.16173057427678036,1.9515415920860955,0.07564969042709836,2.5066806188711026,0.11411791186361729,2.231197421345374,0.11112429412655808,2.188809271305723,0.07325805054509764,2.2129114546641335,0.08153561751841065,2.1438808369293136,0.0756824995151454,2.571037695485651,0.11171171630056925,2.4570112209837913,0.11631023680412945,2.642209882044489,0.14556428930767698,4.239980261396462,0.08038025606307724,16.238200681084496,pdb_mean,0.33554617328289665,1.5086119598782817,0.018939607983411072,-0.10421501151101084,0.02442199713891613,weighted
1F2U,1F2U_C.pdb,1F2U_D.pdb,511.85873359299876,2.683012960736481,0.23476728865716137,4.545774802140995,0.4336917926271158,4.386393186934743,0.4635940258503838,6.056467020262528,0.4533497073967186,4.986899532125332,0.42884001804360317,4.663727138805411,0.380946748509153,5.171147772223195,0.34341669093748994,5.974359597199482,0.4143685375150096,4.197254600130244,0.2671956556549223,6.102426965333324,0.15013327448060634,2.0186458781051884,0.07073771284341371,2.4483681328700113,0.0937073286071434,2.302436647619965,0.10653086981184731,2.2227675415876793,0.07166778662431078,2.315313242569624,0.08086725434317227,2.1513185484088773,0.07156187926601301,2.6945423722304396,0.11078890276287552,2.4308701773771513,0.08332619817004533,3.0165427598549828,0.08208442346101238,4.261433196056774,0.07324830935691085,16.238200681084496,pdb_mean,0.33554617328289665,1.5207216909739676,0.016515905497135615,-0.18100573022751898,0.02037595333063256,normal
1F34,1F34_A.pdb,1F34_B.pdb,578.3587662260034,4.069882755134519,0.3595477262814823,3.6890089406422493,0.5113344984233471,3.9309842082973314,0.42796832098272375,4.181788490395417,0.3168820809161447,4.915358752519572,0.3093445200220969,5.180748097757731,0.28836999670098784,6.218707830705069,0.42974760461840134,6.750794589356083,0.6719956170632522,5.711826613412923,0.25721564060572677,44.762696554036665,3.0353122105271453,1.9592576153031178,0.07663984205626898,1.8560114342793441,0.10222567777960691,1.9589665622786132,0.09591488703839528,2.006596464545858,0.05950658500752259,2.109826216413418,0.05946329048000343,2.494829385119341,0.08744100988823038,2.468835040365877,0.09224292183142949,1.8263820522085625,0.13425485916588228,2.1885705235338158,0.07900452677388455,1.9414674420694704,0.07966645081158819,18.902530264952755,pdb_mean,0.23591825590126492,1.4928957630562674,0.016655407523807203,-0.27926092722175416,0.01999819871093831,weighted
1F34,1F34_A.pdb,1F34_B.pdb,578.3587662260034,4.815988836948163,0.3303555917399389,4.945874356417016,0.5528492402361265,4.808122897769306,0.44557868547424323,4.291321878771368,0.3124984092529721,4.9491735292589265,0.30538149278266546,5.174818305085159,0.2941035882126416,6.452965459374521,0.41451644531375254,7.450484417582472,0.4524211139827378,5.622667050857732,0.2161999977854124,54.575326271029944,1.022990882097606,2.062044596078362,0.07050439925313819,2.11010201030155,0.09785165812644728,2.2230454873976613,0.09639211690770005,2.0781074794732413,0.060898714422304726,2.092102249305559,0.05753719998670215,2.5207019695398247,0.08562134124521037,2.3493067136138106,0.07499837866017413,2.0664984923997056,0.07041118994048254,2.253192727860027,0.07598748281733068,2.1068966771444178,0.054673943757544786,18.902530264952755,pdb_mean,0.23591825590126492,1.4351292705253436,0.014826225495624085,-0.31154307500000006,0.017178272982351677,normal
1F36,1F36_A.pdb,1F36_B.pdb,559.0032787700038,8.841094154762072,0.8298773967642731,10.070997387945164,0.7536757282672191,7.496996450442552,0.6194904681503106,5.9256134514008805,0.6806109561514527,6.004389781005928,0.511526782762611,5.9829433531318665,0.41447453408886903,4.561093031837426,0.3774936021413144,5.267105035583298,0.30687160531985064,6.6968162277384975,0.32827756143435466,14.305611582143516,1.7008646079079024,2.7897581786451755,0.10633795284322003,2.574404799827032,0.09053505162614722,2.1851369937466254,0.07908838147361177,2.255531631287145,0.1077362699525124,2.1485369065614894,0.1048138378686393,2.137291712353901,0.08717389835276722,2.4281907411604493,0.07992362156725949,2.5942483241246403,0.09344058903286116,2.072848612380578,0.11764721092080975,2.018282302925687,0.09841069011652803,16.82633733440252,pdb_mean,0.37951735287215094,1.585758800879016,0.014321869993017681,-0.08273494004589856,0.023584102840222197,weighted
1F36,1F36_A.pdb,1F36_B.pdb,559.0032787700038,7.413445172661111,0.6364133749836324,9.427032942842484,0.6730524293636784,8.01808294449972,0.5315196411616724,6.822655046962766,0.6626080268713004,6.81714041652688,0.49271587199799516,6.078668997569648,0.4242042528799905,4.473837080130052,0.361215849323586,5.067388684226613,0.2908390929875467,6.045824202841346,0.21508628919899092,20.1084526755566,1.577841793815884,2.908523231912065,0.09733363534720249,2.6128775595924543,0.08175750242399485,2.295015662202605,0.07273421256875862,2.3809580625448263,0.10293254117512844,2.3065813938626087,0.0980703563091362,2.183637450672288,0.08740439984011233,2.5012121859078644,0.07399436290428747,2.526597689836487,0.08918277408617996,2.0183595614492624,0.0884770812388488,2.140716169658291,0.07548207498333541,16.82633733440252,pdb_mean,0.37951735287215094,1.6273322969676807,0.012455527366487694,-0.078936014,0.019723679293571356,normal
1F37,1F37_A.pdb,1F37_B.pdb,552.0692958520012,0.37646777246858104,0.020549831322956687,0.573667145888568,0.03932620870640386,0.9854201190703699,0.08794682202309975,1.6727823849217571,0.19862977062260026,2.8080587737227094,0.26518795762937236,4.309522765296266,0.27242327160655283,4.713051756095269,0.2337668567396024,6.253429389124111,0.4505431304964906,5.3114431683450976,0.1699648223087628,6.099614594726015,0.6891556880638945,1.0166995706820399,0.023414678098332413,1.1088042919554388,0.025550880413078424,1.4199785242943996,0.050874581905937494,1.6025354856986394,0.043073814492152335,1.7661837377535559,0.04803152267674676,2.022243155742866,0.07061407450146794,2.0762932476981653,0.0721874557631717,1.982313063301033,0.08794498420300635,1.3467300050797377,0.026491072421925877,1.5405834131105653,0.060292167486550904,13.555793086810475,pdb_mean,0.056393937498391354,1.5418190137384233,0.014803407469353906,-0.3603100765928733,0.020661641788610872,weighted
1F37,1F37_A.pdb,1F37_B.pdb,552.0692958520012,0.3805275247981949,0.020722898297488905,0.5922207748064365,0.0393315348699861,1.0855564497044334,0.09827389341180193,1.8928951446674196,0.2105906667019332,2.8735599031879597,0.2620640671299885,4.286045916134011,0.2719392427833197,4.546249207520056,0.23020564901763158,5.1701833437504225,0.25791692014489337,5.0278512305529866,0.14126347235033151,5.728404268410366,0.5431642878005303,0.9725233700969285,0.021186417442347345,1.0952998875150939,0.024625030521972284,1.4591585175197672,0.05018944298307959,1.621136792874909,0.04307239381382806,1.7819178604726127,0.04853069546785895,2.0538294285414898,0.070425600803565,2.189662466201108,0.0705753286437814,2.1282846701946125,0.05943566349446573,1.3251253994224717,0.023847391782202753,1.5043249746312441,0.05555847199884659,13.555793086810475,pdb_mean,0.056393937498391354,1.4881225233896345,0.012411541073461587,-0.4623246883384933,0.016983200502245804,normal
1F3M,1F3M_B.pdb,1F3M_D.pdb,544.0596947879967,5.074594362532439,0.36534389746977447,6.016426760800863,0.5127871907349729,5.9034328899738115,0.5324243249621792,3.8613424639924765,0.3697587266259387,3.3565144552197523,0.27396281776186154,3.687504635864203,0.34139153650310256,3.9405897727492967,0.3216047806764834,4.412707514867946,0.33362062419452926,5.365910187053621,0.38067604054402915,43.85458292377619,0.5260050933745313,3.8503999010170453,0.0982368767435914,2.91399132423611,0.16615903107913313,2.4361951250099625,0.10889713767275774,2.1214382350153387,0.07677198437952201,1.842232343972253,0.04112231139992511,2.0745048741047403,0.06997821217324436,2.270287717465573,0.07135483787753855,2.545889603919103,0.07268130236134512,2.3315605407480122,0.078788072693718,1.8033095363529072,0.11029980526800903,18.29444049332754,pdb_mean,0.21244609498098144,1.6374330845598561,0.017527064445123954,-0.1700572972659543,0.022707080325196978,weighted
1F3M,1F3M_B.pdb,1F3M_D.pdb,544.0596947879967,4.987264542032695,0.30759542295039843,5.863415095496022,0.40563055213749316,6.57609322108216,0.4996968084550616,3.7578201494942167,0.35916656294810095,3.319385721193294,0.2606305602354939,3.53280477559265,0.33256513492118966,3.5172609171312432,0.2905948521379928,4.531829667566019,0.2973176532108253,4.513182157101423,0.31700271860704266,44.30261432872337,0.36007978034394045,3.833182803411312,0.08467026581135145,2.8885361756320487,0.1313379015329307,2.2096957915897013,0.09186475583770051,2.107781274839832,0.07498466721488353,1.8522071883463531,0.03924734633160407,2.061716770056893,0.06756547998651388,2.2398860992086456,0.06943930949047425,2.4560167354579883,0.06281217462955005,2.417907523721941,0.0684184580635531,1.8240994166314133,0.08729255247204179,18.29444049332754,pdb_mean,0.21244609498098144,1.6136091529205945,0.014374247481077657,-0.15160333785192912,0.020049669593040144,normal
1F3U,1F3U_G.pdb,1F3U_H.pdb,536.6034308800008,6.581594722073905,0.5751466352898366,6.440935571365847,0.5747521210496844,7.144041935050157,0.7320680660598442,7.091046786578868,0.7083389594573979,7.0311466766822335,0.8037087377662955,4.591682606603325,0.4055505931101677,4.892375667528618,0.46077113790766344,5.701672504647064,0.33234951321736833,6.256992547541728,0.28047106746535316,58.908476364936085,0.07951194046272698,1.7915926572017142,0.06522249959384163,1.9030181404956432,0.05890333919813921,2.2991380365376046,0.09515051220549883,2.081566663037654,0.08195084468810948,2.363560355898366,0.09254629193962564,2.8410278033856122,0.12100703272397886,2.7503201717565315,0.10786523001772046,2.5648687937862507,0.11172138664258909,2.271967367846899,0.08930822552732444,3.1978172605875437,0.2505026144667901,20.86155633131138,pdb_mean,0.526723404375271,1.5954567470558092,0.01663040881216061,-0.12399860148772823,0.024124156588907573,weighted
1F3U,1F3U_G.pdb,1F3U_H.pdb,536.6034308800008,6.4444561072448785,0.4703687703484717,7.001313282542233,0.5623917325183819,7.540490158971964,0.7135976441255146,7.979604648904668,0.7427013081332349,7.937226271424759,0.7963391848549212,4.679361467925741,0.39687282053793504,4.394506446448064,0.29570121919190634,5.695095911008766,0.29850391981608554,6.616501502046101,0.26395090286921075,58.884016148018844,0.08157778209991885,1.7323551672358126,0.04682098014666415,1.9105429694212446,0.056212144796547826,2.2586663428939433,0.08797620209101806,2.1451883498266526,0.08091347309357035,2.481168999961139,0.08597133100797053,2.806966696130097,0.1140354681194965,2.6881999156998586,0.09021374921565864,2.541513397834969,0.09052303140259317,2.1137737630694082,0.08503915179023261,3.0697994132017445,0.2571007438743676,20.86155633131138,pdb_mean,0.526723404375271,1.5755660729424925,0.013264771321223586,-0.1571295274122807,0.020089328309007077,normal
1F3T,1F3T_A.pdb,1F3T_B.pdb,581.8671646279981,3.869710035865818,0.32897595590978324,2.7196895325531987,0.2622611693695911,5.511187538704505,0.35755575688033253,4.880857541897106,0.3721150237845736,4.8431602414518125,0.3302605383375472,3.9885060937963632,0.35341179287077745,3.479191750254307,0.2580687174326374,4.521336066377851,0.31171031108782143,6.276219611778236,0.2530419661479564,49.87585495642802,3.784423478177226,2.227816050396605,0.06290275092654868,2.1463006229257107,0.07068269320135093,1.9286004262716252,0.06642108645562836,2.4995228870981085,0.10268862160277165,2.1170390389478118,0.0640204779543891,2.100291109422287,0.07437285465170711,1.9648663159878064,0.06919073375911887,1.7889076504066619,0.05036458202142434,1.885969317698829,0.08101033070146982,2.1402336267568445,0.14831515835135842,23.29040738442543,pdb_mean,0.23831958269503578,1.4963372654863112,0.018273772244532995,-0.25310940149368955,0.019984766775465936,weighted
1F3T,1F3T_A.pdb,1F3T_B.pdb,581.8671646279981,4.238927982320772,0.33067322422471884,2.8489076470581716,0.2605427642545243,5.63589405373855,0.3540453726705646,4.730181348540732,0.3698508210037464,4.943412021037331,0.3192995942868603,3.741534005636552,0.3285478287931606,3.3284656634074437,0.2568590179971123,3.845534725199814,0.26035349410319286,6.194981477829235,0.22384358827910092,60.46034663501383,1.4146784712113187,2.2518155133714783,0.060466786644332804,2.149949147946064,0.06851237858666007,1.9163344830732942,0.06353264991892887,2.4997561827466233,0.09818347575583376,2.088561040415751,0.05770633684716163,2.0777685422135566,0.07139168969477201,1.9862378542374268,0.07043613453737095,1.8128162385506814,0.04274236254615603,1.8948270643150156,0.07562476872182486,2.119436440245267,0.09847138836822489,23.29040738442543,pdb_mean,0.23831958269503578,1.5146681480510407,0.015901309821557044,-0.31014853800000003,0.01704079679563672,normal
1F45,1F45_A.pdb,1F45_B.pdb,567.860458711999,2.2760127936286114,0.18801364765763431,2.660819907647028,0.23700706100572835,3.1355577531773546,0.44038389145287166,2.9162341835298595,0.32848479145491755,3.7345517802362385,0.3551573143954633,5.046570580300031,0.33149698427240576,4.706411516032796,0.33026604798753373,6.386610824859459,0.545072098053659,6.429893797766974,0.412550905590029,8.217319340930597,1.495593478122529,2.4927288429080012,0.07777592218509602,2.1935440481029427,0.05831919023050584,1.997886342979593,0.0806516049384466,2.0154590889608857,0.07168137547402866,2.1703590326351416,0.06397120549732616,2.2916828203114377,0.06515702147947014,2.5683363496395692,0.11822391919337193,2.381126597861878,0.21119542874527114,2.418996796244273,0.18339325365133757,2.9094066844632214,0.2825338430650048,21.706418086928046,pdb_mean,0.2540487366570086,1.521234729934533,0.019836758485591764,-0.3091224152822482,0.022215646364554285,weighted
1F45,1F45_A.pdb,1F45_B.pdb,567.860458711999,1.9451755468120482,0.15319996512396583,2.7525850387306146,0.22575855173699994,4.3293624141141445,0.42246210573300075,3.3568433975765477,0.3285784487935618,3.8889226375192294,0.36276812862399915,4.795363467941348,0.3327150493196439,5.089520710944175,0.24518902711763385,5.567464835110469,0.30462227496049027,5.5899724373564155,0.17659732142733373,6.495741764223802,0.5913118885491883,2.441158839567206,0.06985801575015817,2.200494491103464,0.057265343044909,2.2493814350385084,0.07516687053823397,2.1139742248594127,0.07173381187733584,2.1832016636318676,0.062158871154862724,2.2930907413854102,0.06151909308268242,2.5927084424937927,0.09571778192400986,2.9766028731233893,0.09808434616085761,2.887993012818435,0.08822381857733055,2.0677924152390004,0.06270617975122171,21.706418086928046,pdb_mean,0.2540487366570086,1.4281959127226291,0.017285207465758318,-0.3083673907216494,0.017582525279156005,normal
1F3X,1F3X_G.pdb,1F3X_H.pdb,610.2709233470014,0.47512131007827557,0.036690130075870284,0.8534837408217356,0.04888234064870348,1.0199562102594046,0.10333498663224072,2.706191919404643,0.35008175878365044,2.720296717307483,0.32321372630768413,4.096214932780042,0.4022461760392874,4.881144988659073,0.27296376001445677,5.191471090147199,0.2878506839162256,10.759863012891755,0.86890513303525,11.810955783308247,0.5665910807894189,1.1270685094309092,0.034272641588154754,1.1778294561482094,0.03803071119543429,1.460334873276744,0.05646031410192028,1.7607470765717848,0.08185221781451696,2.130925162370111,0.11397331517186796,2.2508930422526574,0.09467186612952301,2.2157729183870067,0.07878017744649156,2.600586004135077,0.09944586590077696,2.239232528052571,0.08888486887552384,2.1188024337380824,0.12123339848845464,24.665079806951738,pdb_mean,0.07138363987224375,1.6020341523098192,0.016660397698799564,-0.2713054125710625,0.021822639642486884,weighted
1F3X,1F3X_G.pdb,1F3X_H.pdb,610.2709233470014,0.47539759267183535,0.03649693343722803,0.8465226031993311,0.048737710937222685,1.0891998534426215,0.10976164484645685,3.2268659905329016,0.3736350921856065,3.29190361085006,0.3290455945636422,4.705631728852441,0.4160029277336902,4.89936935136161,0.2771461726226415,5.14914317439006,0.28377427595406746,9.493422935454825,0.5304010424614993,12.109747931751656,0.49576488724863543,1.1349721057466775,0.0344230355925242,1.1905831685266943,0.03850958887942513,1.5197387637847877,0.053893682698843516,1.9179236114107272,0.0853523974069848,2.3484171090116073,0.11403862047841555,2.363100370707015,0.09827909735436087,2.2568564450184105,0.07871339777530247,2.6431257693471237,0.09728261413541187,2.230904371552034,0.0632007505644781,2.1943502501622247,0.10496049262340992,24.665079806951738,pdb_mean,0.07138363987224375,1.5550640332975054,0.013950710744002823,-0.38672698199999994,0.018192250114507178,normal
1F5M,1F5M_A.pdb,1F5M_B.pdb,580.7466083170002,1.7259225422125062,0.07289262903735035,0.7801179302392853,0.05363643183364158,0.8070004002566046,0.0914848292805585,2.159548152709913,0.27260487089144103,2.7831317221725356,0.3094797655005573,3.16605071668867,0.30295624051652925,4.269877641648535,0.30689712824480914,5.048844043147875,0.27985692458757155,6.8797292250818805,0.2828578175302793,43.39903940282457,0.534133188607015,1.2807421616234518,0.022149973478832394,1.2483300677314701,0.026542307000360053,1.3371725946864523,0.027754795849885258,1.7458537245887322,0.07669468362449626,1.9883227367583487,0.08973125429010631,2.1809248318482655,0.08835004518064316,2.12107426672028,0.06904176822060523,2.1921798433270867,0.07796536063244347,2.3501692529886267,0.08322341985105372,3.6498072883052277,0.0895635051531403,15.640721123821951,pdb_mean,0.11050969508635405,1.5044309940208085,0.0168946399270806,-0.2017555475958512,0.02376272714693545,weighted
1F5M,1F5M_A.pdb,1F5M_B.pdb,580.7466083170002,1.7877216119103303,0.0691709716300833,0.795465771826311,0.05411020981842195,0.8619675757498189,0.09558114794236151,2.269102309159761,0.28918354698028625,3.185422400210949,0.3245574555325463,3.0891515613678564,0.2992712070390525,4.305339970762421,0.30808307052644823,4.750528517973575,0.27578235984049043,6.404510579758889,0.2514974199870966,42.83477309476114,0.4978903444070867,1.2862343049507556,0.021731507743084518,1.245080164021641,0.02609173378558412,1.3358159576951445,0.02719784046105831,1.8004343449984008,0.07945178623574455,2.1856742180807434,0.09658832770527757,2.226677960546199,0.091290704338113,2.1940946317972148,0.06892793216700054,2.2442485055735633,0.07220623976732662,2.339483497211902,0.0806473660331755,3.7861858967165865,0.0593208013302462,15.640721123821951,pdb_mean,0.11050969508635405,1.5275250033413434,0.013113531146874228,-0.309256866,0.018542132120538717,normal
1F4J,1F4J_B.pdb,1F4J_D.pdb,616.6061182339981,6.04527388790959,0.539280846832607,6.416307075132158,0.6111168328382494,6.211358259390029,0.5473003870980795,6.373057194898639,0.48404620765535156,5.93053919341453,0.4709542018269828,6.060776306760135,0.6003004127884998,6.020901586555348,0.44862380960395426,6.714539275385926,0.4117018146935297,4.493089949431411,0.22026761651929433,16.930772136626576,2.667422273672866,2.1738376273465776,0.06828716593319517,2.1871614258875116,0.07087248786353408,2.580420317562937,0.09062187647070015,2.5044027083881044,0.08526410233809821,2.443488683354344,0.11492921843806049,2.442461353241434,0.096218915078449,2.5640544968499586,0.09307931881605551,2.4784288341978065,0.15411175972079388,2.548801003703665,0.11371721827446948,2.0714159624197106,0.12132545278945522,25.260875708503118,pdb_mean,0.41159548250833805,1.5826499023380045,0.0166682739079673,-0.15497372411553773,0.020745250723960117,weighted
1F4J,1F4J_B.pdb,1F4J_D.pdb,616.6061182339981,6.742875824896877,0.537734326652875,6.65213306890698,0.608125406670303,6.038429080486287,0.49925926363223494,6.549957462081446,0.4594138355251781,6.158348742825094,0.4636956561504254,6.741673376064225,0.569843729158513,6.559778796692599,0.40768296813788946,6.856910797737865,0.2864882572357877,4.363079570369835,0.20948314805589469,14.807327466670893,2.214969115124929,2.1300413379840673,0.06013658783315186,2.1349171472595705,0.06584785572010728,2.5861463694874924,0.08432157964733446,2.5609081281160013,0.0831363679604474,2.4475278927232154,0.10539586778232068,2.488142589033656,0.09229505879746495,2.6849312187795857,0.08543647209347277,2.2835776297952375,0.09471983546780618,2.8106145195220464,0.09252570627563525,1.98326768531603,0.10598927425623159,25.260875708503118,pdb_mean,0.41159548250833805,1.556736833352437,0.014538996188833187,-0.174166555,0.01840066705161684,normal
1F5R,1F5R_A.pdb,1F5R_I.pdb,488.2914143329981,1.3006720068246795,0.37148305572781254,1.5237227356211132,0.24058982254652078,2.279029334579662,0.325146521614992,2.1994638479726403,0.23172887790806762,2.7334217924826185,0.24477033108137222,3.9799002338638143,0.27245077550149815,3.9686948848054624,0.24789658622286864,6.243364132786962,0.4121811741799123,5.870112915495237,0.6645650130505023,14.978213768580886,2.095950036043319,1.3996994165118781,0.055556086417772856,1.6703792771089714,0.05233591581583407,1.8272933971759493,0.06628645146263629,1.930047947213467,0.07583329646477271,2.0272835243327365,0.09580493544229786,2.265243654008755,0.10524468145070619,2.3317342670506815,0.0853272204655104,2.4209180999228033,0.08621457643973342,3.2257573166059226,0.12403058502480627,3.375084419401281,0.1663680919311815,13.69689457049336,pdb_mean,0.2349580836899478,1.165038453998183,0.019841321677390306,-0.26480046793748563,0.02430893122803191,weighted
1F5R,1F5R_A.pdb,1F5R_I.pdb,488.2914143329981,1.0766523682402782,0.29500063647321184,2.284811626121883,0.2523023915847342,3.1998093749855125,0.3286572661965441,2.4933471828746407,0.22297763115719857,2.816485586280954,0.22802780249306095,3.784993488325797,0.2592576228062439,3.8177193884799476,0.24600604761442688,5.720481320665999,0.38019501109792475,4.365241631527852,0.2704894372062653,14.684511199461335,1.9666016633961254,1.3559863630621483,0.04591724439970724,1.839687442610947,0.053254474868043564,2.04019014903262,0.06323609904025998,2.1823442985766657,0.06961048818757087,2.2962581859638393,0.0914167469073564,2.401366592132667,0.10883754503958891,2.414447404216769,0.08835479627558483,2.460868284135219,0.08069403573020194,3.3260605635720357,0.08432984348556768,3.5115859335844704,0.15889786787202906,13.69689457049336,pdb_mean,0.2349580836899478,1.1935983172878428,0.014735490759922785,-0.33018926892655365,0.019290009883413842,normal
1F5Z,1F5Z_B.pdb,1F5Z_C.pdb,562.260327172,4.975450178575419,0.3925713405639347,3.564206440767121,0.3492051352098659,3.2881004869515325,0.31733095487292656,3.3938568420859525,0.32653726217368034,3.2609776935843606,0.2904099971285375,4.036830610882164,0.26177954914628665,3.918596757830024,0.2540444861472498,5.678216428715613,0.47797377606261926,5.932884827265793,0.39587360674013844,24.366140543064663,4.088757385044387,2.366274906072432,0.11790167001468993,2.172893285262963,0.0855345740081717,2.3425250063396765,0.0951024172299687,2.1151667572402624,0.08530779677904728,2.1022574389848834,0.0652801477646477,2.1764868304799445,0.0882972390208401,2.715145316732487,0.09702241231548747,2.9435048084852724,0.10700760983326232,2.8508074323670343,0.16934380506711852,2.602216684236579,0.3149267979186984,18.58189997377761,pdb_mean,0.2187209642141334,1.5803110418584738,0.017885619440720264,-0.22169409609220792,0.021046629177290464,weighted
1F5Z,1F5Z_B.pdb,1F5Z_C.pdb,562.260327172,4.509491906797326,0.34201095960538486,4.00916075333334,0.3374066467813562,3.353196332474961,0.3156648701730659,3.602793874847107,0.3236955577306978,3.518162387092172,0.2923510256566998,4.06666290355835,0.2634692002550853,3.730815765194789,0.25015059961272573,4.970797464632963,0.3660295844917692,6.422369219468327,0.25336593268773383,33.292083833101735,0.8741243680422777,2.2734094642509444,0.09401309081619788,2.4230472356332866,0.08862153377815041,2.474906919170969,0.09163228446152577,2.2129778138160616,0.0863623422346927,2.128102564827786,0.06447382582043586,2.2177855068576515,0.08935555607604469,2.6799132433081825,0.09230077590952064,2.821813088575664,0.09295859879488429,2.674311632510938,0.10677292922624397,2.97995562386443,0.05636614840273142,18.58189997377761,pdb_mean,0.2187209642141334,1.5701321908545574,0.016716395793624075,-0.25510095,0.018224228947957857,normal
1F6M,1F6M_A.pdb,1F6M_C.pdb,467.6309024519942,5.9456783288496,0.051210608150428154,3.8855121922313796,0.210175582074327,2.686948412992257,0.2136574107641208,2.641658475249477,0.19620242321646664,3.6984880322556375,0.2829505794910586,4.551300304948297,0.298107207945814,5.837623939650657,0.28694500803075035,7.392963554075851,0.4656886707708655,18.77270448662618,1.6520410894417823,23.172497276166702,5.132250659207467,1.7812873608762112,0.03989439307797635,1.5563318605934666,0.035132054869043666,1.9617059267312142,0.07362751024781153,2.103785151205392,0.0813517261606166,1.967234982455033,0.06590919059447535,2.1713975413369875,0.06485375698051478,2.2216401562792996,0.06734803679196713,2.650771867064228,0.08549390771385892,2.079344933595344,0.07674685579240625,1.7731625644749716,0.17926475757086524,17.23704577153111,pdb_mean,0.2546943060713786,1.3779360138876573,0.01872993131454782,-0.3105334164122753,0.020999887682281226,weighted
1F6M,1F6M_A.pdb,1F6M_C.pdb,467.6309024519942,5.957877308162469,0.05151349278820846,3.294256005015546,0.17941109538054395,2.594243624258595,0.18627126515423115,2.683609419803968,0.19711863376445604,3.4140982613452535,0.2716763620110307,4.464892513247631,0.2871836565287529,5.780535168827629,0.2906521422550397,6.4765547108273145,0.3813899283556351,21.844667644262653,1.4657304749403033,16.18082894458566,4.009340254040809,1.7649218453242297,0.03687545865078912,1.5573848092241662,0.03073606526159641,1.841551293016196,0.052557383337385924,2.082170698169364,0.07842267197422907,2.0036119929577025,0.06237484105515575,2.1727613160009938,0.06359477369472154,2.256112001072913,0.06682243375649494,2.56687606679325,0.06861762986227296,2.0262991038560774,0.068480179032728,1.9815816301014622,0.16212114499929597,17.23704577153111,pdb_mean,0.2546943060713786,1.4031903934568795,0.01521035231805508,-0.3618711905855339,0.017614847672379617,normal
1F8M,1F8M_C.pdb,1F8M_D.pdb,599.1922001060011,8.829961222157014,1.2292288824571271,6.9075712560354,1.0825613910679384,8.529292519249294,1.0423907871444054,6.298974508822622,0.8810791761065042,4.02841834271815,0.4517418019822216,5.921943149510347,0.47412154509155086,5.169250418304209,0.35752557112226574,4.698031239086764,0.3619909484277026,6.48094670967773,0.33784580819363225,65.21684490220787,7.302765567394806,1.7623789401351877,0.07509344009168656,1.9407560166037063,0.08541911903528446,2.252516508672235,0.0956825234827348,2.0332475095495575,0.08868555794414763,2.0749860055915366,0.07338937084974985,2.2800099876611006,0.0778200542125348,2.427964973487374,0.10652561987151078,2.3559688596367656,0.07626362747039991,2.9451214903915814,0.0787897202633448,3.358018235264603,0.1844240835210461,23.423748031017567,pdb_mean,0.4445874799639501,1.6020694364334351,0.016897381498624218,-0.13098177542011916,0.02235730336307462,weighted
1F8M,1F8M_C.pdb,1F8M_D.pdb,599.1922001060011,10.013170524218015,1.0206266239840929,9.796994236571757,0.9688026586982538,10.611115051082036,1.0377097528882517,7.295491593915087,0.9562632198233985,3.9330919386280643,0.4470064164940565,5.4786463437757495,0.43206427435050243,4.529442364013056,0.3095032688765839,4.041594451558334,0.3025988692110514,6.016018178034631,0.30072751822496435,80.97679686052984,0.7563890434394182,1.8811382421528555,0.06520413093448041,1.9902207172542423,0.072059819348963,2.346763146542574,0.09080381441444944,2.0977796000428124,0.09603781490862501,2.084840239838756,0.07288467707231315,2.3023077094128874,0.07697066493183904,2.2605300385923996,0.07763875105741948,2.3276304758404014,0.06803546965433953,2.9751665628548576,0.07610658233658382,3.1152505951021126,0.057270081469237455,23.423748031017567,pdb_mean,0.4445874799639501,1.596668683578883,0.013909411982177981,-0.14922799,0.018951706653312233,normal
1F8Y,1F8Y_A.pdb,1F8Y_B.pdb,577.7048243630052,1.7256895438323503,0.346829119916673,3.5072093391687478,0.48429855208560424,3.530149961156775,0.3408296816782165,3.0625321354587878,0.24762302520722815,2.9221676563579058,0.28203196838970873,3.6070592581240914,0.261324793109664,4.377104254879477,0.2884660941454336,5.072778031258226,0.36595705625734665,4.848366838454618,0.317402064818452,8.821874244041547,0.5072720071424072,1.639014818671239,0.1034194994177056,2.087665287597539,0.14364564831965532,2.0808932452847446,0.09663107790661292,1.7405729106627024,0.052020314242000466,2.011694758925121,0.06649289431676324,1.8439933508566235,0.059099354918334505,2.0074876322742616,0.06144885200376166,2.1150397086386263,0.07229836162418163,2.621260114450729,0.07235170304236174,3.39185653794718,0.12308861667456945,15.734600222671585,pdb_mean,0.25533111202522607,1.539581536118601,0.01796587443979877,-0.266372692904681,0.02142992332576479,weighted
1F8Y,1F8Y_A.pdb,1F8Y_B.pdb,577.7048243630052,1.8062060523495267,0.311296458565973,4.2197312081778495,0.4622640952364206,3.8469000822718713,0.3178833496902116,2.9114768021526523,0.23186041256414125,2.515415516956496,0.23643495287276015,3.4176678531654288,0.24442295651412774,3.954490372990571,0.2727141371570274,5.2095160821291016,0.3415503899709022,4.810786272470148,0.3079893622820713,9.17457938142071,0.46021090206984355,1.680587433289744,0.09418928752720052,2.344582932491502,0.13423357559052454,2.2349901648871278,0.08787028934481082,1.7692098109342076,0.048160979145989526,1.9795893242877418,0.06067709369225972,1.8447815566780648,0.05531796917481204,1.9720023466336767,0.057619210967991365,2.132911935257455,0.06731481389652656,2.65075135799311,0.07220755566284909,3.8109693723929428,0.09830295061565023,15.734600222671585,pdb_mean,0.25533111202522607,1.5441748330106597,0.01760070295632833,-0.35124871300000005,0.018147133877857064,normal
1F9S,1F9S_A.pdb,1F9S_D.pdb,546.7818143569966,1.5351672528183202,0.15739857103489188,2.4435264223660464,0.27118263221786276,3.171750670148135,0.2876637003632024,3.692864237169965,0.29184981579699637,5.717258841207513,0.323500125949973,5.2688483089576925,0.3104512255173381,5.530069585230395,0.3597610762899743,6.434361128141033,0.3661979852138878,21.50263468161382,1.2419504047885124,28.337505239713018,1.3860432884449865,2.043527626685031,0.05894737437009337,2.3766609409740256,0.07158929169240462,2.2824421322608424,0.08340553708065897,2.3678650670860124,0.08387701012954833,2.440719039646451,0.09931324317903972,2.5180231533785684,0.08453767596125462,2.8677226367838657,0.1011760279098741,3.2760684114743484,0.09131863418796454,2.975292415880115,0.10095622174199152,2.5104814362248393,0.09986758445572574,12.525594911394968,pdb_mean,0.2897495042884852,1.5501235568215137,0.014367477005451006,-0.20491995221234965,0.02163071951120712,weighted
1F9S,1F9S_A.pdb,1F9S_D.pdb,546.7818143569966,1.4668395108967056,0.12043556733113998,2.7204017177936595,0.2861326614310736,3.443441961993341,0.2868983870444756,3.690508272143384,0.292094188718716,5.582640406616926,0.3205736851020039,5.297679485668156,0.30947376656712006,5.448611850660038,0.3518975594285755,6.189059438316403,0.3233323786144394,23.19162033843941,1.0263940236550397,27.225511139811434,1.2354967665721217,1.9351114960384017,0.050132955234206994,2.439895667543116,0.07064433892645693,2.3940994797856003,0.08091445464510863,2.3899116921222436,0.08340352968206646,2.3776804858999037,0.09291126121960538,2.495793027688907,0.07893657303618737,2.9112916623182783,0.0914743971263705,3.404402133056185,0.09034384931267783,3.214816144651227,0.08877917521032831,2.3251938102128253,0.07518028989015871,12.525594911394968,pdb_mean,0.2897495042884852,1.6015183243793338,0.011990747731998362,-0.2636617527975585,0.018806257878639807,normal
1F9Z,1F9Z_A.pdb,1F9Z_B.pdb,558.4251640630027,1.514698764589425,0.20291806412736701,2.836476710476362,0.34838163988465387,2.0607643990757247,0.3522416034091625,5.855555403710419,0.5447948257008333,6.401810130269547,0.43246591835277653,6.215342457804199,0.4958254398328367,6.910680530429966,0.32310492004530744,12.739492480660493,1.1243056675032266,12.274221209191749,1.5157893469486465,10.730864628473451,1.9898630453815425,1.7070054447098908,0.08221550766524627,2.184405393237215,0.16145530547041118,1.9688927809161543,0.06860301870468978,2.206865051686157,0.07076690141362763,2.268475020424239,0.08287593025442176,2.513078802368733,0.09947741954781641,2.6629637914044415,0.1379415081783058,2.4587774472483566,0.13341709567116058,3.3405451818762995,0.07223697645529185,3.9792407647840524,0.05150139665731831,15.501709975410773,pdb_mean,0.3359803494858964,1.6079089124440131,0.015470402417573333,-0.15864079081999222,0.02078800410019272,weighted
1F9Z,1F9Z_A.pdb,1F9Z_B.pdb,558.4251640630027,1.8601597490065467,0.19705657825122153,3.5663637296355075,0.35195924161324815,2.6252934213962065,0.37773338041873344,6.209240560096277,0.5339758157317771,6.382147001913687,0.44289430968933574,6.278217594754901,0.4176314093429731,6.951540512976887,0.3311845220429519,11.728303085818013,0.971671019779176,7.367831802473713,1.0387183756649392,7.558646738189953,1.4060997465130072,1.7456190150626236,0.061776979510399635,2.3649594563211225,0.1424515559974393,2.0296106717500555,0.06994350474215628,2.324865227118394,0.06870225314603728,2.3443931747878115,0.0815345040309321,2.591176982810951,0.07357349666205812,3.0144959479740594,0.12262407080736312,2.158310023101952,0.09429899723693533,3.4537894234786597,0.060092029852174225,3.9151740180873027,0.043629654767154295,15.501709975410773,pdb_mean,0.3359803494858964,1.6292232396826745,0.012833966510469686,-0.18025820099999998,0.019211368595925777,normal
1FB1,1FB1_A.pdb,1FB1_E.pdb,547.6521797620007,0.72925812911966,0.06305243136099725,1.1480491597552487,0.13254642671488814,2.0458218316619265,0.1636253064637315,2.733416976706799,0.18991134257264877,3.3692709004162134,0.2418334296161413,3.34500928708356,0.21875684698289527,5.382898593365676,0.2875251272539737,5.427916986842023,0.24157601128611056,5.815624254967508,0.2143607741943036,16.713778134842492,2.034843271842059,1.156254647626412,0.01774206236156965,1.315468671253305,0.032120207938023254,1.6311666993959897,0.04530059117854509,1.8350906341804702,0.06165169966710736,2.215651584639549,0.09949884464829607,2.424373316128447,0.10914003590049252,2.4174679176096356,0.09712168008449101,2.200200989417922,0.09977251403030395,2.000207586547902,0.11614730752635272,2.51114346521614,0.09349090232933661,19.989430079798403,pdb_mean,0.1333804676202695,1.5298934340993027,0.016142247312555667,-0.266187527541649,0.02138423219077663,weighted
1FB1,1FB1_A.pdb,1FB1_E.pdb,547.6521797620007,0.7422065078525911,0.061509881747065565,1.1878215735823638,0.13343566297984918,2.209984383584255,0.16621451833151935,2.8010478779933488,0.18557131345023686,3.435913849247533,0.23980162930990892,3.3196917359131133,0.22295524641538095,5.392550199464597,0.28708159816081774,5.101191032743461,0.21286005734924598,5.285621912569465,0.14775072159202696,17.446521267084254,1.9421077488919372,1.1567899438608578,0.01692515058629691,1.3347340969324923,0.03174766686668878,1.6639344511033525,0.045428323496700354,1.8082823937756893,0.059266297438206786,2.250186709470654,0.09917519833828489,2.5319826649312716,0.11206514247052972,2.4059345123368967,0.09597779277774324,2.1355013926185236,0.08797910890233049,2.1627951521134134,0.07666365507687951,2.676545468379222,0.09135499071008113,19.989430079798403,pdb_mean,0.1333804676202695,1.4700449234524422,0.014231020660716841,-0.3704520455465587,0.016908446229444138,normal
1FBV,1FBV_A.pdb,1FBV_C.pdb,578.5344151409954,0.5184006112441807,0.02418018223129883,2.2346262943231916,0.2507951614804556,4.151646812008944,0.3441894839971807,4.563844093738645,0.3594348220094972,4.286665474959068,0.47153593626016166,4.999818612483777,0.5214966943100107,3.78909265715588,0.2575931569038582,8.944405806724257,0.9100084429424147,14.284910815468717,1.4297536849967507,7.053559190578891,0.3230643343680686,1.9813670519931232,0.0672043347580281,1.91407599424446,0.06907591896473503,2.1257219843210096,0.1085894399714959,2.27923626507994,0.08434774142122634,2.271742370368912,0.08945976648848052,2.0209058166271996,0.06578889473275162,2.3201519810157727,0.07898540458690052,2.7637181408109517,0.09562629689211548,2.465841457213526,0.0793727444140466,2.9527133751598056,0.09484013657206977,19.059069621627863,pdb_mean,0.418525611074206,1.4669895447547021,0.013875801306481375,-0.15336186691137327,0.021951348861231162,weighted
1FBV,1FBV_A.pdb,1FBV_C.pdb,578.5344151409954,0.5416750409682471,0.02360898639156735,2.562349544900999,0.24830749956629408,4.901099910517712,0.3315993712316792,5.143971161772909,0.3368020492399183,5.125877511914671,0.46461709794790157,5.648862607409687,0.5382831842914995,3.753346342538478,0.25081022631820277,11.001761240870191,0.9947116917915114,11.239084925395586,1.1818479152348265,6.315559960676518,0.18643153435244308,1.9455854423894523,0.062246977417501445,2.081953658169877,0.0642679072673574,2.3816822300218767,0.11278627678026132,2.4237834785737506,0.07808393997396948,2.3363219357352336,0.08204287496390548,2.0937237644868567,0.06031568589938343,2.385824877258843,0.07936919714249077,2.8904103499277043,0.0947039750185656,2.517656573229643,0.07461299695248781,3.1422314874578126,0.06546126282643935,19.059069621627863,pdb_mean,0.418525611074206,1.499013641386176,0.012171023563074613,-0.21495233869346736,0.019428429823691765,normal
1FFW,1FFW_A.pdb,1FFW_B.pdb,529.8201478820047,0.7117250092213218,0.042242148566149385,1.6453567649380643,0.21474570690189151,2.8931431606390428,0.2733756176531037,3.164689221989411,0.24020147519004145,3.0250114137183326,0.3036267158223654,3.4184386011164216,0.2782357903088842,3.96554628637512,0.26495697086177855,5.8292620234348655,0.2961952844492504,6.40868477263596,0.44127951946008426,29.42726809146294,1.211252407905159,1.7050840924127146,0.07717770819081944,1.9473777253417834,0.11515986149522335,2.0956354901396397,0.12658287781115876,1.7797328488931328,0.07448363786163549,1.9484626424900964,0.06189214321754211,2.325716957936692,0.07584493802245437,2.498051453388561,0.08342010382535489,2.429264941714443,0.08241928818580292,2.579731852268489,0.1328792747575147,2.912977435995925,0.06302194467964287,12.145275271370693,pdb_mean,0.19933735741298528,1.482187969423955,0.01784388084115111,-0.22095685661528391,0.021591029743892525,weighted
1FFW,1FFW_A.pdb,1FFW_B.pdb,529.8201478820047,0.7938465267722984,0.041285597787500385,1.7774365412929525,0.20991341364728472,3.392520154246396,0.2934475131261455,3.193462950752245,0.2377048877459417,3.35820279650773,0.2788521926192481,3.338681698692074,0.2665091706273365,3.775550457396952,0.25487645182211516,5.636469857615075,0.2973184013134112,5.355031723414488,0.270104592372009,28.506710567726568,1.0901191474490344,1.6660293274864502,0.06038313067568532,1.93357963975347,0.11837028572563062,2.3490223132292147,0.15027748012704492,1.7905873883457724,0.07658018179536136,2.007350079151453,0.05613626252450312,2.3898385072381463,0.07521062816959534,2.5459365466271278,0.07790070179295298,2.398792082814919,0.0836984768159687,3.0005242947672643,0.09933606169092354,2.88931753576752,0.05355406421196385,12.145275271370693,pdb_mean,0.19933735741298528,1.4363932365820349,0.017065558569744083,-0.27632154179566565,0.01850402912947759,normal
1FK8,1FK8_A.pdb,1FK8_B.pdb,545.9626297720024,1.683218955460113,0.10704340763616745,2.6923184324647025,0.3105065310892424,3.0835901746686725,0.4166853023126613,2.8018744654267436,0.42414751800905703,3.6957154034758086,0.45947939560869605,5.092411939000234,0.44606776615726695,5.347480537528147,0.3912234744683427,6.061701401142881,0.3818626000519152,8.557135542276583,0.6117474818935424,33.68579145414863,2.464836932587364,1.3494559812733582,0.023384403163488544,1.4843308186524,0.0530131695651575,1.5775430253329092,0.08663276151958155,1.982320563091239,0.11208545335704459,2.2989122030507776,0.11878012547416818,2.440610679041277,0.10811673376727284,2.5097980105386886,0.08328754510585092,2.300291945725181,0.06421541691554732,2.106515230646195,0.08611798839352998,2.185898766742075,0.09756881849920872,16.97190981504125,pdb_mean,0.22699991065007483,1.5731174821462415,0.017093731655369225,-0.1875382256523644,0.022792260834562216,weighted
1FK8,1FK8_A.pdb,1FK8_B.pdb,545.9626297720024,1.6520223105974168,0.10166541605233644,3.205793565644032,0.33717189325440644,4.775655391710204,0.4090701629037167,3.749959266147832,0.42466058653932004,4.194112486772834,0.4586891358165389,5.25895331870514,0.4341622271823301,5.382345218629688,0.37669634138262065,6.131892318691906,0.37050240994823,6.924752359459273,0.40594463012696924,37.965905882596765,1.3959622671979934,1.3380463058824192,0.022421078990010175,1.524147437995616,0.05060841019787269,1.9053657724673707,0.07727473599951744,2.3101741023251536,0.10767480598952237,2.398206409171602,0.11913416138224242,2.504275701937781,0.10842238950744965,2.5384401221124593,0.08142451604020769,2.2978813745171913,0.056328867887625124,2.2499272585127286,0.08096095647439797,2.0422477944888824,0.06182173772098887,16.97190981504125,pdb_mean,0.22699991065007483,1.5602695526725285,0.013767270691302454,-0.25972156530612245,0.01831810927798666,normal
1FLC,1FLC_E.pdb,1FLC_F.pdb,535.3046221490004,6.264970414955071,0.5685855198707465,7.974669228438407,0.5798196608441264,5.95313635796544,0.5543681394584118,5.4790017938499105,0.5291849459469206,4.968931424079052,0.4026229108862584,3.8710674458799947,0.31023216280720056,4.033003428799426,0.25829233941365326,4.9908358549869565,0.4088302460258311,3.7068887509209913,0.2629581911087536,70.88337737869229,7.455800650820437,2.5204832026295927,0.09845551941367195,2.469208575535433,0.10308227255623063,2.462516637784044,0.09039733761131186,2.3940016655123535,0.104790722540382,2.363543437296858,0.08689718570015573,2.642675560413797,0.10015585240353213,2.3106585369997794,0.06439054299204304,2.458320048334473,0.10789759082145561,2.5459791336311124,0.09496108027935267,2.9508021397705355,0.16825805554703535,27.992736588573287,pdb_mean,0.37734862678502823,1.5364554379142918,0.018891630642172037,-0.14790739650796983,0.023225393227357116,weighted
1FLC,1FLC_E.pdb,1FLC_F.pdb,535.3046221490004,6.044612614494212,0.47272229585343634,8.538674714648069,0.5490317972745132,6.558424273011069,0.5070685195184759,6.412148519749455,0.5390214081942066,4.716445996501177,0.3835709537839741,3.915451701736188,0.3094447836937384,4.079144204467999,0.2670574988054699,5.394139915651709,0.4012153471033256,3.5159490842805066,0.237129754932216,71.72720895970825,6.687991180683353,2.363192006627957,0.08226821006652854,2.4000921505236374,0.08979985226605458,2.438183767728244,0.07024942442465718,2.549413865678623,0.08921595950627884,2.36756609089498,0.07988860435617541,2.743761153140341,0.09596662079676523,2.336488089811709,0.06441118912364321,2.7616711289456055,0.10426930306498856,2.4012495718514715,0.08385231130559491,2.9271684630126593,0.15470957799253052,27.992736588573287,pdb_mean,0.37734862678502823,1.5624360132968897,0.015349039019483764,-0.15545386723768737,0.01974547616159948,normal
1FNE,1FNE_C.pdb,1FNE_D.pdb,553.0651793549987,5.039987087268562,0.513682698689554,5.044044700262369,0.483876061148228,4.242242943063596,0.4912754072349582,6.216976082824687,0.7175868741958261,5.940303114491461,0.651324326107566,5.9472026207520345,0.46398241594721773,4.6540107509411435,0.4407357371059948,4.555020221186875,0.23348964236725647,5.15616696247447,0.14763023321415508,5.4334456893495275,0.149809766445078,2.450031384661157,0.11022879606067638,1.9320361403358948,0.08757850353152909,1.9024500447218446,0.08559886795127533,2.1320361064791795,0.09476890062661673,2.448914804082893,0.08162837129796632,2.2916456074154237,0.08812468755612213,2.3124192937886714,0.10161829551464878,2.0106523783666663,0.06991032398138067,1.554296239800969,0.04376218686378691,1.6157694607809985,0.0252908875671503,21.954423955868748,pdb_mean,0.2710154671096894,1.699870802140883,0.016963305114312342,-0.22390702186154718,0.02087446449440553,weighted
1FNE,1FNE_C.pdb,1FNE_D.pdb,553.0651793549987,4.756170965306527,0.3891275090127352,5.307930863765639,0.4563108801555412,4.566463621416983,0.46767426778715915,7.258036818736852,0.7486002600669636,6.779373128858505,0.6638459615024737,6.358762429826276,0.4311224825497935,4.239800818925844,0.24559095161160202,4.021010392800588,0.16851327349300974,5.195181829209219,0.12876040201009598,5.441723324179466,0.14487674744525128,2.5437552454818237,0.08437629366270868,1.967167759987967,0.08219844074465485,2.0059014429872963,0.08127388677488559,2.189515340486827,0.08920449255951547,2.4907504277068964,0.07755670243437239,2.3687343869006328,0.07323126036299613,2.2822273468828884,0.054452004409713296,1.910155186270933,0.03752084678339068,1.4439810379336953,0.03619047406478752,1.6266001941560004,0.023825879890318688,21.954423955868748,pdb_mean,0.2710154671096894,1.6854045531837394,0.015443525868592725,-0.233846205,0.017457323407694545,normal
1FQ1,1FQ1_A.pdb,1FQ1_B.pdb,555.5840928370017,4.117825716958385,0.26377183978940555,3.3717397349429055,0.30429956772347994,3.988464505691903,0.37785251471148384,4.4135300498460195,0.3107113173498962,5.553870218397329,0.36417439816440983,3.5425065700140013,0.24425796082557027,4.911728276505338,0.31753330781653,4.219420929477209,0.22617185372030565,5.324555164818507,0.2017927315111313,4.015610879369136,0.1441007001815597,2.130701776794769,0.058783833345247026,2.322355172478775,0.07005478877431436,2.523593519210405,0.07858956326201372,2.336715692708996,0.07312599849098968,2.5326322182480827,0.08772725108168095,2.638511461958056,0.10037117602075317,2.4188763064253083,0.09241597506391014,2.1884179782345154,0.07741929923385303,2.1501872445839023,0.140305933545639,2.4611735199884777,0.02303758501098802,18.09688222386895,pdb_mean,0.18453656093391801,1.5891668681161921,0.018508183710144052,-0.178111820876382,0.021503557301342218,weighted
1FQ1,1FQ1_A.pdb,1FQ1_B.pdb,555.5840928370017,4.202177151909517,0.2542879709331712,4.02845243332067,0.2990643070009314,4.782872936942475,0.3971472277324727,4.447973983408495,0.30885561127388533,5.2439134627916735,0.35010027589151604,3.451216374781741,0.24188400956912398,4.619494368783622,0.3211753211832057,4.071112841048549,0.2026965758793878,5.188653010458589,0.16371902843995734,3.9447390793910775,0.12997479769403125,2.115324093041695,0.05549676249755051,2.3330979604817985,0.06362561790296735,2.563521144044535,0.07669619664905199,2.4123406994756196,0.07349468606949747,2.6154111571028715,0.08687214448205047,2.6164722696441713,0.09917536711967838,2.312717515036461,0.078082830554689,2.1015099531302694,0.06872391664985322,2.240367609959874,0.08925390653864065,2.4699320325850422,0.02045447416375028,18.09688222386895,pdb_mean,0.18453656093391801,1.5524004465431935,0.015612896695139251,-0.20779155700000002,0.017668888979937594,normal
1FR8,1FR8_A.pdb,1FR8_B.pdb,553.0453055120015,2.2186655136576454,0.14556344467270202,4.28312145678337,0.22222337725596727,3.57497151228714,0.2874893210220426,3.012942968971457,0.2657169329684868,3.1652783157469937,0.2352053298122825,4.7931188925952855,0.22471969179577456,4.9818371958482945,0.21072011150078104,5.924941743430556,0.19494485481883272,8.401605978854505,1.590856237742518,5.042136326009881,0.07605395613269898,2.0790224683669236,0.059826723223469595,1.9338699629385434,0.0638362016740489,1.7978671314931882,0.06447315903734985,2.188005386584245,0.1076395340089261,1.9692454586341668,0.05026801325453403,1.986378739074397,0.06447183679224792,2.4623926236504943,0.11282206292141701,2.6257246520357285,0.18931201597482436,1.6742100275642062,0.12001199003024964,1.4750045255144097,0.08044460467806612,17.8044494888076,pdb_mean,0.059231582893310895,1.5106475509350246,0.015597040755764869,-0.23461326261091997,0.020674662795002137,weighted
1FR8,1FR8_A.pdb,1FR8_B.pdb,553.0453055120015,1.9328759070877732,0.12940753329981838,4.3861239730119514,0.21593122931066397,3.1926647598346767,0.2743427794189065,2.850448519236131,0.2622146903400856,3.0650401216475713,0.2271418995967735,4.5951229813806815,0.21900703775387792,4.723577508387512,0.19185250969776096,5.589978343776499,0.1301145930879459,4.836013735389813,0.24446227944599128,4.959535990718798,0.07028848382962204,2.157176693395793,0.05684545941347683,1.9498286424105502,0.06444420978042865,1.7609646753580168,0.058424731920487846,2.1494421742585006,0.10265691991372139,1.9806786223290374,0.05095267476479311,1.9845676804620274,0.06296563606093267,2.4774636708453044,0.10027361722430275,2.2221740235192877,0.09471522169208717,1.6994208944629858,0.05455548422198875,1.4656251488304417,0.0653769854870313,17.8044494888076,pdb_mean,0.059231582893310895,1.497805741703854,0.014168172588410006,-0.29007111917098444,0.017679860360992655,normal
1FS0,1FS0_E.pdb,1FS0_G.pdb,458.47534538400214,,,3.1416447628349413,0.29683802022162137,4.209889474943371,0.38208810032907664,3.1196795008980893,0.27203355447758815,6.007365656999007,0.481256304899119,5.581165714460715,0.4688986548510786,5.00580465966931,0.4685554047029196,5.751316899335556,0.41507187200265416,8.744442781723286,0.5953635908367731,20.447685370843892,8.255537576660995,,,2.153964070610943,0.05785034760203015,1.8592286312721198,0.05524760359074912,1.8905615888545269,0.06143321095286368,2.132689783395601,0.09092723858372737,2.4883391975208937,0.12034010424515572,2.5439465640823653,0.09361380751929822,2.878924536476539,0.08639767310314843,2.065578332873783,0.08833463090940691,1.978934156337452,0.33089184083278306,21.732651559425364,pdb_mean,0.32868270475105654,1.6016583713290988,0.016466679823128952,-0.16846276536749405,0.022986566144226464,weighted
1FS0,1FS0_E.pdb,1FS0_G.pdb,458.47534538400214,,,3.4439582325206,0.2844175207110314,4.431450980933111,0.3844876267017406,3.0907474689859282,0.27028851687243727,6.115343268819279,0.47281391191254923,6.091822165675038,0.4673664481825484,5.276447598273569,0.43411538791777576,6.210333209556524,0.43327334533825146,6.829757116478082,0.3435855218242504,8.936065406499736,3.3649309629657136,,,2.1752073458753354,0.05307665141719038,1.8855416300690626,0.05334833673813516,1.8765261679399519,0.061318964036010615,2.116210287193292,0.09002228198567484,2.562016511989701,0.10798177890949065,2.657539293402456,0.09374741262231477,2.9493895576721125,0.08895221816074379,2.092000891390629,0.07481736286136931,1.5422669016538755,0.18136009032250225,21.732651559425364,pdb_mean,0.32868270475105654,1.6267269597353693,0.015239783625650425,-0.21012926315789476,0.021040277994628993,normal
1FT8,1FT8_B.pdb,1FT8_C.pdb,543.7948781419982,7.166258270032701,0.1841317016379242,5.381652889146176,0.3229897603939394,5.569602886249767,0.4647231536482097,4.6385662889895505,0.32474496807908776,4.055901164532078,0.2736526421847261,3.9772699534206106,0.26233032366661363,5.557627519661145,0.37773844492315417,6.179829234339227,0.2984727803451423,14.881152875172384,2.229652227523114,5.394100599158259,0.15953235408659955,2.0287151565706054,0.04327724992194934,2.1550796171193998,0.061160921818027444,2.196697108518588,0.07163018843382309,2.4557300072122663,0.11267065127449098,2.304124781529145,0.08378292495901682,2.116146697452316,0.0622943065904642,2.3317953197566346,0.10086419026336477,2.1245971387837925,0.10296731380090993,3.037116061372668,0.10540052176929518,3.3334262461208235,0.021562173327077314,20.577653421982994,pdb_mean,0.29894524061514577,1.5898350859624326,0.01682980979671746,-0.21821627307891303,0.022144846679428714,weighted
1FT8,1FT8_B.pdb,1FT8_C.pdb,543.7948781419982,7.210541796654971,0.1726591062078155,5.662220898600671,0.3070746955398756,5.75037059860724,0.4567402582671619,4.604302534300167,0.3063350559294241,4.057251615034306,0.2781262815846356,4.034026007924533,0.2692762605932342,5.2391929458363915,0.3007423926390904,6.678271469670343,0.3075167211908828,7.709841666915581,1.0967104552881344,5.446288200832076,0.14781473978932205,1.9845344577711979,0.041040590513199984,2.1539934051457914,0.05853521090285783,2.14065580966008,0.06456188442985157,2.4667674163988123,0.09167146423081866,2.3152129314490555,0.08115007204928396,2.072450251866959,0.05998613898515444,2.3822065656144984,0.07127345045436809,2.1278601569170976,0.08298309732565226,3.028972296126,0.0815316048713621,3.336610436774715,0.021619701373415536,20.577653421982994,pdb_mean,0.29894524061514577,1.6865344998429042,0.013741343768254177,-0.2670578532901834,0.018040186372563435,normal
1FT9,1FT9_A.pdb,1FT9_B.pdb,561.2809225980018,0.7558765459933711,0.07884434978059252,1.9853677123731783,0.21638633414779598,2.7949989171784884,0.25094852585114574,3.4332735801176764,0.2838629938051343,3.734005891718983,0.24014083633473826,5.182816141824618,0.35758835436940156,4.6324705122063445,0.29989453108772773,4.62018146257937,0.23304714670646337,7.431405016076209,0.4985263319173028,16.101917414928753,1.479797587956434,1.347276631663773,0.036750010923081416,1.599446122803926,0.047530454070069686,1.8940540442985332,0.06956703933252616,1.9987040343528717,0.07550522517509946,1.8582635631497653,0.05721092802571259,2.0062238819906977,0.06632607488534357,2.3415870980010145,0.08524692987832386,2.508655031964578,0.10266360822716097,2.1317339335981065,0.07189822265467617,2.240122611463921,0.07906380251994118,23.315133610711253,pdb_mean,0.10150317609575342,1.5725828743012387,0.016809999412795044,-0.2510962775127096,0.019941747411047945,weighted
1FT9,1FT9_A.pdb,1FT9_B.pdb,561.2809225980018,0.6624511397806901,0.06439334360819501,2.2473064923919104,0.231657289743807,2.9101715431366753,0.2549933855255718,3.454409746153365,0.2842618696948833,3.74152658944372,0.23278702106565716,4.879890144537259,0.32731892669105334,4.589793077830015,0.28859215993298337,4.610613833358639,0.23018522624230658,6.329816471926591,0.3954463690888096,10.425328223644591,1.0068141274661624,1.3002867970836465,0.030749995120863287,1.629107790846084,0.04833945287297736,1.9039752936663075,0.06874876131870947,2.0207739604012436,0.07699394585946258,1.8915715110697593,0.05641772757339177,1.9865863140684628,0.05960605816392763,2.3386091009064343,0.08510133192699756,2.5135773817732416,0.0990797177561642,2.215411854909554,0.0655554010227657,2.543585534481289,0.062403378228101145,23.315133610711253,pdb_mean,0.10150317609575342,1.6022982226207039,0.014760012245959075,-0.323999412,0.017790440618095052,normal
1FY8,1FY8_E.pdb,1FY8_I.pdb,544.1890011729993,0.3069439915377504,0.015392252555797016,2.18823444583953,0.3833000947543186,2.1905654364066645,0.32631343012603437,2.1519950328381507,0.24113727048154507,2.9063341449505122,0.25472049802838226,4.000914757663454,0.3009253229266928,4.193874275663609,0.2625082422804405,6.928412527875567,0.4471808205542472,7.28652485747742,0.6056875255765559,12.333128307506094,1.3858753669558417,1.2826231283355363,0.026823958208723755,1.6648107429743495,0.06031895026966482,1.8075838062701028,0.055234256397897245,1.901013445625888,0.07553233269994382,2.0489922492329113,0.08415531285192786,2.170914473258948,0.08662531625045077,2.5234351634134806,0.09556924584465941,2.7809609685532313,0.10848138018718949,3.347712985730827,0.14344443030929227,3.596274503253618,0.14031138216501338,13.638431678811747,pdb_mean,0.23287817729917837,1.134918402616267,0.01873444134508981,-0.22092305166093398,0.021783372170729176,weighted
1FY8,1FY8_E.pdb,1FY8_I.pdb,544.1890011729993,0.3102303613747206,0.015292866769037572,2.875999220159132,0.3372776579346152,2.702301023953084,0.30775095296346416,2.5092911334453505,0.22475927656078348,3.149700870464575,0.2420478789892173,3.760273355831942,0.2949614398599355,3.9661689429961813,0.25114346770287266,6.643073096465433,0.4393383276147033,6.024050373841954,0.4898961606466307,11.611156111177465,1.0716411248752549,1.2883358135371028,0.028006276202267227,1.820838232734157,0.05953513087728031,1.9405670611209833,0.0499293861661564,2.172099911512286,0.06896935678443913,2.2817811109114614,0.08238715933015225,2.2326522497227397,0.08688506939195609,2.5981050731289694,0.09110152950145876,2.765449522909329,0.10349886523450111,3.3214588325204697,0.1204162303788453,3.561868737398896,0.09905095299376636,13.638431678811747,pdb_mean,0.23287817729917837,1.168542874665441,0.015451915306224162,-0.29286147307286164,0.01872986468912801,normal
1FUI,1FUI_D.pdb,1FUI_F.pdb,604.1258113219956,2.5898874126749516,0.25947122888458546,2.9094188588300196,0.18923678237488617,2.9285680487947556,0.19947723793587044,2.536194233815898,0.2230115633234541,2.952692886614954,0.28676951993360394,4.4075484218760765,0.32867678891418,4.769822943003852,0.36975448191107774,5.835990519334174,0.32340083037714584,8.822418178462494,1.2497580981376806,40.30391907215146,2.373771659561855,1.7284451836267685,0.03919797597750454,1.7630329647785201,0.04311495832900749,1.7417348669109154,0.051323625032107585,1.9149025500926056,0.06644463085737697,2.0739357873375392,0.0726485241781821,2.238191232699411,0.077923736956043,2.4127689585731087,0.08039093306266933,2.272451303549467,0.07500089310908806,2.3261347012020277,0.11495879704340983,2.9064345783326337,0.06687432206165819,25.78552000965614,pdb_mean,0.07876314549170214,1.4045980595730838,0.01567066146790405,-0.16418994860774017,0.021035780327413493,weighted
1FUI,1FUI_D.pdb,1FUI_F.pdb,604.1258113219956,2.70631573103114,0.2490360663907291,3.0411868672684164,0.1893903877531114,2.9437536526363597,0.19673463957829332,2.4585531109824528,0.21716838252487336,3.0557720908670456,0.28883551116838013,4.449752081608355,0.3387853319338908,4.449024688986387,0.3181005234165367,5.471668202198833,0.31183666397726006,5.984967542738169,0.302456403776746,38.000840674292355,2.4039423286689177,1.6911326494382308,0.03734273578550488,1.7952738076690544,0.04191148000111513,1.7749662396910526,0.05300689490947608,1.9421032691908637,0.0670748523434246,2.107662314431442,0.07243142545615602,2.2809294926156514,0.07770644465161158,2.4065026749387752,0.07672335282193475,2.3092698491008283,0.0737609301691411,2.1701687251543746,0.060822804360568396,2.9240937909549767,0.06632383898007393,25.78552000965614,pdb_mean,0.07876314549170214,1.3777231516674815,0.013250125655807831,-0.27708172999999997,0.017487023950764458,normal
1FYF,1FYF_A.pdb,1FYF_B.pdb,575.648194731999,4.34034901099667,0.2898369788896976,3.5261016653269106,0.2550546275595815,2.446752554549937,0.25373952476364847,2.393777615034506,0.2976869013372595,4.7689489883849445,0.3603883063308106,7.280759853526675,0.27420276854995035,6.389677409047734,0.5032183256289429,15.114735111166143,0.8639271724267837,5.323175123094221,0.13674422756290086,20.05826543117464,7.587388340702527,1.823636057886221,0.050994853067469835,1.8855972254976592,0.06649784044252094,1.9447866240155502,0.10946551432855485,1.656439694042638,0.05797315321278843,2.3361968560385766,0.08991119216705246,2.6804069741534615,0.1079255287361565,2.517086575886237,0.17296728828059382,2.1097405704797665,0.11687076541937931,1.4651647235207788,0.07565851146599388,2.578059351775019,0.1913744711186511,24.599812367590552,pdb_mean,0.14970390951424772,1.484549861361423,0.021208810693184876,-0.28411394964203696,0.022327004288886003,weighted
1FYF,1FYF_A.pdb,1FYF_B.pdb,575.648194731999,4.36516610677976,0.22544006729423383,3.497770413181022,0.25174046091836033,2.634883292751553,0.2650849727227508,2.591773878854409,0.31324933175882946,4.55899409166089,0.3560607735579387,7.373390711301426,0.2697547031726715,4.99048387644229,0.2735571555695968,13.092213175104618,0.7610600487173845,5.5439216486721365,0.1452892323755865,6.7816768574919495,1.928122734750031,1.743770590115462,0.04113455704045807,1.871536374696863,0.06349932658713993,1.9719840205266237,0.11305494332619218,1.6760130068646988,0.05570472681919366,2.3675791684765226,0.08227144449657847,2.674414609552298,0.10373014523076585,3.0616704726295625,0.10283586712915324,2.120978203589076,0.10427740800179812,1.645663769026332,0.054576611522843446,2.238471797138648,0.061773693480950846,24.599812367590552,pdb_mean,0.14970390951424772,1.467998756165947,0.015831728309024067,-0.33385119098712446,0.01805839283272162,normal
1FYH,1FYH_A.pdb,1FYH_B.pdb,562.9143322710006,1.6777793315529324,0.19320126102836704,3.407426084672594,0.2270793021277377,2.557857644728759,0.3029235820690484,2.4012618341087393,0.23884578718155733,4.438148839640298,0.3168227141888677,4.940633225654295,0.3033734299516994,4.380342614918523,0.3150657196999229,4.294267428276916,0.2728880262805177,5.517622297393824,0.29738584762190756,6.114784960436167,0.31364473680642724,2.2700023943767924,0.06652238747048705,2.0345114873688592,0.05106639690815567,1.7370803605949205,0.05431289655514782,1.9543671350405074,0.07291359702074841,2.0103307511001396,0.06947592900134786,2.1514048556324115,0.08436520024680003,2.4962575216277294,0.0946992734207439,2.903637725361101,0.08202698301097416,2.6765455527811453,0.09525955790433639,2.516051344714143,0.07715903658094916,21.469239749077595,pdb_mean,0.11097898103654956,1.5994156683352452,0.014298735229606247,-0.13542927183664455,0.021628682765494636,weighted
1FYH,1FYH_A.pdb,1FYH_B.pdb,562.9143322710006,2.0513389425070336,0.1792990158939717,3.414449555495011,0.2111979406412626,3.3679380045825082,0.3262860255629478,2.7178278085263297,0.25335250791072933,4.520606609134847,0.32708631371653285,4.682360674497229,0.3013469756552809,3.9638149262581535,0.3061787518502491,4.155402505334909,0.2683697996801565,5.992370980173161,0.2523827579789001,5.53823467555684,0.23493646704609528,2.278500903382227,0.05599285865961025,2.0481008989503775,0.04677896439138224,1.7733610940905045,0.05069263797195357,1.9538672766651997,0.0743611006126271,1.989226319215283,0.06690614744096003,2.138832068665024,0.07523703745295905,2.559019587405155,0.08795312585843877,2.8323689376876873,0.07868485874721988,2.384525267672094,0.0653003425208423,2.650354655849513,0.060716295778466524,21.469239749077595,pdb_mean,0.11097898103654956,1.596768670494264,0.012870368879510397,-0.20353164932362125,0.019092586762299985,normal
1FZR,1FZR_C.pdb,1FZR_D.pdb,560.7395015959992,6.9517007435311085,0.251019433273532,4.322221911893519,0.2792355461909905,3.8499955288794334,0.324715876267555,5.210454127830951,0.3298574576456015,6.538732155499076,0.5349590514709301,4.186702460992622,0.3379899643394136,3.825406244564009,0.3152016651635848,4.6808425376960505,0.39802668250384354,5.327686734738825,0.385051476474686,9.190416094959774,0.4122813718874778,2.122520798580959,0.1109155126875047,2.686613894261666,0.09497477916590999,2.7298338358194227,0.08982889088498533,2.972006396076495,0.1188953030765537,2.7169331967879726,0.10690759473888636,2.4031096566305545,0.06250147258407623,2.4892493683313797,0.10120024688518611,2.284486005984237,0.09687577165804374,2.4734577856833218,0.10651228106361992,2.117322667995612,0.07726588621653682,23.545098719503315,pdb_mean,0.2509236157669743,1.5726079468763472,0.01760035395231477,-0.03011364838962594,0.023079032084457704,weighted
1FZR,1FZR_C.pdb,1FZR_D.pdb,560.7395015959992,6.752655515328565,0.2170609743339768,4.461213878657409,0.2454741797377567,3.9448726007083144,0.31182635811936776,4.951439661832607,0.3173131285780497,6.362307603920776,0.4059934069610958,3.9353437968004847,0.3064281099631616,3.781570831558497,0.31116057639437655,4.599479561732745,0.4157490630734991,5.668461503803303,0.31977478485536187,8.02484726951158,0.3533238741016912,2.1136666599144673,0.08956807445467395,2.5865989995942975,0.0782820998721041,2.6613073875569757,0.07993867300779096,2.9346300902317726,0.11746020696641579,2.8913579390808923,0.0971574859000339,2.341729446129688,0.05785488290024321,2.3933209980635297,0.09625023344582825,2.236375055990138,0.0935463360946386,2.37027661936623,0.07363971919408138,2.313479010354882,0.0710421271312409,23.545098719503315,pdb_mean,0.2509236157669743,1.6143467930899906,0.014285979484181824,-0.045075264000000004,0.01882075682920797,normal
1FZW,1FZW_A.pdb,1FZW_B.pdb,574.7082665759954,1.5736763816967452,0.179120263730169,2.3370378715376168,0.18561787219314946,2.801408949427516,0.20605646486560014,2.071783429876299,0.21241014664091806,1.874030545626683,0.20275038696214542,3.750743072649517,0.3012573458422704,5.877867603835847,0.31690661083198235,5.938637743296746,0.3536406306396944,29.029829062671855,1.170885418443959,42.83870280031582,0.3676843474933289,1.663955059687002,0.05342347014701993,1.7164771310072318,0.06089767995198792,1.7683109264289913,0.06120135851357363,1.6361566306650206,0.041457707667002165,1.9519947290380641,0.05036128143847304,2.028691305284406,0.05882301394586102,2.2876581140162378,0.07502576072399293,2.5657768704460775,0.08449997052387971,2.2989542959482807,0.06844184861041015,2.1337575434621563,0.0889061446179963,18.900938354725103,pdb_mean,0.1378904308973588,1.5055474801119626,0.018487213379940637,-0.2407504661501539,0.022344184592034938,weighted
1FZW,1FZW_A.pdb,1FZW_B.pdb,574.7082665759954,1.5360122319353942,0.164593153549601,2.316560086746885,0.18122793016427935,2.5929237480212914,0.19227672075137223,2.206444266475435,0.21503293402765594,2.093560773255635,0.22126201020156405,3.69376409664484,0.28340325088020774,5.954086662411262,0.3266701574720149,5.9914006377560645,0.3426515914308043,33.51411762184782,0.6165836658224804,43.666159350061314,0.1932421186353675,1.6473803260114661,0.047273422492631674,1.6972104863308917,0.05964520222411175,1.7197180172659008,0.05787346322670406,1.6410576820114304,0.04156567168272804,1.9438619775631847,0.04976278667797663,2.010746200142119,0.05804270031870197,2.2527061763440797,0.07099613941258935,2.4311308457826275,0.07224507223395714,2.3039357491071972,0.05757000712599264,2.082998438885399,0.07337348383800864,18.900938354725103,pdb_mean,0.1378904308973588,1.4907996620016946,0.014192414850794453,-0.31524635300000003,0.017293834357761963,normal
1G09,1G09_A.pdb,1G09_B.pdb,531.3126568509979,0.7571635305810462,0.03484208450780123,0.7560833974906342,0.08925879449179473,1.352266170664266,0.17527670067221082,1.897911022429912,0.21143633776097107,2.0876810073681713,0.215132994740936,3.5934487419087793,0.2374881385435934,4.715228346690409,0.24774249359259662,6.435964985405097,0.3531397614607562,5.832286438702732,0.1700873752770276,37.93791648671639,0.16176383555465781,1.4324279033572775,0.05257289762058249,1.3478504090298282,0.0566599315523172,1.417698724075378,0.0504758496732499,1.6417723815026564,0.08686158414395068,1.9494616860551186,0.05836250566401607,2.0256865973351004,0.0744853788336495,2.2139304743175336,0.09466070095430788,1.846162151724853,0.07103283789342402,1.9464514644033197,0.10066976928700902,1.4330307123678987,0.09483129429293932,14.871517436885112,pdb_mean,0.09974048899736847,1.4673382370333827,0.01712491305285002,-0.2724195184223064,0.022809158670230912,weighted
1G09,1G09_A.pdb,1G09_B.pdb,531.3126568509979,0.769253336058949,0.03353059735844135,0.7299529569591727,0.08054895560311834,1.5453455865441017,0.18525080182622497,1.903951958237417,0.20086341484066633,1.9847499373949062,0.19351496864847267,3.424039415432867,0.23126300742150244,4.550173020675889,0.2454082626417889,6.181145332606633,0.3104043971493458,5.9493473621191955,0.12483130575872314,37.936897734920365,0.15536638223918153,1.392646730402112,0.04348910361041794,1.3938428793933988,0.05738008529606631,1.4780168836956105,0.05007879736486255,1.6008177016995218,0.07405361060961367,1.9530123739850973,0.0576456540322968,2.0943034028064793,0.0762950863054907,2.3268772638710957,0.0813150029960799,1.9715354213210916,0.0647851635019743,2.2150558097556026,0.07280572404381708,1.4529743159958186,0.09327550613536592,14.871517436885112,pdb_mean,0.09974048899736847,1.484306229058039,0.013769035418003145,-0.4103022774755169,0.018554661171584604,normal
1G0S,1G0S_A.pdb,1G0S_B.pdb,551.0303761690011,7.221893893379137,0.8041331583816017,6.61853055307572,0.7097132389014407,5.1923473888872165,0.5534049681028266,5.393564669031515,0.5836112581774842,6.2518982617592895,0.5760653256720487,5.942963319475537,0.5436255108224278,6.113420214631262,0.5076610519927277,6.37131756393896,0.49672756162390463,6.8174199544447225,0.726392034141498,32.48306339700141,2.8767279481532673,1.8351674912710825,0.0538733782794507,2.089363253259219,0.07504506487111945,2.134860342990498,0.09503457536863819,2.459915526436033,0.13034480529644843,3.014387824921358,0.13346855018493228,2.4970146276512635,0.09704065885748393,2.6598606631831787,0.0844388779945177,2.728416903421784,0.09095269094044647,2.742054889026785,0.20856632672481482,2.6464052071652264,0.054431471463100164,20.233449902501583,pdb_mean,0.3008549304765198,1.5927239210812194,0.017485174293340653,-0.02881672435493844,0.0239449301697843,weighted
1G0S,1G0S_A.pdb,1G0S_B.pdb,551.0303761690011,6.891733382183653,0.7442797947123957,6.907820254439109,0.7092339909100736,5.6300643205266745,0.5271586627615739,6.097123083451571,0.5231594730045166,6.836356704176676,0.5960832098484391,6.527600222419562,0.5658378015289113,6.580797788134203,0.5023371368990744,6.39257449818739,0.4802816073669616,6.224230975281237,0.44616456759503953,31.1902935863225,2.8197357105164516,1.8480680778435066,0.053777674843126275,2.1776740037292246,0.0765169932681136,2.299888413100963,0.08725728306506703,2.4382163584424053,0.09666197484996276,3.1404796081786723,0.13276074010588895,2.5731144943486344,0.10007612623321693,2.6363686391417875,0.08422543558529537,2.6477702632844564,0.07772230623385658,3.086067276337639,0.11592351195871509,2.6484343249169147,0.0525187275350702,20.233449902501583,pdb_mean,0.3008549304765198,1.6228516012181489,0.013790351202234086,-0.08047950799999999,0.019481878099801606,normal
1G3I,1G3I_G.pdb,1G3I_M.pdb,534.7874953880018,0.6464090253041697,0.03450878616053904,0.5223318562515232,0.029305955645867503,0.6773858017309902,0.04594545066125089,0.8916427196211058,0.07277897812991259,1.8449187437013792,0.14727815376188774,3.1731268313898244,0.20627008162861243,3.6425828165154415,0.23051878911296816,4.329106994070927,0.2278262488425238,6.362707825010231,0.25629575183432296,16.190142310359086,2.9205214088523648,1.0883880960641688,0.025261039076166503,1.1162939525933278,0.023219121710059756,1.1907056684839297,0.02723342835929523,1.4537931529528407,0.03584021881261512,1.8656126676729472,0.05619990263567718,2.2700196578767566,0.0779081716485172,2.4561050442178565,0.07864465742805936,2.474628650076672,0.08477616388050896,2.1318499707434095,0.1059970863345528,2.2839047227942224,0.1479078944643534,15.762870122284731,pdb_mean,0.1445272181381674,1.5006650304487477,0.011410746729202548,-0.2614010079499849,0.022372166968315968,weighted
1G3I,1G3I_G.pdb,1G3I_M.pdb,534.7874953880018,0.6740026667936453,0.03337090378774722,0.5123264194195568,0.028687749464549477,0.6641687956825538,0.04510962078413787,0.874977409841722,0.0697858066570449,1.9255372317435415,0.1524025619886398,3.2564545383009413,0.20059936352405155,3.662076903788831,0.22702647446597174,4.396169585865846,0.23048909924722927,6.443654412899204,0.1653359086775414,20.42846226164798,1.4170351093471374,1.1117357447555791,0.024818085254963335,1.13019709092502,0.022503608162827503,1.1829448768451742,0.02699535804384051,1.453462200664105,0.036599413088545606,1.885707500589347,0.05676487157086844,2.281839560886008,0.07725352530598886,2.4825459153358227,0.0754102278212718,2.564282833654734,0.07914295148374502,2.051375329561619,0.07801301157812998,2.0781899925054015,0.05029398614866836,15.762870122284731,pdb_mean,0.1445272181381674,1.4881059978674462,0.009290374022513393,-0.4037687386990077,0.019251727209952232,normal
1G21,1G21_B.pdb,1G21_D.pdb,601.278973874003,7.414179418612664,0.35743624444824895,5.75169820106983,0.41227379697190614,4.619151737246836,0.7460308348728473,6.5975033588110135,0.8888753713391172,6.626579469088703,0.5881141759372914,6.021839414414164,0.5113526941259038,7.06663145836264,0.48664434453284533,6.662799810597234,0.5008140450476314,4.907954086104573,0.45571210837681486,17.82652744982619,1.615171283376677,2.3727978012631987,0.08166167623253012,2.1640839467361643,0.07913785760537946,1.882291971443281,0.05204298166068985,1.9627703285019238,0.096710972529772,2.2780084368072675,0.10868298605630203,2.395512569171342,0.08101979072505708,2.4320754709212125,0.061971283728860384,2.8035992172327067,0.10032250482480871,2.974931036813529,0.13932328808491293,2.2076128860113564,0.07950846470235394,25.658839466144144,pdb_mean,0.23801124642284263,1.5625797273872895,0.016893394955703033,-0.13204665999935825,0.0216624654320326,weighted
1G21,1G21_B.pdb,1G21_D.pdb,601.278973874003,6.928639504327134,0.2643609324710139,5.353957905094915,0.37744194269552833,5.946056067007907,0.816406721078536,7.956730763946606,0.9194596047397287,7.648860568805151,0.5808515898959248,6.307774147697277,0.5056383165745078,6.9632491213745595,0.4691568841617134,6.103833500377867,0.42921511358989733,5.567391310779394,0.33509769120826866,15.267268850514677,1.4065064296430774,2.6108431113740296,0.07713487104960037,2.1695073142869394,0.07275364880458132,1.8936442982074462,0.052876283430331586,2.026098688387181,0.08981468194072398,2.4179409861231678,0.10788685851244104,2.4529986209365067,0.0776818555788012,2.435377295923294,0.059233273475100434,2.689362024334827,0.08900738358847728,2.6324490629014825,0.0802866679717972,2.0618505300628236,0.07007392316993125,25.658839466144144,pdb_mean,0.23801124642284263,1.5790896351729438,0.014349370706969206,-0.14918455,0.018649469761983922,normal
1G5C,1G5C_A.pdb,1G5C_B.pdb,534.4193360329955,0.7248775385409453,0.06928928692722265,1.068576361215141,0.1304671250530757,2.416995662143035,0.23303320591130214,3.1655593948932594,0.22423578959965076,3.427220578201954,0.3049887584766531,4.041599862909551,0.3214388216022634,7.093164761144659,0.5372539782308582,8.076137558598068,0.7766210349505812,7.334300607860458,0.48805067505311117,42.67935689018811,1.017223984718799,1.2419621068202245,0.025553048222115057,1.3016300577481772,0.028868779644755416,1.7418509439004328,0.05313249064721843,1.9860850762932003,0.06445599263735528,1.9477428159719543,0.05876383945971006,2.2559735395521345,0.08440944759559689,2.319197889426118,0.09021422157041394,2.3591487721475155,0.11613801974068562,2.438346235209616,0.08343842571653762,2.04593576560938,0.12237728201241707,18.62925137026732,pdb_mean,0.2400659469813498,1.4915982188779824,0.017197533837427156,-0.2994315801015638,0.020938462152034203,weighted
1G5C,1G5C_A.pdb,1G5C_B.pdb,534.4193360329955,0.6795574614221358,0.06178496324418979,1.1083706928958836,0.12902200137841574,2.5526498084387055,0.23189213195667618,3.1759665899081266,0.2198330144456837,3.3656963906647093,0.29635462301862364,3.9813383910173137,0.3176651144070261,6.57851702194791,0.476663102783261,7.2467526332767855,0.5526774774328835,7.636086189807717,0.48109037866362064,45.01590546473943,0.5893977489401407,1.2182530372501197,0.024048275630028936,1.313485336184848,0.02918494947786482,1.7641764081885025,0.05456622957228967,2.0190451621294954,0.06515764590878001,1.9520402305588345,0.05821791365623356,2.3321852727405497,0.07948319585090736,2.3631816114648045,0.08209192344790835,2.2418744319968904,0.08793972310690354,2.5048407311070666,0.07680935777518451,2.2447883514987077,0.09021112282740748,18.62925137026732,pdb_mean,0.2400659469813498,1.440517433047756,0.01390236420885709,-0.40488139112903226,0.016923546209330283,normal
1G5G,1G5G_D.pdb,1G5G_F.pdb,554.2832219289994,5.867306842979066,0.5645557736000448,5.814169006630165,0.5614423712612634,5.709156708853766,0.5389976861425069,6.246013048721852,0.5562530379978907,5.838658970708806,0.4301972522070295,3.8964764298180197,0.3505417296897559,4.617805851812797,0.32592958507037956,4.00306261991162,0.23930612935539494,36.64094309919884,6.873258433337011,4.613038810520563,0.3036899810203439,2.200428639922891,0.09314980597584527,2.216355654869625,0.07722332016879059,2.1106503095959943,0.07203507821449825,2.8750148600643106,0.11062140820553815,2.8688829640849707,0.12185788699268743,2.265761738168809,0.09066548576251095,2.2400139333099345,0.09549653419645401,2.3927421209495496,0.1045189756536475,2.0486215797585374,0.07123212355950397,3.1404049710223494,0.09311489719923277,33.774299379963615,pdb_mean,0.3409873127474924,1.5115939961037947,0.016146926449693448,-0.0916725027591667,0.022246577628019782,weighted
1G5G,1G5G_D.pdb,1G5G_F.pdb,554.2832219289994,6.143989939477841,0.4928558747429486,6.6373330053863455,0.5745909415903345,6.158231257050334,0.5738042349506985,6.315028430424713,0.5448141826025872,5.449191799911769,0.4087500237268622,4.211954831107479,0.3683529375107956,4.417419728873981,0.30488383429379445,3.897917949186883,0.23618208801913423,11.539745200419063,2.798073301902985,4.32611696041617,0.2790324666095646,2.213691156043841,0.08317081879992586,2.2165167437248154,0.07656991939714539,2.055537249029794,0.06616794448971594,2.8769763911474295,0.10953945358158215,2.7111397750879886,0.11634723205627873,2.283672039036736,0.08446937608625635,2.2027452784570185,0.07991686056676658,2.5084011445398677,0.10127050429598602,2.1789786301766383,0.053873507295126945,3.3289426272163074,0.08821505560189137,33.774299379963615,pdb_mean,0.3409873127474924,1.5417778358315894,0.012932712321157863,-0.160674836,0.01809190873694423,normal
1G5H,1G5H_A.pdb,1G5H_B.pdb,598.4204923989964,2.925799591642645,0.3040040746493286,3.95065285241669,0.30770224603627694,4.820409592818928,0.5490748425793711,5.608492572421647,0.7199493273840475,4.187380834909784,0.38288462935736794,4.077522253738816,0.31140295160688375,5.015527587852375,0.3228990494846017,6.135785506631292,0.3894822749170257,6.306155008748053,0.5891396021755323,20.878918530167386,4.703465391283626,1.7351302713396934,0.06304805888538378,2.165293725472166,0.07826593595059579,1.9859201179733874,0.072521131189118,2.10295199995538,0.08005968324946262,2.0937696682232962,0.07454463052274453,2.3761586674028257,0.0808027837461685,2.2148439751902744,0.06421255006447019,2.6895291647789836,0.1307258740548472,2.494599515504798,0.10006723145204567,2.448144055002407,0.1689779282701888,26.079370927893805,pdb_mean,0.1277538295052693,1.523936413719794,0.017667860793670255,-0.26354284199532046,0.020089406667552344,weighted
1G5H,1G5H_A.pdb,1G5H_B.pdb,598.4204923989964,2.7635998098932144,0.255371635918911,3.7679795404695353,0.295152124833906,5.128523368053454,0.5856774484902048,7.708401771235121,0.8123557486444903,4.632233265444202,0.41012835530276986,4.02218462249252,0.31881001566248535,5.048070069944731,0.3191044016949514,6.016531842052791,0.35751976781633044,5.471483445911893,0.37173522972854556,20.655956756265464,2.520509862328225,1.7908054159268512,0.05716624344387598,2.223758012808799,0.07656620354076892,2.035514572246043,0.07275070889456639,2.211139102132457,0.08279606872285536,2.142191293303899,0.07248326209794566,2.358028454495211,0.08259463306669793,2.182128346062216,0.06095012780925555,2.6242536869158846,0.10427759452919616,2.5954315795879084,0.07101860541214315,2.863131408662339,0.06727376411431718,26.079370927893805,pdb_mean,0.1277538295052693,1.5656117384005046,0.0154366020428773,-0.253298992,0.017837980890868757,normal
1G60,1G60_A.pdb,1G60_B.pdb,568.3197725360005,0.6628907783715201,0.038832090187235026,1.0765175086509233,0.1617350024686287,2.2942594374598206,0.18927145269860618,3.8970230528327074,0.34767299368732907,3.9220528349939467,0.41481507189953587,4.486577076796776,0.3710718556190219,4.755910757574097,0.32428521634665153,5.344840813427732,0.36272552759300575,4.460081036397426,0.20828796614953518,55.912262582269804,0.236435312094271,1.190642165541294,0.024387055733788764,1.4387984019040743,0.03438010584243478,1.8478366175534404,0.06425570913839883,2.1498267460543516,0.08187968303905305,2.324366308854873,0.11274889588238127,2.3419999908632967,0.07820596174463808,2.5122330857172126,0.07911270898358974,2.5790557105151826,0.07957027931818807,3.4442869721958065,0.07339662018535698,2.178727181006761,0.09704532652070955,19.22646978887228,pdb_mean,0.1635500112347914,1.4915480220074742,0.018362602998780925,-0.17168051740122342,0.02309452818381898,weighted
1G60,1G60_A.pdb,1G60_B.pdb,568.3197725360005,0.6858614916041198,0.039738203170982776,1.1165833406124148,0.1617167190080715,2.3707065505614775,0.1788310531393197,4.176756730009884,0.32336630022996454,4.205425457625498,0.4190208369780331,4.812875086714577,0.38301709629910186,4.813708964878181,0.3026011371367912,4.858577789824913,0.3008617846064307,4.42400902965719,0.19147793594736456,55.4724569223971,0.17550106233219503,1.1959119111573235,0.02445508584296323,1.4527687904356434,0.03221310662092651,1.8804076611401541,0.058345802406949566,2.228812590480656,0.0745660608552073,2.3861065740496277,0.11242044214696875,2.334987047978203,0.08225853041812534,2.547422225252062,0.07930814431186811,2.7380027682685983,0.061120950969832166,3.4589204632386794,0.06829703148107336,2.279939088851197,0.08176059157703398,19.22646978887228,pdb_mean,0.1635500112347914,1.4408274993606447,0.016151357805532705,-0.2637682773869346,0.018766867717387548,normal
1G6V,1G6V_A.pdb,1G6V_K.pdb,514.7104748030033,0.8061820988937501,0.05432016427370985,1.0103676503953585,0.06217560521069885,1.4023474075061588,0.1445472338860412,1.7182879700184475,0.16207066017055105,1.7404409348470504,0.13828538387922165,2.6890775166789935,0.20351648797035327,4.269979479599622,0.24385968018202994,5.909101011422063,0.2385030107164033,9.452498732488442,0.46593644926696787,18.183327151796732,2.247708578195935,1.0562365901479658,0.017721143165622358,1.1017147450920977,0.020057825321471587,1.418257710156087,0.054113243729404036,1.5807909874163015,0.04821333032315521,1.9968123945903915,0.04794648441318897,2.044184835034238,0.07271238279588305,2.1664489787072667,0.08052544645602325,2.2741748729304843,0.07390946301871446,2.318088657941663,0.06527325752155352,2.1965937832591487,0.2599415651002549,15.451547088709091,pdb_mean,0.0952253881514536,1.3002397140610955,0.018397885662508832,-0.2778062926647885,0.022057441927540493,weighted
1G6V,1G6V_A.pdb,1G6V_K.pdb,514.7104748030033,0.7405669101658293,0.050083142581856636,0.9959683283528306,0.058009330398771375,1.3904471146372115,0.14255699343682876,1.8250625462797077,0.1685547092842239,1.854026544377415,0.14660428055899893,2.7854821219430166,0.20786748567140503,4.251721895967465,0.246404077456892,5.745783083033041,0.2399335148384663,8.590592159882775,0.37865923798411805,17.695866444685958,2.3067733063404057,1.0614332612141133,0.01729784433224007,1.090001840694547,0.019400452509115027,1.4188886991025642,0.05298980916554517,1.6181522535374895,0.05256555835548191,2.0243983203738747,0.04917329563474715,2.0923327779803107,0.07383402523947111,2.199134287470725,0.08069895837464619,2.391749059882099,0.07219238565569829,2.3943541774734873,0.05980031710946028,2.2780059425162325,0.26494803027683395,15.451547088709091,pdb_mean,0.0952253881514536,1.2988019364526329,0.015601491822065916,-0.41309352637614677,0.01747575111016485,normal
1G64,1G64_A.pdb,1G64_B.pdb,547.869927488995,2.985216218661485,0.48608333642045026,2.5165392739163983,0.30820979645594576,2.485206441206036,0.2758943101923841,2.5409685339367036,0.2989123369170451,3.816657189053363,0.5210362823001823,4.964742175486644,0.644467993847114,5.360856107635529,0.49502003693335167,6.047804276814755,0.3663339061411363,4.863764549154253,0.3913721465176974,7.552039530269491,0.33176507782819004,1.6114672453963559,0.09477786775130476,1.7881401815425113,0.11173929945564386,1.8155951184345656,0.08747954163352858,1.9709941973792122,0.09308366886526978,2.0328031860895335,0.07348645433050703,2.363183496589151,0.09621251662389739,2.651442404182799,0.09332760366848307,2.6309634028115196,0.09027317390063895,3.209554699938654,0.13830386034809067,1.8719398949927684,0.052522372839011705,17.50477704974599,pdb_mean,0.23163557150057093,1.6119420971610452,0.01647041857053041,-0.14756277060838036,0.023052055130549236,weighted
1G64,1G64_A.pdb,1G64_B.pdb,547.869927488995,4.863031085394642,0.4078386888044235,3.2159395756650486,0.29003189106555805,2.822788301552784,0.2766315739813544,2.9245761348986665,0.3117369344087373,4.252897735317956,0.5655206628679272,6.217842957252246,0.7282115990697235,5.640300183862459,0.5128684985719886,6.108225817605675,0.37251327264179157,5.507281948736283,0.33053955167796406,7.10351692731675,0.2095134583397899,1.9785703029106159,0.07979691337107643,2.119887541422884,0.10806046104737818,2.013710694586853,0.08470780153612364,2.11289816666903,0.08771091170978922,2.1127183960828075,0.07092645192731253,2.415429706575786,0.09132256126252902,2.719278496278069,0.09345735128661269,2.598553551974672,0.08355089805868772,2.8651631096675727,0.09730924955519404,1.85999985943827,0.045536639180047064,17.50477704974599,pdb_mean,0.23163557150057093,1.5937186723106196,0.014310281385134467,-0.17931951399999999,0.01934184803237005,normal
1G6W,1G6W_C.pdb,1G6W_D.pdb,563.1248414390066,1.9803308356043228,0.19683276615684533,2.8230019772088237,0.22060370399653745,2.1837155317820303,0.22064612422446217,2.587917287788694,0.22564705360722281,2.233782215285895,0.18555799871116782,2.873756668632173,0.23663325234853763,4.431141136478761,0.30985819819880367,4.508786669323247,0.27127144100688483,8.763637102525564,0.9881410375781211,7.555285763362198,0.29815968995508674,1.6182439121551517,0.04776230066618592,1.8139779822890296,0.03935149589465359,1.5686932492388423,0.046516831633019805,1.5975144497278637,0.05335519734811619,1.9781499525294075,0.08370193812410061,2.2923882855181907,0.09217417007279699,2.034672669826884,0.06910955031873656,2.2141856960973243,0.07735241880163711,2.8604132573816616,0.10170171470034864,2.698875039426284,0.13326608043084764,20.201926109568653,pdb_mean,0.054295046665712776,1.4735631438704668,0.014866086586833128,-0.2405866414642037,0.021742458102764095,weighted
1G6W,1G6W_C.pdb,1G6W_D.pdb,563.1248414390066,1.7940034136703624,0.15588648361914603,2.814980201971632,0.20966462355095863,2.001204460774021,0.20826451023643427,2.626691632778987,0.22429292211750393,2.1996677087787977,0.1849812458677533,2.8811921304443575,0.23140280367825428,4.203536659932253,0.29774298944507993,4.604541996798321,0.26795615161644654,5.449129263998086,0.6190330685365805,7.523252977963427,0.1946736575011964,1.601589423885828,0.041298408470645594,1.8481089201184233,0.043520582561840444,1.546768841026151,0.044121193095796096,1.613979929414369,0.05215876570816903,1.9889193349202683,0.08265612386321095,2.245864820840607,0.08981158539352246,2.107642893718057,0.06948814362339181,2.279797076502888,0.07195758326926041,2.7053273356766607,0.07857751584135815,2.9877099427355045,0.07685406622111685,20.201926109568653,pdb_mean,0.054295046665712776,1.499690921181981,0.01278795853398088,-0.284602017,0.018410988185102523,normal
1G8K,1G8K_A.pdb,1G8K_B.pdb,585.0869894740026,1.6900299833294172,0.225630661805339,3.1279757611718884,0.2321897875978246,3.3432674223284,0.34278218881757994,4.503383924837748,0.3879696669118126,4.233513811355283,0.3653092448125148,5.359058021046203,0.445312409739133,6.317057191651537,0.4190950238868377,9.097469979885801,0.8463339338649744,18.840587545235497,1.9243835315904854,34.20004939837088,0.49276942726938644,2.237858821640915,0.07858090831898018,1.763568138077156,0.0543701443963904,1.7890640577290333,0.07862203362152081,2.1707020477148515,0.0941172456178983,2.1379371155741667,0.0856353136105228,2.5189723965836874,0.0975414915948063,2.6527899319095423,0.0852312383609589,3.021506889454484,0.11947624170782939,2.452170230445765,0.11384907746253031,2.7260926454337366,0.08073637239806043,20.52454203493837,pdb_mean,0.26765733392200103,1.4229874655742298,0.018828874720651135,-0.14787339865387283,0.02089314048075378,weighted
1G8K,1G8K_A.pdb,1G8K_B.pdb,585.0869894740026,2.1784303519867705,0.2008845982990374,3.1932411789484347,0.22592190599131282,3.6045948356676836,0.32150475781825744,4.775978564257614,0.3945376122914572,4.496795758322492,0.3550443837375322,5.570423786064374,0.44561491453614177,5.724964846746258,0.39292399261809574,8.058698516414808,0.740288505468391,14.456148509010665,1.0090038475636605,33.39279046078898,0.38367740555542035,2.174750031713607,0.06718011415373158,1.7750649994817729,0.0546494247946986,1.8573226765790851,0.07164719453636761,2.2757141991632057,0.08934643730171091,2.258221119933502,0.08405711716817446,2.536649964338455,0.09641200327589919,2.7377050096396713,0.08628940575323668,3.0403453453090914,0.11321405774149891,2.364555613386225,0.07420062153813903,2.894865223796531,0.061627689963842325,20.52454203493837,pdb_mean,0.26765733392200103,1.3728438366122155,0.015979083609246648,-0.212029696,0.01836352361900802,normal
1G8M,1G8M_A.pdb,1G8M_B.pdb,628.1615438689987,14.881975141708967,1.076495886134641,9.497760100246397,0.9481229056635463,5.498176338475395,0.5731457164180164,4.116282829608895,0.45926209720532335,4.075342179290398,0.3812114369766285,4.793650717359104,0.5203272798002834,4.384133633153523,0.31935892702333785,3.9653569042937304,0.280038409826712,5.632854379975334,0.25736163374730364,10.364577658863732,0.9096783315763887,2.5724464960654583,0.10189773859323834,2.5069171393893934,0.09665860051664324,2.320177077586415,0.09025611694949726,2.0782640313924237,0.10574918400155861,2.009845678572368,0.06734511233376377,1.9968473409040635,0.08523600871571248,2.0933007000285757,0.07942868499986531,2.0593701652685783,0.09679230273321833,2.1788467893780967,0.08506100748495538,2.7503749987502553,0.1659958409927971,33.47167828433553,pdb_mean,0.25103221731070025,1.504725920355181,0.018112082351864844,-0.2957134029842624,0.02022703721215101,weighted
1G8M,1G8M_A.pdb,1G8M_B.pdb,628.1615438689987,14.697347073421037,0.9956242921124743,10.55939476163827,0.9645291731395351,5.721176379506736,0.5813724134120116,4.226616929695734,0.4490855211979006,3.8605648702440156,0.3649146433007743,3.9332915877186787,0.31090124135905406,4.268159674434629,0.3225466483141435,3.6136641648798644,0.26509621644673637,5.58569035051356,0.25566159842828584,10.683303473666303,0.7946628752804454,2.4971355897137864,0.08340864657466443,2.531769394358296,0.09303429425475264,2.3584449525042874,0.09023089198157927,2.1204438642272905,0.10350464450013877,2.009087831889945,0.06734791373948783,1.9984544203795067,0.07529348950422811,2.0799947178316995,0.0766890260999918,2.0619331036589923,0.09561198964867326,2.2476501056701106,0.07924038614886733,3.1480465948740655,0.1525393486004663,33.47167828433553,pdb_mean,0.25103221731070025,1.550955010635994,0.015716949956460325,-0.283032114,0.01815812735946291,normal
1G8R,1G8R_A.pdb,1G8R_B.pdb,602.4493947689989,5.857782367814353,0.41943953754379865,4.834997227130007,0.5467855332425838,5.0907468597475525,0.5058122060003205,4.928392288519597,0.47922579891192507,5.91673552497036,0.45334444266233087,7.066283411120718,0.5501464654332217,7.383411507577029,0.8720975176999509,4.285831292858302,0.26592725156317254,10.628964909163582,0.8260108283296494,20.100722370075964,3.4112660158672363,3.132775047031979,0.12017328479209378,2.482461510498842,0.13470552147077167,2.2467514348122015,0.08762402217265443,2.073722544359729,0.07286578163623282,2.3169074433360084,0.09234823654298241,2.342453881711416,0.07354789665376903,2.482708806503737,0.10011196787022944,2.6967368546752724,0.08652387094116921,2.8251477072110593,0.10154379729046091,1.2620845575381228,0.04493454552424824,30.79459557620544,pdb_mean,0.1495470308249863,1.4260162631070412,0.016407936104468716,-0.24163864860347445,0.01969174781984783,weighted
1G8R,1G8R_A.pdb,1G8R_B.pdb,602.4493947689989,6.199106948973051,0.36356776861500995,4.072538419730696,0.3475572844262534,5.3493768740354355,0.5157903495042986,5.281634362821685,0.508643066467306,5.9516397807080965,0.4599665518218446,7.294259458309024,0.5737655313790472,7.225005559702533,0.6019531467074369,4.1495332065098065,0.24765302499386213,9.394260760253497,0.7720292103933766,13.190181465844292,2.3983791045985043,3.249866857988509,0.10243489101307783,2.3219950982208615,0.07880122817770872,2.319151754340547,0.09030535500525004,2.1339563980046448,0.07127196261061952,2.3707011971932186,0.09049812378830194,2.3858205766783387,0.07332130574827346,2.5076907902073344,0.0729364071516775,2.744170107271758,0.08334375676836984,2.9102194193917934,0.09979149885182752,1.2997900244768064,0.04243101039381343,30.79459557620544,pdb_mean,0.1495470308249863,1.403335378976013,0.01430065057690564,-0.300639546,0.01668435193333914,normal
1GCQ,1GCQ_B.pdb,1GCQ_C.pdb,557.3741295480067,0.5874732255386255,0.05576894524617088,0.5236143566714583,0.04023653476853265,0.6069899355043761,0.08021327516396307,1.3462908746535898,0.170866914263953,2.333825880261359,0.23638813005227075,3.7842622551291605,0.303536329750855,4.8655030543567115,0.2934729724796655,6.032466829300831,0.23900808690009284,5.831263643956984,0.2991409398913961,17.490807075609954,1.1299992226947393,1.1436573919910964,0.04284921052313582,1.299976338757543,0.044815288831613946,1.5296793824516512,0.04471763598164979,1.750841470032943,0.04047526254569668,2.0880391518100856,0.047732506779261684,2.0935629265198106,0.055975233899759815,2.2373057859847383,0.0766287186263823,2.1332405245669603,0.0742430708212951,2.0041438505666647,0.11242221652635338,2.181567223757611,0.08528265574272005,10.806303687496822,pdb_mean,0.1911052286443835,1.624740405794722,0.016030079854500535,-0.24742615033731263,0.021874631784314667,weighted
1GCQ,1GCQ_B.pdb,1GCQ_C.pdb,557.3741295480067,0.618567623031192,0.051737984424377666,0.5543778587569308,0.04215177000250695,0.656308751825716,0.08689969442803909,1.6999944300128984,0.18348494992159026,2.518102251588954,0.24505795934803806,3.922012458525254,0.2896469286641456,4.654872229795431,0.28130146261885713,6.12767854562072,0.24331973792529826,5.779569917441962,0.18409489289466482,18.433427905003036,0.9973383067247202,1.1035736619438303,0.03220440982553251,1.2501287331215898,0.04066380758476364,1.5249599045108324,0.044536126076293286,1.7699224002827645,0.041028501755631566,2.099922898675095,0.04802540865511847,2.109575480968575,0.05621087142755047,2.2549513700388513,0.07119639440987369,2.1664000896146764,0.07129514745886537,1.7736862735807477,0.07073962568015392,1.9926907219501366,0.06321652893877486,10.806303687496822,pdb_mean,0.1911052286443835,1.598506536950868,0.012943697103307476,-0.3369515092783505,0.019082790908906043,normal
1G8Y,1G8Y_G.pdb,1G8Y_H.pdb,573.0069481930041,2.4309865459384037,0.2068254692815174,3.4053314904920535,0.24805747735885922,3.8263407331256056,0.37013030027532245,4.280296708259846,0.383989900899055,4.514947496098395,0.38641471831548296,5.116329288434236,0.3719616121229585,4.561261209443523,0.3250711827451857,4.608063053126437,0.29743945372443714,4.5071008712804685,0.4043699469204127,5.871195626556629,0.18233121016319492,1.8414014908764902,0.037535971722866865,1.8506224894788503,0.06480162796727237,2.0979574137424133,0.0712568105078648,2.1629781929338106,0.07372490024848077,2.0458188022323904,0.08108839472953701,2.14065785827619,0.07790017681230599,2.3964830664389405,0.08127679270371273,2.8200340762523255,0.08439181334016793,3.0107299259875315,0.1573384070214407,2.917660230325551,0.05240898473561755,18.4765751935327,pdb_mean,0.2684061278054908,1.5911016583868363,0.016731647620815464,-0.09781161567236343,0.023342393406346282,weighted
1G8Y,1G8Y_G.pdb,1G8Y_H.pdb,573.0069481930041,2.6509620540382794,0.17740254710028297,3.507611279145842,0.2478992328356297,4.327455072221195,0.38954632182520477,4.451480754923421,0.38403152962080217,4.844744763211748,0.3818514920927479,5.157375005020418,0.3781309733491374,4.414555751648368,0.30957698403845624,4.690623346674965,0.29204822712342715,4.6464310842723116,0.2524008998268716,5.7900881543698315,0.16661554838434642,1.832983631212966,0.034559292888959356,1.9305587962516733,0.06434641282968298,2.1679059830194407,0.0736884025646565,2.195211610697036,0.07320909080023846,2.112462883754556,0.07648243239224588,2.2416275677021256,0.07454156810935123,2.246692884421562,0.06700837635659893,2.73872775094247,0.08192118553172066,2.7605183765092103,0.09618802651402117,2.938694265352321,0.047367156509378096,18.4765751935327,pdb_mean,0.2684061278054908,1.5698559733887618,0.014499603989925596,-0.16622219487179488,0.01925543015583181,normal
1GG2,1GG2_A.pdb,1GG2_B.pdb,592.0098281489991,4.662170657151244,0.06724440505843997,4.168357327503781,0.1786077415379687,4.336085300443578,0.36754869563881915,3.6670135736391765,0.3483375776513337,3.7542819088008463,0.3199268264153824,3.543322534311978,0.3735391018709902,3.7468069309315144,0.36577291947075175,4.427692433486399,0.3325773414743236,5.5064464920781635,0.2710976016511264,18.54400475149239,2.318787369725828,1.440147173652059,0.02582536845838558,1.5499452192890757,0.037087417551009166,1.8550761494345176,0.05905344712466802,1.8671949476303276,0.07513171210122697,1.7524688154311592,0.05964091754395424,1.8312721141240642,0.06183412341850067,2.0206912125894023,0.07018087970354982,2.4428150392204087,0.09302951411686591,2.66143946940866,0.10445501156943489,2.3747677124399895,0.1615354204659644,22.036984019977076,pdb_mean,0.4099865909135761,1.5250057874391258,0.013469784502156126,-0.21933870653833643,0.02123807533145994,weighted
1GG2,1GG2_A.pdb,1GG2_B.pdb,592.0098281489991,4.690444891816511,0.0683654342066711,4.2874881542395915,0.17728212940569626,4.75434692722256,0.3843572395993319,3.4648189085792365,0.3323718671735048,3.6595262400485895,0.32335342656085275,3.5940295854403828,0.36781033140557523,3.754811179376731,0.35533515104469304,4.5292187367671035,0.34388248674816096,5.443321696091036,0.28453654365546754,21.044427789027594,1.703317422485147,1.43982360830648,0.022750254384513263,1.527580654912549,0.03522210122340287,1.8652553367562428,0.052287237285097335,1.864880553695086,0.06962443193257088,1.7488334142745385,0.057506957798075596,1.8662932691710616,0.06031289051793267,2.058320716911916,0.06592203262867675,2.3749063960237655,0.08524987947511165,2.704021413389676,0.10027393133446265,2.2996718618582115,0.08399236814820928,22.036984019977076,pdb_mean,0.4099865909135761,1.5102900709889464,0.012034794022439146,-0.31017954099999995,0.017449622341053964,normal
1GGM,1GGM_A.pdb,1GGM_B.pdb,592.440643906004,3.7989968990412404,0.2358529336708008,3.5288982857699716,0.27151880290403196,2.692890358844984,0.2265965317925441,2.086175095798691,0.1767581764764872,3.7320689964946396,0.43373563809866117,4.89157081289283,0.4945181170285038,4.398754473969541,0.3704120451339018,8.823237983760702,0.8467984690720883,8.418933710096235,0.3814604006719443,43.709966348312214,4.155259412194607,1.603621218490998,0.043687470223522214,1.8959343306065959,0.07711653454687677,1.7334504614080282,0.05637736542000959,1.6763541692569228,0.04366882592649468,1.9113946452902293,0.05738525827306383,1.9228386314355976,0.059581236721450256,2.3506907226479035,0.08020802134627249,2.5607265280922746,0.09417450924119929,2.570074349795933,0.13998937889523047,1.4724027201662184,0.11745295198029462,26.18145607486853,pdb_mean,0.14892462280683416,1.4889240426617865,0.019374810889837567,-0.25609749289370887,0.0218563149935455,weighted
1GGM,1GGM_A.pdb,1GGM_B.pdb,592.440643906004,3.7428379602223556,0.1964841218433466,3.8685534815022002,0.2660248661339536,2.644851344693439,0.2205249053589383,2.110689801883699,0.17453767907361883,4.3014487878217516,0.4802014762949258,4.827223048440885,0.4918494294173703,4.310907413954061,0.3566321843755609,7.990215659216102,0.7781746257582014,7.959330459397499,0.2916503835819646,39.79225990743381,3.7879979452990513,1.585734530455163,0.04317034489785634,2.0089971343613455,0.0759882350941874,1.7819069731896053,0.057745207315648826,1.7016222198227218,0.04207457293689758,1.8951383453118864,0.05224320505731099,1.9246010131833657,0.059583011989919166,2.32783818162924,0.07703336536020534,2.524727928609091,0.08415811152044232,2.7392713178359065,0.10535442209076337,1.5493812323138971,0.11143986851762705,26.18145607486853,pdb_mean,0.14892462280683416,1.4885769298335578,0.01522125751441923,-0.2940228361344538,0.01794129935229267,normal
1GGP,1GGP_A.pdb,1GGP_B.pdb,562.159413636,7.783866139002999,0.5769875192587391,4.174376832566574,0.2983816660360264,3.390215207670462,0.23613695735087903,2.071146505517764,0.1854443326646546,4.644094973930185,0.3228787229534632,6.106718201124913,0.43339046650134005,6.826409879166658,0.5461310613772651,5.376385995116047,0.5440824902197571,5.241155632477734,0.19940050392064096,8.049808263761692,0.26969007108764476,2.244403403204303,0.15705486221289164,1.888164515469048,0.05446941980789526,2.0501114799848166,0.080527281038911,2.1478461920058955,0.07557913889839965,2.090008312031608,0.06842256546545591,2.1439200506623006,0.08529781916877399,2.205400826288295,0.1234100255043934,2.6959446899986728,0.10759456276321498,1.9042166157824263,0.05906393016251807,1.6789597679796324,0.05571547292288669,18.506487320893655,pdb_mean,0.23899807795083672,1.6139820743122821,0.01891152377439284,-0.3345227524231462,0.020004183634344044,weighted
1GGP,1GGP_A.pdb,1GGP_B.pdb,562.159413636,9.299804468967444,0.5370050842354085,4.706067348525226,0.28948293386910084,3.5238652444248912,0.23603491586290168,2.1729950622123604,0.18801515384876494,4.662174167830564,0.3434615225360208,6.277096421167853,0.45319504574576086,8.305555015896697,0.5245047740094645,4.0178849245660615,0.37877993521657727,5.306450638779319,0.1676032152423736,8.242716093002947,0.274962552354061,2.6223635218022876,0.15341279017507978,1.9676157425454568,0.05591553876349494,2.0974220841468125,0.08080554607720686,2.188550991899618,0.07546268352098176,2.0794485511873777,0.06260052768170382,2.239613442834056,0.07987938486060689,2.536068130781692,0.11177051873148809,2.568964696018109,0.09007445616132316,1.8538005664966357,0.04879466259845107,1.6120697641555235,0.05051091017876989,18.506487320893655,pdb_mean,0.23899807795083672,1.6697901210465267,0.01551790183208238,-0.36037449140546,0.015698673527883466,normal
1GH7,1GH7_A.pdb,1GH7_B.pdb,587.0625282580004,7.948702020382267,0.27259038329357144,5.230964284462552,0.3013325871012814,11.177872088363523,1.2905625788880524,8.055128273757278,0.7580007682994,5.615391266810658,0.4880618609686755,4.193742697176653,0.3678981013343137,5.783316254654705,0.7147617572513579,8.349713240517382,0.6326086920835516,5.5830799308802685,0.4177247636723473,5.831268132485466,0.3858084690378676,2.2751290271512143,0.057860814898336825,2.848612885805915,0.07865699957356484,2.806421710596575,0.1278027076189555,2.071888402112037,0.07499781787592232,2.102078945905306,0.06927097389666259,2.8073202565583246,0.10170016788793491,2.414174700330226,0.10411270963195511,2.5081330179273396,0.1008747622837322,2.7315852597236137,0.12214184823796306,2.834986418907285,0.0920833098257678,45.559906415584656,pdb_mean,0.15593068810105948,1.5281415715202988,0.019732594721871607,-0.18694922625984975,0.021180814237422477,weighted
1GH7,1GH7_A.pdb,1GH7_B.pdb,587.0625282580004,7.819018438688071,0.24950346317419844,4.991554413747613,0.28011423147118786,7.717485345838001,0.5486535106193219,8.52909161808504,0.7234061143408816,5.590046926941068,0.4788249389574898,4.217844190660185,0.34658166080915714,4.1127956746215,0.35060216927329213,7.218428299264598,0.4599984836204256,5.655616678117664,0.3834716965073109,5.8659316870365465,0.3359023045653735,2.216061194748199,0.05676784293691428,2.8392479844863603,0.07092099959836065,2.8201746598754704,0.09567832336470622,2.1317484447993915,0.07567625358578484,2.0800485577222845,0.06839553830583688,2.8277355509082294,0.10594089084069089,2.4698172007328707,0.07694770669569224,2.4455498332286494,0.0783477043896086,2.6707026526822064,0.10132667383086276,2.832267477244472,0.08009925573584809,45.559906415584656,pdb_mean,0.15593068810105948,1.5243267148728945,0.017926522067170422,-0.18990858,0.018024363638406742,normal
1GHQ,1GHQ_A.pdb,1GHQ_B.pdb,510.4356416619994,0.5776120835774762,0.04182061381219885,0.5956257174689397,0.06115381626990994,2.1129299570680122,0.15834781855625593,3.6302262538912937,0.19464386805729905,4.315656259835103,0.2572506071761484,4.458737213712522,0.2747616353037216,6.866187257685174,0.45614854616714406,9.060999800580188,0.6644784121459231,11.91876506247984,0.9157183488667011,16.796128713361433,2.243789952938196,2.245451929551204,0.06290824485192337,1.8792186336393741,0.04101198592658198,1.9742077409582215,0.06755327780335117,1.876737678693389,0.051496367609108286,2.0028796909758455,0.06044450938307665,2.3116459993230603,0.0862169641458066,2.4558574277013885,0.07424354942979969,2.411488703506241,0.0951336260323325,2.4384523634831914,0.06820500576443414,2.59423401699237,0.08358434370639714,17.68232156842526,pdb_mean,0.0885452039416681,1.4495337751376671,0.01555014040485355,-0.22578359529234268,0.018753103287330954,weighted
1GHQ,1GHQ_A.pdb,1GHQ_B.pdb,510.4356416619994,0.5713048335189355,0.04094294316942629,0.6662999694665703,0.06532658365635367,2.125644782864819,0.15998991215293165,3.6418120326455194,0.19286423258575439,4.535818581003445,0.2515721464128061,4.235319733235543,0.2554831301091321,6.665876411489761,0.45341481772965053,9.218511373681423,0.6820431513741828,13.020552735304763,0.7379542884145123,20.150828210794003,1.5689857225756618,2.283129094077483,0.06154157519592119,1.8351267807773324,0.03821132825604618,1.9794974013940723,0.06798226195874423,1.8517341158375606,0.04947778775035109,1.9995891708729259,0.05821563106726737,2.4814433128153035,0.08768263433780674,2.4946195178806763,0.07311887976413385,2.6148391208843766,0.0838817044873591,2.434866811956749,0.052184565539594316,2.6438114367308763,0.06048675797820678,17.68232156842526,pdb_mean,0.0885452039416681,1.493338138532544,0.01295394538016411,-0.2919391851851852,0.016665826932706625,normal
1GK0,1GK0_C.pdb,1GK0_D.pdb,537.6725161110007,4.3040303415926315,0.6917417815685446,5.045315433519867,0.7103280691210728,5.502301820935414,0.6624847034270063,5.772913090150409,0.6081723937056341,9.097678493978947,0.8293824092593169,7.738385925377552,0.6654373484260623,6.383824683946486,0.5497428060640505,7.654393837213385,0.6953585988264875,4.458512430525239,0.6112561651407054,61.90678564770653,0.1974998929621705,1.5585777206366573,0.0657094164432271,1.8823455814649022,0.08090166921492781,2.180681120269028,0.07463883764415893,2.2348819043078296,0.07601328915420294,2.3224961741210874,0.07771257925990133,2.4688994110733424,0.07434433346932522,2.2198123344045633,0.0784422459312536,2.667129624779731,0.09005386454307171,2.9674932083831225,0.09299759380685071,2.343998045910905,0.07639094499720876,21.60323926949789,pdb_mean,0.4325663469734369,1.6059451475368338,0.018362678762425987,-0.1782799070685131,0.02185257219058286,weighted
1GK0,1GK0_C.pdb,1GK0_D.pdb,537.6725161110007,4.74276556037724,0.5915359135019799,5.213693191270605,0.6412938349937533,6.150197972380114,0.652180142512939,6.677130018285298,0.6438715547210662,10.23725886129718,0.8257297288575206,7.767755321812331,0.6486383393364392,6.650650136367951,0.5637406389612638,8.30965204346572,0.643024533962772,3.9572946367841153,0.3544150452788323,61.96048338072242,0.1770299254853807,1.677047896536813,0.06324285668958377,1.904655786409964,0.07252630616928112,2.182954022709329,0.07553065709572561,2.181294473106684,0.0752315432109272,2.3063763480824666,0.07470627650366084,2.435091859759156,0.06957143441406406,2.2415300732775005,0.0789118398071306,2.6915829265096174,0.07947436568129009,2.832673074392699,0.07658467284369103,2.24351287864995,0.06783350255530089,21.60323926949789,pdb_mean,0.4325663469734369,1.6417158208147344,0.015761484740195546,-0.189169002,0.01922536447944219,normal
1GK2,1GK2_B.pdb,1GK2_D.pdb,578.2065469580048,4.84795150769206,0.22017532013192362,3.274993436731419,0.24107959797601855,4.050884927410941,0.3101114324670334,3.4589156498762845,0.2906272250894301,3.376124451755832,0.27081297500294327,2.826441226178274,0.24084243864924096,3.1769304703480032,0.24284803285391882,4.26221568585689,0.2503729426528586,4.700152372035871,0.2848571049246614,61.24633039574637,5.053307000598022,1.780874723169801,0.04396439628384168,1.9479206812697873,0.07393059494679986,1.9147904514191436,0.05243914060566749,2.113203333982505,0.0755949530064978,1.921577295318896,0.08428809897796342,2.028643698862122,0.08677481965248833,1.823325740380797,0.055770973413041665,2.1588203237512325,0.08059918744702055,2.1328974188540792,0.06969720758212139,2.2559324484430174,0.13296373538032785,26.52594561259581,pdb_mean,0.07633937332762827,1.5310430985925114,0.018761123735336706,-0.26122133007579834,0.019182385942129256,weighted
1GK2,1GK2_B.pdb,1GK2_D.pdb,578.2065469580048,5.339508787159158,0.21100963886859744,3.079956790161572,0.22255352461954425,3.7705169835351104,0.29158945604652453,3.2271796258942493,0.2615657447186709,3.2068511398020347,0.2677035754610879,2.75443552824127,0.2393898599736514,3.0581162037626313,0.23594125390826068,4.275223384633267,0.2378162294817106,4.108961794206753,0.25126466495719774,78.79000035142161,2.0761740949533505,1.731562185883055,0.03936319075619716,2.0515369677011694,0.07644914666440784,1.9459455462870918,0.051555175698216084,2.1000109214687748,0.06905226720143601,1.8845436555361617,0.08416468835376827,1.9709938812842775,0.08193793391428696,1.8382020498792795,0.05831318731651548,2.102625201857901,0.0758563740861645,2.1752743065841607,0.06380827090982805,2.2158357403301623,0.104792986789464,26.52594561259581,pdb_mean,0.07633937332762827,1.556016391291535,0.01675605712472612,-0.313876618,0.01682763416153776,normal
1GK9,1GK9_A.pdb,1GK9_B.pdb,581.6720147460001,11.19794117218126,0.9390660323940548,8.432051948336083,0.7260965190753113,6.4267876732080085,0.6589331519823775,6.396329601406804,1.3199939812836674,6.116931718539952,0.7034703777504256,8.595685854013277,0.753178646208036,6.237742705383113,0.6786356160173284,7.531997609440854,0.7979072860375449,6.598455289561596,0.6957485064575314,13.353154663278428,1.1830677908500256,2.1996582114794143,0.08913872926583824,2.1637092617288114,0.07417611324496765,2.173288629166958,0.09024641026612586,1.9799756562608055,0.136424679867069,2.2254855224828334,0.09321342751709388,2.3554500489338626,0.09074392423139412,2.4105173785378926,0.09041698487498205,2.436740588615005,0.10453274618657443,2.68239797987478,0.09574959785728765,2.629008936509147,0.09980144588366628,25.374578745575874,pdb_mean,0.3708192260947297,1.6076071523006874,0.01962962313315031,-0.12873485436979723,0.024035335806144777,weighted
1GK9,1GK9_A.pdb,1GK9_B.pdb,581.6720147460001,11.355263796750444,0.8709906542900983,9.320545582052894,0.7275972486139908,7.16262538665606,0.6117399161856694,8.443158421164297,0.90273706439111,6.6745678260485715,0.7461996671720305,9.160170575377567,0.7424665031384898,6.734703466505027,0.6864140911488696,8.181885065115829,0.7261093687358713,7.148038550293631,0.5896253105177838,8.497841603046442,0.5379513516694241,2.1569240363600444,0.07638855078809981,2.169361382925846,0.07098529843402665,2.2255506556217624,0.07957111581607794,2.1515519407210095,0.07964245724759898,2.2319192379113084,0.09178255361549319,2.3621422729262718,0.08501131164451504,2.3755615629113773,0.08191975892172941,2.4014042253077723,0.08893444315563627,2.6664529223478923,0.07506229488179579,2.6584026865485275,0.07345277557979321,25.374578745575874,pdb_mean,0.3708192260947297,1.6545311628217985,0.015866823390298778,-0.10128793500000001,0.019704046664925107,normal
1GMW,1GMW_B.pdb,1GMW_D.pdb,547.1984047310034,0.5881113102759143,0.02586111132795364,0.5054734523062671,0.03315806164458593,0.5910584325877322,0.04711780676229732,1.8573978015005859,0.22892627580762415,3.1896573758631717,0.3074433830910406,3.074055098232581,0.2505821482742765,3.894828533872905,0.31642917707496976,5.491707036292746,0.4876365442493287,6.146546252449335,0.3843576401100268,15.180453945179549,1.5218716345864838,1.0107446555424402,0.03296563908355421,1.0853341670187584,0.02490941737532479,1.2478161287940843,0.03392593415960498,1.664714702645913,0.058677096708238334,2.0720096292805934,0.06590387818115702,2.4180821739189775,0.07937333095231322,2.5209229726953652,0.08851833025119034,3.002773306527012,0.127983335625346,2.9978131825758996,0.07424575837318353,3.2251667808339084,0.10046516628878237,17.817844388315407,pdb_mean,0.13536101431310524,1.543079512259371,0.015985005094083498,-0.1728434041842685,0.024182589500097565,weighted
1GMW,1GMW_B.pdb,1GMW_D.pdb,547.1984047310034,0.5902220384412526,0.025778167918123773,0.49839747776852555,0.032860314118698206,0.617644298603167,0.050029622578866784,2.1509055752841455,0.23823484246380366,3.603864429504698,0.30999549595539955,3.2224465581584023,0.2517859596821499,3.908439363379773,0.2937076283265506,5.55543963793443,0.3662079488634532,6.323884238247419,0.37748934109302634,11.925380455089282,0.5564717339820194,1.0295692463458537,0.033181374299821424,1.0754137257276357,0.024239764367245085,1.2587267880005468,0.03547344442002028,1.7339662233450719,0.05813932901694646,2.119529455694213,0.06485452904854375,2.5023709601353956,0.0794809219447905,2.620133087800915,0.08089895778409625,3.046304596343016,0.09646497815071578,2.9972471366439977,0.07476653294226132,3.52808534631407,0.05499890017639989,17.817844388315407,pdb_mean,0.13536101431310524,1.5753686404687488,0.014718450590751804,-0.3041461234309623,0.021228242343352917,normal
1GN4,1GN4_B.pdb,1GN4_D.pdb,572.1441481729998,5.651404731695389,0.4953668603423141,4.590553929845498,0.5544719531547954,4.1213184773094484,0.5543029819593526,5.684340452986031,0.7070903871088904,4.158859095608549,0.33493033064645783,3.8894473425430527,0.3225524517924967,5.17181669100385,0.4335699962733254,5.420615262692524,0.30567051572502957,6.2757822981636275,0.45313514213116246,4.864564066579295,0.23538852928841053,2.3446418786006764,0.09226549748068938,2.169808518355929,0.10947195948263158,2.0235908114693606,0.10160493885096328,1.926350521383039,0.07960208709000748,1.9915012771064353,0.07457290429431114,2.624240458257705,0.11047570083789436,2.546084505711837,0.17765736896800724,1.9342463060644708,0.07269502573041041,2.160689077377031,0.12324860722262108,3.6188003677878027,0.10250324843241415,17.702752837524717,pdb_mean,0.4136366321382178,1.5574529856305213,0.027741256993399632,-0.22114927163706916,0.03161871580727856,weighted
1GN4,1GN4_B.pdb,1GN4_D.pdb,572.1441481729998,5.75207213415972,0.43887723638898946,5.910150005753182,0.4945802671983349,5.551098510864747,0.5540814049942078,7.174604818638093,0.8130840025581059,4.038380832813853,0.326348064624967,4.078647412488628,0.3308438162540347,4.944652528935089,0.3344327257634546,4.896875432299475,0.27685786129168943,5.434422680221649,0.3072577032212757,4.584258843465102,0.16785948115990595,2.395885959459667,0.08587983614253127,2.3995692209586736,0.09764245099007618,2.2305081522612475,0.09041368426186655,1.9466071488719874,0.07557468296481014,2.027557306125217,0.07415162940883285,2.633388845120093,0.1095802172372857,2.602729955852922,0.11961132751153865,1.905670621232916,0.06181583037860402,2.3524380069951305,0.08339614364772815,3.661810688734732,0.07329524399170464,17.702752837524717,pdb_mean,0.4136366321382178,1.5995715507989006,0.014891494878222476,-0.214672411,0.018664072183172266,normal
1GO4,1GO4_D.pdb,1GO4_H.pdb,575.1303801839967,3.9677878293615843,0.24328797650467782,3.3833544442533747,0.24460911285427234,3.568496340157476,0.2835164999856231,3.164367645237303,0.294174689624025,4.09444405216107,0.3397802541501366,5.367755373355202,0.4093892304528896,6.61919373421282,0.39015617729123386,7.869286425244628,0.4099836303415207,7.639668736465694,0.6375489520172094,4.992040613935403,0.12197239519810445,2.403067074988331,0.06037314438315302,2.2713304985567615,0.06924792920133957,2.226901723690116,0.05746175085844894,2.3086036561100935,0.0753164061165988,2.525847854514505,0.07489641372542422,2.699113237533674,0.10398483141654909,2.5773893748410135,0.07437493092832628,2.4837934161973125,0.07468457482854667,2.5940486819173154,0.14069583138528935,2.0288698152619444,0.08592713534616209,26.1210520669423,pdb_mean,0.24197027151071665,1.493189434335993,0.017548801873923922,-0.12012362046718857,0.02127957871337521,weighted
1GO4,1GO4_D.pdb,1GO4_H.pdb,575.1303801839967,3.730408442364287,0.2335606668131312,3.089708226500513,0.22136206926217245,3.6697404563897837,0.2627988333218284,3.2031457062770285,0.2914261753868316,4.079414465065678,0.3222949880393455,5.401695893526461,0.4159049632101328,6.644054217567091,0.39490765605185885,7.489709108306504,0.388606041882238,6.193056889870221,0.33850250359146017,4.8043570429943045,0.1104794186889521,2.364951962417788,0.05066365867753771,2.196548454380375,0.06161566151010659,2.204762781914868,0.05275588439937236,2.3124360790248732,0.0728687251465844,2.5158274014140924,0.07112993555603722,2.796122571628962,0.10430346056532017,2.5801794432307474,0.07132701225137632,2.569787132330703,0.07552303349372531,2.514747479732539,0.07789967888366925,2.2796299674233698,0.06759929956581091,26.1210520669423,pdb_mean,0.24197027151071665,1.5632737596779813,0.014468935331407688,-0.15148257999999998,0.01841259014876984,normal
1GPQ,1GPQ_A.pdb,1GPQ_B.pdb,524.5506215880014,0.6143483890710931,0.03553229466147755,0.7022846512871128,0.0632048542869572,1.4098786579817504,0.14131136059828958,2.0252511427436377,0.23409024149223007,2.774475808873201,0.31861343278434945,3.4806252082631115,0.347417387126864,4.555372572854314,0.334845209193299,5.405985379029765,0.3187812102996522,5.212585758255448,0.2411481959596423,17.3704628039673,1.0704666471280775,1.23653582111619,0.017451111306346537,1.3135708497367646,0.0291607558569132,1.3418397552782457,0.03133206508711529,1.4382007716071146,0.048889009946126744,1.945639266788544,0.07030134695721567,2.1055810202530765,0.06222517187588068,2.3948547782006027,0.0896312947930292,2.545533096912088,0.10747963388038939,2.6839940663008335,0.12861038865432786,1.9032646197898173,0.08326618952156092,14.05485225157064,pdb_mean,0.1798268472829856,1.6248881193246314,0.014761337837148704,-0.2889638838380674,0.021922821818946663,weighted
1GPQ,1GPQ_A.pdb,1GPQ_B.pdb,524.5506215880014,0.6545519219386705,0.03618209629385163,0.7469305457600277,0.06484174673232716,1.5481645379851345,0.14432171390437304,2.1522473531718513,0.23060165949372569,2.9862711208392487,0.31352164880774375,4.030847098433005,0.3552022237943147,4.633008872512704,0.3084969432787118,5.47644827775053,0.2996364740431353,4.80067352081304,0.20451660070834876,18.769580132764442,0.4867629490926769,1.2319400237522131,0.016951812498617675,1.3229549641876253,0.029530214519892673,1.3519388525362068,0.030961615774252806,1.503761474887205,0.05271865567569106,1.9690994823315133,0.06925502963618896,2.129951736475954,0.060980739008071806,2.5038707470143393,0.08539381307032383,2.6027185202597116,0.0970625914909013,2.9320917485112683,0.10071280052871905,2.0213658875631992,0.04980537010525453,14.05485225157064,pdb_mean,0.1798268472829856,1.5881717403704554,0.012690943479521303,-0.3620768308351178,0.019064955707879472,normal
1GQA,1GQA_A.pdb,1GQA_D.pdb,472.805859166001,0.938995322181939,0.12049081147462062,2.0670628937127526,0.19315412799280143,1.0538877014502435,0.09683383325363358,1.9461831758882255,0.2095819838379719,3.242432025739487,0.30244369145737143,3.6947961645964362,0.22618085732903037,5.760187593309445,0.26041132640974096,8.89809526591238,0.7349981579635513,9.037229408265917,0.41278043024292516,28.34754859757298,6.18094012311898,1.2636471367081603,0.028332734033043382,1.871143413679264,0.1494392494068965,1.5336370418473317,0.061594225736167754,1.6713348307373737,0.05087438725302558,1.9811824323250082,0.05401284085727408,2.103665503100251,0.058024592512385474,2.2929118385607614,0.07064375086040321,2.138072572950791,0.10171640290893148,2.2156279250861965,0.10229927053158337,1.3383956031428847,0.16426645973537352,15.651130404678842,pdb_mean,0.1366486688751746,1.4651906015442786,0.014622162956738663,-0.28392471245710993,0.02214485397238587,weighted
1GQA,1GQA_A.pdb,1GQA_D.pdb,472.805859166001,1.023284389934703,0.10102788530525683,2.208884157373074,0.19507106602741783,1.078784230094996,0.0981289892657962,2.0398835530016113,0.21334136396327907,3.3645613860307537,0.30327943126861445,3.6849330021497173,0.22511460559726199,5.548942216245352,0.2662426382682187,7.629720634620469,0.3584251443713774,8.119137195308749,0.29896164484499343,36.05508781337391,3.0398625424498356,1.287250746352421,0.02558807296037958,1.9151417222685603,0.15007354674380907,1.5195206146401297,0.06378370195637967,1.679028421778103,0.05095576915799523,1.9847260379479703,0.05513524087346559,2.125703081953272,0.05770297233402879,2.2986591599697603,0.06224707701360899,2.1556511070265545,0.06092681770841653,2.2647713152447553,0.09286830466659907,1.3153757327015703,0.10776278741563408,15.651130404678842,pdb_mean,0.1366486688751746,1.4642881631181646,0.013268149993557321,-0.38746965532381994,0.018101926991827604,normal
1GQG,1GQG_B.pdb,1GQG_D.pdb,583.3371751619998,7.409462170680598,0.1659667770877467,4.129223957235418,0.2534359765523858,2.390340108118799,0.18432585236720067,2.583669860888447,0.16797275435958403,2.039514961606246,0.21528228150943354,2.2031685421137435,0.2176087684026073,3.5345877082563577,0.2597480301865141,4.791206773468762,0.3469897361110423,6.339395657299268,0.41615069683907024,5.839760535697794,0.2814641346100943,2.283147294161296,0.09225191833057092,2.0821216969241783,0.06297900067442981,1.951077481264276,0.04949357265755278,1.6749019228217146,0.04921864351290226,1.7489744631884894,0.0588543346668898,1.9268679906096706,0.07124373142077144,2.104033781166004,0.07772947911487373,2.2639944801152163,0.0643759716803244,2.6380399132537167,0.07321218252760256,2.540763170603164,0.06550878641428802,19.13654192338454,pdb_mean,0.06304240153485158,1.567970104046792,0.014624380387195445,-0.1868771386796802,0.02202900265654998,weighted
1GQG,1GQG_B.pdb,1GQG_D.pdb,583.3371751619998,7.07747317282616,0.12824572601719259,4.300924991515923,0.252872653049196,2.355337447974328,0.1812702025291174,2.6951163233843967,0.1735088063851564,2.047820316492648,0.21434689083281913,2.1397943582374324,0.21198728698434338,3.4640257451567305,0.26057133568123064,4.501467725485773,0.3401416789838002,6.163096656616608,0.35877302680052214,6.18052235185564,0.27004201110146797,2.1294593587942,0.06816333914675031,2.1134881181229037,0.06371408633526364,1.9969097101271385,0.0499260390048747,1.7236685274912547,0.05021667247352137,1.773847307184517,0.059823403668454865,1.956572043299393,0.07118794783521833,2.116860047841872,0.08017873316815383,2.2872415025551875,0.059716944184379915,2.671514182527076,0.06729165770486854,2.5703094042876717,0.06108956072111547,19.13654192338454,pdb_mean,0.06304240153485158,1.562447304682788,0.013339769304825324,-0.23938905,0.01864058337953512,normal
1GQM,1GQM_K.pdb,1GQM_L.pdb,484.6457216109993,5.144977354763615,0.48097268267564536,6.773980612440756,0.495449702496394,6.708877511927325,0.6575835292715484,6.76811737594444,0.5701275390005536,5.384465862895525,0.49317455838253804,6.185755988601862,0.5591709600830548,5.488683580534642,0.4998006477479809,6.070391646638323,0.31343389345340406,18.882950887195864,1.419006979964785,29.77881070391198,0.9833212087307494,2.1984521639272745,0.04989044792632407,2.455461941343093,0.06746178138311186,2.152462129988337,0.05871406456005715,2.0583763238538935,0.06906342862838008,2.3376579717340555,0.09537391456972016,2.874875466850499,0.09174799935104433,3.2724009585759513,0.12362318510885398,2.8833519300894186,0.08716921750580649,2.0075881315990927,0.07631861012001377,1.4816953640074593,0.11626747718848948,13.16036705028392,pdb_mean,0.7052235788215695,1.519977266862373,0.01848389327704243,-0.07940353541061987,0.022288617980022105,weighted
1GQM,1GQM_K.pdb,1GQM_L.pdb,484.6457216109993,5.446636851487689,0.48490328232781177,6.97560423518529,0.49387395259434586,6.666191948450344,0.6156734457340008,7.045059044143976,0.5281301855357177,5.790893235512726,0.5039414484677434,6.540256191128743,0.5487633041520361,5.525358835604788,0.3792687823572468,6.116950206187914,0.296290466528597,23.83098878164417,0.6372991547285114,28.938437537393956,0.6205005187502299,2.1952548292053904,0.04758597551237106,2.428510494484022,0.06448675874821501,2.1539372374397208,0.055435406337946205,2.113855605056359,0.06430089600552179,2.4562661367643206,0.08895835134725855,2.9680728837433095,0.085044466812941,3.37246127132663,0.09304142901830714,2.930252683246487,0.08334642400277843,1.957981034412975,0.04615242940044533,1.5113625631243033,0.08371128261406104,13.16036705028392,pdb_mean,0.7052235788215695,1.6335379043415335,0.016622087018330806,-0.11355564163090129,0.01977703264140466,normal
1GQY,1GQY_A.pdb,1GQY_B.pdb,609.3453751839988,4.193866454787356,0.21942101288592875,2.944208279646792,0.29024511464192326,3.3163497726409177,0.26956283545433607,3.632895102818956,0.29338356801153437,4.39732499012527,0.27568818878808754,5.233475205713415,0.2823753162806258,5.057088442894422,0.23850905255295551,4.993773428206999,0.24179680136017526,5.4726607777255944,0.14833570621767067,8.105063057769938,0.5051123344670633,2.016280932454316,0.05081930123702763,2.078050295957114,0.05995542098709793,1.9855862146891958,0.044771461125902114,1.9242476683906165,0.07061593648778233,1.9182043900857708,0.0684963389244795,1.9632288632685424,0.0779735068280677,2.012207802286202,0.06439507929437568,2.4708433919893964,0.08518963003606857,2.812765083778226,0.07473890078824186,2.2806799463398852,0.05561737960036511,23.159568410712517,pdb_mean,0.16661719658967733,1.5286923505966277,0.019221350634350234,-0.31990458274271066,0.01910397082600628,weighted
1GQY,1GQY_A.pdb,1GQY_B.pdb,609.3453751839988,4.700668679732228,0.1851898723528515,3.137642275196971,0.2708372960623247,3.0850146536767653,0.2571438084972709,3.5690795419103374,0.297834953167783,4.162036951521963,0.28327845982293487,4.668432175968613,0.2680004009943661,4.899994788711993,0.25185046169605946,4.8798381228441094,0.2293493305034847,5.393272041168973,0.15089600137766496,6.277807936798171,0.28743287171821696,2.010217613268453,0.041547640127050894,2.05207922908153,0.05385461009346344,2.029709771189324,0.042926977592590884,2.043380385379022,0.06273463546011662,2.0041247193844858,0.06716438611227563,2.018293352903714,0.07076385884004074,2.0630569533948147,0.05437949321676422,2.4098426180230943,0.0736969404847834,2.8085471394815884,0.06482104032862261,2.485780027178125,0.038513888616596596,23.159568410712517,pdb_mean,0.16661719658967733,1.5437153294765773,0.01672572560380857,-0.344974797,0.016387807897593327,normal
1GRN,1GRN_A.pdb,1GRN_B.pdb,551.4428601680047,1.2770450166234675,0.14605113204049458,2.0588272032980774,0.23231671001044404,2.1097542700603253,0.2409989061656424,2.991163886119727,0.23856220378720655,4.289841960422451,0.34337581221472663,5.174460793725053,0.3671912220883937,5.970441430943122,0.37622514838413207,5.045321602830237,0.32912907814771525,5.355639358130523,0.49316166551017865,6.301695406122308,0.27642230593188344,1.4959993170686203,0.04914132740732221,1.794281264089661,0.042547873567144914,1.93628139041279,0.0610879376730398,1.9532481633394188,0.07352135434222344,2.030500719479879,0.06264519292582107,2.2328904887082612,0.0724497581763157,2.297405293394441,0.10066999000490058,3.195580973035668,0.16344876555997112,3.5320441743651814,0.1415340511462225,3.5258291773079744,0.06792754920581077,16.69238727514726,pdb_mean,0.15325185345446396,1.5674185939627514,0.016602300135913794,-0.26595340346944296,0.020463390865910182,weighted
1GRN,1GRN_A.pdb,1GRN_B.pdb,551.4428601680047,1.5758935307946889,0.1548658862475101,2.4518188018486557,0.22962206504728594,2.5327437554410475,0.2562705859535849,3.046928900610626,0.23991679543869576,4.207406499314371,0.29503398878888276,5.2447395072487755,0.37614221642996565,5.31333319514524,0.28979854108993613,4.95450479845066,0.28767361876021874,4.735119719576628,0.23175688130689154,5.682380791640105,0.20537315898704694,1.5835451529803706,0.05289222346865145,1.8172917902340853,0.040503914403364975,2.0095622689372794,0.06114719670691945,2.0527824562174435,0.07800254966703224,2.092893125834326,0.057677581121451126,2.2729120332268913,0.06838900528953422,2.536547774544714,0.07719273205332894,3.606074479410732,0.13236647174426303,3.7673139566287928,0.04589272973563442,3.506392889112223,0.06252072713058367,16.69238727514726,pdb_mean,0.15325185345446396,1.5910088276818883,0.013921558485830713,-0.30861063,0.01721898139925463,normal
1GT7,1GT7_O.pdb,1GT7_P.pdb,582.9023686410001,1.7124775385895816,0.08120923774390983,1.1193286519066703,0.11710966918293514,1.9814237027526445,0.18605937601578826,2.53791435614549,0.25854755745083735,3.1798434624046026,0.33603579526008254,2.9300948388966894,0.25243588511241305,4.510633610800647,0.33869840694263764,4.977763006743933,0.3173619601766369,8.214898833394603,0.7010773540110743,20.097945114982405,1.8396785824345467,1.3586177770795536,0.02224021746463107,1.8137975392284686,0.07577253410413617,1.777597532367869,0.07659951279684221,1.9146422512270393,0.06916116738677865,1.9786628029362119,0.06450521394383932,2.1293308395483765,0.06479297030903615,2.2179203403055805,0.06506536274269822,2.2737107377601964,0.0717159712571647,2.4679888447770004,0.1314185293183059,1.5397620648276031,0.06229330555002527,19.288352338123588,pdb_mean,0.08340373577310607,1.5052143227981816,0.015321012136829395,-0.19988632222188796,0.022455070772700612,weighted
1GT7,1GT7_O.pdb,1GT7_P.pdb,582.9023686410001,1.7572544205345664,0.07674935669205134,1.1767875956586353,0.12162642857669922,2.0892185951217375,0.19025884419898836,2.70695088465912,0.25369375135226313,3.4524364357281963,0.33957257844663025,2.900377601054109,0.25481294805801413,4.063212784660368,0.3171828381133853,4.777990406760067,0.3112387357567213,7.507712128577383,0.5546589761669292,15.680645703401904,1.430169926558434,1.3425656153789691,0.021927485744825205,1.7782296436767233,0.07426758715428913,1.7832578588414254,0.07611006549311693,2.001849104166057,0.07059890627949579,1.9746564842053207,0.06097205438776833,2.1652459464244043,0.0637773161850391,2.2435461450982768,0.06242777603372385,2.3203230402634105,0.06920653838531823,2.756305258326037,0.07583523206057459,1.7451649456529534,0.053223433867422634,19.288352338123588,pdb_mean,0.08340373577310607,1.5207711821305423,0.013685819257139527,-0.29865622299999994,0.01909707872315726,normal
1GU9,1GU9_G.pdb,1GU9_H.pdb,583.0344175560022,0.47123058477763435,0.06924876261901887,1.1194584997903079,0.1928672546597693,2.0014872900775953,0.255365757739259,2.276746974667212,0.2588485431686783,3.3385701374394383,0.30174515256638385,3.377575060140286,0.33769161366006795,4.764597495437213,0.3611066851706423,5.498825933042801,0.3538785223316704,6.511915529292929,0.5085606703236982,33.63443903269504,1.8986366153995398,1.2324416031462195,0.05919376375351054,1.6654946560860109,0.08625636430863885,1.551997529711604,0.06076146335908589,1.7956818523818645,0.0813199445117783,2.138438226675663,0.11645285038206543,2.0965813426482485,0.08547199761045578,1.9876764111535974,0.07464777677163323,2.3616717428898117,0.09286416693863278,2.6703703000743513,0.09962670761798371,2.208695143772416,0.08771150183994579,16.635216668687697,pdb_mean,0.09982694382874882,1.5272155577057762,0.01571459341144305,-0.26974290063022544,0.022224660186727276,weighted
1GU9,1GU9_G.pdb,1GU9_H.pdb,583.0344175560022,0.46481191427811647,0.06647906743875395,1.0579767727273997,0.1833590973183142,2.266032354601957,0.27402981954334954,2.325118444793104,0.2596405700832607,3.398945178698716,0.29959554675994676,3.432989870093126,0.3345147073186841,4.625520670212947,0.34882285581903194,5.084580596036767,0.33196346614136596,6.040436483197118,0.258473792166599,37.687593768652135,1.38144339826744,1.2376854275878912,0.05611007098861152,1.6478075672322499,0.08589901506689704,1.6140500941188654,0.06578355787487074,1.8529410569029985,0.08222310262116303,2.2278795600128483,0.11950180935354542,2.1676157110674383,0.08900027299800789,2.025182395600549,0.07386287508767143,2.430516073571235,0.07764506856875189,2.859623544021251,0.06887798008041784,2.4425708096318273,0.0757166195380352,16.635216668687697,pdb_mean,0.09982694382874882,1.5101350962647875,0.014055834713969357,-0.365525546,0.019119509545532376,normal
1GUS,1GUS_C.pdb,1GUS_E.pdb,545.5209245890001,8.38106856111049,0.7075283245724581,10.104381367158057,0.7759527348555139,8.027713299837242,0.6689479873514771,5.973646249829403,0.5679701577031336,5.643834810638298,0.4948163791345773,5.410644798807715,0.3693101421025478,4.451776243675511,0.2451622685987637,5.1323919317925135,0.25148034291093213,8.065449838882119,0.9616090827387642,42.50579582648852,0.1139895354397153,2.347866765933805,0.09678240042168602,2.7142036999140156,0.08501923098960876,2.4320386218691445,0.08063111159027303,2.6004540193251695,0.09543037637778187,2.7158441610824693,0.08450216254789503,2.9126417677530565,0.10076703458994739,2.7296749575410613,0.07365447585630126,2.8963792851356107,0.09375610841437461,2.7252051023694204,0.19371295397390428,1.5246909548923286,0.0637925102066212,12.820868330905503,pdb_mean,0.6759269144103941,1.493361298369067,0.017592254745898487,-0.13521211976653208,0.022903857172494428,weighted
1GUS,1GUS_C.pdb,1GUS_E.pdb,545.5209245890001,8.584015523838861,0.6402444995917649,10.262481936479015,0.7636641299472567,8.328612921256282,0.6544622635592213,5.624441722509448,0.5352225717531822,6.00497919042739,0.5060422084097952,5.3688998819164615,0.35668090651207707,4.239897507519933,0.24397195516355122,4.659161845166167,0.22714459797532416,5.258535521156838,0.34298882867121244,42.46501655529352,0.08561861273061613,2.326837906652172,0.0837108723998456,2.6824395683856865,0.08194674600520258,2.3965804411630685,0.07523453070793587,2.5589626211703753,0.09193913147600219,2.756918345965779,0.0820456497183978,2.9041754890883578,0.09554441295371967,2.6110112234306793,0.06913870062621566,2.974058616067004,0.06448287645725077,3.306108824646912,0.08930537475299892,1.5832204776834977,0.060165669061980384,12.820868330905503,pdb_mean,0.6759269144103941,1.4852305727824657,0.014346801168104018,-0.14404616227180528,0.018964160629919714,normal
1GVM,1GVM_E.pdb,1GVM_F.pdb,511.57438962200104,6.262312982219492,0.6851100048558211,6.379796795503644,0.6004591075193649,4.621261450312536,0.5067270260539205,4.586803640843732,0.4757012607605114,4.381366082596593,0.3796591601304369,4.393136166016295,0.3929858512809767,7.230558113789454,0.5394414127206784,7.953018351478251,0.6899390076016351,6.936544186948105,0.1521857624481247,33.73441176909237,0.3884731387206439,2.094661822405272,0.06490708740938667,2.1531668360632996,0.07756727356045455,1.9724067028217072,0.05824812180428096,1.9637735126878615,0.07136214963992252,2.4265852597928,0.07777088869003797,2.5736133607691523,0.07854956644066645,3.2484161653268555,0.18150439278838323,3.335021063019108,0.2531841719525069,1.8702092719204952,0.04141602081016471,1.2662453410126433,0.11783952826553898,19.193919816304238,pdb_mean,0.48598729758755743,1.5400603685748218,0.018597649593630323,-0.15435876783700886,0.022042588454667663,weighted
1GVM,1GVM_E.pdb,1GVM_F.pdb,511.57438962200104,5.636126249449036,0.524254975846403,6.508179160036966,0.5479117477678549,5.159162403207386,0.5002704976121671,4.842691343034363,0.46078739346992614,4.752687308543964,0.38107771957385184,4.686481276964788,0.3964665418349072,6.9667850459388205,0.4707746149889692,5.885614199610814,0.3769987895291711,6.950231125505619,0.1555674809587389,33.97644959130884,0.37536505113428686,2.1187700808606014,0.05312131198032986,2.1610460767426543,0.06711727429612939,2.066034707570502,0.05696386492501136,1.97535767241536,0.06633519941036609,2.557935701308297,0.07784305828812044,2.7043102823543137,0.08132485227784975,3.217502604695996,0.1487983291398965,2.7734450664930916,0.09184147338041555,1.9441651135733855,0.03864368984626633,1.2486432766148023,0.12014560213690204,19.193919816304238,pdb_mean,0.48598729758755743,1.5663540376179004,0.016726379824907364,-0.1868169169398907,0.019203510899023068,normal
1GX7,1GX7_A.pdb,1GX7_D.pdb,426.3151473320031,,,,,4.809676378336295,0.44361125069056945,3.8070576891974137,0.5161108124141236,4.5327025960812515,0.35684883325397887,5.818747959010365,0.5182972238209624,6.158923376254995,0.5202756078490959,6.329017661899366,0.5536586749167354,5.48954664101266,0.30487420253288056,20.766410233300473,3.9436650081567537,,,,,2.6762054081708113,0.21447190441253694,2.018606470716883,0.12248386335712942,2.2093255860968832,0.09116999252733979,2.2366787144028546,0.06787843110907732,2.567602684999908,0.09124517720287452,2.647943881116254,0.10095100177654426,2.3304527366182874,0.07931418755835756,1.6955431629191349,0.11661882843860873,21.004255401210756,pdb_mean,0.18833146687713115,1.3518521149156228,0.022900287336630448,-0.09126715708547903,0.024667294291787985,weighted
1GX7,1GX7_A.pdb,1GX7_D.pdb,426.3151473320031,,,,,4.029500319891185,0.3136750995871017,4.716680927258516,0.4497706917484915,4.598093597683731,0.3586939108575185,6.011829581177006,0.515471382651038,6.503336165926051,0.5290679149369579,6.186816833911888,0.5204709991399153,5.23143243814523,0.26939862104590084,21.66729299718291,1.54082307086157,,,,,2.0448611362880067,0.13069073603140974,2.022820021394656,0.07495495046485876,2.211345110737418,0.08493272039773384,2.20150152354653,0.06579633011836182,2.5499336259438543,0.0841160256359137,2.6861723541933356,0.09920302043046969,2.2432552737478972,0.07375926295220844,1.7889280468481874,0.05613439253119114,21.004255401210756,pdb_mean,0.18833146687713115,1.3009648384852344,0.01922293950135774,-0.14702444625,0.020916586966831137,normal
1GXD,1GXD_A.pdb,1GXD_C.pdb,583.6779367819981,1.401388560441711,0.15510762219920812,1.948468075722729,0.20829100725984767,3.6894875689131736,0.31534542506186186,4.373681147306413,0.30067819606964574,4.167649381410208,0.30390724069907576,5.202549428270529,0.28404469989768716,5.336962054527246,0.483748611387706,4.58328716358663,0.30022581777250895,5.251717535142198,0.23785474855475164,13.185169601046196,3.6634838566977765,1.8744912992837985,0.047918015610149946,1.8564940892117197,0.0681373369599611,2.3169667244754586,0.12657294287906917,2.134797742550064,0.0968023401323621,2.0784278667847986,0.0635082678106179,2.1412605311019157,0.06252574712591673,2.320225755493493,0.09611699854973588,2.147736972038517,0.06666513148926817,1.9188004050074647,0.04029427376705628,2.0349708796128247,0.10494384519818005,23.55186964224216,pdb_mean,0.34398346606012986,1.5475987841833452,0.01451973489691468,-0.16902238134861788,0.02076135603583377,weighted
1GXD,1GXD_A.pdb,1GXD_C.pdb,583.6779367819981,1.3471073956237627,0.13852781964177696,1.9813910771220586,0.2061215817414736,3.772556640005222,0.31721799594130096,4.40021658473945,0.30037702180110226,4.0519642397967,0.2920431564795743,5.277393097888836,0.27851158455414643,4.154165361819683,0.32172571787470666,4.707473812039722,0.2877657220684526,4.9272891162795425,0.22385571256145234,5.713216538606089,0.4183805445169283,1.843417336609508,0.046352233158749534,1.9451524472360517,0.0674748407792867,2.3811777601765076,0.12260553909486172,2.242800624887692,0.09670736490454208,2.13120094244017,0.06163689344400018,2.1564835847400277,0.06186503617639626,2.2756025031108047,0.06438805583414045,2.0540542717105255,0.05656874604545893,1.9361356786234547,0.04026382597538818,2.2720794739322243,0.04003393029250395,23.55186964224216,pdb_mean,0.34398346606012986,1.530975594152323,0.012712317722563038,-0.22007520699999997,0.018184989618561166,normal
1GXJ,1GXJ_A.pdb,1GXJ_B.pdb,536.2263188319994,9.318164827723951,0.28198657392919213,5.1859185593738335,0.38922312584342755,5.816473500406832,0.6805489737238525,3.623084079682621,0.37640696935206247,3.5221288212813096,0.29778505872545896,3.422393474921562,0.2825823817847806,4.871416108075607,0.3133068417873027,5.053280679700114,0.3495401474161444,6.296452164151435,1.3863386972133012,7.337481025137932,0.6780600974335357,1.7700518201586024,0.08574714456686587,2.446155948547282,0.15288772393204259,2.010419991955158,0.06594619552624593,2.261141957270271,0.09954568268613638,2.2001328213420446,0.07534088187194868,2.3237370125539374,0.08308718344775692,2.5197907072229864,0.0821497982271801,2.8995207993092595,0.13079636371019399,2.923898693370825,0.17463108340372202,2.842617404603938,0.09043576692388451,18.029465783203086,pdb_mean,0.12968877156573744,1.4606944195516518,0.018486071729370755,-0.10037842893899726,0.02318195418534547,weighted
1GXJ,1GXJ_A.pdb,1GXJ_B.pdb,536.2263188319994,9.287607893214476,0.22746510699446967,4.220923541374376,0.26920279104380335,4.2270846031384135,0.48191792511230275,3.1440170386502744,0.30727728077351124,3.7663691398857257,0.3019556431421986,3.4664133440065346,0.27391042992399145,4.535083078052023,0.3019600783896319,5.073421009564584,0.30157076191418447,3.369456338176446,0.3036935191720376,6.177818253127862,0.45652770780439333,1.795861067561921,0.06613210643806462,2.3145499829764606,0.10159073136436855,2.114828254944756,0.0661308982677123,2.3744051629813065,0.08843347260549453,2.2219427463230748,0.07062843595542806,2.377519811715552,0.07873874337804854,2.519306026145991,0.08462246715883706,2.8298143196601,0.09778139911340969,2.771711142793282,0.08802255512311667,2.8927064483681533,0.07254086580785601,18.029465783203086,pdb_mean,0.12968877156573744,1.4921865990739964,0.01593344749926866,-0.14814011909871247,0.019643242892081914,normal
1GY7,1GY7_C.pdb,1GY7_D.pdb,569.9932337630016,0.5100856508999675,0.0451606820807034,0.7126637684340762,0.06031558396293579,0.665848930186396,0.05537732807184802,1.2152016757892183,0.12099454661134713,2.4685593717793894,0.24213668744492695,3.346848644938845,0.23702562100561847,4.6305962840143025,0.24307753169290724,5.484813296874201,0.28560638151546386,6.053964690125335,0.2161401938876444,5.820637333695844,0.11295575642452697,1.153442040508389,0.02346672680893009,1.1946356983767523,0.02447205120986404,1.4181357062768385,0.04247883574512915,1.6588146610888728,0.04940915282954893,1.8426367670369286,0.049271046245914336,1.9896170533276094,0.054457540012193405,2.14397295503832,0.08111836403900217,2.163910932768287,0.09009006355489595,2.0803943431515832,0.09635934326582535,2.3057241285288135,0.049182245863719457,14.101108090463796,pdb_mean,0.0859864223097007,1.5044089098853188,0.01773048192304736,-0.2815797981734176,0.022564059966019758,weighted
1GY7,1GY7_C.pdb,1GY7_D.pdb,569.9932337630016,0.5068035481110106,0.04363036932568716,0.7088230773119144,0.061143033587345894,0.6661265910221408,0.054998021519347795,1.2746044265382088,0.12290287846031252,2.7541375433508453,0.23227557806343033,3.5405430721346165,0.24054860014960613,4.549741156111217,0.2390882325699275,5.063504601986059,0.24279680608923035,5.8169903003869114,0.19749645528604154,5.884263881030709,0.10857717631314441,1.1535590069953223,0.02332905811255058,1.192760796046909,0.024307038758814042,1.4154383090845852,0.04119280356518934,1.6996469130487342,0.05013058805966499,1.881478737792633,0.045664186028115644,2.0115375816175893,0.055531889846542594,2.1746269072623785,0.07777740705547063,2.2324121847249145,0.08203223195366703,2.199630418298637,0.0956768475955159,2.3062915580504857,0.040999031493790535,14.101108090463796,pdb_mean,0.0859864223097007,1.487963207242977,0.014783474506765941,-0.38412406,0.018286479698056534,normal
1GYY,1GYY_A.pdb,1GYY_B.pdb,504.4355323549971,7.238564281016386,0.6510757669533116,9.252470351271896,0.90665042569019,8.803605696398817,0.9211792101276632,6.39901153026264,0.74636141006364,5.531387916124107,0.6682991913014188,5.480934327299321,0.4905759426869119,5.147365139654895,0.385125437937851,5.8467954058605045,0.2792245098301375,5.932414308646658,0.25794258822362703,10.122727667596276,2.0811066473499062,1.5947629225056397,0.044838418430544515,1.9918107265429597,0.05879743729622705,2.2152211865765294,0.06976293257891111,2.2096135668166212,0.08821158266455743,2.11056636432675,0.09669421705438913,2.150123793657385,0.07885424686919383,2.1666355320968878,0.07589012085347042,2.3316810517680597,0.07660821824641517,2.3974266642577295,0.1166301234760213,2.757236813668286,0.29984755358767556,14.391689224641803,pdb_mean,0.4972143030511669,1.496621563313644,0.016412206603405078,-0.1705340759166385,0.022905970663695926,weighted
1GYY,1GYY_A.pdb,1GYY_B.pdb,504.4355323549971,7.148352214223755,0.5403130692871014,9.126088456136852,0.8454677487338877,8.731107668935651,0.8843752038280984,7.335210828426483,0.7302798227532746,6.032262205817202,0.6170539915498235,5.585158811258821,0.4739418724003216,5.263604722012892,0.381337952536173,5.639301632049815,0.28132115428112325,5.520776566791547,0.24037700501725218,6.043688104251206,0.3506695455656175,1.5411615357430906,0.04077286341453241,1.9247872444887948,0.05673804191340402,2.1793101432671254,0.07129148309018854,2.3408189067005343,0.0874510742989822,2.2118268660336065,0.08806547051491828,2.1950481695889597,0.07854003153024065,2.191407525737144,0.07816748301502725,2.3318725423757933,0.07344933999879277,2.716581309562849,0.0994581826661621,3.7500045974972718,0.06371841948231448,14.391689224641803,pdb_mean,0.4972143030511669,1.5243799438425603,0.012904778103449772,-0.16307886500000005,0.01945243817765635,normal
1GZ3,1GZ3_A.pdb,1GZ3_B.pdb,622.2561862339935,3.083768217105799,0.292750719990581,4.769205974383069,0.35492033984798516,5.649948547476527,0.3040812940310207,4.729036980754176,0.3772000684821121,2.3254822487465465,0.2412576757310139,3.1697340736744732,0.2964758047382068,4.100662612737353,0.30049736194427445,4.600162686005033,0.25994352337126037,8.89009919973365,0.9472195749593518,53.90282847470335,0.2468680083156461,2.2683394544429456,0.07338099869961294,2.3058158032994998,0.06053901414271657,2.247002576569661,0.0720490107654943,1.9764159878512686,0.07078086077284529,1.7152463322007012,0.05723459541282529,1.9607752200314204,0.09279603971228925,1.9719420306252096,0.0672581571421462,2.2379689331661194,0.11073904429801597,2.4409621552980982,0.1502608740807084,1.8460313412321627,0.09214302520279131,24.596308924184456,pdb_mean,0.14857700118572803,1.4938503155376917,0.017938518755165937,-0.32311622233580517,0.02062497229944522,weighted
1GZ3,1GZ3_A.pdb,1GZ3_B.pdb,622.2561862339935,3.282226955991581,0.2310117183909986,4.888332710855332,0.3452326906402178,5.523911837731613,0.3055315192946723,5.009797826202979,0.3865970101909807,2.250623388900199,0.23990710726132897,3.0279180726467887,0.29069310581969526,4.185797481269076,0.2964402845107643,4.185886805618502,0.20367403276241774,6.295912848706488,0.3174254933893307,53.862160564456616,0.18910228296124226,2.1389168700873524,0.049238085919466754,2.2796373517174415,0.05690225679052045,2.2107805360340334,0.06702545282321298,2.0119274797951103,0.07403187730208849,1.7070174913546392,0.05740559914325207,2.0170390961721476,0.09635463157899155,2.032451695483859,0.05905999902501484,2.299621412148964,0.08775003281710983,2.315413257206062,0.0972295537533729,1.8314989972502493,0.07203607435740837,24.596308924184456,pdb_mean,0.14857700118572803,1.499081753590277,0.015243695083788379,-0.334005402,0.017159628340620275,normal
1GZS,1GZS_A.pdb,1GZS_B.pdb,572.9335913879986,4.598391128488808,0.2634413153432491,2.8588939306682786,0.296988910542792,2.511702447316047,0.2654992127817044,2.5544748823783716,0.23912826613692684,3.383747589215023,0.25353938287488087,4.178745550242175,0.34054013630605806,3.910131418360078,0.3307380847193384,3.490136520528015,0.22021522701501264,4.461885232847997,0.18392309644391777,4.789537721971711,0.25341542194741584,2.0775781497271284,0.04475179929327147,2.082482782121611,0.06626016715291609,1.8038814036908635,0.06267476572440352,1.7907179096708785,0.04887654292336382,1.854352798432117,0.05388280720560058,2.088356372699958,0.11183950565413422,2.54764646346393,0.09784451935968172,2.6154077842550887,0.08270788873585508,3.127693869519426,0.0915570462943413,3.5984073192783974,0.14933417790950645,16.946369501644043,pdb_mean,0.09801598386290536,1.5840533374814711,0.01713503555418006,-0.23748045159952813,0.020931741743644226,weighted
1GZS,1GZS_A.pdb,1GZS_B.pdb,572.9335913879986,4.594162471891981,0.26756509869372624,3.2957277899335575,0.2994851375658313,2.8474199175794928,0.24951697666927944,2.5742139177495047,0.23239976302741666,3.281248326539755,0.2541621006957993,3.787086664824144,0.31009814108138845,3.454301564911666,0.2815354558765994,3.2835116754943745,0.21165329680733863,4.412328353705134,0.18585058892816797,4.325158172672733,0.18760327610593447,2.0887531415697005,0.044455247244446335,2.1112882549981298,0.06284481291681707,1.9044245226146383,0.05933803611057936,1.8019197204668436,0.04855380257705663,1.8670521914641194,0.05241837020516853,2.142689736279939,0.09983886118043198,2.4635699891780147,0.08399465258125106,2.617382773596911,0.08399844857963482,3.1965367585824556,0.09108976931850762,4.126778753344154,0.07622424001381496,16.946369501644043,pdb_mean,0.09801598386290536,1.6163526095767793,0.013853591730031018,-0.234611012,0.01844771801697255,normal
1H0H,1H0H_K.pdb,1H0H_L.pdb,570.3644364350039,0.8664045205745126,0.1558261055830826,1.9463851264957834,0.24696179693619835,1.636065398499236,0.18396671241435464,2.5651202317689985,0.2923000381055807,3.404039543202705,0.3029222169843245,3.9546706998480023,0.2532175991939142,6.167380528892409,0.3683764972778352,11.316418100646093,1.1732838789695232,5.303195589622699,0.28976955592521086,24.70873538273631,4.28225469394478,1.19978141452766,0.048248493257423884,1.4693669629191541,0.056976808473350744,1.5464876210989325,0.05850523195246424,1.8922212819774662,0.08217422783127154,1.9985213440014238,0.06185836388521115,2.079352111388064,0.05876713399380462,2.1503731891364657,0.07053961788176892,2.6648596447833803,0.1006067394466384,2.641491311076741,0.1326873844060903,3.2793202417420177,0.1631541483841448,22.180359955063313,pdb_mean,0.15591611807280187,1.3230933749647056,0.019871981441635624,-0.2504115306324275,0.023579030982795575,weighted
1H0H,1H0H_K.pdb,1H0H_L.pdb,570.3644364350039,0.8391378247933858,0.1319184796100857,2.1630281118130883,0.25796654288403076,1.6329899675132409,0.18108101418144545,2.8782964246437683,0.30914194497064174,3.5195726434949064,0.3089503493365471,3.7364466739049265,0.2459272784657771,6.174661670472954,0.3889963790072201,10.034257793133806,0.8188080812674133,5.7984354123210995,0.23284461696136582,27.428087773134976,4.164527535750336,1.1538619877046132,0.04381778364736808,1.5111801919650092,0.06081262754430884,1.561167546733081,0.059006990808602534,1.9917435979637228,0.08895937117774935,2.053540586632224,0.06351095352068793,2.076600156378925,0.058912080989516113,2.2149052503431266,0.06807825193843596,2.6250180889202768,0.08629051780133142,3.03823527960607,0.07842724350848056,3.487558169089077,0.1525808668442581,22.180359955063313,pdb_mean,0.15591611807280187,1.3119786438151724,0.0165199206425504,-0.3541833188097769,0.01902260014868547,normal
1H18,1H18_A.pdb,1H18_B.pdb,605.8588510310001,6.182613606549241,0.40843330066301575,5.395056187058074,0.3030858493304153,3.566265185730764,0.2591540821106797,2.940225157455781,0.3450258293708814,4.1851675127806685,0.4464160358124725,4.450593551403133,0.35535579250031896,4.2737764119392505,0.3307355256273353,5.379653546254843,0.32416300427458,6.336956467074659,0.4177977614711095,26.80208816888908,4.381959549016658,2.159997971641345,0.06860198268135001,1.9968082799060205,0.0695462154783513,1.986782556218276,0.06262000967204913,1.9006687170217038,0.05668956634137223,1.9069050679785908,0.0642049023883459,1.8857665109037192,0.054469409633388206,2.064557299549963,0.08249044739746117,2.229072872726209,0.0841933159092128,2.3089512104435026,0.07479771355513937,2.9948057085292263,0.2175757727606207,25.62653965675827,pdb_mean,0.14826244081406598,1.5538087019951563,0.016435470322479037,-0.24227280744139845,0.021229938684472028,weighted
1H18,1H18_A.pdb,1H18_B.pdb,605.8588510310001,6.247321699874926,0.32807622340910714,5.62473865138715,0.29952114179087863,3.5989950536764046,0.25242506966240186,3.3529280967805453,0.37928556894015675,5.02419716659853,0.4765846814548357,4.621996560503603,0.35966303807382505,3.8144373907665026,0.309703059673187,5.301680492129302,0.3332764572594199,6.220532246531518,0.4171430347168017,33.12383652927868,1.7983166413459148,2.1545282730363584,0.054125434506232695,1.9921289575532826,0.06866789183706642,2.018568485969827,0.06256722059121292,1.941642013205036,0.0568386398873192,1.9394724016520493,0.058381427864845035,1.9004139179235324,0.053934694389682715,2.0249045287810334,0.07634209508004035,2.211299736696026,0.0826880532352621,2.3325859938831535,0.07318818253408384,2.624344572519301,0.10459832590736551,25.62653965675827,pdb_mean,0.14826244081406598,1.5753316315427166,0.0142484794136811,-0.286150662,0.01802149022387952,normal
1H1V,1H1V_A.pdb,1H1V_G.pdb,577.2529491850073,1.1926274215357613,0.1379850910534613,3.715880148731461,0.28398111469007037,4.3363420789279,0.2950879388318393,4.303427144096666,0.3391761443685749,5.227239332022977,0.30753629227069446,5.14909740722488,0.35917248341082664,6.626837655833748,0.3927190377799639,4.4409340388388125,0.28279285553130157,14.124960023893829,3.4032958166528453,6.698946097731506,0.1547725625374456,2.2512933809007003,0.05763572645690383,2.0378659747955306,0.07230727214876931,2.4570758165561597,0.13223244923128744,2.2534448060883303,0.09022091985319308,2.1702137568362163,0.07414448058649487,2.2845629220604313,0.07383478899398159,2.3499282648711874,0.0901965153646888,2.541492085074536,0.10423017849898066,2.1394067124701257,0.09439593534211352,1.512028638008825,0.03419734198195508,21.32923962689764,pdb_mean,0.21160807562021539,1.4110037463328373,0.015810109173462546,-0.18084210068693304,0.02236379024156543,weighted
1H1V,1H1V_A.pdb,1H1V_G.pdb,577.2529491850073,1.1567487927668276,0.12892264928754005,4.106835924507215,0.3065674234865827,3.7578733072707013,0.26864870092767035,3.7202025485109265,0.3062990741230117,5.093500995578884,0.30541085951793534,5.140176414508106,0.34139005340369194,5.868048140425302,0.3327712010359376,4.484346005347601,0.2775626538483584,5.228457084232721,0.6546440821749121,6.543736469702567,0.1442629562081242,2.287511950790298,0.053925387928947445,2.0553601726049844,0.07004837553393355,2.4474394758549303,0.11201062207342669,2.175427931051859,0.07429395210347697,2.153662734301915,0.06777582758421853,2.206257191020268,0.062031724158513414,2.400825388178242,0.07503422602079907,2.38925531831723,0.09675706936808838,2.1237121003735266,0.05886614616461665,1.523842552161099,0.03085383429446998,21.32923962689764,pdb_mean,0.21160807562021539,1.4140589255932199,0.013773141334706506,-0.24176501917255297,0.01842362524030446,normal
1H21,1H21_C.pdb,1H21_D.pdb,557.2378199609957,1.0784856900694813,0.09228301921958797,1.7955892634640067,0.1907009028895552,3.4222918546003425,0.41519133146790804,4.837168518593007,0.4758255208956596,4.993619720885917,0.471166479395006,3.462950818326016,0.40228196980508213,5.574963529470205,0.6133829220646563,5.756596311811107,0.4701077656918185,6.459885418413733,0.3722913902873067,7.493782079613503,0.3421507576269322,1.0707638417138936,0.026549844440252438,1.7962426924841919,0.0934283854858128,2.3070981028507758,0.10283720972013172,2.3217580932226136,0.08344723889247527,2.29268830950253,0.08652869948095186,2.4822514721789766,0.10162186738775077,2.412397585450875,0.10323845088587048,2.7718533394857237,0.08920610155878016,2.8531948128438542,0.08418365575249064,3.020181038705084,0.10874933125767021,19.05242451510572,pdb_mean,0.20274045581843347,1.5638915412873173,0.018547562165365968,-0.18783461709516677,0.02285093161253577,weighted
1H21,1H21_C.pdb,1H21_D.pdb,557.2378199609957,1.1109257651436355,0.07846583598978622,1.9283102764641875,0.19177570120469273,4.067645992120283,0.4352162336450234,5.120231269070878,0.47764758691438985,5.452288098292879,0.47341647651352714,3.894407867340378,0.42669748495230203,6.08257141556415,0.6220440267844402,6.143236738165253,0.47411203326794177,6.350287698154071,0.3699050081538554,7.623330128382962,0.29042812865844564,1.0770123695116736,0.024638292468073357,1.9049301913669114,0.10091566743490636,2.5053812277206804,0.1044627099967477,2.3253637343903857,0.08028162242662763,2.3219231695974942,0.0858817530003331,2.545860049387953,0.10023509612956713,2.3679985635898078,0.08634199004892326,2.7116324145158437,0.08308226585422059,2.844219339317223,0.08229070394111672,3.189933721712304,0.07488701388442041,19.05242451510572,pdb_mean,0.20274045581843347,1.5748463601005882,0.016371523826873447,-0.308886145,0.018911613759214723,normal
1H2I,1H2I_O.pdb,1H2I_P.pdb,572.4932184729987,4.698145403653251,0.8634000914338246,5.505671594987751,0.7578324123824699,4.6509929294068195,0.624424134998899,5.354591840958106,0.5576719776830865,6.558773050904022,0.6272667126956664,5.465153089954601,0.41656805732316987,4.1251729802561705,0.2916951349230346,7.839608557342477,0.6532018308158554,4.385097968906302,0.26698578890809077,5.024362127641,0.13220026499015874,1.7894613452481136,0.057226484144607084,1.8336450678870087,0.06298883610362352,1.891178738023149,0.07863926069613723,2.174631031841691,0.07422727187363773,2.0633529907812322,0.08357042549723856,2.1146053325218785,0.0813510882117819,2.574796113266134,0.08064986219198146,2.032210453485447,0.09255546200238002,2.386840861901864,0.15607743084376993,1.938238616041184,0.13441051954001676,20.315503104282193,pdb_mean,0.28660446925244437,1.6307220911855826,0.014531256896812447,-0.1357878066126054,0.02339343917804623,weighted
1H2I,1H2I_O.pdb,1H2I_P.pdb,572.4932184729987,5.342768441345692,0.8861967309697206,6.749276197843247,0.7652505449311622,6.1082338998634045,0.6598181344515368,6.287192701410969,0.5649975308368738,7.194954516715962,0.6198096330618362,5.545333253666065,0.42096494582565114,3.9781130185102085,0.2814171810991179,5.245761240978187,0.46865428517903956,3.588301636567857,0.20616510239244973,4.8980199155739,0.12549593918694693,1.824595825432294,0.05984186244319993,1.9433547372476678,0.06364205536589972,2.06881121581759,0.07971164012722678,2.2438022132955835,0.07354138454915053,2.1179753529303773,0.0791623262494455,2.161690425196633,0.07735113238381096,2.560682032443628,0.07731096983167067,2.042437724883908,0.07519600302103135,2.7952816664087896,0.11855472654691415,2.347284375789359,0.11284575333700343,20.315503104282193,pdb_mean,0.28660446925244437,1.6683555035342024,0.011642837812613603,-0.18957955085599193,0.019194667217414058,normal
1H2S,1H2S_A.pdb,1H2S_B.pdb,546.8353225370083,2.461249081700152,0.3880597021983985,1.5339448116002845,0.23345312433388404,1.8769568354212722,0.21099852919845985,2.746574085486167,0.21958518017718712,3.7479616524194657,0.2741688848747083,3.864651466375557,0.26796922473510354,4.921098427564703,0.35711888884607096,4.914618503986659,0.24599744984989508,5.684928451609983,0.16518895677723255,25.125127355434483,3.9314598098377984,2.1113253460735977,0.17103657490424531,1.6071823418399658,0.06592413037736898,1.7197494054605154,0.06456180925169855,1.7246078914063503,0.06928375863912221,1.759257105513194,0.05477812845314612,2.129258218480387,0.05466059006348768,2.2899095123487085,0.08990690020829753,2.2465509449489773,0.07863648909422113,2.1120151924142023,0.058531212643657154,2.4475453163710292,0.24777005802516286,15.939903856366232,pdb_mean,0.07079989823624558,1.3636520952281654,0.01609139576711259,-0.25972521932780945,0.021999116248181867,weighted
1H2S,1H2S_A.pdb,1H2S_B.pdb,546.8353225370083,2.862976645962369,0.331427070526105,1.9131471192523506,0.25610397707119104,2.0204939662280665,0.2097854346957015,2.754616840814792,0.21369630674903378,3.6357579594517313,0.270956632078842,3.480760682922307,0.24177024401512637,4.3865238623752765,0.2964233843270158,4.587890636539176,0.20149093738940752,5.5337809309256,0.15970095565655903,24.132052585606175,3.658928757718461,2.2917671061501754,0.15019350879942628,1.6776120463254958,0.061167134603968575,1.7765115399071163,0.06403395978465828,1.7795037240163651,0.07219102998520883,1.778246734416743,0.05486036541326089,2.18112982520007,0.04977901040426588,2.349794194706155,0.07984888064646381,2.390445491540058,0.05721623456566981,2.1446043887068176,0.05520151024198716,2.4193953939472745,0.2227653720990934,15.939903856366232,pdb_mean,0.07079989823624558,1.3722704224323072,0.014371071050926245,-0.290356,0.019737112627257532,normal
1H3L,1H3L_A.pdb,1H3L_B.pdb,469.8021613029996,1.3425303181568955,0.053210419617824946,0.835645054497565,0.06144650378255801,0.9264841277570561,0.0675109302953958,1.1912643466978583,0.08739993106308602,1.7381064338046055,0.197270357416317,2.807941824873759,0.26962218273439037,4.517186381352949,0.3175977641416208,5.3193566278125655,0.28102750527371484,6.18760626667579,0.3090246882055063,20.077117396685978,2.8598217063193183,1.0823637835599766,0.02934391091136665,1.0250065749907327,0.01873308554116537,1.0917637314529067,0.020371617468770607,1.5120923706255691,0.03850640294858361,2.125285268282043,0.08522792805971832,2.5273689537896566,0.09157777222202011,2.4468308819523052,0.07314228245303595,2.3890342201195494,0.08500195337014556,2.9179726640984947,0.08244302505631039,2.6338725102481164,0.11989108686490935,13.070570681634706,pdb_mean,0.1417328552675097,1.4566635170126356,0.014352115571961569,-0.3102854021861393,0.02229881418724035,weighted
1H3L,1H3L_A.pdb,1H3L_B.pdb,469.8021613029996,1.3367475671153477,0.05021604532980449,0.932756757587938,0.06678384710452953,0.9072805182428623,0.06557322310249919,1.1977264995368189,0.08446418895144277,1.8375834162821953,0.20175732993843237,3.06445469487435,0.2670820538060885,4.657354539345439,0.31976338703053037,5.28745001879308,0.2531064122994946,6.70251005711331,0.3082656014762014,20.90753722215035,2.925919850603245,1.0775480299171267,0.026409827075149824,1.0471365425352177,0.019106057711394234,1.0962065304238493,0.02014283388172971,1.4905934843304305,0.03627155159660796,2.1629018535622997,0.08444843331148154,2.5760419534984806,0.08905358585067985,2.4895793057103255,0.07357689572946985,2.5246980543694546,0.07033761226028347,2.9036316154692283,0.08008393033380543,2.5946151022424404,0.11206595132912227,13.070570681634706,pdb_mean,0.1417328552675097,1.5202911158951444,0.01251145149539908,-0.421566265993266,0.01844909503286773,normal
1H2U,1H2U_B.pdb,1H2U_Y.pdb,523.604963211008,2.9166952732137252,0.37245425668556176,3.313098064698484,0.35006834634343376,3.1650717257493706,0.2683554257265358,3.637996833663468,0.2813570992435513,4.0622374326067785,0.27111520208373824,5.595844698620993,0.42268020533402956,4.968320428005221,0.318422923331635,8.753911470978013,0.5561021853414582,9.615443524214491,0.8965009444242495,5.623337821984249,0.5497404592427436,2.0598294749340202,0.09815191746930087,2.4278835001626056,0.07157673054838407,2.164787790506576,0.07265524006465945,2.2564239889745377,0.07695618795511616,2.3515448772619414,0.08885169944023315,2.254141508151495,0.08906470786865543,2.4208101125891957,0.07559644906604256,2.32234661810975,0.08907450333344222,2.5302051548481397,0.11257424678355964,2.478104214848519,0.13758163721375177,23.20983045200572,pdb_mean,0.20369967802725875,1.2766859086196365,0.018415025453286316,-0.2456367081484335,0.020965594557154445,weighted
1H2U,1H2U_B.pdb,1H2U_Y.pdb,523.604963211008,4.279784339995691,0.33682699787314974,3.846319579366398,0.33458880256494755,3.078670070290098,0.25461061433554333,3.5936521688720124,0.27631953449411645,4.100621139878025,0.27283665993021017,5.476585204653518,0.4206675742699014,4.84945644658817,0.3229017759248133,8.459931338213483,0.5244867352774079,7.19826670886991,0.49101456640713953,5.429959652272883,0.5302504058845519,2.3581303608186612,0.09051503932346706,2.4525347146033982,0.06829555527056769,2.1866422451582928,0.07068853366051947,2.251173950323222,0.07394490756395858,2.439358502280181,0.08937243382236904,2.1242573507139038,0.07689816169589855,2.4223573599354253,0.07420247551057389,2.357611633512932,0.08952652474064218,2.432812487648281,0.07059209743394715,2.6730290527821046,0.10313831880730066,23.20983045200572,pdb_mean,0.20369967802725875,1.3107607775442103,0.016327550723547798,-0.2976222521276595,0.017658482540389552,normal
1H6K,1H6K_B.pdb,1H6K_Y.pdb,531.640682037003,2.928228358927994,0.18088020651980055,3.8645166386020273,0.2781691080855675,3.495785507628155,0.309406884329286,3.1517793751181014,0.3017600530016237,3.136981087637196,0.2839092246679564,3.836564284382736,0.3457507077613654,4.217083798605969,0.26568835520804657,6.203038708706772,0.3645017821987952,15.74167275546236,1.3329035083328031,32.62869051089208,3.052366475334612,2.048438455476617,0.030583943822621203,2.03125407635937,0.062182104601713264,2.0567619365992043,0.07708094882442679,2.0692858166021053,0.10111759009329141,1.9177204408688546,0.06237774241247062,1.9881401999071762,0.06727040207287498,2.3288389402937946,0.06981213135480134,2.500872542351051,0.07807956430516799,2.5698987090063157,0.11448995207552787,3.147075051522385,0.30958779075710713,20.86560544030019,pdb_mean,0.203956137586573,1.3172574266570147,0.01853918479888285,-0.23855987488559308,0.02153225495751926,weighted
1H6K,1H6K_B.pdb,1H6K_Y.pdb,531.640682037003,2.8190527130081717,0.17157332829621014,3.4069257075794974,0.24709515717090155,3.4383149457448274,0.2802353708391771,3.197855814737626,0.30304994551434933,3.3170480839711463,0.28415569513385347,4.073286382821443,0.34604381157668335,4.286564440142479,0.2651864937544096,6.22798033942239,0.372131982285966,17.308210517510403,1.2902468862939895,33.29054465053808,3.0224334750197417,2.0434093048784616,0.03023200261820596,2.1071067252612825,0.06048731886792704,2.0819717999428295,0.06992960102602365,2.076776717514599,0.10175334320662548,1.954759499991915,0.06131918922764977,1.9911313638716166,0.0641150695831567,2.336882891333983,0.07040354812179729,2.497582250388265,0.0779542659446959,2.7262658522622143,0.10807206633299608,3.4545043305212566,0.2876565331837379,20.86560544030019,pdb_mean,0.203956137586573,1.2597920080067442,0.015954938278421957,-0.33283883369803063,0.0170740544219669,normal
1H74,1H74_A.pdb,1H74_B.pdb,535.8030764720024,2.829136981583572,0.29839097647207447,2.8678513278904143,0.299492771637524,2.4468010224656345,0.4047304497666423,2.163489255130111,0.30009548209055975,3.1223232812099653,0.4369080173718785,3.9534035304474187,0.4349754738977888,3.818838527351492,0.40988896117999696,5.048982763862018,0.3930989302564401,5.392791433656002,0.3815866058468484,10.760102079550574,0.520692652306977,1.8498085153415238,0.07822564132342742,1.7640371044565015,0.07541344469717874,1.696272511559168,0.07948792328015492,1.6201426111252277,0.06020969680236165,1.640051881339102,0.06613543867437971,1.8130715491531724,0.06693088234450568,2.2078559689287296,0.07696087724661256,2.4144754141456968,0.07551865063694291,2.298278481040407,0.09585209952084559,2.0790643816141623,0.07300625471978965,19.403058624744617,pdb_mean,0.20535064844007417,1.5021669870902727,0.017562704454421027,-0.16517456652454673,0.023210872848805283,weighted
1H74,1H74_A.pdb,1H74_B.pdb,535.8030764720024,2.886277395272914,0.26148309363694155,3.618138667893344,0.3281615361941784,4.059680193804948,0.47081142264950493,2.8331653584462804,0.3450560478803226,3.920594686306412,0.4402818090391277,4.703145199553438,0.4305718859949722,4.156427199812354,0.38675446746957826,4.534378713742744,0.3438364796688649,5.5469955993766344,0.2608402036174532,10.29959686402924,0.48439943049870016,1.9367080439585598,0.07262839191246931,1.9704668451634193,0.07702714475644419,1.9467548646594373,0.0776093621284326,1.723467097535479,0.0634933485201877,1.7433089247889795,0.05954598158314907,1.9067078183965263,0.0640086552045687,2.2150238685438812,0.07476992406159233,2.401088676703918,0.06966065402052982,2.260124081296395,0.062145140260187526,1.9576227062887939,0.06643901232649489,19.403058624744617,pdb_mean,0.20535064844007417,1.560251439585821,0.015216161835051704,-0.26521950299999997,0.018780457509103798,normal
1H81,1H81_A.pdb,1H81_B.pdb,609.6918292860064,1.3160029913689604,0.07594406880002466,2.9255843436904154,0.20491795884810377,3.4000556024042905,0.30276172851570826,3.18390056874317,0.26211559421412167,2.629418859007957,0.22217007104349112,2.331305768074204,0.22223473204334654,3.4033120607269067,0.28915680487389595,4.884909803875228,0.25282976835317983,4.831809955971898,0.18386804407765478,14.45596409223643,1.8085267540328256,1.8037281164392311,0.06626582629811606,2.040384390923986,0.09703708653812225,2.0507150799386107,0.07481831563025157,1.939533102909706,0.07785560400336704,1.6123333400191244,0.04869693285365563,1.8814068544679041,0.05944032176662435,2.144111769997903,0.06825967674574146,2.4068295785452114,0.08741516712741458,2.8197163516698223,0.14788141697626692,1.3207350098913446,0.08891657644100302,22.523684655994213,pdb_mean,0.06555014663290279,1.5058020666975174,0.016303886813855677,-0.28973276817191185,0.02030514529231044,weighted
1H81,1H81_A.pdb,1H81_B.pdb,609.6918292860064,1.193444605907985,0.06965535304895878,2.814923684482989,0.20404277701968815,3.794080735370668,0.32491714613640493,3.261553758414061,0.2731494547977614,2.5252736329687737,0.21795804801213356,2.3835243348874453,0.22187872529237068,3.434788639762923,0.29043342602232664,4.790655785973612,0.25006973048375475,4.945850625512488,0.16551314483236756,24.17047268002321,1.6181969924287878,1.8554740925168693,0.05872801732678694,2.2334941012291307,0.09448908529034736,2.2322944003821465,0.07834612070987645,1.972181483234941,0.08138169625488749,1.6030234996197694,0.04843360360362622,1.88478817823879,0.05800223189734388,2.1510080424163434,0.06683258374367307,2.4356311447391747,0.08612680013707938,2.8847306006361935,0.1302362291238805,1.5811587928714825,0.06941438818587413,22.523684655994213,pdb_mean,0.06555014663290279,1.5310409695898228,0.013791389253031017,-0.356384313,0.016791363782573343,normal
1H9D,1H9D_A.pdb,1H9D_B.pdb,559.454232434,1.2255022351749847,0.17872500045258458,1.4889779892585866,0.16244388966241557,1.3238700129647702,0.15168894510255979,1.8103315000016778,0.1841678600230501,2.428889222037237,0.24141527626712048,3.4486864352260356,0.2566411724247796,4.330858489139475,0.3597541592182204,5.792460792182309,0.4140077144193657,7.512237848055913,0.4189029342060821,10.814335869944909,0.4556222794154424,1.2316693682782696,0.035995731203537745,1.484431798197893,0.05459253119218675,1.662891784191065,0.051090249850995306,1.7912299449605693,0.062360648681353666,2.0186496196754704,0.05275184282355715,2.001180466054121,0.06015864747728944,2.2878248732473825,0.07848604228576368,2.315891176600506,0.08823171255079261,2.460141046584586,0.11389330086330472,2.9243363972300904,0.07929960572343141,15.363321053412596,pdb_mean,0.18992600214570926,1.623995495206122,0.016971927462545576,-0.24149813881901233,0.0224896624410076,weighted
1H9D,1H9D_A.pdb,1H9D_B.pdb,559.454232434,1.6148630535935993,0.187564807745455,1.8744222237922972,0.16909693971131695,1.541783124229242,0.1608827265289003,2.09442502324643,0.1919805817200468,2.4835453896908337,0.23550425691203752,3.548038643511522,0.2543106537834521,4.335973676996322,0.3506108172542698,5.6688548510951655,0.3780094201062168,7.186834958464375,0.3541777244590257,11.711194421966312,0.4072223378197041,1.2992969835809502,0.03740797736043627,1.6404896998577092,0.054682379292987825,1.7328821261092324,0.048843232486398665,1.7771142205502335,0.0557127960638546,2.0501562905795434,0.05299687041462876,2.00830535218058,0.06123269227737611,2.3588272173020868,0.07796591507871332,2.3965952178762873,0.08046411531345651,2.577397528238896,0.0862734859142574,2.9887653540366066,0.07249780432975124,15.363321053412596,pdb_mean,0.18992600214570926,1.6419224188751431,0.013286393063832912,-0.3058932204968944,0.018357249913108945,normal
1H9R,1H9R_A.pdb,1H9R_B.pdb,537.7796915920044,1.2809226240424263,0.10824272781366884,0.8380663159457339,0.06938622267335595,0.9481836974531281,0.09215380078644561,3.906497902889463,0.40878984249141226,3.2144935008357938,0.2774030060565493,4.152541038861748,0.30388654539538573,5.2546188527398465,0.3288386667953048,7.704857976487794,0.5553633555235209,5.044666106877189,0.3006754664398704,6.2772432071231865,0.24237504209545027,1.3295508567718541,0.030815583951607602,1.4598162495444331,0.04015492766144456,1.7453476396576795,0.055397160419374876,1.9547224764706082,0.0634392797985341,2.016075412068255,0.06751280643257133,2.568034108893926,0.08214708956008158,2.3338629342227915,0.09457570285048209,2.316281936995459,0.09418805000788344,2.782939715979994,0.06898038609972434,3.3059693962301577,0.08815908986118631,15.460166722192538,pdb_mean,0.1423350758474552,1.556023810036121,0.015097082350294149,-0.15092896248116952,0.022469623759808037,weighted
1H9R,1H9R_A.pdb,1H9R_B.pdb,537.7796915920044,1.370234165142238,0.10029576426784052,0.8575855377044346,0.07270378295356825,1.0059593029387868,0.0969752077465366,4.974881668283473,0.41021286167624804,3.121721844032337,0.26418488243268795,4.2189409408509855,0.30305632185832543,4.823829564581694,0.2914326275187814,6.129558599067276,0.42435684193729467,4.69015213495512,0.26733137422723413,6.406633642973161,0.17664629770296897,1.365080457543954,0.028119591241215797,1.4521469562312408,0.03802305425980876,1.764368704296372,0.05441501924523431,2.045011733232441,0.06251156404499138,2.0201281505268245,0.06697604345186711,2.558702156190881,0.08039817531559032,2.436010244251342,0.09083611769707571,2.4487844744651843,0.0840529776394939,2.7871665961349716,0.06266954545225378,3.16399025520833,0.058982553958334585,15.460166722192538,pdb_mean,0.1423350758474552,1.514349588772829,0.013773754713381083,-0.27525752600000003,0.018902792504496876,normal
1HBM,1HBM_A.pdb,1HBM_E.pdb,577.5714090109977,3.0484701217588466,0.24119361231872471,2.907591935308427,0.24111738696735519,3.90326822723596,0.39147188337727257,3.6503847233767948,0.33284873849488206,4.012697082814586,0.3374170987901255,5.055040177930139,0.4526837045675856,6.303703063295489,0.6924878494749585,8.33948574706787,0.8160809963014412,5.854946465647687,0.635679161664532,22.74612843489957,2.7327113588991097,1.5533495919741542,0.037760991526153614,1.6799720417691215,0.05181803796055407,1.755115065542355,0.08343905411537283,2.089866853677479,0.1093782958405717,1.8615481500446385,0.06210346446013986,2.352662155308804,0.09496190468327147,2.5824526884430017,0.1428307214095144,2.33927977698487,0.10126985917502046,2.5292342932081233,0.10345103633824568,2.757261489686513,0.0785174589210626,24.498010690122474,pdb_mean,0.2533930924884473,1.4228006784780949,0.0182979993880123,-0.18972693382554667,0.023089094584243117,weighted
1HBM,1HBM_A.pdb,1HBM_E.pdb,577.5714090109977,3.0009765939589625,0.21130046471551972,2.703798590829813,0.23004796865236163,3.7469434334587977,0.3778658586535168,3.6711869931686874,0.32890709076492247,3.9927526767984527,0.32359548669485594,5.5546030540033495,0.4734699461674465,5.124418644894068,0.4599531838480301,7.152918714441858,0.6384976243565548,7.470804921532716,0.6239463668708544,19.59584797432783,2.35729213269355,1.5647240195629812,0.03174180025772808,1.6766503094038852,0.05189018629512745,1.6900078667713114,0.077391228309106,2.1591502080970963,0.11136891749323412,1.8785050168640363,0.05955946410159263,2.3273029488738546,0.08439467462300575,2.7046749371520376,0.10313356906255158,2.2990731473704886,0.07177838794794325,2.637475182699092,0.06832817806168091,2.754697072676615,0.06364688789493642,24.498010690122474,pdb_mean,0.2533930924884473,1.3926288029389318,0.015002645115469797,-0.2385316,0.018468508834998683,normal
1HBN,1HBN_A.pdb,1HBN_D.pdb,611.6080200689903,2.3395313494160606,0.333576847068207,1.8624152944152268,0.28180787276810104,4.43464213626003,0.6860813558492147,5.58244027739923,0.8087022642751356,5.507914972163637,0.6585110896312135,6.223095884309521,0.6321096920828924,8.55735910110488,0.6821634169104093,8.131524883564047,0.9410043607837246,6.4179026785261755,0.47788880353794844,9.26535136126806,0.7573858762728035,2.0180202551658804,0.0948366622312179,1.7069324547548468,0.07860408463080112,1.6615764439973049,0.09486731473601147,1.9026268152705565,0.0880117397865867,2.0961620173439206,0.07099215443881124,2.294059241620328,0.08994297404770069,2.7337676148067684,0.1270422645707034,2.4571548347806536,0.10795328124517843,2.9085316045629033,0.07767200559752291,2.2663540172920715,0.0660682260559181,25.031656508919337,pdb_mean,0.36342074202100205,1.4926676552920242,0.019313604593480756,-0.15882998136316076,0.024420639412950217,weighted
1HBN,1HBN_A.pdb,1HBN_D.pdb,611.6080200689903,3.0269692803815706,0.3621040944374232,2.1850556362419855,0.26883180740379514,6.641819428386859,0.6873805815896268,7.491858849500509,0.7757118897181544,6.493333997244824,0.6399753427243877,6.952706961082181,0.6867322129154504,9.115423649404025,0.6890355504007164,9.355713950428246,0.6587629534713424,7.164905820408718,0.48934058262602775,10.291221108622016,0.7838004033279756,2.143703026494377,0.09481852107261843,1.9151670836999208,0.0832056083543845,1.9876979289493693,0.09558579878057907,2.072610671050758,0.08150667158588777,2.139995084806589,0.06557299473121667,2.3319098854151417,0.08721000521070578,2.667581540924841,0.10652622567703271,2.4420404344809263,0.06821638427332058,2.948099310166956,0.07955492796391558,2.1768124208955597,0.06550924739689165,25.031656508919337,pdb_mean,0.36342074202100205,1.506729408004969,0.015806956930506343,-0.18486214100000004,0.019220890205073348,normal
1HBU,1HBU_D.pdb,1HBU_F.pdb,595.9054910790001,3.631192559770157,0.34521564736486726,2.1795188762178945,0.2402033363465401,2.018079983021488,0.22093627612480626,3.9572794223436993,0.35179148725718107,4.748355386145439,0.3930365288468706,4.973119618708157,0.4409615931185248,5.155192072308191,0.36897117351388864,5.239699929877607,0.2445986948497838,4.858064042123039,0.41160140077067947,6.390266793582586,0.25680458353912516,1.915808241678051,0.07468992354488418,1.6607815911472654,0.06386702000503834,1.7734253144702994,0.06897635814818143,2.188960759522244,0.06837384518040465,2.5994012222822347,0.11074276142630897,2.530928994347048,0.10817890951722288,2.3727581287194535,0.07449373558042675,2.275015287736482,0.08840448816928886,2.9048637251713396,0.1386256462735473,3.223264103188069,0.13548688771939002,22.45967003045522,pdb_mean,0.16726190631392374,1.550115871290131,0.01732643507758937,-0.18876182389781243,0.02174875648790942,weighted
1HBU,1HBU_D.pdb,1HBU_F.pdb,595.9054910790001,3.8835842321835843,0.3325598544370355,2.4215567803487077,0.2524565701133683,2.0969209715260027,0.22640887923781094,3.8523783385431427,0.3532068725483547,5.127775700108646,0.40847083781737104,5.449100691352088,0.42744760710909946,5.236923454673619,0.3452805367955035,4.814349915176172,0.25199688057719727,4.9392523174177105,0.3936531767745366,6.573220455915607,0.24495931342090776,1.962269359510658,0.07083763366052019,1.7456156358898907,0.06341905433376027,1.7954125477826093,0.06994808661504023,2.1799441455125987,0.06900163764144504,2.638835746109294,0.10891967606602745,2.533326975827645,0.09897338945200573,2.3086864796168727,0.06720689724265064,2.1472552280639436,0.06784366730532779,3.0572937664380264,0.12648052013244973,3.2033045604510564,0.12425718288344671,22.45967003045522,pdb_mean,0.16726190631392374,1.5450547205863554,0.015152069711901356,-0.251338122,0.01782418053211447,normal
1HF2,1HF2_C.pdb,1HF2_D.pdb,576.2893475849996,1.300481494329743,0.13480862791370246,2.640903304529083,0.22226850051952823,3.2568436621876473,0.26485435886050057,3.484398888199102,0.41034044376119405,4.6632824062619855,0.36645038947541,8.103482413530799,0.8083111657225845,4.619732988454722,0.14595413528480988,16.478539255070974,2.3291379453731853,4.6641661834543875,0.25787131180509504,5.034096594914002,0.2867709543622556,2.16015376206486,0.08330742968481294,1.6390752703257916,0.058598178314195476,1.8122068311571708,0.0817295578412552,2.3848534592830672,0.16471317348454775,2.22171632586278,0.09279914307067966,1.9276291532161363,0.07885516590129843,1.6595017753291843,0.07709538127081315,1.6313137028880644,0.06141422221256498,3.060996493879051,0.11485346508897284,3.547966504632152,0.08387631156908816,19.701366916913138,pdb_mean,0.12436735360864606,1.5131353069368862,0.01718474968913764,-0.35409007229908096,0.019012467944926097,weighted
1HF2,1HF2_C.pdb,1HF2_D.pdb,576.2893475849996,1.524410050510969,0.14489084668655539,2.8494850953318154,0.22472746303296054,2.739836359039744,0.23963298654240126,2.7942339196263903,0.30011196147150837,4.929601588170905,0.3777607680768465,7.501667253725962,0.6653761593095526,4.540276169068947,0.14518860282316723,9.089882509784065,1.2382261737080893,3.8714565496498086,0.23285097163562046,4.0502366023712115,0.19712511037288039,2.088163940347801,0.07298031376141839,1.6921062412183054,0.05802530841229562,1.6927248613422705,0.06887689741821411,2.174045473837019,0.1203689863686335,2.260801825330541,0.08658080551343307,1.9282305648958031,0.06572866352865761,1.7247602369806538,0.07313948880342772,1.5985639226152997,0.048057092076383284,3.2269033852696496,0.08521992560630505,3.884579067671201,0.05643605617048135,19.701366916913138,pdb_mean,0.12436735360864606,1.5316267224580256,0.014758993583037798,-0.366007523,0.01643156442490822,normal
1HE8,1HE8_A.pdb,1HE8_B.pdb,608.8979789570003,1.5284061036370495,0.1711966897963587,1.6203830639697476,0.15687237989732714,2.6745028006424243,0.22506163802921744,4.169856804840026,0.31517498355950735,3.393522148530283,0.23606850877936192,4.191353997338911,0.27138978632061833,5.255569544853606,0.2943631793280408,5.376848706970274,0.28955464949810705,6.014769361955591,0.2396005389042512,12.830939250030104,1.2458478746350232,1.5695658961317749,0.04497234502117261,1.5522965533549022,0.03495845596600278,1.7634415386202058,0.04119812340555721,1.8372923514137014,0.054818936226256845,2.0799005861199777,0.06698073264412115,2.352832413444161,0.09414954858999934,2.2824199627545294,0.08864540064578501,2.489482048754704,0.12190724705650445,2.157578957712937,0.06332718158773791,2.9985877217419143,0.15283857878554438,21.905775728005466,pdb_mean,0.09626230239625444,1.6108648918151423,0.013942360993017934,-0.21504006432168962,0.019689848078019073,weighted
1HE8,1HE8_A.pdb,1HE8_B.pdb,608.8979789570003,1.8809329039522031,0.1389829544388259,1.7388835935499753,0.15684413604255848,2.7095161998755763,0.22162601615442856,4.146162536740358,0.3125256440214431,3.16924676203233,0.22187939715597507,4.004517500614015,0.2606304750368619,4.9022864880259975,0.2578182358181459,5.423665141811565,0.21443450742529452,6.269263765160043,0.2524153974247294,8.91543369410112,0.579512043574021,1.6009549806730987,0.03838916324323707,1.542620082482748,0.03425734405700528,1.7532226357710359,0.04044905598071554,1.8653130198198182,0.054299160406715855,2.0998401445865413,0.06645512007999536,2.3962835299277145,0.07963354899541872,2.3190228617315167,0.07937523742133437,2.3799113032407733,0.0955408005547069,2.2548925369871804,0.06430930318321526,2.6310102492983556,0.0852096172317093,21.905775728005466,pdb_mean,0.09626230239625444,1.6043395951686006,0.011551498844972925,-0.24814003399999998,0.017969341384277044,normal
1HI9,1HI9_D.pdb,1HI9_E.pdb,583.3394566350034,1.797105632455482,0.09440865036671368,1.3648425986222508,0.14497522779433714,1.7117050057062706,0.1700328288307442,1.385693868254382,0.13464629270362044,1.933816558832159,0.18373534671306682,3.593633204728797,0.2694461555660099,5.075148339330934,0.2854404188855067,5.437623424744095,0.2568846872278229,12.582567297328618,0.9318545810589925,29.148264015753124,1.3061838655708407,1.5034845541366164,0.022674053087373996,1.471049736209035,0.043525008651866634,1.528032358283718,0.052044729964140155,1.7794689340870913,0.05828609629958854,1.9666839256860627,0.04993239914756514,2.065497636012209,0.050598332965188515,2.253308581591865,0.07196536141456379,2.761104017606527,0.08686751979060402,3.120934846416687,0.08420511115959611,2.0016181361065244,0.09845985852398492,18.106127382807866,pdb_mean,0.08645270446534348,1.3627428082964996,0.017021670582461217,-0.17001389427863672,0.022623825366923048,weighted
1HI9,1HI9_D.pdb,1HI9_E.pdb,583.3394566350034,1.9802309722471854,0.08727499582403733,1.5265188633843985,0.14608280133463275,2.015643001552087,0.1832473613930527,1.4247625377100561,0.1334044435806039,2.1212060870048632,0.19653711234734653,3.9314863392513626,0.25546663946906145,5.142670678524385,0.2614752313094661,5.478737018734314,0.2576935361651814,12.337792302734236,0.9419517401939779,33.98936837307403,0.4961298105034563,1.506489514432777,0.019812568546045524,1.5324690424464236,0.04280281250049485,1.604139617039489,0.055693341690322404,1.8027500444522584,0.05897285765767337,1.9924633718247775,0.050085590350918384,2.034807112969913,0.050468553097339844,2.2594506437435284,0.06904768908042849,2.79292205634041,0.08331605299150016,3.155218861053827,0.07505295836139769,2.188063813474392,0.0453184045925452,18.106127382807866,pdb_mean,0.08645270446534348,1.4203070510732385,0.014250260560960848,-0.30871828747433266,0.018534440009803192,normal
1HKQ,1HKQ_A.pdb,1HKQ_B.pdb,576.695040038001,0.9017017967864608,0.046123237579834976,0.6742186654912775,0.05417574816862112,1.7369133454411307,0.2585113062653808,2.9364177693928513,0.269802456587509,3.408466211667455,0.2681469434538861,4.013470063866105,0.2529592588153779,4.8258207274532845,0.2844538687947212,5.401018815568275,0.11525205311084336,6.506764230002685,0.4300509840810459,16.897755549878536,1.9279530587388811,1.2300834175920394,0.0352728634147103,1.2962846125674385,0.0498026012156227,1.7370376911723966,0.05668750418467749,1.8179708517805682,0.05993542199200351,1.9756185888695637,0.05540706484401911,1.7794869608225787,0.03963467933045581,1.8946743031220687,0.07600606017523306,1.5578108189496505,0.04266037346147143,2.095603734480578,0.12008991168509732,2.61141534657579,0.05796141043291813,15.358159877691275,pdb_mean,0.1122736534087604,1.5292439154603308,0.01312536983374193,-0.2645292648022587,0.01983331917454175,weighted
1HKQ,1HKQ_A.pdb,1HKQ_B.pdb,576.695040038001,0.9012912821548648,0.04494344872109676,0.6863657565133081,0.053239777629888206,2.1062220617541807,0.2810679123976902,2.796709010974746,0.2596726783435401,3.470699595825158,0.2586163156933821,4.028267190094001,0.2560903187662112,4.092346596836974,0.2148551972172914,5.370163242538948,0.11297682557053754,5.510116917137826,0.19974285361539157,17.394931754183837,1.8065559411090575,1.2510752288816709,0.03389178360278528,1.3232629914352478,0.04809911026902613,1.7752904568615882,0.05333040487477605,1.8577948540621514,0.06334812193620183,1.9819134699407797,0.05413835956049323,1.7717550485315225,0.03958125299637415,1.7534243034107129,0.054447151125046035,1.5518796070100973,0.041938662648264076,2.2135723778805767,0.058557187361058395,2.5814416535100775,0.04897577456262079,15.358159877691275,pdb_mean,0.1122736534087604,1.5083363918232453,0.010989905568613038,-0.34032543,0.017583959577258352,normal
1HN2,1HN2_A.pdb,1HN2_B.pdb,529.3413601599896,2.018725263804881,0.20473104006360723,3.7459336976556123,0.3023341091927513,3.580708641068755,0.32407706227385724,3.2159542337298315,0.2897411502943423,3.9413662481155582,0.3016024547137367,3.857535221711403,0.3385943009892669,4.398440607607437,0.43508115453671325,3.4089647814816666,0.3119103285350957,4.857829666313765,0.33529489454313527,6.945299594697202,0.20842106962613577,1.7047626740050492,0.04941042267061709,1.7045050795727574,0.06482650847290107,2.093651188555996,0.06935137021350754,2.2000706252897815,0.07399762414685013,2.1742141694737356,0.09869849769727353,2.2990959922969854,0.10638521928880308,1.9585510883926243,0.07258550297579007,2.1456611563266965,0.09881638653453677,2.467923237273843,0.0810046240949495,2.632212290245222,0.09180282944260704,18.530572178687887,pdb_mean,0.1464228008443279,1.5637973827462575,0.014067021580267158,-0.14703749542484873,0.022266761439207444,weighted
1HN2,1HN2_A.pdb,1HN2_B.pdb,529.3413601599896,2.533033267828383,0.20074955310401385,3.726507644958626,0.28120440392805823,3.716772534439448,0.32692311450915995,3.256247650121911,0.30094044145610155,3.9958092508526954,0.3053144408406828,3.879735867887993,0.3447963995251239,3.95934238406997,0.4121830404632467,3.4974225825710317,0.30942071174664393,4.504193304624567,0.2965016468957143,6.9528552193959605,0.20566558955855602,1.801098363611178,0.04355626092741906,1.737522807409913,0.06023674322354063,2.1591995229032896,0.06387101129471692,2.2675700529420246,0.07302560562721991,2.240576118965599,0.0995100950121549,2.362850417844435,0.10816751814552723,1.9509465103603951,0.07409303791258975,2.217893454497963,0.10230082336157151,2.4400258254802094,0.07814006940643603,2.562686641940462,0.08557895054468924,18.530572178687887,pdb_mean,0.1464228008443279,1.5645674206390436,0.012457349803836067,-0.18874710200000003,0.019930891797359084,normal
1HPU,1HPU_B.pdb,1HPU_C.pdb,568.2738347470004,7.053080621255456,0.3278195177917525,5.171803816598037,0.15134417053314989,3.6691216299545526,0.2316127423430627,4.549566584264547,0.33602768724025417,4.567271410913326,0.2972492570358769,5.048868926894868,0.45742087713795093,2.898626862469293,0.2664894569765549,3.5608168743478408,0.2878935900835717,5.108220306356615,0.39083728574899906,6.649783390398506,0.2142365415157648,2.43396245791846,0.07791333941244087,2.219000310602552,0.08004073844381777,2.640056514127033,0.10682956249253509,2.417255861524963,0.06992557867051101,2.0608809955952685,0.0854877636258904,1.9765209964448278,0.11010754748893058,2.262914719898766,0.06905555567465906,2.723365515985579,0.07491926426400133,2.8612860099936883,0.09482118566995414,2.6274664866597526,0.08956094346563508,24.678575540944813,pdb_mean,0.13569850156422752,1.5350892264670613,0.018539581920292335,-0.12078664647515147,0.02462825613173091,weighted
1HPU,1HPU_B.pdb,1HPU_C.pdb,568.2738347470004,7.352280253694875,0.2590187858554104,5.072572066270241,0.14883097363139583,3.435908545390759,0.22115959906751653,4.098620501389229,0.30336581020932235,4.5497733452589255,0.28386092317323575,4.20559896438971,0.37265935376253356,2.7462371191343316,0.2558018599826702,3.4506702047155233,0.28467466081118814,5.670685065462383,0.3516668483173721,6.100962037805932,0.15748435430549595,2.494031276916441,0.06550711795177729,2.277159308326842,0.08013736973164663,2.6976897667452806,0.10697766251523955,2.3066763528327794,0.05733479736794579,1.9911671347911892,0.05546362679574227,2.074931215066644,0.07352678255923126,2.298630451750217,0.06610054080104069,2.6804475365732365,0.06898947487866992,2.7477871184672087,0.08422800499072072,2.5251263128165493,0.06309240964517895,24.678575540944813,pdb_mean,0.13569850156422752,1.590824323328613,0.01249025069459833,-0.13603325237592395,0.0187325447896392,normal
1HWG,1HWG_B.pdb,1HWG_C.pdb,497.7206590069982,0.8560568728677408,0.0832513755110986,1.6872196204757979,0.1495891673786525,3.2641088638862086,0.23769653231228077,4.079035869973388,0.3196938242418195,4.8243894355361885,0.2987422191292788,6.128778304994969,0.42282567601291243,5.691239616333428,0.15636240143094274,6.0065151590469545,0.17653385946320801,5.044894182055509,0.07958123719751677,4.928797677433158,0.07756949666727375,2.0788527965867702,0.08330108217003117,1.6699891687603747,0.029669323906639677,1.7223220534354897,0.04548021166677126,2.224643395693304,0.11066939346460206,2.238084372640718,0.09680285217501425,2.370267009428929,0.15164693666933088,1.7792997572460323,0.08022797369964883,2.180356567391947,0.11724121266973617,3.0843586053338305,0.10241991213202842,2.739187867321434,0.0943493241027699,21.690829372416623,pdb_mean,0.10807149280542572,1.54867775059469,0.020081034278761168,-0.3170300175178745,0.020556111908678558,weighted
1HWG,1HWG_B.pdb,1HWG_C.pdb,497.7206590069982,0.833870274963942,0.08115408119286532,1.9409368386831805,0.15244238846341168,3.2889162553422295,0.23306298007246676,3.4259315830769883,0.26989336405395303,4.268311218052951,0.2806806651990822,5.775961937786799,0.17141648210058102,5.563997080889955,0.13710168142284165,5.879012265277455,0.15121288492588494,5.0082961880444445,0.07534363359737983,4.857101967302788,0.07335183308763392,2.1714171514861773,0.08102177280268244,1.6399991440915918,0.029574000532789618,1.7065309087427147,0.044443240558979344,2.3725709958053227,0.0937144058627781,2.386587207725754,0.09298550131552494,2.328063537064158,0.08596947399287154,1.737488344331668,0.07081432368644022,2.0779518840608904,0.1039900591843414,3.1277713521891006,0.09795515235327552,2.7356305390505278,0.08719083378992414,21.690829372416623,pdb_mean,0.10807149280542572,1.3880552380027016,0.016573813209019846,-0.4130350746753247,0.015747036565765357,normal
1HWL,1HWL_A.pdb,1HWL_B.pdb,594.7384153970052,0.8164244971729543,0.09111298277319,3.4627667222071956,0.3509893557300577,4.711638183726607,0.5472123535614047,8.183172477297298,1.0129468047900396,6.049282651554332,0.8163372658180954,6.897985681289924,0.738753077589902,6.720063019807076,0.6410892009638102,4.894212947982528,0.5287296996572156,4.338057662183783,0.3884340234265655,6.982179110229271,0.4680869328216925,1.3925571819645142,0.029647327834331667,1.7674858392801958,0.06726166635653655,2.005463924681395,0.0771223477172777,1.981796478301936,0.0974686818402967,1.8749404139732047,0.09719541158310041,2.011496388478603,0.07438482112529725,2.0649149079459237,0.08974144115890727,2.216622660726043,0.1721137183672235,2.4694520424261803,0.1356278724591425,2.3952886288966084,0.06813449242895717,25.519270599723793,pdb_mean,0.34516248757603296,1.5004070712318207,0.015575023163252778,-0.2990592194218315,0.020437931790611725,weighted
1HWL,1HWL_A.pdb,1HWL_B.pdb,594.7384153970052,0.7809361462970175,0.07327885410303694,4.1229228194693155,0.33475651176441473,5.198503177353104,0.5664050090645659,10.333584667559613,1.0168776068718117,8.057055500075366,0.78948164683797,7.918403131172712,0.749361566060893,5.964876619866629,0.5216646149612908,3.8163286100414457,0.3192061725716938,4.264796402203878,0.31288445519151875,6.152477770662386,0.32918942416927827,1.410576669506056,0.02986527074193106,1.8302550239465594,0.06135062428562195,2.062154208735179,0.07443071967115573,2.017801943239026,0.08057236550778496,1.9921064953478445,0.08545888819173306,2.0927550079720785,0.07415145594121816,1.9460863239651447,0.07692093022195581,2.253040413718723,0.08485666324389143,2.2753345016832305,0.07539788260600808,2.4624737398041243,0.05896973990921491,25.519270599723793,pdb_mean,0.34516248757603296,1.526039336780961,0.012708123850444144,-0.305463595,0.01811432529560657,normal
1HX5,1HX5_A.pdb,1HX5_B.pdb,538.6609521000064,1.2010165425865198,0.10879761402585965,1.9851889311284618,0.22121892067313517,3.4254826600156596,0.2385971174471348,4.0223243979612,0.29604268121977656,3.456601994882415,0.2186706890166709,4.15918589696044,0.24831168024546751,4.2817502888638534,0.31013371511473525,3.830955659694548,0.22586371885954237,4.660403900455323,0.2292754985908195,27.280144938599154,2.7235448706941954,1.9446035393186951,0.06598672718956398,2.2655783160097513,0.07605016297585612,1.826814561461253,0.06578622339399329,2.2797238109393594,0.10037104999720649,2.1453991131751247,0.07856094967684657,2.0868469269507006,0.0714112062224648,1.943429697230521,0.06316549491192174,2.4679617484046745,0.07635932611603759,2.6649622147094814,0.07648439181119109,2.9617711394068325,0.128003610963765,13.54745627362127,pdb_mean,0.07164506573944954,1.4652607373445017,0.014576268232086144,-0.15863640049106956,0.022590029623023918,weighted
1HX5,1HX5_A.pdb,1HX5_B.pdb,538.6609521000064,1.2275924107646932,0.09409927290871464,2.0276505893405514,0.2209066368343052,3.5491837455293664,0.22336717338535444,4.039321378397581,0.2881441932106437,3.3442651229521028,0.20930964562479523,4.013705580128115,0.24410292364865788,4.056119381481148,0.2953379897911353,3.80882551283741,0.22513223482917813,4.598376762084373,0.20415651388293413,24.737206618696614,2.5518885727733336,1.98452925941316,0.05905178571117418,2.320485548760172,0.07335453527682112,1.9128303098851678,0.06395286930406162,2.3899791993073563,0.09681102450790552,2.1057387702274606,0.0748255231311277,2.0683262358398924,0.06457649659276626,2.0182733111793527,0.05627420922470387,2.5004034296916036,0.07766756308842862,2.77539383783666,0.06357502638502203,3.098410065440278,0.12288685239338026,13.54745627362127,pdb_mean,0.07164506573944954,1.4404021105839817,0.013783130926105091,-0.2613476002076843,0.019638094586190015,normal
1HXH,1HXH_A.pdb,1HXH_D.pdb,562.8537219709979,1.6065249682710718,0.07063793579213598,1.2758424174243985,0.11292123273184836,1.6957148311256798,0.16491413514319378,3.09266806617689,0.2638419111413936,3.178445321758071,0.2773161137323793,4.845729834910149,0.3189129975309403,4.982082956563547,0.4430683694490877,4.512995968040811,0.41235584552686255,5.265274278599094,0.37020829965195134,7.717427937464609,0.36118249397399593,0.9858058553142172,0.023670936513955885,1.146544603529903,0.023372786167762657,1.3285111807528664,0.03737856922852158,1.8269161436758419,0.05592010906089572,2.2466744920630046,0.06923765004049405,2.4199446797053383,0.07289984873966739,2.377180289744442,0.13054599709047027,2.2922899426107155,0.10484288908879548,2.530922850664717,0.13887775157946214,2.7091694805936775,0.049622138606924764,18.126760841754972,pdb_mean,0.12645806541758597,1.5111724595036589,0.020905218952287093,-0.23169052922729408,0.02424444493451421,weighted
1HXH,1HXH_A.pdb,1HXH_D.pdb,562.8537219709979,1.5278768674024195,0.06568143335403158,1.2643639519603649,0.10942589517652357,1.580823366588571,0.1593111748776106,2.8594203743070317,0.25259858927359125,3.2426728138582597,0.27428959852910595,4.732371237794374,0.31450352196798714,4.755706481480272,0.36869648232777325,4.400397552608133,0.3333252560991124,5.276286826891708,0.3162671634719549,7.444770197337643,0.29159724972780576,0.9820792474150848,0.021733175009001703,1.13860524324862,0.023556614422892794,1.3260061929951288,0.035984444888492645,1.8621098204121804,0.05581173096893651,2.22280118511566,0.06643721728879194,2.389797897878095,0.06958066284453138,2.6431705099300866,0.10185537908124728,2.4444386838596897,0.0670347681565663,2.782934869256091,0.08163611468798496,2.7518395090101495,0.0435100614767122,18.126760841754972,pdb_mean,0.12645806541758597,1.5523565404416546,0.014856181353927111,-0.342797653,0.018708373543019116,normal
1HXM,1HXM_C.pdb,1HXM_D.pdb,528.4888423059892,5.022734461283677,0.3405961806361847,5.983494892054948,0.3052254933123261,4.68092904379415,0.3033393907598085,4.035931032076844,0.31743564210627984,3.591379403029022,0.3435619664248474,4.567554609246405,0.4233786541707817,4.219044065446249,0.34284082356973095,5.513478215970685,0.3984828982274024,5.757756035359141,0.23823020491120656,35.20408446274184,6.135740240998936,2.4150057192198853,0.08635235546853086,2.577306379658516,0.11284249411865453,1.954946097891139,0.06856132193980947,1.892816500234705,0.09377412765462183,2.1500801268263285,0.10972991700418508,1.880273659002443,0.0838272202070046,2.1863628718623733,0.08122849494511537,2.071802073290182,0.07866933062343068,2.2682968496536433,0.078633448648694,1.7535182286545332,0.09791756082619593,22.091117515126847,pdb_mean,0.20575653800992766,1.5111130778615953,0.01599117923377495,-0.22800039890881954,0.0213551558163017,weighted
1HXM,1HXM_C.pdb,1HXM_D.pdb,528.4888423059892,4.967773687139397,0.30629358091667874,6.241633006826796,0.2875129481158115,4.710445161326534,0.30859907388942137,3.6180496770706663,0.28662022887171307,3.5171510400826698,0.3463912363187588,4.627172977722466,0.41222050481293665,4.005359592465301,0.3317825473677608,4.842652129455191,0.2743118717088915,5.534278732469512,0.23792073103434191,39.61077486533818,5.695161125215509,2.4359791170357314,0.07693346744343427,2.455676324036675,0.0868536802065092,2.015610530836301,0.063792634596074,1.8413362734012437,0.07662392003281952,2.145271355668341,0.10257442119580248,1.9166513486932382,0.07916610158617046,2.1988458843604475,0.0832262528072359,2.061493924235366,0.06412413436101976,2.3448209924850687,0.07506408818967539,1.7844196241181833,0.0975903923189208,22.091117515126847,pdb_mean,0.20575653800992766,1.5878157253805614,0.015345462464270041,-0.24090550160771707,0.018407182866870993,normal
1HYR,1HYR_A.pdb,1HYR_C.pdb,540.8577683360054,0.741489284849138,0.02838337292888144,0.5276792317072028,0.03458915174316156,0.5183965108868184,0.04702124304279737,1.8950731596276071,0.19952467187369413,2.849323284397103,0.24666742610042278,4.465114318384544,0.2439977015409533,5.7030079955014,0.22488587609414845,5.270751055634561,0.26038125746208257,5.004916814219786,0.1597270196808372,5.871489610572907,0.1784458852917087,1.1143892612509787,0.026362652915154806,1.2671984087832535,0.03196442854511505,1.585156684758918,0.03320212829940949,1.8300370015383707,0.04476447091563468,2.0386233929685043,0.06037936058725036,2.0313507767187864,0.07566266114081796,2.2309068935606358,0.09421056554278684,2.247177736812361,0.11132213676443974,2.6500433603410194,0.07845359114489943,1.7561222721934862,0.15177786190506828,19.819264555847845,pdb_mean,0.07686573599047108,1.5819987224866912,0.0167012176961778,-0.28849395500597147,0.02236224753380794,weighted
1HYR,1HYR_A.pdb,1HYR_C.pdb,540.8577683360054,0.7761993344626017,0.02879056137052673,0.5270953659709313,0.03407261632976332,0.5460693253246215,0.05069721486776772,1.9414989929594892,0.19537720394556976,3.098013557797773,0.24325794236208234,4.498582648554263,0.23424356278956462,5.5126208667320915,0.22853155827582974,4.853912091115683,0.2202664520901299,4.652215124650002,0.15918323232778264,6.131987379038568,0.11391356392753604,1.132679116453211,0.0232692488999696,1.27742879197911,0.032550911982001954,1.5878719080437727,0.03264940653994617,1.822918859753348,0.04552820564309498,2.070292484064157,0.0575929050172068,2.112982018976194,0.07637407739843372,2.31247273470672,0.09590000475253858,2.337997763038017,0.10821987069419448,2.875380659886123,0.07402881021772552,2.0300460657518067,0.07596215345287795,19.819264555847845,pdb_mean,0.07686573599047108,1.5530413791945878,0.013960336085494343,-0.37302087852494575,0.019450210041148195,normal
1I07,1I07_A.pdb,1I07_B.pdb,540.4737187620049,5.791293777250553,0.5157147474459943,7.528038298669721,0.5727057384000684,7.2588027314111665,0.6540203372395536,7.738332768105164,0.6623163747479905,6.362245291950698,0.5779419085154525,6.154961895881188,0.6710184770525122,5.336201661728482,0.44287996981897576,6.318058068213384,0.41939604637789357,6.8499472466895925,0.3781513989780996,17.60418454057842,2.021035424745584,1.7013762533674959,0.058868796012357866,1.9417865232142182,0.0671669457613258,2.1410939946798755,0.06298324135072685,2.073341482930137,0.07641577934979855,2.4222807196567047,0.09059694226873534,2.219495350200931,0.09156339262704676,2.087445999413425,0.07679497300601967,2.553211266173734,0.08427756573822467,3.3609136627213547,0.11847528056567312,3.7065809166313652,0.11551678782805827,14.99204064676849,pdb_mean,0.4898005744420507,1.576157154627714,0.013898345587884362,-0.11511194343851769,0.02264167003179483,weighted
1I07,1I07_A.pdb,1I07_B.pdb,540.4737187620049,5.65444695399646,0.48351911700520855,7.799738244148739,0.576654061543471,7.145950094290064,0.6108336841531574,7.072647992866633,0.5937432567527733,6.765242169798014,0.5650019512256167,5.848469029603295,0.5575478163103461,5.339481031820342,0.4422763857844245,5.984248325568289,0.38304144470665435,6.499284865130513,0.3340112025866624,13.016194851462615,1.1112362808177374,1.7177778916527466,0.05728554825436201,1.9489582413352675,0.06813267632952424,2.1093087225354465,0.06079402871648456,2.1072239824491557,0.07772497115948176,2.3757134835282865,0.08407416678468614,2.22145172337596,0.08361085062653183,2.135536577722269,0.07480549255079419,2.628573114476363,0.078360116918209,3.590670465598659,0.09403674155399525,3.3921208122557176,0.10138054227743339,14.99204064676849,pdb_mean,0.4898005744420507,1.5681056133935745,0.011681001569314967,-0.15993416500000002,0.019098997623470167,normal
1I1A,1I1A_A.pdb,1I1A_C.pdb,542.905382248995,2.2698952046687393,0.33308050143230766,1.4076621378344083,0.21112540676287575,1.1138215789793868,0.13078299546050898,2.1630156790963,0.2045758585916282,3.7355275774216974,0.35454498930814166,5.394019110761993,0.38875865457664255,6.4823728273082875,0.36368222262506233,7.4156976901149205,0.3295321150413576,10.362826223914098,0.7350497099573143,8.767533289467064,0.41756300755854375,2.243673622984238,0.17007732973447123,1.8463451647943205,0.08217518356310967,1.8049155246455537,0.04790949499021872,2.0875487529085355,0.07078404869785643,2.253926086660861,0.06593289427944264,2.2039505933447208,0.06822860090830182,2.398563993642776,0.09165930537132654,2.2288999282797066,0.1491166588435915,2.566621721599584,0.19621477741218502,2.8690875182777065,0.1258737539182852,22.41391559085382,pdb_mean,0.22192082905266258,1.5496750668211907,0.019452451489068583,-0.3345688460097588,0.01903767284899406,weighted
1I1A,1I1A_A.pdb,1I1A_C.pdb,542.905382248995,2.7164937670917397,0.26707934041078496,1.8701757915503436,0.21910758182021328,1.383038552814923,0.15845975563478065,2.6495586291846758,0.22765872253128355,4.063987708212432,0.36789994354386424,5.999128862493583,0.3963221399290532,5.815861127964315,0.313661016118776,7.422896694826814,0.21563907691843384,10.018142187630453,0.4620715620646635,9.786946804736248,0.34116509744171875,2.351818494818819,0.13481605238389988,1.9676578452385207,0.08217688382385327,1.8970477535503247,0.04829896062166823,2.118232841593967,0.06312579974853558,2.2939473351952673,0.06491074118583116,2.2196454256146936,0.06452417953766006,2.4750855707201764,0.08870307036310349,2.471445949395814,0.09641905660890579,3.068514040820899,0.13974791885900797,2.9144853339636394,0.09502125718198284,22.41391559085382,pdb_mean,0.22192082905266258,1.5533739519801373,0.017530444020755518,-0.3783890469728601,0.016629812544665064,normal
1I1D,1I1D_B.pdb,1I1D_C.pdb,544.2345832930005,3.773502831583591,0.27995317865567987,2.849859751499227,0.2499622507071507,4.884349869710706,0.663901765527545,5.767759454417436,0.7277605708131205,5.566917787103501,0.6771030096659162,7.267720797370641,0.7024376216453978,6.506204571111339,0.5174029799741038,5.780754557666855,0.7333498635984642,4.438878957220846,0.29756982389002773,38.717402106276346,0.7025253360412357,1.7637157610153,0.04711638803061411,2.046469238904676,0.054131605773531495,2.0408886885649027,0.07585714575991521,2.108489569446497,0.07948411923497951,2.4086280848049686,0.10490945876321141,2.266933159150209,0.08944021425133179,2.4112903930343546,0.09827308749997828,3.1666410337687396,0.14247081466740155,3.600920021652927,0.11688089541842574,3.629822917773733,0.05976051019584939,16.15828979460229,pdb_mean,0.3884711617975279,1.5567252857150014,0.016211987551421836,-0.06980879254452903,0.022552013996158537,weighted
1I1D,1I1D_B.pdb,1I1D_C.pdb,544.2345832930005,4.089969267495626,0.24059896787567778,3.295708278031276,0.25179396090583206,5.749552455736341,0.6378743060276568,6.618638987632398,0.6497937890568768,6.487485282139552,0.6146740713419001,7.836675415545029,0.6550203273998385,6.38923291534182,0.5151397487503292,4.0379772140568235,0.363938055262515,4.4621877358821544,0.2721922638177864,38.24708415842771,0.589777691281051,1.7976078703928948,0.04560958136965,2.088679577902843,0.051422883008864974,2.1307278580912126,0.07138691154819626,2.215046163259302,0.06673637255979248,2.5416404249900144,0.08941929594698769,2.3758537488517106,0.08404856380192287,2.419492076976877,0.09983774353004565,3.0353068255944584,0.11339220150503863,3.2993456361553974,0.08120497432189591,3.670085579798749,0.05615818400723227,16.15828979460229,pdb_mean,0.3884711617975279,1.5580112480679154,0.013391978986225038,-0.111380951,0.018897010240950054,normal
1I2M,1I2M_A.pdb,1I2M_B.pdb,575.9271988059918,2.606711200567827,0.22677055658980236,3.5373852383367996,0.3368784366764894,2.8559800696574906,0.2457345618880118,3.2898589380298175,0.291115205526579,2.8681867850685863,0.21921637037068167,3.4269150545889704,0.2550031769667704,4.619290270449231,0.24250841953767727,6.270446554588544,0.2489926358005921,5.616401141686877,0.16048812003564797,5.314143844970475,0.07029694431743123,2.5586402181267207,0.07115040582849183,1.8734172414054282,0.049947313136851815,1.8006738372371909,0.04745297991542171,1.954783229711138,0.055985344112538804,2.252829212605455,0.06765265232502608,2.050288796883022,0.07468746839204139,2.1386927507049966,0.07637589665798328,2.074233675736616,0.10422649837413453,1.9794421227148113,0.12526040021179652,1.5609772289543662,0.07093647874133648,17.702950713231324,pdb_mean,0.12610691634799548,1.5902450893412463,0.018626122313870296,-0.3052226754688867,0.020520184800152615,weighted
1I2M,1I2M_A.pdb,1I2M_B.pdb,575.9271988059918,2.718929878514755,0.20466080748003815,3.652875270683211,0.3417285829608566,3.0502860928800213,0.2500374483383293,3.5568581253120515,0.31133268146712684,2.8222997722554033,0.21810582353034383,3.1830497508591065,0.242937889421813,4.695462060455577,0.23838760621346192,6.062152270502867,0.24985891896474627,5.321329462629983,0.1018110663621542,5.246216497444814,0.0678749845287986,2.596826217273429,0.0651512262725196,1.9078700036383223,0.05082272275750808,1.833876594381755,0.04811332191152371,1.9945700266350577,0.05583796291781222,2.2775909709142894,0.06708974783043477,2.114597063207216,0.0713622031614646,2.159571795140412,0.0754358363023963,2.245761354057582,0.10206362604455069,1.833836057283979,0.09097150949317298,1.6320698143123622,0.06702079094959347,17.702950713231324,pdb_mean,0.12610691634799548,1.6423990330094957,0.015540557263078215,-0.38479709136546186,0.015899373078426458,normal
1I3O,1I3O_D.pdb,1I3O_F.pdb,464.247639631998,4.951740803263241,0.6745185182900355,6.307300305237701,0.5970387312689743,4.627617545271069,0.466148195148156,4.272161570778939,0.4277013822956577,4.518842463221539,0.3806216743712545,4.4827799815503555,0.3148471100000518,4.477134228631738,0.33898242798381967,4.462740445879555,0.34617792262127955,3.9731403675990573,0.2316091054365823,5.671100343739761,0.356957618177352,1.912648035246695,0.07589388198378044,2.2322431406945404,0.08973815963268882,2.5179090101077004,0.10470270505122842,2.425872333025056,0.1070062506100769,2.258734617052346,0.11034466682149817,2.2341327715094024,0.06586949179576142,2.3323705509401247,0.07114651319649924,2.3119242581618384,0.07248182010392377,2.4817574898410015,0.03528954747485016,2.3429167703646825,0.05774791512695904,17.9691793265879,pdb_mean,0.5330327298070774,1.6330426034666123,0.016233826949770606,-0.16648202823436858,0.02164316166695948,weighted
1I3O,1I3O_D.pdb,1I3O_F.pdb,464.247639631998,4.801459748746365,0.4055397921808733,5.831227479682566,0.48062796748970193,5.2117537402589775,0.41592690561820717,5.13727911771031,0.39810571836806,4.999895843941083,0.37329667230359304,4.697914196014077,0.3150079867015305,4.877970517162123,0.31911369991225347,3.892778285850564,0.299047254757308,3.6588620371635274,0.20045298481501378,5.387687646242739,0.23981584825132005,2.0534476289032786,0.052126159718117696,2.2376207899225062,0.07767756829178503,2.67779518418167,0.08981864613506789,2.5976530330994847,0.09206023593709652,2.5648147450359637,0.09920538736711869,2.3622014928884587,0.06428825825457764,2.2294233666947303,0.0660786239099019,2.547775706698484,0.06029626533903611,2.541339035401915,0.02951575372200919,2.2520940179830267,0.0489897833315011,17.9691793265879,pdb_mean,0.5330327298070774,1.6471057943812843,0.013432020740188271,-0.21921821247357293,0.018950132426729712,normal
1I50,1I50_B.pdb,1I50_J.pdb,607.6019417030038,1.7230456739612616,0.09539579406106655,1.9803118661185675,0.19188967965637302,2.311743756254691,0.21789871252257215,3.5226078800237177,0.2914949362901878,3.022213349930441,0.2689317753265046,4.001557460038733,0.2923353342017515,4.4660558810182724,0.24878326759729855,7.2099051947608155,0.46507363805202384,20.84862669990701,2.345053986996753,7.2813996987964025,0.3674441568911664,1.6558191251294443,0.02991830689309722,1.7171743824681194,0.050855670307036006,1.8189751200551474,0.05305644301405663,1.6997193360518563,0.05435457032635668,1.8430436045390177,0.06262797770599224,2.2037620710106625,0.08413038204018307,2.501999820985425,0.09925054305017163,3.000812160660978,0.1084198803225126,2.5028783827091625,0.0933264000699671,3.0601600754775506,0.06958521569501609,25.246369642757642,pdb_mean,0.14192277354839522,1.3739432825199072,0.01674091660126943,-0.19641001008362424,0.021055715139557837,weighted
1I50,1I50_B.pdb,1I50_J.pdb,607.6019417030038,1.6027066585165601,0.08990226998778375,1.9457945210963021,0.17186132716367786,2.4224851599744786,0.22252465916477257,3.5858643569496254,0.2865570901138687,2.7308363139684064,0.24770700528606843,3.846926288353274,0.283269288875382,4.370192053735143,0.2561489241597239,6.989458960065119,0.42602569403195395,14.303824131060807,1.753719720150651,6.4490374286841,0.26329622165479855,1.6866921283246397,0.02870592336515055,1.686546424525713,0.045072584206149215,1.8431562373510115,0.05376260158000581,1.7223342531562091,0.05532223061854115,1.8204855943581528,0.058242761932197615,2.1360429671081356,0.07873297976290108,2.588507779295378,0.099821711476762,3.1063523169916856,0.1030552666015446,2.4791066775597908,0.08417722799713494,3.20415153419204,0.059787205617328046,25.246369642757642,pdb_mean,0.14192277354839522,1.3908039922581332,0.014825510888060927,-0.29068181400000004,0.018337023436998723,normal
1I6O,1I6O_A.pdb,1I6O_B.pdb,560.1018944370007,13.346367724280086,1.1893730006945782,9.822483919219819,1.5193666968088175,7.557246912460345,1.2111895851609182,7.486943584349701,1.0350526646873084,8.071192467932615,1.0620382509435642,7.694575068853891,0.8784040458375705,6.868514790098807,0.7405100858415381,8.176935829293727,1.039257558267323,5.235059273892892,0.34273154085750007,24.276329267465552,1.2062653690834966,1.6288095079896285,0.04619423408852954,1.4711193289523914,0.061603947853210425,1.6152259087680159,0.09985866910083807,1.8801988891932768,0.08821803307178151,2.0648576120262545,0.09126317486328114,2.1329233806842347,0.111801526339605,2.1570706804139026,0.08282393038305118,1.973694420648595,0.09906215645043637,2.205826206184059,0.05528993071973151,2.3486993595607046,0.09057361757873307,19.18517273549374,pdb_mean,0.7188330212903901,1.5309099711492327,0.0181559036811522,-0.17607577937925017,0.02210103919817183,weighted
1I6O,1I6O_A.pdb,1I6O_B.pdb,560.1018944370007,13.980803911276153,1.0681940505548904,15.041138188052589,1.305870329262265,10.628274385605277,1.0373680028691041,10.131493880480784,0.8824465792614911,9.980994179810153,0.8899009503536683,9.434230408355614,0.806708899545957,7.138043166971946,0.736183767931698,6.0309604864075,0.584785787521193,5.497784366311579,0.3446549111696122,21.815707990588063,1.080670155479162,1.6974619224093874,0.04064077238957025,1.6523561505828865,0.052887971814048494,1.900178144166228,0.07562445143162613,2.1117102088465027,0.07599630285029856,2.273475933159078,0.07595464515151296,2.380244615326739,0.10780134105408297,2.214664254993873,0.08340592065500495,1.907144695146971,0.06416612775210881,2.220388453152036,0.053962696897407215,2.373401443964196,0.08451930232302943,19.18517273549374,pdb_mean,0.7188330212903901,1.518072950158884,0.015186153122567415,-0.11165830000000002,0.01897962480093572,normal
